frame_id,left_shoulder_x,left_shoulder_y,left_shoulder_visibility,right_shoulder_x,right_shoulder_y,right_shoulder_visibility,left_hip_x,left_hip_y,left_hip_visibility,right_hip_x,right_hip_y,right_hip_visibility,fps,low_visibility
0,0.49230332601638077,0.5154567190579007,0.0,0.4969783120212101,0.5327968696753186,0.0,0.42992419501145707,0.6214077472686771,0.0,0.4271562134935744,0.6294737500803814,0.0,59.784900885702235,1
1,0.49239461762564535,0.5155758602278575,0.0,0.4966415230716979,0.5328060090541841,0.0,0.43064950406551383,0.6215803623199466,0.0,0.42755698944841125,0.6295513723577775,0.0,59.784900885702235,1
2,0.49242885197911956,0.5156205381665914,0.0,0.4965152272156308,0.5328094363212587,0.0,0.4309214949607851,0.6216450929641727,0.0,0.42770728043147505,0.629580480711801,0.0,59.784900885702235,1
3,0.4924060290768037,0.5155907528741023,0.0,0.49659942445300914,0.5328071514765426,0.0,0.4307401676972711,0.6216019392013554,0.0,0.42760708644276607,0.6295610751424522,0.0,59.784900885702235,1
4,0.4923432313260582,0.5155489501498998,0.0,0.49672932142303144,0.5327963346526741,0.0,0.43035250902175937,0.6215535175232665,0.0,0.4273471633593245,0.6295648075285416,0.0,59.784900885702235,1
5,0.4922322276092715,0.5152331391970321,0.9993818998336792,0.49733651110104193,0.5327869965916592,0.9997324347496033,0.4291263307843893,0.6212198677517125,0.9956250786781311,0.4266755680243178,0.6293807512237917,0.9963099360466003,59.784900885702235,0
6,0.4920033940247131,0.5149684264546353,0.9994024634361267,0.49837867277009185,0.5327768524487817,0.9997564554214478,0.42720923679215606,0.6208083175477532,0.9959819316864014,0.42588121124676326,0.6291593966029945,0.9966371059417725,59.784900885702235,0
7,0.49174137058712225,0.5147844921974913,0.9994231462478638,0.49963554456120485,0.5327765317190265,0.99977707862854,0.4253398960544953,0.6198361090251383,0.9963080883026123,0.42527644549097365,0.6285569383984526,0.9969244003295898,59.784900885702235,0
8,0.4915397635528023,0.5147558223633544,0.9994470477104187,0.5006433540866493,0.5328378052938556,0.9997965097427368,0.42406741636140044,0.6186789785112659,0.9966352581977844,0.42462911066554876,0.6277858132407783,0.9972034692764282,59.784900885702235,0
9,0.49149800482250433,0.515345102264768,0.9994755983352661,0.5009709185078035,0.5328810016314193,0.9998148083686829,0.4240350297519142,0.6177318663824178,0.9969337582588196,0.42435802732195205,0.6271123460360941,0.9974585175514221,59.784900885702235,0
10,0.49146877584003307,0.5161072611808781,0.9994913935661316,0.5009760147049317,0.5330520130339127,0.9998284578323364,0.4242204924424493,0.6169964841433939,0.9971821308135986,0.42396134705770616,0.6266436548460103,0.9976698756217957,59.784900885702235,0
11,0.4914382185254782,0.5168720852761046,0.9995010495185852,0.5008637167158585,0.5333364719436287,0.9998406767845154,0.4244863887627923,0.6166158063071119,0.9973798394203186,0.42361226252147166,0.6265929681914199,0.9978505969047546,59.784900885702235,0
12,0.49130132226716944,0.5176043964567643,0.9995158314704895,0.5007359754471556,0.533575622808366,0.9998530745506287,0.4245957434177402,0.6166002097583958,0.9975813627243042,0.423541279066177,0.6269908235186628,0.9980298280715942,59.784900885702235,0
13,0.49111374786921946,0.5182462249483385,0.9995241761207581,0.5005257441883999,0.5335297442617875,0.9998637437820435,0.4247283438841505,0.6165506811369038,0.9977663159370422,0.423764758166813,0.6273075171879365,0.9981944561004639,59.784900885702235,0
14,0.49098005748930473,0.5189500053723657,0.9995334148406982,0.5001521408557896,0.5332239497275584,0.9998728632926941,0.42479798907325417,0.6166128913561508,0.9979028105735779,0.4237299433776314,0.6275039485522684,0.9983175992965698,59.784900885702235,0
15,0.4908701805841359,0.5200563811120538,0.9995311498641968,0.4997058752037234,0.5327168476013915,0.9998796582221985,0.42472349320139235,0.616838858241127,0.9980245232582092,0.423644996824719,0.6275858283042912,0.9984248876571655,59.784900885702235,0
16,0.4910294654823489,0.5210640742665249,0.9995436072349548,0.4991262455781305,0.5322731932004298,0.9998875856399536,0.4248480896155043,0.6168211216018318,0.9981781244277954,0.42355355478468426,0.6274206042289738,0.9985488653182983,59.784900885702235,0
17,0.49142127519562173,0.5217700487091432,0.9995463490486145,0.49864438601902594,0.5319873463539855,0.9998928308486938,0.4253017859799525,0.6165039851551969,0.9983001947402954,0.42348193696567027,0.6271642985798069,0.9986497163772583,59.784900885702235,0
18,0.49192105446543055,0.5219170167332607,0.999561607837677,0.4982569955644157,0.5318270070212232,0.9998992085456848,0.4259469026610968,0.6158624773933778,0.9984237551689148,0.4234885843027209,0.626833367915381,0.998745858669281,59.784900885702235,0
19,0.4923521776994073,0.5217198275384454,0.9995636940002441,0.49782709706397327,0.5314150480997,0.9999043941497803,0.4265799451441995,0.6152678273973016,0.9985179901123047,0.4235336823122845,0.6264833609263107,0.9988278746604919,59.784900885702235,0
20,0.49260203611283115,0.5214664510318215,0.9995645880699158,0.49746803442637166,0.5308437177113129,0.9999086260795593,0.4270097315311435,0.614770148481642,0.9986187219619751,0.42351494942392653,0.6261788578260518,0.9989064931869507,59.784900885702235,0
21,0.492696895485833,0.5213703286080138,0.9995691180229187,0.4972273579665597,0.530166782083966,0.9999122023582458,0.4270416129203073,0.6146466504959838,0.998708188533783,0.4234645125411809,0.6260203662372776,0.9989763498306274,59.784900885702235,0
22,0.49282469919749705,0.5213586460976378,0.9995775818824768,0.49698026123501043,0.5295172135035201,0.9999167323112488,0.42697953610193196,0.6145758486929399,0.998792290687561,0.4233936355227519,0.6258881262370524,0.9990482330322266,59.784900885702235,0
23,0.49316190396036463,0.5214042010761447,0.999567449092865,0.49675726322900726,0.5289984089987623,0.999919593334198,0.4270368715127313,0.6145820447376802,0.9988409876823425,0.42333279621033476,0.6256934461139503,0.9991024136543274,59.784900885702235,0
24,0.4936053483259114,0.5214259510948549,0.9995481967926025,0.49655080693108733,0.5287043736094524,0.9999210238456726,0.427152779840288,0.6145210606711256,0.9988628029823303,0.4233024943442575,0.6255056716146928,0.9991322159767151,59.784900885702235,0
25,0.4940239389737451,0.5213435093561812,0.9995368123054504,0.4963501663435077,0.5282941687674754,0.9999228119850159,0.42726504944619714,0.6143748589924408,0.9989027380943298,0.4232939652034218,0.6252837521689284,0.9991734623908997,59.784900885702235,0
26,0.4942848994618374,0.5211435215813778,0.999532163143158,0.49624239546912097,0.5278552146185016,0.9999248385429382,0.4273171524206801,0.6141350070635483,0.9989506602287292,0.4232813247612548,0.6250980808621367,0.9992100596427917,59.784900885702235,0
27,0.4944549600283309,0.5208822744233272,0.9995352625846863,0.49621542294820187,0.5273843322481432,0.9999276995658875,0.427392083974112,0.6138301974251161,0.9990076422691345,0.4232729219254997,0.6249381360553565,0.9992544054985046,59.784900885702235,0
28,0.4944387574990594,0.5204880436261499,0.9995520710945129,0.4962568027632581,0.5270154476165776,0.9999312162399292,0.4275272956916268,0.6134537600335626,0.999082624912262,0.4232707477751235,0.6247624158859257,0.9993088245391846,59.784900885702235,0
29,0.49441844934508955,0.5201257779484707,0.9995572566986084,0.4962455275512881,0.526656377883185,0.9999326467514038,0.42776748538017306,0.6131736721311302,0.999141275882721,0.4232748860404608,0.6244607000123892,0.9993506073951721,59.784900885702235,0
30,0.49438782533009884,0.51977874267669,0.9995701909065247,0.49625644087791476,0.5264228582382207,0.9999346137046814,0.42801381008965667,0.612882256507874,0.9992027878761292,0.42327531178792355,0.6240705762590686,0.999391496181488,59.784900885702235,0
31,0.49436751859528716,0.5194924956276308,0.9995801448822021,0.4963305535770602,0.5261339602016272,0.9999366998672485,0.42814994993664,0.6126687384787064,0.9992563724517822,0.4232581484885446,0.6236572975204109,0.9994288086891174,59.784900885702235,0
32,0.4943450561591561,0.5193866207486111,0.9995947480201721,0.496478568939936,0.5261152273132692,0.99993896484375,0.4280932645003004,0.6127049355279837,0.9993081092834473,0.4232320047560196,0.6233649963424324,0.9994670748710632,59.784900885702235,0
33,0.4943686837241767,0.5194493702479775,0.999599814414978,0.4966648448081248,0.5263542447771349,0.9999404549598694,0.4279799092383615,0.6128637762296772,0.9993504285812378,0.42320072367077816,0.6232357337361296,0.9994988441467285,59.784900885702235,0
34,0.49437561063539454,0.5194797941616608,0.9996119141578674,0.49698776432446107,0.5267916406903952,0.9999426603317261,0.4278689296472644,0.6129826505978908,0.9993940591812134,0.42321583202907054,0.6232155987194611,0.9995352029800415,59.784900885702235,0
35,0.4944908505394349,0.5195905963579818,0.9996254444122314,0.4973005240871797,0.5271269508770537,0.9999454021453857,0.42784414546830346,0.6130931774775192,0.9994331002235413,0.42328799622399504,0.6231981941631868,0.9995713233947754,59.784900885702235,0
36,0.49476063677242865,0.5197817825135735,0.9996403455734253,0.49761398207573704,0.5273962702069968,0.9999483227729797,0.4279093103749415,0.6131939036505567,0.9994703531265259,0.42338430313836994,0.6231727656863989,0.9996037483215332,59.784900885702235,0
37,0.4950668300901145,0.5199843588329501,0.9996376037597656,0.49785643815994307,0.527463895933969,0.9999493360519409,0.4279640146664214,0.6132445221855531,0.9994815587997437,0.42345234609785565,0.6231138138543997,0.9996216893196106,59.784900885702235,0
38,0.4953628395284929,0.5202347522690187,0.9996395707130432,0.4980126236166277,0.5276547755513876,0.9999507069587708,0.4281398455301924,0.6133920011066261,0.9994979500770569,0.423610315436409,0.6230930402165372,0.9996424913406372,59.784900885702235,0
39,0.49568574059577253,0.5204302782104133,0.9996417760848999,0.4981420465878082,0.5278304644993378,0.9999518990516663,0.4284281773226605,0.6135542903627673,0.9995026588439941,0.4237832441216427,0.6230652162006928,0.9996587038040161,59.784900885702235,0
40,0.4960180620352431,0.5205024310520721,0.9996381402015686,0.498436937729518,0.5281201657794775,0.9999529719352722,0.4287293226945972,0.6135849470183968,0.9995086789131165,0.42394200251216013,0.6229368107659481,0.9996758699417114,59.784900885702235,0
41,0.4963982190404624,0.5204889121509738,0.9996357560157776,0.49883577227592507,0.5283488319033672,0.9999532699584961,0.42902694855417556,0.6128529253460117,0.9995149374008179,0.42409365801584187,0.6223899409884504,0.9996863007545471,59.784900885702235,0
42,0.49672416845957484,0.5204892158508305,0.999630868434906,0.49924437346912603,0.5285553023928692,0.9999532699584961,0.4291987404936839,0.6116862921487722,0.9995161294937134,0.4241571227709455,0.6216596790722443,0.9996926784515381,59.784900885702235,0
43,0.49708785045714643,0.520435384341649,0.9996370077133179,0.49958489622388613,0.5286761976423722,0.9999549984931946,0.4292980716342021,0.6105306858108162,0.999535858631134,0.4241699249971484,0.6208779159046359,0.9997116923332214,59.784900885702235,0
44,0.49741717463447976,0.5202518077123737,0.9996398687362671,0.499755924656278,0.5287003176552914,0.999956488609314,0.4294527811663495,0.6091672096933642,0.9995556473731995,0.4242540470191414,0.6196711659431462,0.9997294545173645,59.784900885702235,0
45,0.4977344118413475,0.5196974589711147,0.999631404876709,0.499909368299303,0.5285571700050722,0.9999570846557617,0.42961561821755945,0.6078194067591718,0.9995567798614502,0.42434268196423885,0.618356327215831,0.9997382164001465,59.784900885702235,0
46,0.4979777378695356,0.5189802561487474,0.9996288418769836,0.5001306406089241,0.5285245691026964,0.999957799911499,0.4296828125204362,0.6067049616859077,0.9995639324188232,0.4244093866575336,0.6173295804432466,0.9997506141662598,59.784900885702235,0
47,0.4982156043960938,0.5181988846688048,0.9996276497840881,0.5003949715977627,0.5282271021888374,0.9999586343765259,0.4297846456368768,0.605293268249149,0.9995701909065247,0.4244939855166847,0.6160636345545456,0.9997619390487671,59.784900885702235,0
48,0.4983426573730655,0.5175496652012783,0.9996316432952881,0.5005816292195098,0.5278095858437679,0.999959409236908,0.42984249762126414,0.6042575325284689,0.999569296836853,0.4245400953860513,0.6149902343750004,0.9997702240943909,59.784900885702235,0
49,0.498520835524514,0.5168871879577641,0.9995637536048889,0.500682992594583,0.5272766096251356,0.9999496936798096,0.42995825409889254,0.603961132821583,0.9994961023330688,0.4245739054112211,0.6140598825046,0.9997426867485046,59.784900885702235,0
50,0.49865684906641683,0.51631430217198,0.9995284676551819,0.5006383543922791,0.5267116370655245,0.9999455213546753,0.4300941129525506,0.6038690549986707,0.9994539022445679,0.42463879642032476,0.6130562680108211,0.9997263550758362,59.784900885702235,0
51,0.49875404579298876,0.5157541292054317,0.9994792342185974,0.5005886668250679,0.5262854610170642,0.9999388456344604,0.4302102270580477,0.6039580504099533,0.9994009733200073,0.4247421863533205,0.6124301637922019,0.9997113943099976,59.784900885702235,0
52,0.4987776534897944,0.5155184155418764,0.9994670152664185,0.5005682479767577,0.525955438613892,0.9999398589134216,0.4302277096680236,0.604194785867419,0.9993914365768433,0.4248577115081609,0.6124605337778732,0.9997216463088989,59.784900885702235,0
53,0.49894348496482527,0.5153099809374132,0.9994535446166992,0.5005722528412233,0.5254806535584591,0.9999412298202515,0.43035943167550256,0.6043621159735185,0.9993816018104553,0.4249867555640996,0.6126119948568803,0.999732494354248,59.784900885702235,0
54,0.4991725612254374,0.5151046344212128,0.9994468688964844,0.5006007779212229,0.525064851556506,0.9999436736106873,0.4304979244867964,0.6043501212483365,0.9993698596954346,0.42508023835363873,0.6128101888157078,0.9997425675392151,59.784900885702235,0
55,0.49941544305710606,0.5147604857172289,0.9994360208511353,0.5006393478030254,0.5248234754516969,0.9999446868896484,0.43065106726828106,0.6041511722973419,0.9993696808815002,0.4250777832099373,0.6127792937414992,0.9997532367706299,59.784900885702235,0
56,0.49954296861376124,0.5144379422778179,0.9994100332260132,0.5007128687131976,0.5249089456739884,0.9999426603317261,0.430723458528519,0.6038572334107903,0.9993786215782166,0.4250589523996629,0.6127366735821683,0.9997584819793701,59.784900885702235,0
57,0.49955525852385063,0.5143261409941178,0.9994037747383118,0.5007265806198125,0.5252493336087185,0.9999420642852783,0.43076160833949173,0.6036192746389485,0.9993953108787537,0.42505751337323905,0.6126748607272199,0.9997671842575073,59.784900885702235,0
58,0.4994963251409081,0.5144253174463912,0.9994007349014282,0.500647516477676,0.5256481936999734,0.9999417662620544,0.4307782536461243,0.6035207141013377,0.9994146823883057,0.42505561879703013,0.6125768678528927,0.9997764825820923,59.784900885702235,0
59,0.49943739885375654,0.5141148879414518,0.9993768930435181,0.5005506390617012,0.5255469566299806,0.9999398589134216,0.4308562803836099,0.6034753180685501,0.9994227886199951,0.42508151985350145,0.612407851786841,0.9997823238372803,59.784900885702235,0
60,0.4993722069831126,0.5132649398985367,0.9993707537651062,0.5004797833306454,0.5250706161771506,0.9999388456344604,0.4309493885153819,0.6031207726115277,0.9994304180145264,0.425123465912683,0.6121327394530891,0.9997855424880981,59.784900885702235,0
61,0.49940330783526143,0.5122649925095698,0.9993512034416199,0.500213103634971,0.5245606956027807,0.9999390840530396,0.4316404490243824,0.6025649252392002,0.9994323253631592,0.42516249276342877,0.6115466242744814,0.9997918605804443,59.784900885702235,0
62,0.4995739786397847,0.5114101994605296,0.9993080496788025,0.499865354526611,0.5237106737636389,0.9999368190765381,0.4326811773436413,0.6020463591530214,0.9993853569030762,0.42519990461213286,0.6108875530106685,0.9997801184654236,59.784900885702235,0
63,0.4998197498775668,0.5110339210146954,0.9992436170578003,0.4994144950594225,0.5226585779871264,0.999931812286377,0.43374164899190304,0.6017522669973832,0.9993733167648315,0.42519505818684933,0.6103015485264012,0.9997822046279907,59.784900885702235,0
64,0.5000590497539161,0.5110935795874827,0.9992043972015381,0.499000701166335,0.5216193653288346,0.9999266862869263,0.43448458966754766,0.6017227513449537,0.9993615746498108,0.42519676685333285,0.6098449088278276,0.9997767806053162,59.784900885702235,0
65,0.500235205604917,0.511385920501891,0.999176025390625,0.49877310366857663,0.5204562544822697,0.9999245405197144,0.43469189178376005,0.6019567024140136,0.9993571639060974,0.425132071688062,0.6096235513687138,0.999775767326355,59.784900885702235,0
66,0.5002812856719612,0.511129288446336,0.9991618990898132,0.49877176965986014,0.5196904171080821,0.9999244809150696,0.4346334182080772,0.601836706910815,0.9993443489074707,0.42537366208576055,0.6094056651705793,0.9997761845588684,59.784900885702235,0
67,0.5002196431159978,0.5106021733511066,0.9991599321365356,0.498757294246129,0.5194628607659117,0.9999239444732666,0.43462294907796983,0.6015612852005736,0.9993516802787781,0.4258080508027762,0.6090209086736048,0.9997748136520386,59.784900885702235,0
68,0.5001705799783983,0.5099472999572758,0.9991605281829834,0.498788850648063,0.5193201189949403,0.999924898147583,0.43454688929376184,0.6014444799650287,0.9993792772293091,0.42625476207051993,0.6087385870161516,0.9997894167900085,59.784900885702235,0
69,0.5001428184055151,0.5094394825753715,0.9991339445114136,0.4987805826323377,0.519216032255264,0.9999235272407532,0.43432228621982427,0.6015961056663881,0.9993273615837097,0.4264783050332754,0.6086222501028157,0.9997742176055908,59.784900885702235,0
70,0.500135149274554,0.5089418888092045,0.9990956783294678,0.49876269272395585,0.519041546753475,0.9999203681945801,0.43397816164153,0.6018698016802475,0.9992629289627075,0.4264472311451325,0.6086655855178837,0.9997508525848389,59.784900885702235,0
71,0.5001532548949836,0.5086065644309639,0.999036431312561,0.49871387935820116,0.5188830863861815,0.9999133348464966,0.4335719233467469,0.602061529954275,0.9991480112075806,0.4260490848904568,0.6087781190872197,0.9996850490570068,59.784900885702235,0
72,0.5002080627850127,0.5081263581911727,0.9989908337593079,0.49852684707868705,0.5187250631196163,0.9999065399169922,0.43370863511448854,0.6018637958027072,0.9990444183349609,0.4257694738251826,0.6087322064808443,0.9996193051338196,59.784900885702235,0
73,0.5002649908974061,0.5077262747855418,0.9989672303199768,0.498277896926517,0.5184613040515359,0.9999024271965027,0.4341457259087339,0.6015145721889683,0.9989702701568604,0.42559684458233094,0.6085415539287391,0.9995773434638977,59.784900885702235,0
74,0.500216650111335,0.5074907512891864,0.9988687038421631,0.49802384915806036,0.5183809030623667,0.9998946189880371,0.4346896268072586,0.6013643287477044,0.9989088773727417,0.42555414495014043,0.6085816394715087,0.9995640516281128,59.784900885702235,0
75,0.5001341771511809,0.5075839899835137,0.9988319277763367,0.497705744845527,0.5184798723175417,0.9998912811279297,0.4352327670369833,0.6014855901400253,0.9989049434661865,0.4255783032803312,0.6087822885740376,0.9995728135108948,59.784900885702235,0
76,0.5000499330815819,0.5076793290319901,0.9988143444061279,0.4974126986094887,0.5187122197378253,0.9998897314071655,0.435605693431128,0.6016452936899099,0.9988972544670105,0.42564353204908856,0.6090695801235385,0.9995724558830261,59.784900885702235,0
77,0.4998646052110767,0.5077481383369087,0.9988014698028564,0.4971928113982795,0.5189936700321384,0.9998893737792969,0.4355458163079765,0.6017229755719508,0.9988874197006226,0.42565717299779293,0.609326927434831,0.9995740056037903,59.784900885702235,0
78,0.4996996493566608,0.5078051572754273,0.9988027811050415,0.4969688426880613,0.5191244397844591,0.9998905658721924,0.4355625751472658,0.6018083578064333,0.998898446559906,0.4257008901664192,0.6093987822532658,0.9995826482772827,59.784900885702235,0
79,0.4996230729988647,0.5078169873782571,0.9987848997116089,0.4968296644233526,0.5190933006150387,0.9998891353607178,0.4355089196137023,0.6017189905757001,0.9988830089569092,0.4258315137454445,0.6092399472282051,0.9995817542076111,59.784900885702235,0
80,0.49955888873054904,0.5077735072090517,0.9987810254096985,0.4967803061008457,0.5191659700302855,0.9998869895935059,0.4355826576550805,0.6015453735987351,0.9989162087440491,0.42600642641385433,0.6091416591689705,0.9995934963226318,59.784900885702235,0
81,0.49958814751534275,0.5077461770602638,0.9987669587135315,0.4967347128050672,0.5193512751942593,0.9998834133148193,0.4358909697759723,0.6013227701187138,0.9989458322525024,0.4261635243892673,0.6090597765786312,0.9996035099029541,59.784900885702235,0
82,0.4998072641236445,0.5077381701696491,0.9987714290618896,0.4966382242384415,0.5195523131461375,0.999881386756897,0.4363946006411602,0.601093207086836,0.9989824295043945,0.4262293577194217,0.6090071343240289,0.9996085166931152,59.784900885702235,0
83,0.49999080243564825,0.5077441107659117,0.9987601041793823,0.49652837713559506,0.5198026157560807,0.9998792409896851,0.43678067553611066,0.6009584636915302,0.9990036487579346,0.42621862036841296,0.6090315353302733,0.9996102452278137,59.784900885702235,0
84,0.5002057566529232,0.5077418684959416,0.99873948097229,0.49642397534279636,0.5199833512306218,0.9998748302459717,0.43725438628877944,0.6008795528184805,0.9989997744560242,0.4262729329722272,0.6089927610896888,0.9995989203453064,59.784900885702235,0
85,0.5003658916269034,0.5077395240465803,0.998737096786499,0.4963531863121764,0.5200987912359696,0.9998748302459717,0.4373895100184853,0.6007016244388768,0.9990013837814331,0.4264131259350553,0.6089441549210326,0.9996026754379272,59.784900885702235,0
86,0.5004862263089138,0.5077292408261984,0.9987336993217468,0.4963088773545769,0.5202430458295917,0.999876081943512,0.43748802372387513,0.6004499821435842,0.9989944100379944,0.4265846808751428,0.6088905135790512,0.9996010065078735,59.784900885702235,0
87,0.5006295811562316,0.5077266011919298,0.9987488389015198,0.49627738765307877,0.5205988742056351,0.9998793005943298,0.43797429260753484,0.6001201669375107,0.9990151524543762,0.42684372833796946,0.608816178072067,0.9996123313903809,59.784900885702235,0
88,0.5007886659531371,0.5077141353062224,0.9987311959266663,0.4962107723667512,0.5210612331117906,0.9998781085014343,0.4385082466261731,0.5997909988675804,0.9990261197090149,0.4268820030348645,0.6087383344059903,0.9996181130409241,59.784900885702235,0
89,0.5008453386170528,0.5076867739359542,0.9986804723739624,0.4961429876940595,0.5215748236292889,0.9998751878738403,0.438834688493184,0.5995256758871537,0.9989871382713318,0.42664309342702267,0.608697544960749,0.9996219277381897,59.784900885702235,0
90,0.5008034620966234,0.5076566196623307,0.998722493648529,0.4960852889787587,0.5220729509989425,0.9998795390129089,0.43893326322237686,0.5993706839425228,0.9990094304084778,0.4262834489345554,0.6086824706622538,0.9996300935745239,59.784900885702235,0
91,0.5006604194641118,0.5076259800365996,0.9987576603889465,0.4960377741427653,0.5224415801820306,0.9998827576637268,0.4386833778449471,0.5993151636350728,0.9990347027778625,0.4259028988225123,0.6087317182904203,0.9996365904808044,59.784900885702235,0
92,0.5005219465210329,0.5076217566217699,0.9987867474555969,0.4959780517078585,0.5226893595286782,0.9998846650123596,0.438283585366749,0.5993371038209829,0.9990617632865906,0.4256338477134708,0.608812326476688,0.9996408224105835,59.784900885702235,0
93,0.5004702806472783,0.5076493734405159,0.9988003969192505,0.4959109879675369,0.5229786322230389,0.9998850226402283,0.4382184247175856,0.599356231235323,0.999074399471283,0.42564179358028265,0.6088728564126156,0.9996412992477417,59.784900885702235,0
94,0.5004865356854034,0.5077160937445508,0.9988053441047668,0.4958598429248451,0.523222460633233,0.9998841881752014,0.43819120100566356,0.5993627054350721,0.9990753531455994,0.42569058849698055,0.6089100042978928,0.9996373653411865,59.784900885702235,0
95,0.500564311231886,0.5078032158669975,0.9988214373588562,0.49583044932002157,0.5232894562539605,0.9998841285705566,0.4381802337510249,0.5993685750734243,0.9990803003311157,0.42571190709159523,0.6089191663832897,0.9996355175971985,59.784900885702235,0
96,0.5007322941507616,0.5079110747291933,0.9988362193107605,0.49580873336110837,0.5232900920368381,0.9998846650123596,0.438216491824105,0.5993770531245646,0.9990826845169067,0.4257166641099116,0.6089142248744062,0.9996296167373657,59.784900885702235,0
97,0.5009499021938872,0.5080088490531562,0.9988427758216858,0.495789651359831,0.523236385413579,0.9998845458030701,0.4382963379224145,0.5993950395357046,0.9990742802619934,0.4257256488005324,0.6089129731768659,0.999622642993927,59.784900885702235,0
98,0.5011411394391745,0.508089641729991,0.9988407492637634,0.49577570387295355,0.5231643631344755,0.9998836517333984,0.4383670744441808,0.5994316708473937,0.9990570545196533,0.4257356638000128,0.6089145285742628,0.9996164441108704,59.784900885702235,0
99,0.5012632097516745,0.5081354833784562,0.9988405108451843,0.4957718324093596,0.523160766987574,0.9998831748962402,0.43848645970934946,0.5994463903563367,0.9990480542182922,0.42578067382176754,0.6089104073388241,0.9996142387390137,59.784900885702235,0
100,0.5013160989398052,0.5081935354641509,0.9988448023796082,0.4957440708364763,0.5232128330639434,0.9998829364776611,0.4385842212608886,0.5994297890436087,0.9990593194961548,0.4258261748722625,0.6089080373446152,0.999618411064148,59.784900885702235,0
101,0.5013315478960677,0.508219420909882,0.998833417892456,0.4957039923894977,0.5232838789621993,0.9998816847801208,0.43880253178732775,0.5993291224752159,0.9990445375442505,0.42593790661721037,0.6088977569625496,0.9996191263198853,59.784900885702235,0
102,0.5014410586584186,0.5082024193945389,0.9988237023353577,0.4956245990026569,0.5232690941719786,0.9998786449432373,0.4391061025006434,0.5991779168446864,0.9990255832672119,0.4260734021663669,0.6088745083127709,0.9996138215065002,59.784900885702235,0
103,0.5016277375675386,0.5081539324351724,0.9988235831260681,0.4955061134837927,0.5230846518561958,0.9998760223388672,0.43938376790001316,0.5990369830812732,0.9990410804748535,0.4261692095370523,0.608836105891637,0.9996179938316345,59.784900885702235,0
104,0.5018873129572191,0.5080961301213224,0.9988209009170532,0.49538342725663,0.522692149593717,0.9998734593391418,0.43954386313756344,0.5989725674901694,0.9990527629852295,0.4261752778575537,0.6087916975929628,0.9996170401573181,59.784900885702235,0
105,0.5021676960445589,0.5080625244549346,0.9987860321998596,0.4952909421353117,0.5220513627642681,0.9998669624328613,0.43958286160514504,0.5990109727496198,0.9990183115005493,0.42610579587164416,0.6087380165145515,0.9995977878570557,59.784900885702235,0
106,0.5024302601814274,0.5081120587530594,0.9987604022026062,0.4952252180803394,0.5213924277396433,0.9998606443405151,0.4395191669464115,0.5991315274011526,0.998989999294281,0.425980491297586,0.6086884935696925,0.999573826789856,59.784900885702235,0
107,0.5026355470929831,0.5081586270105275,0.9987382292747498,0.49520229583694864,0.5208133969988146,0.9998568892478943,0.43960809991473276,0.599217071419671,0.9989721775054932,0.42591838467688825,0.6086105931372874,0.9995610117912292,59.784900885702235,0
108,0.5027620309875129,0.5080509583155318,0.9987189769744873,0.49520657317979033,0.5201525830087212,0.9998531341552734,0.43973636343365663,0.5992549005008884,0.9989430904388428,0.42590207854906753,0.6085064524695991,0.9995486736297607,59.784900885702235,0
109,0.5028015460286825,0.5078185683205019,0.9986985325813293,0.49521438564573056,0.5194945221855531,0.999848484992981,0.43987400191170867,0.5992455312183931,0.998943567276001,0.4258983348097124,0.6083526838393443,0.9995409250259399,59.784900885702235,0
110,0.5028273803847181,0.5075188733282547,0.99868243932724,0.4952213962872827,0.518819908301036,0.9998461604118347,0.44000300906953393,0.5992182578359336,0.9989593625068665,0.4258937338987989,0.6081992018790476,0.9995370507240295,59.784900885702235,0
111,0.502806093011584,0.5071769725708738,0.9986648559570312,0.4952316851842975,0.5180708737600421,0.9998435974121094,0.4400383063725066,0.5992155784652351,0.9989730715751648,0.4258812481448767,0.6080676005000165,0.9995359182357788,59.784900885702235,0
112,0.5027229189872746,0.5068412990797138,0.9986393451690674,0.49524851498149725,0.5175202261833922,0.9998406767845154,0.43996941759472835,0.5992291910307752,0.998968243598938,0.4258519964558741,0.6079779778208056,0.999522864818573,59.784900885702235,0
113,0.5026192239352639,0.5065520774750487,0.9986134171485901,0.4952725739706134,0.5171403629439222,0.9998387098312378,0.440006290163313,0.5993365645408635,0.9989631772041321,0.42585908515112775,0.6079040425164364,0.9995133876800537,59.784900885702235,0
114,0.502487713382358,0.5062454342842106,0.9985877275466919,0.4953111991995861,0.5168799814723791,0.9998335838317871,0.4398875094595413,0.5992314418156947,0.9989498853683472,0.4259568310919266,0.6078593872842339,0.9994944334030151,59.784900885702235,0
115,0.5023420963968555,0.5059986653782077,0.9985629320144653,0.495373395227251,0.5167355480648227,0.9998311400413513,0.4393038820652738,0.5987240104448233,0.998920738697052,0.42612466216087375,0.6078363770530342,0.9994789361953735,59.784900885702235,0
116,0.5023520077977865,0.5058761210668659,0.9985538721084595,0.4954205425012683,0.5166592143830804,0.999830961227417,0.439243962367376,0.5982041983377371,0.998907208442688,0.4263350665569309,0.6077264973095491,0.9994773864746094,59.784900885702235,0
117,0.5024476817676004,0.5057683161326821,0.9985504150390625,0.4954608834925156,0.5165638923645024,0.9998331069946289,0.43952912659872184,0.5976368642988663,0.9989209771156311,0.42663012515930937,0.6076434510094784,0.9994866847991943,59.784900885702235,0
118,0.502611631438846,0.5056432854561583,0.998482882976532,0.4954883640720735,0.5164786577224736,0.9998283386230469,0.4399992341086982,0.5968018287704109,0.9988859295845032,0.42692603951408786,0.6073662723813743,0.9994869232177734,59.784900885702235,0
119,0.5026693117050901,0.5055820402644934,0.9984892010688782,0.4954973984332316,0.5163552761077885,0.9998306035995483,0.44063409453346647,0.5962452405974983,0.9989266991615295,0.42716796341396546,0.606982188565391,0.9995130300521851,59.784900885702235,0
120,0.5024588902791345,0.5056118596167796,0.998478889465332,0.4954923362959003,0.5162533975782853,0.9998346567153931,0.4410831956636342,0.5959584741365347,0.9989529848098755,0.42736471125057796,0.6066120039849059,0.9995378255844116,59.784900885702235,0
121,0.501961415722257,0.5057106897944499,0.9984503984451294,0.4955007533232375,0.5161286677633017,0.9998348951339722,0.4406763968013585,0.5957748379026145,0.9989525675773621,0.42746877528372296,0.6063726260548551,0.9995389580726624,59.784900885702235,0
122,0.5014503342764722,0.5058839661734449,0.9984183311462402,0.49549152169908833,0.5160512640362698,0.999834418296814,0.440403311025529,0.595947058427902,0.998950719833374,0.42750854009673744,0.6062531357719789,0.9995404481887817,59.784900885702235,0
123,0.5010776917139693,0.5060381889343266,0.9983952045440674,0.4954792374656318,0.5160141530491061,0.9998325705528259,0.4400978457360044,0.5959659218788151,0.9989356994628906,0.4275861623741335,0.6062361314183196,0.9995333552360535,59.784900885702235,0
124,0.5010065918877016,0.5061461783590775,0.9983429312705994,0.4954604563258947,0.5160019880249391,0.999825656414032,0.4399179901395529,0.595599858533769,0.998909056186676,0.42767642935117123,0.6060872787521003,0.9995155334472656,59.784900885702235,0
125,0.5009964250382927,0.5063101251920068,0.9983259439468384,0.4954375851721995,0.5159886933508377,0.9998196363449097,0.43990047772725455,0.5953129898934142,0.9989247918128967,0.427675294024604,0.6059184812364129,0.9995174407958984,59.784900885702235,0
126,0.5009493004708068,0.5065481378918606,0.9982845783233643,0.4954174714429042,0.515970383371626,0.9998084902763367,0.44013063964389654,0.5952903997330443,0.9988969564437866,0.4275983926795781,0.6057592034339909,0.9994959235191345,59.784900885702235,0
127,0.5007836165882296,0.5067863492738637,0.9982877373695374,0.49541184306144753,0.5159425224576681,0.9998016953468323,0.44024646849859367,0.59547636906306,0.9988662600517273,0.4274792586054124,0.6056645711263026,0.9994676113128662,59.784900885702235,0
128,0.5005385790552416,0.5070001624879388,0.9982693195343018,0.4954247673352563,0.5159185755820506,0.99979567527771,0.44020606222606873,0.5956536503065204,0.9988376498222351,0.4273671436877481,0.605687314555759,0.9994499683380127,59.784900885702235,0
129,0.500398451373691,0.5071400886490236,0.9982846975326538,0.4953796707448509,0.5158222885358905,0.9997952580451965,0.4398897403762458,0.5955127222197402,0.9988336563110352,0.42732230538413674,0.6056206368264703,0.9994415640830994,59.784900885702235,0
130,0.5006583957445058,0.507025383767628,0.9982933402061462,0.4952961107095087,0.5157531443096346,0.9997921586036682,0.44028788521176326,0.5951745453334994,0.9988043904304504,0.42738577723503146,0.6054196556409205,0.9994184374809265,59.784900885702235,0
131,0.5011932338987082,0.5067127517291481,0.998268187046051,0.49521334824107976,0.5159615420159844,0.999785840511322,0.44107667037418946,0.5948127110799158,0.9987850785255432,0.4274872385320213,0.6051734515598847,0.9994112253189087,59.784900885702235,0
132,0.5018487090156196,0.5062167247136438,0.9982997179031372,0.4951534242857074,0.516496788887751,0.9997767806053162,0.44211181146757983,0.594641126337506,0.9988019466400146,0.4276129589194346,0.60494005112421,0.9993975758552551,59.784900885702235,0
133,0.5024507755324958,0.5056896436782115,0.9983285069465637,0.4951323057924002,0.5172830025355025,0.9997655153274536,0.4430645902951562,0.5945441495804564,0.9988201856613159,0.42775963601611944,0.604764927001227,0.9993826150894165,59.784900885702235,0
134,0.5027701712789994,0.5054086304846268,0.9983676075935364,0.49516211804889537,0.5181293714614146,0.9997547268867493,0.44301408955029115,0.594475144431705,0.9988337159156799,0.42784833198501987,0.6048218011856084,0.9993579387664795,59.784900885702235,0
135,0.5028627089091714,0.5053698023160302,0.9983484745025635,0.4951765210855579,0.5187694856098723,0.9997326135635376,0.44190424538794054,0.5943002076376057,0.998811662197113,0.427940347364971,0.605005264282227,0.9993301033973694,59.784900885702235,0
136,0.5029198413803468,0.5055255123547149,0.9983230829238892,0.49517175129481766,0.5190755185626805,0.9997201561927795,0.44117658904620616,0.5941471883228852,0.9987724423408508,0.428036512363525,0.6051861984389174,0.9993024468421936,59.784900885702235,0
137,0.5029168895312722,0.505867597602663,0.9983136057853699,0.49515194978032834,0.5191983325140821,0.9997109174728394,0.44085149112201905,0.5941478950636732,0.9987544417381287,0.4281101581596196,0.6053582287970048,0.9992918372154236,59.784900885702235,0
138,0.5028677923338758,0.5063138462248307,0.9983713626861572,0.4950555860996251,0.5190946204321729,0.9997202157974243,0.44134821920167866,0.5943687075660347,0.9987985491752625,0.42816614820843685,0.6052250322841467,0.9993094205856323,59.784900885702235,0
139,0.5028752883275354,0.5067297901426047,0.9984039068222046,0.4949048189889821,0.5188603543099908,0.9997246265411377,0.44257791837056515,0.594526710964385,0.9988318085670471,0.4282240640549436,0.604771387009394,0.9993211030960083,59.784900885702235,0
140,0.5028943930353442,0.5070901910463973,0.998382031917572,0.4947524822893601,0.5186051527659102,0.9997202157974243,0.4436042181083138,0.5946512307439537,0.9988532662391663,0.42823291534469277,0.6042670749482659,0.9993240833282471,59.784900885702235,0
141,0.502986053625743,0.5072240659168792,0.9983479976654053,0.4946542779604598,0.518427553631011,0.9997152090072632,0.4441631493114293,0.5946037371953333,0.9988773465156555,0.4282443111851105,0.6038133445240208,0.9993407726287842,59.784900885702235,0
142,0.5030455447378617,0.5072274917647956,0.9983660578727722,0.49461818592889006,0.5183418393135075,0.9997155070304871,0.4444180627663934,0.5946223565510346,0.9989070892333984,0.4282416715508419,0.6036164647056947,0.9993554949760437,59.784900885702235,0
143,0.5030496205602377,0.5071833900042946,0.9983941912651062,0.49466573908215516,0.5183320840199792,0.9997179508209229,0.44433061565671683,0.5947617349170509,0.9989328980445862,0.42822394910312866,0.6037269773937413,0.9993723630905151,59.784900885702235,0
144,0.5030252507754739,0.5071738504228142,0.9984309673309326,0.49475707610448244,0.5183011321794423,0.9997246265411377,0.44419103577023494,0.5949901285625644,0.9989550113677979,0.4282184158052721,0.6038895987329034,0.9993852376937866,59.784900885702235,0
145,0.502998877139319,0.5071429014205937,0.9984785318374634,0.49491172177451037,0.5182522450174608,0.9997334480285645,0.4441613611720861,0.5952582132248656,0.998986005783081,0.42823318782306885,0.604058804966155,0.9994073510169983,59.784900885702235,0
146,0.5029647946357731,0.5071635899089636,0.9984910488128662,0.4950799374353322,0.5182015980993002,0.9997351169586182,0.4441395174889341,0.5955984365372435,0.999023973941803,0.428247275806609,0.6041964349292579,0.9994351267814636,59.784900885702235,0
147,0.5029970180420653,0.5072074958256316,0.9984875321388245,0.4952087913240709,0.5181676291284112,0.9997366070747375,0.444059552181335,0.5958764411154253,0.9990614652633667,0.4282570807706746,0.6042827169100449,0.9994620680809021,59.784900885702235,0
148,0.5030564438729064,0.5072864095369978,0.9984763264656067,0.4952591941470196,0.5181649696259276,0.99974125623703,0.4441565800280801,0.5962196872347882,0.9990813136100769,0.42831430974460816,0.6043567998068677,0.9994847178459167,59.784900885702235,0
149,0.5031295617421472,0.5073829860914325,0.9984789490699768,0.49526943621181346,0.5181375003996354,0.9997472763061523,0.4443388510318033,0.5965481372106648,0.9991003274917603,0.4283883145877297,0.6043941520509271,0.9995067119598389,59.784900885702235,0
150,0.5032147367795312,0.5074505039623809,0.9984369277954102,0.49525976890609413,0.5181112715176178,0.9997467398643494,0.44457694178535856,0.5967669997896472,0.9991113543510437,0.42847631800742414,0.6043969676608136,0.9995257258415222,59.784900885702235,0
151,0.5032510416848323,0.5074620814550495,0.9984132051467896,0.49531585971514425,0.5180875034559345,0.9997496604919434,0.44472802536828215,0.5968753950936458,0.9991174340248108,0.4285469864095964,0.6043906495684674,0.999544084072113,59.784900885702235,0
152,0.5032594289098471,0.5074628080640524,0.9984011054039001,0.4954013100692208,0.5180814947400778,0.9997527599334717,0.4450825807594121,0.596964714073,0.9991048574447632,0.42861201791536274,0.604339820998056,0.9995553493499756,59.784900885702235,0
153,0.5031793117523198,0.5074299290066677,0.9984210729598999,0.49553743714378035,0.5181399470283876,0.999763011932373,0.44446059777623165,0.5969313241186601,0.9991043210029602,0.42862607183910584,0.6043731371561691,0.9995717406272888,59.784900885702235,0
154,0.5030936173030311,0.5073825064159578,0.9984277486801147,0.49571571463630354,0.518242818968637,0.9997704029083252,0.44325526697295087,0.5967473274185549,0.9991050958633423,0.4287184022721794,0.6044179229509268,0.9995864033699036,59.784900885702235,0
155,0.5029294348898392,0.5073642106283283,0.9984699487686157,0.4960027620905926,0.51833192507426,0.9997802972793579,0.44188937544822726,0.5967743425142202,0.9991136193275452,0.4288551566146672,0.6045479036512833,0.9995969533920288,59.784900885702235,0
156,0.502647113232386,0.5074251123837066,0.998461902141571,0.49631917618569915,0.5183691694622952,0.999779999256134,0.4408245583375298,0.5970732115563897,0.9991074800491333,0.4290270152546114,0.6047226729847142,0.9995965957641602,59.784900885702235,0
157,0.5022390938940506,0.5075926099504747,0.9984966516494751,0.4966147627149313,0.518362593083155,0.9997856020927429,0.4403215873809091,0.597649440878914,0.9991166591644287,0.4291204540502461,0.6049825350443527,0.9996007680892944,59.784900885702235,0
158,0.5017573776699251,0.5077909571783887,0.9985448122024536,0.4968317051728571,0.5182413231758849,0.9997897148132324,0.44063316924231427,0.5983579073633472,0.9991413950920105,0.42904402244658735,0.6052663638478237,0.999603807926178,59.784900885702235,0
159,0.5012836598214653,0.5080225183850247,0.9985988736152649,0.4969196461495903,0.5181510987735934,0.9997949600219727,0.4405544229916168,0.5989118842851553,0.9991732239723206,0.4287398712975642,0.6055704241707216,0.9996072053909302,59.784900885702235,0
160,0.5011276971726195,0.5081967370850703,0.9986394643783569,0.49688694306782355,0.5181268538747519,0.999800980091095,0.4403902419975829,0.5990461593582521,0.9991843700408936,0.4283816488016223,0.6057784954706833,0.999603271484375,59.784900885702235,0
161,0.5013719456536434,0.5083128923461555,0.998648464679718,0.496834455501466,0.5181346564065846,0.999803364276886,0.44072235623995504,0.5990930738903233,0.9991896748542786,0.4280703663825992,0.6058474353381571,0.9996060132980347,59.784900885702235,0
162,0.501915730181195,0.5083329450516477,0.9986257553100586,0.49674729080427305,0.5182967725254245,0.9998015761375427,0.4419239844594687,0.5990403975759239,0.9991965293884277,0.4280700201079963,0.6057037682760333,0.999609112739563,59.784900885702235,0
163,0.5024688896678746,0.5083112063862032,0.9985620379447937,0.49675993692307285,0.5185865617933731,0.9997963309288025,0.4428235434350517,0.5990001899855482,0.999215304851532,0.4282399032797136,0.6056196207091926,0.9996183514595032,59.784900885702235,0
164,0.5027169414928986,0.5081297613325577,0.9984840154647827,0.49694406844320793,0.5188717359588264,0.9997851252555847,0.4431914531049278,0.5988983086177286,0.9992180466651917,0.4284560268833527,0.6056823106039142,0.9996180534362793,59.784900885702235,0
165,0.5025838698659628,0.5079172792888828,0.9985270500183105,0.4971992032868525,0.5192335815656757,0.999790608882904,0.44235640054657377,0.5987832461084643,0.9992019534111023,0.42853743547485024,0.6059722446260003,0.9996078610420227,59.784900885702235,0
166,0.502330391179948,0.5077597669192727,0.9985753893852234,0.49743846910340483,0.5195535251072478,0.9997990727424622,0.44142260579835835,0.5987132220041189,0.9991955757141113,0.42852955205099963,0.6063741161709745,0.9996066689491272,59.784900885702235,0
167,0.5021668473879499,0.5076920021147959,0.9986048340797424,0.4975838136105314,0.5197171114739922,0.999803900718689,0.4410300410929184,0.5986335249174214,0.9991669058799744,0.42844449622290515,0.6066762237321768,0.9995914101600647,59.784900885702235,0
168,0.5021626551946008,0.5076506932576501,0.9985853433609009,0.49760666347685356,0.5198092460632329,0.9998058676719666,0.44143582241875823,0.5985508901732313,0.9991477131843567,0.42844433727718567,0.6067676884787427,0.9995852112770081,59.784900885702235,0
169,0.5022317937442239,0.507754294645219,0.9985907077789307,0.4976356724898025,0.519826573984964,0.9998090863227844,0.44174052420116644,0.5984665098644443,0.9991142749786377,0.4284215072790785,0.6067730954715189,0.9995696544647217,59.784900885702235,0
170,0.5023117689859303,0.5079236342793423,0.9986139535903931,0.4977165999866672,0.5200229939960302,0.9998154044151306,0.44222880261285,0.5982672288304289,0.9991018176078796,0.4285791204089213,0.6067018310228989,0.9995711445808411,59.784900885702235,0
171,0.5022446399643311,0.5081360283352083,0.9986390471458435,0.4978544939131968,0.5203729357038229,0.9998204112052917,0.4419984760738558,0.5980917073431473,0.9991016983985901,0.4287574532486147,0.6067167094775614,0.9995717406272888,59.784900885702235,0
172,0.5021199215026133,0.5083397939091641,0.9986631274223328,0.4980754213673732,0.5207323318436037,0.9998254776000977,0.4417345367726829,0.5979789353552324,0.9991069436073303,0.4289738095942001,0.6067883202007843,0.9995778799057007,59.784900885702235,0
173,0.5019468693506154,0.5084507749194195,0.998698353767395,0.4984030312015901,0.5209568000975113,0.9998313784599304,0.44129005642164354,0.5978926391828633,0.9990941286087036,0.4291374796912787,0.6069220928918753,0.9995668530464172,59.784900885702235,0
174,0.5017773849623548,0.5084198315938318,0.9987420439720154,0.4987533362138843,0.5210184142703106,0.9998385906219482,0.4408801481837321,0.5978700518608098,0.9991039037704468,0.42931390802065567,0.6070686351685302,0.9995691180229187,59.784900885702235,0
175,0.5016543496222727,0.5084283323515033,0.9987869262695312,0.49906921812466254,0.5210516935303102,0.9998461604118347,0.4406486125219439,0.5978705911409292,0.9991140961647034,0.4294600600288031,0.6071995695432032,0.9995711445808411,59.784900885702235,0
176,0.5016360027449476,0.5086339456694471,0.9988207221031189,0.4992548865931379,0.5213343756539486,0.9998515248298645,0.44117373228073153,0.5978978389785408,0.9991018772125244,0.4298615143412639,0.6072130260013404,0.9995715618133545,59.784900885702235,0
177,0.5016190409660344,0.5089302318436763,0.9988476037979126,0.499353191682271,0.5216752205576219,0.9998562335968018,0.4417436718940738,0.5981289574078157,0.9990929365158081,0.430278369358608,0.6071841546467377,0.9995707273483276,59.784900885702235,0
178,0.5015683713413424,0.5092001443817507,0.9988644123077393,0.49950044211887223,0.521993370283218,0.9998588562011719,0.4417747940335958,0.5980271044231601,0.9990806579589844,0.4306232262225381,0.6071205564907624,0.9995715022087097,59.784900885702235,0
179,0.5014717493738451,0.5093442513829189,0.9988753795623779,0.4998130954447251,0.5221499289785116,0.999860405921936,0.4411745596499674,0.5975693975176135,0.9990337491035461,0.4308154753276283,0.6070482730865483,0.9995495080947876,59.784900885702235,0
180,0.5013825041907178,0.5093338631448296,0.9988852143287659,0.5001898478894011,0.5221722722053532,0.999862790107727,0.4403036165805093,0.5968631761414669,0.9990166425704956,0.43093953104246263,0.6070137279374264,0.9995436668395996,59.784900885702235,0
181,0.5012402477718538,0.5092725441569378,0.998900830745697,0.5006186735062377,0.5221355160077417,0.9998680353164673,0.4391259792305178,0.5962418459710626,0.9990023374557495,0.43094130073274917,0.6071189272971385,0.9995404481887817,59.784900885702235,0
182,0.5011517235210967,0.5092813486144661,0.9989268779754639,0.5009218312445145,0.5221958983512156,0.9998720288276672,0.43858078264054834,0.5955239789826534,0.9990140199661255,0.43103818382535697,0.607018269243695,0.999540388584137,59.784900885702235,0
183,0.501117098899115,0.509380039714632,0.9989378452301025,0.5011052659579689,0.5222697825658893,0.9998753070831299,0.438416021210807,0.5950090714863374,0.999014675617218,0.4311497211456302,0.6067911869003664,0.9995434284210205,59.784900885702235,0
184,0.5010889541535155,0.5095291478293287,0.9989616274833679,0.5013280028388618,0.5224353131793799,0.9998775124549866,0.438264152833394,0.5944458842277531,0.9990476965904236,0.4312935230277837,0.6064978639284775,0.9995609521865845,59.784900885702235,0
185,0.5010335700852535,0.5096669935044793,0.9989768266677856,0.5017156799634301,0.5223970328058519,0.999881386756897,0.43792975658462197,0.5940681837853936,0.9989995360374451,0.4313680487019679,0.6062826883225219,0.9995471835136414,59.784900885702235,0
186,0.5010510058630084,0.5097145069213145,0.9989924430847168,0.5021244315874013,0.5222216901325047,0.9998838305473328,0.43747230796586933,0.5936347757067004,0.9990131258964539,0.4313854887371975,0.6060244015284952,0.9995400309562683,59.784900885702235,0
187,0.5011743278730487,0.5097488193284901,0.9990078210830688,0.5024785172371642,0.5219364223026097,0.9998841881752014,0.4371893916811266,0.5934240931556343,0.9989911913871765,0.4313679663907917,0.6057698613121401,0.9995023608207703,59.784900885702235,0
188,0.5014570525714332,0.5098287747019817,0.9990441203117371,0.502613396871658,0.5216745251700996,0.9998871684074402,0.4373512764771783,0.5930871566136682,0.9990288019180298,0.4313871392181945,0.6053573801403959,0.9995056390762329,59.784900885702235,0
189,0.5017840010779249,0.5099743633043202,0.9990522265434265,0.5026041581517178,0.5216259388696585,0.9998874664306641,0.43779455054374006,0.5927967911674867,0.9990531206130981,0.4314499667712624,0.6049509502592545,0.9995071887969971,59.784900885702235,0
190,0.5020453844751634,0.5100434167044507,0.9990754723548889,0.50275407802491,0.5220249550683163,0.9998902678489685,0.4380359294868654,0.5927157799402878,0.9990740418434143,0.4315031099887125,0.6047793967383253,0.999504029750824,59.784900885702235,0
191,0.5021001270839149,0.5100152492523198,0.9991193413734436,0.5031451384226485,0.5225614820207873,0.9998951554298401,0.43784315955071257,0.5928735676265903,0.9991154670715332,0.4315409702914105,0.6049066640081865,0.9995204210281372,59.784900885702235,0
192,0.5020889696620764,0.5099743036996756,0.999139130115509,0.5036509831746423,0.5232539858136862,0.999899685382843,0.4374310076236728,0.5928469300270085,0.9991220235824585,0.43158927559852633,0.6050511882418683,0.9995331764221191,59.784900885702235,0
193,0.5022755009787427,0.5094738318806606,0.9991520047187805,0.5043069663501925,0.5239457998956958,0.9999021887779236,0.43737561220214516,0.5926916542507359,0.9991210103034973,0.4317106547809786,0.6051392384937836,0.9995394349098206,59.784900885702235,0
194,0.50260470310847,0.5088737294787457,0.9991655349731445,0.5049438561711996,0.5243666512625562,0.9999026656150818,0.4373976162501747,0.5923682195799695,0.9991154670715332,0.43181853918802204,0.6051217544646494,0.9995375275611877,59.784900885702235,0
195,0.5029586383274627,0.5088066997982211,0.9991855621337891,0.505455437160674,0.5248276988665268,0.9999067187309265,0.43706210596220874,0.5926857448759537,0.999106228351593,0.4316189558733081,0.6051663359006251,0.9995443820953369,59.784900885702235,0
196,0.5032193064689641,0.5093224332446148,0.9992212653160095,0.5058409969011947,0.5253044565518701,0.9999099969863892,0.43650599036897964,0.5933071318126866,0.9991476535797119,0.43126461335590943,0.6053959897586283,0.9995591640472412,59.784900885702235,0
197,0.5032451323100503,0.5105086905615674,0.9992535710334778,0.5059995225497659,0.5257553316297989,0.9999157786369324,0.4357619342349828,0.5941177947180617,0.9991938471794128,0.43077503215699003,0.6057946000780383,0.9995934367179871,59.784900885702235,0
198,0.5032135134651552,0.5124116596721471,0.9992506504058838,0.5059450694492889,0.5261270347095676,0.9999168515205383,0.4351842758201421,0.5954798885754181,0.999213695526123,0.43031477502414195,0.6064201196034754,0.999606192111969,59.784900885702235,0
199,0.5032490094502771,0.5138320213272463,0.9992292523384094,0.5059715367498856,0.5265180865923568,0.9999181032180786,0.4349505489780793,0.5969158552941827,0.9992144703865051,0.4300378192038767,0.6072290454592029,0.9996154308319092,59.784900885702235,0
200,0.503374400592986,0.5148652593294784,0.9992074370384216,0.5061095470473884,0.52680858543941,0.9999195337295532,0.4349305487814407,0.5981165482884366,0.9992395639419556,0.4299648858252029,0.6079910170464293,0.9996351599693298,59.784900885702235,0
201,0.5035451423554198,0.5155544167473207,0.9992263913154602,0.5063453486987526,0.5271576415924804,0.9999220967292786,0.43481499382427796,0.5993476055917291,0.999268114566803,0.4300112738495785,0.6086378807113288,0.9996545910835266,59.784900885702235,0
202,0.5036851792108449,0.5161306006567823,0.9992043375968933,0.506586299056099,0.5274298219453725,0.9999224543571472,0.43497688855443717,0.5999046308653699,0.9992754459381104,0.4303128705138255,0.6090092091333303,0.9996717572212219,59.784900885702235,0
203,0.5037761671202527,0.5170383226303832,0.9991764426231384,0.5067439959162762,0.5276397920790177,0.9999216198921204,0.4349832123234162,0.5998931583904089,0.9992660284042358,0.430485471373513,0.609145635650272,0.9996796250343323,59.784900885702235,0
204,0.5038796294303172,0.5181209416616535,0.9991574883460999,0.5067769799913683,0.5277278508458823,0.9999232888221741,0.4349218181201393,0.5998932861146478,0.9992584586143494,0.43040975928306613,0.6090005522682558,0.9996926784515381,59.784900885702235,0
205,0.5039018591245019,0.5189291664532256,0.9991105198860168,0.5067710479100549,0.5276112811906002,0.9999226927757263,0.43471077084541354,0.5998792506399613,0.9992542862892151,0.4300722806226643,0.6088035418873746,0.9997026324272156,59.784900885702235,0
206,0.5039731547946026,0.5193391981579012,0.9991269111633301,0.5067198900949391,0.5273534229823525,0.9999246597290039,0.43465327365057843,0.5998541258630303,0.9992684125900269,0.42960546839804914,0.6084410775275462,0.9997146129608154,59.784900885702235,0
207,0.50405384245373,0.5191460819471454,0.9990814924240112,0.5066732083048143,0.5270058314005538,0.9999203681945801,0.43488069375356075,0.5997634019170495,0.9992357492446899,0.4292799958160949,0.6079735670770923,0.9997093677520752,59.784900885702235,0
208,0.5041036946432935,0.5182832678159082,0.9990891814231873,0.5066335825693044,0.5267307389350169,0.9999211430549622,0.4353142366522838,0.599361394132887,0.9992531538009644,0.42919045402890194,0.6075494005566557,0.9997224807739258,59.784900885702235,0
209,0.5041468569210601,0.5175176972434639,0.9990813732147217,0.50652023156484,0.5266347186906002,0.9999206066131592,0.4356752080576764,0.5989265101296566,0.9992371797561646,0.4292087810380122,0.6073589608782819,0.9997286796569824,59.784900885702235,0
210,0.5041938878241043,0.5166773654165726,0.9990735054016113,0.5063623445374629,0.5267569621404016,0.9999184608459473,0.4359204045363838,0.5983311931292221,0.9991967082023621,0.4292155078479225,0.6071652344294962,0.9997226595878601,59.784900885702235,0
211,0.5041247010231023,0.51535443464915,0.9990556836128235,0.5062250608489631,0.5266909457388382,0.9999160766601562,0.4359402656555179,0.5973486758413774,0.999156653881073,0.4292178466206509,0.6070564928508946,0.9997187852859497,59.784900885702235,0
212,0.5039916350727993,0.5137292061533251,0.9990622401237488,0.5061122576395676,0.526460809367044,0.9999163746833801,0.43597011906760114,0.5962728176798144,0.9991503953933716,0.4292139921869554,0.6068738102912907,0.9997206330299377,59.784900885702235,0
213,0.503764527184623,0.5121132050241747,0.9990710020065308,0.5060745250611083,0.5261733929316207,0.9999169707298279,0.4361155700115934,0.5953377854256408,0.9991399645805359,0.42930457563627367,0.6067056712650123,0.9997221827507019,59.784900885702235,0
214,0.503517241705032,0.5106023975781036,0.9990797638893127,0.505963368075235,0.5254781359717964,0.9999170899391174,0.4360011347702575,0.5947716548329313,0.9991339445114136,0.42923989892005954,0.6065273909341726,0.9997215867042542,59.784900885702235,0
215,0.5032138256799611,0.5099061330159509,0.999090850353241,0.5057723238354641,0.524561152571724,0.9999173879623413,0.4356543904259095,0.5948347506069007,0.9991399049758911,0.4290724311556139,0.6064195207187113,0.9997264742851257,59.784900885702235,0
216,0.5029531660534091,0.5098966445241659,0.9990915060043335,0.5055062373479211,0.5237254557155431,0.9999166131019592,0.43523250307355643,0.5953086841674082,0.999127209186554,0.42885514526140156,0.6063154339790349,0.999713659286499,59.784900885702235,0
217,0.5027088522911076,0.5099091983976822,0.9990710616111755,0.5052317835035782,0.523095304057712,0.9999145865440369,0.4348071785200213,0.5958394096011213,0.9991185665130615,0.4286657103470397,0.6063334941864018,0.999704897403717,59.784900885702235,0
218,0.5025424304462619,0.509905869052524,0.9990701079368591,0.504858947935559,0.5228083644594469,0.9999099969863892,0.43464727912630385,0.5961845460392186,0.9990845918655396,0.42856378072784096,0.6064031436329801,0.9996731281280518,59.784900885702235,0
219,0.5024384231794452,0.5097296039263411,0.9990598559379578,0.5045226273082555,0.5228699247042342,0.9999070167541504,0.4348774949709578,0.5962727325303219,0.9990442991256714,0.42865536326453835,0.6065150414194385,0.9996516704559326,59.784900885702235,0
220,0.5024015051977979,0.5095973610877995,0.9990454912185669,0.5040736908004402,0.5227959326335366,0.9999043345451355,0.4351151074681967,0.5963181086948944,0.9990207552909851,0.428641973506837,0.6065468390782679,0.9996308088302612,59.784900885702235,0
221,0.5022313708350776,0.5095378728139972,0.9990317821502686,0.5035976256643027,0.5226356557437356,0.999904990196228,0.43531363067172857,0.5963526453290672,0.999004065990448,0.4285915905521033,0.6065422495206202,0.9996268153190613,59.784900885702235,0
222,0.5020011578287401,0.5094647890045534,0.999017059803009,0.5031063954035445,0.5224935355640596,0.9999057650566101,0.435521924779529,0.5962192189125792,0.9989911317825317,0.4285264142921996,0.6065039038658147,0.9996268153190613,59.784900885702235,0
223,0.5017826415243607,0.5094825313204815,0.9989852905273438,0.5026261607805892,0.5224020339193802,0.9999045133590698,0.43562215140887706,0.5960015172050117,0.9989718198776245,0.4284454073224752,0.6065076192220058,0.9996238350868225,59.784900885702235,0
224,0.5016688165210546,0.5092951995985853,0.9989808797836304,0.502168062187377,0.5223099674497337,0.9999035596847534,0.4357989543960211,0.5954224580810188,0.998971700668335,0.4283979421570191,0.6064184194519411,0.9996242523193359,59.784900885702235,0
225,0.5016491640181773,0.508937776088715,0.9989766478538513,0.501919113454365,0.52223832550503,0.9998998641967773,0.43594553357078947,0.5946104214304975,0.9989798665046692,0.42840227768534744,0.6063196715854469,0.999616801738739,59.784900885702235,0
226,0.5016720209802904,0.5086163310777577,0.9989989995956421,0.5018192785126827,0.5221895859355022,0.9999003410339355,0.43591485846610334,0.5943559521720527,0.9990153908729553,0.42842853211221277,0.6064528851282034,0.9996253848075867,59.784900885702235,0
227,0.501747982842582,0.5085037776402068,0.9990023970603943,0.5016056980405539,0.5221802620660696,0.9999001622200012,0.4360845926262087,0.5949956661178957,0.9990262985229492,0.4283714124134612,0.6067688408352085,0.9996267557144165,59.784900885702235,0
228,0.5020992244992941,0.5085810451280507,0.9989784955978394,0.5011522046157295,0.5222557669594179,0.9998969435691833,0.4364832767418456,0.5960246693520324,0.9990133047103882,0.42826794442676397,0.607089349201748,0.9996145963668823,59.784900885702235,0
229,0.5025697009904048,0.5089416532289418,0.9989519715309143,0.5005119684196657,0.5222500449135195,0.9998968839645386,0.43679664816175223,0.597188444364639,0.9990440011024475,0.4280299757208147,0.6073643167813624,0.9996299743652344,59.784900885702235,0
230,0.5031363481567024,0.5089387922059926,0.9989188313484192,0.499829341967901,0.5221551997320997,0.9998956918716431,0.4374721688883649,0.5974352104323255,0.9990840554237366,0.4280824859937036,0.6072300899596447,0.9996498227119446,59.784900885702235,0
231,0.5032734785761156,0.5087078667822342,0.9989113211631775,0.49937022867656927,0.5220596194267277,0.9998955130577087,0.43798938251677055,0.5967325738498148,0.9991099834442139,0.42836197501137174,0.6068985093207591,0.9996613264083862,59.784900885702235,0
232,0.5029596629596895,0.5083485245704655,0.998867928981781,0.49919244221278636,0.5215532382329309,0.9998905062675476,0.43810754162924664,0.5958981655892877,0.9991106390953064,0.4287984470526381,0.6066599970772157,0.9996675848960876,59.784900885702235,0
233,0.5024659860701792,0.5077881954965142,0.9988577365875244,0.4990966646444234,0.5208720479692737,0.9998934268951416,0.4380667422498979,0.5951913282984784,0.999112606048584,0.4291013294742224,0.6064936405136476,0.9996761083602905,59.784900885702235,0
234,0.5020429946127396,0.5072368241491776,0.9988099932670593,0.4990107658363528,0.5201009909311934,0.9998912811279297,0.4378261282330471,0.5949658779870901,0.9990572333335876,0.42918943791162434,0.6063987499191652,0.9996647238731384,59.784900885702235,0
235,0.5016405412128997,0.5068794205075222,0.9987713098526001,0.49897817486808455,0.5194372846966703,0.9998903274536133,0.43736160794893936,0.5953302156357543,0.9990129470825195,0.4289113921778546,0.6064376376924066,0.9996618628501892,59.784900885702235,0
236,0.501412689685822,0.5066273354348687,0.998786449432373,0.49891317032632415,0.519051001185463,0.9998925924301147,0.4372734654517404,0.595665886288598,0.9990280270576477,0.4286984843867169,0.6063580144019358,0.999666690826416,59.784900885702235,0
237,0.5010436631384354,0.5065121168182014,0.9988139867782593,0.4989057112307779,0.5188324792044507,0.9998943209648132,0.43724362197376465,0.5961491380419055,0.9990339875221252,0.4284604518186482,0.6063049832979843,0.9996721148490906,59.784900885702235,0
238,0.5007121080443977,0.5064691418693184,0.9988158345222473,0.4989355830919179,0.5184911801701505,0.9998942613601685,0.43726663788159725,0.5966300481841682,0.9990211129188538,0.42827853560447726,0.6062700379462473,0.9996726512908936,59.784900885702235,0
239,0.5005688468615218,0.5062822160266699,0.998814046382904,0.49896280396552356,0.5181978032702497,0.9998948574066162,0.4372354774248036,0.5969916695640205,0.998979389667511,0.4280268223512744,0.6062483021191194,0.9996653199195862,59.784900885702235,0
240,0.5006106325558257,0.5061640483992444,0.9988488554954529,0.4988368891534355,0.5180476421401619,0.9998972415924072,0.4373023580937162,0.5973665288516459,0.9989838600158691,0.4277968037696115,0.6062364890461881,0.9996669292449951,59.784900885702235,0
241,0.5007028920309888,0.5061164555095494,0.9988477826118469,0.49858895369938483,0.5182016321590973,0.9998993873596191,0.43734271043822914,0.597654141130902,0.9989811182022095,0.42755123689061153,0.6062496815408984,0.9996746182441711,59.784900885702235,0
242,0.5008400252887184,0.506188653764271,0.9988226890563965,0.4981830602600465,0.5182387147630968,0.9998943209648132,0.4376603620392939,0.5978389893259326,0.998969554901123,0.4273901638530553,0.6062374994868329,0.9996677041053772,59.784900885702235,0
243,0.5009113209588192,0.5062313477198287,0.9988044500350952,0.49772923759051774,0.5181223863647102,0.9998907446861267,0.43796030396506935,0.5979636311531071,0.9989688992500305,0.4273019943918504,0.6062035305159438,0.999664843082428,59.784900885702235,0
244,0.501096367835999,0.5061629130726772,0.9987921118736267,0.4972929542972932,0.5177656837872101,0.9998834133148193,0.4387198090553287,0.5979908420926053,0.9989627003669739,0.4273596774964109,0.606109826337724,0.9996441602706909,59.784900885702235,0
245,0.5013562270573211,0.5060454919224697,0.9987013936042786,0.49687821808315497,0.5172917644182845,0.999862551689148,0.43959073793320463,0.598043921447936,0.9988724589347839,0.4273739953835809,0.6060007867358985,0.9996035695075989,59.784900885702235,0
246,0.5017028734797527,0.5059948733874733,0.998638391494751,0.4963546423684987,0.5169112171445578,0.9998424649238586,0.440598377159664,0.5978716526712695,0.9988188147544861,0.42735777156693633,0.6057640512784327,0.9995701909065247,59.784900885702235,0
247,0.5020562438737782,0.5057763485681448,0.9986059069633484,0.495906287715549,0.5164730804307125,0.999832808971405,0.4411837345077882,0.5972909359704885,0.9987913370132446,0.4271459182103478,0.6051661031586788,0.9995522499084473,59.784900885702235,0
248,0.5025055578776773,0.5054542677743098,0.9985544085502625,0.49548147973560186,0.5158924602326896,0.9998160004615784,0.44243375176475197,0.5965335028512142,0.9988110065460205,0.426992149580093,0.6038674087751483,0.9995467662811279,59.784900885702235,0
249,0.5028160980769569,0.5048728273028422,0.9985163807868958,0.49522887950851846,0.5153127341043385,0.9998155236244202,0.443176341908319,0.5958193994703751,0.9988440275192261,0.4267607501574928,0.6024041204225454,0.9995655417442322,59.784900885702235,0
250,0.5031814319746839,0.5042805813607719,0.998490571975708,0.4951099143141796,0.514542727243333,0.9998058080673218,0.44387844772565965,0.5953126294272292,0.9988886713981628,0.426530806791215,0.6010083925156371,0.9995799660682678,59.784900885702235,0
251,0.5031683785574781,0.5036562425749647,0.9984388947486877,0.4950483498119177,0.5136356949806218,0.9998090863227844,0.4438131125200366,0.5952206310771766,0.9989030957221985,0.42624327398481854,0.6001296043396,0.9995895028114319,59.784900885702235,0
252,0.5029365562257316,0.5030994046302073,0.9984201192855835,0.4949994101410825,0.512903471787771,0.9998084306716919,0.44335505082493776,0.5945580828757517,0.9989245533943176,0.4260585520948686,0.5995361890111656,0.9995965361595154,59.784900885702235,0
253,0.5024590463865375,0.5022270977497105,0.9983545541763306,0.49513167994363005,0.5124251587050306,0.9998083114624023,0.44239384219760025,0.5928364481244773,0.9988820552825928,0.42588135742005884,0.5989923108191721,0.999592125415802,59.784900885702235,0
254,0.5019557561193198,0.5011384387811029,0.9983770251274109,0.49530765130406373,0.5119868062791375,0.9998137354850769,0.44157667812846996,0.5904607687677661,0.9988794326782227,0.42577048568498554,0.5981507386480064,0.999596118927002,59.784900885702235,0
255,0.5013159995987306,0.4997901263691134,0.9983910918235779,0.49558119546799473,0.5111489636557447,0.9998231530189514,0.43992681304613784,0.5879430401892893,0.99888014793396,0.4254704571905594,0.5972211531230387,0.9996055364608765,59.784900885702235,0
256,0.5010798318045484,0.49843397452717775,0.9984086155891418,0.4957891702651982,0.5093603417986919,0.9998324513435364,0.43835057956831835,0.5857554021335789,0.9989141225814819,0.42503248084159156,0.5956195678029746,0.9996188879013062,59.784900885702235,0
257,0.5010225545792357,0.4973520977156507,0.9984508752822876,0.49587726309185975,0.5072758453232906,0.9998401403427124,0.4370018172831766,0.5839972893397019,0.9989504814147949,0.4244885629131684,0.5935527455239074,0.999624490737915,59.784900885702235,0
258,0.501290619373322,0.49680201496396786,0.9983776807785034,0.4957789920625237,0.5052278779801872,0.999835729598999,0.4364692015307294,0.5821705517314734,0.9989367127418518,0.42386377141589243,0.5907705823580429,0.9996134042739868,59.784900885702235,0
259,0.5015978387423928,0.49633556178637955,0.9983351230621338,0.4956619484083997,0.5036841914767314,0.9998287558555603,0.436702268464225,0.5800888992491227,0.9989340901374817,0.4232635001341506,0.587790449460348,0.9996011257171631,59.784900885702235,0
260,0.501962815012251,0.4955474634965265,0.9982108473777771,0.49550582539467625,0.502021737041928,0.999810516834259,0.43711594456718117,0.5772946845917479,0.9988501071929932,0.4225664451008755,0.5845550610905607,0.9995438456535339,59.784900885702235,0
261,0.5019354110672365,0.4942141544251219,0.9981803894042969,0.4954235511166713,0.4998301111516502,0.9998136758804321,0.43692211877732084,0.574740710712615,0.9988563060760498,0.4219131654217133,0.5815993178458445,0.9995592832565308,59.784900885702235,0
262,0.5020229106857668,0.49198199453808056,0.9981996417045593,0.4953239588510427,0.4967263965379628,0.999819815158844,0.43649850856690214,0.5711055085772565,0.9988847970962524,0.4215305461770016,0.5782763929594135,0.9995761513710022,59.784900885702235,0
263,0.5021354499317354,0.48961022354307665,0.9981870651245117,0.49525392339343155,0.4937794506549839,0.9998197555541992,0.4360667396159402,0.5669593186605549,0.9988820552825928,0.42120358631724436,0.5746072871344434,0.9995909929275513,59.784900885702235,0
264,0.5023042077109932,0.4871500347341814,0.998214602470398,0.4951697389284774,0.49019102397419195,0.9998223185539246,0.4358054285957703,0.5628135090782533,0.9989153146743774,0.4207137439932145,0.5705604950586959,0.9996145963668823,59.784900885702235,0
265,0.5022921505428499,0.48439444814409566,0.9981935024261475,0.49514174603280603,0.48708882076399707,0.9998204112052917,0.43537993232409194,0.5594902435938522,0.9989599585533142,0.42017790817079126,0.5672856512523837,0.9996358752250671,59.784900885702235,0
266,0.5023674255325684,0.4814783561797373,0.9981057047843933,0.49513492697761213,0.48314920067787204,0.9998059868812561,0.4349212887741274,0.556481656574068,0.9989321827888489,0.4196296958696278,0.5637455724534539,0.9996267557144165,59.784900885702235,0
267,0.5020776447795691,0.478418167148318,0.9981070756912231,0.49522866237731245,0.4794200814905625,0.9998065233230591,0.4333845845290596,0.5532034919375469,0.9989413619041443,0.4191234338851205,0.5601598166284112,0.9996362328529358,59.784900885702235,0
268,0.5015003879865014,0.47516038446199366,0.9980475306510925,0.495367907342457,0.47628814407757386,0.9997990727424622,0.43134049432618315,0.5490191181500756,0.9989362359046936,0.41879642861230065,0.5568450036503024,0.9996401071548462,59.784900885702235,0
269,0.50086788336436,0.4721475853806454,0.9980638027191162,0.4954367365155905,0.472010901996068,0.9997989535331726,0.4297334239596416,0.5454326073328658,0.9989644885063171,0.41857557921182575,0.5528671713102435,0.9996539950370789,59.784900885702235,0
270,0.5004460811614995,0.4684108112539567,0.9980148673057556,0.4953773333912808,0.46656862894694046,0.9998007416725159,0.42905737388701704,0.5419315809295295,0.9989486336708069,0.4183136281513036,0.5483452819642571,0.9996640682220459,59.784900885702235,0
271,0.5002209686097648,0.4644970241047091,0.9977518916130066,0.49520746299198737,0.4606957180159436,0.9997767210006714,0.42908609197253306,0.5392171797298254,0.9987777471542358,0.4180737293901901,0.5439664778255285,0.9996414184570312,59.784900885702235,0
272,0.5003110965092981,0.45955766666503217,0.9976629018783569,0.49510731725465723,0.4537165093989603,0.9997584223747253,0.42978076423917533,0.5360555166289924,0.998776912689209,0.41805597004436346,0.5390897535142449,0.9996287822723389,59.784900885702235,0
273,0.5000400784469791,0.45381159867559195,0.9972190260887146,0.4948272336096995,0.44799054946218253,0.9997350573539734,0.4301180300258458,0.5313923585982554,0.9986682534217834,0.4179583177680064,0.5340850949287419,0.999620795249939,59.784900885702235,0
274,0.4993330495698115,0.4487873840899698,0.9970548748970032,0.4944174559343433,0.443952016887211,0.9997348785400391,0.43031117320060763,0.5274461592946738,0.998651385307312,0.4180602388722559,0.5300275796935676,0.9996343851089478,59.784900885702235,0
275,0.49838873176347687,0.44351640201750286,0.9966166019439697,0.49397754527273674,0.43850149285225676,0.9997195601463318,0.4304919540882114,0.5234839064734327,0.9985058307647705,0.4186392128467563,0.525885212989081,0.9996107816696167,59.784900885702235,0
276,0.4990141334987826,0.4380349218845371,0.9964516162872314,0.49354512492815694,0.4314935306708021,0.9997039437294006,0.432620716946466,0.5198703323091783,0.9984472393989563,0.4197454594430473,0.520961077440353,0.9995876550674438,59.784900885702235,0
277,0.5006146076179689,0.43357278903325436,0.996094822883606,0.4927304301943102,0.4247417449951175,0.9996956586837769,0.4359703390371235,0.5161487715584896,0.9982890486717224,0.4214475012960891,0.5165494850703652,0.9995611906051636,59.784900885702235,0
278,0.5028420601572313,0.42597997472399796,0.9960317611694336,0.4920186102390293,0.41643002345448477,0.9996904730796814,0.43892472272827543,0.513031831809453,0.9981778860092163,0.4232949273926875,0.5144854443413874,0.9995604157447815,59.784900885702235,0
279,0.5042309023085099,0.4167989038285759,0.9959448575973511,0.4912530566964835,0.40812180581547,0.9996419548988342,0.4409874649274921,0.5102856613340836,0.9982329607009888,0.4262668220769795,0.5142127076784774,0.9995790719985962,59.784900885702235,0
280,0.5033957248642336,0.40643741119475624,0.9959019422531128,0.4903147036121009,0.40056329681759817,0.9996456503868103,0.4416647454102838,0.508972009023031,0.9982879161834717,0.4298243196237658,0.5147802886508763,0.9995737075805664,59.784900885702235,0
281,0.4995363198575523,0.3961473589851746,0.996091365814209,0.48995786905288735,0.39775875494593693,0.9996620416641235,0.44111089053608155,0.5084308470998495,0.9983906149864197,0.43413385890779077,0.5185597538948064,0.9995735287666321,59.784900885702235,0
282,0.49681984101023036,0.39143537623541724,0.9959912300109863,0.4894184257302969,0.3948825995127363,0.9996497631072998,0.44185767429215606,0.507588074320839,0.9984191656112671,0.4375546461059937,0.5209853280158274,0.9995260238647461,59.784900885702235,0
283,0.49279804456801685,0.38848958980469506,0.9959803223609924,0.4872695789450695,0.39306305135999436,0.9994919896125793,0.44367528813225915,0.5064987824076702,0.9984753727912903,0.44018876978329285,0.5240535707700824,0.9995076656341553,59.784900885702235,0
284,0.48929178430920595,0.3866635035900846,0.9959580302238464,0.48462133748190783,0.39728441408702336,0.9992886185646057,0.445080847967239,0.5051640981719612,0.9985052347183228,0.4413650149390814,0.5265423031080341,0.9994814395904541,59.784900885702235,0
285,0.4864045920826144,0.38170870570909443,0.9959450960159302,0.4837872925258822,0.40670284061204853,0.9991227388381958,0.445935937620345,0.5049834875833424,0.9985261559486389,0.44326742915880146,0.5308331989106683,0.9994581341743469,59.784900885702235,0
286,0.4830113748709365,0.3759171593756906,0.9961639046669006,0.4837672667843959,0.41697013378143344,0.9991167783737183,0.4459199607372287,0.5056399731408987,0.9986089468002319,0.44443388921873944,0.5343839043662666,0.9994844794273376,59.784900885702235,0
287,0.4777993843668987,0.37195639950888526,0.9963792562484741,0.48606995883442145,0.4285450123605277,0.9991313815116882,0.44511338216917895,0.5080291146323799,0.998590886592865,0.44717396440960144,0.5401491551172171,0.9994809031486511,59.784900885702235,0
288,0.4737466304075154,0.3689628229254771,0.996541440486908,0.4888678945246201,0.43136851134754395,0.999093234539032,0.44423179967062854,0.5071431256475907,0.9986414909362793,0.44997527343886273,0.5416187984602796,0.9995015859603882,59.784900885702235,0
289,0.4688708952495033,0.3626162721997218,0.9964556097984314,0.49105777343114254,0.4274708259673349,0.9990600347518921,0.4444061361608055,0.5014442858241858,0.9984397888183594,0.4533786220209943,0.5394810835520432,0.9994952082633972,59.784900885702235,0
290,0.46720946970440125,0.35969893847193063,0.9966893196105957,0.49027495582898495,0.42412975572404443,0.9990781545639038,0.44632139092399997,0.49124413728714034,0.998420238494873,0.4563617606957757,0.5299292746044345,0.9994935989379883,59.784900885702235,0
291,0.4676633775234226,0.3541945800894786,0.9968767762184143,0.48905623101052825,0.42313589652379385,0.9990929961204529,0.449351244029545,0.4823791200206397,0.9984856247901917,0.4586156393800467,0.5212023314975561,0.9995144009590149,59.784900885702235,0
292,0.4659261476425901,0.3479656676451368,0.9969103932380676,0.4858171428952902,0.41846309957050176,0.9991223216056824,0.4508730258260458,0.47626625356220104,0.9985546469688416,0.4581119446527394,0.5130649265788855,0.9995457530021667,59.784900885702235,0
293,0.4607002621605287,0.34313367378144066,0.9971315264701843,0.4839554570970085,0.4143508388882595,0.9991662502288818,0.4511219106969383,0.4734130544321882,0.9986640214920044,0.4581874481269295,0.5065105160077417,0.9995850324630737,59.784900885702235,0
294,0.4537382948966257,0.333476496594293,0.9973690509796143,0.48186735312144,0.40644456800960393,0.9991875886917114,0.4495251945086891,0.4687353769938155,0.9987766146659851,0.4569772850899473,0.5000414521921253,0.9996159076690674,59.784900885702235,0
295,0.4465811834448863,0.3214522571790789,0.9975367784500122,0.47465319292885955,0.38365019077346474,0.9991441369056702,0.4464419753778552,0.46318145167259983,0.9988564848899841,0.4547005097071333,0.48989083369572994,0.9996346235275269,59.784900885702235,0
296,0.4423979449839822,0.3127517487321584,0.9976681470870972,0.4632258628095903,0.3532089889049533,0.9991230368614197,0.4450259606043501,0.45730290100688065,0.9988643527030945,0.45433176273391396,0.47732881137302985,0.9996293783187866,59.784900885702235,0
297,0.439429627997535,0.3076139759449734,0.9977958798408508,0.45054586160750654,0.32457015202159,0.9991508722305298,0.4451748288813095,0.4539893212772555,0.9989375472068787,0.45516742836861424,0.46531856769607216,0.9996192455291748,59.784900885702235,0
298,0.43661296935308586,0.3041691155660723,0.9978088736534119,0.43881325494675444,0.30122337171009633,0.9990880489349365,0.44639648851894237,0.45317062735557595,0.998773455619812,0.4556538845811575,0.4587131185191022,0.9993834495544434,59.784900885702235,0
299,0.43506100348063914,0.305832624435425,0.9975981116294861,0.43361464710462694,0.29378422952833655,0.9990867376327515,0.4490461434636801,0.45484083607083314,0.9985154271125793,0.4571384404386796,0.456201526380721,0.9990630745887756,59.784900885702235,0
300,0.4350712214197435,0.3074648366087961,0.9974483251571655,0.4336428102992833,0.30038966877119905,0.9991387724876404,0.4531272720722929,0.4607999551863901,0.9975773692131042,0.45714213025002287,0.4608354809738344,0.9988114833831787,59.784900885702235,0
301,0.43691819054739855,0.31138464382716613,0.9975239634513855,0.43381773999759166,0.3063202500343325,0.9991999864578247,0.4566146277246025,0.471903632084529,0.9973413944244385,0.4556328540756593,0.4707032427901317,0.9987751841545105,59.784900885702235,0
302,0.4387058317661289,0.31650572305633934,0.9973959922790527,0.4365257407937735,0.31235030435380506,0.9992344379425049,0.45909070400964685,0.4846629202365879,0.997082531452179,0.455604331833976,0.48490968204679985,0.9987834692001343,59.784900885702235,0
303,0.4425379222347626,0.3239713453111197,0.9973453283309937,0.4386129663104106,0.32027120959191124,0.9992789626121521,0.4598654139609567,0.4989102156389332,0.9968077540397644,0.45571198491823145,0.5000182446979345,0.9988108277320862,59.784900885702235,0
304,0.4500956875937329,0.3295615443161558,0.9973284602165222,0.43973626125426557,0.32782933115959195,0.9992762207984924,0.46052353722708605,0.5076534591969994,0.9964439272880554,0.45404131497655636,0.5127417941888177,0.9986778497695923,59.784900885702235,0
305,0.4576658791019807,0.3375613930679505,0.9974261522293091,0.4400038662410921,0.33543097263290794,0.9992717504501343,0.4596156094755449,0.512031068404516,0.9961877465248108,0.45134658898626095,0.5193439182781042,0.998603880405426,59.784900885702235,0
306,0.4615877256506969,0.34343523354757427,0.9976119995117188,0.4411996532054178,0.3435185509068628,0.9990782141685486,0.45993465894744545,0.5157471583003094,0.9963353872299194,0.4483638235500884,0.5223576880636673,0.9985021352767944,59.784900885702235,0
307,0.46703683336575863,0.35127987890016493,0.9978275299072266,0.4432804002648312,0.355325764133817,0.9991132616996765,0.46374144014858104,0.5157903177397596,0.9966208934783936,0.4472994846957074,0.5232681773957756,0.9985746145248413,59.784900885702235,0
308,0.4733882021336332,0.3600915429138005,0.9980019330978394,0.4453143832229436,0.37028006854511475,0.9991044998168945,0.47034416738010626,0.5141461803799587,0.9968350529670715,0.4483407281693962,0.5220364388965429,0.9986282587051392,59.784900885702235,0
309,0.4796492925712045,0.3681316418307171,0.9981848001480103,0.4490662089415962,0.38649113831065984,0.9991683959960938,0.4756905791305364,0.5123812669799446,0.9971115589141846,0.45167247738157035,0.5228970817157205,0.9987390637397766,59.784900885702235,0
310,0.48688385174388016,0.37128296210652334,0.9983541965484619,0.45336051640056463,0.396259943644206,0.9992243647575378,0.48122480085917924,0.5043450522990458,0.9973841905593872,0.4557883342107141,0.5156068730921977,0.9988577961921692,59.784900885702235,0
311,0.49466457253410745,0.37632235317003193,0.9985018968582153,0.4552960537728813,0.39778504343259935,0.9992724061012268,0.4872847298781081,0.4927496952669965,0.9976175427436829,0.4593673930281688,0.5020157496134444,0.9989603161811829,59.784900885702235,0
312,0.4980717372326628,0.3794851941721783,0.9986491799354553,0.4551070616358806,0.3906933196953368,0.9993352890014648,0.4909681550094063,0.4840788301967443,0.997850775718689,0.4602507239296326,0.48658493445033163,0.9990618824958801,59.784900885702235,0
313,0.5018337879862108,0.38250711844081,0.9987795948982239,0.45382022290002766,0.3849971010571438,0.9993906021118164,0.49238309548014725,0.4827026994455432,0.9980608224868774,0.4595250345411759,0.480034450689952,0.9991538524627686,59.784900885702235,0
314,0.5032861644313453,0.3841844300429029,0.9988909959793091,0.45168985781215526,0.3844624771958309,0.999426007270813,0.48985275910014237,0.4904288507643204,0.9982452988624573,0.4572407149133232,0.4868390205360598,0.9992294907569885,59.784900885702235,0
315,0.5014766397930331,0.3845276108809883,0.9989787340164185,0.45067748427391086,0.3867940065406621,0.9994654059410095,0.48442328260058487,0.5036700382119137,0.9984079003334045,0.4547365137508941,0.5031140418279743,0.9993011951446533,59.784900885702235,0
316,0.49997627451306337,0.38467166395414476,0.999047040939331,0.4496469142891116,0.3893648797557471,0.999476969242096,0.4805225460302266,0.5144807767300383,0.9985433220863342,0.4523821572462722,0.5155592645917624,0.9993623495101929,59.784900885702235,0
317,0.5012271418457943,0.38394953807195065,0.9991330504417419,0.44728234268370165,0.3912800337587087,0.999521017074585,0.4818305032593867,0.5211968677384518,0.9986822009086609,0.45083865665254175,0.5230513584046141,0.999424159526825,59.784900885702235,0
318,0.5017867201850532,0.39043493639855187,0.9992071390151978,0.44582550582431646,0.39167924438204116,0.9995552897453308,0.48390258351961807,0.5336478806677323,0.9988064765930176,0.4492437967232299,0.5287252068519597,0.9994784593582153,59.784900885702235,0
319,0.500583709705444,0.40002513641402865,0.9992514848709106,0.447070834182558,0.39935730894406674,0.9995712041854858,0.48306691078912684,0.5484556669280647,0.9989180564880371,0.4480034921850481,0.5411889694985894,0.9995274543762207,59.784900885702235,0
320,0.49476439754168233,0.40808185367357197,0.9993056058883667,0.4514594234171372,0.40991383932885705,0.9995813369750977,0.47804173117592264,0.5610271578743349,0.9990191459655762,0.44792489494596244,0.555889331159138,0.9995687007904053,59.784900885702235,0
321,0.48806617515427764,0.4129281895501276,0.9992918372154236,0.4564902399267473,0.4183558225631717,0.9993889331817627,0.4728178722517835,0.5680119224957062,0.9990752339363098,0.4488897195884163,0.5655849320547925,0.9995843172073364,59.784900885702235,0
322,0.4780077991031469,0.41479369997978244,0.9992827773094177,0.4627542822133931,0.4243230706169495,0.9993243217468262,0.4658641091414864,0.5692100780350826,0.9991456866264343,0.4500872223150166,0.5698772243091044,0.9996117949485779,59.784900885702235,0
323,0.4694573723134544,0.4131320899441132,0.999204158782959,0.4665847832248328,0.4275503399826235,0.9992527961730957,0.4602469276814237,0.5708475396746686,0.999189019203186,0.4514464026405701,0.5727829535802209,0.9996281266212463,59.784900885702235,0
324,0.46572640538215676,0.4201073533012757,0.9991872906684875,0.4679624693734309,0.42678396616663283,0.9992765784263611,0.4577421645323439,0.5804029107093815,0.9992526769638062,0.45127828773998113,0.5769339629582001,0.9996587634086609,59.784900885702235,0
325,0.4643500546614333,0.43090601620220037,0.9991917610168457,0.4692583580811822,0.43110944543566054,0.9992902874946594,0.4557676372073949,0.5935978747549515,0.999321460723877,0.4490571788379128,0.586519959427062,0.9996893405914307,59.784900885702235,0
326,0.4636960795947488,0.43974629328364456,0.999222993850708,0.4717550008069905,0.4359639655976072,0.9993286728858948,0.45418492669150984,0.6034051435334347,0.9993807673454285,0.44809493138676637,0.593510284310296,0.9997132420539856,59.784900885702235,0
327,0.46624074663434745,0.4478882097062614,0.999211847782135,0.47308649335588765,0.43677521887279724,0.9993501305580139,0.4551122600123999,0.6107124771390647,0.9994401335716248,0.44761514805612146,0.5967766472271515,0.9997394680976868,59.784900885702235,0
328,0.4616656090532034,0.4501517315705621,0.9991347193717957,0.4773023752939137,0.439567727702005,0.9993734955787659,0.4514768960930056,0.6137090722719833,0.9994938969612122,0.44734683490934857,0.6017062777564643,0.999764084815979,59.784900885702235,0
329,0.45839435713631804,0.45174455642700234,0.9991124868392944,0.4803858314241686,0.4443639275573552,0.9994089603424072,0.4495352166039607,0.6131902876354405,0.9995415210723877,0.44934584980919284,0.6032789548238123,0.9997861385345459,59.784900885702235,0
330,0.45536149683452826,0.4518943102586841,0.9991273283958435,0.4819872549601968,0.45183389811288777,0.9994134306907654,0.44768726399966685,0.6099039401326866,0.999579668045044,0.45228048165639284,0.606790389333453,0.9998040199279785,59.784900885702235,0
331,0.45136150717735324,0.45208323853356536,0.9991827607154846,0.484739116259984,0.46211440790267255,0.9994293451309204,0.44469590130306463,0.6106589521680564,0.9996195435523987,0.4524972637494409,0.6129643831934253,0.9998220205307007,59.784900885702235,0
332,0.45105205405326154,0.4553590871038895,0.9991157054901123,0.4863923532622205,0.47057249574434223,0.9993714690208435,0.44344493037178434,0.6135118660472693,0.9996452331542969,0.45151257089206187,0.617264262267522,0.9998349547386169,59.784900885702235,0
333,0.45898675918579135,0.4631392288775675,0.9990715384483337,0.4811402644429892,0.47049286535808055,0.9993138313293457,0.44668920692943426,0.620981681914557,0.9996751546859741,0.4476199817089811,0.6207732217652462,0.9998480081558228,59.784900885702235,0
334,0.4629642040956592,0.4677265243870875,0.9990940690040588,0.4774098325343363,0.4727505019732888,0.9993337392807007,0.4483779952639629,0.6274236100060604,0.9997052550315857,0.44144076818511635,0.6246322847547989,0.999862015247345,59.784900885702235,0
335,0.46243870684078797,0.4700717386745275,0.9991496205329895,0.47987858880133893,0.4808153637817931,0.9993433356285095,0.4500975963615239,0.6303024320375357,0.9997325539588928,0.441487014293671,0.6279404929706034,0.9998745918273926,59.784900885702235,0
336,0.46320573630787115,0.46834752389362916,0.9991970062255859,0.48010528513363465,0.48816955515316596,0.9993616342544556,0.4519679730846772,0.6284777522087102,0.9997532963752747,0.44383290693873484,0.6316361342157641,0.9998831152915955,59.784900885702235,0
337,0.4637809083575298,0.4647994765213561,0.9992514848709106,0.4849123585791819,0.4959671185130169,0.999381959438324,0.4527902588957836,0.6257997325488505,0.9997758865356445,0.4481410071963359,0.6347412069638576,0.9998934268951416,59.784900885702235,0
338,0.4676186314650948,0.4646458597410297,0.9992821216583252,0.4889696325574606,0.5023919429097861,0.9991747140884399,0.4545843076138273,0.6261091799963093,0.9997967481613159,0.4513494769732161,0.6375378058070234,0.9999014735221863,59.784900885702235,0
339,0.4722234166803818,0.4648068235034038,0.9993267059326172,0.48920935534295623,0.5004481971263889,0.9992043972015381,0.4565126768180306,0.6273693385578343,0.9998157620429993,0.45364243075961197,0.6382386939866207,0.9999098181724548,59.784900885702235,0
340,0.4703572534379509,0.4659727698280702,0.9993470311164856,0.49366681348709873,0.5007953374158772,0.9992198348045349,0.45519738821756306,0.6321715286799845,0.9998326897621155,0.45411731231780317,0.6431186000506088,0.9999174475669861,59.784900885702235,0
341,0.458744429406666,0.4653408612523764,0.9993919730186462,0.5073320595991049,0.5049979190031691,0.9992784261703491,0.4489118314924698,0.6372328457378211,0.9998483657836914,0.45916180525507283,0.6516394757089166,0.9999244809150696,59.784900885702235,0
342,0.4611873839582719,0.4687879170690268,0.9994232654571533,0.506535112857819,0.5035045515923277,0.9993255138397217,0.44881475823266204,0.6409344133876624,0.9998623132705688,0.45877946274621184,0.6545948868706117,0.9999309778213501,59.784900885702235,0
343,0.46303854386011795,0.4725129519190111,0.9994649291038513,0.5052866211959298,0.5033639286245623,0.9993765354156494,0.44854923373176975,0.6440610176041017,0.9998754262924194,0.4579631146930517,0.6574747420492633,0.9999372959136963,59.784900885702235,0
344,0.46683910630998193,0.47561803743952835,0.9995018243789673,0.5012534019492925,0.5052537918090825,0.999415934085846,0.4488199466750739,0.646953736032759,0.9998875260353088,0.4554149735541575,0.6585147210529878,0.9999431371688843,59.784900885702235,0
345,0.4711095222405029,0.47702252581006044,0.9995285272598267,0.4944474470047728,0.5055210420063568,0.9994608759880066,0.45005810828436027,0.6470348721458803,0.9998983144760132,0.4535030751001271,0.6563396141642621,0.9999484419822693,59.784900885702235,0
346,0.4755705481483826,0.4795329911368238,0.9995645880699158,0.4888866458620348,0.5079499256043212,0.9994994401931763,0.4514983069329038,0.6484922851834983,0.9999081492424011,0.4507964480490916,0.6569790244102482,0.9999531507492065,59.784900885702235,0
347,0.47347718193417543,0.48029417367208604,0.9995858073234558,0.49003741570881476,0.505180079312552,0.9995220899581909,0.44994057218233774,0.648914033458347,0.9999164938926697,0.4500602100576677,0.6573203688576112,0.9999571442604065,59.784900885702235,0
348,0.4748250317005888,0.4798184945469815,0.9996059536933899,0.49137105686324023,0.5013836338406521,0.9995501041412354,0.4505640580540615,0.647622616518112,0.9999244213104248,0.44917163252830544,0.6563217157409309,0.9999610185623169,59.784900885702235,0
349,0.4675676056316924,0.47678618204026035,0.9996210932731628,0.49752986005374406,0.50058383175305,0.9995879530906677,0.44822879348482436,0.6473478532972795,0.9999315142631531,0.4506219625473026,0.6596027612686163,0.999964714050293,59.784900885702235,0
350,0.45721414543333544,0.4721705487796242,0.9996497631072998,0.5058316091696425,0.5063685235523047,0.9996188282966614,0.44399347759428515,0.6456872934386849,0.9999375939369202,0.4529547691345219,0.6618240390505115,0.9999677538871765,59.784900885702235,0
351,0.4580180318582629,0.46877064307530764,0.9996650815010071,0.503763508229029,0.5021072101025359,0.9996452331542969,0.44377328242574454,0.642930666605632,0.999943196773529,0.45302549997965535,0.6592259492192954,0.9999706149101257,59.784900885702235,0
352,0.46586557655107447,0.46821957117035307,0.9996801614761353,0.4938488091741294,0.4983656307061517,0.9996595978736877,0.44687666779472746,0.6406806707382207,0.9999470710754395,0.4497534121785849,0.6529126621427995,0.9999723434448242,59.784900885702235,0
353,0.4732832227434435,0.46795080531211164,0.9996857047080994,0.48466247745922675,0.48792966774531815,0.9996644258499146,0.4479823978174304,0.6375883817672734,0.9999483823776245,0.44483044033958835,0.6457940936088568,0.9999731779098511,59.784900885702235,0
354,0.4749842825390047,0.463731142736617,0.9996793866157532,0.48502588555926407,0.4799974418821793,0.9996716976165771,0.44677056443123625,0.6336926903043479,0.9999517798423767,0.4422804542950225,0.6404421187582476,0.9999750256538391,59.784900885702235,0
355,0.4704159881387442,0.45686971999350084,0.9996939301490784,0.49262375916753537,0.4782799056598122,0.9996901154518127,0.44286783678191083,0.630919530278161,0.9999544024467468,0.44302609562873874,0.6399144842511137,0.999976634979248,59.784900885702235,0
356,0.46193778940609564,0.4519355226130716,0.9996780157089233,0.5032544760476979,0.48349330396879325,0.999679446220398,0.4383973720527834,0.629129602795556,0.9999569654464722,0.4438362887927467,0.6406648045494447,0.9999776482582092,59.784900885702235,0
357,0.4592634538809462,0.4466603114491421,0.999658465385437,0.5098264487016773,0.4801135148320883,0.9996882677078247,0.4361314234279454,0.6265024741490688,0.9999579787254333,0.44336056141626307,0.64064614829563,0.9999786019325256,59.784900885702235,0
358,0.45834386632556046,0.44423906008402547,0.9996259808540344,0.5082879392873678,0.48208068807919857,0.9996837377548218,0.4359277713866464,0.624990684645517,0.9999579191207886,0.4415961716856279,0.6393451435225356,0.9999786019325256,59.784900885702235,0
359,0.45691930112384654,0.44434958980197037,0.9996010661125183,0.5031718086628691,0.4877106178374522,0.9996731877326965,0.43417088190714553,0.6213950458027073,0.9999586343765259,0.43993857644853174,0.6376652376992367,0.9999793171882629,59.784900885702235,0
360,0.45383860667546627,0.4455590844154361,0.9995304346084595,0.4979139154865633,0.4954706771033155,0.9996564984321594,0.4317965876488462,0.6170644362767542,0.9999517798423767,0.4388529260953271,0.6359074683416462,0.9999786019325256,59.784900885702235,0
361,0.45122633519626837,0.44633418321609536,0.9995070099830627,0.4939921810513455,0.5028576907657445,0.9996679425239563,0.42977509754044707,0.6118746655327938,0.999954104423523,0.4385449843747279,0.6328745910099579,0.9999802708625793,59.784900885702235,0
362,0.45030399447395725,0.44771499860854413,0.9993676543235779,0.49156572279476024,0.5063900890804476,0.9996499419212341,0.4290046918959848,0.6077624332337157,0.9999517202377319,0.4379066739763536,0.6289080721991407,0.9999808073043823,59.784900885702235,0
363,0.45043105028924524,0.4432976742585504,0.9988438487052917,0.4935095792724977,0.5013559077467241,0.9994835257530212,0.428103925216766,0.6021281906536652,0.9999146461486816,0.43731659934634287,0.6243615945180262,0.9999719858169556,59.784900885702235,0
364,0.4521679197038927,0.4396119940848581,0.9981525540351868,0.491598269769124,0.4942949073655269,0.9993096590042114,0.42812026540438364,0.5995663574763711,0.9998966455459595,0.4357791670731139,0.6201027773675469,0.9999708533287048,59.784900885702235,0
365,0.4521052326474875,0.4357646732103261,0.9978803396224976,0.4893323026952293,0.4886882191612611,0.9991984963417053,0.4267866554714388,0.5971378173146934,0.9998856782913208,0.43458261943998827,0.615236069474902,0.9999690055847168,59.784900885702235,0
366,0.451498627662659,0.433207737548011,0.9966225624084473,0.48782446696644777,0.481384145362037,0.9989352226257324,0.42571260957490864,0.5946366985638941,0.9998218417167664,0.43405307190758874,0.6105839241118662,0.99996018409729,59.784900885702235,0
367,0.45091636407943037,0.4311363938308901,0.9963669776916504,0.487728541805631,0.4756949189163393,0.9989453554153442,0.42573368549346957,0.5923435375803998,0.9998171925544739,0.43397929554893894,0.6061942038081947,0.9999611973762512,59.784900885702235,0
368,0.45013204784620414,0.4296923861617137,0.9965476393699646,0.4879710262730012,0.4716478713921142,0.9990283250808716,0.42589444347790345,0.589865624904633,0.9998273849487305,0.43420459117208243,0.6015016606875834,0.9999637007713318,59.784900885702235,0
369,0.4495239555835728,0.4271032554762707,0.9965330362319946,0.48839990723700794,0.46544243040539013,0.999026894569397,0.4264358608495625,0.5874693251791459,0.999816358089447,0.43416066254888297,0.5965888471830464,0.9999560117721558,59.784900885702235,0
370,0.44907774669783496,0.42291801458313383,0.9964290857315063,0.4884209930896763,0.45968290879612916,0.9990218877792358,0.42699327071507803,0.584854228155954,0.9997868537902832,0.43392363190650973,0.592367651916686,0.9999355673789978,59.784900885702235,0
371,0.4488244482449127,0.4182301078523912,0.9964911341667175,0.48939869943119274,0.4529765092191246,0.9990665912628174,0.42745318866911425,0.5800587790352962,0.99976646900177,0.43369173435937824,0.586237870511555,0.9999160170555115,59.784900885702235,0
372,0.4486733788535712,0.4154084750584197,0.9963736534118652,0.4911238934312552,0.4467251683984487,0.9991167187690735,0.4276341185683299,0.5750871783211122,0.9997251033782959,0.43378292378925176,0.580972640287309,0.9998992681503296,59.784900885702235,0
373,0.44720289111137423,0.4137917231945768,0.9958896636962891,0.49365212945711084,0.44483735305922406,0.9991560578346252,0.42776292420568957,0.5705877741177882,0.999690055847168,0.43426687518755624,0.5773086264019925,0.9998765587806702,59.784900885702235,0
374,0.44698303228332925,0.41431055466334055,0.9958005547523499,0.4939829210440322,0.44402901899246977,0.9991950392723083,0.4289186653636754,0.5650329703376411,0.999661386013031,0.43470940987269113,0.5740514284088503,0.999855101108551,59.784900885702235,0
375,0.45522047366414786,0.41559019117128315,0.9957727193832397,0.4886066558815188,0.43846864217803627,0.9992294311523438,0.43250786690484944,0.560325438068027,0.9996225237846375,0.43501739416803664,0.5688231615793142,0.999822735786438,59.784900885702235,0
376,0.47142898894491686,0.41663203211057787,0.9959806203842163,0.47863569429942576,0.4299319812229705,0.9991377592086792,0.43937716455686693,0.5570937111264188,0.9995864629745483,0.43458201345943304,0.5607379220780877,0.9998089075088501,59.784900885702235,0
377,0.48476051432745837,0.4197869754972915,0.996332049369812,0.47152396610805003,0.421835853939965,0.9988994002342224,0.4464142251582377,0.5541802446047469,0.9995485544204712,0.43589262309528565,0.5542331394695104,0.9997062087059021,59.784900885702235,0
378,0.4900940628278827,0.4214394092559818,0.9965963959693909,0.47168010757083023,0.41815550412450553,0.9987525939941406,0.45167667808986883,0.5513752642131992,0.9995096921920776,0.4383177402473635,0.5493702519507639,0.9996292591094971,59.784900885702235,0
379,0.4822158813476567,0.4193884659381143,0.9962208867073059,0.48000813949675825,0.42137985853921833,0.9987562298774719,0.4534736559504558,0.5484115935507279,0.9992918968200684,0.44264244181769274,0.5476503145127074,0.9995806813240051,59.784900885702235,0
380,0.4663423739728477,0.414834463880176,0.9960073232650757,0.4923224207900823,0.42567543614478376,0.9988613724708557,0.4516177503835591,0.543847671576909,0.9991440176963806,0.4489001645928341,0.549371529193152,0.9995748996734619,59.784900885702235,0
381,0.45744784105391767,0.40867102571896174,0.9962636828422546,0.49987906927154224,0.4237317939599359,0.9989718198776245,0.4488913487820402,0.5389419311568855,0.9991601705551147,0.45373983326412415,0.549101985636212,0.9996046423912048,59.784900885702235,0
382,0.4599078609829861,0.40740560349963995,0.9964083433151245,0.49505743668192953,0.416736063503084,0.999068558216095,0.4480203560420448,0.5362300163223634,0.9991620779037476,0.45509383650053153,0.5455422997474675,0.9996345639228821,59.784900885702235,0
383,0.46102031355812473,0.4039471050103509,0.9966797232627869,0.4898018397036057,0.4097299121675041,0.9991384148597717,0.44695749878883395,0.5314550002415979,0.9991076588630676,0.4558380047480269,0.5403409316426235,0.9996258616447449,59.784900885702235,0
384,0.464953096139999,0.3967061894280573,0.9969596266746521,0.48336075317292027,0.40218692024548885,0.9992105960845947,0.4475331945078717,0.5241740885235019,0.9991427063941956,0.45491842145011574,0.5309953207061409,0.9996560215950012,59.784900885702235,0
385,0.4680146972338362,0.3872957257997425,0.9970915913581848,0.47616079023906205,0.3942184235368459,0.9992875456809998,0.44913635225523124,0.5166375353222806,0.9991886615753174,0.45391155850319675,0.5217314589591258,0.9996872544288635,59.784900885702235,0
386,0.46946042634192003,0.3762934676238472,0.9973275065422058,0.47130847402981385,0.38546137866519775,0.9993316531181335,0.45132155787377165,0.5092479600792843,0.9991538524627686,0.4541410051641014,0.5142723861194796,0.9996790289878845,59.784900885702235,0
387,0.4716732572941557,0.3642561279592063,0.9975628852844238,0.4679476845832102,0.3703816731770836,0.9993671178817749,0.4548618353548508,0.5017608347393221,0.9992039203643799,0.4534705848920917,0.5069264443147754,0.9997074604034424,59.784900885702235,0
388,0.4713924356869293,0.3487912473224461,0.9976119995117188,0.4668827170417426,0.35150301740283085,0.9994211196899414,0.4576360696838019,0.4948317791734427,0.9992430210113525,0.45313958468891363,0.5003454004015244,0.9997347593307495,59.784900885702235,0
389,0.463681450911931,0.32978241074652925,0.9970083832740784,0.4730547240802223,0.3420844376087192,0.9994562268257141,0.45818254635447586,0.48701409782682187,0.9992163777351379,0.45383945391291697,0.4951178530852004,0.9997507929801941,59.784900885702235,0
390,0.45664148103623203,0.3145169601553965,0.9972357153892517,0.4788406093915307,0.34108822828247465,0.9995084404945374,0.4575400054454807,0.4805785162108289,0.999221920967102,0.4545935434954511,0.49119047465778576,0.9997709393501282,59.784900885702235,0
391,0.4508467472734909,0.30757350722948734,0.9974803328514099,0.4814988218602684,0.34752201608249145,0.9995553493499756,0.4560413814726334,0.4775919233049669,0.9992786049842834,0.4550857104006271,0.4904905373141883,0.9997928738594055,59.784900885702235,0
392,0.448214819033941,0.3072215772810439,0.9976744055747986,0.4804953961145314,0.3556672604311083,0.9995975494384766,0.4555283501034695,0.4772593449978605,0.9993045330047607,0.455211786996751,0.4919464701697944,0.9998117089271545,59.784900885702235,0
393,0.4488926075753715,0.3125848003796171,0.9978920817375183,0.4758973831222174,0.3576640117736093,0.9996365904808044,0.45632315959249264,0.47818001111348507,0.9993545413017273,0.45430171773547257,0.49267266194025716,0.9998295307159424,59.784900885702235,0
394,0.4514116346836094,0.31562637998944265,0.9979019165039062,0.47219945561318205,0.3520665679659165,0.9996557831764221,0.4571344100293663,0.479539248205367,0.9993343353271484,0.45382375802312613,0.49299756969724423,0.9998427033424377,59.784900885702235,0
395,0.4553847511609399,0.31972334782282535,0.9980420470237732,0.46836231577964094,0.34545585229283315,0.9996857047080994,0.45787026768639016,0.4807658635434654,0.9993190169334412,0.4534045273349403,0.49219565448306896,0.9998515844345093,59.784900885702235,0
396,0.4590749655451097,0.3200774817239673,0.9977849721908569,0.4659431278705601,0.3387506902217867,0.9996691942214966,0.45795957105500396,0.48203111262548576,0.9989279508590698,0.4530957539876306,0.49122674266497335,0.9997961521148682,59.784900885702235,0
397,0.4617256621519728,0.3204130331675214,0.997587263584137,0.46450325988587915,0.3364410528114867,0.9995911121368408,0.457836469014486,0.48188403390702783,0.9986426830291748,0.45244873421532805,0.4890427390734359,0.999704897403717,59.784900885702235,0
398,0.4604051467918218,0.3149774557068237,0.9975675344467163,0.4642426101934346,0.33768192927042673,0.9995939135551453,0.45783958122843826,0.47924709036236757,0.9984812140464783,0.45200670191219916,0.48635957070759406,0.9996997714042664,59.784900885702235,0
399,0.4586896924745473,0.3097521776244756,0.997583270072937,0.463680146705537,0.3363452000277386,0.9996094107627869,0.45823939783232587,0.4751017888387048,0.9984809756278992,0.45114090896788134,0.48223679690133997,0.9997183680534363,59.784900885702235,0
400,0.45800738249506306,0.30660127883865745,0.9977728128433228,0.46295486177716977,0.33222382976895315,0.9996455311775208,0.45901906916073426,0.4707040006206153,0.9985669255256653,0.4499646013691315,0.47877768107823,0.9997393488883972,59.784900885702235,0
401,0.4576164214383992,0.30626001528331237,0.9970821738243103,0.4622112782228564,0.3255250893888022,0.999601423740387,0.45921193559964535,0.4679905587718604,0.9984130263328552,0.44899160379455244,0.47553301425207267,0.9997186064720154,59.784900885702235,0
402,0.45760076954251283,0.3061920603116356,0.9968099594116211,0.4621412782442006,0.319616041013173,0.9995814561843872,0.4585483159337729,0.46744242736271485,0.9983034133911133,0.4484106387410849,0.4738323064077472,0.9997287392616272,59.784900885702235,0
403,0.4582222785268515,0.30812291730017916,0.9961617588996887,0.4627095943405518,0.3164053190322152,0.9994664192199707,0.4576638780889061,0.46756856498264165,0.9980587959289551,0.44782334566116366,0.4725543814046046,0.999700665473938,59.784900885702235,0
404,0.4561551525479275,0.3064089630331314,0.9954191446304321,0.46485743210429276,0.31780726710955326,0.9993173480033875,0.45659957187516387,0.4678142510709312,0.9978992342948914,0.4480302575088686,0.47253276052929144,0.999670684337616,59.784900885702235,0
405,0.4543282488981887,0.30530097654887633,0.994791567325592,0.4673134826478508,0.3175652807667144,0.9991886019706726,0.45591155546052153,0.4675934981732145,0.9977512359619141,0.4486165302140376,0.4731075593403411,0.9996428489685059,59.784900885702235,0
406,0.454569491602126,0.3045086959997816,0.9951868653297424,0.4682465380146394,0.3175546668824698,0.9992530345916748,0.45636507159187717,0.4672263420763474,0.9978992342948914,0.44921586059388696,0.4738408823808038,0.9996756315231323,59.784900885702235,0
407,0.4536967362676352,0.3062164669945129,0.9954829216003418,0.46884312658082905,0.31809670442626614,0.999299943447113,0.45674055814743075,0.46755546047574037,0.9980087280273438,0.44986508857636265,0.4749879283564435,0.9997020959854126,59.784900885702235,0
408,0.45262468570754677,0.30991161295345876,0.9956778287887573,0.46877876775605376,0.319521004245395,0.9993376135826111,0.45690096985726164,0.46845976369721587,0.997999370098114,0.4503334249768942,0.4769757801578162,0.9997228980064392,59.784900885702235,0
409,0.4528200569606966,0.31452313633192175,0.9956531524658203,0.4679395684174133,0.32439190716970556,0.9993576407432556,0.45720707234882213,0.4693454617545722,0.9980543255805969,0.45022693560237015,0.4795719498679755,0.9997428059577942,59.784900885702235,0
410,0.45166530637514063,0.31795058647791574,0.9958236217498779,0.46965851102556533,0.3301388919353488,0.9993911385536194,0.4571633140246077,0.47023125205721217,0.9980364441871643,0.4505880489235836,0.4826200675396696,0.9997593760490417,59.784900885702235,0
411,0.4494478290989289,0.31979040872483055,0.9961686730384827,0.47365203074046586,0.3341809028670904,0.9994319081306458,0.4563959439595544,0.4715068652516324,0.9981998801231384,0.45163929036685435,0.48571554393995414,0.9997820258140564,59.784900885702235,0
412,0.4487112874076483,0.3261230602150874,0.996451735496521,0.47622570821217164,0.34036900741713416,0.9994586706161499,0.45546114870480164,0.4758611278874537,0.9983283877372742,0.45280230754897743,0.4901788972672966,0.9998010396957397,59.784900885702235,0
413,0.44741357933907316,0.3338687164442882,0.9965453147888184,0.4774960137548905,0.3439550981635142,0.9994837641716003,0.4541751018592293,0.48234965687706394,0.9984451532363892,0.4535861171427231,0.4956995305560888,0.9998186826705933,59.784900885702235,0
414,0.44516915508679017,0.34179925350915846,0.9964947700500488,0.4797955680461161,0.35074645848501323,0.9994967579841614,0.4522418323017306,0.49003382523854616,0.998481273651123,0.4546643665858681,0.5017682228769579,0.9998292326927185,59.784900885702235,0
415,0.4441869258880619,0.35123429837681025,0.9966309666633606,0.4817366344588147,0.3624627689520521,0.9995285868644714,0.45076189580417847,0.4972307256289895,0.9985690116882324,0.4554930712495535,0.5076118736040028,0.9998433589935303,59.784900885702235,0
416,0.4457494133994696,0.36242884681338383,0.9968311190605164,0.481218224480039,0.37521795147941256,0.9995649456977844,0.4497874535265427,0.5027701372192024,0.9986388683319092,0.4563787522770113,0.5130312726611187,0.99985271692276,59.784900885702235,0
417,0.4483871090979807,0.371769338846207,0.9968048334121704,0.4791531647954672,0.38362118601799045,0.9995375871658325,0.4495441473665695,0.5082717466922038,0.9987038969993591,0.4571178370998023,0.5175304952121921,0.9998571276664734,59.784900885702235,0
418,0.45139849185943637,0.3847316517716366,0.9970486164093018,0.47482568025589034,0.39048245833033635,0.9995114803314209,0.44980715144248273,0.5155918541408725,0.9986439943313599,0.45732547413735203,0.5227419790767491,0.9998279213905334,59.784900885702235,0
419,0.4569173441046764,0.39341590376127367,0.9972675442695618,0.468425342014858,0.3893933452311019,0.9994952082633972,0.451116373141607,0.522045805340722,0.998428225517273,0.4566698216256645,0.5267064628146948,0.999700665473938,59.784900885702235,0
420,0.4613060965424496,0.397858886491685,0.9974722862243652,0.46368312409945933,0.3918934535412565,0.9994780421257019,0.4522656244891034,0.5267411952927004,0.9982450604438782,0.4561395758674262,0.5293182588758927,0.9995871782302856,59.784900885702235,0
421,0.4633922988460181,0.3976669481822426,0.9977009892463684,0.4621242469265351,0.39550397793451975,0.9994466304779053,0.45333037631852324,0.5286467444329039,0.9980148673057556,0.4552378583522074,0.5302185472987951,0.9994526505470276,59.784900885702235,0
422,0.4654303349199753,0.39922701319058773,0.9979175329208374,0.46050425796281763,0.39936410529272925,0.9994324445724487,0.454037101495834,0.5286991851670406,0.9979225397109985,0.45414485534032223,0.5304831067721053,0.9993306398391724,59.784900885702235,0
423,0.4661138355731968,0.4009385804335279,0.9980977773666382,0.4594213494232726,0.40060545716966933,0.9993875026702881,0.4543989272344684,0.5290684387797406,0.9977792501449585,0.45280703902244607,0.5308197197459997,0.9991562962532043,59.784900885702235,0
424,0.4651300282705402,0.40285068466549856,0.9982580542564392,0.45901728953634024,0.39941497785704505,0.9992888569831848,0.45418462015333666,0.5292115779150104,0.9977555274963379,0.4515845037641983,0.5308674290066678,0.999100923538208,59.784900885702235,0
425,0.4651603301366174,0.4034965747878668,0.9983968734741211,0.4590323368708296,0.3955727787244891,0.9990885853767395,0.4541894694169366,0.5289057663508828,0.9978538155555725,0.4507220657098865,0.5306761151268373,0.9990962147712708,59.784900885702235,0
426,0.4668505205994565,0.40409655656133414,0.9985272288322449,0.459066382476262,0.3940075139204664,0.9990352988243103,0.45439105516388345,0.5285657842954004,0.9978715777397156,0.4503340664364046,0.5308550851685665,0.9990701079368591,59.784900885702235,0
427,0.4645936233656751,0.399884192716508,0.99860680103302,0.4627134757382533,0.394638755491802,0.9990434646606445,0.45396241829508865,0.5284190319833305,0.9978024363517761,0.4503095604124527,0.5313039393652057,0.999026894569397,59.784900885702235,0
428,0.4587059503509889,0.3916265098821552,0.9986866116523743,0.46843233704566994,0.3951337167194915,0.9991194605827332,0.45308340163458,0.5277390593574165,0.9978325963020325,0.4503663168067028,0.5310076304844452,0.9990659952163696,59.784900885702235,0
429,0.45286097271101855,0.3834266903854555,0.998682975769043,0.47253374968256306,0.3950614758900237,0.9991905093193054,0.45181897708347907,0.5264540882337665,0.9979358911514282,0.44988659449986085,0.5297779526029318,0.9991358518600464,59.784900885702235,0
430,0.4478829886232107,0.37484925417673054,0.998653769493103,0.47552020634923703,0.3943580942494532,0.9992592930793762,0.45061717430750564,0.5239830868584774,0.9980210661888123,0.44889210519336553,0.5272986207689562,0.999202311038971,59.784900885702235,0
431,0.4453815008912771,0.3691545682294031,0.998224675655365,0.47457630719457394,0.39283432705061805,0.9992823600769043,0.4500382386502769,0.5205394654046925,0.9979608058929443,0.44748532913980066,0.5243446656635833,0.9992517828941345,59.784900885702235,0
432,0.44720074392500414,0.36855253293400747,0.9981660842895508,0.4705051595256446,0.3902313468002141,0.9993373155593872,0.45004507899284396,0.5170143814313983,0.9980241656303406,0.4460420282114123,0.5215310425985431,0.9993125796318054,59.784900885702235,0
433,0.448139941408521,0.36904608351843726,0.9965289831161499,0.46687193002019645,0.3864726225535078,0.9992421269416809,0.44976018582071614,0.5136658719607766,0.9979301691055298,0.4450596798033945,0.5189544984272552,0.9993381500244141,59.784900885702235,0
434,0.44889780169441623,0.36899896320842596,0.995602548122406,0.4632797823065807,0.38176766605604295,0.9992234110832214,0.44952544711885034,0.5101655182384314,0.9979020357131958,0.44440254852885325,0.515732342288608,0.9993764758110046,59.784900885702235,0
435,0.4497621031034564,0.3674838471980325,0.9920291900634766,0.46098852157592807,0.3773292402426405,0.999068021774292,0.4492233267852242,0.5066918759118947,0.9976511001586914,0.4440569224811739,0.51251175573894,0.9993690848350525,59.784900885702235,0
436,0.4509592595554537,0.36482374724887695,0.9908488392829895,0.46049228310585055,0.37386188194865305,0.999025821685791,0.4489880715097704,0.5041954460598177,0.9974743127822876,0.4438907177675342,0.5098588353111635,0.999373733997345,59.784900885702235,0
437,0.4522342596735277,0.36245652749424917,0.9909777045249939,0.4598776598771417,0.37084395544869586,0.999070942401886,0.4490866363048557,0.5016703094754904,0.9976025223731995,0.44369921655882005,0.5077288321086343,0.9994285702705383,59.784900885702235,0
438,0.45346374029205,0.360860157580603,0.9883704781532288,0.4595132895878387,0.36791446946916156,0.9989921450614929,0.4492555913471044,0.4998616235596797,0.9974027872085571,0.44347634485789744,0.5058267570677262,0.9994382262229919,59.784900885702235,0
439,0.45460920674460314,0.36068653492700514,0.9871315956115723,0.45935877022289134,0.36455437824839665,0.9989743828773499,0.44943140234266044,0.49844370711417463,0.9972471594810486,0.44333665853454984,0.5038000345230107,0.9994640946388245,59.784900885702235,0
440,0.4551816611062916,0.3620634717600689,0.9855467081069946,0.4591459177789238,0.36258152269181776,0.9989420175552368,0.449690306470508,0.4977350618158072,0.9969884157180786,0.44329446554183993,0.5022881627082829,0.9994792342185974,59.784900885702235,0
441,0.4554778039455417,0.36235417922337876,0.9835792779922485,0.4588157023702353,0.3613504455203105,0.9989379048347473,0.45000168964976395,0.4972671809650607,0.996661901473999,0.44340955359595197,0.5012678759438656,0.9994964599609375,59.784900885702235,0
442,0.4554069382803784,0.3622067698410582,0.9848396182060242,0.4585721492767338,0.36008936450594975,0.9990280270576477,0.450149774551392,0.4972843939349769,0.996867299079895,0.4435370479311266,0.5007115233512156,0.999542236328125,59.784900885702235,0
443,0.45483230976831385,0.36141588716279927,0.9847315549850464,0.45888470184235386,0.3590574363867445,0.999079167842865,0.4500232097648442,0.4969736507960732,0.9968531131744385,0.44366228580474887,0.500494765383857,0.9995740652084351,59.784900885702235,0
444,0.45435131731487494,0.360495019526709,0.9857625365257263,0.4595676816645126,0.3580666383107506,0.9991549849510193,0.4498932276453294,0.4967124504702436,0.9970563054084778,0.4437872653915772,0.5001483531225299,0.9996126294136047,59.784900885702235,0
445,0.45426485510099546,0.35972231200763183,0.9867813587188721,0.46012796958287594,0.35724404596147113,0.9992254376411438,0.44978153421765316,0.49650140035720136,0.997236430644989,0.44396817968005264,0.49966500912393885,0.9996479749679565,59.784900885702235,0
446,0.454102836904072,0.3593815777982987,0.9876953959465027,0.4602207328592032,0.3571727176507317,0.9992821216583252,0.44978777993293073,0.4962831451779324,0.9973656535148621,0.4441397459734058,0.4993510459150591,0.9996762871742249,59.784900885702235,0
447,0.4556056175913133,0.360900068566913,0.9885023832321167,0.45849831615175557,0.35727264483769766,0.9993399977684021,0.4499041026546845,0.4962164858977004,0.9975206851959229,0.44431828884851404,0.49890594964935703,0.9997066259384155,59.784900885702235,0
448,0.45713661965869756,0.36308757747922654,0.9889825582504272,0.45649117799032335,0.35681159013793606,0.9993916153907776,0.45011298997061633,0.49612580878394036,0.9976089596748352,0.44437961635135503,0.49820616983232086,0.999732494354248,59.784900885702235,0
449,0.4584326658930101,0.3664298256238304,0.9889435172080994,0.4547459142548701,0.3567419052124027,0.9994059801101685,0.44998892999830736,0.4962977809565412,0.9974219799041748,0.44444863001505575,0.4976831589426317,0.9997382760047913,59.784900885702235,0
450,0.45936493078867635,0.3696796269643877,0.9878291487693787,0.45379182838258325,0.35663574366342476,0.9993797540664673,0.44962911094938046,0.4964820629074464,0.9971374869346619,0.44469801726795416,0.497293082021532,0.9997267723083496,59.784900885702235,0
451,0.4592880748567131,0.3718590864113402,0.9856266379356384,0.4537570533298314,0.35526330698104164,0.9993129968643188,0.44903367048218173,0.4966020144167404,0.9968069195747375,0.44508700427554937,0.49696960051854494,0.9997086524963379,59.784900885702235,0
452,0.457801685446785,0.37200850674084285,0.9839316606521606,0.45445039868354836,0.35326095989772277,0.9992600679397583,0.44818020008859216,0.4967144074894137,0.9966328740119934,0.4455295588288992,0.4967686292671026,0.9996992349624634,59.784900885702235,0
453,0.4560967045170924,0.3710244908219295,0.981696605682373,0.4553371625287196,0.35151746585255605,0.9991936683654785,0.4473916277998973,0.4968166777065826,0.996579647064209,0.4458947366192231,0.49657325801395275,0.9996914863586426,59.784900885702235,0
454,0.45420123140017227,0.3695733320145383,0.980392336845398,0.4563824818247844,0.3498132328192396,0.9991294741630554,0.4469815109457292,0.4968723938578655,0.9965988397598267,0.44601562477293505,0.4963763554890954,0.9996778964996338,59.784900885702235,0
455,0.452712483349301,0.368272335756393,0.978875994682312,0.45735495714914265,0.348845427944547,0.9990449547767639,0.4468484677019577,0.49696350807235395,0.9965710639953613,0.44614784774326177,0.4963991315591907,0.9996495842933655,59.784900885702235,0
456,0.4521164879912426,0.3676409948439828,0.9770152568817139,0.45765717540468526,0.34757882214727887,0.9989075660705566,0.44699010536784256,0.4969896674156193,0.9965688586235046,0.44630129564376136,0.49615694227672796,0.9996063709259033,59.784900885702235,0
457,0.4519800557976681,0.36746800513494615,0.9752161502838135,0.45705112956819116,0.3456899623076124,0.9987277984619141,0.44705039546603287,0.4968158929120931,0.9965144991874695,0.4464560378165476,0.49559973676999447,0.9995587468147278,59.784900885702235,0
458,0.45178087268556905,0.3671718637148542,0.9747058153152466,0.45706387360890743,0.3452494116056536,0.998707115650177,0.44689169242268556,0.49696215277626443,0.9966652393341064,0.4466667757147838,0.4951808069433489,0.9995593428611755,59.784900885702235,0
459,0.4515577327637449,0.36696461694581195,0.9724985957145691,0.4579617863609681,0.34602590969630675,0.9985791444778442,0.44662598768870065,0.49739737879662327,0.996675431728363,0.4469429098424461,0.4949548854714352,0.9995235204696655,59.784900885702235,0
460,0.45079134191785575,0.36624370018641184,0.9721726775169373,0.45964329299472667,0.3470850856531237,0.9985238313674927,0.446349877686728,0.4978969551268082,0.9967620372772217,0.44726722722961826,0.4950076341629033,0.9994927644729614,59.784900885702235,0
461,0.4505455948057633,0.36570686953408404,0.9719328284263611,0.4613686260722936,0.34917089343071017,0.9984890222549438,0.4461716314156854,0.49853599781081825,0.9968452453613281,0.44769070262000715,0.49545006524948887,0.999455988407135,59.784900885702235,0
462,0.45072906783648936,0.36591828720910236,0.9723362326622009,0.46229662072090916,0.35054753507886643,0.9984872341156006,0.44631151358286575,0.499221245447795,0.9969905018806458,0.4479910234610243,0.4959187521820981,0.9994450807571411,59.784900885702235,0
463,0.45104326378731535,0.3662641488370444,0.9729227423667908,0.46170744016057,0.3509131187484381,0.9984899759292603,0.4464601037048162,0.4997209565980098,0.9971222281455994,0.4481697224435356,0.49623576090449417,0.9994326233863831,59.784900885702235,0
464,0.4516676167647048,0.3668630293437416,0.9723702073097229,0.46088338607833534,0.3517981469631198,0.998338520526886,0.4466367378121334,0.5003532228015722,0.9971420764923096,0.4482914337090087,0.49667246852602315,0.9993799328804016,59.784900885702235,0
465,0.4523057852472581,0.3670380441915424,0.9703065156936646,0.45981744357517823,0.35231724097615225,0.9982206225395203,0.4468127120108836,0.5008413777464915,0.9970899820327759,0.44842490837687576,0.49697439727329107,0.9993426203727722,59.784900885702235,0
466,0.4528064458143147,0.3662893147695635,0.970390796661377,0.45896991519700947,0.35262421057337834,0.9982041120529175,0.4469458673681535,0.5009721773011349,0.9971282482147217,0.4486116483097988,0.49704988939421557,0.9993486404418945,59.784900885702235,0
467,0.4535890363511589,0.36567119047755314,0.9702958464622498,0.45855894117128315,0.3534881869951887,0.9981528520584106,0.4470562196913223,0.500951312837147,0.9972023367881775,0.4488037384691696,0.49698968160720136,0.9993404150009155,59.784900885702235,0
468,0.454138503188179,0.3650894860426588,0.9696223139762878,0.4586099542322617,0.35413985734894193,0.9980393052101135,0.4473214589414146,0.5009085990133744,0.9972987771034241,0.44890437665439825,0.49696153544244354,0.9993379712104797,59.784900885702235,0
469,0.45473566367512697,0.36459452907244394,0.969486653804779,0.45858928135463206,0.3543100839569458,0.9979189038276672,0.4479512373606368,0.5008056930133278,0.9973778128623962,0.4489271513053353,0.4969289231868021,0.9993276000022888,59.784900885702235,0
470,0.45529722032092906,0.36486950800532414,0.9692903161048889,0.4586838739258906,0.35423476781163926,0.9979742765426636,0.44879670654024434,0.5007287774767198,0.9973466396331787,0.44893259235790833,0.49695749367986447,0.999346137046814,59.784900885702235,0
471,0.45582434676942407,0.3652893773147041,0.9695194959640503,0.45870520671208737,0.3538567679268976,0.9980674386024475,0.4496445570673265,0.500616658301581,0.997251033782959,0.4489273357959024,0.49695679261570924,0.9993746280670166,59.784900885702235,0
472,0.45608302667027467,0.36705299360411536,0.9691877961158752,0.45868848477091145,0.3541167676448825,0.9980260133743286,0.4501886183307289,0.5006696695373176,0.9972330927848816,0.4489361998580754,0.49699994921684304,0.9993487000465393,59.784900885702235,0
473,0.45657556255658505,0.36918676183337285,0.9692187905311584,0.45873841501417656,0.3550429230644593,0.9980787038803101,0.4504394375142601,0.5008289757229037,0.9971978664398193,0.4489394483112157,0.4970897251651405,0.999367356300354,59.784900885702235,0
474,0.45698490029289646,0.3711524832816354,0.9693935513496399,0.45869683367865466,0.35613519520986675,0.998135507106781,0.45041914497103047,0.5011551408540639,0.997198224067688,0.4489692917891915,0.4973047844001229,0.9993883967399597,59.784900885702235,0
475,0.45744603588467586,0.37244890133539865,0.9698923826217651,0.458528558413188,0.356951876765206,0.9981944561004639,0.45043563984689294,0.5014906185013912,0.996825098991394,0.4490287389074057,0.4975522955258691,0.9993550777435303,59.784900885702235,0
476,0.45780099147842085,0.37299299382028156,0.9708049297332764,0.4582590900716332,0.3572455360775905,0.9982708692550659,0.45057241263843756,0.501761308738164,0.9969159960746765,0.4490917452744079,0.4977645462467561,0.9993796944618225,59.784900885702235,0
477,0.4579471463248847,0.3713791285242356,0.9711652398109436,0.45779903445925063,0.35672239178702975,0.9983409643173218,0.45074245759419074,0.5017746686935429,0.9969496130943298,0.4491409858067834,0.4978100770995735,0.9994035959243774,59.784900885702235,0
478,0.45759009321530697,0.36884990902174114,0.9722026586532593,0.45798988853182154,0.3561354676882429,0.99845290184021,0.4508583460535326,0.5015670174644111,0.9969184398651123,0.4491951181775051,0.4977476767131265,0.9994414448738098,59.784900885702235,0
479,0.4575340052445733,0.36597927979060607,0.974129319190979,0.4586494933991209,0.35552514450890704,0.9985889792442322,0.45108896493911776,0.5010550533022204,0.9970353245735168,0.44922713154838234,0.4976119115239102,0.9994928240776062,59.784900885702235,0
480,0.45740052631923167,0.3638077364081431,0.974390983581543,0.4594236399446219,0.3550616516953426,0.9986138939857483,0.4512882062367034,0.5005832059042798,0.996942937374115,0.449341687418166,0.49755706247829296,0.9995030760765076,59.784900885702235,0
481,0.4572147443180996,0.3629410834539507,0.9735751748085022,0.46002369835263246,0.35459510627247065,0.9986319541931152,0.4514596831230894,0.5001350158736824,0.9968491196632385,0.4495305348010294,0.4975410132181081,0.9995165467262268,59.784900885702235,0
482,0.4571380203678498,0.3633193245955879,0.974856972694397,0.460287010385877,0.354216875064941,0.9987471103668213,0.4517480731010441,0.49982573730605034,0.9969520568847656,0.4497398478644239,0.4976170985471639,0.9995569586753845,59.784900885702235,0
483,0.45719497970172374,0.3638208508491519,0.9764886498451233,0.4600644764446081,0.353849876494635,0.9988598823547363,0.4521232133819947,0.49941627042634185,0.9969921112060547,0.44990374502681585,0.4975440814381558,0.999595046043396,59.784900885702235,0
484,0.4572530956495379,0.363995486781711,0.9783942699432373,0.46008998297509734,0.3538237597261159,0.9989668726921082,0.4524834936573396,0.49893506226085527,0.9971621632575989,0.4500001470247908,0.497373237496331,0.9996338486671448,59.784900885702235,0
485,0.45722490832919205,0.3640537957350416,0.9801048636436462,0.4601060052712762,0.3530840887909847,0.9990648627281189,0.4527927253927507,0.49842992992628227,0.9973458647727966,0.4500092438289101,0.49707670438857343,0.9996691942214966,59.784900885702235,0
486,0.4570836524168654,0.3640622950735549,0.9813162088394165,0.46011079209191497,0.35210751493771897,0.9991434216499329,0.4529396281355907,0.49812067122686515,0.9974408745765686,0.449998742058164,0.49678862520626654,0.9996980428695679,59.784900885702235,0
487,0.4570129570506871,0.3640531117007849,0.9817780256271362,0.4600460614476889,0.35087558627128634,0.9991918206214905,0.4529992498102646,0.49788377682368,0.9974271655082703,0.44995523776326896,0.496520517837434,0.9997178316116333,59.784900885702235,0
488,0.4571432116485781,0.3640441880339671,0.9814990162849426,0.46007337598573633,0.34991185012317866,0.999199390411377,0.45306469429106977,0.4977928002675378,0.9972600936889648,0.44988127975236836,0.4963971120970594,0.9997217655181885,59.784900885702235,0
489,0.4573983663604376,0.3640023739564989,0.9808502197265625,0.4601414984180817,0.3492998991693772,0.9991743564605713,0.4531849977515996,0.4976068649973192,0.9970546960830688,0.4497724076112115,0.4962563642433715,0.9997036457061768,59.784900885702235,0
490,0.45767140956152086,0.3641513174488434,0.9793140888214111,0.4603737266290759,0.3493653195244928,0.9990784525871277,0.4531841136160355,0.497561647778466,0.99692702293396,0.4496704354172665,0.49623572258722254,0.9996516108512878,59.784900885702235,0
491,0.4577429564226245,0.3644518114271621,0.9748522043228149,0.460705460537048,0.3493371960662663,0.998823344707489,0.4529523068950293,0.4976238523210802,0.9967374801635742,0.4496156814552492,0.4962601817789536,0.9995598196983337,59.784900885702235,0
492,0.45744714282807886,0.3642843039262865,0.9715911149978638,0.4610488599254975,0.3494356558436442,0.9985284209251404,0.45254054239818065,0.4978245539324628,0.9966078996658325,0.4496187780584611,0.49637960110391927,0.9994469881057739,59.784900885702235,0
493,0.4568102487495971,0.36364163671221084,0.9688037633895874,0.4612725987320858,0.3491452875591462,0.9982330203056335,0.4521372630482632,0.49790194488707085,0.996489405632019,0.44965364961397114,0.4964276169027605,0.9993583559989929,59.784900885702235,0
494,0.45606243184634654,0.36280212941623896,0.96634840965271,0.461438398985636,0.3487058863753367,0.9980065822601318,0.4518488461063025,0.4977751743225828,0.9963670372962952,0.44969519688969606,0.49634430947757946,0.9992870688438416,59.784900885702235,0
495,0.45549292507625794,0.3621519392444977,0.9639002680778503,0.46143624754179124,0.3482543045566199,0.9977884888648987,0.4518055106912344,0.49749315210751166,0.9962090849876404,0.4497271151769732,0.4961090371722271,0.9991949200630188,59.784900885702235,0
496,0.45472063478969427,0.3616291838032861,0.9624080061912537,0.4611566208657768,0.3477565419106259,0.9975210428237915,0.45179990643546736,0.4973012847559797,0.9962029457092285,0.44974916463806547,0.49571807611556323,0.9990765452384949,59.784900885702235,0
497,0.45431355635325155,0.3605821969963258,0.9614701271057129,0.46068967240197356,0.3476654844624658,0.9973813891410828,0.4520552073206224,0.49679615242140673,0.9961707592010498,0.44976994395256076,0.49526494457608217,0.9990136027336121,59.784900885702235,0
498,0.4541599480878743,0.3587139163698472,0.9625072479248047,0.46043150339807815,0.3473803897698723,0.9973841309547424,0.4524329914933163,0.4961013694604242,0.9962218999862671,0.44978375661940834,0.4948359131813054,0.999011218547821,59.784900885702235,0
499,0.45437220874286877,0.35675114818981746,0.9658318161964417,0.46041131445339784,0.34732753606069683,0.9976299405097961,0.45286685370263635,0.4954096561386476,0.9963717460632324,0.4498356296902615,0.4945349920363657,0.9991006851196289,59.784900885702235,0
500,0.4543855005786536,0.35554224252700833,0.9663872718811035,0.4611209616774608,0.3479208222457344,0.9976792335510254,0.45299192979222286,0.4948774618761884,0.9962778687477112,0.449928864127114,0.49443420200120874,0.9991216659545898,59.784900885702235,0
501,0.4542881335530966,0.3548071455387845,0.966757595539093,0.4621467278117229,0.34902121765272986,0.9976909160614014,0.4528844058513645,0.49471744753065605,0.9963138103485107,0.4500565983000259,0.49463909154846597,0.999146044254303,59.784900885702235,0
502,0.453570263726371,0.3544404549258099,0.9681320190429688,0.46299824828193337,0.3512694949195501,0.9977977275848389,0.45247021317482033,0.4948671644642244,0.996435284614563,0.4501801118964245,0.4949423216638115,0.9991985559463501,59.784900885702235,0
503,0.4533247465179084,0.3539599251179471,0.9708330035209656,0.46326440005075403,0.354312435502098,0.9979956746101379,0.45236040580840375,0.49475691857792126,0.996685802936554,0.4502673830304831,0.49522210586638715,0.9992737174034119,59.784900885702235,0
504,0.45333648721377096,0.3535027503967288,0.9730594158172607,0.463171284823191,0.3563341186160136,0.9981646537780762,0.45253010307039565,0.49451433335031825,0.9968941807746887,0.4502926284358618,0.4953385123184753,0.9993385076522827,59.784900885702235,0
505,0.4543293033327379,0.3537620007991794,0.9749035239219666,0.46236619637126053,0.3578820540791469,0.9983044862747192,0.4530616658074519,0.4942224735305427,0.99704509973526,0.45028323928515157,0.49522107271921106,0.9993956089019775,59.784900885702235,0
506,0.4553440809249882,0.3545835983185544,0.9765233397483826,0.4616146215370727,0.35856365873700125,0.9984233379364014,0.4535985291004184,0.4937658097062796,0.9972013831138611,0.45027995961053063,0.4949068952174418,0.9994450211524963,59.784900885702235,0
507,0.45621640057790885,0.35520741485414076,0.9781773686408997,0.46089730376289045,0.3582319248290292,0.9985506534576416,0.4540743941352484,0.4932796344870617,0.9973194003105164,0.45023826474235207,0.49459372673715907,0.9994914531707764,59.784900885702235,0
508,0.4565539998667585,0.3558566698006224,0.9799425601959229,0.4607514767419728,0.3581630105064032,0.9986725449562073,0.4542412303742912,0.4928034061477302,0.9974534511566162,0.4501423182941622,0.4943384797800159,0.9995324015617371,59.784900885702235,0
509,0.45659570892651913,0.35626148467972196,0.9807429909706116,0.4611277069364279,0.35816139408520314,0.9987077116966248,0.4542304192270555,0.49239318001838,0.9975199103355408,0.4500289559364323,0.4941634890579046,0.9995474815368652,59.784900885702235,0
510,0.45608994648570145,0.356474836667379,0.9807436466217041,0.46194640227726563,0.3578862235659648,0.9986786842346191,0.4539939079965868,0.4922143178326747,0.9975999593734741,0.44993275262060656,0.4941066631249023,0.9995492696762085,59.784900885702235,0
511,0.45573131527219535,0.3563718199729922,0.9810582995414734,0.4625995400406069,0.357805411020915,0.9986814260482788,0.4537238279978438,0.49221757480076417,0.9976421594619751,0.4498688379923506,0.4940518907138284,0.9995591640472412,59.784900885702235,0
512,0.45558789656275833,0.35584485105105834,0.9803867340087891,0.4629559204691936,0.357915893906639,0.9985354542732239,0.4534974963892078,0.4921904220467526,0.9976698160171509,0.4498463528496882,0.49399765474455737,0.9995388388633728,59.784900885702235,0
513,0.45494126847812144,0.35278736409686895,0.9803526401519775,0.46302303246089427,0.3561354676882429,0.9984773993492126,0.45351278072311807,0.491494674058188,0.9977384805679321,0.44981489295051247,0.493766505093802,0.9995431900024414,59.784900885702235,0
514,0.4547600987411684,0.3522672937029887,0.9809204936027527,0.4631206790606185,0.35646784021740896,0.9984867572784424,0.4532696108023329,0.4912283846310211,0.9977034330368042,0.4497800951912293,0.49408453277179215,0.9995453357696533,59.784900885702235,0
515,0.45507017771403035,0.3529616225333444,0.9822136163711548,0.46308426913760997,0.35798968587602914,0.9986028075218201,0.452884666976475,0.4913102317424052,0.9978101849555969,0.4497339157831105,0.4946724176406865,0.9995831251144409,59.784900885702235,0
516,0.4555141670363294,0.3543923979713806,0.982445240020752,0.46307322382926974,0.3600362652824041,0.9985457062721252,0.45239211264110785,0.4916781414122813,0.997742235660553,0.4496950322673438,0.49540285837082676,0.9995589852333069,59.784900885702235,0
517,0.4558875291120442,0.35536422048296273,0.9826987981796265,0.4630856570743383,0.36184836569286555,0.998488187789917,0.4519518996988028,0.49221391904921796,0.9977917075157166,0.44966695138386353,0.4961294872420179,0.9995502233505249,59.784900885702235,0
518,0.4564989436240427,0.3554569170588542,0.983502984046936,0.46283322572708163,0.36299204826355014,0.9985618591308594,0.45171642729214295,0.49264919474011415,0.997800886631012,0.4496305712631774,0.49672827976090606,0.9995699524879456,59.784900885702235,0
519,0.4562330856209713,0.352766607488905,0.9847323894500732,0.46249219917115747,0.3610729191984452,0.998676061630249,0.4518612750938964,0.49233877091180756,0.9978868961334229,0.44958907933462267,0.49691811203956643,0.999603271484375,59.784900885702235,0
520,0.45512152285802965,0.3522653764202484,0.9858112931251526,0.463571226313001,0.36025265001115375,0.998777449131012,0.45178274739356306,0.49226606885592183,0.9979584217071533,0.44962102174758944,0.4972927953515738,0.999632716178894,59.784900885702235,0
521,0.4535972007683349,0.35220327121870887,0.9865643978118896,0.46521592707861076,0.3594678895814081,0.9988664388656616,0.4516397998446513,0.49211212141173266,0.9980292320251465,0.4496879875659946,0.4974869432903475,0.9996580481529236,59.784900885702235,0
522,0.45206386702401335,0.3524501777830581,0.9872440695762634,0.4669455105350135,0.35892292715254315,0.9989418387413025,0.45143465342975836,0.49193087504023636,0.9981204271316528,0.4497719733487996,0.49753384930746936,0.9996823668479919,59.784900885702235,0
523,0.4507177202474507,0.35263245446341407,0.9878988265991211,0.46829062132608357,0.3584883823281245,0.9990172386169434,0.4511914168085374,0.4917552357628236,0.9981865882873535,0.449852070638112,0.497486565794264,0.9997029304504395,59.784900885702235,0
524,0.4502086596829554,0.35291244728224647,0.9879947900772095,0.4688245583148234,0.3585035715784348,0.9990491271018982,0.45095893740654025,0.49163164127440717,0.9981773495674133,0.4499031574953174,0.49751360501561886,0.9997097849845886,59.784900885702235,0
525,0.4505768602802644,0.3531698797430314,0.9883291721343994,0.4679459886891505,0.3584565208071757,0.9990962147712708,0.45100641108694567,0.49149896985008645,0.9981971979141235,0.44987224964868494,0.4974037706851963,0.9997218251228333,59.784900885702235,0
526,0.4511765837669376,0.35338497019949444,0.9891340136528015,0.4669502207211089,0.3580925720078607,0.9991713762283325,0.45117994859105104,0.4913319264139452,0.9982591271400452,0.4498221831662318,0.4970235001473204,0.9997434020042419,59.784900885702235,0
527,0.45172682546433984,0.3533673882484439,0.9897363781929016,0.4658399337813971,0.35712621325538296,0.9992284178733826,0.4514104354949228,0.4911243589151477,0.9982568025588989,0.4497716270741966,0.4964877367019657,0.9997579455375671,59.784900885702235,0
528,0.4514847511336921,0.35303549113727783,0.9900872707366943,0.46575452884038326,0.355862318050294,0.9992607235908508,0.4514733538741161,0.49095902414549003,0.9982629418373108,0.44982021621295426,0.4960389392716548,0.9997655153274536,59.784900885702235,0
529,0.45021248999096136,0.35271612377393846,0.9905899167060852,0.46688606199764104,0.35450294897669865,0.9993032813072205,0.4512954453627272,0.4909094756557832,0.9983296394348145,0.44992530913580064,0.49574365644227936,0.9997788667678833,59.784900885702235,0
530,0.44881724743616047,0.35284743706385324,0.9911448359489441,0.46820804618653833,0.3531919192700162,0.9993515014648438,0.4511265868232367,0.49083589372180797,0.9984163641929626,0.44983353643190327,0.49531517993836216,0.9997948408126831,59.784900885702235,0
531,0.44896379680860643,0.3523930637609394,0.9917409420013428,0.46777865574473465,0.352061592397236,0.9994051456451416,0.45151788563955436,0.4905835787455245,0.998494029045105,0.4495656135536379,0.4945287974107837,0.9998112916946411,59.784900885702235,0
532,0.4511717430182869,0.3516227759066085,0.99219810962677,0.4654951152347387,0.351841979083561,0.9994542598724365,0.45228288429124053,0.49007751260485005,0.9985379576683044,0.4491504075981325,0.4935289876801631,0.9998266100883484,59.784900885702235,0
533,0.4542356545016883,0.3504634641465689,0.9925952553749084,0.4623132475784851,0.3526441483270557,0.9994972944259644,0.45325593721298985,0.4894029583249777,0.998572051525116,0.4486871730713621,0.4926686698482154,0.9998408555984497,59.784900885702235,0
534,0.4565845770495282,0.34907529183796504,0.9930741786956787,0.4600624200843633,0.35394126034918316,0.9995381832122803,0.4541066955952421,0.4887859338805793,0.9986175894737244,0.4483613613105959,0.49223018969808346,0.9998549818992615,59.784900885702235,0
535,0.45793706888244307,0.3485698756717503,0.9933910369873047,0.4590841077622917,0.3559100571132845,0.9995730519294739,0.45467628183819037,0.4883896523997901,0.9986205101013184,0.4481591653256193,0.49217692301386917,0.9998668432235718,59.784900885702235,0
536,0.4583705535956795,0.34897744229861694,0.9935094714164734,0.45923537441662415,0.35807297343299527,0.9995926022529602,0.4547964362871083,0.48821199791772063,0.9986056685447693,0.4479404347283503,0.4921991739954271,0.9998747706413269,59.784900885702235,0
537,0.4585055652118868,0.34924184282620774,0.9938294887542725,0.46016042289279796,0.36142247773352154,0.9995973110198975,0.45454730306352925,0.4883813077495216,0.9985879063606262,0.4478366176287337,0.4925449476355602,0.9998718500137329,59.784900885702235,0
538,0.45854228025391025,0.3494614149842946,0.9940425157546997,0.461353957653046,0.3654137097653891,0.9996061325073242,0.4540256574040371,0.48854163714817633,0.9985339641571045,0.44780883618763556,0.493121167023977,0.9998555183410645,59.784900885702235,0
539,0.4583137787523728,0.3493774703570778,0.9941014051437378,0.4623851591632484,0.36802885645911837,0.9996108412742615,0.45350921437853897,0.4885040493238544,0.9983383417129517,0.4478568959803812,0.49383339285850564,0.9998106956481934,59.784900885702235,0
540,0.45836471092133335,0.34941908007576383,0.9943848252296448,0.46182533105214474,0.3684332072734836,0.9996305108070374,0.4532688884508046,0.4883270320438207,0.9983123540878296,0.44757807254791293,0.4941112399101261,0.9998226165771484,59.784900885702235,0
541,0.4590304550670446,0.3497363059293659,0.9945850968360901,0.4598917691480549,0.36714743716376197,0.9996507167816162,0.45360691348711685,0.4877852329186035,0.9982762932777405,0.446951277199246,0.49364905130295567,0.9998340606689453,59.784900885702235,0
542,0.4594458866687052,0.35041853927430683,0.9947911500930786,0.45796528884342774,0.3653872680096402,0.9996727705001831,0.4537168783800946,0.4874350911095032,0.9982773065567017,0.4462529307320008,0.4928512331985296,0.9998471140861511,59.784900885702235,0
543,0.45955537756284115,0.35155456264813767,0.9951393604278564,0.45685227995827127,0.3643411596616112,0.9997019171714783,0.4535378870509923,0.4875374578294304,0.9983653426170349,0.44568624808674806,0.49215588257426346,0.9998616576194763,59.784900885702235,0
544,0.45891363989739226,0.35276602137656465,0.9951671957969666,0.45692426533926134,0.3634336306935268,0.9997064471244812,0.45322955222356925,0.48781431430862104,0.9983602166175842,0.44543393311046453,0.4916412887119116,0.9998690485954285,59.784900885702235,0
545,0.4579130865278702,0.3537653145335973,0.9953359961509705,0.45790750923610907,0.3622970524288362,0.9997270703315735,0.45286614980016476,0.4882023944741207,0.9984334111213684,0.4454988610176817,0.4914422617072155,0.9998807311058044,59.784900885702235,0
546,0.4566427298954559,0.35470002180054105,0.995577335357666,0.45876966629709554,0.3603413459800542,0.9997490644454956,0.45221839348475174,0.4886252170517335,0.998502254486084,0.4455621682462242,0.4912983406157725,0.9998912811279297,59.784900885702235,0
547,0.45551851817539796,0.3552654655206774,0.9952295422554016,0.4596566345010489,0.35811683109828435,0.9997372031211853,0.45174869185402317,0.4887375292323888,0.998416006565094,0.44553465076855286,0.4910982974937988,0.9998942017555237,59.784900885702235,0
548,0.45441211831002043,0.3557891107740859,0.9948097467422485,0.46002245800835784,0.3564461512225018,0.9997285008430481,0.451146951743535,0.4888759113493424,0.9983675479888916,0.4454592210905896,0.4909945172922956,0.9998963475227356,59.784900885702235,0
549,0.4540399185248787,0.35628798604011563,0.9948030710220337,0.4597530904270357,0.3551212861424404,0.9997397661209106,0.45073740964844144,0.48898439889862466,0.9983702898025513,0.44535614762987447,0.49094569399243354,0.9999027252197266,59.784900885702235,0
550,0.45419937372207675,0.3565302562145963,0.9948605895042419,0.45904430747032204,0.35488210547538057,0.999737024307251,0.45067250728607217,0.4889414835543863,0.9983500242233276,0.4452419777711236,0.49091690494900697,0.9999076128005981,59.784900885702235,0
551,0.4546450844832833,0.3556475582576936,0.9940910935401917,0.45876988484745973,0.3557982984043306,0.9996299743652344,0.45082491920107925,0.4888355661006205,0.9981648921966553,0.44516948575065285,0.49095940447989006,0.9998942613601685,59.784900885702235,0
552,0.4541699063210264,0.35388030466579284,0.9937726259231567,0.4599281634603231,0.35619166919163325,0.9995702505111694,0.4506907888821197,0.4886639799390524,0.9980329275131226,0.44534451053256113,0.4910831039860139,0.9998888969421387,59.784900885702235,0
553,0.45363532929193445,0.3519737763064251,0.9933366179466248,0.46154032008988555,0.3564267683596841,0.9995213150978088,0.4505198654674352,0.4884611495903564,0.9979720115661621,0.4456060273306714,0.49120262123289604,0.9998850226402283,59.784900885702235,0
554,0.45310515732992296,0.3504736309959778,0.9934194087982178,0.46266993880271945,0.3572649004913514,0.9995275735855103,0.4502917173362917,0.48828380164646007,0.9979689717292786,0.44586663161005324,0.4913277455738616,0.9998881816864014,59.784900885702235,0
555,0.45337017093386006,0.34986153386888075,0.9933631420135498,0.46271061045782946,0.35866413939566866,0.9995115399360657,0.45019940535227493,0.48818501262437763,0.9978399276733398,0.4460197644574305,0.4914827105544866,0.9998836517333984,59.784900885702235,0
556,0.4544797837734226,0.350147054308937,0.993209719657898,0.4611323348113473,0.3603493471940361,0.9994881749153137,0.4503468346028105,0.4881307284037276,0.9976398348808289,0.44591107822599896,0.49158740327471817,0.9998712539672852,59.784900885702235,0
557,0.4555734921069376,0.35038152478990126,0.9933359622955322,0.45936433332307036,0.36181949717657935,0.9994938373565674,0.4506813642524541,0.4880925998801281,0.9976560473442078,0.4456558710052857,0.4916695129303709,0.9998736381530762,59.784900885702235,0
558,0.4560840683324,0.3501671708765487,0.9931170344352722,0.4583442878155485,0.36173802898043705,0.9994534254074097,0.45102669795354244,0.48805504611560313,0.9976118803024292,0.44546936523346703,0.49177819632348596,0.9998674988746643,59.784900885702235,0
559,0.45642317902474216,0.3498517104557585,0.9934766888618469,0.4576346107891631,0.3607211921896256,0.9994894862174988,0.45130123978569436,0.4880367077532273,0.997712254524231,0.4453335858526688,0.4918988119988218,0.9998772144317627,59.784900885702235,0
560,0.45636949794633086,0.349577510640735,0.9934285879135132,0.4575509996641254,0.36005969558443374,0.9994625449180603,0.4513176452545896,0.48815434745379893,0.9977561235427856,0.4453187769367585,0.49213126017933845,0.9998762011528015,59.784900885702235,0
561,0.45626048105103667,0.3494330020177935,0.9934312105178833,0.45761289483024997,0.35910902562595576,0.9994667768478394,0.4512231307370326,0.4883233876455402,0.9977648854255676,0.4453353839261195,0.49238599765868457,0.9998780488967896,59.784900885702235,0
562,0.4560210733186635,0.3494134971073698,0.993515133857727,0.45760393000784405,0.3580583986781895,0.9994778037071228,0.45105105354672426,0.4885087070010961,0.9978087544441223,0.44531591307549284,0.49260542790095047,0.9998829364776611,59.784900885702235,0
563,0.4560352918647588,0.3497754079954968,0.9935584664344788,0.45739972023736897,0.35718942965780015,0.9994980096817017,0.4509693199679969,0.4886654019355778,0.9978904128074646,0.4452673977329621,0.4927071332931523,0.9998910427093506,59.784900885702235,0
564,0.45647085138729676,0.3504338463147484,0.9930256605148315,0.4570618754341492,0.3574464165029074,0.9994531273841858,0.450960552408582,0.4888783111458737,0.9978629946708679,0.4452400732608072,0.4928163588047032,0.9998838305473328,59.784900885702235,0
565,0.4571505529539929,0.3513848270688741,0.9920309782028198,0.45664416040693045,0.35887583806401235,0.9993069171905518,0.45101099922543514,0.48908847996166815,0.997768223285675,0.44522030012948205,0.4929195557321825,0.9998600482940674,59.784900885702235,0
566,0.45782654200281453,0.35222977967489366,0.9919100999832153,0.4563419676962357,0.36114550346419955,0.9992541670799255,0.45105080377487944,0.48931593554360564,0.9977331161499023,0.445225971085685,0.49303888706933924,0.9998419880867004,59.784900885702235,0
567,0.45822540209406937,0.352570705470585,0.9919411540031433,0.4561758765152526,0.36241799167224364,0.9992185235023499,0.45109897993859827,0.489447436162404,0.9977554082870483,0.4452255822363358,0.493083591972079,0.9998346567153931,59.784900885702235,0
568,0.45825151176679735,0.35207479908352834,0.9918041229248047,0.45615792132559313,0.36243238051732407,0.9991695880889893,0.45111528464726075,0.4895301333495553,0.9977844953536987,0.44523444204103413,0.49313633498691417,0.9998307824134827,59.784900885702235,0
569,0.45823648713883935,0.35182558212961496,0.9917187690734863,0.45601962719644856,0.3612249862580075,0.9991620182991028,0.45113122605142175,0.4895954784892858,0.9978551268577576,0.4452427299249743,0.4931866342113136,0.9998367428779602,59.784900885702235,0
570,0.458367140520187,0.3524619312513445,0.9920474886894226,0.4557939398856394,0.36100622160094153,0.999198853969574,0.45098333841278476,0.48987920369420773,0.9979491829872131,0.445243726174037,0.49332759777704915,0.999846875667572,59.784900885702235,0
571,0.458451806079774,0.3535410662492119,0.9918369054794312,0.455598788602012,0.361145486434301,0.9992119073867798,0.45071718522480586,0.49025972826140307,0.9979786276817322,0.4452391777719774,0.49352148317155425,0.9998522996902466,59.784900885702235,0
572,0.45844805098715324,0.3545857384091335,0.9915613532066345,0.4555011561938698,0.36120311844916597,0.9991931319236755,0.45039781218483377,0.4906091761021391,0.9979569315910339,0.44523090266046106,0.4936340465432126,0.9998489618301392,59.784900885702235,0
573,0.45812955782527054,0.35513006505512085,0.991554319858551,0.4555626568340123,0.360536683173407,0.9991950988769531,0.45007826175008536,0.4908272808506379,0.9979807138442993,0.44522670195216263,0.4936235405149918,0.9998477101325989,59.784900885702235,0
574,0.4577916406449821,0.3549512795039589,0.9916216731071472,0.45563359345708615,0.35962934721083895,0.9992111325263977,0.4498722056547804,0.4908968196028759,0.9980034232139587,0.445218540373303,0.4935733519849327,0.9998490810394287,59.784900885702235,0
575,0.45748721276010823,0.35481241487321424,0.9917398691177368,0.45562628337315186,0.35897134599231567,0.9992307424545288,0.4497826638675875,0.4908479480516347,0.9980348944664001,0.4452071331796196,0.49351156609399016,0.9998531341552734,59.784900885702235,0
576,0.4570290588197258,0.3546336179687866,0.9915955066680908,0.45599284200441303,0.35862616697947214,0.9991881251335144,0.4496810067267648,0.49082686787559915,0.997930645942688,0.4452055848780136,0.49349439569882025,0.9998351335525513,59.784900885702235,0
577,0.45655624781336146,0.35447625744910494,0.990665078163147,0.45652376753943347,0.3580751050086251,0.9991132020950317,0.44961921090171486,0.4908369595096229,0.9978371858596802,0.44521337321826426,0.49353247597104066,0.9998120665550232,59.784900885702235,0
578,0.4561528549307873,0.35428508832341177,0.9900915622711182,0.4570487496398748,0.35690536101659165,0.9990643262863159,0.44959018627802566,0.49081879286539026,0.9978192448616028,0.4452252501533148,0.4935062144483843,0.9998043179512024,59.784900885702235,0
579,0.45580054322878555,0.35405519037019667,0.9886417388916016,0.45744938935552365,0.3554214948699591,0.9989738464355469,0.44961549980299853,0.49075643363453136,0.9977462887763977,0.44520624904405537,0.4934244837079733,0.9997977614402771,59.784900885702235,0
580,0.4557105104128523,0.3542474550860272,0.987887978553772,0.45759780634017255,0.35449076408431673,0.9989423155784607,0.44957399794033637,0.4906593206382937,0.9977023005485535,0.44516375660896335,0.49332995783715067,0.9997982978820801,59.784900885702235,0
581,0.4559740622838342,0.35470911008971107,0.986186683177948,0.4574730694293979,0.35443240120297415,0.9988184571266174,0.44948312356358516,0.49056401706877245,0.9975161552429199,0.4450934444155015,0.4932545267400291,0.9997743368148804,59.784900885702235,0
582,0.4563144927933106,0.3552192080588571,0.985051155090332,0.4575299521287286,0.35474225878715543,0.9986996054649353,0.44933000916526467,0.49058913049243785,0.9973666071891785,0.4450357556343082,0.49329240265346747,0.9997403025627136,59.784900885702235,0
583,0.4570418610459286,0.35582868258158395,0.9834833145141602,0.4574249145530523,0.35528413596607417,0.9985710978507996,0.4491714423611054,0.49076402187347457,0.9971693158149719,0.44501127799352047,0.4934301773707076,0.9997029900550842,59.784900885702235,0
584,0.4580698992524832,0.35642742684909307,0.9837481379508972,0.4569031837440676,0.3552909961768562,0.9985119104385376,0.44908276626042,0.4909739962645943,0.9970101714134216,0.4449863618328461,0.4935710628827417,0.9996740818023682,59.784900885702235,0
585,0.4586706374372758,0.35629179789906484,0.9829692244529724,0.4566944071224761,0.35488655737468205,0.9984299540519714,0.4491150563671479,0.4911410893712729,0.9968618750572205,0.4449367054871154,0.4937072822025848,0.9996345639228821,59.784900885702235,0
586,0.4579058147612076,0.3553070525328321,0.9821943640708923,0.45816479978107305,0.3543221326101397,0.9983819127082825,0.44893141587575314,0.4911704063415531,0.9969000220298767,0.44490298628807107,0.49376884954316314,0.9996216893196106,59.784900885702235,0
587,0.456259233610971,0.3535382761841731,0.9828364253044128,0.4604206212929321,0.3536423487322674,0.9984859824180603,0.448667950573422,0.4909654344831198,0.9970375895500183,0.44486430003529537,0.4937402932416829,0.999646008014679,59.784900885702235,0
588,0.4537664552529657,0.3513554888112207,0.9838772416114807,0.46323371926943496,0.35323135767664254,0.9986048340797424,0.4481827474775772,0.4906415485200432,0.9972227215766907,0.44487715193203553,0.49374816105479324,0.9996758103370667,59.784900885702235,0
589,0.4516440913790752,0.34862180408977356,0.9847601652145386,0.46545515457789144,0.35304670958291945,0.9987096786499023,0.447795737357367,0.48990952400934173,0.9973815679550171,0.4449258446693424,0.4936514482611706,0.9997018575668335,59.784900885702235,0
590,0.4508983294169111,0.34650997746558443,0.9853700995445251,0.46602918704350826,0.3528616442566829,0.998775839805603,0.4477662146091465,0.48913409880229447,0.9975129961967468,0.4449052569412053,0.49350540268988874,0.9997203946113586,59.784900885702235,0
591,0.45133025589443426,0.3451774560269858,0.9863590598106384,0.46501049399375954,0.3526129623254143,0.9988777041435242,0.4480609155836563,0.4886138921692262,0.9976724982261658,0.4447897828760604,0.49333049285979536,0.99974524974823,59.784900885702235,0
592,0.4521380918366572,0.34464300672213266,0.9861494302749634,0.4638329730147411,0.3520709332965672,0.9989050626754761,0.44842882667269063,0.48845512242544303,0.9977057576179504,0.44463285094215793,0.4931173140094398,0.9997584223747253,59.784900885702235,0
593,0.4529045366105583,0.34499333869843285,0.9838168025016785,0.46251668674605273,0.35097722354389405,0.9987384080886841,0.4487854256516415,0.4886762045678642,0.9976491928100586,0.44448541033835676,0.49292729440189587,0.9997466206550598,59.784900885702235,0
594,0.45321072283245306,0.34571360122589867,0.9824295043945312,0.46167058746020034,0.35096422973133296,0.9986855983734131,0.4489192849113831,0.4890923045930412,0.997625470161438,0.44442315754436346,0.49288661423183666,0.9997454285621643,59.784900885702235,0
595,0.45363497166406574,0.3461134220872609,0.9823989272117615,0.4610716076124286,0.3518121214140032,0.9987221360206604,0.44902473404294,0.4893021313917073,0.9976946711540222,0.4444333187171394,0.49288394905272026,0.9997565150260925,59.784900885702235,0
596,0.4542985388210845,0.3463804225126905,0.9831860661506653,0.4606451888879144,0.35336322159994243,0.998797595500946,0.44920783099674083,0.4894644547076456,0.9977875351905823,0.4444670776526137,0.49298576372010405,0.9997744560241699,59.784900885702235,0
597,0.4554928754057207,0.3470264900298349,0.9839365482330322,0.45975467704591333,0.3551103203069599,0.9988742470741272,0.4494381518591022,0.4897141683669321,0.99786376953125,0.4444768173354016,0.4931075402668548,0.99979168176651,59.784900885702235,0
598,0.45669636272248804,0.3476316205092842,0.9850255250930786,0.45883452608471864,0.35586822032928495,0.9989732503890991,0.4496235350767775,0.4900136306172329,0.9979794025421143,0.4444960852464043,0.4932100616750267,0.9998108148574829,59.784900885702235,0
599,0.4575618746734804,0.3480615842910043,0.9858496189117432,0.4581318455083033,0.35530684959320824,0.9990506768226624,0.4497957641170143,0.4903277868316291,0.998009979724884,0.4445285044965293,0.49327027797699013,0.999825119972229,59.784900885702235,0
600,0.4581819077332818,0.3482198402995158,0.9867163300514221,0.4574998631363827,0.35484014806293335,0.9991275072097778,0.44995902975400326,0.490536505267734,0.9980670809745789,0.44456280696959755,0.49331879615783736,0.9998390078544617,59.784900885702235,0
601,0.45863175250235094,0.34814757818267483,0.9876160025596619,0.45702712308792875,0.3542593050570718,0.9992028474807739,0.45013636634463394,0.4906513364542102,0.9980956315994263,0.4445955568835852,0.4933369273231147,0.9998525381088257,59.784900885702235,0
602,0.45878253948120884,0.34819029058728923,0.9883270263671875,0.4566844517276404,0.35426581473577623,0.9992696642875671,0.45038090291477423,0.49062629966508814,0.9981233477592468,0.44458087427275556,0.49334021267436845,0.9998645782470703,59.784900885702235,0
603,0.458771775166194,0.3492922811281116,0.9890273809432983,0.45642001997856907,0.35489980237824603,0.9993342161178589,0.4505746918065211,0.490644957338061,0.9981613755226135,0.4445035713059565,0.49337219908123964,0.9998765587806702,59.784900885702235,0
604,0.45852443575859103,0.35044310490290353,0.9896725416183472,0.45624358029592643,0.3554267727193381,0.9993917942047119,0.45066303724334394,0.4905693431695306,0.9982154369354248,0.4443631768226627,0.49339287479718563,0.9998875856399536,59.784900885702235,0
605,0.4582990322794237,0.35108412589345683,0.9901172518730164,0.4562300301733475,0.35585327943166123,0.9994440078735352,0.45078573482377227,0.49028446135066844,0.9982882142066956,0.44418635112898724,0.4934256389027554,0.9998977780342102,59.784900885702235,0
606,0.45792281485739245,0.3521036633423399,0.9901755452156067,0.4568146907147911,0.3564779886177611,0.9994884133338928,0.4504100893224992,0.49022152452241846,0.9983136653900146,0.4440929009800869,0.49363332561084244,0.9999066591262817,59.784900885702235,0
607,0.4572822082610361,0.352984591608956,0.9907450079917908,0.4578004067852387,0.3567001251947315,0.9995312690734863,0.44979153360639335,0.49040386506489386,0.9984042644500732,0.4441070173467912,0.4939216999780568,0.9999150633811951,59.784900885702235,0
608,0.4565799931685134,0.35383691248439636,0.9904086589813232,0.45868653059005776,0.35666145881017075,0.9995329976081848,0.4491680193515055,0.4908640256949837,0.9984071254730225,0.44417161033267105,0.4941993497666862,0.9999164342880249,59.784900885702235,0
609,0.4558510482311252,0.35485560837246155,0.9900993704795837,0.45919465451013514,0.35588952473231755,0.9995465278625488,0.44870047342209624,0.49148279854229554,0.9984266757965088,0.44421048391433027,0.49437787986937065,0.9999209642410278,59.784900885702235,0
610,0.4553334613641107,0.3552005787690483,0.9891771078109741,0.45917707397824276,0.3557647778874355,0.9995245337486267,0.4483906271911806,0.49193928639094076,0.9983953237533569,0.44417560668218736,0.49447535617010974,0.9999208450317383,59.784900885702235,0
611,0.4549766197091061,0.35462156647727633,0.9893960952758789,0.45873678582055266,0.3563653159709207,0.9995430707931519,0.44831973598116953,0.4920101293495727,0.998449981212616,0.44402484808649373,0.4945075270675482,0.9999260902404785,59.784900885702235,0
612,0.4550702657018393,0.35435589580308857,0.9901317358016968,0.4582164046310247,0.35799249013265,0.9995783567428589,0.44844140609105465,0.491963040261042,0.9985277652740479,0.44386255457287777,0.4946279057434631,0.9999324083328247,59.784900885702235,0
613,0.45541857679684994,0.3541495445228761,0.9906430840492249,0.4576113067922141,0.35948941395396306,0.9996098875999451,0.44885737129620185,0.4916416392439892,0.9985840916633606,0.4437073710418886,0.4947145084540053,0.9999380707740784,59.784900885702235,0
614,0.45586734016736385,0.35428133464994915,0.9909926056861877,0.45739322191193027,0.3603351329054154,0.9996373057365417,0.4493070372513366,0.4912992999667217,0.9986317753791809,0.4436396928060625,0.49474732364927054,0.9999430179595947,59.784900885702235,0
615,0.45567037378038716,0.3540927327814559,0.9912204146385193,0.45765445204008226,0.35851492626326453,0.99965900182724,0.44963076852616846,0.4910077835832327,0.9986679553985596,0.4437068856897812,0.4946753411065969,0.9999458193778992,59.784900885702235,0
616,0.4565374737694154,0.35363799049740774,0.9915818572044373,0.4582737386226658,0.3589290579160057,0.9996813535690308,0.4498404505706972,0.49064133848462826,0.9987257719039917,0.4438842080888298,0.49464805920918825,0.999950110912323,59.784900885702235,0
617,0.457916386070706,0.3535955576669605,0.9917522072792053,0.45873645941416463,0.360568600041526,0.9997005462646484,0.44988872039885786,0.49032408708617836,0.9987758994102478,0.4440557644480754,0.4946944585868294,0.9999538064002991,59.784900885702235,0
618,0.4594121277332309,0.3536782477583207,0.9924755096435547,0.4588341216246291,0.3629473532949178,0.9997263550758362,0.450241517452967,0.49001676553771645,0.9988575577735901,0.44417898427872465,0.4948592668487916,0.9999580383300781,59.784900885702235,0
619,0.4607337273302536,0.3541061182816826,0.993031919002533,0.45856714532488907,0.3650059600671135,0.9997493028640747,0.4506918262867704,0.48971147764296796,0.9989246726036072,0.444220107226145,0.4950743601435711,0.9999619126319885,59.784900885702235,0
620,0.46124765986488014,0.35485496549379286,0.993611752986908,0.4583783390976137,0.3666068613529208,0.9997710585594177,0.45096659660339394,0.48955407454854005,0.998988926410675,0.44417699036144115,0.49529457376116837,0.9999654293060303,59.784900885702235,0
621,0.4603888576938996,0.3550384158179877,0.9940996170043945,0.45822427953992606,0.36473357393628103,0.9997918605804443,0.45108011790684327,0.4895015273775377,0.9990489482879639,0.4441241182032089,0.49524114671207653,0.9999686479568481,59.784900885702235,0
622,0.46035077174504635,0.3550187803450088,0.9944717884063721,0.4579467773437504,0.3628522555033369,0.999809205532074,0.45119695578302693,0.489374031623205,0.9990972280502319,0.4439853557518554,0.494964637926647,0.9999714493751526,59.784900885702235,0
623,0.461075550033933,0.3553475226674764,0.99467933177948,0.45671424695423707,0.3616852561632795,0.9998231530189514,0.4514212466421585,0.4892450258845379,0.9990990161895752,0.44365978382882654,0.4945134662446526,0.999973714351654,59.784900885702235,0
624,0.461934525342215,0.35504851454780245,0.9949383735656738,0.45523971035367,0.3624621743247626,0.9998350143432617,0.45172602931658457,0.48911873073804985,0.9990684390068054,0.4432771205902103,0.49413286362375575,0.999975323677063,59.784900885702235,0
625,0.4628678389957977,0.35442115579332656,0.9952151775360107,0.4539161281926295,0.36450273791948984,0.9998321533203125,0.45200330870492156,0.4889846245447798,0.9990581274032593,0.4429622746649246,0.49391037225723305,0.9999741315841675,59.784900885702235,0
626,0.4630730804942907,0.35328685243924485,0.99550461769104,0.45336647970335864,0.3674611278942656,0.9998312592506409,0.4521181058316007,0.4888550142447158,0.9990603923797607,0.4427606534390226,0.49382571095512073,0.9999719262123108,59.784900885702235,0
627,0.4626591716493883,0.3520827577227641,0.9955545663833618,0.4534998323236197,0.36885829057012315,0.999817430973053,0.4521279065381917,0.48870979604266973,0.9989786148071289,0.44272700235957224,0.49372828858239354,0.9999656081199646,59.784900885702235,0
628,0.4619231621424361,0.35106437688782133,0.9957006573677063,0.4542264186200645,0.36764339747883057,0.9998106956481934,0.451980068570092,0.488596401044301,0.9988647699356079,0.44277439798627616,0.4934423807121463,0.9999473094940186,59.784900885702235,0
629,0.46191698454675256,0.3513492232277282,0.9954854846000671,0.45424902155285823,0.36495832176435594,0.9997882843017578,0.4519454992952805,0.48857822730427736,0.9986645579338074,0.44277926002229995,0.4929228084427974,0.9999353289604187,59.784900885702235,0
630,0.46240774790446004,0.35208162949198796,0.9955894947052002,0.45383144134566933,0.361984091145652,0.9997790455818176,0.4519813259442651,0.48865585383914806,0.9985418915748596,0.44278792824064017,0.492398104497365,0.9999304413795471,59.784900885702235,0
631,0.46317955141975803,0.3528174431551073,0.9957255721092224,0.45296970009803805,0.3586885432402296,0.9997693300247192,0.45207609165282514,0.4887287687687651,0.9984464049339294,0.4427974422772729,0.49198407502401487,0.9999276399612427,59.784900885702235,0
632,0.46341107288996414,0.3538101528372086,0.9959830045700073,0.45211053462255607,0.35623099406560294,0.9997856616973877,0.4521371991861438,0.4888818703946617,0.9984822273254395,0.44280357871736836,0.49174572314534903,0.9999335408210754,59.784900885702235,0
633,0.46405250401723985,0.3560990123521717,0.9961670637130737,0.4514642357826236,0.35449589717955843,0.9997886419296265,0.45218328209150443,0.48912847893578704,0.9984821677207947,0.44280468991824595,0.4916862660930274,0.9999364018440247,59.784900885702235,0
634,0.4647112545512976,0.3592488382543839,0.9961938858032227,0.4510602425961271,0.3553248799982528,0.9997820258140564,0.4522609001114259,0.48964890270006123,0.998400092124939,0.4428048431873325,0.49181883675711535,0.9999345541000366,59.784900885702235,0
635,0.46537485292979686,0.3626426500933514,0.9963661432266235,0.45126835221336037,0.3566677002679737,0.9997785091400146,0.4522141118844354,0.49038901499339554,0.9983363747596741,0.44290829698244766,0.4921428135463174,0.9999351501464844,59.784900885702235,0
636,0.46570354983920176,0.3650771961325694,0.9962263703346252,0.4521717202095762,0.3587084171317875,0.9997715950012207,0.4520415720485509,0.49107729111399007,0.9980118274688721,0.4430549017020638,0.4926351919060666,0.9999246001243591,59.784900885702235,0
637,0.46549834523882216,0.3657349461600897,0.9958727955818176,0.4534574718702411,0.35893698391460266,0.9996746182441711,0.4516874750455224,0.4917899639833545,0.997617244720459,0.44332870557194703,0.493143554244723,0.9998787045478821,59.784900885702235,0
638,0.4645407824289235,0.3652306383564362,0.9955951571464539,0.4546937417416349,0.3569969989004592,0.9996556639671326,0.45127264232862596,0.492575912248521,0.9972350001335144,0.44365950283550115,0.49357882425898636,0.9998697638511658,59.784900885702235,0
639,0.463914662599564,0.3648353758312409,0.9940394759178162,0.45569579941885846,0.35439896015893874,0.9995330572128296,0.4509421771480927,0.4932762852736886,0.9969764351844788,0.44395528804688256,0.4937291017600472,0.9997638463973999,59.784900885702235,0
640,0.46387006129537345,0.3648620049158735,0.9916215538978577,0.4560745415233434,0.3554899834451224,0.9993840456008911,0.45091412748609305,0.4940681812309088,0.9965881705284119,0.444128201121376,0.4938444523584279,0.9996756911277771,59.784900885702235,0
641,0.46361584464709,0.36450016782397343,0.9897241592407227,0.4566666228430616,0.35607396279062575,0.9992439150810242,0.45079753228596314,0.4949762054852081,0.9961978197097778,0.44428370254380395,0.49425841938881687,0.9995726346969604,59.784900885702235,0
642,0.46311169862747226,0.36403374161039115,0.9886603951454163,0.45734057965732794,0.35488470253490295,0.9990885257720947,0.45061122235797735,0.49566802098637575,0.995677649974823,0.4443754809243342,0.49483351480393223,0.9994827508926392,59.784900885702235,0
643,0.46228109796841976,0.3637384303978514,0.9859730005264282,0.4578861438092735,0.3511507624671576,0.9989458918571472,0.45033468377022556,0.49617947850908595,0.9955627918243408,0.44470130687668247,0.49539685107412834,0.9994487166404724,59.784900885702235,0
644,0.46230100875809116,0.3637422933464961,0.9837121963500977,0.45808847177596357,0.34677639603614835,0.9988720417022705,0.45007482454890335,0.4964769766444256,0.9950210452079773,0.44512689823196083,0.49576076865196267,0.9994210004806519,59.784900885702235,0
645,0.46304208607900743,0.3632084358306161,0.9816766977310181,0.4580477972825372,0.3452411535240357,0.9987688064575195,0.450069877363387,0.4964559447197691,0.9939616918563843,0.4454796427772162,0.495745861814136,0.9993676543235779,59.784900885702235,0
646,0.46443022290865615,0.3625564589386897,0.9807577729225159,0.45791565094675374,0.34773192377317547,0.9986147880554199,0.4503772429057534,0.4962726632754012,0.9929166436195374,0.4456440792197277,0.4954618825798947,0.999320924282074,59.784900885702235,0
647,0.46553093762624864,0.36187706958679955,0.9784116148948669,0.4577146541504637,0.3506879451729006,0.9983653426170349,0.4507431856223519,0.4962005700383872,0.9924446940422058,0.44565234155882005,0.4953051408131921,0.9992875456809998,59.784900885702235,0
648,0.4659307953857244,0.36154788164865437,0.978312611579895,0.4573204190958118,0.3516670394511453,0.9983180165290833,0.4511002898216251,0.49613408815293125,0.9924262166023254,0.44553053237143053,0.49519441525141433,0.9993014931678772,59.784900885702235,0
649,0.4654546110402974,0.36181652404013165,0.9791141152381897,0.4568321250733879,0.351219136090506,0.9983798265457153,0.45137125111761583,0.49606520930926046,0.9926326870918274,0.44549093927655936,0.49518808864411895,0.99933260679245,59.784900885702235,0
650,0.46531324585278866,0.36256168569837327,0.9793781638145447,0.4563857969783605,0.3505661828177319,0.9984252452850342,0.45147050988106535,0.496007152966091,0.9927268028259277,0.445482710997264,0.4952630599339807,0.9993419647216797,59.784900885702235,0
651,0.46513087976546547,0.3629147963864465,0.9802078604698181,0.4560662947949913,0.3497866094112399,0.9984347820281982,0.45150960201308876,0.495963397480193,0.9926984906196594,0.4454855734393714,0.4953741303512032,0.9993471503257751,59.784900885702235,0
652,0.4648107957272306,0.36299455449694706,0.980857789516449,0.4561788851306556,0.3496249360697613,0.9983749389648438,0.45143123042015837,0.4959029101190117,0.992709219455719,0.44545516939390306,0.4954851950917929,0.9993448853492737,59.784900885702235,0
653,0.4645520548025771,0.36334372560183237,0.9811235070228577,0.4563495828991848,0.3505980897517434,0.9983459115028381,0.45133786400159237,0.49583260502134086,0.9927492141723633,0.4453096091747287,0.4955687480313442,0.9993460178375244,59.784900885702235,0
654,0.4643133098170874,0.3624970104013174,0.9812642335891724,0.4565863708655043,0.3519494888328374,0.9983875155448914,0.4512422780195876,0.4957407514254256,0.9928570985794067,0.4450504581133528,0.4955654612609322,0.999376118183136,59.784900885702235,0
655,0.4641970239934471,0.3613509180999941,0.9817327857017517,0.456850723141716,0.3532874896412807,0.9984014630317688,0.451176647629057,0.49569065230233367,0.9926797747612,0.4447715112141204,0.49552860288392975,0.9993911385536194,59.784900885702235,0
656,0.46421168815522007,0.3600837843758722,0.9819726347923279,0.456952790419261,0.3541395039785479,0.9984431862831116,0.4510732534385866,0.4956532617410028,0.9926720261573792,0.444543533381962,0.49550818687393594,0.9994207620620728,59.784900885702235,0
657,0.46424261587006743,0.3590351967584522,0.9826132655143738,0.45681664347648654,0.3542439057713466,0.9984312057495117,0.4509656514440268,0.49575185350009415,0.9927380681037903,0.44443936149279306,0.4958315023354125,0.9994320869445801,59.784900885702235,0
658,0.4640729242847083,0.35738830339340966,0.9837412238121033,0.456693244831903,0.3543065857319608,0.9984658360481262,0.4508918765045351,0.4959020713965102,0.9931440353393555,0.44445774526823173,0.49644245704015133,0.9994676113128662,59.784900885702235,0
659,0.4640352357001536,0.3574069681621736,0.9847615361213684,0.45653281893049,0.35569042960802744,0.9984678030014038,0.4507750329517186,0.49608704163914674,0.993507444858551,0.4444244433017008,0.4972602285089951,0.9994922280311584,59.784900885702235,0
660,0.4635736672651204,0.3575982976527444,0.9854757189750671,0.45636025638807426,0.35787645833832904,0.9984167218208313,0.4502015227363227,0.4963473436378302,0.9938977360725403,0.44427742702620404,0.49827647918746626,0.9995132684707642,59.784900885702235,0
661,0.4629144285406389,0.35833751161893235,0.9859380125999451,0.456150849660238,0.35887641282308697,0.9984374046325684,0.44936450890132396,0.4967191673460465,0.9939468502998352,0.44406181999615296,0.4991114395005366,0.9995326995849609,59.784900885702235,0
662,0.46224405510085004,0.3605251439980101,0.9866939187049866,0.45615852730614836,0.3608472616899584,0.9985413551330566,0.4484676803861349,0.49703278711863963,0.9943131804466248,0.44378789833613835,0.49977580706278524,0.9995725750923157,59.784900885702235,0
663,0.4617949752580556,0.3630741905598416,0.987480103969574,0.45511164409773724,0.36113881071408616,0.9986139535903931,0.4475920569329038,0.49748138302848494,0.9945580959320068,0.4435341840698609,0.5003503532636737,0.9996024370193481,59.784900885702235,0
664,0.4615739385286971,0.3629298678466255,0.9885575771331787,0.4536737317130683,0.35893428183737286,0.998736560344696,0.44703982841400913,0.4978455376057402,0.9949266314506531,0.44310238531657664,0.5007649943942118,0.9996389746665955,59.784900885702235,0
665,0.46154179033778997,0.36426973626727177,0.9892087578773499,0.4523043703465238,0.3575195187614081,0.9986757636070251,0.44684968817801735,0.4990348517894749,0.9949122071266174,0.44246315956115756,0.5018037784667246,0.9996172785758972,59.784900885702235,0
666,0.4618950926122215,0.36849433609417537,0.9896637201309204,0.4513213237126672,0.36019476396696937,0.9986736178398132,0.44664850972947656,0.5015756445271633,0.9950268268585205,0.441685049306779,0.5036984455017821,0.9996348023414612,59.784900885702235,0
667,0.46294158413296693,0.3739009669848854,0.9900838732719421,0.4509806675570356,0.3635003495784036,0.9986470937728882,0.44661682134582914,0.5050470516795208,0.9952740669250488,0.4408507446448011,0.5061494310696923,0.9996523857116699,59.784900885702235,0
668,0.46473840872446737,0.38052757581075064,0.9907679557800293,0.4512985859598436,0.36841481782141217,0.9987325072288513,0.44683574778693097,0.5088691966874263,0.9954771995544434,0.44014299341610535,0.5093708747909187,0.9996790289878845,59.784900885702235,0
669,0.4654275874296828,0.38318638432593605,0.9914413094520569,0.4521325996943886,0.37111531978561796,0.9988292455673218,0.44683532062031006,0.5124885184424268,0.9958157539367676,0.4398025316851483,0.5132448332650326,0.9997074604034424,59.784900885702235,0
670,0.465567563261305,0.386079759824844,0.9921618700027466,0.45274603650683487,0.37225093018441,0.9988452792167664,0.44669088863191186,0.5155793116206219,0.996168315410614,0.43946863214174936,0.5170559656052367,0.9997280836105347,59.784900885702235,0
671,0.4632846060253329,0.3893914208525706,0.9923321604728699,0.4547574917475386,0.37483888013022315,0.9987756609916687,0.4460535531952271,0.5190758165859044,0.9964021444320679,0.4396133394468402,0.521592253730411,0.9997367262840271,59.784900885702235,0
672,0.4602510787191849,0.3925929963588718,0.9928909540176392,0.4575776145571758,0.38111523077601506,0.9988213777542114,0.44500529198419514,0.5224775530043106,0.9966854453086853,0.44027975059690966,0.526588428588141,0.999754011631012,59.784900885702235,0
673,0.45816130439440444,0.39627445027941777,0.9934718012809753,0.46084986272312384,0.39061525889805415,0.9988439679145813,0.4444110209033606,0.5265432766505654,0.9968928694725037,0.44123321062042636,0.5318534118788587,0.9997575879096985,59.784900885702235,0
674,0.4570702697549551,0.3990003381456651,0.9938767552375793,0.4632562313761034,0.39864892760912607,0.9986480474472046,0.44405349663325755,0.5309516957827981,0.9969751238822937,0.4421093194257649,0.5367962916692102,0.9997336268424988,59.784900885702235,0
675,0.45532850282532866,0.3965232939947222,0.9944685697555542,0.4663842959063398,0.4038346991652537,0.998712420463562,0.4438179305621559,0.5347685501689008,0.9970958232879639,0.4430832323573888,0.5414266047023596,0.9996970295906067,59.784900885702235,0
676,0.4535062114397689,0.39393649072874193,0.994866669178009,0.46868350108464596,0.40652934426353127,0.9987061023712158,0.4437881225631354,0.5376119329815824,0.9969643354415894,0.4437984526157383,0.5447507103284204,0.9995829463005066,59.784900885702235,0
677,0.4539655745029453,0.394953426860628,0.9952515363693237,0.46759693963187116,0.40532960210527724,0.9987825751304626,0.44355019501277415,0.5404007548377632,0.9971123337745667,0.4441858047530768,0.5476527327582954,0.999600350856781,59.784900885702235,0
678,0.4556304244768056,0.39719364188966333,0.9955028891563416,0.46512513217471935,0.4056595890294941,0.9987396597862244,0.4430747315997173,0.5430058978852776,0.9969334602355957,0.4444383695012051,0.551228557314192,0.9994868636131287,59.784900885702235,0
679,0.46008795783633316,0.4035367369651798,0.9959127306938171,0.46065029218083375,0.409377794890177,0.998717725276947,0.4433816586221971,0.5468837221463525,0.997146725654602,0.4442769289016727,0.554703153315045,0.9995076060295105,59.784900885702235,0
680,0.4654908549217955,0.4117707539172403,0.9962791204452515,0.4558078093188153,0.41299280808085514,0.9986861944198608,0.4440896809101108,0.5516273123877393,0.9972463846206665,0.4436550878343132,0.5576592485109969,0.9994635581970215,59.784900885702235,0
681,0.46888114015261373,0.4169458761101681,0.9966079592704773,0.45227917603084056,0.415946368660246,0.9987267851829529,0.4449695817061836,0.5558941761652634,0.9974567890167236,0.4432251297292259,0.5605784910065792,0.9994913935661316,59.784900885702235,0
682,0.4684298024291088,0.41655346183549824,0.9969013929367065,0.45323162561371255,0.41702041455677613,0.9986769556999207,0.44582346365565384,0.5578470315252035,0.997651219367981,0.4435520910081413,0.5620712041854863,0.999508798122406,59.784900885702235,0
683,0.4639063889072058,0.415360510349274,0.9971322417259216,0.45814102604275697,0.41683824005581116,0.9986173510551453,0.44574797153472934,0.5583447615305588,0.9977973699569702,0.44475403995741014,0.5633202507382352,0.9995180368423462,59.784900885702235,0
684,0.45744630978221024,0.4143029465561825,0.997344970703125,0.4648573015417375,0.41979872186978695,0.998674213886261,0.4449404619988945,0.5589763323465988,0.9978811740875244,0.4462703111625857,0.5653052074568616,0.9995002746582031,59.784900885702235,0
685,0.45128942529360494,0.414460285788491,0.9972802996635437,0.47164259780020973,0.4235992843196509,0.998784065246582,0.4439469831330439,0.5602260828018193,0.9979715347290039,0.4477320341836842,0.5670357091086256,0.9995182752609253,59.784900885702235,0
686,0.44680811819576116,0.4139507129078823,0.9973608255386353,0.47681609789530477,0.4293236746674496,0.9987726211547852,0.4429206663653968,0.5622992345264984,0.9977839589118958,0.44869065000897396,0.5691398155121581,0.999305009841919,59.784900885702235,0
687,0.4453076266107109,0.41820919087954966,0.9974207878112793,0.4768925479480202,0.4347925469988872,0.9988850355148315,0.4419367128894446,0.5650566901479454,0.9979380965232849,0.44886156065123456,0.5720303966885526,0.9993565678596497,59.784900885702235,0
688,0.444685491777602,0.42327492293857427,0.9973827600479126,0.4765327147075112,0.4376841925439384,0.9989275932312012,0.44128352829388245,0.5667920822188972,0.997991144657135,0.44907691790944093,0.5736561332430163,0.9993693232536316,59.784900885702235,0
689,0.4423673521904722,0.4249876311847145,0.9973323345184326,0.47843158387002527,0.44034451672009095,0.9989640712738037,0.44059318020230287,0.5673332072439652,0.9980911612510681,0.4498416298911689,0.5744603787149707,0.9993810653686523,59.784900885702235,0
690,0.44008526489848215,0.42734603087107376,0.9973453283309937,0.48034873888606155,0.44088909313792307,0.9990414381027222,0.4399855420702983,0.5676738194056924,0.9982274174690247,0.4507468442122145,0.574388083957491,0.9994269609451294,59.784900885702235,0
691,0.43994636053130776,0.42883946214403457,0.9973829984664917,0.48099906387783276,0.4403390912782582,0.99912428855896,0.4404982654821309,0.5676292691911975,0.9983097314834595,0.45120700626146265,0.5736052592595423,0.9994704127311707,59.784900885702235,0
692,0.44284573055449017,0.42695190367244573,0.997413158416748,0.4794232235068371,0.4396407845474428,0.9992040395736694,0.44178057710329727,0.567380377224514,0.9984320402145386,0.45111882260867564,0.5723574104763217,0.9995135068893433,59.784900885702235,0
693,0.44906300306320224,0.428742736577988,0.9974058866500854,0.4740530096349266,0.4373861877691182,0.9990655183792114,0.44364159873553716,0.567212629885901,0.9982477426528931,0.450285979679653,0.570472013382685,0.9993823766708374,59.784900885702235,0
694,0.45247264277367405,0.42757762755666495,0.997413158416748,0.47016112009684285,0.4338466482503077,0.9988816976547241,0.44531237511407795,0.5652145714986896,0.9980911016464233,0.4495294888814294,0.5674636960029606,0.9992842674255371,59.784900885702235,0
695,0.4537923307645892,0.4229522531940827,0.9974953532218933,0.4680005638372334,0.43055712467148227,0.9987804889678955,0.4462735908372065,0.5617357804661709,0.9981215596199036,0.4493754279045835,0.5638961423011057,0.9992914199829102,59.784900885702235,0
696,0.4509906300476623,0.42014244908378273,0.997499942779541,0.46881139562243546,0.4248152417796002,0.9988653063774109,0.445996721585592,0.5562414186341427,0.9981284141540527,0.4492909383206144,0.559339441004254,0.9993224143981934,59.784900885702235,0
697,0.4493778092520581,0.4134049316247308,0.99749755859375,0.4678645786784948,0.4153347724959967,0.9988193511962891,0.4458103194123226,0.5482809799058102,0.9980373382568359,0.4485854009787245,0.5524549058505472,0.9992548823356628,59.784900885702235,0
698,0.4494824381101703,0.40625791748364803,0.9971722364425659,0.4669615924358372,0.4078624915509,0.9988128542900085,0.4454157792386558,0.5415168205897017,0.9976208209991455,0.4478161803313668,0.5460524814469478,0.9990391731262207,59.784900885702235,0
699,0.4515829412710103,0.4030498337178007,0.9972445964813232,0.46393510131608906,0.399118142468589,0.9987804889678955,0.44517869041079605,0.5366838943390624,0.9974992275238037,0.4467945396900181,0.5402327265058249,0.9990342259407043,59.784900885702235,0
700,0.45050275041943544,0.3971442778905236,0.9969195127487183,0.4630912939707442,0.39416563227063167,0.9988475441932678,0.4445210979098369,0.5318209983053666,0.9973082542419434,0.44643303751945534,0.5351450301352005,0.9989871382713318,59.784900885702235,0
701,0.452148502781278,0.39461724814914556,0.997005045413971,0.46085688613709985,0.3925317483288904,0.9989354610443115,0.44412648819741785,0.5268880497841613,0.9974638223648071,0.4459465231214254,0.5299967357090545,0.9990668296813965,59.784900885702235,0
702,0.454780479272207,0.39356063235373756,0.9970390200614929,0.4583916578974046,0.388813138008118,0.9990097880363464,0.4440172641050252,0.5203586646488739,0.997601330280304,0.4448671454475043,0.5236372890926547,0.9991339445114136,59.784900885702235,0
703,0.4582339709713349,0.38303683769135277,0.9971811175346375,0.45525464983213554,0.3787192418461757,0.9990882873535156,0.44433072635105714,0.5106482761246822,0.9977261424064636,0.4436868031819665,0.5136200402464189,0.9992052912712097,59.784900885702235,0
704,0.4599677650701436,0.3679272021566121,0.9968976378440857,0.4542976461705711,0.3671403924624128,0.999086856842041,0.44456861132667214,0.502140703655425,0.9974260926246643,0.4429264934290027,0.5044906451588589,0.9991822838783264,59.784900885702235,0
705,0.4618378664766043,0.3515513908295407,0.9942814707756042,0.45312730471293167,0.34792573111397906,0.9990085363388062,0.44532721525146884,0.49414361232803017,0.9974085092544556,0.4426459074020389,0.49513263645626293,0.999225914478302,59.784900885702235,0
706,0.4627616845426109,0.33458105013484074,0.9908549785614014,0.4532932809420998,0.330267789817992,0.9987593293190002,0.44712555124646175,0.48796697457631466,0.9973799586296082,0.44293185926619066,0.4875829716523492,0.9991878867149353,59.784900885702235,0
707,0.4641454148860209,0.32458028623036006,0.9917109608650208,0.4537599696999508,0.31893598181860816,0.9988370537757874,0.44943235175950225,0.4848876822562449,0.9975094199180603,0.44290079105468055,0.4834777499948233,0.9992251396179199,59.784900885702235,0
708,0.46344926953315774,0.31857523038273794,0.9924931526184082,0.4561100389276236,0.31496605277061485,0.9989173412322998,0.451396933623723,0.48523488356953615,0.9976516366004944,0.4426656578268327,0.4835147034554258,0.9992640018463135,59.784900885702235,0
709,0.4613368326709388,0.3134176276978995,0.9930460453033447,0.4587295367604214,0.31332824911390056,0.9989852905273438,0.45220623697553397,0.4861439423901698,0.9978324770927429,0.44256566819690557,0.4850595536686129,0.9993277788162231,59.784900885702235,0
710,0.45879654657273106,0.30889873703320847,0.993672788143158,0.45974461095673735,0.31320707003275583,0.9990671277046204,0.4522178400130503,0.4882465671925321,0.9980014562606812,0.4421853777908147,0.4879730258669176,0.9993847608566284,59.784900885702235,0
711,0.45664266461417824,0.30630793316023713,0.9942236542701721,0.4578833466484437,0.3116744501250133,0.9990497827529907,0.4520402281057271,0.4886099994182591,0.9981326460838318,0.44160419418698305,0.48884798231579046,0.9993539452552795,59.784900885702235,0
712,0.45342012246449825,0.30706233353841894,0.9947395324707031,0.4540696484701977,0.3107970129875912,0.9991193413734436,0.45248904398509476,0.48940153349013593,0.9983022809028625,0.44055136470567646,0.48941456561996866,0.9994045495986938,59.784900885702235,0
713,0.44843820730845174,0.31167071348144926,0.994805097579956,0.4503190872215093,0.31280015338034883,0.999154806137085,0.45283334737732334,0.4927731241498679,0.9984460473060608,0.4396030775138313,0.4928371494724641,0.9994328618049622,59.784900885702235,0
714,0.44283094434511133,0.3190657013938543,0.9951618313789368,0.44843944907188454,0.3193210349196482,0.9992277026176453,0.45286740575517964,0.49989715218544045,0.9985886216163635,0.4389581424849378,0.5007348599888033,0.9994813799858093,59.784900885702235,0
715,0.4397408352011729,0.32877033381235055,0.9952467679977417,0.44670808315277133,0.3282257020473483,0.9992678165435791,0.4525852160794398,0.5104348020894192,0.9987161159515381,0.43846031171934985,0.5120165305478236,0.9995259046554565,59.784900885702235,0
716,0.4404803344181609,0.3396373745940983,0.9954966306686401,0.4442855105513622,0.33842441581544447,0.9992884993553162,0.4519772685709458,0.5219706169196542,0.9988352060317993,0.4376066880566737,0.5236282405399144,0.9995642304420471,59.784900885702235,0
717,0.4423112443515236,0.3501594137577786,0.995454728603363,0.44240782516343286,0.3492344575268884,0.9992572069168091,0.4512812779063274,0.5314335567610609,0.9989283084869385,0.43631393994603873,0.5332290161223643,0.9995768070220947,59.784900885702235,0
718,0.4429384413219637,0.3583635091781619,0.9956111311912537,0.4415721013432461,0.35797699576332487,0.9992818236351013,0.45058381131717173,0.5379216727756323,0.999019205570221,0.4348104681287496,0.5390766944204062,0.9996032118797302,59.784900885702235,0
719,0.4435075918833418,0.3636778777553924,0.9955686926841736,0.44124536712964413,0.3622104851972492,0.9992362856864929,0.44938710899580125,0.5410734301521669,0.9990848898887634,0.43353213582720107,0.5421555184182671,0.9996156096458435,59.784900885702235,0
720,0.44342896484193384,0.3675425279708139,0.9956261515617371,0.4418942261309854,0.3651038592769989,0.9992551803588867,0.4478759112812228,0.543327731745584,0.999149739742279,0.43268813263802336,0.5453549084209265,0.9996340870857239,59.784900885702235,0
721,0.4431005985963916,0.36977066738264935,0.9957734942436218,0.44227576823461656,0.3670366959912439,0.9992934465408325,0.446134223824456,0.5458646331514636,0.9992166757583618,0.43232187628746066,0.5483426820664183,0.9996548295021057,59.784900885702235,0
722,0.4433089963027413,0.3717214649631867,0.9958620667457581,0.4426412028925763,0.36808122055871173,0.9993119239807129,0.4442308601878942,0.5480885420526782,0.9992699027061462,0.431992141973405,0.5509713575953533,0.9996679425239563,59.784900885702235,0
723,0.44423719105266424,0.37265481125740807,0.9960307478904724,0.44280291455132653,0.36855166440918363,0.9993485808372498,0.44312792023023,0.5497080995923002,0.9993231296539307,0.4316264192263289,0.5531471683865506,0.9996864199638367,59.784900885702235,0
724,0.4455338943572275,0.37295443103427006,0.9959750771522522,0.44282673228354713,0.3684240097091315,0.9993560314178467,0.4431812294891906,0.5502585087503711,0.9993672966957092,0.43114669833864516,0.553594929831369,0.9996962547302246,59.784900885702235,0
725,0.446964773393813,0.37256933819680016,0.9961164593696594,0.44277269499642546,0.3673102869873958,0.9993976354598999,0.4429600437482202,0.5496314905938653,0.9994169473648071,0.43061402298155316,0.5524133614131387,0.9997171759605408,59.784900885702235,0
726,0.44773070443244245,0.372387535515286,0.9962906837463379,0.4428256721723651,0.36782899924687007,0.9994380474090576,0.44275014882996006,0.5496474901835129,0.9994596838951111,0.43034666634741314,0.5524456813221891,0.9997352957725525,59.784900885702235,0
727,0.44820215872355906,0.373084705500376,0.996504545211792,0.4430529546170011,0.36830535105296575,0.9994557499885559,0.4420251037393301,0.5503093060993018,0.9995045065879822,0.43045052034514325,0.5527465400241675,0.9997515678405762,59.784900885702235,0
728,0.44931969898087676,0.3749077462014701,0.9968065023422241,0.4428902154877076,0.3697956715311326,0.9994863271713257,0.4416036932241353,0.5523159049806146,0.9995388984680176,0.42974863165900856,0.5542192430723285,0.9997619986534119,59.784900885702235,0
729,0.4507965729350139,0.3767703658058533,0.9970484375953674,0.4423079164255237,0.37098674972852097,0.9995155334472656,0.4413918739273438,0.5541618523143591,0.9995666742324829,0.42872379649253156,0.5557455988157367,0.9997687339782715,59.784900885702235,0
730,0.4521621323767166,0.3780711449327926,0.9971784949302673,0.44162980005854685,0.3720314914271948,0.9995242953300476,0.4422566535927004,0.5556918382644658,0.9995862245559692,0.42757065381322623,0.5566930543808715,0.9997684955596924,59.784900885702235,0
731,0.4530318776766463,0.3784668034031281,0.9974393248558044,0.44099865215165307,0.3728820866062531,0.9995313882827759,0.44288870266505687,0.5564320399647672,0.9996093511581421,0.4267825115294687,0.5566389418783646,0.9997680187225342,59.784900885702235,0
732,0.45302928629375677,0.37760441927682814,0.9972143173217773,0.44050397901308,0.37376415871438556,0.9995251297950745,0.443427852221898,0.5565986463001801,0.9996235370635986,0.4266618688901269,0.5568712609154842,0.999768853187561,59.784900885702235,0
733,0.45194507070950135,0.3774143485795887,0.997343122959137,0.4403786630857562,0.3745789286636174,0.9995342493057251,0.4430871109167738,0.5567261775334681,0.9996414184570312,0.4272359680561795,0.5572023391723637,0.9997698068618774,59.784900885702235,0
734,0.45021944528534336,0.37715419417335905,0.9975225329399109,0.440528960455032,0.375712369169508,0.9995565414428711,0.44236450110163045,0.5569298976943611,0.999661386013031,0.42768635920115916,0.5575633588291354,0.9997742176055908,59.784900885702235,0
735,0.4482875409580416,0.376902072202592,0.9976240396499634,0.44096055626869235,0.3766528666019443,0.999571681022644,0.44119389993803876,0.5568078160285954,0.9996755123138428,0.42805803957439637,0.5579840171904795,0.9997812509536743,59.784900885702235,0
736,0.4466934204101566,0.376821258238384,0.9975239634513855,0.4417495954604379,0.37756193961416,0.9995610117912292,0.4406042453788579,0.5568773349126185,0.999683141708374,0.4285721864019125,0.5584111412366235,0.9997825622558594,59.784900885702235,0
737,0.4459763595036101,0.3768203386238646,0.9973432421684265,0.4426886084533877,0.37901999553044663,0.9995317459106445,0.4403314207281388,0.5569113123984568,0.9996998310089111,0.42901885935238465,0.5589399281002231,0.9997887015342712,59.784900885702235,0
738,0.4460149478344694,0.37663017284302513,0.9972973465919495,0.4434226098514742,0.3800462938490371,0.9995061159133911,0.44009958278565214,0.5567728366170616,0.9997175335884094,0.4293154165858317,0.559369461877006,0.9997979998588562,59.784900885702235,0
739,0.4459422117187867,0.3766922156016035,0.997308611869812,0.4439211927709129,0.38098557648204656,0.9994937181472778,0.4399615597157255,0.556453543049949,0.9997379183769226,0.42965887557892607,0.5595533535594037,0.9998090267181396,59.784900885702235,0
740,0.4462715472493856,0.37707440484137794,0.997367799282074,0.44418840181259917,0.38187032938003573,0.9994928240776062,0.44004346927007076,0.5561996073949909,0.9997500777244568,0.4297935749803274,0.5595639234497438,0.9998108148574829,59.784900885702235,0
741,0.44682941124552805,0.37771353267488056,0.9972788691520691,0.4444696292990734,0.38230657719430494,0.9994851350784302,0.44026021304584717,0.556062914076306,0.9997685551643372,0.42988614808945463,0.5595866441726689,0.9998217225074768,59.784900885702235,0
742,0.4476189400468557,0.3784184313955764,0.9971046447753906,0.444768560784204,0.38236672395751625,0.9994857907295227,0.4406109509013951,0.5560098347209753,0.9997859001159668,0.4300784795057209,0.5594934168316074,0.9998342394828796,59.784900885702235,0
743,0.4484758746056333,0.37896057537623845,0.9971781373023987,0.44514769741467103,0.38267531991004977,0.9995152354240417,0.4408733206135889,0.5559685059956146,0.9998024106025696,0.43026545785722314,0.5594634725933988,0.9998471140861511,59.784900885702235,0
744,0.44922613955679436,0.3790170678070617,0.9972500801086426,0.44538544757025617,0.3827427526315056,0.9995418787002563,0.4407944111596974,0.5557283759117131,0.9998180866241455,0.4302067018690567,0.5592138000897003,0.9998596906661987,59.784900885702235,0
745,0.4497794253485547,0.37909354766209946,0.9971181750297546,0.44549782928966375,0.3828691953704474,0.9995542764663696,0.44086626597813233,0.5554099934441707,0.999832272529602,0.4297691313993367,0.5587591983023148,0.9998707175254822,59.784900885702235,0
746,0.45036606561569975,0.3790561571007687,0.9968430995941162,0.4453878090495158,0.3821791126614529,0.9995524883270264,0.44099224323318154,0.5553245913414733,0.9998455047607422,0.4289118647575382,0.5584021153904147,0.9998809099197388,59.784900885702235,0
747,0.45072817376681773,0.3787451244535903,0.9966458678245544,0.44552409932726944,0.3811080157756809,0.9995508790016174,0.4410208406902498,0.5550261196636023,0.999857485294342,0.4281644253503712,0.5578045731499086,0.9998903274536133,59.784900885702235,0
748,0.45074823498725924,0.3778327831200194,0.9965195655822754,0.44568797094481366,0.37956450666700126,0.9995555877685547,0.4409169625668302,0.5544271412349887,0.999868631362915,0.4276168587661928,0.5570186745552794,0.9998993277549744,59.784900885702235,0
749,0.4506420933064964,0.37647105114800616,0.9966391921043396,0.44558667001270147,0.37770639856656424,0.9995720982551575,0.4409475752285552,0.5533519529161004,0.9998801350593567,0.42730515769549815,0.5556407826287411,0.9999083280563354,59.784900885702235,0
750,0.4506392251877561,0.3747340653623856,0.9964686036109924,0.44488276328359366,0.3757944575377876,0.9995741248130798,0.4408256879874642,0.5518403024900531,0.9998890161514282,0.42707292522702933,0.5537043611208603,0.9999151825904846,59.784900885702235,0
751,0.4505506711346766,0.37302843587739154,0.996042788028717,0.44370823389007963,0.37427235926900626,0.9995605945587158,0.4405859453337537,0.5501931281316852,0.9998924732208252,0.42671066380682476,0.5515994174139844,0.9999189376831055,59.784900885702235,0
752,0.45039079728580694,0.371618381568364,0.995963454246521,0.44206096586726995,0.3722996569815139,0.9995734095573425,0.44041504178728413,0.548971880049933,0.9998963475227356,0.426176339387894,0.5498812709535875,0.9999228119850159,59.784900885702235,0
753,0.4499792101837343,0.37022970687775414,0.9958955645561218,0.4403810046968009,0.3697962959607445,0.9995772242546082,0.4402514298756921,0.5477012736456739,0.9999016523361206,0.4255239849998841,0.5481321726526537,0.9999266862869263,59.784900885702235,0
754,0.4493464288257421,0.36848063695998445,0.9957306981086731,0.4389062211627055,0.3667681302343099,0.9995636940002441,0.44019749760627785,0.5467149530138293,0.9999027848243713,0.42462973793347714,0.5467272713070828,0.9999268651008606,59.784900885702235,0
755,0.4481619085584372,0.3667141724200479,0.9952619075775146,0.43781162017867714,0.3638716311681841,0.9995287656784058,0.4399889139902028,0.5456121308462965,0.999900758266449,0.42380826388086623,0.5450347832271035,0.9999240636825562,59.784900885702235,0
756,0.4470675743761521,0.3648554086685184,0.9951474666595459,0.4368429723240084,0.3611561996596203,0.9995249509811401,0.4394561918008899,0.5443784424236847,0.9999009370803833,0.4231378379322237,0.5431026078405838,0.9999243021011353,59.784900885702235,0
757,0.4460769948505223,0.3632618742329736,0.9953089952468872,0.43587580890882616,0.3592182028861276,0.9995449185371399,0.43895907345272284,0.5432317370460151,0.999904215335846,0.4224221436750325,0.5414314440318521,0.9999260306358337,59.784900885702235,0
758,0.4449957396302908,0.3618629759266266,0.9943149089813232,0.434855903897967,0.35762095167523367,0.999460756778717,0.43848506183851366,0.5421156287193303,0.999889075756073,0.42166950731050434,0.539939505713327,0.9999107718467712,59.784900885702235,0
759,0.4441127748716449,0.3604721497921719,0.9938618540763855,0.43360127437682416,0.3562443284761341,0.9994173645973206,0.43826000179563285,0.5408206837517879,0.9998786449432373,0.4207285898072382,0.5385713066373556,0.9999032020568848,59.784900885702235,0
760,0.4433672428131107,0.3589429145767578,0.9936051368713379,0.4321385820706689,0.3541833261648817,0.9994068145751953,0.4380713573523934,0.5392541488011683,0.9998740553855896,0.4195688508805778,0.5368601140521825,0.9998982548713684,59.784900885702235,0
761,0.4416172930172515,0.35711874564488755,0.9932934641838074,0.4308637040002009,0.35242468970162555,0.9993888735771179,0.43718269041606395,0.5369828769138885,0.9998720288276672,0.4186404091971265,0.5347726117996947,0.9998925924301147,59.784900885702235,0
762,0.4399450790314451,0.3552466829617821,0.9933221936225891,0.42959185299419256,0.35022280897413005,0.9993922114372253,0.4358626547313875,0.5347463971092592,0.9998628497123718,0.41760859177226145,0.532655517260234,0.9998854398727417,59.784900885702235,0
763,0.43844740589459774,0.35350560290472877,0.993640124797821,0.428279409805934,0.34776567987033324,0.9994055032730103,0.4345273914791292,0.5326205009505867,0.9998564124107361,0.4164308777877266,0.5303416025070922,0.9998825192451477,59.784900885702235,0
764,0.43701612665539735,0.3512292915866491,0.9936820268630981,0.4271223459924974,0.3450086840561461,0.9993888139724731,0.4329225960231966,0.5302851029804779,0.9998446106910706,0.41496632212684303,0.5279000571795877,0.9998726844787598,59.784900885702235,0
765,0.43548159230323097,0.3490663582370398,0.9939020276069641,0.4259270443802792,0.34305133706047447,0.9994074702262878,0.43081506093343136,0.5280500111125769,0.9998364448547363,0.41298190894581055,0.525662325677418,0.9998704791069031,59.784900885702235,0
766,0.43398968662534476,0.34695330404099994,0.9941406846046448,0.4247155217897328,0.3412008143606643,0.9994193911552429,0.42798731866337036,0.5253898558162512,0.9998320937156677,0.4108923148541227,0.5228978508994697,0.9998677968978882,59.784900885702235,0
767,0.43207002679506973,0.34450718476658804,0.9944065809249878,0.42371905985332703,0.3398661358015881,0.9994442462921143,0.4244987694990071,0.5225115276518326,0.9998306035995483,0.40848502516746554,0.5202167488279801,0.9998683333396912,59.784900885702235,0
768,0.4306575102465497,0.34245282979238634,0.9945871829986572,0.4225785122031261,0.33832828629584566,0.9994480609893799,0.4209929137002858,0.5198767554192321,0.999820351600647,0.4059187244801297,0.5180247369266695,0.999855101108551,59.784900885702235,0
769,0.429508426359722,0.34092559700920494,0.9948732256889343,0.4213717409542632,0.3366335076945171,0.9994718432426453,0.417965399367469,0.5176563262939458,0.9998194575309753,0.4034759033293954,0.5159407541865398,0.9998564720153809,59.784900885702235,0
770,0.4289833222116747,0.33942158875011286,0.9951295852661133,0.42002015880176036,0.3345685487701782,0.9994910359382629,0.4154132888430644,0.516148306074597,0.9998109936714172,0.4010972465787619,0.514760363669623,0.9998517632484436,59.784900885702235,0
771,0.4282156072911766,0.33785922896294396,0.9953259825706482,0.4188429599716553,0.33282942147482036,0.9995046854019165,0.41284067574001526,0.5144091049830123,0.9998056292533875,0.39884689592179834,0.513575360888527,0.9998482465744019,59.784900885702235,0
772,0.4274317210628876,0.33621709119705956,0.9955571293830872,0.41814343986057134,0.3316038861161189,0.9995229244232178,0.41030877402850596,0.512609788349697,0.9998036026954651,0.3970223012424654,0.51239877371561,0.9998500943183899,59.784900885702235,0
773,0.426693358591625,0.33426285357702373,0.9958008527755737,0.41766252546083393,0.3302691451140815,0.9995406866073608,0.40769371816090205,0.5106210282870706,0.999797523021698,0.39517412583033273,0.5106142503874647,0.9998452067375183,59.784900885702235,0
774,0.42616109904788824,0.332760104111263,0.9960458278656006,0.41727346891448647,0.3291075499284838,0.999565839767456,0.40570127538272344,0.5088441088086086,0.999792218208313,0.39364182097571265,0.5086437179928738,0.9998473525047302,59.784900885702235,0
775,0.42567405956132104,0.331318849609012,0.9962486624717712,0.4169445151374457,0.3275153636932376,0.9995793104171753,0.4043200214703881,0.5067379389490404,0.9997883439064026,0.3922316304274971,0.5059762171336586,0.9998445510864258,59.784900885702235,0
776,0.4251497884591424,0.3300208974452249,0.9963127374649048,0.41640499092283734,0.3254828893003012,0.9995843172073364,0.4033026241120841,0.5051432564145046,0.9997790455818176,0.3908494441282184,0.5037728917031066,0.9998409748077393,59.784900885702235,0
777,0.4243934452533725,0.3288235110895977,0.9964619278907776,0.41583013818377573,0.3236185127780553,0.9996064305305481,0.4024842849799568,0.5037100627308804,0.999769926071167,0.3899308031513581,0.5022180392628628,0.9998425245285034,59.784900885702235,0
778,0.4238476810001195,0.3280771488235113,0.9966415762901306,0.4153830579348976,0.32244293320746675,0.9996321201324463,0.40190697567803557,0.5028328299522403,0.9997689127922058,0.389445123218355,0.5014533939815707,0.9998490810394287,59.784900885702235,0
779,0.42370954297837793,0.3276306546869735,0.9966931939125061,0.4149981226239889,0.3216065225147068,0.9996337294578552,0.40147283247539006,0.5023323439416435,0.9997645020484924,0.38914773010072284,0.5006550663993476,0.9998449683189392,59.784900885702235,0
780,0.4238440479551046,0.3278505702813469,0.9968040585517883,0.4149779265835175,0.3217744330565137,0.9996415376663208,0.40158539158957374,0.5029274140085497,0.9997552633285522,0.3890464405218763,0.5006572206815088,0.9998390674591064,59.784900885702235,0
781,0.42420022260575097,0.3273035713604521,0.9967984557151794,0.41512372096379635,0.321067239556994,0.9996437430381775,0.401533602249055,0.5024560264178689,0.9997433423995972,0.3890219330787662,0.4996431469917302,0.9998375177383423,59.784900885702235,0
782,0.4242649816331413,0.3263858230341051,0.9966028928756714,0.4152871710913525,0.31994081253097195,0.9996213912963867,0.4012808232080372,0.501669389860971,0.9997260570526123,0.38889560245332294,0.4985043818042396,0.9998268485069275,59.784900885702235,0
783,0.4239628783294136,0.32547858641261174,0.996757447719574,0.41535711430368005,0.31902690160842195,0.999634325504303,0.40099027752876315,0.5011324683825179,0.9997202754020691,0.388864582493192,0.49805296460787496,0.999816358089447,59.784900885702235,0
784,0.42341516841025617,0.3247272996675403,0.9964142441749573,0.4154601026149026,0.31872670423416893,0.9996403455734253,0.4006407062212629,0.5004591147104903,0.9997195601463318,0.38891521521977046,0.49758596079690154,0.9998230934143066,59.784900885702235,0
785,0.42289958539463257,0.32427429585229806,0.9965127110481262,0.41558152862957576,0.31863364577293424,0.9996565580368042,0.4004682302474979,0.5000903180667337,0.9997192621231079,0.38889069926171105,0.49715090649468596,0.9998316764831543,59.784900885702235,0
786,0.4228433498314452,0.3242147082374212,0.9965041279792786,0.4157685325259257,0.3188906411329908,0.9996569156646729,0.40064236379805096,0.5002179599943619,0.9996984601020813,0.3888651969886965,0.4970072422708788,0.9998193383216858,59.784900885702235,0
787,0.4232297582285748,0.323948232900529,0.9965496063232422,0.41595336794853244,0.31854150550706073,0.9996662735939026,0.40101089222090613,0.5000121792157495,0.9996681809425354,0.3889923521450591,0.4962625801563266,0.9998173117637634,59.784900885702235,0
788,0.4238086882091707,0.3238558229945957,0.996573805809021,0.41610455654916345,0.31819831473486787,0.9996731281280518,0.4016977208001276,0.499789838279997,0.9996361136436462,0.3891318752652126,0.4954254400162474,0.9998147487640381,59.784900885702235,0
789,0.42419736300196,0.3237789471944176,0.9966284036636353,0.416158979847318,0.3179086971850625,0.9996764063835144,0.40257416594596174,0.4996448726881122,0.9996086359024048,0.3892473266238261,0.49486828843752584,0.9998109936714172,59.784900885702235,0
790,0.424316954045069,0.32322318639074077,0.9965428113937378,0.4163732429345452,0.31777120913778056,0.9996704459190369,0.4033162239052004,0.4993028257574358,0.9995582699775696,0.38939732029324514,0.4944308769135252,0.9997969269752502,59.784900885702235,0
791,0.4242339645113268,0.3224341599714191,0.9965396523475647,0.4166199082419989,0.31766917024339975,0.9996751546859741,0.40364203566596657,0.4989697706131712,0.9995312690734863,0.3896324152038214,0.49426614954358095,0.9997913241386414,59.784900885702235,0
792,0.42419235195432425,0.32164787536575706,0.9966524243354797,0.4168752857616973,0.3175099790096285,0.9996845126152039,0.40379440642538555,0.4985889026096893,0.999528169631958,0.3899011512597405,0.4941847835268297,0.9997943043708801,59.784900885702235,0
793,0.42423019380796556,0.32115860496248544,0.996673583984375,0.4170665159111935,0.3174321239902862,0.9996925592422485,0.4041755355539779,0.4983836313088739,0.9995223879814148,0.3901417553424838,0.4941966363361908,0.9997965097427368,59.784900885702235,0
794,0.4243279283954987,0.3211797773838046,0.9966893196105957,0.41712285649208825,0.31748873704955716,0.9996969103813171,0.40465475689797203,0.4983386141913282,0.9995147585868835,0.3904131296135134,0.4942257915224352,0.9997941851615906,59.784900885702235,0
795,0.4244345710391093,0.32153418376332266,0.9967531561851501,0.41699609728086595,0.317552508342834,0.9997031092643738,0.40516787341662847,0.4984666790281027,0.9995077252388,0.3906601667404178,0.4943046697548462,0.999789297580719,59.784900885702235,0
796,0.42451612580390236,0.32165552179018686,0.9967509508132935,0.41699237624804214,0.3175965391454245,0.9997063875198364,0.4056416537080495,0.4984525498889745,0.9995009899139404,0.39090175571895813,0.49431657081558633,0.9997856020927429,59.784900885702235,0
797,0.424543407701311,0.3218842574528288,0.9966859221458435,0.4172334926468989,0.31781660375140985,0.9997091293334961,0.40590917212622535,0.4984046944550109,0.9994999766349792,0.39134853510629597,0.49431548232124006,0.999782383441925,59.784900885702235,0
798,0.4245256071998963,0.3222326409249081,0.9967009425163269,0.4178835224537626,0.31834369614010793,0.9997147917747498,0.40609143745331566,0.49829833138556745,0.9995045065879822,0.39184135198593173,0.4942442959263215,0.9997809529304504,59.784900885702235,0
799,0.42453231414159176,0.3227326841581438,0.9967362284660339,0.41878993170602014,0.3192371811185567,0.9997230768203735,0.40612373181751826,0.4982247537090669,0.9995170831680298,0.3922808525108159,0.4943390928563622,0.9997794032096863,59.784900885702235,0
800,0.4245419005552931,0.3235377158437459,0.9966887831687927,0.4197711022127246,0.32027640654927236,0.9997300505638123,0.40609386421385296,0.4982603405203142,0.9995291233062744,0.3928231625329884,0.4947658663704286,0.999781608581543,59.784900885702235,0
801,0.4244789325055625,0.3244464468388333,0.9963542819023132,0.4205487895579568,0.3213077741009851,0.9997344017028809,0.4059611033825651,0.49841063079379894,0.9995494484901428,0.39335463018644456,0.4954318446772443,0.9997913241386414,59.784900885702235,0
802,0.42452958651951417,0.3251317242781324,0.9961904287338257,0.4209652003787816,0.32188907549494816,0.9997362494468689,0.40589004755020175,0.49856540986469855,0.9995672106742859,0.3937427273818428,0.4960480658780965,0.9997974634170532,59.784900885702235,0
803,0.4248706556501846,0.3255109389623009,0.9961906671524048,0.42106201960927003,0.3215718411263968,0.9997393488883972,0.40624790674164213,0.498571709507988,0.9995735883712769,0.39406894502185674,0.4960220527081267,0.9998009204864502,59.784900885702235,0
804,0.4254423223790672,0.3255091380505337,0.9962445497512817,0.4211020994754068,0.32066298524538706,0.9997428059577942,0.4070237988517401,0.49834350177219977,0.9995638728141785,0.3942835827668511,0.4953820379007435,0.9998041391372681,59.784900885702235,0
805,0.4260381247316092,0.32521568167777315,0.9963182210922241,0.4210559044565477,0.3196440381663189,0.9997500777244568,0.4080055072194057,0.4981691042582198,0.9995501041412354,0.39446239102454445,0.49467207278524167,0.9998083710670471,59.784900885702235,0
806,0.4268418493725008,0.32506289510499886,0.9963411092758179,0.4211112047944754,0.3188192035470693,0.999752938747406,0.40930424133936594,0.49825035958063074,0.9995442032814026,0.3948037397293821,0.4942206130141308,0.9998153448104858,59.784900885702235,0
807,0.42760739014262283,0.32518344833737356,0.9964262843132019,0.42145050139654283,0.3186361250423252,0.9997610449790955,0.4103478079750428,0.4987949785732092,0.9995508790016174,0.3951817566440222,0.4944426928247728,0.9998232126235962,59.784900885702235,0
808,0.42832959407851845,0.3254216157254721,0.9965494871139526,0.4219997936771033,0.3188009687832426,0.999768853187561,0.41094841559728024,0.4995688639935997,0.9995488524436951,0.395598867109844,0.49506928523381594,0.9998288154602051,59.784900885702235,0
809,0.42905596892039016,0.32566224677222144,0.9966690540313721,0.42263316540491047,0.31883917394138545,0.9997780919075012,0.4112605637028107,0.5002210452443081,0.9995583295822144,0.3960116193408061,0.49551330010096273,0.9998375773429871,59.784900885702235,0
810,0.429545281898408,0.32585618325642207,0.9967545866966248,0.4234448586191454,0.31880793968836496,0.9997829794883728,0.41125649923370033,0.5005513670898623,0.9995589256286621,0.39663233501570594,0.4957657612505417,0.9998418688774109,59.784900885702235,0
811,0.42966935180482446,0.3258815265837173,0.9968616366386414,0.4243805422669369,0.3189277067070918,0.9997852444648743,0.4109647515274233,0.500633293674106,0.9995622038841248,0.39729122462726807,0.4958497186501825,0.9998413324356079,59.784900885702235,0
812,0.4299411873022719,0.32593435049057035,0.9969586730003357,0.4252854245049616,0.31913698003405644,0.9997882843017578,0.41099575445765574,0.5005857575507395,0.9995616674423218,0.3979353989873617,0.49573067540214216,0.999840497970581,59.784900885702235,0
813,0.4300418567089811,0.32574119028591,0.9970409870147705,0.42626635943140334,0.31948069589478656,0.9997903108596802,0.41091479432015227,0.5005378666378206,0.9995737671852112,0.3991304550852098,0.4957925067061474,0.9998428225517273,59.784900885702235,0
814,0.4303771810872218,0.325333125534512,0.9970978498458862,0.4271277487277988,0.3196789423624677,0.9997925758361816,0.4108500140053889,0.5003885882241389,0.9995819926261902,0.40060317232495296,0.49581899813243363,0.999845564365387,59.784900885702235,0
815,0.43109879891077707,0.3248469503152941,0.9971743226051331,0.4279182382992339,0.31968170688265873,0.9997908473014832,0.41118435774530715,0.5002134002390366,0.9995880126953125,0.40190447937874596,0.4957550636359628,0.999836266040802,59.784900885702235,0
816,0.43221026659011874,0.32449187693141784,0.9971534013748169,0.4286581547487353,0.31950934869902503,0.9997829794883728,0.4121172257832122,0.5000403367337731,0.9995635151863098,0.4029055039087934,0.49550918879963146,0.9998165965080261,59.784900885702235,0
817,0.4333241851556872,0.32422295070829876,0.9972079992294312,0.42936990516526397,0.31939753606205923,0.9997876882553101,0.4134963765030819,0.49985746684528576,0.9995623826980591,0.40346432867504334,0.4950696428616846,0.9998188614845276,59.784900885702235,0
818,0.4344564747242704,0.3242114583651227,0.9972272515296936,0.43001368074190083,0.319238215684891,0.9997902512550354,0.4152783013525467,0.4997651151248391,0.9995436668395996,0.40386968141510404,0.49458388203666365,0.9998133182525635,59.784900885702235,0
819,0.43504412401290204,0.32395353203728117,0.9972681403160095,0.43077281259355127,0.3190474708875023,0.9997912049293518,0.41642853475752367,0.49965677374885237,0.9995322823524475,0.4053391118844353,0.494319890226637,0.9998096823692322,59.784900885702235,0
820,0.43602090364410795,0.32369757266271704,0.9972950220108032,0.4315429996876493,0.3187167303902765,0.9997935891151428,0.41785773918742264,0.4995565755026685,0.9995220899581909,0.40697672395479145,0.4940923367227831,0.9998071193695068,59.784900885702235,0
821,0.43729857319877297,0.3233364295391812,0.9972490072250366,0.4323206742604577,0.3183178192093261,0.9997876882553101,0.41912212967872653,0.49951348985944516,0.9995196461677551,0.40858119300433604,0.49398427492096353,0.9998056292533875,59.784900885702235,0
822,0.4386793460164755,0.32305524178913686,0.9971487522125244,0.43311577183859723,0.3181209479059494,0.9997802972793579,0.42061122116588445,0.49949867526690206,0.999505341053009,0.41000329596655744,0.4939370126951313,0.9998040795326233,59.784900885702235,0
823,0.4400336117971515,0.32265612766856266,0.9970099925994873,0.4337085201626736,0.3177886917477565,0.9997526407241821,0.4228963156541192,0.49951463086264514,0.9994810819625854,0.4113143554755623,0.4938903692222781,0.9997785091400146,59.784900885702235,0
824,0.44160234786215313,0.3221932919252489,0.9968705773353577,0.4342051418054675,0.3171944731757757,0.9997249841690063,0.4254439558301657,0.4994690035070696,0.9994558095932007,0.4124305659816382,0.49368864865530143,0.9997554421424866,59.784900885702235,0
825,0.44285113754726624,0.3217634090355467,0.9969081878662109,0.4349225858847304,0.31644044461704457,0.999716579914093,0.4275586037408742,0.4993351087683727,0.9994493126869202,0.4139350723652616,0.493369423207783,0.9997496008872986,59.784900885702235,0
826,0.44458756986118536,0.32147804612205166,0.9968002438545227,0.4355092091219769,0.31534319832211477,0.9996927380561829,0.43018599493163007,0.4989054870037809,0.9994210600852966,0.4149204748017451,0.4921080399127238,0.9997269511222839,59.784900885702235,0
827,0.44614246771449173,0.3208332955837252,0.996706485748291,0.43655442340033435,0.31420147560891676,0.9996767640113831,0.4315267474878406,0.49790633292425285,0.9994311332702637,0.4160039339746751,0.49057135695502907,0.9997251629829407,59.784900885702235,0
828,0.4470640137082058,0.3201437947295963,0.9967860579490662,0.4379177703743893,0.31346306204795865,0.9996660947799683,0.4317078604584652,0.4967861473560337,0.9994384050369263,0.41701620959100305,0.48926126389276453,0.9997163414955139,59.784900885702235,0
829,0.4474045165947509,0.3194408771537601,0.996890127658844,0.43942442962101563,0.3129891653855644,0.9996578693389893,0.4316249645891647,0.4957604805628463,0.9994768500328064,0.4181691408157352,0.4885563949743911,0.9997299313545227,59.784900885702235,0
830,0.4475427780832567,0.319016177029837,0.9970327019691467,0.4412111512252266,0.3128480811913811,0.9996427297592163,0.43131017968768204,0.49517650263650115,0.9995070099830627,0.41904996690296026,0.48845012273107297,0.9997360110282898,59.784900885702235,0
831,0.4475832013856801,0.31925458709398935,0.9969466924667358,0.4433223023301083,0.31311039839472116,0.999633252620697,0.431121301083338,0.4947568774223332,0.9995461702346802,0.4201058447360996,0.48895048243658923,0.9997518658638,59.784900885702235,0
832,0.44807445009549496,0.319622623068946,0.9967516660690308,0.44497616660027306,0.31333075392813936,0.9995862245559692,0.4316170698120484,0.49413284091722437,0.9995729327201843,0.42091658569517626,0.48905193947610437,0.9997550845146179,59.784900885702235,0
833,0.4494400535311021,0.32085554656528315,0.9964733123779297,0.446160972118378,0.3132481674353284,0.9995343089103699,0.4324710652941752,0.4925376261983603,0.9995808601379395,0.42180723803384,0.4885821001870296,0.9997400045394897,59.784900885702235,0
834,0.450917102041699,0.3225045998891197,0.9966163039207458,0.4467329737685979,0.31281422291483224,0.9995371699333191,0.43326412212281035,0.49067307086218015,0.999591588973999,0.42231347447349943,0.48749514420827267,0.9997310638427734,59.784900885702235,0
835,0.45180251484825534,0.323577804224832,0.9968860149383545,0.4470634417874476,0.31219299634297715,0.9995567202568054,0.4341622889041904,0.48877677463349883,0.9995970726013184,0.42269395220847394,0.48615439874785327,0.9997243285179138,59.784900885702235,0
836,0.45270559191703835,0.32525932221185616,0.9968443512916565,0.4474697978723621,0.31173435705048724,0.9995590448379517,0.4350476591360005,0.487645819073632,0.999596118927002,0.422840006294705,0.4848850695859822,0.9997190237045288,59.784900885702235,0
837,0.4534304510979429,0.32673753868965905,0.9969325065612793,0.44815273937724925,0.31134245793024723,0.9995601773262024,0.43568677135876277,0.4864976633162729,0.9995895624160767,0.4231281734648208,0.48394916313035186,0.9997103214263916,59.784900885702235,0
838,0.4541318416595463,0.3275047994795302,0.997180163860321,0.448969125747681,0.311450133721034,0.9995907545089722,0.43598056407201896,0.4856426261720207,0.9995962381362915,0.4235790953749705,0.48347888815970685,0.9997179508209229,59.784900885702235,0
839,0.45551605593590544,0.3284561123166768,0.9970626831054688,0.44938710473832666,0.31185775711422903,0.9995945692062378,0.43646702312287866,0.484780080261685,0.9994217157363892,0.42416069053468286,0.483193580593382,0.9996814727783203,59.784900885702235,0
840,0.45666508021808844,0.329184569063641,0.9969989657402039,0.4497616787751519,0.31252636370204767,0.999588668346405,0.43671720084689947,0.4842351675033574,0.9992443919181824,0.42482649002756423,0.4830925223373235,0.999591052532196,59.784900885702235,0
841,0.4578413551761994,0.32993063756397817,0.9972243905067444,0.4499790782020209,0.31286628473372713,0.9996238350868225,0.43794647568748146,0.4842461702369512,0.9992343187332153,0.4256395158313573,0.4831743552571255,0.9996238946914673,59.784900885702235,0
842,0.45913690186682243,0.33144077374821646,0.9973652958869934,0.4500624324594229,0.31296758992331397,0.9996379613876343,0.43945766204879433,0.4848068313939235,0.9992015361785889,0.4265397900626776,0.48334666235106366,0.9996327757835388,59.784900885702235,0
843,0.45979073359852785,0.33272307969275006,0.9975744485855103,0.4502451732045132,0.3125437285218923,0.9996612668037415,0.4406158044224697,0.4851567943890893,0.9992351531982422,0.42758551381883203,0.48341230693317633,0.9996553063392639,59.784900885702235,0
844,0.46001445821353404,0.3331717451413475,0.9975572824478149,0.45056855394726747,0.312159890220279,0.9996664524078369,0.4414304920605254,0.48538811859630443,0.9991166591644287,0.4285666147867842,0.4832511004947485,0.9996418356895447,59.784900885702235,0
845,0.46017462015152016,0.3332264366604036,0.9974591135978699,0.45079908768336013,0.31196729484058583,0.9996522068977356,0.44223973722684984,0.48543585482097845,0.9990569949150085,0.4291060793967478,0.48297474355924735,0.9995986819267273,59.784900885702235,0
846,0.46015554666519204,0.3315315062091467,0.9968256950378418,0.4512715495768051,0.31210098663965885,0.9996469020843506,0.4424756495725545,0.48522725559416313,0.9987769722938538,0.4294772006216507,0.4827730485371185,0.9995876550674438,59.784900885702235,0
847,0.46045934302466296,0.32915309923035785,0.9970971345901489,0.45168335097176726,0.31204978766895497,0.9996803998947144,0.443229307730993,0.4850491725263145,0.998846173286438,0.4298192376182196,0.4825102374667217,0.9996271133422852,59.784900885702235,0
848,0.4606383542219802,0.32597997075035484,0.997020959854126,0.4520620490823477,0.3120000731377377,0.9997005462646484,0.4436861730757218,0.48492626632962943,0.9988384246826172,0.43014856747218577,0.4823759325913024,0.9996521472930908,59.784900885702235,0
849,0.46057025875364066,0.32275204289527193,0.9954745769500732,0.4524015216600331,0.31195585500626366,0.9996844530105591,0.4439053691568832,0.484814035040992,0.9988084435462952,0.4304942275796621,0.48226362750643814,0.9996646642684937,59.784900885702235,0
850,0.46041990603719474,0.320525156600135,0.9937602877616882,0.45249285868236033,0.3119476267269682,0.9996723532676697,0.44429058262280097,0.48470626558576346,0.9988237619400024,0.43081259869393884,0.4820306258542201,0.999685525894165,59.784900885702235,0
851,0.4603389217740017,0.319483762695676,0.9938253164291382,0.45282786942663683,0.3119173688547954,0.9996938109397888,0.4446373581886295,0.4847089804354172,0.9988894462585449,0.43087457049460676,0.4820729678585419,0.9997149705886841,59.784900885702235,0
852,0.4602433130854656,0.31814767349334017,0.9928281903266907,0.45357775830087244,0.31182971170970397,0.9996939301490784,0.4445283994788219,0.48452470699946126,0.9988900423049927,0.43084807481084586,0.4823613152617504,0.9997376203536987,59.784900885702235,0
853,0.460014573165349,0.31669306896981764,0.9925812482833862,0.4545990526676182,0.3117177571569173,0.9997056126594543,0.4441627107915428,0.4841951898166115,0.9989712834358215,0.43098612910225315,0.4827295712062295,0.9997618198394775,59.784900885702235,0
854,0.45980501742590074,0.31529782357670033,0.9918215274810791,0.4555176510697323,0.3116397474493302,0.9997050762176514,0.44364228418895213,0.4837642496540437,0.9990192651748657,0.4312440213702977,0.48314488927523336,0.999782145023346,59.784900885702235,0
855,0.4598868815671833,0.3143993970893681,0.9914441108703613,0.4560419079803289,0.3116020432540351,0.9997166395187378,0.44340822952134307,0.4831295084385649,0.9990820288658142,0.43128029363495995,0.48335152438708756,0.9998012781143188,59.784900885702235,0
856,0.4602240678809942,0.3144489115192779,0.9913145303726196,0.45592140441849155,0.3115457523436776,0.9997292757034302,0.44344358642896053,0.4826400421914604,0.9991293549537659,0.4311570809001018,0.4834141121024181,0.9998183846473694,59.784900885702235,0
857,0.4607651744570055,0.3147639717374532,0.9919484257698059,0.4557083121367867,0.31135715615181725,0.9997458457946777,0.4435524230911622,0.48195661107699117,0.9991671442985535,0.43090094413076163,0.48297667361441154,0.9998330473899841,59.784900885702235,0
858,0.46152305461111565,0.3160600250675567,0.9923344850540161,0.45534238361177026,0.3112223517327084,0.9997539520263672,0.4437993779068905,0.4811764146600455,0.9991587996482849,0.43049420203481437,0.4821987549463912,0.9998427629470825,59.784900885702235,0
859,0.46212627206529927,0.31744027847335476,0.9929482936859131,0.4552119303317301,0.3113508494127367,0.9997665286064148,0.44388514473324764,0.48056103076253653,0.9991310834884644,0.43018869558970163,0.4814309619721916,0.9998499751091003,59.784900885702235,0
860,0.4625318589664645,0.31858756570589,0.993567705154419,0.455255522614434,0.31172359983126346,0.9997850656509399,0.443834551743099,0.4799848567871824,0.9991900324821472,0.4299483895301822,0.48087440218244315,0.9998632669448853,59.784900885702235,0
861,0.46282021914209676,0.3198649116924833,0.9939041137695312,0.45535765233494024,0.3121672783579148,0.9997862577438354,0.4436814401830949,0.4795480072498325,0.9991809725761414,0.4296534132389799,0.4805911609104705,0.9998692870140076,59.784900885702235,0
862,0.46287804416247813,0.32068125123069424,0.9940416812896729,0.4554152119727366,0.31241951953797137,0.9997932314872742,0.4434918363889062,0.4794352012021205,0.9991410970687866,0.4294116411890306,0.4805025884083343,0.9998749494552612,59.784900885702235,0
863,0.46296316669100845,0.32163019691194833,0.9942678213119507,0.45527279944646964,0.3123966611567,0.9998008012771606,0.4435486481303264,0.47904500223341484,0.9990881681442261,0.4292905146167395,0.4798895106429149,0.999879002571106,59.784900885702235,0
864,0.4630985827673053,0.3228964791411448,0.994513750076294,0.45509723680360015,0.31276304097402685,0.9998073577880859,0.44380258236612624,0.478612737996238,0.9990435838699341,0.42933626260076285,0.4791030443850022,0.9998838305473328,59.784900885702235,0
865,0.4633085897990639,0.3242292588665374,0.9944782257080078,0.4549653899101988,0.31237981007212706,0.9997913837432861,0.44395781698681097,0.47831029693285665,0.9986693263053894,0.42951543132464126,0.47825950242224236,0.9998542070388794,59.784900885702235,0
866,0.46382774483589934,0.32540931871959167,0.994784951210022,0.45423331998643457,0.3101044950031101,0.9998027086257935,0.44415423274040255,0.4777673099722185,0.9985103011131287,0.42961782500857437,0.47685723929178186,0.9997971057891846,59.784900885702235,0
867,0.4646224081516269,0.3268132465226312,0.9951118230819702,0.45264326390765997,0.3070841601916724,0.9998043179512024,0.44448895965303725,0.47746431685629387,0.9985711574554443,0.42958228361038975,0.475399990876516,0.9998020529747009,59.784900885702235,0
868,0.4650534334636873,0.32746914454868886,0.9955451488494873,0.450775062754041,0.3042722401164829,0.9998177289962769,0.44448301338014184,0.47770930188042815,0.9986258745193481,0.4294170935948693,0.4744528574602948,0.9998148083686829,59.784900885702235,0
869,0.46491031561579066,0.32772323489189176,0.9956199526786804,0.4489378914946605,0.3026114233902525,0.9998047947883606,0.4441774161089038,0.47845121934300416,0.9986616373062134,0.42907049400465863,0.4742825627326969,0.9998065829277039,59.784900885702235,0
870,0.46376179655393,0.3271444837252302,0.9950186610221863,0.4478072325388594,0.3030860296317512,0.9997583627700806,0.44336294702121226,0.4794622673874813,0.9985716342926025,0.42855302634693365,0.4750369829790937,0.9997656941413879,59.784900885702235,0
871,0.4621992891743073,0.32659255606787574,0.9948499798774719,0.4466271301110589,0.303829222917557,0.9996623396873474,0.44230254916917744,0.48059122051511527,0.9984704256057739,0.4278827167692642,0.4764311952250348,0.9997197389602661,59.784900885702235,0
872,0.4596325059731805,0.3253966655050008,0.9947296380996704,0.44531209695906904,0.3035109071504505,0.9996073246002197,0.44065830821082735,0.4813514820167,0.9983205795288086,0.4273176760900591,0.47745821873347005,0.999679446220398,59.784900885702235,0
873,0.45688658243133945,0.3239442024912156,0.9944786429405212,0.4436081718830838,0.30298858171417625,0.9995662569999695,0.439072600432805,0.4818249075185689,0.9980974793434143,0.42678184878258507,0.47817709616252396,0.9996381402015686,59.784900885702235,0
874,0.4541742290769308,0.3221219125248139,0.990966796875,0.44146647481691303,0.3025205504326596,0.9994675517082214,0.4376835638568518,0.48211094453221315,0.9979195594787598,0.4263634071463634,0.47870917831148463,0.9995341897010803,59.784900885702235,0
875,0.4517724953946617,0.3204321066538496,0.9888792634010315,0.4392782747745517,0.3021469485192074,0.999415397644043,0.43691356267247916,0.48219480117162106,0.997600793838501,0.42576086521148715,0.4789464218275891,0.9995030164718628,59.784900885702235,0
876,0.44954046323185914,0.31930257309050813,0.988675594329834,0.43746878845351117,0.3021945825644904,0.9993897080421448,0.43605682679585084,0.4820059637228652,0.9974192976951599,0.42478155096372006,0.4788549386319664,0.9994882345199585,59.784900885702235,0
877,0.4477936213924775,0.3190991523719972,0.9892715811729431,0.4350944147223521,0.30214785536130295,0.9994213581085205,0.4350798768656598,0.4817361235618595,0.9973786473274231,0.4234701281502137,0.47864729733694206,0.9995065331459045,59.784900885702235,0
878,0.44541101228623203,0.3188641199043821,0.9896414875984192,0.43272149562835727,0.3020350947266536,0.9994326233863831,0.4334882015273688,0.48155644110270945,0.9973738789558411,0.4223749807902748,0.4783873543852855,0.9994925856590271,59.784900885702235,0
879,0.44347571758996907,0.31943506002426175,0.9900707602500916,0.4302215803237192,0.3017961297716416,0.9994485974311829,0.4322263328802022,0.4814978994074326,0.9973704814910889,0.42169129280816975,0.4781928757826491,0.9994563460350037,59.784900885702235,0
880,0.4418898182255885,0.3192816277345024,0.9904911518096924,0.42680895470437585,0.301337296054477,0.9994732141494751,0.43168683137212516,0.4815638264020288,0.9973160028457642,0.42129479277701637,0.4781370574519752,0.9994596242904663,59.784900885702235,0
881,0.44064488155501264,0.31677125749133905,0.990659236907959,0.42377224990299805,0.30004822640191964,0.9994791746139526,0.431648230268842,0.4813944030375712,0.9969314932823181,0.42103419843174195,0.47840897242228225,0.9993643760681152,59.784900885702235,0
882,0.4391089024997896,0.31245684481802466,0.9905551075935364,0.4223290142558873,0.29877544584728444,0.9994879364967346,0.43042916627157335,0.4818112367675422,0.9967727661132812,0.42090935082662706,0.4802226324876153,0.999319851398468,59.784900885702235,0
883,0.43723426120621856,0.3058574951830367,0.9911212921142578,0.42191469243594615,0.2968352280911948,0.9995304942131042,0.4288056776637126,0.48252336609931257,0.9966209530830383,0.4206891769454596,0.48282461932727305,0.9993303418159485,59.784900885702235,0
884,0.43520444773492395,0.29876170555750553,0.9915124177932739,0.42235964678582727,0.294624562774386,0.9995604753494263,0.4271175705251243,0.4834595336800534,0.9965124726295471,0.42055588534900157,0.4856232035727732,0.9992781281471252,59.784900885702235,0
885,0.4327335712455571,0.2941686993553527,0.9919301271438599,0.4230775691214066,0.29353589245251266,0.999578595161438,0.4262020289897922,0.48445435932704417,0.9964036345481873,0.4205276043642138,0.48840420728638095,0.9992027282714844,59.784900885702235,0
886,0.4360767617112118,0.2931746514070604,0.9925270676612854,0.4222932599839713,0.2944495110284717,0.9996007680892944,0.42699274988401537,0.4856604167393279,0.9965066313743591,0.4202260573705041,0.4905700016589396,0.9992159605026245,59.784900885702235,0
887,0.43722534747350816,0.2948408254555296,0.9931414127349854,0.42170842772438444,0.2974563340346021,0.9995943903923035,0.4275131580375493,0.48708437879880306,0.9966788291931152,0.4195315468878976,0.492183971972693,0.999233603477478,59.784900885702235,0
888,0.4339004755020145,0.301055994771776,0.9935726523399353,0.4274803201357527,0.3055419084571659,0.99944007396698,0.4249951598190129,0.4900580800714951,0.9969087839126587,0.4198498385293147,0.4954447235379904,0.9992568492889404,59.784900885702235,0
889,0.42902755879220544,0.30817968788601124,0.9941350221633911,0.43421020394279874,0.31581453624225825,0.9994535446166992,0.4228271969727111,0.49292760377838535,0.9971556067466736,0.4207818919704077,0.4982115825017297,0.9993024468421936,59.784900885702235,0
890,0.4230892487934661,0.31519936238016427,0.9946393370628357,0.4408903391588305,0.32417735315504553,0.999492347240448,0.42013058492115596,0.49507368604342183,0.9973523616790771,0.42184255946250226,0.5008249538285396,0.9993433952331543,59.784900885702235,0
891,0.4172192357835319,0.3203686319646384,0.9951372742652893,0.44281095975921303,0.3276707061699461,0.9995315074920654,0.417326275791441,0.4953928646587194,0.9975231885910034,0.42254629731178317,0.5001769463221236,0.9993717670440674,59.784900885702235,0
892,0.418320545128414,0.3230297139712745,0.9954140186309814,0.43840087595440125,0.3261861048993613,0.9995665550231934,0.4165272414684299,0.494068162781852,0.9975997805595398,0.42206311083975323,0.4966672389280232,0.9993560314178467,59.784900885702235,0
893,0.41847592308407777,0.322612992354802,0.9955393075942993,0.43083127055849385,0.3204287801470078,0.999601423740387,0.4156747545514791,0.4921597937742873,0.997501790523529,0.42060918893132926,0.49175779734339076,0.9992771148681641,59.784900885702235,0
894,0.418013562758764,0.3218497662317188,0.9957212209701538,0.42735662346794523,0.3155417811302914,0.9996335506439209,0.4141686459382378,0.490915227504004,0.9973564147949219,0.4192607757591069,0.48793159638132405,0.9991787672042847,59.784900885702235,0
895,0.4188122862861273,0.3204534976255329,0.9957076907157898,0.4249702961671924,0.31303585285232205,0.9996585249900818,0.414036435740335,0.4899472168513711,0.9970953464508057,0.4182007511456811,0.4854696747802557,0.9990966320037842,59.784900885702235,0
896,0.41983659352575065,0.3198930408273427,0.9956178069114685,0.4253782104878202,0.31228966940017,0.9996815919876099,0.4137049430892584,0.4895648147378653,0.9966166019439697,0.41744817012832314,0.485539752812613,0.9989352226257324,59.784900885702235,0
897,0.4203251231284372,0.3197240063122343,0.9956703782081604,0.42621208798317717,0.3123631392206467,0.9997072815895081,0.4130784244764423,0.48918233031318337,0.9962026476860046,0.4170288315841133,0.48503085687047,0.9987967014312744,59.784900885702235,0
898,0.4202094801834655,0.31967329127447974,0.9959503412246704,0.42727494807470445,0.3138597763720016,0.999734103679657,0.41286367461794937,0.48886456092198727,0.9961346387863159,0.41672711003394386,0.48468332915079065,0.9987764954566956,59.784900885702235,0
899,0.41976486643155453,0.31967496871948264,0.9962054491043091,0.42913924654324886,0.3155306648640408,0.9997587203979492,0.4120528030963174,0.48871224976721306,0.9961227774620056,0.41669400674956214,0.4845159138951987,0.9987701773643494,59.784900885702235,0
900,0.4196050379957475,0.31955620646476773,0.9962389469146729,0.43127473195393917,0.3174487111114323,0.9997791051864624,0.411499476148969,0.48806577778997917,0.9959084391593933,0.4164424666336608,0.4841218193372095,0.9986135363578796,59.784900885702235,0
901,0.41936376690864596,0.3191386943771728,0.9963852167129517,0.43325198973928214,0.3192351531414761,0.9997986555099487,0.4108772362981527,0.486854773192179,0.995919406414032,0.41632217026892193,0.48354887252762246,0.9985897541046143,59.784900885702235,0
902,0.41970136619749554,0.3186878207184022,0.9962327480316162,0.4345015542847773,0.3203223787602927,0.9998100996017456,0.4104644783905578,0.48573694342658674,0.995362401008606,0.4159461117926101,0.48309793642589066,0.9981863498687744,59.784900885702235,0
903,0.4201097729660219,0.3181720744995846,0.9963024854660034,0.43548334638277725,0.32080170086451965,0.9998222589492798,0.41045719243231304,0.4847699928851359,0.9952617883682251,0.41535477978842633,0.4826333678904038,0.9979954957962036,59.784900885702235,0
904,0.4207364122072859,0.31778763305573265,0.9964310526847839,0.43603503987902725,0.3210354163533168,0.9998360276222229,0.41061738559177974,0.48465226661591343,0.9952639937400818,0.41485125536010414,0.48269838236627166,0.9979414939880371,59.784900885702235,0
905,0.42169242387726225,0.31751969456672696,0.996539831161499,0.43674571883110813,0.32145441429955646,0.9998475313186646,0.41064975800968384,0.4849144248735341,0.9951684474945068,0.4142198747112641,0.483088185389837,0.9978415966033936,59.784900885702235,0
906,0.42294540007909176,0.3173500100771589,0.9965627789497375,0.437166858287085,0.3222364173049021,0.9998505711555481,0.4108751671654841,0.4850497770877115,0.9950757026672363,0.4133728529725759,0.48345589353924745,0.9975975155830383,59.784900885702235,0
907,0.423888084434328,0.31695610994384427,0.9965876936912537,0.43753617860022087,0.32298932614780634,0.999854326248169,0.41115936636924777,0.48461239394687505,0.9947327971458435,0.4126103264944897,0.48340602431978535,0.9973393082618713,59.784900885702235,0
908,0.42483709681601783,0.31644041339556406,0.9967247843742371,0.43753046223095515,0.3234138375236877,0.9998636245727539,0.41152519555318956,0.48444126901172496,0.9946456551551819,0.41185843802633776,0.48353625621114493,0.9973132610321045,59.784900885702235,0
909,0.42524752588499193,0.315878578594753,0.9968639016151428,0.43759799713180214,0.3234819897583555,0.9998742938041687,0.4115677986826219,0.4843694979236244,0.9947897791862488,0.4113440939358306,0.48358661787850554,0.9974302649497986,59.784900885702235,0
910,0.42564347102528566,0.31548171383993995,0.996809720993042,0.4377409531956631,0.3232760982854028,0.9998754262924194,0.4113000546182908,0.48461849348885716,0.9948732852935791,0.4112721000398912,0.48363872511046313,0.997327983379364,59.784900885702235,0
911,0.4262305767763232,0.3152118481340865,0.9967831969261169,0.4380276458603999,0.32316714241391165,0.9998790621757507,0.4109503995804563,0.48508190966787834,0.9949261546134949,0.4114476768743428,0.48409320768855907,0.9972540736198425,59.784900885702235,0
912,0.42703549634842686,0.315322375013715,0.9969152212142944,0.43849189792360616,0.3231538278715954,0.9998857975006104,0.41067660138720585,0.4857061789149334,0.9951752424240112,0.4115738201709024,0.4847248750073573,0.9973427057266235,59.784900885702235,0
913,0.4277872840563459,0.31524882430122037,0.9971041083335876,0.4390100325856893,0.32317255792163696,0.9998942613601685,0.4105946833179114,0.48603996634483376,0.9954504370689392,0.4116799334685011,0.48567691587266504,0.9974787831306458,59.784900885702235,0
914,0.4286451822235474,0.31491561304955284,0.9971951246261597,0.4393332274187183,0.323191909562974,0.9999019503593445,0.41071928257033974,0.48649184902509096,0.9956116676330566,0.41175426471801063,0.48701121693565774,0.9976311922073364,59.784900885702235,0
915,0.42926812597683534,0.3143925439743771,0.9971830248832703,0.43987948695818624,0.32324916692007183,0.9999063014984131,0.4107856934978852,0.4868429913407284,0.9956742525100708,0.41180703469685176,0.4880903561909997,0.997709333896637,59.784900885702235,0
916,0.4303373211906073,0.3137350593294419,0.9972500205039978,0.4403715275582817,0.3231911815348128,0.9999098777770996,0.41100658263478995,0.486967313857306,0.995780885219574,0.4118535192239856,0.4888593185515635,0.9977322220802307,59.784900885702235,0
917,0.43132877207937725,0.31330328470184715,0.9973939657211304,0.44136451681455013,0.3231996510710038,0.9999154210090637,0.41086267999240367,0.4870771964391077,0.9959543347358704,0.4118666890121645,0.48980946909813694,0.9978541731834412,59.784900885702235,0
918,0.4320822982561024,0.31327103575070725,0.9973955750465393,0.4430736870992755,0.32378456280345036,0.9999164938926697,0.41049048304557834,0.48734402088891926,0.9960052967071533,0.4119534066745216,0.4907849516187399,0.9978736042976379,59.784900885702235,0
919,0.432409397193364,0.3134132893312548,0.9974024295806885,0.4449777191593537,0.3248392896992822,0.9999171495437622,0.4095619491168434,0.4879078879242855,0.9958609342575073,0.4122082945846379,0.4922441726639161,0.9977725744247437,59.784900885702235,0
920,0.4326280398028241,0.31369567910830204,0.9974777698516846,0.4462853968143467,0.32594100492341205,0.9999202489852905,0.4081854167438692,0.4887237449487054,0.9959614872932434,0.4125577381678993,0.4936357367606394,0.9978349208831787,59.784900885702235,0
921,0.43285420820826614,0.31366706745965167,0.9975849390029907,0.44722592404910533,0.3268529673417412,0.9999186396598816,0.4066717312449504,0.48925419080825117,0.9961166977882385,0.41296229617936303,0.4944314942473461,0.9979090094566345,59.784900885702235,0
922,0.43357646749133194,0.313367979867118,0.9977374076843262,0.4475132383051376,0.3271409769852959,0.9999183416366577,0.40541663907823144,0.4891142887728559,0.9964144825935364,0.41332739591598544,0.49452850506419266,0.9980639219284058,59.784900885702235,0
923,0.4340182954356787,0.3128665600504197,0.9978930950164795,0.4483564893404646,0.3269786962441038,0.9999210834503174,0.40398385269301307,0.48834758429300257,0.9966820478439331,0.4135855195068181,0.49414053843134964,0.9981985092163086,59.784900885702235,0
924,0.4345129856041503,0.3122994105021161,0.998022198677063,0.44936922334489404,0.32682317637261915,0.9999220371246338,0.402799399126144,0.4873745810417906,0.9969074726104736,0.4137855824970067,0.4935528337955479,0.998323917388916,59.784900885702235,0
925,0.4350641710417615,0.3119139728092014,0.9981643557548523,0.45028633730752166,0.3267410170464291,0.9999261498451233,0.401513633273897,0.4865835706392928,0.9971741437911987,0.41397027174631784,0.4931560882500244,0.9984761476516724,59.784900885702235,0
926,0.43588609638668274,0.31201981504758225,0.998285174369812,0.4505454202493035,0.3265997668107353,0.9999279379844666,0.40039483422324806,0.486307772852126,0.9973828792572021,0.41406727688653167,0.49320823521841184,0.9986001253128052,59.784900885702235,0
927,0.4367335821901052,0.31228030579430743,0.9983660578727722,0.45076925413949187,0.32656970903987004,0.9999282360076904,0.39952341431663185,0.486322246846699,0.9975382089614868,0.4141205747922265,0.49391069582530467,0.9987042546272278,59.784900885702235,0
928,0.4373661733808975,0.3129109811215176,0.9984481334686279,0.45115564834503935,0.3266967038313551,0.9999282956123352,0.398843545289267,0.48636681267193427,0.9977323412895203,0.41412363591648316,0.4947364599931812,0.998810887336731,59.784900885702235,0
929,0.4374114573001865,0.31362482621556265,0.9985410571098328,0.45214771372931384,0.3270849911939533,0.9999321103096008,0.3981011410554253,0.4864325679483872,0.9979393482208252,0.41404492514474084,0.4955193627448313,0.9989234805107117,59.784900885702235,0
930,0.4373482692809335,0.3143182694911959,0.9986200928688049,0.4528650982039319,0.32760915869758267,0.9999343752861023,0.3974887019112,0.48636399422373133,0.9981222748756409,0.41371995636395076,0.49596578024682586,0.9990231394767761,59.784900885702235,0
931,0.43746705140386344,0.31516454333350796,0.9986677169799805,0.4531467571145016,0.32824114674613614,0.9999354481697083,0.3968512032713212,0.48623269228708216,0.9982766509056091,0.4131605994133726,0.49607727073487823,0.9991093873977661,59.784900885702235,0
932,0.4376918304534189,0.3163471250306995,0.9987265467643738,0.45322966007959314,0.3288692732652031,0.9999377131462097,0.396361745539166,0.48609498427027786,0.9984212517738342,0.4123852934156149,0.4958500195117228,0.9991900324821472,59.784900885702235,0
933,0.43812427918116287,0.31751352548599265,0.9987165331840515,0.4536413720675881,0.3297653084709533,0.9999387264251709,0.3960420773142863,0.4859237330300471,0.9985232353210449,0.4116473226320179,0.49562260934284796,0.9992561936378479,59.784900885702235,0
934,0.43868759274482766,0.31914910674095176,0.9986501932144165,0.45442220142909495,0.33112714687983225,0.9999406337738037,0.3958203707422532,0.4860104677223027,0.9985807538032532,0.41105489078022217,0.4955899601890932,0.9993078112602234,59.784900885702235,0
935,0.43980706163815125,0.32212983568509446,0.9985846877098083,0.4551774632363096,0.33295043025698007,0.9999410510063171,0.3956645670391268,0.4863023161888127,0.9986316561698914,0.4107395708560947,0.4957489811238792,0.9993503093719482,59.784900885702235,0
936,0.44132413182939834,0.3251766008990154,0.9985558390617371,0.4555169414906278,0.3348425271965211,0.9999391436576843,0.39573642611503634,0.48662124928974004,0.9987138509750366,0.41058146669751155,0.4960281806332728,0.9993884563446045,59.784900885702235,0
937,0.44272483530498724,0.32778181348528207,0.9985724687576294,0.455830146869024,0.33649862664086505,0.9999366402626038,0.39571646139735295,0.4868170335179287,0.9987915754318237,0.4103630426384157,0.49634003071557947,0.9994103312492371,59.784900885702235,0
938,0.44350822340874485,0.3295311005342577,0.9985780715942383,0.4566648630868825,0.3385221589179269,0.9999309778213501,0.39548734681946923,0.4866588186650053,0.9988479614257812,0.41011023237591726,0.4964290076778053,0.999419093132019,59.784900885702235,0
939,0.44377214000338633,0.33025289433343097,0.9985007643699646,0.45800460094497353,0.3411505761600679,0.9999249577522278,0.3951177355789006,0.48626719486145786,0.9988059997558594,0.40976254287220215,0.4963299703030363,0.9993581175804138,59.784900885702235,0
940,0.44351631970632677,0.3307190452303208,0.9984496831893921,0.4594872153940659,0.3441086525008795,0.9999215006828308,0.3945126363209319,0.48580605359304563,0.9987698197364807,0.4092625876267755,0.4962814691520876,0.9992871880531311,59.784900885702235,0
941,0.4433550962380004,0.3316929113297238,0.9984536170959473,0.46107102859587934,0.3470326903320497,0.9999193549156189,0.39378770902043325,0.4850825780913947,0.9988031983375549,0.40885171010380733,0.49615037867001166,0.9992774724960327,59.784900885702235,0
942,0.4432700765984401,0.33267152948038947,0.9983983039855957,0.46257597420896823,0.34941104054451005,0.9999223351478577,0.3929801966462818,0.4844518346445904,0.998802125453949,0.4085721224546434,0.49632449448108684,0.9992649555206299,59.784900885702235,0
943,0.4432075513260706,0.33369236545903364,0.9983091354370117,0.4640541502407622,0.3514523868049896,0.999925971031189,0.3920790680817197,0.48378000301974183,0.9987976551055908,0.4083774877446039,0.4966432643788202,0.9992637038230896,59.784900885702235,0
944,0.44316752042089186,0.33475541926565633,0.9982976317405701,0.4655055566912609,0.35315672911348817,0.999929666519165,0.39108432332674686,0.4830670832168489,0.9988264441490173,0.40826780597368867,0.49710668836321154,0.9992830753326416,59.784900885702235,0
