frame_id,left_shoulder_x,left_shoulder_y,left_shoulder_visibility,right_shoulder_x,right_shoulder_y,right_shoulder_visibility,left_hip_x,left_hip_y,left_hip_visibility,right_hip_x,right_hip_y,right_hip_visibility,fps,low_visibility
0,0.9136474387986325,0.28864824842839015,0.9997901320457458,0.9873973457586198,0.3183735438755582,0.9982568621635437,0.907783294007892,0.5098641642502378,0.9995338916778564,0.9510990991478877,0.5221782653104695,0.9989079236984253,59.78143152505661,0
1,0.9135131623063776,0.28943873303277157,0.9997709393501282,0.987856639283044,0.3193286827632362,0.9983153343200684,0.9077408909797672,0.5098512385572709,0.999519944190979,0.950940983636039,0.521667335714613,0.9988800883293152,59.78143152505661,0
2,0.9134113575731013,0.29005845742566255,0.9997621178627014,0.9882493019104004,0.3200951005731314,0.9983998537063599,0.9077229882989614,0.509708574840001,0.9995165467262268,0.9508188664913182,0.5209561118057799,0.9988845586776733,59.78143152505661,0
3,0.9133420245988035,0.29050742160706317,0.9997531771659851,0.9885753336406897,0.3206727973052436,0.99847412109375,0.9077295859654753,0.5094361730984283,0.9995204210281372,0.9507327477137255,0.5200445935839703,0.9989007115364075,59.78143152505661,0
4,0.9133485044751857,0.29067551947775366,0.9997421503067017,0.9888064492316482,0.32097474733988474,0.9985455870628357,0.90774934348606,0.5089945622852874,0.9995179176330566,0.9507110800061915,0.5187747308186126,0.9989039897918701,59.78143152505661,0
5,0.9133333365122485,0.29082112794830706,0.9997380375862122,0.9890358220963259,0.3211781453518643,0.9986177086830139,0.9078257566406621,0.5084008773167932,0.9995208978652954,0.9506913565454036,0.5174521605173751,0.9989209175109863,59.78143152505661,0
6,0.9132923568998071,0.2909317073367893,0.9997243285179138,0.9891481967199425,0.32135879141943824,0.9986498951911926,0.9079343364352279,0.5078775825954623,0.9995287656784058,0.9506972574052365,0.5163521454447796,0.998930037021637,59.78143152505661,0
7,0.913250664869945,0.2908924959954764,0.9997248649597168,0.9891611053830109,0.32150581053325133,0.9987123012542725,0.9080376057397759,0.5074767441976642,0.9995343685150146,0.9507035017013558,0.5155839692978637,0.9989470839500427,59.78143152505661,0
8,0.9132212712651215,0.29087551151003177,0.9997091889381409,0.9891296852202651,0.32164935129029437,0.9987581372261047,0.9081151967956913,0.5073055142448066,0.9995145201683044,0.9507022727103468,0.5153366156986786,0.9989275336265564,59.78143152505661,0
9,0.9131981588545307,0.2908687378679005,0.9997058510780334,0.9890988639422833,0.3218267318748295,0.998805582523346,0.9081703396070578,0.5072784054846995,0.9995145797729492,0.9506958410853439,0.515436933154152,0.998924732208252,59.78143152505661,0
10,0.9131868254570742,0.2908649387813752,0.9997062683105469,0.9890428270612452,0.3220840309347428,0.9988501667976379,0.9081761070660189,0.5073340393248063,0.9995201826095581,0.9506455801782161,0.5155869892665322,0.9989303946495056,59.78143152505661,0
11,0.9131892124811816,0.29085971060253346,0.9997051358222961,0.9889887770016996,0.3223552831581663,0.9988754391670227,0.9081727635292787,0.5073306219918392,0.999523937702179,0.9505913967177989,0.5156427054178151,0.9989265203475952,59.78143152505661,0
12,0.9131945087796173,0.2908507287502291,0.9997002482414246,0.9889455976940345,0.32260593488102896,0.998879075050354,0.9081670641899116,0.5073268555459526,0.9995231032371521,0.950542696884701,0.5156876728648235,0.9989014267921448,59.78143152505661,0
13,0.9131897318930862,0.29083987928572175,0.9996998310089111,0.9889164112863094,0.3227787585485552,0.9988945126533508,0.9081543144725626,0.5073153035981319,0.9995194673538208,0.9505080325262895,0.5157242757933485,0.9988802075386047,59.78143152505661,0
14,0.9131589503515342,0.29083396849178156,0.9996973276138306,0.988868196805319,0.3228736661729361,0.9989007711410522,0.9081452403749746,0.5073139099847708,0.9995132684707642,0.9504818291891197,0.5157544698034018,0.9988563060760498,59.78143152505661,0
15,0.9131137246177317,0.2907888662247433,0.9996928572654724,0.9888140332131168,0.32292383767309674,0.9989095330238342,0.9081423197473806,0.5072689936274578,0.9995084404945374,0.9504617594537289,0.5157632288478674,0.9988443851470947,59.78143152505661,0
16,0.9130753051666993,0.29064301365897793,0.9996931552886963,0.9887471340951474,0.3229434944334487,0.9989219903945923,0.9081442895389746,0.5071746792112082,0.9995084404945374,0.9504385193188993,0.5157460513569064,0.9988388419151306,59.78143152505661,0
17,0.9130520678701861,0.29045137479191757,0.9996911883354187,0.9886829909824197,0.32296781596683344,0.9989409446716309,0.908146213917506,0.5070721762520931,0.9995086193084717,0.9504155204409652,0.5157289618537544,0.9988357424736023,59.78143152505661,0
18,0.9130417619432729,0.29026765624682127,0.9996888637542725,0.988632988362086,0.3230296941030596,0.9989483952522278,0.9081488762583059,0.5070078486487983,0.9995032548904419,0.9503914515177416,0.5157288085846677,0.9988225698471069,59.78143152505661,0
19,0.9130341637702222,0.2901507970832645,0.9996867775917053,0.9885972795032327,0.3231722769283116,0.9989527463912964,0.90815023581187,0.5070058760188878,0.9994974732398987,0.9503553878693362,0.5157979925473535,0.9988077282905579,59.78143152505661,0
20,0.9130121214049209,0.29014069835344974,0.9996910095214844,0.988563347430457,0.32335120581445265,0.9989717602729797,0.9081491600899476,0.5070711402666006,0.9994997382164001,0.9503101195607875,0.5159329459780744,0.9988164901733398,59.78143152505661,0
21,0.9129551535560978,0.29018341359638056,0.9997012615203857,0.9885394431295857,0.32352922502018183,0.9990164041519165,0.9081365749949508,0.5071305604208087,0.9995117783546448,0.9502270193327049,0.5160731389409025,0.9988457560539246,59.78143152505661,0
22,0.9128834293002182,0.2902177189077652,0.9997118711471558,0.988509260472798,0.32363691926002525,0.9990602135658264,0.9081205839202524,0.5071600306601756,0.9995244741439819,0.9501381147475478,0.5161736806233728,0.9988768100738525,59.78143152505661,0
23,0.9128192436127444,0.2902568706444334,0.9997184872627258,0.9884756434531448,0.3237035671869916,0.9990953207015991,0.908101575715202,0.5071710660344082,0.9995299577713013,0.950035926841555,0.516226967175802,0.998893141746521,59.78143152505661,0
24,0.9127739469210314,0.29029548593929855,0.9997222423553467,0.9884488610994256,0.3237406072162449,0.9991240501403809,0.9080763402439306,0.5071788316681276,0.9995294809341431,0.949924588203431,0.516265505836124,0.9988923072814941,59.78143152505661,0
25,0.9127575669969838,0.2903268237908684,0.9997279047966003,0.9884328671864109,0.32377516088031616,0.9991462826728821,0.9080431432951072,0.5071865859485811,0.9995352029800415,0.9497559467951464,0.5163203165644695,0.9988973736763,59.78143152505661,0
26,0.91276825893493,0.29035065571467106,0.9997349977493286,0.9884267137164169,0.32379228444326513,0.9991719722747803,0.9080124525796807,0.5071994463602706,0.9995432496070862,0.94958706129165,0.5163923672267373,0.9989105463027954,59.78143152505661,0
27,0.9127739639509299,0.29035381476084415,0.9997386932373047,0.9884179433186857,0.323793397063301,0.9991896748542786,0.9079877280053645,0.5071584866160442,0.9995442032814026,0.9494018356005359,0.5163716844150003,0.9989103674888611,59.78143152505661,0
28,0.912777781486512,0.2903372318971727,0.9997435808181763,0.988403777281444,0.32376685454731924,0.9992079734802246,0.9079721683547617,0.5070851615497048,0.9995429515838623,0.9492221843628664,0.5162750312260223,0.9989050626754761,59.78143152505661,0
29,0.9127761324246731,0.2902823700791316,0.9997406601905823,0.9883889896529069,0.32373814071927776,0.9992096424102783,0.9079623364266902,0.5070074399312341,0.9995324015617371,0.9490636530376624,0.5161317615281972,0.9988850951194763,59.78143152505661,0
30,0.9127688436281121,0.2902190259524756,0.9997424483299255,0.9883764187494921,0.32371405476615567,0.9992279410362244,0.907952064559574,0.5069906456129896,0.9995386004447937,0.9489548802375801,0.516068279743195,0.9988974928855896,59.78143152505661,0
31,0.9127550777934854,0.29015867624964053,0.9997476935386658,0.9883670012156177,0.3237062621684304,0.9992460608482361,0.9079252765292221,0.507047465869359,0.9995502829551697,0.9488671904518499,0.5160945029485797,0.9989182353019714,59.78143152505661,0
32,0.9127494664419272,0.2901132433187396,0.9997538328170776,0.9883625422205251,0.3237164048921497,0.9992629289627075,0.9078922669092822,0.507162349564689,0.9995610117912292,0.9488419606572114,0.5162008688563396,0.9989363551139832,59.78143152505661,0
33,0.9127545441899988,0.2900838752587639,0.9997605681419373,0.988358764421373,0.3237572922593074,0.9992812275886536,0.907858820188614,0.5072641826811295,0.999576210975647,0.9488265457607459,0.5162768931615924,0.9989639520645142,59.78143152505661,0
34,0.9127647195543569,0.290059573593594,0.9997681379318237,0.9883578589984358,0.3238189518451693,0.999296247959137,0.9078207810719815,0.5073406100273137,0.9995898604393005,0.948797237305415,0.5163192692257113,0.9989864826202393,59.78143152505661,0
35,0.9127743017105836,0.29003241942042424,0.9997755885124207,0.9883592838332775,0.3238791127999626,0.999308705329895,0.9077898150398624,0.5073776216734027,0.9996006488800049,0.9487601518630989,0.5163116199629652,0.999005138874054,59.78143152505661,0
36,0.912791311740876,0.2899845583098277,0.9997802972793579,0.9883599650292177,0.32392760543596205,0.9993190169334412,0.9077722884359821,0.5073968228839696,0.9996093511581421,0.94872971659615,0.5162970962978548,0.9990220069885254,59.78143152505661,0
37,0.9128019071760639,0.28991664875121365,0.9997853636741638,0.9883553726332536,0.3239828163669225,0.9993266463279724,0.9077593286832181,0.5074197224208291,0.9996179342269897,0.9487109127498815,0.5162828025363744,0.9990341663360596,59.78143152505661,0
38,0.9128330406688516,0.2898440644854593,0.9997878074645996,0.9883368838401076,0.32402755391030114,0.999332070350647,0.907754790215266,0.5074369254566378,0.9996203184127808,0.9487068653106697,0.516268718810309,0.9990292191505432,59.78143152505661,0
39,0.9128671998069406,0.28978447970889887,0.9997895359992981,0.9883140325546272,0.3240898308299839,0.9993306994438171,0.9077557325363167,0.5074642357372107,0.9996225833892822,0.9487002378418339,0.5162617110070732,0.9990262985229492,59.78143152505661,0
40,0.9129142619314654,0.289756143376941,0.9997913837432861,0.9882931879588543,0.3241789823486694,0.9993357062339783,0.9077552102860957,0.5074810527619865,0.999623715877533,0.9486956908589326,0.5162656108538314,0.9990243315696716,59.78143152505661,0
41,0.9129776358604438,0.2897646852902006,0.9997959733009338,0.988280239559356,0.3242584509508953,0.999345600605011,0.9077597856521613,0.5074715018272404,0.9996322989463806,0.9486923161007117,0.516265642075312,0.9990395903587341,59.78143152505661,0
42,0.9130495985349028,0.2897670737334662,0.9998001456260681,0.9882749262310218,0.32432563248134816,0.9993583559989929,0.9077649002983464,0.5074338543982737,0.9996419548988342,0.9486836024693088,0.5162564203852703,0.9990599751472473,59.78143152505661,0
43,0.9131071794600721,0.28976005599612303,0.9998037219047546,0.9882733367738277,0.32438505973134746,0.9993648529052734,0.907769870190394,0.5074054911023098,0.9996479153633118,0.9486717070852014,0.5162463273320883,0.9990712404251099,59.78143152505661,0
44,0.9131630886168715,0.2897526678584873,0.9998054504394531,0.9882661984080368,0.3244189804508575,0.9993659257888794,0.9077777862548835,0.5073946544102264,0.999649167060852,0.9486602346102404,0.516238615626381,0.9990708231925964,59.78143152505661,0
45,0.9131925304730741,0.2897487609159381,0.9998058080673218,0.9882595539093025,0.3244455045177826,0.9993577599525452,0.9077889238085073,0.5074119028590978,0.9996481537818909,0.9486524434316733,0.5162459441593719,0.9990639090538025,59.78143152505661,0
46,0.9132121290479395,0.2897502538703739,0.9998031854629517,0.9882474172682998,0.32450638072831317,0.9993526339530945,0.9078064901488174,0.5074357191721602,0.9996451139450073,0.9486505673045211,0.516259074211121,0.9990594387054443,59.78143152505661,0
47,0.9132355451583869,0.28975562112672015,0.9998038411140442,0.9882227239154642,0.32457295485905263,0.9993588924407959,0.907849643911635,0.5074110740707038,0.9996488690376282,0.9486534907704316,0.5162043855303814,0.999072790145874,59.78143152505661,0
48,0.9132568098249897,0.2897552152474724,0.9998010396957397,0.988187273343405,0.32465591175215613,0.9993637800216675,0.9079130320321953,0.5073438230014986,0.9996450543403625,0.948670265220461,0.5161032023884005,0.9990731477737427,59.78143152505661,0
49,0.9132747564996999,0.2897490135260993,0.9997956156730652,0.9881506704148799,0.3247426223187222,0.9993626475334167,0.9079903108733048,0.5072604105586102,0.9996324181556702,0.9486942972455713,0.5159847310611184,0.9990565180778503,59.78143152505661,0
50,0.9133024130548757,0.28973498372804574,0.9997915625572205,0.9881213761511312,0.3248066604137423,0.9993646144866943,0.9080745208831068,0.5071895321210229,0.9996243715286255,0.9487288452330097,0.5158869794436868,0.9990532398223877,59.78143152505661,0
51,0.9133343355996275,0.2897305573735921,0.9997913241386414,0.9881077210108447,0.32484171929813593,0.9993659853935242,0.9081423083941149,0.5071605585870292,0.9996258616447449,0.9487654112634212,0.5158471209662305,0.999060332775116,59.78143152505661,0
52,0.9133797940753763,0.28973309766678607,0.9997908473014832,0.9881048514729462,0.3248679808207923,0.9993669390678406,0.9081841849145442,0.5071815536135723,0.99962317943573,0.9487919410069792,0.5158658112798422,0.9990611672401428,59.78143152505661,0
53,0.9134403836159486,0.289742803289777,0.9997895956039429,0.9881031286148806,0.3248744209607445,0.9993663430213928,0.9082114213988902,0.507183758985429,0.9996256828308105,0.9488013415109551,0.515849610169729,0.9990724325180054,59.78143152505661,0
54,0.9134934771628614,0.2897667019140155,0.9997854828834534,0.9881000206584031,0.3248722326187863,0.999360203742981,0.9082259393873676,0.507177123001644,0.9996210336685181,0.9488109123139162,0.515850180671329,0.9990630149841309,59.78143152505661,0
55,0.9135366820153743,0.28979491052173456,0.9997756481170654,0.9881002846218299,0.324864215794064,0.9993429780006409,0.9082321240788422,0.5071622104871845,0.9996025562286377,0.9488102765310387,0.515863798913502,0.9990280866622925,59.78143152505661,0
56,0.9135741648219888,0.2898116523311254,0.9997730255126953,0.9881021579106657,0.32485329679080444,0.999334454536438,0.9082372585932421,0.5071508288383488,0.9995986223220825,0.9488038959957312,0.515892863273621,0.999020516872406,59.78143152505661,0
57,0.9135988411449258,0.2898211124397462,0.9997674822807312,0.9881047180720746,0.3248490875675567,0.9993255138397217,0.9082628630456477,0.5071209016300386,0.9995870590209961,0.9488363038925905,0.5159150787762237,0.9989998936653137,59.78143152505661,0
58,0.9136286150841493,0.2898097762039732,0.9997609257698059,0.9881073946044567,0.324841760453724,0.9993098974227905,0.908303740478698,0.5070807082312452,0.9995734691619873,0.9488974639347629,0.5158945236887255,0.9989745020866394,59.78143152505661,0
59,0.9136668244997668,0.2897854206107914,0.9997519254684448,0.9881104968843015,0.3248292023227331,0.9992905855178833,0.9083553836459213,0.5069992286818372,0.9995564222335815,0.9489708457674306,0.5157945610228043,0.9989418983459473,59.78143152505661,0
60,0.913708496661414,0.28976227981703645,0.9997422695159912,0.9881124468076805,0.32481176654497806,0.9992830157279968,0.9084076427278072,0.5068967427526205,0.9995298981666565,0.9490367685045522,0.5156931621687757,0.9989004731178284,59.78143152505661,0
61,0.9137550961403627,0.28974225975218293,0.9997301697731018,0.9881154554230834,0.32479630907376633,0.9992735981941223,0.908451506069729,0.5067766195251833,0.999505341053009,0.9490787812641697,0.5155914596148904,0.9988601803779602,59.78143152505661,0
62,0.9137935837109891,0.2897353470325472,0.9997222423553467,0.9881162955647431,0.324781200715474,0.999269425868988,0.9084759496507198,0.5066882144837157,0.9994835257530212,0.9490828059968502,0.5155303676923121,0.9988237619400024,59.78143152505661,0
63,0.9138191228821172,0.28973830455825467,0.9997100830078125,0.9881189664204924,0.32478806802204707,0.999251663684845,0.9084988236427315,0.5066158203851613,0.999457597732544,0.9490935802459725,0.5155023109345214,0.9987788796424866,59.78143152505661,0
64,0.9138365416299736,0.2897435199646725,0.9996922016143799,0.9881207545598356,0.32479279098056635,0.9992218017578125,0.9085141590663373,0.5065824928737825,0.999419093132019,0.9491012720834648,0.5154828400838947,0.99871426820755,59.78143152505661,0
65,0.9138470320474541,0.2897546319734485,0.9996793866157532,0.9881228378840863,0.3247941306659156,0.9992013573646545,0.9085294434002475,0.5065631469090783,0.9993798136711121,0.9491086573827843,0.5154577891031905,0.9986481070518494,59.78143152505661,0
66,0.9138638859703435,0.28975234145209927,0.9996669292449951,0.9881233601343072,0.3247977211361842,0.9991869926452637,0.9085525245893576,0.506555591310774,0.999343752861023,0.9491121797334587,0.5154524842898055,0.9985886216163635,59.78143152505661,0
67,0.913883016223,0.2897382903666726,0.999661386013031,0.9881240015938176,0.3248199820518496,0.9991763234138489,0.9085873847916021,0.5065291126569116,0.999322772026062,0.9491222898165392,0.5154424849010654,0.9985495209693909,59.78143152505661,0
68,0.9138981699943549,0.28972275909923395,0.9996607899665833,0.9881200960704267,0.3247805039087934,0.99917072057724,0.9086215325764255,0.5064887290909181,0.9993152022361755,0.9491365438415897,0.5153899391492212,0.9985376000404358,59.78143152505661,0
69,0.9139081495148802,0.28970609960101923,0.9996587634086609,0.9881155490875252,0.32469280986558846,0.9991652965545654,0.9086439127013803,0.5064355844543098,0.9993051290512085,0.949140545867739,0.5153045739446371,0.9985254406929016,59.78143152505661,0
70,0.9139221424148204,0.28969870294843425,0.9996554851531982,0.9881077039809463,0.3245801031589511,0.999159038066864,0.9086507388523655,0.5063703968411404,0.999291718006134,0.9491279919942228,0.5152055507614504,0.9985131621360779,59.78143152505661,0
71,0.9139332004955845,0.28971323229017737,0.9996494054794312,0.9880952749933524,0.3244798609188627,0.9991517066955566,0.9086479289191117,0.5063077779043292,0.9992794990539551,0.949103011971429,0.5151196831748603,0.998492419719696,59.78143152505661,0
72,0.9139505142257335,0.28973199781917414,0.9996437430381775,0.9880950479280388,0.3244175187179023,0.9991381168365479,0.9086443895385385,0.5062567165919717,0.9992733001708984,0.9490746713819965,0.5150784963653205,0.9984818696975708,59.78143152505661,0
73,0.913967810925984,0.2897603937557768,0.9996353387832642,0.9881055128006717,0.32442040528569926,0.9991327524185181,0.9086513689586102,0.5062152431124737,0.9992685914039612,0.9490569148744863,0.5150753458340966,0.998471736907959,59.78143152505661,0
74,0.913982013861339,0.28979129308746,0.9996283650398254,0.9881183334759311,0.32442811415309025,0.9991311430931091,0.9086636475154339,0.5061819752057397,0.9992552399635315,0.9490530859856386,0.5150743183635534,0.9984483122825623,59.78143152505661,0
75,0.9139878863380075,0.289832922674361,0.9996214509010315,0.9881323803038833,0.32442489408311415,0.9991293549537659,0.9086827238400785,0.5061684250831608,0.9992393851280212,0.9490711405163728,0.5150839175496786,0.9984251856803894,59.78143152505661,0
76,0.9139916612988435,0.28988153168133346,0.9996221661567688,0.9881357891219011,0.3243507175218494,0.9991211891174316,0.9087061257589439,0.5061656406947549,0.9992350935935974,0.9491198829242169,0.5150891854649502,0.9984130263328552,59.78143152505661,0
77,0.9139935431026285,0.2899267701875598,0.9996199011802673,0.9881173599333999,0.32422813205491957,0.9991090893745422,0.908737710544042,0.5061693986256921,0.9992267489433289,0.9491879202070698,0.5150887171427413,0.9983934760093689,59.78143152505661,0
78,0.9140045046806342,0.2899697337831772,0.99961918592453,0.9881014398166119,0.32409560964221074,0.9991068243980408,0.9087750258899878,0.5060946572394602,0.9992146492004395,0.9492733421779822,0.5150734583536788,0.9983724355697632,59.78143152505661,0
79,0.9140197407631654,0.2900021814164664,0.999620795249939,0.9880873248690658,0.3239958882331851,0.9991000294685364,0.9088136979511813,0.5059707278297065,0.9992131590843201,0.949347566990626,0.5150389870007837,0.9983728528022766,59.78143152505661,0
80,0.9140356410117384,0.2900181653953736,0.9996257424354553,0.9880870694205882,0.3239606448582243,0.9990875720977783,0.9088385928244824,0.5058520124072124,0.999217689037323,0.9493885380881181,0.5150284511702405,0.9983794689178467,59.78143152505661,0
81,0.9140483964057202,0.29004583614213153,0.9996262788772583,0.9881004151843851,0.32398315980320913,0.9990715980529785,0.908850930985951,0.5057716142563597,0.9992172718048096,0.949407705238888,0.5150365545636135,0.9983845353126526,59.78143152505661,0
82,0.9140532896632247,0.29007477277801175,0.9996281862258911,0.9881178623154058,0.32399906005178203,0.9990543127059937,0.9088480869929003,0.5057668969744732,0.9992217421531677,0.9494124963170014,0.5150898297627771,0.9983963966369629,59.78143152505661,0
83,0.9140538800330398,0.2900941371917727,0.9996325969696045,0.9881306915056146,0.3240090594405223,0.9990391135215759,0.9088432703699392,0.5058146828696846,0.9992303252220154,0.9494077364603686,0.5151648209208538,0.9984104633331299,59.78143152505661,0
84,0.9140560541834157,0.29011455604008285,0.9996412992477417,0.9881415565808622,0.32402176942144145,0.999028742313385,0.9088398218154915,0.505834968317123,0.9992449879646301,0.949405925614494,0.5152305080777126,0.9984259009361267,59.78143152505661,0
85,0.9140577287901023,0.2901249499548052,0.9996482133865356,0.9881514935266412,0.32403092583020554,0.9990250468254089,0.9088387460935691,0.5058367053667708,0.9992607235908508,0.9494043645404642,0.5152695434434078,0.9984477758407593,59.78143152505661,0
86,0.9140584043094098,0.290125438145229,0.9996554255485535,0.9881750685828081,0.3240252066226235,0.9990301132202148,0.9088390554700586,0.5058344347136365,0.9992737174034119,0.9494035811651328,0.5152924742017477,0.9984691143035889,59.78143152505661,0
87,0.9140596701985322,0.2901284978503275,0.9996680617332458,0.9882058529626764,0.32402584240550114,0.9990496039390564,0.9088407698131751,0.5058299473353799,0.999298095703125,0.9494022925694792,0.5152964109466194,0.9985097646713257,59.78143152505661,0
88,0.914061143284753,0.29013836525735426,0.9996724128723145,0.9882657868521563,0.3240481359618053,0.9990668296813965,0.9088407300767452,0.5058237654822217,0.9993100166320801,0.949401932103294,0.5153133329891028,0.9985329508781433,59.78143152505661,0
89,0.9140627724783769,0.2901399135589602,0.9996811747550964,0.9883465483075105,0.3240745337236498,0.9990886449813843,0.908841598601569,0.505809102739607,0.9993281960487366,0.9493974929764165,0.5153215272086011,0.9985694289207458,59.78143152505661,0
90,0.9140643590972544,0.2901311190355394,0.9996835589408875,0.9884209320658737,0.32410109468868825,0.9991029500961304,0.9088427424430854,0.5057962394896012,0.9993375539779663,0.9493922477676762,0.5153251403854011,0.9985916018486023,59.78143152505661,0
91,0.9140655483518335,0.2901151378949486,0.9996916055679321,0.988486832096464,0.3241200929596313,0.9991164803504944,0.9088150660196948,0.5057962082681206,0.9993540048599243,0.949375271797181,0.5153396498589293,0.9986220002174377,59.78143152505661,0
92,0.9140665985289081,0.2901051456019994,0.9996991753578186,0.9885365906215857,0.3241216455187119,0.9991238713264465,0.9087650406928297,0.5058059663999652,0.9993707537651062,0.9493386631920232,0.5153553088506067,0.9986516833305359,59.78143152505661,0
93,0.9140671548389261,0.29010235269864426,0.9997130632400513,0.9885615905125944,0.32411523801939857,0.9991536736488342,0.9087029071081261,0.5058187785602755,0.9993956685066223,0.9492649549529674,0.5153688987096154,0.9987009167671204,59.78143152505661,0
94,0.9140652276220783,0.290114441088268,0.9997252821922302,0.9885810216267912,0.32411128424462843,0.9991827011108398,0.9086127678553271,0.5058401141847887,0.9994171261787415,0.9491646545273924,0.5153736897877289,0.998744785785675,59.78143152505661,0
95,0.9140622019767769,0.290122890756244,0.9997344017028809,0.9885933966863731,0.3241139650344851,0.9992088675498962,0.9085227591650833,0.5058632294336959,0.9994301795959473,0.9490607494399669,0.5153658617110484,0.998776376247406,59.78143152505661,0
96,0.9140578593526575,0.2901276264871872,0.9997449517250061,0.9885869622230538,0.3240842152209512,0.9992382526397705,0.9084519403321409,0.5058927479244417,0.9994472861289978,0.9489881822041111,0.5153540060633709,0.9988154172897339,59.78143152505661,0
97,0.9140526169822337,0.2901286000297185,0.9997496008872986,0.9885768436250241,0.32403345335097566,0.9992564916610718,0.9083799748193657,0.5059145064581012,0.9994529485702515,0.9489393234252936,0.515326851890201,0.9988352656364441,59.78143152505661,0
98,0.9140449904260188,0.2901336437179931,0.999755859375,0.988558632986887,0.32398425255503005,0.999275267124176,0.9083200466065188,0.5059202909469609,0.9994613528251648,0.9489110168956583,0.5152901297523866,0.9988570809364319,59.78143152505661,0
99,0.9140343580927175,0.2901419543084647,0.9997602105140686,0.9885411546343856,0.3239470337118424,0.9992970824241638,0.9082832222893131,0.5058995712371104,0.9994685649871826,0.9488700628280647,0.5152527150653662,0.9988796710968018,59.78143152505661,0
100,0.9140194654464728,0.29014736272039887,0.9997686743736267,0.9885190157663263,0.323912614867801,0.9993232488632202,0.908247595741636,0.5058845991180061,0.9994853138923645,0.9488153968538564,0.5152189447766262,0.9989162087440491,59.78143152505661,0
101,0.9140070676803597,0.2901261463051753,0.9997752904891968,0.9885020312808817,0.3238791099616462,0.9993461966514587,0.9082290047690988,0.5058616371381854,0.9994990825653076,0.9487547448703229,0.5151730293319343,0.9989480972290039,59.78143152505661,0
102,0.9139958421389269,0.29009583024751595,0.9997817277908325,0.9884894433475684,0.32381599573862013,0.9993637204170227,0.9082256186576124,0.5058595140775048,0.9995125532150269,0.9486858731224432,0.5151425004005437,0.9989778399467468,59.78143152505661,0
103,0.9139864302816852,0.2900510260037016,0.9997888803482056,0.9884817429951267,0.3237611055374148,0.9993839263916016,0.9082253887539826,0.5058186593509859,0.9995281100273132,0.9485877752304084,0.5150754877499175,0.9990116357803345,59.78143152505661,0
104,0.9139764110247302,0.29000966747601853,0.999798059463501,0.988477499712082,0.3236938629831589,0.9994089603424072,0.9082210347765975,0.5057528614997868,0.9995473623275757,0.948489895888738,0.5149824307078411,0.9990513324737549,59.78143152505661,0
105,0.9139594038327543,0.28998509900910535,0.99980628490448,0.9884841640790312,0.32361457461402554,0.9994348287582397,0.9082181595620662,0.5056767378534593,0.9995661377906799,0.9483994217146019,0.514896793024881,0.9990919232368469,59.78143152505661,0
106,0.9139227129164204,0.2899689404737384,0.9998139142990112,0.9884887195768819,0.3235038788545702,0.9994571805000305,0.90821754648572,0.5056157254037407,0.9995842576026917,0.948343325228919,0.5148301635469713,0.9991292357444763,59.78143152505661,0
107,0.9138834817068925,0.28993404621169705,0.9998199343681335,0.9884991248448698,0.32337872471128215,0.9994790554046631,0.9082209808485856,0.5055712773686367,0.999602198600769,0.9483113459178387,0.514780387991951,0.9991649985313416,59.78143152505661,0
108,0.9138455674761825,0.28987506599653357,0.9998232126235962,0.98850817339761,0.32328232697078185,0.999495267868042,0.9082174897193918,0.5055702953111562,0.999615490436554,0.9482807942799167,0.514773703756787,0.9991924166679382,59.78143152505661,0
109,0.9138140848704754,0.2897983306930181,0.9998294711112976,0.9885063455218368,0.32326149514743285,0.9995108842849731,0.9082050919532783,0.5055626829465234,0.9996308088302612,0.9482317737170636,0.51479222660973,0.9992195963859558,59.78143152505661,0
110,0.9137967597870607,0.28972915240696523,0.999832034111023,0.9885161859648577,0.32328175221170724,0.9995191097259521,0.9081832340785443,0.5055528481801355,0.9996405243873596,0.9481917846770521,0.5148310065269475,0.9992360472679138,59.78143152505661,0
111,0.9137816627820341,0.2896819128876643,0.9998329281806946,0.9885327248346245,0.3233254268055873,0.9995256662368774,0.9081474939982103,0.5055572106724697,0.9996481537818909,0.9481493915830348,0.5148908212071377,0.9992499947547913,59.78143152505661,0
112,0.9137598900567925,0.2896629359040944,0.9998354315757751,0.988539159297944,0.3233632090545838,0.9995301961898804,0.9081071189471661,0.5055845493362068,0.9996551871299744,0.9481198106493277,0.5149622417631607,0.9992600083351135,59.78143152505661,0
113,0.913739122095563,0.28966039844921676,0.9998366832733154,0.988539261477335,0.32338001756441054,0.9995313286781311,0.9080734820592979,0.5056180159250899,0.9996600151062012,0.9480876582009459,0.5150209949130108,0.9992668032646179,59.78143152505661,0
114,0.9137219900176646,0.2896526214622318,0.9998349547386169,0.9885247775486545,0.3233741408302673,0.9995298981666565,0.9080488454727907,0.5056534806887313,0.999656617641449,0.9480547081856507,0.5150453391529268,0.9992598295211792,59.78143152505661,0
115,0.9137059733981185,0.28964852009500797,0.9998323321342468,0.9885031552541832,0.3233644721053898,0.9995293617248535,0.908036425000146,0.5056867258889338,0.9996543526649475,0.9480275398208989,0.5150573026566283,0.9992563128471375,59.78143152505661,0
116,0.9136934365545009,0.2896442484287991,0.9998306632041931,0.9884833210990551,0.3233556335880645,0.9995288252830505,0.9080324541954775,0.5057056688127067,0.9996493458747864,0.9480192490986423,0.51506157999947,0.9992477297782898,59.78143152505661,0
117,0.9136713232312891,0.2896416655608588,0.9998326301574707,0.9884632201421837,0.32336811650367037,0.9995335936546326,0.908018940971012,0.5057196673892798,0.9996530413627625,0.9480056422097349,0.5150643700645088,0.9992537498474121,59.78143152505661,0
118,0.9136470613025491,0.2896443137100767,0.9998345375061035,0.9884372098105303,0.3233898863905955,0.9995369911193848,0.9080094780240747,0.5057315684500199,0.9996547698974609,0.9480038569087081,0.5150624343327117,0.9992554187774658,59.78143152505661,0
119,0.913619586399624,0.28964724994841096,0.9998359680175781,0.9884134048507335,0.3234095005762012,0.999538779258728,0.907985999470666,0.5057323887234646,0.9996575117111206,0.9479693798791802,0.5150548702194581,0.9992581605911255,59.78143152505661,0
120,0.9135944332395289,0.2896499335765841,0.9998372793197632,0.9883958981150681,0.32341952125231455,0.9995446801185608,0.9079259804316937,0.5057294822874527,0.999660074710846,0.9479030938375572,0.5150434545108254,0.9992625713348389,59.78143152505661,0
121,0.9135458724839354,0.2896527137075154,0.9998374581336975,0.9883919017655517,0.32342156342097717,0.9995551109313965,0.9078442624637066,0.505726658162617,0.9996641278266907,0.9478273562022625,0.515035368147351,0.9992738962173462,59.78143152505661,0
122,0.9134775144713272,0.2896563822314855,0.9998368620872498,0.9883888505754025,0.3234134415785474,0.9995636940002441,0.9077483869734272,0.5057344777243482,0.9996658563613892,0.9477625858216067,0.5150310028167002,0.999281108379364,59.78143152505661,0
123,0.913394144603185,0.28965812353860787,0.9998332262039185,0.9883836195582444,0.32343176007270835,0.9995690584182739,0.9076624030158641,0.5057504886672615,0.9996621608734131,0.9477199230875295,0.5150338099116375,0.9992799758911133,59.78143152505661,0
124,0.9133159262793412,0.2896838840984165,0.9998316764831543,0.9883522788683582,0.3234854950791316,0.9995748996734619,0.9076101808320916,0.5057724543980193,0.9996570348739624,0.9477193156878161,0.5150341221264434,0.9992772340774536,59.78143152505661,0
125,0.9132539828618375,0.28972068287077424,0.9998297691345215,0.9883041750817081,0.3235662877559664,0.9995731711387634,0.9075760671070651,0.5057891295069744,0.9996535181999207,0.9477190488860728,0.5150319621676495,0.9992742538452148,59.78143152505661,0
126,0.9132124412627455,0.2897688746452334,0.9998281002044678,0.9882484021640967,0.3236529103347236,0.9995725750923157,0.907539381867364,0.5057950388817564,0.999647855758667,0.9477139172099893,0.5150303925786703,0.999268114566803,59.78143152505661,0
127,0.913174748420716,0.2898313701152804,0.9998261332511902,0.9881955896105094,0.32371908568200636,0.999571681022644,0.907512151059651,0.5058031138919652,0.9996421337127686,0.9477085641452252,0.515027415184748,0.9992620348930359,59.78143152505661,0
128,0.9131462091491344,0.2898887182985036,0.9998260140419006,0.9881495577948443,0.32376665160769535,0.9995723366737366,0.9074875854310542,0.5058477748008006,0.9996359944343567,0.9477030038833627,0.5150294332277212,0.9992530941963196,59.78143152505661,0
129,0.9131282369295763,0.28992337414196584,0.9998254179954529,0.9881170590718595,0.32379668951034574,0.9995694756507874,0.9074773930367976,0.5059268957092653,0.9996270537376404,0.9477010369300849,0.5150352801595419,0.9992413520812988,59.78143152505661,0
130,0.9131180956250152,0.2899509980565028,0.9998239278793335,0.9880852245149166,0.3238227523508529,0.9995661973953247,0.9074728318623142,0.5060653629757113,0.9996151924133301,0.9477004777817507,0.5150610151745028,0.9992256760597229,59.78143152505661,0
131,0.9131117718560362,0.28995719835871764,0.9998242855072021,0.988067206882296,0.32384258650598097,0.9995577335357666,0.9074728999819082,0.5062109004883543,0.9996095895767212,0.9477004891350164,0.5150933010237562,0.9992148280143738,59.78143152505661,0
132,0.9131017071860185,0.28995598923592364,0.9998258948326111,0.9880555130186544,0.3238580851327808,0.9995547533035278,0.907474080721538,0.5063208341598515,0.9996060729026794,0.947700812703088,0.5151250475928901,0.9992071390151978,59.78143152505661,0
133,0.9130920909699947,0.28995613540921916,0.9998274445533752,0.9880436346644456,0.3238744324161895,0.9995465874671936,0.9074806599389946,0.5063820594833015,0.9996060729026794,0.9477036595344551,0.5151439990316122,0.9992022514343262,59.78143152505661,0
134,0.9130788984752845,0.289951665060861,0.9998273253440857,0.9880232044628696,0.32390935789971154,0.9995360374450684,0.9074894785881049,0.5064017063095461,0.9996058940887451,0.9477049907048551,0.5151499623344062,0.9991981387138367,59.78143152505661,0
135,0.91306187425341,0.28994628361293273,0.9998264312744141,0.9880034668104998,0.3239519312268214,0.9995254278182983,0.9074991515704571,0.506391993590764,0.9996048212051392,0.9477051837103716,0.5151475667953496,0.9991937875747681,59.78143152505661,0
136,0.9130438991955356,0.2899410298892432,0.9998254776000977,0.9879892269770313,0.32399440237454036,0.999517023563385,0.9075051517713645,0.5063923654102148,0.9996009469032288,0.9477030095599954,0.5151485743976778,0.9991860389709473,59.78143152505661,0
137,0.9130291598183775,0.2899439661275775,0.999825119972229,0.9879852873938433,0.3240261517819907,0.9995192885398865,0.9075083732604988,0.5063904183251521,0.9995993971824646,0.947698476768676,0.5151618861016778,0.9991873502731323,59.78143152505661,0
138,0.9130179371152614,0.2899550781363535,0.9998259544372559,0.987981183188303,0.3240549025081455,0.9995213747024536,0.9075078339803794,0.5063823489915762,0.999596893787384,0.9476934557869328,0.5151858131090804,0.9991847276687622,59.78143152505661,0
139,0.9130142728487658,0.2899663192885265,0.9998269081115723,0.9879777573403865,0.32409085262389437,0.9995291233062744,0.9075073401133227,0.5063722332318628,0.999600350856781,0.9476915910130463,0.5152145652543935,0.9991947412490845,59.78143152505661,0
140,0.9130129076185688,0.28997500169844875,0.9998259544372559,0.9879761281467628,0.32412109630448505,0.9995300769805908,0.9075070647966301,0.5063617087545853,0.9995943903923035,0.9476933422542761,0.5152345044272291,0.9991897344589233,59.78143152505661,0
141,0.9130109264737092,0.28998395658674714,0.9998242855072021,0.9879768604323985,0.32415038205328467,0.9995244741439819,0.9075027448790421,0.506356687772842,0.9995850920677185,0.9476931151889627,0.515248434884208,0.9991746544837952,59.78143152505661,0
142,0.9130095073155001,0.28999234948839486,0.9998221397399902,0.987974254857927,0.32418387844449026,0.9995192885398865,0.9075009340331676,0.5063522798674451,0.9995784163475037,0.9476915711448314,0.5152448586055215,0.9991618990898132,59.78143152505661,0
143,0.9130071798960375,0.29000263980456786,0.999821126461029,0.9879704117774971,0.32421895435878234,0.9995142221450806,0.9075069285574422,0.5063553367342273,0.9995729923248291,0.9476921473230642,0.5152444584029066,0.999151885509491,59.78143152505661,0
144,0.913005987803142,0.29002031400090195,0.9998219609260559,0.9879644655046017,0.32425757249196396,0.9995055198669434,0.9075149893760689,0.5063619556881136,0.9995704889297485,0.9476886561938702,0.5152514321463453,0.9991426467895508,59.78143152505661,0
145,0.9130082102048972,0.29004598515374347,0.9998220205307007,0.9879587321054375,0.32428723999432185,0.9994964599609375,0.9075214408692867,0.5063716088022508,0.9995644688606262,0.9476683565548496,0.5152523631141304,0.9991286396980286,59.78143152505661,0
146,0.9130128224690762,0.2900698624906088,0.9998228549957275,0.987952689329784,0.324294508922668,0.9994897842407227,0.9075272281964628,0.5063768965857374,0.9995619058609009,0.9476417359851663,0.5152418812115991,0.9991216659545898,59.78143152505661,0
147,0.9130196770032255,0.2900940392698563,0.9998225569725037,0.987952411174775,0.3242967455160053,0.9994825124740601,0.9075320192745762,0.5063838107245313,0.9995540380477905,0.9476143632616323,0.5152303888684231,0.999107301235199,59.78143152505661,0
148,0.9130268664587119,0.2901134916714262,0.9998230934143066,0.9879522039776765,0.3243002905732112,0.9994730949401855,0.9075391831852148,0.5063900181225371,0.9995529651641846,0.9475941941851669,0.5152154990604949,0.9991020560264587,59.78143152505661,0
149,0.9130333633649923,0.29012312775566484,0.9998238682746887,0.9879535692078735,0.3243128160635633,0.9994704127311707,0.9075505705106832,0.5063914685022267,0.9995516538619995,0.9475823186692744,0.5152040691602802,0.9990994334220886,59.78143152505661,0
150,0.9130396729423894,0.2901303668816887,0.9998252391815186,0.9879569808642077,0.3243316795144765,0.9994707703590393,0.9075598659969518,0.5063858088992894,0.9995518326759338,0.9475754698117582,0.5152006660188951,0.9990981221199036,59.78143152505661,0
151,0.9130463713691356,0.2901377053487871,0.9998266696929932,0.9879661088898076,0.3243486398742315,0.9994721412658691,0.9075684973171786,0.5063727412905015,0.9995517730712891,0.9475636170023971,0.5151932580130445,0.999098002910614,59.78143152505661,0
152,0.9130540433384131,0.2901447145711811,0.9998281598091125,0.9879800648916344,0.3243590678487508,0.9994729161262512,0.9075764900162113,0.506354269527254,0.999550461769104,0.94755392415183,0.5151860770725073,0.9990934729576111,59.78143152505661,0
153,0.9130590955416369,0.2901557967776346,0.9998267889022827,0.9879866072109775,0.3243458895456226,0.9994684457778931,0.9075854023297635,0.5063483800206869,0.9995455145835876,0.9475458519799377,0.5151867554301311,0.9990828037261963,59.78143152505661,0
154,0.9130604919933145,0.2901683364595688,0.999826967716217,0.9879876573880522,0.3242956371534441,0.9994693398475647,0.9075905936104918,0.5063551039922809,0.9995436668395996,0.9475396133604512,0.515194762320746,0.9990814924240112,59.78143152505661,0
155,0.9130603529158101,0.2901779370648523,0.9998278617858887,0.9879768462408165,0.32423132232257323,0.999471127986908,0.9075961992854171,0.5063629888352897,0.9995461106300354,0.9475240366799498,0.5151993433634444,0.9990862011909485,59.78143152505661,0
156,0.913057208061219,0.2901846340724402,0.9998277425765991,0.9879534499985839,0.3241729764711292,0.9994698762893677,0.9076050888924379,0.5063754036313015,0.9995455145835876,0.947522821880523,0.5152029281570802,0.9990851879119873,59.78143152505661,0
157,0.9130526639166339,0.2901852003165656,0.999826967716217,0.9879323783374976,0.3241224388281507,0.9994683265686035,0.9076283006441033,0.5063681886309673,0.9995411038398743,0.9475449862934302,0.5151629618236001,0.9990814924240112,59.78143152505661,0
158,0.9130521672112608,0.29018339798564025,0.9998277425765991,0.9879193618184052,0.3240963986941749,0.9994655251502991,0.9076622298785626,0.5063464698337377,0.9995391368865967,0.9475916567302892,0.5150889328547891,0.9990780353546143,59.78143152505661,0
159,0.913052990323022,0.29018095703352087,0.999826192855835,0.9879072081475039,0.3240778389431184,0.9994619488716125,0.9076954154741204,0.5063239733378097,0.9995378851890564,0.9476409128734051,0.5150084268479125,0.9990765452384949,59.78143152505661,0
160,0.9130577899160848,0.2901634148189002,0.9998264908790588,0.9879054200081605,0.32405181016240825,0.9994569420814514,0.9077197682289857,0.5063046131815233,0.9995361566543579,0.9476825878733688,0.5149397140457521,0.999070942401886,59.78143152505661,0
161,0.9130655640647533,0.29014220975694227,0.999823272228241,0.9879103671936769,0.3240438926787606,0.99944669008255,0.9077313826197677,0.5062973045167473,0.9995301961898804,0.9476995354607,0.5149083307811196,0.9990552067756653,59.78143152505661,0
162,0.9130714422180546,0.290114570231665,0.9998213052749634,0.9879069186392292,0.32405153200739933,0.9994396567344666,0.9077321035521378,0.5063036254474098,0.999525249004364,0.9477045961788729,0.5149171692984449,0.9990392327308655,59.78143152505661,0
163,0.9130740279243114,0.2900815691266743,0.9998231530189514,0.9878872973578324,0.3240555766082948,0.9994471073150635,0.9077261061895469,0.5062992828232906,0.9995301961898804,0.9477045138676969,0.5149150632676628,0.9990473389625549,59.78143152505661,0
164,0.9130751405443471,0.2900553941726687,0.9998241662979126,0.9878542735463105,0.3240654979433335,0.9994497299194336,0.9077190927096783,0.5062962940761024,0.9995355606079102,0.9477102415902282,0.5149068009285704,0.9990540146827698,59.78143152505661,0
165,0.913074873742604,0.2900397550492062,0.9998239874839783,0.9878199100494394,0.32407219069344684,0.9994508028030396,0.90771241982778,0.5062819265183952,0.9995330572128296,0.9477151745841624,0.5148933643386482,0.9990516304969788,59.78143152505661,0
166,0.9130757082076307,0.29001671075820945,0.9998250603675842,0.9877852655592427,0.32406681350299316,0.9994552135467529,0.9077070667630158,0.5062529132479717,0.999538004398346,0.9477199372791116,0.5148747364679976,0.9990602135658264,59.78143152505661,0
167,0.9130767555463889,0.2900021161351888,0.9998243451118469,0.9877621474720192,0.3240638630730768,0.9994499683380127,0.9077047478585023,0.5062225971903124,0.9995362758636475,0.9477275581586936,0.5148655176162724,0.9990527629852295,59.78143152505661,0
168,0.9130782825606217,0.2899900249072486,0.9998255968093872,0.9877472150893447,0.32406814893086777,0.9994523525238037,0.9077111936750873,0.506190018994468,0.9995461702346802,0.9477409663654516,0.5148554387546724,0.999065637588501,59.78143152505661,0
169,0.9130779845373979,0.2899843269870397,0.9998229742050171,0.9877350983165567,0.32407859677360196,0.9994471073150635,0.9077249368031828,0.5061625157083788,0.9995442628860474,0.9477574172474097,0.5148407192457294,0.999062716960907,59.78143152505661,0
170,0.9130758359318695,0.2899888853232068,0.9998216032981873,0.9877287887391598,0.3240830571878527,0.9994422793388367,0.9077419780549557,0.5061536204247252,0.999543309211731,0.9477760082199468,0.5148188074429834,0.9990596771240234,59.78143152505661,0
171,0.9130735056740904,0.2899989372208007,0.9998230934143066,0.9877283459617986,0.32407840376808555,0.9994459748268127,0.9077570750599823,0.5061545428775609,0.9995472431182861,0.9477849659465616,0.5148156512351267,0.9990642666816711,59.78143152505661,0
172,0.9130711981228428,0.29000439814158874,0.9998270273208618,0.9877220959890464,0.3240818849631721,0.9994558095932007,0.9077667593956001,0.506160594168164,0.9995584487915039,0.947782496611278,0.5148415962855025,0.9990806579589844,59.78143152505661,0
173,0.9130696342104965,0.290006254400526,0.9998294115066528,0.9877134675071361,0.32409221643493313,0.9994553327560425,0.9077709828104299,0.5061680617786593,0.9995657801628113,0.9477778332574035,0.5148961685952691,0.9990867376327515,59.78143152505661,0
174,0.9130697988328488,0.29000302013896784,0.9998332262039185,0.9877067804336556,0.3241102170376553,0.9994626641273499,0.9077718030838746,0.5061812485967367,0.9995766282081604,0.9477669227690931,0.5149756357783367,0.9991037845611572,59.78143152505661,0
175,0.9130684705007651,0.29000443362054396,0.9998370409011841,0.9876977744556616,0.3241258476461686,0.9994692206382751,0.9077722969509314,0.5062020052047007,0.9995889067649841,0.9477455530847829,0.5150700608889266,0.9991223812103271,59.78143152505661,0
176,0.9130701734906158,0.2900206914969855,0.9998394846916199,0.9876908518019185,0.3241316590990342,0.9994673728942871,0.9077703668957673,0.5062272122928079,0.9995974898338318,0.9477212542579295,0.515143005620866,0.9991300106048584,59.78143152505661,0
177,0.913073727062771,0.2900452812512718,0.9998423457145691,0.987683282012032,0.32413828940618633,0.9994716644287109,0.9077665294919702,0.5062704114686879,0.9996058344841003,0.9476980339913148,0.5152020936920534,0.9991405010223389,59.78143152505661,0
178,0.9130862979661859,0.29006932462964763,0.9998418688774109,0.9876761720294053,0.3241549446469264,0.9994659423828125,0.9077646789096658,0.5062660489763537,0.9996055960655212,0.9476860704876136,0.5152238692556113,0.9991336464881897,59.78143152505661,0
179,0.9131031036376961,0.29008471398126534,0.9998429417610168,0.987671131179447,0.3241707909674874,0.9994668960571289,0.9077650478908003,0.5062034839675544,0.9996102452278137,0.9476902910641269,0.5152140855789189,0.9991365671157837,59.78143152505661,0
180,0.9131212631861376,0.2900903381052473,0.999843180179596,0.9876637969698232,0.32417921509061565,0.9994726181030273,0.9077656439372478,0.5061117893173586,0.9996113181114197,0.9476964757556015,0.5151817855380834,0.9991353154182434,59.78143152505661,0
181,0.9131281404268181,0.2900983932472413,0.9998452663421631,0.987649755818504,0.32416824074018596,0.9994820952415466,0.9077717832156598,0.5060157832645239,0.9996175169944763,0.9476959818885448,0.5151352655319945,0.9991472959518433,59.78143152505661,0
182,0.9131217996279406,0.29011467666853064,0.9998469352722168,0.9876278213092267,0.3241615267026995,0.9994887113571167,0.9077912029765909,0.5059547168867933,0.9996242523193359,0.9477157592773445,0.5150821265720189,0.9991593956947327,59.78143152505661,0
183,0.9131010628881915,0.29013548862366473,0.9998486638069153,0.9876036388533463,0.32417151048069937,0.9994944930076599,0.9078206618626921,0.5059565731457305,0.999631404876709,0.94775695744015,0.5150552193323775,0.999171257019043,59.78143152505661,0
184,0.9130785749072128,0.29015808446066743,0.9998510479927063,0.9875847612108511,0.32418791169212,0.999499499797821,0.9078508019447334,0.5059814708573482,0.9996392130851746,0.9478070991379881,0.5150673162369506,0.9991846680641174,59.78143152505661,0
185,0.9130578551973622,0.290175897734506,0.9998526573181152,0.9875755168142781,0.3242058924266273,0.9994953274726868,0.9078815096900584,0.5060164956819447,0.9996451735496521,0.9478552398227518,0.5151324357305258,0.9991908073425293,59.78143152505661,0
186,0.9130454205331355,0.29018953868321035,0.9998551607131958,0.9875659914243797,0.3242246806621554,0.9994959831237793,0.9079051613807685,0.5060673072224575,0.9996533989906311,0.9478819455419275,0.5152324551627754,0.9992018938064575,59.78143152505661,0
187,0.9130392869313565,0.290197395143055,0.9998544454574585,0.9875577148937051,0.3242298336256121,0.9994890689849854,0.9079287052154548,0.5061110627083556,0.9996544718742371,0.9478887120882677,0.5153242519923623,0.9992003440856934,59.78143152505661,0
188,0.9130390882492073,0.29020146245048184,0.9998531937599182,0.9875491261482245,0.3242345636799224,0.9994837641716003,0.9079539832614725,0.5061503421692626,0.9996553659439087,0.947897916748411,0.5154027087347852,0.9991999268531799,59.78143152505661,0
189,0.9130387135914402,0.2902113468874071,0.9998530149459839,0.9875361834253592,0.32424150194440593,0.9994806051254272,0.9079750265393945,0.5061724753606891,0.999656617641449,0.9479088243984048,0.5154686967531844,0.9992004632949829,59.78143152505661,0
190,0.9130362896692192,0.2902319729328158,0.999853789806366,0.9875201015245356,0.32424728359494914,0.9994844198226929,0.9079859512192869,0.5062010657219663,0.9996580481529236,0.9479164566312525,0.5155589381853743,0.9992055296897888,59.78143152505661,0
191,0.9130255721864253,0.2902556331384752,0.9998552203178406,0.9875026600701476,0.324242554959797,0.9994922876358032,0.9079930952617108,0.5062258130028139,0.9996631741523743,0.947920345124745,0.515661994616191,0.9992185831069946,59.78143152505661,0
192,0.9130114089875001,0.2902746385052093,0.9998571872711182,0.9874842706180762,0.3242107104687466,0.9995020031929016,0.9079954397110719,0.5062543040230165,0.999667763710022,0.9479199193772824,0.5157548274312704,0.9992299675941467,59.78143152505661,0
193,0.9129967604364675,0.2902846932411196,0.9998596906661987,0.9874705161367152,0.32416500931694414,0.9995126724243164,0.9079984909012211,0.5062726991517207,0.9996734261512756,0.9479294078690673,0.5158076740446549,0.999243974685669,59.78143152505661,0
194,0.912989040215811,0.2902881034782957,0.9998613595962524,0.9874675359044763,0.3241144290992194,0.9995189905166626,0.908004249845233,0.5062711636225387,0.9996771216392517,0.9479440961565299,0.5158036918867206,0.9992525577545166,59.78143152505661,0
195,0.912979736214593,0.29029244326409864,0.9998630881309509,0.9874653333709361,0.32408021319480196,0.9995260238647461,0.9080043662162063,0.5062719214530222,0.9996797442436218,0.9479588014738908,0.5158262139274965,0.9992619752883911,59.78143152505661,0
196,0.9129694558325275,0.2902997334798179,0.9998639225959778,0.9874597333726437,0.32406953828675433,0.9995283484458923,0.9079966090974361,0.5062858178502041,0.9996830821037292,0.9479642822628938,0.5159069271314716,0.9992684721946716,59.78143152505661,0
197,0.9129508336385099,0.29030569252513727,0.9998661875724792,0.9874495920680826,0.32407122424670654,0.9995376467704773,0.9079800617127198,0.5063121205284485,0.9996920228004456,0.947957532746452,0.516021135307494,0.9992873072624207,59.78143152505661,0
198,0.9129326286770056,0.29030774178959096,0.9998666048049927,0.9874398055530738,0.3240667978922529,0.9995422959327698,0.9079614338420694,0.5063489760671347,0.9996963143348694,0.9479451207887567,0.5161515502702627,0.9992952346801758,59.78143152505661,0
199,0.9129170917329341,0.2903112244038357,0.9998679757118225,0.9874328970909128,0.32406832064901103,0.9995482563972473,0.9079445061229532,0.5064073886190146,0.9997023344039917,0.9479382605779747,0.5163064712569831,0.9993083477020264,59.78143152505661,0
200,0.9129119543802178,0.2903155968302774,0.9998695850372314,0.9874323861939576,0.324062974680038,0.9995522499084473,0.9079374898047682,0.5064597101438617,0.9997075200080872,0.9479330153692345,0.5164479215939844,0.9993176460266113,59.78143152505661,0
201,0.9129087300527671,0.2903227990581878,0.9998717904090881,0.9874319434165961,0.3240585795470649,0.9995546936988831,0.9079307998929712,0.5065253093129116,0.9997110962867737,0.9479235836437778,0.5166237496194389,0.9993247389793396,59.78143152505661,0
202,0.9129029200190597,0.29033237837609815,0.9998741745948792,0.9874243480818621,0.32405447534152465,0.9995617270469666,0.907915189152673,0.5065985321998601,0.9997163414955139,0.9479081346875153,0.5168197126615619,0.9993359446525574,59.78143152505661,0
203,0.9128983446529941,0.2903385133970354,0.9998770952224731,0.9874117147354861,0.3240508153325038,0.9995672702789307,0.9078874247414732,0.5066610063825339,0.999721884727478,0.9478883856818797,0.5169783830642705,0.9993472099304199,59.78143152505661,0
204,0.9128806505884451,0.29033128136680264,0.9998790621757507,0.9873969838732772,0.3240397700241636,0.999567985534668,0.9078459711301903,0.5067049917720617,0.999726414680481,0.9478716339383814,0.5170783116703945,0.9993547797203064,59.78143152505661,0
205,0.9128538370132454,0.290317529723758,0.9998812675476074,0.9873783730325252,0.32401005427042673,0.9995747208595276,0.9077930393673133,0.5067389465513688,0.9997308254241943,0.9478646204585128,0.517134853771755,0.9993649125099182,59.78143152505661,0
206,0.9128286214101891,0.29029754797617613,0.999882698059082,0.9873636648768478,0.3239660575276332,0.9995806217193604,0.907747685909272,0.5067473309380671,0.9997349381446838,0.9478600905055099,0.5171449638548355,0.9993743896484375,59.78143152505661,0
207,0.9128041210628699,0.29027878954297043,0.9998812079429626,0.9873488829249436,0.3239239610376815,0.9995792508125305,0.9077124765941083,0.5067459742228194,0.9997341632843018,0.9478539228439339,0.5171222204253791,0.9993726015090942,59.78143152505661,0
208,0.9127851128578194,0.2902670034340452,0.9998813271522522,0.9873347055344361,0.32389562896319823,0.9995835423469543,0.9076885070119591,0.5067418728555956,0.9997353553771973,0.9478500485420235,0.5171132087707524,0.9993761777877808,59.78143152505661,0
209,0.9127805829048163,0.29026286374954974,0.999881386756897,0.9873253816650036,0.3238877611500879,0.9995858669281006,0.9076781954084131,0.5067283340862824,0.9997381567955017,0.9478479765710384,0.5171054828734629,0.9993817806243896,59.78143152505661,0
210,0.9127739894957777,0.29025935559045724,0.9998807311058044,0.987319767475129,0.32388900859015357,0.9995852708816528,0.9076655989601505,0.5067017078399663,0.9997374415397644,0.947846452395122,0.5170868748710273,0.9993811845779419,59.78143152505661,0
211,0.912770072619121,0.2902581251802901,0.9998807311058044,0.9873148884092067,0.32389080382528784,0.999585747718811,0.9076484271458225,0.5066724873724442,0.9997369647026062,0.9478479311579757,0.5170757117725558,0.9993807673454285,59.78143152505661,0
212,0.9127655738875986,0.29025828128769304,0.9998806118965149,0.9873113206454693,0.32388622136343115,0.99958336353302,0.907636088984354,0.506652414798737,0.9997372031211853,0.9478517515318742,0.5170750050317677,0.9993799328804016,59.78143152505661,0
213,0.9127589606103451,0.2902605505216692,0.9998818039894104,0.9873058994611112,0.32387190631457763,0.9995858073234558,0.9076264188403182,0.5066427474930177,0.9997389912605286,0.9478544564474204,0.5170836760884243,0.9993813633918762,59.78143152505661,0
214,0.9127513879821421,0.29026224641572884,0.9998816251754761,0.9873013865380068,0.32384908766973614,0.9995809197425842,0.9076132632437213,0.5066271509443014,0.9997385144233704,0.9478601756550025,0.5170735291072305,0.99937504529953,59.78143152505661,0
215,0.9127358822595513,0.2902795147328152,0.9998822808265686,0.9872989682924188,0.3238255864097961,0.9995788335800171,0.9075854562577755,0.5066102061952867,0.999739408493042,0.9478639846756353,0.5170486654554098,0.9993727207183838,59.78143152505661,0
216,0.9127033466384532,0.29030361913499403,0.9998825788497925,0.9872959284555352,0.32380340922446504,0.9995791912078857,0.9075463698023849,0.5065863842055915,0.9997408986091614,0.9478668229920532,0.5169907127107897,0.9993740916252136,59.78143152505661,0
217,0.9126571870985493,0.2903400758902234,0.9998815655708313,0.9872936180659712,0.32380696279662025,0.9995779395103455,0.9074586260886426,0.5065718463488992,0.9997391700744629,0.9478641975493666,0.5169513253938588,0.9993707537651062,59.78143152505661,0
218,0.9126095346042096,0.2903764418193274,0.9998825788497925,0.9872849441709981,0.3237506917544776,0.9995790123939514,0.9073525440125246,0.5065663740748455,0.9997398853302002,0.9478594518843159,0.51691461460931,0.9993716478347778,59.78143152505661,0
219,0.9125762184460965,0.2904084963457927,0.9998851418495178,0.9872467319170642,0.32364256325222224,0.9995855689048767,0.9072497827666154,0.5065549413363143,0.9997428059577942,0.9478496057646623,0.5168757467042836,0.9993782639503479,59.78143152505661,0
220,0.9125444520087477,0.2904387584754401,0.999885618686676,0.9871898066429874,0.3234988805793583,0.9995888471603394,0.9071640287126821,0.5065269867579146,0.999741792678833,0.9478314235096894,0.5168214270046783,0.9993782639503479,59.78143152505661,0
221,0.9125029274395541,0.2904758283070158,0.9998849630355835,0.987123838492803,0.32336860327493605,0.9995911717414856,0.9071079748017454,0.5064893109457838,0.9997395873069763,0.9478087595530926,0.5167705217997237,0.9993768334388733,59.78143152505661,0
222,0.9124495812824802,0.29050281360035873,0.9998853206634521,0.9870593065307263,0.32325731430734933,0.999596893787384,0.9070956110954292,0.5064506417229067,0.9997410178184509,0.947790035179684,0.5167271324566436,0.9993835687637329,59.78143152505661,0
223,0.9123835989407139,0.2905313287462509,0.9998877048492432,0.9870143646285656,0.32320339339120074,0.9996047616004944,0.9070805140904026,0.5064355049814501,0.9997458457946777,0.9477712001119348,0.5167319377263391,0.9993961453437805,59.78143152505661,0
224,0.9123314391999024,0.2905455274241313,0.9998885989189148,0.9869936733018791,0.32313657232693294,0.9996111392974854,0.9070774146488741,0.5063998500506087,0.9997493624687195,0.947766479991732,0.5166991949081425,0.9994047284126282,59.78143152505661,0
225,0.9123085027649296,0.2905549506346387,0.9998887777328491,0.9869777702149899,0.32308059505053954,0.9996120929718018,0.9070800003551308,0.5063535003435048,0.9997506141662598,0.9477749835877198,0.5166381569135761,0.9994077682495117,59.78143152505661,0
226,0.9122856458028165,0.2905705415067221,0.9998858571052551,0.9869728145145242,0.32300336020333453,0.9996065497398376,0.9070736396880384,0.5063017777034218,0.9997458457946777,0.9477778389340363,0.5165690297172187,0.9993990063667297,59.78143152505661,0
227,0.9122589031855273,0.2905966596943994,0.9998832941055298,0.9869749971798496,0.322925191550028,0.9996049404144287,0.9070630073547371,0.5062630403609507,0.9997416734695435,0.947789805276054,0.5165114714985806,0.999392569065094,59.78143152505661,0
228,0.912225130058471,0.29062434463273934,0.9998824000358582,0.9869694113731393,0.3228359662351157,0.9996100068092346,0.9070489207903552,0.5062427946499419,0.9997403025627136,0.9478176605133791,0.5164737105369572,0.9993928670883179,59.78143152505661,0
229,0.9121805287542804,0.2906574081806912,0.999882698059082,0.9869587449800409,0.32277192672093735,0.9996160268783569,0.9070390406109045,0.5062684984434223,0.9997400045394897,0.9478545841716592,0.5164856825556078,0.9993962645530701,59.78143152505661,0
230,0.9121412776765376,0.2906826762926013,0.9998834133148193,0.986938022431874,0.32271903895196485,0.9996193051338196,0.9070258764993584,0.5062837458792191,0.9997400641441345,0.947894786085402,0.516477383318402,0.9993993639945984,59.78143152505661,0
231,0.9121173960821977,0.2907159129778546,0.9998833537101746,0.9869121823992056,0.3226938971451353,0.9996204972267151,0.9070057556742721,0.5063115443502157,0.9997409582138062,0.9479294021924345,0.5164904168673928,0.9994034171104431,59.78143152505661,0
232,0.9120930660338635,0.2907629949705944,0.9998832941055298,0.9868893481436238,0.3226658659321924,0.9996222853660583,0.9069710004897352,0.5063465890430272,0.9997426271438599,0.9479466307730909,0.5165283424513685,0.9994084239006042,59.78143152505661,0
233,0.912070035934449,0.29082975501105923,0.9998842477798462,0.9868771632512419,0.32264391155470007,0.9996307492256165,0.9069255136308224,0.5063854200499402,0.9997461438179016,0.9479584892590848,0.5165867237817677,0.9994192123413086,59.78143152505661,0
234,0.9120463586988911,0.29089439908663456,0.9998854398727417,0.9868631476447705,0.3226483677114762,0.9996352791786194,0.906880750542596,0.5064080272402086,0.9997503757476807,0.9479733081091025,0.51664868422917,0.99942946434021,59.78143152505661,0
235,0.9120302626064852,0.2909526129563652,0.999887228012085,0.9868530971663347,0.3226780650161564,0.9996361136436462,0.906851930277689,0.5064221450260711,0.999755859375,0.9479841079030726,0.5167084620112468,0.9994402527809143,59.78143152505661,0
236,0.9120182905878347,0.29105923147428625,0.9998875856399536,0.9868388686861319,0.3227035800615949,0.9996355175971985,0.9068322011402683,0.506417348271325,0.9997591972351074,0.947978445461819,0.5167584078652522,0.9994460344314575,59.78143152505661,0
237,0.9120143055915839,0.29121061449959185,0.9998878836631775,0.9868320907865259,0.3227219666753499,0.999637246131897,0.906816624459767,0.5064215234347756,0.9997611045837402,0.9479653125717534,0.5168260790052872,0.9994500279426575,59.78143152505661,0
238,0.911987849644253,0.29140456517537455,0.9998875856399536,0.9867917327653802,0.3227219652561917,0.9996386170387268,0.9068052711940955,0.506450502645402,0.9997624158859253,0.9479484302656999,0.5168951721418475,0.9994531869888306,59.78143152505661,0
239,0.9119465407871072,0.29158833339100815,0.9998897910118103,0.9867349153473272,0.32271143084480675,0.9996418356895447,0.9067936766715284,0.5065021202677776,0.9997680187225342,0.9479304211480284,0.5169787151472913,0.9994635581970215,59.78143152505661,0
240,0.911890889917102,0.29172885701769896,0.9998899698257446,0.9866705423309697,0.3227077963806336,0.9996416568756104,0.9067820849872779,0.5065528438204815,0.9997699856758118,0.9479164083798733,0.5170578474090217,0.999467670917511,59.78143152505661,0
241,0.9118220124925893,0.2918173656577158,0.9998918175697327,0.9866287594749822,0.3227057017031173,0.9996373057365417,0.9067747678075526,0.5065930343809586,0.9997732043266296,0.9479113221168526,0.5171189421699165,0.9994704127311707,59.78143152505661,0
242,0.9117592856997543,0.2918951000486104,0.9998931288719177,0.9866188452357346,0.3226908289250876,0.9996370673179626,0.9067676266034451,0.5066107057389764,0.9997749328613281,0.9479136296681002,0.517151154222943,0.9994718432426453,59.78143152505661,0
243,0.9116842661585134,0.29200252606755234,0.9998958110809326,0.9866349101066598,0.32270884513855,0.9996370077133179,0.9067476959455588,0.5066263136409581,0.9997790455818176,0.9479222184135808,0.5172464563733059,0.9994781017303467,59.78143152505661,0
244,0.9115638420695358,0.2921499567372461,0.9998984336853027,0.9866310812178121,0.3227396550632661,0.9996379017829895,0.9067243337631232,0.5066469283331012,0.9997835159301758,0.947916731947945,0.5173556123461046,0.9994854927062988,59.78143152505661,0
245,0.9114407329332269,0.29227997717403253,0.9998998045921326,0.9866395394007373,0.3228105420158025,0.9996393322944641,0.9066803994632909,0.5066591501235966,0.9997875094413757,0.9478567668369846,0.5174747733842764,0.9994922876358032,59.78143152505661,0
246,0.9112843757583988,0.2923676243850165,0.9998995661735535,0.9866067369778959,0.3228896317027867,0.9996427893638611,0.9066048860549933,0.5066698080017458,0.9997888207435608,0.9477232893308012,0.5176073880422687,0.9994946122169495,59.78143152505661,0
247,0.9111189700308308,0.29240365681194147,0.9998994469642639,0.9865520823569534,0.3229712716170722,0.9996458888053894,0.9064881915137889,0.5066319221541999,0.9997909665107727,0.9475209514300037,0.5177124029114137,0.9994982481002808,59.78143152505661,0
248,0.9108949048178544,0.2923775286901567,0.999898374080658,0.9864623319535037,0.3229983335449585,0.9996497631072998,0.906344237781707,0.5065663769131619,0.9997929930686951,0.9473232229550687,0.5177610686847145,0.99950110912323,59.78143152505661,0
249,0.9106367514246994,0.2923410847073512,0.9998972415924072,0.9863233935265322,0.3230074246724449,0.9996599555015564,0.9062059010778162,0.5064600961548946,0.9997948408126831,0.9471802399272018,0.5178423410370241,0.9995096325874329,59.78143152505661,0
250,0.9103073335829243,0.2923099497954053,0.9998952746391296,0.9860157853081121,0.32297309381621253,0.9996680617332458,0.9060792781057819,0.5063273537726634,0.9997978210449219,0.947122500056313,0.5178507821900509,0.9995192885398865,59.78143152505661,0
251,0.9099767577080508,0.2922853784901758,0.9998939633369446,0.9855855760120219,0.3229271911439444,0.999676525592804,0.9059758129574011,0.5061896187918531,0.9997987747192383,0.9471030717804327,0.517625933601743,0.9995279312133789,59.78143152505661,0
252,0.9096285530499058,0.2922627003419969,0.9998910427093506,0.9850741823514311,0.32287297930036296,0.9996823668479919,0.9058403713362565,0.5060720330192934,0.9997998476028442,0.9470789063544508,0.5171308801287701,0.9995384812355042,59.78143152505661,0
253,0.9093014512743276,0.292269479660761,0.9998883008956909,0.984610997495198,0.32284341539655437,0.9996904730796814,0.9056438349542171,0.5059511689912709,0.9998012185096741,0.9470082634971263,0.5164100868361341,0.9995478391647339,59.78143152505661,0
254,0.9089576488449468,0.2922937855834055,0.9998880624771118,0.9843035993121927,0.3228238891987576,0.9996955394744873,0.905412849925814,0.5058395720663529,0.9998050928115845,0.9469415062949779,0.5156115719250274,0.9995599985122681,59.78143152505661,0
255,0.9086900438581201,0.2923143846648082,0.9998868703842163,0.9841817390351076,0.32284341539655437,0.9997019171714783,0.9051598452386409,0.5056829935028444,0.9998089075088501,0.9468645141238266,0.514902131898063,0.9995726943016052,59.78143152505661,0
256,0.9084259896051323,0.2923274607885454,0.9998854398727417,0.9840807517369596,0.32282501459121726,0.9997061491012573,0.9049077232678738,0.5054996723220466,0.9998120069503784,0.9467971296537498,0.5143468862488161,0.9995829463005066,59.78143152505661,0
257,0.9082067097936365,0.2923246352445514,0.9998855590820312,0.9839892671221786,0.32276125323204796,0.9997117519378662,0.9047245440028969,0.5052490234375004,0.9998156428337097,0.9467375505538221,0.5138190700894314,0.9995945692062378,59.78143152505661,0
258,0.9079921557789765,0.29235425733384657,0.9998844861984253,0.9838833099319829,0.32271057083493215,0.9997146725654602,0.9045959654308509,0.5051071218081886,0.9998169541358948,0.9466950410888317,0.5134038329124455,0.9996019601821899,59.78143152505661,0
259,0.9078057294800176,0.2924239521934875,0.9998782873153687,0.9837705237524859,0.3226769268512728,0.999708890914917,0.9045266281990785,0.5052074193954471,0.9998070597648621,0.9466431339581816,0.5132121216683165,0.9995931386947632,59.78143152505661,0
260,0.90759449345725,0.2925308545430504,0.9998730421066284,0.983638096423377,0.32269318472771447,0.9996816515922546,0.9045147555215026,0.5054566547984173,0.9997969269752502,0.9466042036101939,0.5132406410716832,0.9995719194412231,59.78143152505661,0
261,0.9074127901168103,0.29263418912887595,0.9998697638511658,0.9835054335140055,0.32271620915049626,0.9996619820594788,0.904483426184882,0.5057423540524079,0.9997881054878235,0.9465179812340517,0.5133834027108697,0.999556303024292,59.78143152505661,0
262,0.9071818221183058,0.2927170935131257,0.999858021736145,0.9833263896760496,0.32269134266035926,0.9996475577354431,0.9043740119252892,0.5059723854064946,0.999769389629364,0.9463813730648594,0.5136029351325266,0.999532163143158,59.78143152505661,0
263,0.9068785707155871,0.29274340186800296,0.9998487234115601,0.9831638307798484,0.3226220139435362,0.9996355175971985,0.9042065171968376,0.5059599649338499,0.9997591376304626,0.9462423296201804,0.513730523132143,0.9995149970054626,59.78143152505661,0
264,0.9065498198781702,0.2927775297846116,0.9998461008071899,0.9829867169970565,0.32257118679228314,0.99962317943573,0.9040628103982843,0.5058143536249801,0.9997532963752747,0.9461654963947486,0.5137732397942321,0.9994984269142151,59.78143152505661,0
265,0.906221012274425,0.2928287230786826,0.9998396039009094,0.9827846629279008,0.3225262931415016,0.9996103048324585,0.9039458405403871,0.5057581180617927,0.9997408986091614,0.9460746135030482,0.5138727454912099,0.9994736909866333,59.78143152505661,0
266,0.9058300398644955,0.2929361675466812,0.999832034111023,0.982544251850674,0.3224934098266422,0.9995872378349304,0.9037029033615482,0.5059061305863521,0.9997256398200989,0.9459645549456286,0.5140773313386103,0.9994382262229919,59.78143152505661,0
267,0.9054049963042856,0.2930509405476709,0.9998190999031067,0.9822470659301403,0.32242874446369374,0.9995687007904053,0.9032884694281086,0.5061781747000562,0.9997069835662842,0.9458147003537141,0.5142935145468943,0.9994006752967834,59.78143152505661,0
268,0.9049432419595271,0.29315095997992036,0.999812126159668,0.9819279455003292,0.3223799282596227,0.9995609521865845,0.9027875122569863,0.5065061137789776,0.9997020363807678,0.9456543383144205,0.5145222062156318,0.9993880987167358,59.78143152505661,0
269,0.9044735176222671,0.29317414618673804,0.9998139142990112,0.981682967571986,0.3223160789126444,0.9995639324188232,0.9023494039263051,0.5067259867986047,0.99970543384552,0.9455173129127147,0.514675997552418,0.9993932843208313,59.78143152505661,0
270,0.9040076988083984,0.2931975637163437,0.9998095035552979,0.981294878891537,0.3222534883589974,0.9995603561401367,0.9021595801625939,0.5067801333609085,0.999703586101532,0.945345239979881,0.5147006171090266,0.9993937611579895,59.78143152505661,0
271,0.9034452353205008,0.2932198146979016,0.9998039603233337,0.9807562487466003,0.32219247449012056,0.9995623826980591,0.9020759548459742,0.5068026922997978,0.9996991753578186,0.9450384917713355,0.5148662669318067,0.9994013905525208,59.78143152505661,0
272,0.9027947386105862,0.2932724739824025,0.9997991919517517,0.9800667620840535,0.32213501845087344,0.9995706677436829,0.9018228281111951,0.5068330055191408,0.9996967315673828,0.9446398842902419,0.5151131578854157,0.9994121193885803,59.78143152505661,0
273,0.9019587125097009,0.29329169222286794,0.9998000860214233,0.9792769579660333,0.3221604199636553,0.9995777010917664,0.9013030472255896,0.5067599302246462,0.9997035264968872,0.9440982653981171,0.5152629613876347,0.9994205236434937,59.78143152505661,0
274,0.9010068348475871,0.29327131453014577,0.9997976422309875,0.9784773758479535,0.3223058340095341,0.9995790719985962,0.900631629285359,0.5066518045607071,0.9997067451477051,0.9436254586492273,0.5152964506830492,0.9994218945503235,59.78143152505661,0
275,0.9000393379302258,0.2932347754637402,0.9997999668121338,0.9776030608585909,0.3225025917802541,0.9995856285095215,0.9000451735087811,0.5065977970759078,0.9997131824493408,0.9432177685555966,0.5153244080997652,0.9994354248046875,59.78143152505661,0
276,0.8991205408459625,0.2932525773843132,0.9997981786727905,0.9764392631394531,0.3226058653422767,0.9995917677879333,0.8997363419759848,0.506413320700328,0.9997181296348572,0.9429511967159461,0.5149117651439853,0.9994413256645203,59.78143152505661,0
277,0.8982917978650056,0.2933082041286289,0.9997983574867249,0.9752486263002675,0.32258340006782926,0.9995947480201721,0.8996960662660152,0.5061777858507069,0.9997104406356812,0.9426472868238185,0.5143745825404217,0.9994258284568787,59.78143152505661,0
278,0.8976307085582196,0.29326230429467726,0.9998056888580322,0.9741996469951819,0.3224302203882311,0.9996162056922913,0.8997051517168688,0.5059353311856591,0.9997225999832153,0.9422653005236679,0.5138167994362972,0.9994462132453918,59.78143152505661,0
279,0.897002904188066,0.293110156343097,0.9998031854629517,0.973554696355548,0.32195316184134737,0.999631404876709,0.8995152711868293,0.5057053821427485,0.9997169971466064,0.9415927444185537,0.5132709798358739,0.9994275569915771,59.78143152505661,0
280,0.896227575483777,0.2929427439258214,0.9998074769973755,0.9730882900101806,0.3212948739528658,0.9996521472930908,0.8990358965737487,0.5056332803907853,0.9997261762619019,0.9406900349117469,0.512978695687794,0.9994396567344666,59.78143152505661,0
281,0.8951217986288532,0.29267841009866646,0.9998140931129456,0.9724949995676684,0.32046638358207,0.9996730089187622,0.8984318460736963,0.5057589780716674,0.9997376799583435,0.939434054351989,0.5130203877176561,0.9994567036628723,59.78143152505661,0
282,0.8938661586670655,0.29238145975839547,0.999822735786438,0.9717137955483944,0.3195962763967971,0.9996914863586426,0.8977163803009767,0.5058258913812188,0.9997504949569702,0.9381744662920641,0.5129608852522718,0.9994727969169617,59.78143152505661,0
283,0.8925739044234873,0.2920883468219214,0.9998300075531006,0.9708920291491926,0.31887229851314025,0.9997100830078125,0.8969685406911948,0.5057930407069983,0.9997620582580566,0.936971068382264,0.5127067395618987,0.9994913935661316,59.78143152505661,0
284,0.8914597431818652,0.29176438848177616,0.9998361468315125,0.9700422797884267,0.3183397395270214,0.9997273087501526,0.8962716176396333,0.5058111037526816,0.999771237373352,0.936139711311886,0.5124472890581407,0.9995081424713135,59.78143152505661,0
285,0.8906807502110806,0.2915349900722506,0.9998446106910706,0.969414432843527,0.3178209662437442,0.9997446537017822,0.8956618876684287,0.5058445078986036,0.9997813701629639,0.9357217124530255,0.5121095719791597,0.9995296597480774,59.78143152505661,0
286,0.8900872071584073,0.29147935339382736,0.9998520612716675,0.9687893163590212,0.31739708923158216,0.9997592568397522,0.8952431480089831,0.5059240119797846,0.99979168176651,0.935574466273899,0.5118072543825426,0.9995465278625488,59.78143152505661,0
287,0.8896047331037984,0.2914511391094755,0.9998587369918823,0.968219811008091,0.31690858233542696,0.9997724294662476,0.8951119922456295,0.5060370649610251,0.9997986555099487,0.9354110842659367,0.511506089142391,0.9995597004890442,59.78143152505661,0
288,0.8892124862897971,0.2914591985089441,0.999862551689148,0.9677632990337561,0.3165251385597958,0.9997814297676086,0.8950611182621554,0.5060297279130849,0.9998022317886353,0.9351594050725309,0.5112458751315166,0.9995642304420471,59.78143152505661,0
289,0.8887829837344949,0.29146165507180377,0.9998651742935181,0.9673091570536304,0.3160270282200407,0.9997884035110474,0.8949891612643295,0.5058430291357499,0.9998029470443726,0.9347978120758427,0.5108585442815512,0.9995627403259277,59.78143152505661,0
290,0.8882752458254504,0.2914648297287171,0.9998695850372314,0.9666371742884327,0.3154157868453437,0.9997981190681458,0.8948827896799367,0.5055912874993828,0.9998058080673218,0.934473409539178,0.5104222808565416,0.9995683431625366,59.78143152505661,0
291,0.8877527515093492,0.2914720007351469,0.9998728036880493,0.9658600886662809,0.31486875386465185,0.9998073577880859,0.8947547078132636,0.5053240032423114,0.9998107552528381,0.9342896711258669,0.5099450151125594,0.999576985836029,59.78143152505661,0
292,0.8871711889902757,0.29147477377028713,0.9998705387115479,0.9650158967290614,0.31444187675203616,0.9998111724853516,0.8946016232172656,0.5051397028423495,0.999809741973877,0.9341938467252829,0.5095529130526955,0.9995752573013306,59.78143152505661,0
293,0.8866345002537689,0.29147694508234684,0.9998685121536255,0.964279288337345,0.31414903771309655,0.9998129606246948,0.8944112289519544,0.5050238314129061,0.9998083114624023,0.9340914800053559,0.509262167272114,0.9995688199996948,59.78143152505661,0
294,0.8861503657840554,0.2914716672329678,0.9998667240142822,0.9637368974231546,0.31410268942515085,0.9998160600662231,0.8940245282082339,0.5050516327222192,0.9998088479042053,0.9338089766956519,0.5091198597635546,0.9995665550231934,59.78143152505661,0
295,0.8857691997573496,0.2914732708817439,0.9998657703399658,0.9633961915969856,0.31401267647743253,0.9998193383216858,0.893598187537421,0.5052712729999,0.9998100399971008,0.9334495833941876,0.5091957506679357,0.999565601348877,59.78143152505661,0
296,0.885459360622225,0.2914262598469146,0.9998664259910583,0.9630924917402729,0.31381971921239604,0.9998200535774231,0.8932139930270974,0.5054348962647578,0.9998135566711426,0.9330952309426815,0.5091486289387661,0.9995654225349426,59.78143152505661,0
297,0.8852200309435534,0.2913405284995127,0.9998600482940674,0.9628046694256018,0.313531999077116,0.9998202323913574,0.8930056237039119,0.5054818420183095,0.9998076558113098,0.9328782075927379,0.508955279986064,0.9995508790016174,59.78143152505661,0
298,0.8849612758273178,0.2912300186497827,0.9998546838760376,0.9625312231835872,0.3131526694411326,0.9998206496238708,0.8929686063811899,0.5054246016911101,0.9998002052307129,0.9328141297612879,0.5086482451075603,0.9995312690734863,59.78143152505661,0
299,0.8846482861609694,0.2911461307888942,0.9998550415039062,0.9622275687399372,0.3127353546165287,0.9998237490653992,0.8930428255172009,0.5051832766759967,0.9998002052307129,0.9328581435339799,0.5082633353414994,0.9995295405387878,59.78143152505661,0
300,0.8843389976592299,0.2911077014037543,0.9998558759689331,0.9619285776501618,0.31228708085559687,0.9998269081115723,0.8930591458366038,0.5050329707917717,0.9998021125793457,0.9328741459619438,0.5079682299068999,0.9995311498641968,59.78143152505661,0
301,0.8840656621115556,0.2911239720526198,0.9998582601547241,0.9616718150320515,0.3118621252831961,0.9998310804367065,0.8929854773339778,0.5049171447753911,0.9998039603233337,0.9328628068878544,0.5078362112953553,0.9995346665382385,59.78143152505661,0
302,0.8838578405834386,0.29113382668722265,0.9998610615730286,0.9614071959540965,0.311442302806037,0.9998375773429871,0.8928638356072569,0.5045676571982252,0.9998075366020203,0.9328133265177416,0.5076729286284678,0.9995447397232056,59.78143152505661,0
303,0.8836569786071784,0.2911618579001656,0.9998642802238464,0.9611736763091322,0.3110976758457368,0.999842643737793,0.8926773525419697,0.5040991277921771,0.9998122453689575,0.9327215438797368,0.5075261450949173,0.9995557069778442,59.78143152505661,0
304,0.8834193235351933,0.291226033653532,0.9998605847358704,0.9609592727252423,0.31085341743060546,0.9998422265052795,0.8924971308027001,0.5036840268543792,0.9998055100440979,0.9326241981415528,0.5074133674303695,0.9995430707931519,59.78143152505661,0
305,0.8832012244633274,0.2913134055478235,0.999855637550354,0.9607804247311191,0.3107245805717652,0.9998435974121094,0.8923750264304031,0.5033835711933321,0.9997984170913696,0.9325594987188075,0.5073281980696183,0.9995362162590027,59.78143152505661,0
306,0.8830599557785768,0.2914062156563716,0.9998493194580078,0.9606308596474792,0.3106279813107993,0.9998414516448975,0.8923417500087201,0.5033094826198763,0.9997865557670593,0.9325389521462584,0.5073235659372243,0.9995155930519104,59.78143152505661,0
307,0.8830066521962491,0.2914663184256783,0.9998400211334229,0.9605344278471818,0.3106058906941189,0.9998341202735901,0.8923277031807679,0.5033458414531893,0.9997726082801819,0.9325208692323601,0.5073326911245077,0.9994866251945496,59.78143152505661,0
308,0.8830415379433412,0.2915097744691942,0.9998267889022827,0.9604685420081737,0.31060793853941443,0.9998255372047424,0.8923489650090543,0.5033525739397325,0.9997569918632507,0.932557316053482,0.5073234949793138,0.999453067779541,59.78143152505661,0
309,0.8830714906964992,0.2915485657396773,0.9998201131820679,0.9604577195076723,0.3106711762292047,0.999821662902832,0.892348508040111,0.503361182553428,0.9997550249099731,0.9326600772993912,0.5073039333025618,0.9994463324546814,59.78143152505661,0
310,0.8830184340476996,0.2915903670447216,0.9998127222061157,0.9604158458255594,0.31074645831471426,0.9998189210891724,0.8923375493004215,0.5033681619734995,0.9997548460960388,0.9328211120196759,0.507234028407506,0.9994460940361023,59.78143152505661,0
311,0.8829192121823635,0.2915400763352714,0.9998066425323486,0.9603074391682951,0.31083670684269527,0.9998191595077515,0.8923471286183319,0.5033634588831951,0.9997575879096985,0.9330021994454528,0.5070684438660036,0.9994553327560425,59.78143152505661,0
312,0.8828076010658634,0.29142548214821606,0.9998068809509277,0.9601645214217057,0.3108509821551189,0.9998213052749634,0.8923789972350719,0.5033576772326518,0.9997658729553223,0.9331044725009381,0.5068931607973012,0.9994745850563049,59.78143152505661,0
313,0.8827260761033928,0.29127181569735233,0.999804675579071,0.9600386108670923,0.31062766200020225,0.9998214244842529,0.8924147288004565,0.5033541832651415,0.9997720718383789,0.9331814731870387,0.5066854300953096,0.9994874000549316,59.78143152505661,0
314,0.8827091824440736,0.2912053125245233,0.9998072385787964,0.9599652091662096,0.31014512834094843,0.9998189210891724,0.8925358028638938,0.5034194475128541,0.9997783303260803,0.9333519566626783,0.50646642276219,0.9994987845420837,59.78143152505661,0
315,0.8827764335132788,0.291222732691538,0.9998078942298889,0.9599689784504125,0.30934605428150747,0.9998165369033813,0.8928028572173352,0.5033428385144192,0.9997839331626892,0.9336278041203824,0.5059563574336828,0.9995099306106567,59.78143152505661,0
316,0.8828701149849673,0.29127259481520906,0.9998112320899963,0.9599953520865674,0.30849923832075965,0.9998152256011963,0.8931386811392654,0.5028859689122158,0.9997895956039429,0.934046685695649,0.5049077613013135,0.9995214343070984,59.78143152505661,0
317,0.8829866704486673,0.2912577830609824,0.9998137950897217,0.960034404482161,0.3078036861760278,0.9998090267181396,0.8935423919132784,0.5022445122400924,0.9997938871383667,0.9345177099818283,0.5036871546790718,0.9995297789573669,59.78143152505661,0
318,0.8831082866305404,0.29117575429734754,0.9998166561126709,0.960156718889873,0.30738880946522695,0.9997984170913696,0.8939384023348498,0.5016590896106905,0.9997993111610413,0.9349678357442228,0.5026944109371734,0.9995401501655579,59.78143152505661,0
319,0.8831891020139065,0.2910592712107161,0.9998162388801575,0.9603430600393393,0.30720096826553367,0.9997813105583191,0.8942437938281474,0.5013290927523663,0.9998008012771606,0.9354096878142591,0.5021512196177531,0.9995402693748474,59.78143152505661,0
320,0.8832588508015594,0.29102808946654934,0.9998183846473694,0.9605744708152052,0.30717070471672814,0.9997729659080505,0.8944716794150223,0.5013748719578701,0.999801516532898,0.9358506060781941,0.5021557467324398,0.9995405077934265,59.78143152505661,0
321,0.8833406624339882,0.291060927368346,0.9998238682746887,0.9608112914221636,0.3071016555740722,0.999771237373352,0.894619530155546,0.5015723847207573,0.9998051524162292,0.9361733027866916,0.502329820678348,0.999547004699707,59.78143152505661,0
322,0.8835551142692573,0.2910348631086806,0.9998254776000977,0.9610408090409785,0.306971399557023,0.9997660517692566,0.8946926111266734,0.5016045144626077,0.9998049736022949,0.9364355490321212,0.5022921732493812,0.9995462894439697,59.78143152505661,0
323,0.883889141536895,0.2908791885489512,0.9998248815536499,0.9612682603654416,0.30673144686789766,0.9997590184211731,0.8947448361487623,0.5014692119189674,0.9998020529747009,0.9366010172026507,0.5021825603076394,0.9995436668395996,59.78143152505661,0
324,0.8842527355466576,0.29064796935944354,0.9998210072517395,0.9615592899776648,0.3064823150634768,0.9997512102127075,0.894789309728714,0.501551571346465,0.9997988343238831,0.9367048853919627,0.5021551251411442,0.9995430707931519,59.78143152505661,0
325,0.8845598129999077,0.29043207849775066,0.9998204112052917,0.9619004158746636,0.30630245379039245,0.9997464418411255,0.8948370587258119,0.5018522342046106,0.9997969269752502,0.9367657019978486,0.5022134866033285,0.9995430111885071,59.78143152505661,0
326,0.8848736059098024,0.29031737787382966,0.9998212456703186,0.9622273643811552,0.30621305391902043,0.9997441172599792,0.8948551359630774,0.502321424938384,0.9997955560684204,0.9367873441605349,0.5023816483361384,0.9995449781417847,59.78143152505661,0
327,0.8851864139239001,0.29023446355547244,0.9998233914375305,0.9625166200456172,0.3062381673426858,0.9997351169586182,0.8948155868621107,0.5027365485827132,0.9997950792312622,0.936787372543699,0.5025097387177608,0.9995450377464294,59.78143152505661,0
328,0.8856153601691843,0.2901539830934436,0.9998244047164917,0.9629108593577438,0.30627705511592707,0.9997343420982361,0.8948794518198293,0.5027614462943308,0.9997959136962891,0.9369736058371415,0.5024636785189315,0.9995503425598145,59.78143152505661,0
329,0.8861796259880073,0.2899847144172307,0.9998267292976379,0.963352927139828,0.3063097851616998,0.9997357130050659,0.8951621027219872,0.5018852452437087,0.9997978210449219,0.9374021490414945,0.5020538426580887,0.9995567798614502,59.78143152505661,0
330,0.8867723317373375,0.2898412985461101,0.9998305439949036,0.9637767360323959,0.30633503624371144,0.9997439980506897,0.8955938872836893,0.5005723280566083,0.9998030066490173,0.9379732353346697,0.5014552615937737,0.9995701313018799,59.78143152505661,0
331,0.8873191759699873,0.28972014926728773,0.9998303055763245,0.9641263939085468,0.3063415090243024,0.9997453093528748,0.8961142046110978,0.49924820377713197,0.9998033046722412,0.9385634689103997,0.5008445722716199,0.9995721578598022,59.78143152505661,0
332,0.8878662018548882,0.2894570174671357,0.9998267292976379,0.9643282237507056,0.3063328549975443,0.9997414946556091,0.8965433098021015,0.4983413545858297,0.9997957944869995,0.9389900593530571,0.5004111358097625,0.9995630383491516,59.78143152505661,0
333,0.888525151071095,0.2890326522645499,0.9998275637626648,0.9644799346015573,0.30633710395722186,0.9997431039810181,0.8968719414302289,0.4979968908287234,0.9997879266738892,0.9392988114129937,0.5002814928690597,0.9995512962341309,59.78143152505661,0
334,0.8892193436622626,0.2885573506355288,0.9998318552970886,0.9647976443881088,0.30635067820549033,0.9997471570968628,0.897230525811514,0.4981139359020056,0.9997838139533997,0.939634649526506,0.5004547749246874,0.9995449185371399,59.78143152505661,0
335,0.8898578768684757,0.28809046319552856,0.9998375773429871,0.9652172043209992,0.3063794218358542,0.9997426271438599,0.8976017804372886,0.49821434418360433,0.9997811317443848,0.9400349145843876,0.5006668283825833,0.9995352625846863,59.78143152505661,0
336,0.890347219648816,0.2876256817863103,0.999843180179596,0.9657517387753449,0.3064005658740091,0.9997425675392151,0.898059751306262,0.4982390715962368,0.9997797012329102,0.9406323262623386,0.5008640062241332,0.9995272159576416,59.78143152505661,0
337,0.8906906672886447,0.2871309816837313,0.9998465180397034,0.9662876980645324,0.30644651679765633,0.9997396469116211,0.8986444955780399,0.4982657503514067,0.9997802972793579,0.9413303562573031,0.5010352049555101,0.9995236396789551,59.78143152505661,0
338,0.8910931519099652,0.2865870949767887,0.9998499751091003,0.9667171722366703,0.3064894420760021,0.9997270107269287,0.8991389558428817,0.4982806302252274,0.9997749328613281,0.9418995976448066,0.501148709229061,0.9995059967041016,59.78143152505661,0
339,0.8915817396981383,0.286193499962489,0.9998548626899719,0.9670364289056695,0.30656578427269365,0.9997194409370422,0.8995256509099695,0.4983101515542897,0.9997708201408386,0.9423465558460788,0.5012654009319492,0.9994890093803406,59.78143152505661,0
340,0.8921648434230267,0.2859570639474054,0.9998553991317749,0.9672312282380612,0.3066669021333969,0.9997194409370422,0.899808225177584,0.4982818251564393,0.9997602701187134,0.9426631019228988,0.5013601325807121,0.9994718432426453,59.78143152505661,0
341,0.8928502060118182,0.2857714011555629,0.9998595714569092,0.9673622591154925,0.3067495766140168,0.9997147917747498,0.8998917114166993,0.49818510242870917,0.9997632503509521,0.9428201800300968,0.501394561358861,0.9994717240333557,59.78143152505661,0
342,0.8934869737852195,0.2855529856114163,0.9998612403869629,0.967674150353387,0.30683955266362173,0.9997133612632751,0.9000829827217836,0.4981511079129723,0.9997580647468567,0.9430811092967086,0.5014357765515649,0.9994583129882812,59.78143152505661,0
343,0.8939215313820619,0.28534267913727557,0.9998621344566345,0.9681367164566411,0.3069465813182652,0.9997155666351318,0.9004091904276901,0.49818818058286435,0.9997508525848389,0.943392271087284,0.5014812208357315,0.9994450211524963,59.78143152505661,0
344,0.8942339874449237,0.28513005943525427,0.9998648762702942,0.9687167491231654,0.30700809898830617,0.9997032284736633,0.9007897291864675,0.49825096414202774,0.999745786190033,0.9437313761029932,0.5015218513352534,0.9994261860847473,59.78143152505661,0
345,0.8944851898011714,0.28499670823415146,0.9998652338981628,0.9692743959881018,0.3070234329927538,0.9996973872184753,0.9011185822032753,0.49833738236200287,0.9997389316558838,0.9440769155820218,0.501538421426501,0.9994086027145386,59.78143152505661,0
346,0.8948534641947072,0.2847613408451991,0.9998705983161926,0.9697332183520007,0.307024134056909,0.9996998906135559,0.9013417561848965,0.4983784840220501,0.9997437000274658,0.9444786338579094,0.5015401386079338,0.999416172504425,59.78143152505661,0
347,0.895414971169972,0.28439591895966326,0.9998668432235718,0.9701219598452258,0.30709715116591707,0.9997074604034424,0.9014167445046568,0.4983105730442778,0.9997421503067017,0.9448221411023829,0.5014791772479107,0.9994195103645325,59.78143152505661,0
348,0.8959268842424672,0.28407289726393586,0.9998644590377808,0.9706502670333507,0.307360051643281,0.9997156858444214,0.9014972022601544,0.49845231998534467,0.9997485876083374,0.9451038127853765,0.5015704887253901,0.9994374513626099,59.78143152505661,0
349,0.8962131454831086,0.2839257788090481,0.999864399433136,0.9712982461566024,0.3077371035303391,0.9997199773788452,0.9017954837708254,0.4987204330308101,0.9997484087944031,0.9453905309949611,0.5018046271233336,0.99944007396698,59.78143152505661,0
350,0.8964439006078818,0.28386019666989665,0.9998705387115479,0.9720239837964383,0.30822066749845256,0.9997181296348572,0.9023913542429614,0.4989533495335356,0.9997503757476807,0.9457366835503359,0.5020564113344469,0.9994392991065979,59.78143152505661,0
351,0.8967645565668749,0.28396630571002074,0.9998726844787598,0.9726774266787945,0.30884781905583,0.9997004270553589,0.9031891141619008,0.4991696306637359,0.9997422695159912,0.9460829808598481,0.502356832935697,0.9994203448295593,59.78143152505661,0
352,0.8971872131029771,0.2840716342131299,0.9998756647109985,0.9733166637874793,0.30944933493932114,0.9996746182441711,0.9040370782216397,0.4993189530713222,0.9997333288192749,0.9465628635315675,0.5026961905615674,0.9993925094604492,59.78143152505661,0
353,0.8975964699472707,0.28416174934023924,0.9998800158500671,0.9739463017100387,0.31000052605356515,0.9996587038040161,0.9047126855169032,0.49933002676282645,0.9997295141220093,0.9469879354749415,0.5030071281251457,0.9993776082992554,59.78143152505661,0
354,0.8978709720429927,0.28421532398178484,0.9998849034309387,0.974685123988561,0.3104341470059897,0.9996452331542969,0.9052195236796432,0.4993467955362233,0.9997292757034302,0.9473511974016833,0.5033626528013324,0.9993672370910645,59.78143152505661,0
355,0.897968700953893,0.28448893910362627,0.9998887777328491,0.9753707477024631,0.3106413696493424,0.9996316432952881,0.9056379028729038,0.4993261978739788,0.9997227787971497,0.9477612801960544,0.5036486898149767,0.999343752861023,59.78143152505661,0
356,0.8980437318483996,0.28491786406153746,0.9998900890350342,0.9759337873685935,0.3107122126079743,0.9996117353439331,0.9059467656271806,0.49922645659673826,0.9997133016586304,0.9480926422845757,0.5037558589662828,0.9993137121200562,59.78143152505661,0
357,0.8981038928031929,0.28566730448177907,0.9998908638954163,0.9762409925460823,0.31077820346469,0.9996071457862854,0.9061875655537568,0.4991223074141007,0.9997189044952393,0.9484138999666494,0.5037333057040264,0.9993236064910889,59.78143152505661,0
358,0.8982600087211253,0.2866835097471875,0.9998907446861267,0.9764509059133992,0.31085835468201434,0.999596357345581,0.9064616220338011,0.4991648651304703,0.9997203946113586,0.9488263073421668,0.5038536190986638,0.9993239641189575,59.78143152505661,0
359,0.8984543879826872,0.2876250346501671,0.9998869299888611,0.97664818593434,0.31107368213789827,0.9995779991149902,0.9066924679846998,0.4993594984213515,0.9997166991233826,0.9491504430770881,0.5042715101015005,0.9993177056312561,59.78143152505661,0
360,0.8987330425353285,0.2883650419257938,0.9998798370361328,0.976967292172569,0.3114097600891479,0.9995499849319458,0.9069703902517054,0.49958034356435177,0.9997113943099976,0.9494590248380397,0.5048320492108667,0.9993077516555786,59.78143152505661,0
361,0.899028284209116,0.28891469183422297,0.9998708367347717,0.9774209885370172,0.31176265648433166,0.9995511174201965,0.9072132905324307,0.49978162277312543,0.9997122287750244,0.9498207540739159,0.5053617273058214,0.9993222951889038,59.78143152505661,0
362,0.899321553252993,0.2892438811915264,0.9998602271080017,0.9779449559393392,0.31205029714675203,0.9995576739311218,0.9074348580269593,0.4998618861039483,0.9997081756591797,0.9501030814080018,0.5056901148387368,0.9993264675140381,59.78143152505661,0
363,0.8995645699046915,0.2897410932041352,0.9998567700386047,0.9783724234217697,0.312183635575431,0.9995571970939636,0.9076276137715302,0.4997706384885883,0.9997130036354065,0.9503506904556646,0.5057113936969216,0.9993389248847961,59.78143152505661,0
364,0.8997551827203667,0.2905338903268181,0.9998565912246704,0.978699845927103,0.31226494340669564,0.999563455581665,0.9078365677878978,0.49987207707904674,0.9997192025184631,0.9505716164906828,0.5056925132161099,0.9993560910224915,59.78143152505661,0
365,0.8998236798104793,0.2915771617775874,0.9998514652252197,0.9788478669666116,0.31224792060397943,0.9995502829551697,0.9079931293215078,0.5004562579450158,0.9997225999832153,0.9507220869972601,0.5058829018047881,0.9993643164634705,59.78143152505661,0
366,0.8998077426637929,0.29288015195301625,0.9998423457145691,0.9788417589096804,0.3121482744103389,0.9995257258415222,0.9081272397722524,0.5014367202917739,0.9997220039367676,0.9508425990740466,0.5062494334720433,0.9993644952774048,59.78143152505661,0
367,0.8998353736741209,0.2939854150726684,0.9998359680175781,0.9789857381866099,0.31193480321339223,0.9995157122612,0.9082451320829853,0.5024501198814033,0.9997268319129944,0.9510081240109043,0.5066102061952867,0.9993758201599121,59.78143152505661,0
368,0.8999734520912178,0.2946936104978837,0.999826967716217,0.9791980811527805,0.3116722532681059,0.9994985461235046,0.9083565927687153,0.503274412382217,0.9997269511222839,0.9511545953296487,0.5069378245444529,0.9993811249732971,59.78143152505661,0
369,0.9002836602074766,0.2950261902241482,0.99981290102005,0.9794720127469025,0.3114971248876483,0.9994500279426575,0.9084104923974907,0.503923356533051,0.9997191429138184,0.9512374060494567,0.5072978990418575,0.999366283416748,59.78143152505661,0
370,0.900746893315089,0.295022561436608,0.9997977018356323,0.9796213961782918,0.3115185300509138,0.9993676543235779,0.9084688226381945,0.5045844259716219,0.999711811542511,0.9512957164219454,0.5081853951726645,0.9993487596511841,59.78143152505661,0
371,0.9011962186722535,0.2950306265127094,0.9997841119766235,0.9794976796422693,0.31159005988211885,0.9992892742156982,0.9084953410284867,0.5055473957742967,0.9997034668922424,0.9513329182352346,0.5094629696437295,0.9993322491645813,59.78143152505661,0
372,0.9014933705329902,0.29536973010926043,0.999774158000946,0.9790870093163998,0.3114738819145023,0.9991504549980164,0.9084879018011555,0.5068639743895762,0.9997027516365051,0.9513319872674495,0.5109227242923923,0.9993419051170349,59.78143152505661,0
373,0.9016470653670182,0.29588316735767206,0.999752402305603,0.9786460087412887,0.3111392600195751,0.9989116787910461,0.9085272976330355,0.5081407030423486,0.9996904134750366,0.9513479073842375,0.5120359148297995,0.9993315935134888,59.78143152505661,0
374,0.9016425127074839,0.2964061314151403,0.9997227787971497,0.9781821795872288,0.3106063022499995,0.9986165165901184,0.9085838766325094,0.5090649269876031,0.9996673464775085,0.9514091185161053,0.5125884896232973,0.9992945194244385,59.78143152505661,0
375,0.9016035851978128,0.29674162467320786,0.9997037649154663,0.9778496026992806,0.3100623176211405,0.9984193444252014,0.9086479629789086,0.5096022316387725,0.9996589422225952,0.9515195290247607,0.5126127941267835,0.9992809891700745,59.78143152505661,0
376,0.9016620630309703,0.29679400722185795,0.9996843338012695,0.9775222312836429,0.3095063936142697,0.9982476830482483,0.9088047657694143,0.5097180207570398,0.9996534585952759,0.9517415761947638,0.5125570893287663,0.9992882609367371,59.78143152505661,0
377,0.9017814113980255,0.2965914933454425,0.9996519684791565,0.9772479789597656,0.30900300542513554,0.9980863332748413,0.9089621929895317,0.5095872055916564,0.999641478061676,0.9519783371970775,0.5123841649010072,0.9992852807044983,59.78143152505661,0
378,0.9019474500701549,0.29627925299462843,0.9996281266212463,0.9770676096280424,0.308320068177723,0.9979648590087891,0.9090678777013514,0.5094684050196697,0.9996228218078613,0.952147012665159,0.5122523761930924,0.9992703795433044,59.78143152505661,0
379,0.9021714585168029,0.2959434205577489,0.9995958209037781,0.9769814638864434,0.30755645462444875,0.9978310465812683,0.9091708177611949,0.5095028508277171,0.9995982050895691,0.9522387754349488,0.5122065913109557,0.9992426633834839,59.78143152505661,0
380,0.9024627095177068,0.2953473343735652,0.999559223651886,0.9769459423564737,0.30678159140405226,0.9976687431335449,0.9092428627468299,0.5093429940087458,0.9995694160461426,0.9522544230733607,0.5121072672662286,0.9992064237594604,59.78143152505661,0
381,0.902817592734383,0.29459418711208185,0.9995157122612,0.9769650101661689,0.30610238228525455,0.9974715709686279,0.9093468614986971,0.5089179816700167,0.999545693397522,0.9522341518175041,0.5117904430343996,0.999172031879425,59.78143152505661,0
382,0.9033331161453617,0.2937585683096025,0.9994904398918152,0.9769748534475062,0.30545755227406846,0.9972590804100037,0.9095878544307897,0.5083467619759701,0.9995383620262146,0.9522596455755696,0.5112193766094394,0.9991545081138611,59.78143152505661,0
383,0.9038728901318149,0.29298713661375525,0.9994611740112305,0.9769509548232677,0.3050089506875904,0.9970682859420776,0.9098661314873476,0.5078244407971704,0.9995250105857849,0.9522944348199035,0.5106007627078469,0.9991307854652405,59.78143152505661,0
384,0.9043608024006806,0.2924348002388366,0.9994223713874817,0.9768830452646536,0.30461967984835336,0.996906578540802,0.9101613362630216,0.5074210677828112,0.9995114207267761,0.9523333538146254,0.5100329745383494,0.9991067051887512,59.78143152505661,0
385,0.904760400454204,0.29226814139457,0.9993259906768799,0.9767894120443442,0.3043234589554017,0.9966202974319458,0.9105300733021335,0.507420849232447,0.9994802474975586,0.9524073856217529,0.5097606210481557,0.9990527629852295,59.78143152505661,0
386,0.9050329753330784,0.2921907319909053,0.99923175573349,0.9766989634150558,0.30415714070910527,0.996251106262207,0.9108620541436339,0.5073058945792066,0.999445915222168,0.9525373379389452,0.5096247366496499,0.9989877939224243,59.78143152505661,0
387,0.9051897327105212,0.29221379615011694,0.9991503357887268,0.9766362650053849,0.3040803926331659,0.9958258271217346,0.9111024254844309,0.5070431743349352,0.9994242787361145,0.9526944018545613,0.5095193272545229,0.9989390969276428,59.78143152505661,0
388,0.9053606703167877,0.292177390484583,0.9991320967674255,0.9766175264403941,0.30406064930416316,0.9953633546829224,0.911249191988083,0.5063251540774394,0.9994328618049622,0.9528481307483863,0.5092835397947406,0.9989306926727295,59.78143152505661,0
389,0.9055556513014301,0.292095353205999,0.9991258978843689,0.9765995116460898,0.3042726828938441,0.9950799345970154,0.9112286851519638,0.5054382823762443,0.9994450807571411,0.9529351705596568,0.5090460266385763,0.998936116695404,59.78143152505661,0
390,0.9057795263472065,0.2919602592786156,0.9991087317466736,0.9766083530017315,0.30467929158891977,0.9948961734771729,0.9111083149909981,0.5046015949476337,0.9994534850120544,0.9529457347733642,0.5088033023334688,0.998940110206604,59.78143152505661,0
391,0.9059979206039799,0.29185529833748247,0.9990987777709961,0.9766358392579223,0.3052149954296296,0.99467533826828,0.911041214352563,0.5041196232750307,0.9994614124298096,0.9529244019871674,0.5086429998988201,0.9989452958106995,59.78143152505661,0
392,0.9061329563458768,0.29180670919872487,0.999098002910614,0.9766866820199157,0.3057554804143454,0.9944329857826233,0.9110023067111068,0.5039285534904121,0.9994705319404602,0.9529174623035257,0.5085556166512629,0.998948872089386,59.78143152505661,0
393,0.9061641835031062,0.2918354116735007,0.9990907907485962,0.976753439222064,0.3061451401029317,0.9943439960479736,0.910973685128349,0.5040816437630431,0.9994723796844482,0.9529168889636093,0.5085530281066899,0.9989479184150696,59.78143152505661,0
394,0.9061496740295781,0.29186067552793615,0.9990845918655396,0.9768106312978844,0.30626498943283464,0.994353175163269,0.9109471525464746,0.504118519169944,0.9994711875915527,0.9529304986908329,0.5084976270085293,0.9989516735076904,59.78143152505661,0
395,0.9061392999830707,0.2918895781040194,0.9990819096565247,0.9768415292104093,0.3062889192785538,0.9943170547485352,0.9109063489096512,0.504218745799292,0.9994676113128662,0.9529348867280151,0.5084743755204341,0.9989489316940308,59.78143152505661,0
396,0.9061234054111306,0.2919189702896847,0.9990677833557129,0.9768797045662296,0.3063565222989948,0.994296669960022,0.9108077003842315,0.5044570905821668,0.9994582533836365,0.9528976366633468,0.5085325468154185,0.9989393353462219,59.78143152505661,0
397,0.9061221508752739,0.2919209273088548,0.9990650415420532,0.9768980713117699,0.3064457163924265,0.9944102764129639,0.9106932509513135,0.5047530787331722,0.9994568228721619,0.9528116214843031,0.5086508705502468,0.9989511370658875,59.78143152505661,0
398,0.9061314321699604,0.29184428850809757,0.9990562200546265,0.9769533702305393,0.30658484782491435,0.9944354295730591,0.9105526521092377,0.5050535769689655,0.9994533658027649,0.9526806700797316,0.5088031064896361,0.9989533424377441,59.78143152505661,0
399,0.9061572182746168,0.29170764485994993,0.999062716960907,0.9770310066995175,0.3067185907136829,0.994390070438385,0.9104204660370243,0.5052227463041037,0.9994523525238037,0.952524389539447,0.5088361700375879,0.998944878578186,59.78143152505661,0
400,0.9061617936406825,0.2915477142447519,0.9990873336791992,0.977121069317773,0.3067499697208407,0.9943057894706726,0.9103182979992465,0.5052087193443666,0.9994660019874573,0.9523972670237231,0.5087305364154638,0.9989601969718933,59.78143152505661,0
401,0.9061304529507963,0.291446965365183,0.999098002910614,0.9771979763394318,0.3067221953755336,0.9943164587020874,0.9102455774943041,0.5051516691843673,0.9994584918022156,0.9523248842784344,0.5085734668232149,0.9989443421363831,59.78143152505661,0
402,0.9060718048186536,0.2914610845702037,0.9991153478622437,0.9772579102289116,0.30670004515420846,0.9943153262138367,0.9101895661581137,0.5051743757157102,0.9994521141052246,0.9522936060315095,0.5084522621972224,0.9989323616027832,59.78143152505661,0
403,0.9060262498401468,0.2915578044596175,0.9991059303283691,0.9772778437251145,0.306656116531009,0.9942461252212524,0.9101719373748423,0.5052738643827897,0.9994469285011292,0.9522960214387811,0.5084184550103692,0.9989240169525146,59.78143152505661,0
404,0.9059823723066427,0.29183941228049165,0.9991124868392944,0.9772888592311322,0.30661808025269305,0.994179904460907,0.9101518279030217,0.5057495009331481,0.9994415044784546,0.9523074712072107,0.5086887138230465,0.9989103078842163,59.78143152505661,0
405,0.9059643660272879,0.29228232304255186,0.9990800023078918,0.9772646625836698,0.3067545167037421,0.9939628839492798,0.9101325926326578,0.5064980047089717,0.9994356632232666,0.9523118507294436,0.5091786072367717,0.9988996982574463,59.78143152505661,0
406,0.9059593024707984,0.29275538098244464,0.9990577697753906,0.977239586058118,0.3070677078905562,0.9938552379608154,0.910123873324622,0.5072756210962935,0.9994352459907532,0.9523137609163927,0.5097344091960365,0.9989020228385925,59.78143152505661,0
407,0.9059610168139147,0.2931305099101296,0.9990698099136353,0.9771755479630977,0.3074278036753339,0.9939067959785461,0.9101333192416607,0.5078894070216591,0.99945467710495,0.9523116662388764,0.5101937765166877,0.9989310503005981,59.78143152505661,0
408,0.9059714760099146,0.29335776113328504,0.9990770816802979,0.9771075787998389,0.3079299259753457,0.9939835667610168,0.9101445816812068,0.5081855058670048,0.9994712471961975,0.9523058647201182,0.5104540075574606,0.9989555478096008,59.78143152505661,0
409,0.9059932288669412,0.29339422072683086,0.9990900754928589,0.9770449229649143,0.3084945380687716,0.9940271377563477,0.9101588357062573,0.508143075874874,0.9994891881942749,0.952298059349969,0.510482748349508,0.9989849328994751,59.78143152505661,0
410,0.9059946395102008,0.2934762324605672,0.9990922212600708,0.9769767238980256,0.3089652245952972,0.994103729724884,0.9101681851205379,0.5081190892628265,0.9995018839836121,0.9522890363420767,0.5104964432262243,0.9990127682685852,59.78143152505661,0
411,0.9059891019548696,0.29364397696086364,0.9990854859352112,0.9769128873234711,0.30947141136441936,0.9941418170928955,0.9101661528859827,0.5081392015729636,0.9995107054710388,0.9522850201243455,0.5105422564915253,0.9990364909172058,59.78143152505661,0
412,0.9059908531960995,0.29381905283246745,0.9990583062171936,0.976870068481991,0.30987804702350097,0.9941058158874512,0.9101696525301259,0.5081504413059783,0.9995085597038269,0.9522852471896588,0.5105704551651369,0.9990423917770386,59.78143152505661,0
413,0.9059727504139862,0.29395646708352247,0.9990477561950684,0.9768198274430782,0.3100748743329732,0.9940122365951538,0.9101745684941617,0.5081412309692024,0.9995121955871582,0.952291082768214,0.510563901492528,0.9990485906600952,59.78143152505661,0
414,0.9060161369187499,0.2940404486088528,0.9990459084510803,0.97678067570641,0.3102647832461768,0.993998110294342,0.9101854051862452,0.5081312400954114,0.9995168447494507,0.9522933392297661,0.5105627179145817,0.999057412147522,59.78143152505661,0
415,0.9061198291324442,0.2940441398393543,0.9990501999855042,0.9767296598071152,0.3104403118292493,0.9939655661582947,0.9102284737995701,0.5081228415171308,0.999523401260376,0.9523029128710436,0.5105550743284684,0.9990662336349487,59.78143152505661,0
416,0.9062468721753082,0.29402777268773056,0.9990705251693726,0.9766657664662324,0.31055166891643005,0.9940103888511658,0.9103071859904706,0.5081351910318652,0.999533474445343,0.9523180950255629,0.5105487108230595,0.9990817904472351,59.78143152505661,0
417,0.9063530819756651,0.29401593406995163,0.9990873336791992,0.976599315802257,0.31063534248442903,0.9940446019172668,0.910415797006517,0.5081516646203545,0.9995415806770325,0.952345374084655,0.5105346980549044,0.999092698097229,59.78143152505661,0
418,0.9064312406948642,0.2940093733015517,0.9991059899330139,0.9765620997973858,0.310642929304214,0.9940176606178284,0.9105187909943725,0.5082585527783352,0.9995532035827637,0.9523702207065772,0.5105202056112748,0.9991010427474976,59.78143152505661,0
419,0.9064521136738013,0.2940277386279335,0.9991152286529541,0.9765790672529319,0.31060240382239956,0.9939501881599426,0.9105968844322938,0.5084633458228343,0.9995587468147278,0.9523925838016336,0.5105144892420092,0.9991006851196289,59.78143152505661,0
420,0.9065026442209887,0.29403974896385576,0.9991225600242615,0.9766862080210739,0.3105948865413668,0.9939920902252197,0.9106341458502277,0.5086911774816971,0.9995591640472412,0.9523926008315321,0.5105087331363137,0.9990954995155334,59.78143152505661,0
421,0.9065683569226953,0.2940469753174557,0.9991263747215271,0.9768201055980872,0.31060560260500253,0.9939374327659607,0.9106299735250935,0.5088780607495993,0.9995583295822144,0.9523716341881533,0.510554052534558,0.9990863800048828,59.78143152505661,0
422,0.9066324234008797,0.2940663936592286,0.9991525411605835,0.9769547666822169,0.3105647308485851,0.9939935803413391,0.9105845292409268,0.5091242449624203,0.9995644092559814,0.9523275097211209,0.510802703244346,0.9990857243537903,59.78143152505661,0
423,0.9067346538816186,0.2940551227047332,0.9991657137870789,0.9771218214716239,0.3107736933799019,0.9939535856246948,0.9105289805503125,0.5093128965014507,0.9995707273483276,0.9522709335599635,0.5111795777366279,0.9990851879119873,59.78143152505661,0
424,0.906920146374476,0.2940275413649425,0.9991750717163086,0.9773942288898294,0.31125408127194387,0.9939092993736267,0.9104766930852625,0.509481012821198,0.9995703101158142,0.9522262215614328,0.5116336288906284,0.9990749359130859,59.78143152505661,0
425,0.9071307295844676,0.293983089072364,0.9991944432258606,0.977692507562184,0.31179877406074913,0.9939011931419373,0.9104388640040451,0.5095899019922533,0.9995833039283752,0.9522796812511634,0.5120016705422179,0.999091386795044,59.78143152505661,0
426,0.907330757095701,0.29394719430378524,0.9992213249206543,0.9780724105380838,0.31234662305741107,0.9940094947814941,0.9104078298523319,0.5096825786999297,0.999605119228363,0.9524220966157467,0.5122316905430389,0.9991263151168823,59.78143152505661,0
427,0.9075378037634357,0.29393068949381534,0.9992274045944214,0.9784064292907723,0.3126246645337062,0.9940111637115479,0.9103631150154848,0.5097656448682153,0.9996212124824524,0.9525656473068971,0.5123314687183929,0.9991515278816223,59.78143152505661,0
428,0.9077653686205553,0.2939428814819883,0.9992179870605469,0.9786011179288236,0.3125158250331881,0.9940487146377563,0.9104584086508986,0.5098663341431395,0.9996337294578552,0.9527715132350021,0.5124134534881233,0.9991694688796997,59.78143152505661,0
429,0.9080099804060807,0.2939323328790213,0.9991764426231384,0.9787365481967025,0.3123892900489628,0.9940561056137085,0.9106603946004602,0.5097824845995226,0.9996299147605896,0.9529671072959908,0.5124152245975679,0.9991670250892639,59.78143152505661,0
430,0.9083181222279874,0.29395050519988675,0.9991480112075806,0.9789126345089512,0.3123217125733696,0.9939960837364197,0.9109255926949644,0.5095888688450771,0.9996374249458313,0.9531428643635349,0.5125042852901281,0.9991778135299683,59.78143152505661,0
431,0.9085821509361275,0.2940520587421601,0.9991475939750671,0.979127248128256,0.3122765507016866,0.9940139055252075,0.9111585986046571,0.5092821802411764,0.999640941619873,0.9533173725718551,0.5125762394496377,0.9991868734359741,59.78143152505661,0
432,0.9088726611364463,0.2942149468830656,0.9991177320480347,0.9794384411403119,0.31232130811328007,0.9940069913864136,0.9113671808015741,0.509023175353096,0.9996429681777954,0.9535007249741335,0.5126967997778034,0.999197781085968,59.78143152505661,0
433,0.9092130348795943,0.29444029927253745,0.9991358518600464,0.9797645636967258,0.3123698390665511,0.994134247303009,0.9114929835001635,0.5088462034861251,0.9996524453163147,0.9536211405481618,0.5128258778935391,0.9992272853851318,59.78143152505661,0
434,0.9095398045721516,0.2947791828995662,0.9991636276245117,0.9799905532882335,0.3123961048466821,0.9942193627357483,0.9116740709259403,0.5087404506547115,0.9996670484542847,0.9537875567163748,0.5129109734580635,0.9992538094520569,59.78143152505661,0
435,0.9097699125607815,0.29520377374830725,0.9992013573646545,0.9801400899887092,0.312486149015881,0.994403600692749,0.9117443902151932,0.5085336793036692,0.9996854662895203,0.9539008481161942,0.5129097983950665,0.999290406703949,59.78143152505661,0
436,0.909912239937556,0.2957024815536683,0.9992371797561646,0.9802100033987143,0.31258767985162306,0.9944968223571777,0.9116829094432657,0.5081363604182293,0.9996979832649231,0.9539562832741517,0.5128553396179567,0.9993124008178711,59.78143152505661,0
437,0.9099329085577109,0.29623435792468866,0.9992618560791016,0.980283146812803,0.3126672832738788,0.9945636987686157,0.9115239353407005,0.5075953971771971,0.9997054934501648,0.9539472489129937,0.5127211667242508,0.9993284344673157,59.78143152505661,0
438,0.909962109157018,0.2966739961079191,0.9992678165435791,0.9803637805439185,0.31267680866377723,0.9946249723434448,0.9113918514478783,0.5070166956810728,0.9997109174728394,0.9539277156194058,0.5125219197500324,0.9993430972099304,59.78143152505661,0
439,0.9100799702462704,0.29700339266232106,0.9992721676826477,0.9804987112681078,0.31271920033863637,0.9945875406265259,0.9113065969376344,0.5066952308019006,0.9997140765190125,0.9538985575948451,0.5125383280572442,0.9993478059768677,59.78143152505661,0
440,0.9102738584790919,0.29723595153717797,0.9992762804031372,0.9806395343371808,0.3127557110218777,0.9945523738861084,0.9113048087982911,0.5067654024986997,0.9997156262397766,0.9538785730089467,0.5127667841457189,0.9993436336517334,59.78143152505661,0
441,0.9104885089965101,0.2974067798682624,0.9992700815200806,0.9807785919734417,0.31283492275646785,0.9946379065513611,0.9113214413324999,0.5070690626189827,0.9997148513793945,0.9538993040720629,0.5131034851074223,0.9993433952331543,59.78143152505661,0
442,0.910661907423111,0.297516336043676,0.9992590546607971,0.9808621293022527,0.31290219085557147,0.9946494102478027,0.9113676718303143,0.5073084150041857,0.9997156858444214,0.9540437687011,0.513360196635837,0.999341607093811,59.78143152505661,0
443,0.9107598123096291,0.29757270216941856,0.999234139919281,0.9808873136838285,0.3129333342824666,0.9945986270904541,0.9114270125116628,0.507476443336124,0.9997149705886841,0.9542497368085959,0.5135062932968144,0.999337375164032,59.78143152505661,0
444,0.9107693093163635,0.2976020219780152,0.9992250204086304,0.9808558168865393,0.3128843804200493,0.9946497082710266,0.9114886522293097,0.5074900048119686,0.9997153282165527,0.9544491200220024,0.5135060492016024,0.9993368983268738,59.78143152505661,0
445,0.9108487055415206,0.2976078078860331,0.9992077946662903,0.9808207523255129,0.31285636623700486,0.9946415424346924,0.9115682357833507,0.5076168889091133,0.999705970287323,0.9545849533308128,0.5137283688499819,0.999316930770874,59.78143152505661,0
446,0.9109972828910471,0.29757381337029615,0.9991902112960815,0.9807989682470057,0.31296108450208415,0.9945703744888306,0.9116320326214752,0.5080534219741826,0.9996978044509888,0.9545942005657022,0.5143106750079568,0.9992920756340027,59.78143152505661,0
447,0.911149393944514,0.2975632832163858,0.9991931915283203,0.9807925110771551,0.3131377342201417,0.9946106672286987,0.9116820693016059,0.5086536861601334,0.99969083070755,0.954558451970419,0.5150563149225149,0.9992702007293701,59.78143152505661,0
448,0.9112705815406081,0.29755146588598,0.9992119669914246,0.9808039523306356,0.3133339413574766,0.9947963356971741,0.911731597923098,0.5092144409815474,0.9996875524520874,0.9545578757921862,0.5156515098753434,0.9992683529853821,59.78143152505661,0
449,0.9113201300303149,0.29743003135635765,0.9991967082023621,0.9807984573500506,0.3134098535492309,0.9948224425315857,0.9117479920387275,0.5095747624124803,0.999674916267395,0.9545565275918878,0.5158865593728569,0.9992448091506958,59.78143152505661,0
450,0.9113093642961418,0.2971683343251549,0.9991580843925476,0.980781677223388,0.31344444694973195,0.9948779344558716,0.9117608439354677,0.5095386192912151,0.9996400475502014,0.9545660501434697,0.5156571836698627,0.9992004632949829,59.78143152505661,0
451,0.9112997849782316,0.2968295642307829,0.9991226196289062,0.9807615308534539,0.31347412012872267,0.9948104023933411,0.9117987666811269,0.5092021312032431,0.9996152520179749,0.9545848114149919,0.5151222518512185,0.9991688132286072,59.78143152505661,0
452,0.9112121860186266,0.2965314090251925,0.9991205930709839,0.980746064867293,0.31359328968184363,0.9948350191116333,0.9118294801030847,0.5088794117882143,0.9996157884597778,0.954593445573535,0.5146342175347469,0.9991675019264221,59.78143152505661,0
453,0.9110434594608496,0.29634310234160677,0.9991199970245361,0.9807260632514962,0.31374603793734623,0.9948819279670715,0.9118244704746072,0.5085982055891132,0.9996151924133301,0.9545903404553739,0.5142791753723512,0.9991648197174072,59.78143152505661,0
454,0.9108135217712047,0.29628575273922536,0.9991176724433899,0.9807113948322486,0.313818537053608,0.9949110150337219,0.9117809874670854,0.5084447009222852,0.9996172785758972,0.954567267781213,0.5140623279980254,0.9991708397865295,59.78143152505661,0
455,0.9104709682010476,0.29631437006450856,0.9991171360015869,0.9806939732460755,0.31374462587492835,0.9949138760566711,0.9117000784192775,0.5084211315427511,0.9996188879013062,0.9545319420950761,0.5139737157594595,0.9991713166236877,59.78143152505661,0
456,0.9101063126609447,0.29636417967932593,0.9990895390510559,0.9807122576804396,0.3136933346589409,0.9948540925979614,0.9116268981070753,0.5084571043650313,0.999602198600769,0.9545019836652854,0.5139553291457044,0.9991295337677002,59.78143152505661,0
457,0.9097811239106322,0.2964629545098262,0.9990634918212891,0.9806578670229239,0.3136214429423925,0.9947963356971741,0.9115639612788253,0.5085189228966126,0.9995892643928528,0.9544800207728439,0.513953580742791,0.9990946650505066,59.78143152505661,0
458,0.9095327400025875,0.29658427834510825,0.9990359544754028,0.9805147420792362,0.31353375883329504,0.9947916865348816,0.9115084239414768,0.5085982368105938,0.9995741844177246,0.9544356323423847,0.513966023921967,0.9990647435188293,59.78143152505661,0
459,0.9093830840928221,0.2967335198606766,0.9990078806877136,0.9802798117910121,0.31349764977182687,0.9948208332061768,0.9114490719068625,0.5086832642555241,0.999573290348053,0.9543553619157708,0.5140065210206173,0.9990659356117249,59.78143152505661,0
460,0.9093487858772286,0.2968674514974869,0.9989615082740784,0.9799353508722223,0.3134800507908778,0.9948610067367554,0.9113792464846664,0.508776187896729,0.9995585680007935,0.9541909382456832,0.5140763833409268,0.999056875705719,59.78143152505661,0
461,0.9093347106661123,0.2970046840962912,0.9989106059074402,0.9794114203680137,0.31348368951252553,0.9948727488517761,0.9113515956061234,0.5088110140391762,0.9995347857475281,0.9539947311083483,0.5140941852614997,0.9990328550338745,59.78143152505661,0
462,0.9093225172587811,0.2970685447965352,0.9988741278648376,0.9788612581434711,0.3134951889514926,0.9949730038642883,0.9113757468405232,0.5087556157793321,0.9995217323303223,0.953825147379013,0.5140398428553631,0.9990260004997253,59.78143152505661,0
463,0.9093098612058739,0.297063116516386,0.9988675713539124,0.9783172068141763,0.3134642498833795,0.9949445128440857,0.9114081604140152,0.5087295884177803,0.9995236992835999,0.9535707263719475,0.513948704515185,0.9990286827087402,59.78143152505661,0
464,0.9093160004842856,0.2969869630677362,0.9988743662834167,0.9779144014631007,0.3134027634348191,0.9949507713317871,0.9114376874197104,0.5087407458396189,0.9995261430740356,0.9532546514556528,0.5138570524397355,0.9990347027778625,59.78143152505661,0
465,0.90929096653348,0.29694037919952776,0.9988908767700195,0.9777227157638193,0.31335683947517784,0.9949796199798584,0.9114281733830777,0.5088912873041066,0.9995297193527222,0.9529254067511794,0.5138134927976703,0.9990469813346863,59.78143152505661,0
466,0.9092654387156176,0.2969358563423159,0.99888676404953,0.9776964982350675,0.313349471205757,0.9949579834938049,0.9113734392892754,0.5091133713722233,0.9995255470275879,0.952622470401583,0.5138170690763568,0.9990536570549011,59.78143152505661,0
467,0.9092411654336119,0.29698295394579594,0.9988611936569214,0.9776863796370379,0.3133607889924733,0.9949218034744263,0.9113168858346493,0.5094203267778673,0.9995021224021912,0.9524302851586122,0.5138286976587209,0.9990281462669373,59.78143152505661,0
468,0.9092227220535285,0.2970488695871265,0.998809814453125,0.9776940516063153,0.31333905742281987,0.9948577880859375,0.9112374839328591,0.5098804348991035,0.9994715452194214,0.9522639711697904,0.5138952902385171,0.9989839792251587,59.78143152505661,0
469,0.9091836384364544,0.29711878299713157,0.9987785220146179,0.9777107011704226,0.3133184271199365,0.9948816299438477,0.9111196881248846,0.5104521144004099,0.9994502067565918,0.9520351290702828,0.5140368455932258,0.9989550709724426,59.78143152505661,0
470,0.9091376435189027,0.2971598931721281,0.9987664818763733,0.9777501111938848,0.31356898801667377,0.9949238896369934,0.9109913053966712,0.5109411194210964,0.9994432926177979,0.9518229904628943,0.514200057302203,0.9989356994628906,59.78143152505661,0
471,0.9090885264532915,0.29717338369006224,0.9987713098526001,0.9778025973410842,0.31399491145497305,0.9949548244476318,0.9108707535834548,0.5113092235156472,0.999444842338562,0.951650872116998,0.5143594372840159,0.9989277720451355,59.78143152505661,0
472,0.9090696261042648,0.29717099808511305,0.9987937211990356,0.9778426658539553,0.3144807375612716,0.9949885606765747,0.9107932278088169,0.5114221658025473,0.9994550943374634,0.9515796474048077,0.5144462273234417,0.9989398121833801,59.78143152505661,0
473,0.9090759952863066,0.29714972774187753,0.9988191723823547,0.9778291923659197,0.3148755260876249,0.9950145483016968,0.9107697833152052,0.5113992094993596,0.9994732737541199,0.9516000520615359,0.5144840393747606,0.9989635348320007,59.78143152505661,0
474,0.9091227111362283,0.297111199015663,0.9988507628440857,0.9777614133698608,0.3150546309493839,0.9950391054153442,0.9107448600587398,0.5113940607933776,0.9994908571243286,0.951576403209142,0.5145191976002288,0.9989832639694214,59.78143152505661,0
475,0.9091394231432968,0.29704939183734735,0.9988715052604675,0.9776905292556407,0.31502623075530667,0.9950197339057922,0.9106358403251292,0.5113971886180699,0.9995031356811523,0.9515089704876861,0.5145519290651599,0.9989938735961914,59.78143152505661,0
476,0.9090824240729929,0.29697314614341397,0.9988863468170166,0.9776408360117965,0.31505451741672724,0.9950140118598938,0.9104475861503972,0.5113860397111807,0.9995129704475403,0.9514095329103023,0.5145599387940911,0.9989985227584839,59.78143152505661,0
477,0.9088743045216523,0.2969083388646446,0.9988834857940674,0.9775303034555352,0.315016723814465,0.9949938654899597,0.9102297226587939,0.5113774424507509,0.9995056390762329,0.9512923899151038,0.514559870674497,0.9989835619926453,59.78143152505661,0
478,0.9085337718327848,0.2968904134773075,0.9988573789596558,0.9773121362640752,0.3149561683336896,0.9949404001235962,0.9100211007254471,0.511406969456446,0.9994887709617615,0.9511714123544247,0.5145604156312492,0.9989598393440247,59.78143152505661,0
479,0.9080923483485275,0.296924751429331,0.9987945556640625,0.976860287643615,0.3148196453139898,0.9948689341545105,0.909808053856805,0.5114692875317168,0.9994713664054871,0.9510748840513691,0.5145776498885386,0.9989446997642517,59.78143152505661,0
480,0.9076747695604969,0.2969857425916765,0.9987159967422485,0.9763051498503921,0.3146185931705296,0.9948830604553223,0.9095959180877331,0.5115148084504268,0.9994579553604126,0.9510080076399311,0.5145573019981389,0.9989460706710815,59.78143152505661,0
481,0.9073790737560824,0.2970399175371445,0.9986615180969238,0.9758435289065052,0.3144160324618932,0.9948472380638123,0.9093441792896823,0.5115916274842767,0.999447226524353,0.9509223529270725,0.5145734775634043,0.9989414215087891,59.78143152505661,0
482,0.9072297783125022,0.2970710652215143,0.9986072182655334,0.9755205057916195,0.31421266709055246,0.9948273301124573,0.9090731257484079,0.5115141896974477,0.9994233250617981,0.9508219985734857,0.5144483929588686,0.9989243149757385,59.78143152505661,0
483,0.9071752911522282,0.2970723183382128,0.9985818266868591,0.9753608703613289,0.3139062041328069,0.9948393702507019,0.9088435939380108,0.5112860798835759,0.9994087815284729,0.9507177500497734,0.5142047802607222,0.9989116191864014,59.78143152505661,0
484,0.9071816205978401,0.2970585241204219,0.9985746145248413,0.9753017198471804,0.3135402869610562,0.9949418902397156,0.9086599066143952,0.5109731015704931,0.9993975758552551,0.9505859272820618,0.5138207560493836,0.9989141225814819,59.78143152505661,0
485,0.907191211269016,0.2970597843329114,0.998534619808197,0.9751368732679466,0.3130714112804052,0.9948992133140564,0.9084792818341945,0.5106688340504968,0.9993808269500732,0.9504658012163079,0.5133748111270726,0.9988973140716553,59.78143152505661,0
486,0.90719055845624,0.297075627815156,0.9984954595565796,0.9749209256399254,0.3126032167956945,0.9948498010635376,0.908331527596429,0.5104404858180459,0.9993585348129272,0.950369616349539,0.5129643366450359,0.9988844394683838,59.78143152505661,0
487,0.90718922728584,0.2970947098164334,0.9984374642372131,0.9747477542786379,0.31228866605531624,0.9947490692138672,0.9081924955050158,0.5104175295148581,0.9993321299552917,0.9502568443616239,0.5127890393847515,0.9988644123077393,59.78143152505661,0
488,0.9071784870965147,0.29709479070845124,0.9983806014060974,0.9745192896752138,0.3121391818636942,0.9946880340576172,0.9080280150686,0.510315875212352,0.9992951154708862,0.9501105206353331,0.5126322138877146,0.998822808265686,59.78143152505661,0
489,0.9071636625698642,0.29707028468449936,0.9983570575714111,0.9743199234917058,0.31208305273737247,0.9947001338005066,0.9078399283545365,0.5101754835673745,0.9992699027061462,0.9499231747218548,0.5125485176131843,0.9987972378730774,59.78143152505661,0
490,0.9071453752971839,0.29702393923487,0.9983270168304443,0.9741423470633378,0.3120377375966029,0.9947212338447571,0.9076517366227657,0.5099601632072817,0.9992316365242004,0.9497030547686993,0.5124275088310246,0.9987685680389404,59.78143152505661,0
491,0.907120347023011,0.2969923643838794,0.9982256889343262,0.9739715173130952,0.3119473386378518,0.9947028756141663,0.90748132126672,0.5097612596693497,0.9991563558578491,0.9494998114449645,0.5123038604145962,0.9986883401870728,59.78143152505661,0
492,0.907083627723513,0.2969737535431274,0.9981463551521301,0.9738570650418608,0.31186312720889164,0.9946525692939758,0.9073615074157723,0.5096314464296617,0.999061107635498,0.9493379621278679,0.5122262920652121,0.9985843896865845,59.78143152505661,0
493,0.9070272303762897,0.2969531785874142,0.9981027841567993,0.9738118449846911,0.3118344545364382,0.9946187138557434,0.907257102784657,0.5096150863738291,0.998999834060669,0.9491877584230339,0.5122341598783224,0.9985157251358032,59.78143152505661,0
494,0.9068727039155514,0.2969273357164295,0.9981079697608948,0.9737172949881788,0.3117842901320687,0.994584858417511,0.9070673102424265,0.509580561092922,0.998979926109314,0.9490413268407194,0.5122191905975346,0.9984812140464783,59.78143152505661,0
495,0.9066473841667182,0.29689375559488956,0.9981323480606079,0.9735925282750818,0.31164814886592707,0.9946857690811157,0.9067772740409495,0.5095954338709517,0.9989821314811707,0.9488883075259988,0.5122425556182866,0.9984889626502991,59.78143152505661,0
496,0.9064134955406197,0.29686623669806,0.9981455206871033,0.9734685789971133,0.31145118957474144,0.9946234822273254,0.9064748854864219,0.5096520781517033,0.9989545345306396,0.9487538110642214,0.5122912440981188,0.9984109401702881,59.78143152505661,0
497,0.9062335916927889,0.2968419804459529,0.9982003569602966,0.9733775712194905,0.3112713907446183,0.9946167469024658,0.906209988253458,0.5097582936286931,0.9989571571350098,0.948648237046742,0.5123919560795742,0.9983776807785034,59.78143152505661,0
498,0.9061536419959303,0.29682014102027554,0.9982192516326904,0.9733312073208045,0.31114278378940785,0.9945478439331055,0.906042851152875,0.5098502635955815,0.9989439845085144,0.9485894555137279,0.5124358449663439,0.998330295085907,59.78143152505661,0
499,0.9061599941480734,0.29679679019110566,0.998248279094696,0.9733078082402555,0.311094681421916,0.994499921798706,0.9060099408740097,0.5099016626675927,0.9989452362060547,0.9485741910480325,0.5123685598373418,0.9983105659484863,59.78143152505661,0
500,0.9061647710346048,0.2967802640937626,0.998228907585144,0.9732919079916825,0.3110731442769371,0.9944058656692505,0.9060374838965288,0.5098786382448109,0.9989250898361206,0.9485970820699426,0.5122079168047228,0.9982567429542542,59.78143152505661,0
501,0.9061747250102823,0.29676243946665837,0.9982367753982544,0.9732683528037307,0.3110175232092542,0.9943671822547913,0.9060956012635011,0.509782487437839,0.99892657995224,0.948628158796402,0.5119826594988509,0.9982239603996277,59.78143152505661,0
502,0.9061426946095066,0.2967640700794404,0.9982638359069824,0.9732425666990742,0.3109777016299114,0.9943836331367493,0.906177154609136,0.5097876077606569,0.998927652835846,0.9486577964964376,0.5118532720066256,0.9981953501701355,59.78143152505661,0
503,0.9060521920522062,0.29677389349256267,0.9982732534408569,0.9732134682791582,0.3109682046231772,0.9943902492523193,0.9062262291000011,0.5098845873560228,0.998927891254425,0.9486669245220374,0.5118604643004285,0.9981772303581238,59.78143152505661,0
504,0.9059390595981061,0.2967902932848252,0.9982287287712097,0.9731810092926034,0.310963285820825,0.9943729639053345,0.9062515894571948,0.5100159815379556,0.9989056587219238,0.9486671998387299,0.5119091925166906,0.9981358051300049,59.78143152505661,0
505,0.905814800943648,0.29680804979233544,0.9982470273971558,0.9731553083374396,0.3109579682350161,0.9944522976875305,0.9062776083037974,0.5101447502772017,0.9989047050476074,0.9486689510799597,0.5119609151567736,0.9981314539909363,59.78143152505661,0
506,0.9057217836380012,0.2968240706693561,0.9982414841651917,0.9731572128477559,0.31099338474727833,0.9944891333580017,0.906337275391534,0.510213931401571,0.9988992214202881,0.9486743126596731,0.5119895225479494,0.9981247782707214,59.78143152505661,0
507,0.9056859016418465,0.29683867664564245,0.9982492327690125,0.9731412388029561,0.31102748144240633,0.9945350289344788,0.9064073222024107,0.5101807458060132,0.9989050030708313,0.9486795294852491,0.5119423156692873,0.9981362819671631,59.78143152505661,0
508,0.9056550832021811,0.29687004288037644,0.998211145401001,0.9731051694779177,0.31110068588029793,0.9944762587547302,0.9064739885784339,0.5101955930391951,0.998892068862915,0.9486806052071715,0.5119319870358425,0.9981176257133484,59.78143152505661,0
509,0.9056136324292146,0.2969110806783043,0.998182475566864,0.9730667755717332,0.311229202009383,0.9944901466369629,0.9065128309386125,0.5102400013378693,0.998888373374939,0.948670725027721,0.51196715377626,0.9981333613395691,59.78143152505661,0
510,0.9055861717178716,0.2969498847212113,0.998184084892273,0.9730383753776558,0.31135507566588294,0.9945051670074463,0.9065380181585047,0.5102996116592775,0.9988991022109985,0.9486556904656553,0.5120345070248563,0.9981509447097778,59.78143152505661,0
511,0.905566578819639,0.2969766841048288,0.9981650114059448,0.9730316684359603,0.3114624051820667,0.9944847822189331,0.9065425623030897,0.5103557053066439,0.9988932013511658,0.9486371562594466,0.5121173773493091,0.9981449842453003,59.78143152505661,0
512,0.90555112702506,0.29699106443496004,0.9981757402420044,0.9730498875890468,0.3116080718381067,0.9945241212844849,0.9065458661034,0.5104047372227627,0.9988991022109985,0.9486157667069216,0.5122201953615465,0.9981610774993896,59.78143152505661,0
513,0.9055348748252512,0.2969996659528644,0.9981942772865295,0.9730673460733331,0.31171211316472036,0.9945620894432068,0.9065237385886064,0.5104359757332579,0.9989176392555237,0.948599733057477,0.5123078141893663,0.9981912970542908,59.78143152505661,0
514,0.90553028810592,0.29700035850207035,0.9982126951217651,0.9730796700432195,0.3117636896315078,0.9946065545082092,0.906484144074577,0.5104454102970308,0.9989277124404907,0.9485612965765461,0.51235614504133,0.9982062578201294,59.78143152505661,0
515,0.9055235471044276,0.29700216792878675,0.9982255101203918,0.9730921387672433,0.31188558396838983,0.9946890473365784,0.9063842381749843,0.5104446240833832,0.9989322423934937,0.9484872307096216,0.5123885330699743,0.9982233643531799,59.78143152505661,0
516,0.9055196614492516,0.2970445539270131,0.9982660412788391,0.9731075110889624,0.31209901259059025,0.9948586821556091,0.9062750027293258,0.5105173644565405,0.9989449977874756,0.9484038863863272,0.5125027015095669,0.9982536435127258,59.78143152505661,0
517,0.9055081747827083,0.29710984513873173,0.998286783695221,0.973137889589583,0.31246978612173193,0.9949038624763489,0.9061651542073211,0.5106248770441333,0.9989434480667114,0.948321910131546,0.5126686578705202,0.9982505440711975,59.78143152505661,0
518,0.9054910171599623,0.2971836413655965,0.9983094930648804,0.9731737715857378,0.31297469990594073,0.994983434677124,0.906063582215991,0.5108025357836773,0.998954176902771,0.9482488688968485,0.5129134257634484,0.9982818365097046,59.78143152505661,0
519,0.9054389368920106,0.2972478355680196,0.9983569979667664,0.9732139252481014,0.313471310195469,0.9951041340827942,0.9059765736262011,0.5109753268105648,0.9989779591560364,0.9482062884739475,0.5131433038484486,0.9983189105987549,59.78143152505661,0
520,0.9053883155186979,0.29727560139837744,0.9983912706375122,0.9732482007571637,0.31384177860759577,0.9952118396759033,0.90592228230976,0.5110979562713991,0.9989966154098511,0.9481756147884195,0.5133182321275989,0.9983590245246887,59.78143152505661,0
521,0.9053168381963466,0.2972738984085267,0.9984393119812012,0.9732748355184291,0.314095640466327,0.995364248752594,0.9058671536899755,0.5111525910241268,0.9990218877792358,0.9481519999958228,0.5134153422855199,0.9984150528907776,59.78143152505661,0
522,0.9052509012676428,0.29726494919686114,0.998478889465332,0.9732910337902259,0.31423416591825964,0.995474100112915,0.9058493177096056,0.5112049352555053,0.9990475177764893,0.9481507937113451,0.5135088222367428,0.9984692335128784,59.78143152505661,0
523,0.9051839964730407,0.29723865503356595,0.998509407043457,0.973312613509951,0.31431995687030634,0.995539128780365,0.9058357874552416,0.5112074755486992,0.9990707635879517,0.9481541117032376,0.5135576015427004,0.9985132217407227,59.78143152505661,0
524,0.9051537939480381,0.2972055389767604,0.998542308807373,0.9733276196888523,0.31434855574653287,0.9956309795379639,0.9058355064619164,0.5112197711354214,0.9990949034690857,0.9481528145926348,0.5135854652949746,0.9985623955726624,59.78143152505661,0
525,0.9051200861022595,0.29717603183928015,0.9985803961753845,0.9733362226259149,0.31432744718733313,0.9957278966903687,0.9058355007852834,0.5112161466053557,0.9991133809089661,0.9481553208260317,0.5135784830365866,0.9985963702201843,59.78143152505661,0
526,0.9050812692869284,0.29715805536224754,0.9985677599906921,0.9733422568866192,0.31428734745298137,0.9957367181777954,0.9057942770776302,0.5112232594262991,0.999118983745575,0.9481365226563961,0.5135798085303538,0.9986104965209961,59.78143152505661,0
527,0.905027003515335,0.2971574990522296,0.9985476136207581,0.9733456231298908,0.3142346328213104,0.9957499504089355,0.9057290298598161,0.5112438315436958,0.9991173148155212,0.9481024600210652,0.5135879913965865,0.9986202716827393,59.78143152505661,0
528,0.9049782554308581,0.29712337681225387,0.9985492825508118,0.9733377751849954,0.3141816144897827,0.9958045482635498,0.9056444395156141,0.5112201230866573,0.9991164207458496,0.9480613611993343,0.5135832684380672,0.9986312389373779,59.78143152505661,0
529,0.9049335491089601,0.29704238687242807,0.9985546469688416,0.9733424782752998,0.31415188738278005,0.9958805441856384,0.9055495489211316,0.5111564255896073,0.9991231560707092,0.9480031132698067,0.5135730618522285,0.9986526370048523,59.78143152505661,0
530,0.9049152220998499,0.29693557960646516,0.9985780119895935,0.9733743099939264,0.31414949893951444,0.9959398508071899,0.9054847075825654,0.5110801742190411,0.999133825302124,0.9479466761861537,0.5135686596234643,0.9986728429794312,59.78143152505661,0
531,0.9049125228609365,0.2968372631640664,0.9986054301261902,0.9734443993795494,0.31415133107276216,0.9959880113601685,0.9054499921344583,0.511007870946612,0.9991421103477478,0.9479130733580824,0.5135690626643957,0.9986979961395264,59.78143152505661,0
532,0.9049101840882081,0.2967771036284313,0.9986225366592407,0.9735323389371244,0.3141485282352995,0.9960542917251587,0.9054093815031513,0.5109632327443082,0.9991459250450134,0.9478862938426798,0.5135726644879299,0.9987302422523499,59.78143152505661,0
533,0.9049087393851514,0.2967767559346701,0.9986262917518616,0.9736125156992965,0.314146955808004,0.9960925579071045,0.9053877450170978,0.5109643992923559,0.9991384148597717,0.9478769188835515,0.5135896688415895,0.9987441897392273,59.78143152505661,0
534,0.904906698635647,0.2967851204531536,0.9986215233802795,0.9736666650999167,0.3141529574280696,0.9961078763008118,0.9053400613012775,0.510946026870183,0.9991307854652405,0.9478767627761485,0.5135998300143655,0.9987560510635376,59.78143152505661,0
535,0.9049099854060589,0.29678325709842523,0.9986128211021423,0.9737315773963935,0.31419876785505413,0.9961053729057312,0.9052675394784844,0.5109176408676879,0.9991222620010376,0.9478693093572351,0.5136170046670101,0.9987640976905823,59.78143152505661,0
536,0.9049030882971635,0.2967850097588133,0.9986295700073242,0.9738058249155689,0.3142746261187965,0.996119499206543,0.9051973110153568,0.510909531797682,0.9991288185119629,0.9478606212706802,0.5136669732275467,0.9987759590148926,59.78143152505661,0
537,0.9048701666650325,0.29681775257700993,0.9986522197723389,0.9738833592051559,0.31436232867695063,0.9961365461349487,0.9051359863508323,0.5109434212957114,0.9991393089294434,0.9478538036346443,0.5137484726451697,0.9987885355949402,59.78143152505661,0
538,0.9047869670958755,0.2968980400335223,0.9986623525619507,0.9739448059172866,0.3144586554595405,0.9961047172546387,0.9050950947262,0.5110538232894175,0.999138355255127,0.9478518168131518,0.5138427530016222,0.9987803101539612,59.78143152505661,0
539,0.9046677833511724,0.29700691359383746,0.9986759424209595,0.9739707027162832,0.31452544672148597,0.9960501194000244,0.9050937777473821,0.5111988442284725,0.9991377592086792,0.9478608483359935,0.513930323578063,0.9987637400627136,59.78143152505661,0
540,0.9045398320470546,0.2971137520812809,0.9986858367919922,0.9739658832550058,0.31454697535151555,0.996010422706604,0.9050995281764447,0.5113147043046502,0.9991316199302673,0.9478730672881724,0.5139819128172742,0.9987456798553467,59.78143152505661,0
541,0.9044458837736228,0.29719208535693964,0.9986885190010071,0.9739682163511012,0.3145596072787333,0.9959781169891357,0.9051062379564565,0.5113665404773897,0.9991340637207031,0.9478856467065364,0.5139954544249039,0.9987487196922302,59.78143152505661,0
542,0.9043985803922024,0.2972375296411063,0.9987097382545471,0.9739743215697161,0.3145723130021779,0.9959502816200256,0.9051147614206594,0.5113583916709541,0.999142050743103,0.9478950614020945,0.5139877824556264,0.9987512230873108,59.78143152505661,0
543,0.9043872895694922,0.2972913881142937,0.9987199306488037,0.9739796774727965,0.31458779885655386,0.9959423542022705,0.9051232054120026,0.511330244087038,0.9991443753242493,0.9479055319513601,0.5139724101339072,0.9987481832504272,59.78143152505661,0
544,0.904373648620788,0.2973659364950092,0.9987103939056396,0.9739879341352562,0.314617101635252,0.995913028717041,0.9051105834188924,0.5113662708373301,0.9991418719291687,0.9479135956083032,0.5140001944133218,0.9987403154373169,59.78143152505661,0
545,0.9043499742235465,0.2974456293242321,0.998714804649353,0.9739818686530712,0.3146131606329058,0.9958868622779846,0.9050743920462481,0.5114612834794185,0.9991446137428284,0.9479176941372107,0.5140761562756133,0.9987369179725647,59.78143152505661,0
546,0.9043208843185795,0.2975308043616161,0.998729407787323,0.973995540823256,0.31472682669049246,0.9959011077880859,0.9050299723943083,0.5116171496255062,0.9991525411605835,0.9479194453784405,0.5142003013974148,0.9987415671348572,59.78143152505661,0
547,0.9042863164629262,0.29759707195418245,0.9987213611602783,0.9740237451735004,0.31491439966928414,0.9959127306938171,0.9049865944044937,0.5117664933204655,0.9991397857666016,0.9479129768553242,0.5143289849871685,0.9987282156944275,59.78143152505661,0
548,0.9042607034955713,0.2976284537996567,0.9986913800239563,0.9740612648782283,0.3151820089135854,0.9958979487419128,0.9049586880774734,0.5118697399184822,0.9991071820259094,0.9479004371733901,0.5144365146046597,0.9986936450004578,59.78143152505661,0
549,0.9042435089747118,0.29763783017794315,0.9986630082130432,0.9741072569574637,0.3154213414305735,0.9959017634391785,0.9049547087578553,0.5118334179832826,0.999090313911438,0.9478835690589186,0.5144883536157158,0.9986790418624878,59.78143152505661,0
550,0.9042268196741747,0.2976305271898,0.9986398220062256,0.9741075805255353,0.3156016071637474,0.9959504008293152,0.9049515241668344,0.5116688694272726,0.9990934729576111,0.9478629713966741,0.514505247275035,0.9986873269081116,59.78143152505661,0
551,0.904192248980205,0.2976258695125582,0.9986289739608765,0.9740614011174163,0.31569182305108956,0.995956301689148,0.9049438380059749,0.5114563419705349,0.9990823268890381,0.947832371507373,0.5145056503159663,0.9986740946769714,59.78143152505661,0
552,0.904158654667083,0.2976358022008626,0.9986017346382141,0.9740247073627661,0.3158514471281145,0.9959503412246704,0.9049425465720049,0.5112950234186086,0.9990651607513428,0.9477984621411286,0.5145160073325752,0.9986616969108582,59.78143152505661,0
553,0.9041167894999194,0.2976614222640085,0.9985866546630859,0.9739775913102293,0.3159918132282441,0.9959538578987122,0.9049291383652468,0.5112142591249379,0.9990373849868774,0.9477471198354457,0.5145258052008497,0.9986301064491272,59.78143152505661,0
554,0.9040893231119436,0.29768330142611577,0.9985907077789307,0.9739206064315078,0.31611237213725163,0.9959884881973267,0.9049107176916948,0.511238881519863,0.9990289211273193,0.9476934614635657,0.514549280915942,0.998627245426178,59.78143152505661,0
555,0.9040811033475974,0.29767149686813377,0.9985960721969604,0.9738793287958425,0.3161447445551557,0.9960178732872009,0.9048967560132352,0.5112619854155045,0.9990191459655762,0.9476493086133693,0.5145424065135779,0.9986225962638855,59.78143152505661,0
556,0.9040882928030839,0.29763394026529244,0.9985756874084473,0.9738267518225179,0.3161399179980871,0.9960343837738037,0.9048721251033609,0.5112676932698208,0.9990134835243225,0.9476157739048919,0.5145162060147244,0.9986223578453064,59.78143152505661,0
557,0.9040907763299495,0.29758994636081537,0.998539924621582,0.9737905320667093,0.3161137146609173,0.995977520942688,0.9048486124901551,0.5112684454236716,0.9990096688270569,0.9475964279401878,0.5145022840726947,0.9986168742179871,59.78143152505661,0
558,0.9040911509877168,0.29755698073478,0.9984835982322693,0.9737861156463631,0.3161209254037769,0.9959495663642883,0.9048355675878986,0.5112935900688176,0.99899822473526,0.9475838627134059,0.5145140857923602,0.9986103773117065,59.78143152505661,0
559,0.9040882275218062,0.2975442012151085,0.9984641671180725,0.9737918007941481,0.3161466845444273,0.9959408044815063,0.9048204649062391,0.5113336188452589,0.9990020394325256,0.9475632366679971,0.5145485826901032,0.9986111521720886,59.78143152505661,0
560,0.9040982836768748,0.2975407285349712,0.9984776377677917,0.9737914885793422,0.316170190061842,0.9959509372711182,0.9048129263378332,0.5113981593222849,0.9990189671516418,0.9475504131544211,0.5146184961001083,0.9986255168914795,59.78143152505661,0
561,0.9041150325820566,0.2975311151572638,0.9984608292579651,0.9737885168620526,0.3161798673016687,0.9959559440612793,0.9048167410350989,0.5114519794782006,0.9990218877792358,0.947550004436857,0.5146728328296121,0.9986332058906555,59.78143152505661,0
562,0.9041433674948564,0.2974890342780524,0.9984270334243774,0.9737855252765482,0.31618643516585965,0.9959390163421631,0.9048195963814153,0.5114988599504748,0.9990119338035583,0.9475525078319376,0.5147272178104949,0.9986301064491272,59.78143152505661,0
563,0.9041707742781874,0.2974364615622024,0.9983887672424316,0.9737785912695394,0.3161753004505523,0.995930016040802,0.9048190202031825,0.511508132730212,0.9990029335021973,0.9475591438157226,0.5147714387802855,0.9986231327056885,59.78143152505661,0
564,0.9041917721430468,0.2974018809341251,0.9983805418014526,0.9737680128642499,0.31617125159218223,0.995934784412384,0.9048098524411525,0.5115089217821761,0.9990062713623047,0.9475583150273286,0.5148082261993776,0.9986217021942139,59.78143152505661,0
565,0.9042070195788435,0.2973806829679582,0.9983312487602234,0.9737595177832112,0.3161736173289165,0.9958533644676208,0.9047962398756126,0.511468404815311,0.9989811182022095,0.9475523119881047,0.5148004350208105,0.9985873699188232,59.78143152505661,0
566,0.9042260618436911,0.29737423005558217,0.9982965588569641,0.9737574231056948,0.3161847250802179,0.9958600997924805,0.9047829423631948,0.5114255774588816,0.9989770650863647,0.9475483951114481,0.5147756508418496,0.9985855221748352,59.78143152505661,0
567,0.904246477853685,0.29738336801528953,0.9982935786247253,0.9737471625918441,0.3162001641023729,0.9958301186561584,0.9047722362336665,0.5113880918139507,0.9989845752716064,0.9475469390551257,0.5147342511585784,0.9985878467559814,59.78143152505661,0
568,0.904269096397219,0.29737491408983896,0.9982693195343018,0.9737409750620531,0.3162157365253996,0.9958117604255676,0.9047701245262516,0.5113615961301898,0.9989838600158691,0.9475483014470063,0.5146904218764536,0.9985865950584412,59.78143152505661,0
569,0.9042975022679292,0.2973621501809077,0.9982536435127258,0.9737287390799757,0.31621793196314885,0.9958481192588806,0.9047708454586219,0.5113223933038261,0.9989853501319885,0.9475505777767734,0.5146561378524421,0.998595118522644,59.78143152505661,0
570,0.9043231010437018,0.29736096660296146,0.9982373118400574,0.9736833373705555,0.31620294281414607,0.9958343505859375,0.9047688245773323,0.5113554823966258,0.9989782571792603,0.9475476997239257,0.5146847707884656,0.9985861778259277,59.78143152505661,0
571,0.9043387344905316,0.2973681461243405,0.9982270002365112,0.9736262503124427,0.3161819704941343,0.9957610964775085,0.9047671584855951,0.5114202641305474,0.9989704489707947,0.9475432350522004,0.5147326248032711,0.998562753200531,59.78143152505661,0
572,0.9043497386432837,0.29739008631025066,0.9981909990310669,0.9735741530145925,0.31616721550623605,0.9956735372543335,0.9047689778464187,0.5115112293334239,0.9989440441131592,0.9475407572019675,0.5148024417105179,0.9985256195068359,59.78143152505661,0
573,0.9043562412261971,0.2974182480857488,0.9981235861778259,0.9735365595136378,0.3161647561050599,0.9955695867538452,0.9047630315735233,0.5116064803940914,0.9989169239997864,0.9475294748942065,0.5149135759898599,0.9984862208366394,59.78143152505661,0
574,0.9043544956616,0.2974465631303336,0.9980475306510925,0.9735278515588677,0.31615778945741224,0.9953982830047607,0.9047490670567475,0.5116620546295534,0.9988784790039062,0.9475165520395559,0.5150143504142766,0.998421847820282,59.78143152505661,0
575,0.9043574191275106,0.2974713842074079,0.9980508089065552,0.9735241816157394,0.31613316564332894,0.995305061340332,0.9047320513498223,0.5116733426139473,0.9988759160041809,0.9474998967988159,0.5151130301611768,0.9983989000320435,59.78143152505661,0
576,0.9043614069620776,0.29748831334568226,0.9980476498603821,0.9735017220179247,0.31609266712552053,0.9951485395431519,0.9047166449683061,0.5117010161990215,0.9988802075386047,0.9474820636567622,0.5152121129490085,0.998389482498169,59.78143152505661,0
577,0.9043684459867939,0.29750285262153287,0.9980407357215881,0.9734593118940089,0.31604438736325247,0.9951247572898865,0.9047050873438525,0.511726850555057,0.9988847970962524,0.947469543843043,0.5152782854579747,0.9983948469161987,59.78143152505661,0
578,0.9043811758359281,0.29750762808890596,0.9980354309082031,0.973413478760493,0.3160172573157722,0.9950922727584839,0.9047083145096195,0.5117382350422092,0.9988846182823181,0.9474670149031147,0.5153098276683267,0.9983986020088196,59.78143152505661,0
579,0.9043996078627458,0.29749751658666723,0.9980448484420776,0.9733811333065949,0.31597680704934283,0.995159387588501,0.904721691494897,0.5116897055080962,0.9988901615142822,0.9474642674128222,0.5152986305100582,0.9984188675880432,59.78143152505661,0
580,0.904415667057038,0.2974817852179212,0.9980746507644653,0.9733135189328883,0.3158995083400184,0.9952269196510315,0.9047379266648072,0.5116222983314882,0.9989169239997864,0.9474662400427326,0.5152251521746322,0.9984561800956726,59.78143152505661,0
581,0.9044211819058381,0.2974694527330855,0.9980883002281189,0.9732193180492954,0.3158006994497211,0.9952152371406555,0.9047543803850817,0.5114770474888033,0.9989238977432251,0.9474661265100759,0.5151140661466693,0.9984583258628845,59.78143152505661,0
582,0.904418017183032,0.2974559976941066,0.998126745223999,0.9731354486374636,0.31570877915337,0.9952306151390076,0.9047565233139772,0.5111708527519594,0.9989426732063293,0.9474647385733476,0.5149114557674956,0.9984753727912903,59.78143152505661,0
583,0.9044236569177544,0.2974589864412946,0.9981920123100281,0.9730692108472196,0.31565671591531685,0.9952163696289062,0.9047863284746813,0.5108015452112474,0.9989804625511169,0.9474634783608581,0.5146985082399281,0.9984948635101318,59.78143152505661,0
584,0.9044313118571334,0.2974854296162017,0.9982786774635315,0.9730310241381335,0.31568234023593744,0.9951554536819458,0.9048442585127702,0.5104586027917412,0.9990170001983643,0.947460801828476,0.5145233670870467,0.998519778251648,59.78143152505661,0
585,0.9044591103281301,0.2975276325430191,0.9983320832252502,0.97298797823134,0.31572042476563256,0.9951453804969788,0.9049938406263087,0.5101768260910402,0.9990469217300415,0.9474691890534909,0.5143688576562068,0.9985471367835999,59.78143152505661,0
586,0.9045164783795683,0.2975806608086543,0.9983919262886047,0.972939312458039,0.3157575087887903,0.9951847195625305,0.905235565844037,0.5100546990122118,0.9990755319595337,0.9474841554959623,0.5142672686349782,0.9985809922218323,59.78143152505661,0
587,0.904576622304463,0.2976477855727788,0.9984368085861206,0.9728038055556169,0.31575437812578133,0.9950899481773376,0.9055156310399382,0.5100009015628274,0.9991075396537781,0.9475002090136218,0.5141348129227052,0.9986062049865723,59.78143152505661,0
588,0.9046234119506116,0.2977034946282707,0.9984947443008423,0.9726503094037382,0.31576983985446777,0.995040237903595,0.9057783058711468,0.5099256436030074,0.999136209487915,0.9475111109869828,0.5139505096844268,0.9986253380775452,59.78143152505661,0
589,0.9046368059657877,0.29775656830696856,0.9985535144805908,0.9725122536931727,0.31579178713616896,0.9949560165405273,0.9059916904994427,0.5098600245657425,0.999146580696106,0.9475166457039977,0.5137683209918799,0.9986104369163513,59.78143152505661,0
590,0.9046448412395666,0.29779890179634116,0.9986228942871094,0.9724027315775562,0.31583058834075955,0.9948781132698059,0.9061516466594886,0.5098180487042385,0.9991687536239624,0.9475168245179321,0.5136300694374816,0.9986160397529602,59.78143152505661,0
591,0.9046552436692382,0.297838574364072,0.9986721873283386,0.972335602555957,0.3159259231317614,0.9947841763496399,0.9062873096693137,0.5097928274245493,0.9991689920425415,0.9475188709440693,0.5135491178149273,0.9986007213592529,59.78143152505661,0
592,0.9046794601849155,0.2978693175883522,0.9987226724624634,0.9723556978361955,0.31605890393257163,0.9946858882904053,0.9063946235747571,0.5097845650854569,0.999175488948822,0.9475005269050606,0.5135345004853753,0.9985910058021545,59.78143152505661,0
593,0.904699072951363,0.29789676836558776,0.9987442493438721,0.9723405241966255,0.31616083213261226,0.9944977760314941,0.906456927458446,0.5097684604781019,0.9991669058799744,0.9474679401942669,0.5135126795087546,0.9985569715499878,59.78143152505661,0
594,0.9047084706170225,0.29792268361364116,0.9987451434135437,0.9723302721977242,0.3164005762054809,0.9943823218345642,0.9064834770702188,0.5098817036265423,0.999142587184906,0.9474324016343987,0.5136208818072369,0.9985126852989197,59.78143152505661,0
595,0.9046881284032557,0.2979377096607574,0.9987625479698181,0.9723131514730915,0.31667710769744173,0.9943222403526306,0.9064499452000581,0.5100475861912686,0.9991281032562256,0.9473941411290857,0.5137716474987216,0.998477041721344,59.78143152505661,0
596,0.9046541906538471,0.29807859091531685,0.9987731575965881,0.9722907316117068,0.31696801668121727,0.994206964969635,0.9064080942244764,0.510206744784401,0.9991111159324646,0.9473675432659339,0.5139327900750301,0.9984298944473267,59.78143152505661,0
597,0.9045745077587317,0.29837706685066245,0.9987894296646118,0.972285747528077,0.3173979407265075,0.994133472442627,0.9063163882210148,0.5104282526742849,0.9991046190261841,0.9473173164186032,0.5141809667859762,0.9984057545661926,59.78143152505661,0
598,0.9044703500611448,0.29875026146570866,0.9987791776657104,0.9722832441329965,0.3179453072093784,0.9940268993377686,0.9061955781210045,0.5106721492040729,0.9991037249565125,0.9472345028604787,0.5144874936058412,0.9984108805656433,59.78143152505661,0
599,0.90435635759717,0.2991471815676918,0.9987866878509521,0.9722696145375578,0.3184561772005901,0.9939724802970886,0.9060780292465581,0.5109383804457532,0.99909508228302,0.9471437647229157,0.5148706180708753,0.9984116554260254,59.78143152505661,0
600,0.9042702260471533,0.2994637588659925,0.9988119006156921,0.972270003386907,0.3189957922413238,0.9939470291137695,0.9059960388001949,0.5113033879370921,0.9991121888160706,0.947074560892015,0.5153414720580696,0.9984449744224548,59.78143152505661,0
601,0.9042226047742943,0.29964346686999027,0.9987961053848267,0.9722811125573666,0.3193944437163219,0.9939811825752258,0.9059255577269062,0.5117224142664959,0.9990875720977783,0.9470116808300933,0.515829512051174,0.9984373450279236,59.78143152505661,0
602,0.9041947438603363,0.29986205838975477,0.9987993240356445,0.9722993941534142,0.31961440898123267,0.9940201640129089,0.9058728530293426,0.5120744024004259,0.9990689754486084,0.9469649365970074,0.5162168769609364,0.9984270334243774,59.78143152505661,0
603,0.9041742199943186,0.3000715318180268,0.9988078474998474,0.9723212548664646,0.31974340194747586,0.9940328598022461,0.9058226971399224,0.5123610354605179,0.9990591406822205,0.9469139604341423,0.5165080939020433,0.9984219074249268,59.78143152505661,0
604,0.9041628525370651,0.3002326488494875,0.9988327026367188,0.9723136680466796,0.3198278787590211,0.9940069317817688,0.9057862418038513,0.5125127179282056,0.9990704655647278,0.946871362981343,0.5166673603511996,0.9984381198883057,59.78143152505661,0
605,0.9041390390623191,0.30039984271639897,0.9988620281219482,0.9722581335476475,0.31983042614800616,0.9939641356468201,0.9057631379082096,0.5125533853258409,0.9990777373313904,0.9468457925887344,0.5167274219649183,0.9984385371208191,59.78143152505661,0
606,0.9041516866002771,0.3005069196224215,0.998893678188324,0.9722290777024776,0.3198597189925968,0.993969738483429,0.9057572909763889,0.5124907294909163,0.999086856842041,0.9468470386096417,0.5166846229916531,0.998433530330658,59.78143152505661,0
607,0.9041834388460439,0.30058112314769225,0.9989060759544373,0.9722508163679222,0.31991019561177236,0.9939711093902588,0.9057380386761265,0.5124468973704751,0.9990922808647156,0.9468516395205551,0.5166547184898744,0.9984312653541565,59.78143152505661,0
608,0.9042205980845867,0.3006624849069689,0.9989262819290161,0.9723008785929006,0.31997877785137746,0.9941329956054688,0.9056885185695838,0.5123897052946549,0.9991098046302795,0.9468512137730924,0.516619321845827,0.9984623789787292,59.78143152505661,0
609,0.904248671872276,0.30073870363689625,0.9989436268806458,0.9723815066473832,0.320098385924385,0.9942156672477722,0.905603420166743,0.5124059347879324,0.999119758605957,0.946841688383194,0.5166094473430092,0.9984790086746216,59.78143152505661,0
610,0.9042621254920966,0.3008011352448239,0.9989701509475708,0.9724579737299972,0.3202431528341205,0.9944010376930237,0.9054998329707562,0.5124731659889226,0.9991491436958313,0.9468271505265017,0.5166273088682269,0.998532772064209,59.78143152505661,0
611,0.9042590402421504,0.3008633497215455,0.9989810585975647,0.9725130654516683,0.3204101125399274,0.9946086406707764,0.9054013888041186,0.5125601405189155,0.9991689920425415,0.9468097289403288,0.516654715651558,0.9985823631286621,59.78143152505661,0
612,0.9042794477371949,0.3009130387079151,0.9990004897117615,0.9725745462235958,0.3205817654019313,0.9948094487190247,0.9053395163445253,0.5126453297478816,0.9991949200630188,0.9467954295022154,0.5166821848778502,0.998633086681366,59.78143152505661,0
613,0.9043064372880125,0.300954729318619,0.9990276098251343,0.9726205837158937,0.32067949715114796,0.9949967265129089,0.9053188193412062,0.5127060839108062,0.9992162585258484,0.9467856089274097,0.516700352941241,0.9986757040023804,59.78143152505661,0
614,0.9043029120990216,0.3010178250925884,0.9990425705909729,0.9726426970391053,0.3207917554037914,0.995173990726471,0.9053233918689554,0.5127079997743884,0.9992319941520691,0.9467854613349559,0.5166903308459695,0.9987133145332336,59.78143152505661,0
615,0.9042442526136133,0.3011399408181511,0.999061107635498,0.9726188040914998,0.3209291994571688,0.9953654408454895,0.9053022123518452,0.512742780503773,0.999249279499054,0.9467788253511709,0.5167056180181961,0.9987572431564331,59.78143152505661,0
616,0.9041583169074292,0.3012645684537436,0.9990720152854919,0.9725154893738891,0.32105161036763896,0.9954947233200073,0.9052441318829862,0.5127576107070564,0.9992594122886658,0.9467464628673743,0.5167274645396646,0.9987862706184387,59.78143152505661,0
617,0.9040261762482786,0.30138782660166447,0.9990805387496948,0.972334231649127,0.3211520427749273,0.9956226944923401,0.9051414643015188,0.5128517008963089,0.9992671608924866,0.9466626473835544,0.5169145237831847,0.9988160729408264,59.78143152505661,0
618,0.9038799518630625,0.30151688059171067,0.9990813136100769,0.9721289646057863,0.3212131446316131,0.9957671761512756,0.9050223344848276,0.5130184207643785,0.9992722272872925,0.9465449537549707,0.5172004813239692,0.9988436698913574,59.78143152505661,0
619,0.9037473826181328,0.3016149217174169,0.9990787506103516,0.9719634794053585,0.32119527459144614,0.995898962020874,0.9049232602119452,0.5132294297218327,0.9992631673812866,0.9464286480631154,0.517492166587285,0.9988542199134827,59.78143152505661,0
620,0.9036257579213104,0.30170329269908747,0.9990899562835693,0.9718379037720823,0.3212430377801262,0.996042788028717,0.9048354852767225,0.5134373051779615,0.9992722868919373,0.9463298405919763,0.517775016171592,0.9988779425621033,59.78143152505661,0
621,0.9034740101723452,0.30177979242234027,0.9990883469581604,0.9717179990950093,0.3211835707936971,0.9961201548576355,0.9047512582370221,0.513621432440622,0.999274492263794,0.9462615194774817,0.5179811801229208,0.9988888502120972,59.78143152505661,0
622,0.9033035607565024,0.30181583194505623,0.9990763068199158,0.9716019942646943,0.32105514549073744,0.9961881041526794,0.904660119896844,0.5137352858270922,0.9992605447769165,0.9462103276025688,0.5180712824776064,0.998889148235321,59.78143152505661,0
623,0.9031131608145586,0.3018393544923694,0.9990769624710083,0.9714826799574361,0.3208861336821604,0.996262788772583,0.9045538476535259,0.5138564138185414,0.9992513060569763,0.9461496387209218,0.518184173674811,0.9988892674446106,59.78143152505661,0
624,0.9029450075966978,0.3018605198178975,0.9990768432617188,0.9714089745566966,0.3207460372220905,0.9962755441665649,0.9044643243153897,0.5139409246898836,0.9992381930351257,0.9460888504982002,0.5182456147103087,0.9988813400268555,59.78143152505661,0
625,0.9028400040808184,0.30186266842342585,0.9990860819816589,0.9714143815494727,0.32067571083704655,0.9962975382804871,0.9044077311243337,0.5139872488521399,0.9992262125015259,0.9460283347538547,0.5182515553065712,0.9988726377487183,59.78143152505661,0
626,0.9028026603517085,0.30186919229371234,0.9991190433502197,0.9714154856545594,0.3207002083460493,0.9963502883911133,0.9043555798984716,0.514053637073154,0.9992363452911377,0.9459548195203153,0.5183450608026419,0.9988884329795837,59.78143152505661,0
627,0.9027809443927954,0.3018949684642612,0.9991514682769775,0.9714114297003981,0.3207037732714701,0.9964290261268616,0.9043214406285974,0.5141630172729497,0.9992546439170837,0.9458945535478145,0.5184674972579597,0.9989140629768372,59.78143152505661,0
628,0.9027767749059776,0.3019512664704098,0.9991707801818848,0.9714025117102131,0.32072785922459224,0.9965304732322693,0.9042995628856485,0.5143206289836343,0.9992671012878418,0.9458565740358269,0.5186019028936117,0.9989344477653503,59.78143152505661,0
629,0.9027905520938699,0.30200915109543597,0.9991703629493713,0.971398958138058,0.3207577466964724,0.9965448975563049,0.9042847440356307,0.5144965535118471,0.9992643594741821,0.9458415990784063,0.5187117088408701,0.9989312291145325,59.78143152505661,0
630,0.9028013604027891,0.3020667575654532,0.999146044254303,0.9713999742553356,0.32077900000980947,0.9965659976005554,0.9042760616257084,0.5146336016200841,0.9992497563362122,0.9458401089622869,0.5187585893131442,0.9989285469055176,59.78143152505661,0
631,0.9028102500098101,0.3021007520811901,0.999150812625885,0.9714114893050428,0.3207710243406753,0.99656742811203,0.9042601358322877,0.5147039833522982,0.9992530345916748,0.9458294227009736,0.5187465009235205,0.9989282488822937,59.78143152505661,0
632,0.902811941646395,0.30212327412196593,0.9991621375083923,0.9714318996384038,0.32074343022846064,0.996557354927063,0.904240928945088,0.5147467567807156,0.9992578029632568,0.9457967763855352,0.5187526203337174,0.998926043510437,59.78143152505661,0
633,0.902803009464628,0.30212947158586434,0.9991593360900879,0.9714395999908455,0.3206908631892434,0.9965659379959106,0.9042244723864972,0.5147537049793066,0.9992591142654419,0.9457504692531775,0.5187408782186966,0.998925507068634,59.78143152505661,0
634,0.902801087924413,0.30214958105768497,0.9991788864135742,0.9714342440877649,0.32067075087910635,0.9966031908988953,0.904215043499357,0.5147829509916764,0.9992791414260864,0.9456999954723184,0.5187540309769771,0.9989484548568726,59.78143152505661,0
635,0.9027982269014638,0.3021683167843594,0.9991843700408936,0.971393028895061,0.3206761053630286,0.9966326355934143,0.9042116318430227,0.5148444913682487,0.9992883801460266,0.9456622572172263,0.5187907190549945,0.9989606738090515,59.78143152505661,0
636,0.9027871063777386,0.30219488910266357,0.9991915225982666,0.9713278753416887,0.32068256679035395,0.9966330528259277,0.9042063383829033,0.5148927682922004,0.9992985129356384,0.9456337264605938,0.5188040194057287,0.9989681243896484,59.78143152505661,0
637,0.9027758638064074,0.3022200607118155,0.9991826415061951,0.971255824679421,0.3206695403371541,0.9966487288475037,0.9041961147671661,0.5149269586517702,0.9992974996566772,0.9456171251478658,0.5187978999955317,0.9989694952964783,59.78143152505661,0
638,0.9027899248259416,0.30223269973482425,0.9991964101791382,0.9712118761880064,0.3206520151524319,0.9966816902160645,0.9041922745250528,0.5149342077119013,0.9993051290512085,0.9456051758357464,0.5187751707576573,0.9989796280860901,59.78143152505661,0
639,0.9028137042408905,0.30222745168776766,0.9991803169250488,0.9711906909942636,0.320600075381143,0.9966869354248047,0.9041930749302826,0.5149146261669344,0.9992944002151489,0.9455966097967973,0.5187360587574191,0.9989722967147827,59.78143152505661,0
640,0.902847764037905,0.30222554859660944,0.9991467595100403,0.9712345004081734,0.32060933964593097,0.9966307282447815,0.9041945593697692,0.514910805793036,0.9992648959159851,0.9455874164899198,0.518730515525455,0.9989349246025085,59.78143152505661,0
641,0.9028904069037672,0.3022210995356244,0.9991162419319153,0.9713002414930443,0.32066173922447955,0.9965916872024536,0.9042034205936258,0.5149081462905525,0.9992461204528809,0.9455819101560691,0.5187530262129652,0.9989080429077148,59.78143152505661,0
642,0.902923212164925,0.30221039908272906,0.9991047382354736,0.9713575045267748,0.32069202547981646,0.9965838193893433,0.904215764431727,0.51488908415749,0.9992353916168213,0.9455754671778005,0.5187577207883204,0.998893141746521,59.78143152505661,0
643,0.9029598377999813,0.30219768342517694,0.9990984201431274,0.9713861289478491,0.32069551377069405,0.9966076016426086,0.9042290647824613,0.5148625317074007,0.9992328882217407,0.9455744226773587,0.5187521009218129,0.9988927245140076,59.78143152505661,0
644,0.9030031930832644,0.30218472225325477,0.9990841746330261,0.9713862878935685,0.3206743030321033,0.9966360330581665,0.9042462252435237,0.5148494811285114,0.9992271065711975,0.9455714623133349,0.5187316735585534,0.9988917708396912,59.78143152505661,0
645,0.9030283689498909,0.3021856049696607,0.9990607500076294,0.9713688776606613,0.32063118474824115,0.9966329336166382,0.9042456519036074,0.5148706748372037,0.9992172718048096,0.9455623513176336,0.5187063529377895,0.998883843421936,59.78143152505661,0
646,0.9030369037673595,0.30220393623624553,0.9990502595901489,0.9713627979868943,0.3206668396790825,0.9966328740119934,0.9042102808044077,0.5149247532799135,0.9992073178291321,0.9455253538631265,0.5187401345797952,0.998873770236969,59.78143152505661,0
647,0.9030456997099384,0.3022279356207169,0.9990386366844177,0.9713599596704763,0.32079442058290775,0.9966457486152649,0.9041618108749397,0.5149857316698351,0.9991970658302307,0.9454645173890257,0.518831210477012,0.9988661408424377,59.78143152505661,0
648,0.9030482513563981,0.3022483147325973,0.9990333914756775,0.9713365066619154,0.3209506542909716,0.9966117739677429,0.9041111497651971,0.5150378743807479,0.9991980791091919,0.9453904061090387,0.5189415188062763,0.9988510608673096,59.78143152505661,0
649,0.903077043238141,0.302270122936794,0.9990165829658508,0.9713232375326619,0.3211498260498049,0.9964898228645325,0.9040887384187616,0.5150503856795179,0.9991955161094666,0.9453282242729557,0.5190317829449975,0.9988220930099487,59.78143152505661,0
650,0.9031183634485525,0.30225974747112844,0.9990115761756897,0.9713647507485896,0.3213272917838326,0.9963613748550415,0.9041014427230478,0.5149968181337633,0.9991828203201294,0.9452878577368609,0.519070338635218,0.9987838268280029,59.78143152505661,0
651,0.903169166474116,0.30220134911083063,0.9990013241767883,0.971463376567478,0.32145890877360417,0.9961639642715454,0.9041293547267013,0.5148646973428277,0.9991718530654907,0.9452737967173266,0.5190569815181555,0.9987330436706543,59.78143152505661,0
652,0.9032200007211602,0.3020962788945155,0.9990131855010986,0.9716192824499955,0.3215708519731252,0.9960165619850159,0.904148113159907,0.5146974892843341,0.9991698265075684,0.9452694171950938,0.5190436868440542,0.9986830949783325,59.78143152505661,0
653,0.9032639775957387,0.30196706028211706,0.9990310668945312,0.9717970462072472,0.3216498011634466,0.9958756566047668,0.9041534491947727,0.5145292338870825,0.9991804361343384,0.9452710435504013,0.5190335795992901,0.998654842376709,59.78143152505661,0
654,0.903279642264049,0.3018435566198261,0.9990482330322266,0.9719298623857052,0.3216887925352372,0.9957922101020813,0.9041118196078717,0.5144237932704748,0.999195396900177,0.9452654350371595,0.5190490427471346,0.9986412525177002,59.78143152505661,0
655,0.9033174713452665,0.3017704231398448,0.9990686774253845,0.9720206232297997,0.3217378017448246,0.9957456588745117,0.9040590184075499,0.5143851978438245,0.9992079138755798,0.9452578624089567,0.5190533796946213,0.9986305832862854,59.78143152505661,0
656,0.9033635883104241,0.301694703953607,0.9990772008895874,0.9720850161143719,0.32177102281933767,0.9956472516059875,0.9040121691567564,0.5142655457769125,0.9992140531539917,0.9452597158295775,0.5189703106880192,0.9986134767532349,59.78143152505661,0
657,0.903403960523152,0.3016056631292618,0.9991100430488586,0.972114733287267,0.32177958318165395,0.9956380128860474,0.9039800876662852,0.513926120031448,0.9992398619651794,0.9452785083225802,0.5187230365616939,0.9986379742622375,59.78143152505661,0
658,0.9034292924971815,0.30148839240982445,0.9991485476493835,0.9721124285743358,0.3217570242427647,0.9956623911857605,0.9039708602996107,0.5133926130476456,0.999263346195221,0.9453051374072128,0.518280801318941,0.9986559152603149,59.78143152505661,0
659,0.9034188673609787,0.30137960116068546,0.999168872833252,0.9720918621335719,0.3217027556328549,0.9957355260848999,0.903972750618345,0.5128331496602017,0.999271035194397,0.9453356805301856,0.5177978192056932,0.9986647367477417,59.78143152505661,0
660,0.9033735962141135,0.30130316388039385,0.9991837739944458,0.9720467754772739,0.3216564584346047,0.9957790374755859,0.9039612100237899,0.5124268787247799,0.9992715716362,0.9453670098668061,0.5174185520126711,0.9986669421195984,59.78143152505661,0
661,0.9033369563874752,0.3012795448303225,0.9991863369941711,0.9720111886660265,0.32164241018749445,0.9957226514816284,0.9039483155523036,0.5122722926593967,0.9992795586585999,0.945394178231558,0.5172185869443988,0.9986720085144043,59.78143152505661,0
662,0.9033083688645143,0.30127401862825687,0.9991821646690369,0.9719943347431372,0.3216559631483898,0.9955536723136902,0.903934612160638,0.5122448688461672,0.9992887377738953,0.9454385098956888,0.517120792752221,0.9986736178398132,59.78143152505661,0
663,0.9032947676522398,0.30128433448927766,0.9991613030433655,0.9719819653601881,0.3216738459609806,0.995369017124176,0.903923534211659,0.5122114448320302,0.9992850422859192,0.9455069644110551,0.5170525000208904,0.9986571669578552,59.78143152505661,0
664,0.9033048294839412,0.30127210276467487,0.9991068840026855,0.9719602153414779,0.3216970023654758,0.9952644109725952,0.9039172019277308,0.5120994164830166,0.9992663264274597,0.9455736705235079,0.5169314912387307,0.9986298680305481,59.78143152505661,0
665,0.9033208347502215,0.3012545676458452,0.9991075396537781,0.9719206123124993,0.3216306453659423,0.9952132701873779,0.9039189588455935,0.5119336190677828,0.9992743730545044,0.9456417078063609,0.5167491265705657,0.9986452460289001,59.78143152505661,0
666,0.903349921816872,0.3012379847821738,0.9991085529327393,0.9718809212957118,0.3215601245562238,0.9951595664024353,0.9039306640625008,0.5118033147993546,0.9992789030075073,0.9457107952662884,0.5165869423321319,0.9986538290977478,59.78143152505661,0
667,0.9033726453781136,0.30122695508457387,0.9990676045417786,0.9718296669778378,0.32142432530721055,0.9950849413871765,0.9039678374926258,0.5116462934584849,0.9992472529411316,0.9457919285410934,0.5164088379769103,0.9986205697059631,59.78143152505661,0
668,0.9033823921566926,0.30121784692718895,0.9990630745887756,0.9717802064759398,0.3212019134135476,0.9950843453407288,0.9040232584590011,0.5114569039571857,0.9992613196372986,0.9458803023610804,0.516209097135635,0.9986549019813538,59.78143152505661,0
669,0.9033970577376237,0.30118070471854463,0.9990467429161072,0.971718575273242,0.32094994187355064,0.9949546456336975,0.9040973470324569,0.5112779055322924,0.9992515444755554,0.9459902644157417,0.5160534694081265,0.9986408352851868,59.78143152505661,0
670,0.9034000266165967,0.3011268121855602,0.9990512132644653,0.9716678886186516,0.3207377564339413,0.9948886632919312,0.9041977212542587,0.511104972589584,0.999252438545227,0.9461148210934238,0.5159180277869819,0.9986434578895569,59.78143152505661,0
671,0.9033966717265909,0.30103339893477327,0.9990429878234863,0.9716332554817207,0.32054576135817053,0.99477618932724,0.9043096701304125,0.5109581777027679,0.9992507696151733,0.9462352054459715,0.5157749936694195,0.9986326694488525,59.78143152505661,0
672,0.9034178625969667,0.3009066482385002,0.9990431070327759,0.9716287908099954,0.3204465139479867,0.9946470260620117,0.9044079695429128,0.5109095062528342,0.9992590546607971,0.9463249132746749,0.5157063035737905,0.9986315369606018,59.78143152505661,0
673,0.903469627811796,0.30077056799616153,0.9990585446357727,0.9716353075844908,0.3203901818820411,0.9945217967033386,0.9044859976995567,0.5108816141173957,0.9992778897285461,0.9463827411333727,0.5156616568565373,0.9986515641212463,59.78143152505661,0
674,0.9035368192763562,0.30065397421518986,0.9990750551223755,0.9716508871033086,0.32033580683526564,0.9944784045219421,0.9045264976365233,0.5108917100088941,0.9992973804473877,0.9463909523827697,0.5156531021708538,0.9986807703971863,59.78143152505661,0
675,0.9036012178375615,0.3005709009511133,0.9990879893302917,0.9716672528357739,0.32029689635549297,0.9944707751274109,0.9045355007762008,0.5109431686855502,0.9993089437484741,0.9463823182242265,0.5157085770652412,0.9986987113952637,59.78143152505661,0
676,0.9036405796096446,0.3005685068312148,0.9990938305854797,0.9717146612349018,0.3202784118198216,0.9945080280303955,0.9045410213016335,0.5109994099253704,0.9993210434913635,0.9463821677934563,0.515775146938506,0.9987210631370544,59.78143152505661,0
677,0.9036773187773576,0.30060600666772774,0.9990910291671753,0.9717829596428652,0.32030736974307494,0.9945894479751587,0.9045401783216573,0.5110575301306592,0.9993295669555664,0.9463861584663399,0.5158959570385164,0.9987500905990601,59.78143152505661,0
678,0.903726137819745,0.3006511727968854,0.9990901350975037,0.9718409407706495,0.32033509157952833,0.9946753978729248,0.9045392956052515,0.5110811505998888,0.9993377327919006,0.9463907253174563,0.5160266246114462,0.998779833316803,59.78143152505661,0
679,0.9038075918243053,0.3006930890537446,0.999095618724823,0.9719126338050487,0.3203763734726681,0.9947846531867981,0.904534081617992,0.5110823568843664,0.9993513226509094,0.9463948096547815,0.5161605448949909,0.9988133907318115,59.78143152505661,0
680,0.903951355389187,0.3007078624906997,0.9991039037704468,0.971965261868069,0.3204203148682915,0.9949348568916321,0.9045242752347682,0.5110767341795426,0.999366283416748,0.9464006906463993,0.5162877185004102,0.9988538026809692,59.78143152505661,0
681,0.9041877644402648,0.30069603806450274,0.9991103410720825,0.9720313208443786,0.32045750958578956,0.9950265288352966,0.904522169203986,0.5110891660054528,0.9993782639503479,0.9464037702197128,0.516403524648576,0.9988840818405151,59.78143152505661,0
682,0.9044822284153538,0.30068707891872976,0.9991122484207153,0.9721402185303832,0.3204819148495086,0.9951675534248352,0.9045511881510424,0.5110789367130828,0.9993927478790283,0.9464198719887514,0.5164628454617096,0.9989222884178162,59.78143152505661,0
683,0.9048370747339165,0.30064833306130934,0.9991233944892883,0.9722572877293549,0.3205112034366247,0.9952576160430908,0.9046069582303373,0.5110324905032207,0.9994080662727356,0.9464396834373482,0.5165092207136612,0.9989464282989502,59.78143152505661,0
684,0.9051380668367666,0.30059600302151296,0.9991356134414673,0.9723705791291745,0.32051977940968135,0.9953458309173584,0.9046799568902886,0.5109114760444282,0.9994235038757324,0.9464596765381957,0.5164839795657571,0.998962938785553,59.78143152505661,0
685,0.9053716744695399,0.30051133888108417,0.9991458058357239,0.9725015929767071,0.3205207557905291,0.995418906211853,0.9047504947299057,0.5107078921227232,0.9994353652000427,0.9464875033923565,0.5163700523830599,0.9989750981330872,59.78143152505661,0
686,0.9055314319474363,0.3003934011572886,0.9991520643234253,0.9726048935027357,0.320523418131329,0.9954623579978943,0.9047962512288782,0.5104623607226784,0.9994475245475769,0.9465171779905055,0.516217288516817,0.9989862442016602,59.78143152505661,0
687,0.9056384535062888,0.300279151825678,0.9991568326950073,0.9726960517111286,0.3205286746933349,0.9954983592033386,0.904817217872257,0.5102582517124362,0.9994561076164246,0.9465370972951261,0.5160723158291413,0.998995304107666,59.78143152505661,0
688,0.9056783545584913,0.3002046928519297,0.9991427063941956,0.9727639215333129,0.32047545767965796,0.9955064654350281,0.904829817158836,0.5100891363053099,0.999453604221344,0.9465577346938003,0.5159393889563428,0.9989970326423645,59.78143152505661,0
689,0.9057106545993268,0.3001651920023421,0.9990991353988647,0.9727981970423751,0.32037283409209505,0.9954687356948853,0.90483444929123,0.5099713035992217,0.9994322657585144,0.9465682648477107,0.5158426307496574,0.9989740252494812,59.78143152505661,0
690,0.9057056818689626,0.30014730493227665,0.9990596175193787,0.9728140859376825,0.32025674836976215,0.9954147934913635,0.9048363112268001,0.5098689340409782,0.9994179606437683,0.946567946956272,0.5157399887130378,0.998957097530365,59.78143152505661,0
691,0.9057089658010582,0.30010894650504727,0.9990116953849792,0.9728235914593658,0.3201327565170472,0.9953794479370117,0.9048390218189792,0.5097752071562272,0.9994050860404968,0.9465684521765944,0.5156339974630451,0.9989433884620667,59.78143152505661,0
692,0.9057112988971536,0.30004894165765694,0.9990024566650391,0.9728240427516763,0.3200093507766726,0.9953616261482239,0.9048385932332002,0.5096868191446581,0.9994000196456909,0.9465659459431974,0.5155302626746046,0.998931348323822,59.78143152505661,0
693,0.9057141514051535,0.2999859111649652,0.9989607334136963,0.9728333268846792,0.31990507812727087,0.9953460097312927,0.9048371570450926,0.5095890760421757,0.9993771910667419,0.9465690595763078,0.5154175616446,0.9989019632339478,59.78143152505661,0
694,0.9057027896245328,0.29993839916728815,0.9989227652549744,0.9728373147192464,0.3197692107586636,0.9953901171684265,0.9048315456935345,0.5095202383540929,0.999360203742981,0.9465759254637226,0.5153423178763621,0.998885452747345,59.78143152505661,0
695,0.9056918308848434,0.29985511444863844,0.9988716840744019,0.9728709487687981,0.31963490446408616,0.9954140782356262,0.9048218471663346,0.5094167050861181,0.9993436336517334,0.9465854253087732,0.5152171708288651,0.9988725781440735,59.78143152505661,0
696,0.9056851154281986,0.299730847279231,0.9987918734550476,0.972945397808439,0.31952816106024273,0.9954351782798767,0.9047982579185856,0.5091439315250945,0.9993031024932861,0.9465935826301582,0.5149065568333584,0.9988264441490173,59.78143152505661,0
697,0.9056805173556018,0.2996087925774713,0.998754620552063,0.9730474693434586,0.31943761167072143,0.9954138398170471,0.9047681178365442,0.5088298008555462,0.9992895722389221,0.9466026709193283,0.514542434896742,0.9988042712211609,59.78143152505661,0
698,0.9056803328650346,0.2995140424796516,0.9987001419067383,0.9731582516715649,0.3193653282665073,0.995372474193573,0.9047325849533088,0.5085549638384869,0.9992717504501343,0.9466088953472327,0.5142076725051521,0.9987740516662598,59.78143152505661,0
699,0.9056846868424197,0.2994732232320879,0.9986362457275391,0.9732554157574979,0.3192759142035532,0.9952730536460876,0.9046910547074826,0.5083631617682325,0.9992482662200928,0.9466153014273877,0.513951264676594,0.998734712600708,59.78143152505661,0
700,0.9056795239448554,0.2994864384333295,0.9986196756362915,0.9733077628271928,0.3191329794270654,0.9952527284622192,0.9046517014503487,0.5083213022777017,0.9992343783378601,0.9466232657432565,0.5137901107470199,0.9987267851829529,59.78143152505661,0
701,0.9056734698159361,0.2994728883107506,0.9985668659210205,0.9733330607414254,0.31897326452391517,0.995268702507019,0.9046243315651312,0.5083399471782507,0.9991973042488098,0.9466371962002353,0.5136584809848245,0.9986989498138428,59.78143152505661,0
702,0.905661670934587,0.29945988598324025,0.9985323548316956,0.9733350191797537,0.31880563497543357,0.9953406453132629,0.904601869129,0.5083533752532237,0.999170184135437,0.9466521456128083,0.5134805440902714,0.9986914396286011,59.78143152505661,0
703,0.9056705633799242,0.29941863247326467,0.9984810948371887,0.973343525614058,0.3186852690719425,0.9953989386558533,0.9045978585879015,0.5084003806114201,0.9991479516029358,0.9466723090126409,0.5133405469712762,0.9986909031867981,59.78143152505661,0
704,0.9056931989533569,0.2993552713167102,0.9984436631202698,0.9733623862266547,0.31862743269829547,0.9954993724822998,0.9046081276167014,0.5084687670071923,0.9991292953491211,0.946700090453739,0.5132724358921964,0.9987030029296875,59.78143152505661,0
705,0.9057211393401744,0.2992864932332723,0.9983890652656555,0.9733932018280037,0.31859012728645714,0.9955564737319946,0.9046167759668267,0.5085520233426779,0.9991015791893005,0.9467248888242821,0.5132792620431813,0.9986953139305115,59.78143152505661,0
706,0.9057332532746458,0.29921788261050297,0.9983305931091309,0.9734477940059851,0.31854435659590247,0.9956164360046387,0.9046065580277224,0.508581740515573,0.9990671277046204,0.9467442574955176,0.5132349956603282,0.9986879229545593,59.78143152505661,0
707,0.9057296372595295,0.29916015835035437,0.9982778429985046,0.973480301243919,0.31851003709293574,0.9956414699554443,0.9045767954417645,0.5086100896199548,0.9990242719650269,0.9467573392958876,0.5131766881261557,0.9986617565155029,59.78143152505661,0
708,0.9057005785760434,0.2991429865360262,0.998256266117096,0.9735626180966702,0.3184981984751568,0.9956475496292114,0.9045333521706724,0.5086790436790107,0.9989914298057556,0.946759155818395,0.5131379252388368,0.9986306428909302,59.78143152505661,0
709,0.9056766657602227,0.29912266702879065,0.9982444047927856,0.9736931267238806,0.31852428402219524,0.9956573843955994,0.9044945325170252,0.5087614258130395,0.9989563822746277,0.9467572683379771,0.5131090964589804,0.9985942244529724,59.78143152505661,0
710,0.905668551013584,0.29907641382444494,0.9982646703720093,0.9738583735057293,0.31856111827350825,0.995647132396698,0.9044729698271987,0.5087771387327289,0.9989295601844788,0.9467486398560668,0.5130386295772739,0.9985512495040894,59.78143152505661,0
711,0.9056761775697988,0.2989930113156639,0.9982767701148987,0.9740286043712079,0.3185941137018661,0.995638906955719,0.9044799293790552,0.5087198615074162,0.9989064931869507,0.9467389498438161,0.5129295530773348,0.9985113143920898,59.78143152505661,0
712,0.9056840226763778,0.2988831315721787,0.998293936252594,0.9741656922158748,0.31859291309402127,0.995614767074585,0.9044965533983147,0.5085963777133401,0.9988786578178406,0.9467300460452133,0.5127954993929186,0.9984591007232666,59.78143152505661,0
713,0.9056960713295718,0.2987750839619412,0.9982777833938599,0.9742149455206742,0.31854709131377107,0.9955626726150513,0.9045188994634726,0.5084971643629532,0.9988547563552856,0.9467253543081745,0.5126560273624605,0.9984131455421448,59.78143152505661,0
714,0.9056985974311835,0.2987099233127778,0.9982445240020752,0.9742891192436226,0.3184765477975212,0.995499312877655,0.9045326823279978,0.5084221817198258,0.998817503452301,0.9467225585665029,0.5125570098559066,0.9983530044555664,59.78143152505661,0
715,0.9056929009301329,0.29867095748583505,0.998224675655365,0.9743499699093054,0.31840122881389826,0.9954619407653809,0.904529287701562,0.5084820815495087,0.9987969994544983,0.9467180428050821,0.512528118633089,0.9983237385749817,59.78143152505661,0
716,0.9056919330642345,0.2986352103097101,0.9981878995895386,0.9744038127717526,0.31832863177572,0.995445728302002,0.9045122975394847,0.5085912119774595,0.9987695813179016,0.9467038001332972,0.51251285700571,0.998292863368988,59.78143152505661,0
717,0.9056873151234226,0.29858436187108384,0.9981443285942078,0.9744511076382236,0.31828272626513554,0.9955042004585266,0.9044877177193058,0.5087169153349744,0.9987460970878601,0.9466884278115779,0.5125124227432981,0.9982916712760925,59.78143152505661,0
718,0.9056789846647361,0.29849815652484013,0.9980952739715576,0.9744993590173275,0.3182496556213926,0.9954755306243896,0.9044639099211927,0.5088200058255881,0.9987267255783081,0.9466741936547424,0.5125340563910352,0.9982641339302063,59.78143152505661,0
719,0.9056696693102526,0.29841093506131877,0.9980925917625427,0.9745504146530523,0.31822728117307053,0.9954502582550049,0.9044437578746258,0.5088957264309841,0.9987272024154663,0.9466629340535127,0.5125500190825694,0.9982495903968811,59.78143152505661,0
720,0.9056597068196259,0.2983461391358151,0.9980995059013367,0.9746217841193796,0.31819767043704106,0.9953932762145996,0.9044202708062679,0.5089114166441422,0.9987274408340454,0.9466475986299068,0.5125705741700676,0.9982311725616455,59.78143152505661,0
721,0.9056684034211302,0.2983022218658813,0.9981115460395813,0.9746777244976597,0.31816937951814583,0.995385468006134,0.904393536703928,0.5090175356183737,0.9987450242042542,0.9466293681235548,0.512629778612228,0.9982341527938843,59.78143152505661,0
722,0.9056942491304314,0.29829198547772023,0.9981071949005127,0.9746991679781967,0.31810219514937654,0.9953750371932983,0.904374369553158,0.5091787434759598,0.9987590909004211,0.9466151197751371,0.5127071511177794,0.9982414245605469,59.78143152505661,0
723,0.9057389043626338,0.29829833762986346,0.9980853199958801,0.9746990743137549,0.3179679314295453,0.9953365325927734,0.904382350898925,0.5093368547303341,0.9987727403640747,0.946612023171925,0.5127627423831399,0.9982405304908752,59.78143152505661,0
724,0.9058069984118151,0.29825799096198335,0.9980738162994385,0.974704637413934,0.31778405393872966,0.9952824711799622,0.9044352372487393,0.509448295547849,0.9987824559211731,0.9466176884514953,0.5127725487663637,0.9982306361198425,59.78143152505661,0
725,0.9058730715797068,0.29819312124025277,0.9980728030204773,0.9747144806952712,0.3175817713851023,0.9952120780944824,0.9045119370732996,0.5095140962373647,0.9987924098968506,0.9466292631058474,0.5127393177577432,0.9982120990753174,59.78143152505661,0
726,0.9059207524572107,0.2981296735150476,0.9980640411376953,0.9747248008137666,0.31741104381425067,0.9951317310333252,0.9045812402452749,0.5094727306138905,0.9987931251525879,0.9466325867743727,0.5126755152429857,0.9981848001480103,59.78143152505661,0
727,0.9059498508771268,0.2980569998423261,0.9980559945106506,0.9747235349246441,0.31730744100752356,0.9949902296066284,0.9046285776864922,0.5093146704492119,0.9987909197807312,0.946628982112522,0.5125633393015184,0.9981398582458496,59.78143152505661,0
728,0.9059497969491148,0.29798615972201054,0.9980844259262085,0.9746928782690147,0.3172180695193157,0.9949514865875244,0.9046463937986472,0.5090455554780511,0.9987857937812805,0.9466198682785042,0.5124039791879204,0.9980916380882263,59.78143152505661,0
729,0.9059462235087448,0.29789765675862656,0.9980879426002502,0.9746491823877614,0.3171446507885345,0.9949104189872742,0.9046596686045336,0.5086633903639661,0.9987959265708923,0.9466162295568564,0.512216102509272,0.998080313205719,59.78143152505661,0
730,0.9059534668922432,0.2977838147254219,0.9980979561805725,0.9746018988745561,0.3170334767727627,0.9948980808258057,0.904651397750492,0.5082257162956969,0.998819887638092,0.9466102321942654,0.5120034302983969,0.9980980753898621,59.78143152505661,0
731,0.9057981031281614,0.29768833943775747,0.9981027245521545,0.9745422913914643,0.316906938950221,0.9948214292526245,0.9046041539737164,0.5078691726639162,0.9988383054733276,0.9466032158760804,0.511829203083402,0.9980983138084412,59.78143152505661,0
732,0.905546997274672,0.2976429519199192,0.9981654286384583,0.9744954307874052,0.3168274916353683,0.9947895407676697,0.9045280615488696,0.5076574342591427,0.998879611492157,0.9465959327561522,0.5117491370155702,0.9981337189674377,59.78143152505661,0
733,0.9052563479968486,0.29761115709940617,0.9982091784477234,0.9744732777277637,0.3167830294086822,0.9946895837783813,0.904457452751342,0.5074925195603148,0.9989049434661865,0.9466064089820506,0.5116612939607533,0.9981487989425659,59.78143152505661,0
734,0.9049465344065719,0.2975788570585708,0.9982590675354004,0.9743894395374124,0.31669308741887436,0.9946052432060242,0.904407061281659,0.5074115537461784,0.9989361763000488,0.9466246593566175,0.511586705843608,0.9981648921966553,59.78143152505661,0
735,0.9046808169001632,0.29753267197381905,0.9982936978340149,0.9742339225042442,0.3165729656105952,0.9945452213287354,0.9043903294063758,0.5073613666352775,0.9989572763442993,0.9466535732859664,0.5115025639534001,0.9981707334518433,59.78143152505661,0
736,0.9044701570556285,0.29748817001070316,0.9983150959014893,0.9740416975248436,0.31640744776952856,0.994651198387146,0.9043717781702685,0.5073238724753975,0.9989888072013855,0.9466762571107782,0.5114010515667147,0.9982190132141113,59.78143152505661,0
737,0.9042187134424853,0.2974586004302618,0.9983235597610474,0.9738295248576581,0.31624656064169776,0.9946834444999695,0.9043452058519643,0.5073238639604482,0.9990101456642151,0.946682532628378,0.5113201964469187,0.9982385039329529,59.78143152505661,0
738,0.9039123938197189,0.2974515997228171,0.9983288645744324,0.9736569580577676,0.3161857965446656,0.9946932792663574,0.9043145577112841,0.5073650961830506,0.9990189671516418,0.9466874741372615,0.5112828101430624,0.9982398748397827,59.78143152505661,0
739,0.9035827318827319,0.29743518006233965,0.9983368515968323,0.9735695492653628,0.3162224690119428,0.9947100877761841,0.9042954558417918,0.5074198132469545,0.9990283846855164,0.9467127010935836,0.5112481287547525,0.9982436895370483,59.78143152505661,0
740,0.9031787316004442,0.297427764960698,0.9983571171760559,0.9735174661590947,0.31628772900218083,0.9947044849395752,0.9043005165599649,0.507582545280457,0.9990345239639282,0.9467681447664904,0.5113178037461784,0.9982403516769409,59.78143152505661,0
741,0.9026518577621103,0.2974854736101062,0.9983616471290588,0.9734565956251969,0.3163419294924965,0.9946703314781189,0.9043017710958215,0.5078329926445375,0.9990369081497192,0.94684329203197,0.5114104094959444,0.9982480406761169,59.78143152505661,0
742,0.9020998250870486,0.29763590721857003,0.9983388185501099,0.9733981632051021,0.3163181983289267,0.9946060180664062,0.9042717530613861,0.508264005184174,0.9990168213844299,0.9469020054453903,0.5116726841245383,0.9982290267944336,59.78143152505661,0
743,0.9016520721571792,0.2978322278885617,0.9983113408088684,0.9733274266833358,0.3162040980089281,0.9945899248123169,0.9042387491180791,0.5087254586673922,0.9990009069442749,0.9469329005195989,0.5119948642594478,0.9982298016548157,59.78143152505661,0
744,0.9012290523165756,0.2980460609708516,0.9982917904853821,0.9732394757724951,0.3160740179674969,0.9946230053901672,0.9041755767095665,0.5091312158675425,0.9989844560623169,0.9469380946386435,0.5122911930084233,0.9982203841209412,59.78143152505661,0
745,0.9009199852035167,0.2982322474320732,0.9983020424842834,0.9731521975426455,0.3159777990409309,0.9946234822273254,0.9040806350253885,0.5094316034089956,0.9989979267120361,0.9469296109108706,0.5125155051549279,0.9982479214668274,59.78143152505661,0
746,0.9007320205370593,0.2983507741065255,0.9983059167861938,0.9730932144891656,0.31594183615275817,0.994594395160675,0.9039458291871214,0.509605311212086,0.9989898800849915,0.9469268577439452,0.5126763071332663,0.9982336759567261,59.78143152505661,0
747,0.900556195349921,0.2984383390063334,0.9983103275299072,0.9730520759310048,0.3159592549006147,0.9945969581604004,0.9037854643095115,0.5096528104373391,0.9989875555038452,0.9469327188673481,0.5127167872020181,0.9982361197471619,59.78143152505661,0
748,0.9004281872794749,0.2985204699493592,0.998283326625824,0.9730313477062051,0.31598275332223824,0.9946348071098328,0.9035686311267678,0.5097177880150936,0.998953640460968,0.9469127030599692,0.5127856816564291,0.9981967210769653,59.78143152505661,0
749,0.9003492224784131,0.2985708231017705,0.9982815980911255,0.9730333458809634,0.31602520602090045,0.9946558475494385,0.9033821338698984,0.5096840262413029,0.9989331960678101,0.9468825629779277,0.5128197556450258,0.9981661438941956,59.78143152505661,0
750,0.9002247310820087,0.2986077070236208,0.9982749223709106,0.9730392013277335,0.31607073119708495,0.9946812391281128,0.9031937633241933,0.5095928595179607,0.9989146590232849,0.9468448985190627,0.5128122113999871,0.998149037361145,59.78143152505661,0
751,0.9000956387746909,0.2986387383370175,0.9982708096504211,0.9729883046377281,0.31613957030432593,0.9946249127388,0.9030380845069892,0.5094593848500937,0.998906135559082,0.9468230945723405,0.512772381305695,0.9981322884559631,59.78143152505661,0
752,0.899997932570322,0.2986371857779369,0.9982660412788391,0.9728906126249413,0.3161464943772273,0.9945439696311951,0.9029120944795161,0.5093130866686508,0.9988980889320374,0.9468128425734391,0.5127152687027345,0.9981191158294678,59.78143152505661,0
753,0.899894887492771,0.2986313416844325,0.9982746243476868,0.9727893897465305,0.3160772465524222,0.994457483291626,0.9028172407831472,0.5092267223766875,0.9988995790481567,0.9468186809903106,0.5126740080969678,0.9981177449226379,59.78143152505661,0
754,0.899812423047566,0.2986301453340624,0.9982805848121643,0.9726434350013741,0.3159838034993129,0.9943709969520569,0.9027269113631483,0.5092681390898572,0.9988936185836792,0.9468261400858569,0.5126874333336243,0.9981045722961426,59.78143152505661,0
755,0.8997604108992084,0.2986248376823609,0.9982694387435913,0.9724709221294956,0.3158979018529259,0.9943203926086426,0.902666662420546,0.5093309027808057,0.9988847374916077,0.9468362870670508,0.5127369307336358,0.9980792999267578,59.78143152505661,0
756,0.8997142769041524,0.29861456155777,0.9982923865318298,0.9723135204542259,0.31583974333036535,0.9943106770515442,0.9026055733362841,0.5093520368848532,0.9989116787910461,0.9468478645597193,0.5127591178530742,0.9981024861335754,59.78143152505661,0
757,0.8996684608005349,0.298598491010212,0.998299777507782,0.9721425686563772,0.31582838296890287,0.9941904544830322,0.902560886882601,0.5093170262518387,0.9989228248596191,0.9468588857423699,0.5127375069118686,0.9981049299240112,59.78143152505661,0
758,0.8996252871695025,0.29854995721862454,0.998300313949585,0.9719624519348152,0.31574483144850984,0.9940568804740906,0.9025337696075447,0.509218085379828,0.998927652835846,0.946837953158788,0.512660574345362,0.9980966448783875,59.78143152505661,0
759,0.8995796101433897,0.29848936909721036,0.9982975125312805,0.9718330247061601,0.3156284718286426,0.9940085411071777,0.9025046314511987,0.509110618205298,0.9989263415336609,0.9467939024879827,0.5125693735622229,0.9980870485305786,59.78143152505661,0
760,0.8995513092903871,0.2984337423528946,0.998286247253418,0.971682636510759,0.3155213991800947,0.9939829111099243,0.902484025274005,0.5090553050949463,0.9989275932312012,0.9467435138566161,0.5125149885813399,0.998078465461731,59.78143152505661,0
761,0.8995298743247994,0.298397318238304,0.9982917904853821,0.9715114122345341,0.3154408562751046,0.9939500689506531,0.9024680171694082,0.5090469831512092,0.99893718957901,0.9467001472200675,0.5124999653725401,0.9980917572975159,59.78143152505661,0
762,0.8995211578550799,0.29838576912879966,0.9982919692993164,0.9713661443619508,0.31540447331610205,0.9938532710075378,0.902460299787068,0.5090329476765227,0.9989494681358337,0.9466765806788497,0.5124855240186059,0.998103678226471,59.78143152505661,0
763,0.8995108632814324,0.2984009839239577,0.998286783695221,0.9712572807357432,0.3154095439683826,0.9937694668769836,0.9024354446501966,0.5090681286085224,0.9989544749259949,0.946661089147841,0.5125111880756563,0.9981034398078918,59.78143152505661,0
764,0.8994830279123223,0.29841538979893667,0.9982794523239136,0.971129794915518,0.31537767677080086,0.993750810623169,0.9023964036078687,0.5091227349780858,0.9989573955535889,0.9466171747162235,0.5125475696155007,0.9981110692024231,59.78143152505661,0
765,0.899453072320848,0.29843378918511554,0.9982848763465881,0.9710166340782537,0.31533691428956556,0.9937408566474915,0.9023574079786035,0.5091853993279598,0.9989660382270813,0.9465391493978962,0.5125878623553689,0.9981302618980408,59.78143152505661,0
766,0.899421984241123,0.29844363530476914,0.9983041286468506,0.9709158908753177,0.31528586574963186,0.993791401386261,0.9023157358169562,0.5092387681915651,0.9989715218544006,0.9464364874930615,0.512623006389255,0.9981457591056824,59.78143152505661,0
767,0.8993830680847176,0.2984512249628705,0.9983153343200684,0.9708193455423636,0.31523055263928035,0.9938541054725647,0.9022884709494462,0.5092820723851526,0.9989780783653259,0.9463216775939586,0.5126457782018756,0.9981657862663269,59.78143152505661,0
768,0.899354523136503,0.29844485719998703,0.9983382225036621,0.970751759551821,0.3151670893033348,0.9939038157463074,0.9022827886399776,0.5092900764374511,0.9989826679229736,0.9462127713930046,0.512635741915022,0.9981715679168701,59.78143152505661,0
769,0.8993446316037866,0.29841666278385004,0.9983707070350647,0.9707197802407409,0.3151179921059384,0.9939827919006348,0.9022709131240852,0.5092979272206628,0.999000072479248,0.9461142165320269,0.5126214254470103,0.9981933832168579,59.78143152505661,0
770,0.8993308402243122,0.29837609898476397,0.9984008073806763,0.9707020208949143,0.3150769869486494,0.9940817356109619,0.9022429926054825,0.5092928863707047,0.9990168213844299,0.9459955039478491,0.5125831592650645,0.9982156753540039,59.78143152505661,0
771,0.899326281888145,0.29829743220692617,0.9984302520751953,0.9706938976333264,0.3150502542654676,0.9941691160202026,0.9022176890146172,0.5092702280907409,0.9990304708480835,0.9458768538066327,0.5125241449901039,0.9982277154922485,59.78143152505661,0
772,0.8993200375920257,0.2981802523136141,0.9984768629074097,0.9707157441547947,0.31503461939947974,0.9942825436592102,0.9021972077233458,0.5092412290118994,0.9990485310554504,0.9457758608318518,0.5124668053218301,0.99824458360672,59.78143152505661,0
773,0.8993200744901392,0.298035134871801,0.9985076785087585,0.9707401139395585,0.31502294540405296,0.9943989515304565,0.9021890021505816,0.5092114862941564,0.9990576505661011,0.9456936404818588,0.5124208047276455,0.9982536435127258,59.78143152505661,0
774,0.8993244511740556,0.2978893490064714,0.9985362887382507,0.9707925376437967,0.31500527262687705,0.9945341944694519,0.9021974291120265,0.5091969512757805,0.9990636706352234,0.9456458006586356,0.5124058496384398,0.9982659220695496,59.78143152505661,0
775,0.8993356909070704,0.2977703582672848,0.9985670447349548,0.9708542114212407,0.3149900408018206,0.9946473836898804,0.9022020470528384,0.5091951631364372,0.9990763068199158,0.9456227194695254,0.5124188093912039,0.9982897043228149,59.78143152505661,0
776,0.8993485229355955,0.2977026502291364,0.9985966086387634,0.9709158085641414,0.31497693061828635,0.9947523474693298,0.9021940146173757,0.509197572867076,0.9990881681442261,0.9455961130914242,0.512440315314702,0.9983146786689758,59.78143152505661,0
777,0.8993592546099716,0.2976655605293458,0.9986202120780945,0.9709525534084873,0.3149668219543641,0.9948257207870483,0.9021836121877042,0.5091861798649746,0.9990906119346619,0.9455781011354363,0.51246243147623,0.9983238577842712,59.78143152505661,0
778,0.8993609462465566,0.2976563203902474,0.9986490607261658,0.9709668528466006,0.31496311085564777,0.9948942065238953,0.9021557484354299,0.509228226684389,0.9990975856781006,0.9455389437221353,0.512531405403501,0.998329758644104,59.78143152505661,0
779,0.8993582782291238,0.2976594723406295,0.9986702799797058,0.9709545998346245,0.3149611112617313,0.9949475526809692,0.9021199146906542,0.5093204492614387,0.9991000890731812,0.9454878398350315,0.5126216439973745,0.9983311891555786,59.78143152505661,0
780,0.899343533175333,0.2976818382740023,0.9987074732780457,0.9709488664354605,0.31496466625304476,0.9950236678123474,0.9020720805440638,0.509495888437544,0.9991099834442139,0.9454368182591038,0.5127647973242264,0.9983440637588501,59.78143152505661,0
781,0.8993144319171005,0.29771687729018104,0.9987141489982605,0.9709429911204754,0.3149711063929969,0.9950616955757141,0.9019949549720409,0.5097175439198816,0.9991008043289185,0.945380491869791,0.5129313241867797,0.9983416795730591,59.78143152505661,0
782,0.8992767504283368,0.297754642509279,0.9987179040908813,0.9709462864058367,0.31497457765397596,0.9950818419456482,0.9018934198788241,0.5098914447284884,0.9990929961204529,0.945332158179511,0.5130665075211303,0.9983410239219666,59.78143152505661,0
783,0.8992395032019849,0.29777562050592354,0.9987075924873352,0.9709591042427796,0.31496636782373727,0.9951250553131104,0.9017977657772253,0.5099296910422193,0.999064028263092,0.9452997077079053,0.5131065022377745,0.9983150959014893,59.78143152505661,0
784,0.8992061217625944,0.29775742122105214,0.9986627697944641,0.970975827603114,0.3149408144610271,0.9950814247131348,0.9017120968727846,0.509832932835534,0.9990127086639404,0.9452729622522997,0.5130555913561871,0.998235285282135,59.78143152505661,0
785,0.8991823480242782,0.29771943887074814,0.998646080493927,0.9709871269407735,0.3148864337376188,0.9950839281082153,0.9016559578123554,0.5096355705034169,0.9989811182022095,0.9452605020432252,0.5129047774133233,0.9981895089149475,59.78143152505661,0
786,0.8991709606988096,0.29768094278517243,0.9986408948898315,0.9709894004322241,0.3148091634114586,0.9950928092002869,0.9016261753581826,0.5094561633609593,0.99895840883255,0.9452508233842403,0.5127375352950327,0.9981649518013,59.78143152505661,0
787,0.899170222736541,0.29763610731987755,0.9986293911933899,0.9709820208095377,0.3146867141837168,0.9950603246688843,0.9016053392773591,0.5092627406120305,0.9989399313926697,0.9452323289144615,0.5125506718953454,0.9981549382209778,59.78143152505661,0
788,0.89918320235752,0.29758626648357955,0.998620331287384,0.9709851798557108,0.31448324095635216,0.9950703382492065,0.9015802372069592,0.509058861505418,0.9989275336265564,0.9452082032249095,0.5123740576562431,0.9981654286384583,59.78143152505661,0
789,0.8992030393509645,0.29753201348441016,0.9986187815666199,0.9709690866016214,0.3141881993838721,0.9950984716415405,0.9015649557113655,0.5088675533022203,0.9989256262779236,0.94518815619605,0.5122195936384659,0.9981774091720581,59.78143152505661,0
790,0.899216654754821,0.29750390137944926,0.9986239075660706,0.9709565838178007,0.3139205220199769,0.9951421022415161,0.9015383720397956,0.5087075290225804,0.9989306926727295,0.9451773961385099,0.5121093420755299,0.9982019066810608,59.78143152505661,0
791,0.8992167654491614,0.2975413075515204,0.998593270778656,0.9708942487126313,0.31367459893226646,0.9951242208480835,0.9015039801597602,0.5086082447142832,0.9989239573478699,0.9451728519939249,0.5120461725053338,0.9982108473777771,59.78143152505661,0
792,0.8992053554171615,0.2976250208559493,0.9985523223876953,0.9707475219454091,0.3134626731986094,0.9950706362724304,0.9014706838698622,0.5085844823292327,0.9989141821861267,0.9451703968502234,0.5120298209644503,0.9982069134712219,59.78143152505661,0
793,0.8991952964237766,0.2977135706515541,0.9985101819038391,0.9705487234251848,0.3132925289017816,0.9949870109558105,0.9014496916816355,0.5085683635302957,0.9989026784896851,0.9451677146412085,0.5120196200552445,0.998191237449646,59.78143152505661,0
794,0.8992062778699973,0.2977553975014462,0.9984896183013916,0.9703839222590136,0.3130828880128409,0.995029091835022,0.9014387159120476,0.5084618358384999,0.998889684677124,0.9451615299497339,0.5119486110551021,0.9981904625892639,59.78143152505661,0
795,0.8991970987547019,0.29775569836298643,0.9984753131866455,0.9702296427318036,0.3128390255428498,0.9950808882713318,0.9014409808885491,0.5083135763804122,0.9988756775856018,0.945156429495131,0.5118401703380406,0.9981924295425415,59.78143152505661,0
796,0.8991776506106066,0.2977750414893743,0.9984582662582397,0.9701363274029331,0.31267098443848773,0.9950889945030212,0.9014382419132059,0.5081666480927245,0.998857855796814,0.9451485588437042,0.5117274295716063,0.9981781840324402,59.78143152505661,0
797,0.8991166409992044,0.2978541141464599,0.9984557032585144,0.9700680204800205,0.3125418892928535,0.995128333568573,0.9014373989332298,0.5080486649558662,0.9988604187965393,0.9451410940715252,0.511632152966091,0.9981943368911743,59.78143152505661,0
798,0.899044349080041,0.2979680768081122,0.9984610676765442,0.9700064829417645,0.31247602474121844,0.9951698184013367,0.9014374329930268,0.507988654431843,0.9988644123077393,0.9451342480523253,0.5115805779184619,0.9982112646102905,59.78143152505661,0
799,0.8989566422644124,0.29809110221408686,0.9984583854675293,0.9699557962871741,0.31246953918820364,0.9951505064964294,0.9014370271137789,0.5080108954792935,0.9988582134246826,0.945124098232815,0.5115937760898049,0.998201310634613,59.78143152505661,0
800,0.898857167788915,0.29817076666014564,0.9984647631645203,0.9699232436361775,0.3124394714832308,0.9951341152191162,0.9014361727805372,0.508011551130386,0.9988554120063782,0.9451253187088747,0.5115963930175422,0.9981902837753296,59.78143152505661,0
801,0.898744117645991,0.2982079088687899,0.9984701871871948,0.9698560947463634,0.31238230920973303,0.9950724840164185,0.9014297070957372,0.5080189818427681,0.9988645315170288,0.9451360901196806,0.5115932510012676,0.9981873035430908,59.78143152505661,0
802,0.8986684765134546,0.2982204329399838,0.9984728097915649,0.969776704197839,0.3123059215999787,0.9950037002563477,0.9014344499224716,0.5080179884320218,0.9988793730735779,0.9451460015206118,0.5115787982940678,0.9981913566589355,59.78143152505661,0
803,0.8986182922408702,0.2982065351236437,0.9984832406044006,0.9697082894189025,0.3122242405301051,0.9949896931648254,0.901463727156322,0.5079889751615982,0.9988913536071777,0.9451551096779967,0.5115178539639431,0.9982040524482727,59.78143152505661,0
804,0.8986209205218731,0.298173785209656,0.9984819293022156,0.9696785381862103,0.31218260100909667,0.9949666261672974,0.9015155718440109,0.5079404342742198,0.9988873600959778,0.9451625403903787,0.511441860880171,0.9981951713562012,59.78143152505661,0
805,0.8986400138764162,0.2981376179627012,0.9984828233718872,0.9696803717386163,0.3121694752148222,0.9949532747268677,0.9015738424800699,0.5078451236089074,0.9988886117935181,0.9451639567102712,0.5113242268562321,0.9981914162635803,59.78143152505661,0
806,0.8986406042462312,0.2980641694295976,0.9984679222106934,0.9696878876004908,0.3121631315776282,0.994884729385376,0.9016422373907914,0.5076334476470952,0.9988803267478943,0.9451728406406592,0.5110641462462293,0.9981619119644165,59.78143152505661,0
807,0.8986435617719385,0.2979744545051032,0.9984577298164368,0.969688744772049,0.3121618486586074,0.9948606491088867,0.9017290245919007,0.5073636855397909,0.9988701939582825,0.9451980675969813,0.5106905642009921,0.9981337785720825,59.78143152505661,0
808,0.8986609748431622,0.2978969996883758,0.9984528422355652,0.9696892556690042,0.31216202037675067,0.9949070811271667,0.9018367954662876,0.5071163035574417,0.9988613128662109,0.9452317811193928,0.5103065030915401,0.9980950951576233,59.78143152505661,0
809,0.8987012619063975,0.2978240819204424,0.9984619617462158,0.9696910438083475,0.31217469345955645,0.9950383901596069,0.9019520651726503,0.5069402882031037,0.9988789558410645,0.9452652987979715,0.5099783255940395,0.9981095194816589,59.78143152505661,0
810,0.8987638354301459,0.2977669551258998,0.9984762668609619,0.9696983382815414,0.3121946851412458,0.9952014684677124,0.9020521896226072,0.5068747940517611,0.9988975524902344,0.9452929071017682,0.5097834751719524,0.9981324076652527,59.78143152505661,0
811,0.8988316598392675,0.29773271793410916,0.9984987378120422,0.9697078381265921,0.3122176059654783,0.9953553080558777,0.9021086749576395,0.5068883697191878,0.9989165663719177,0.9453015497752606,0.5097080582664131,0.9981524348258972,59.78143152505661,0
812,0.8988871943382997,0.2976621559688025,0.9985234141349792,0.9697213513510576,0.31223359845933485,0.9955059885978699,0.9021386050042659,0.5068856279055282,0.9989356398582458,0.945282425199237,0.5096066196759546,0.9981740713119507,59.78143152505661,0
813,0.8989185038067053,0.2975912832078482,0.9985572695732117,0.9697353045145678,0.31224198426519145,0.9956572651863098,0.9021590607506895,0.5068759492465432,0.9989588856697083,0.9452527108646582,0.5094723048664279,0.9982013702392578,59.78143152505661,0
814,0.8989649273100361,0.29750023853211205,0.998609185218811,0.9697475149517975,0.3122472819827854,0.9958129525184631,0.9021754520280028,0.5068623764174329,0.9989882707595825,0.9452089837619244,0.5093212950797312,0.998240053653717,59.78143152505661,0
815,0.899019692625319,0.29741203501111013,0.9986448287963867,0.9697551642145437,0.31224719825245106,0.9959452748298645,0.902185973666964,0.5068705252238687,0.9990110397338867,0.9451523479961221,0.509185422034491,0.9982719421386719,59.78143152505661,0
816,0.8990758288474318,0.2973353479589737,0.9986878633499146,0.9697643745513197,0.31223846049535864,0.9960931539535522,0.9021911394028443,0.5068858720007401,0.9990341067314148,0.9450941398030244,0.5090783437093103,0.9983139038085938,59.78143152505661,0
817,0.8991175719669894,0.297287566321237,0.9987315535545349,0.9697699206216002,0.312229306924911,0.9962328672409058,0.9021875290643608,0.506920056683677,0.9990644454956055,0.9450360167594191,0.5090148136729289,0.9983595609664917,59.78143152505661,0
818,0.8991356492042549,0.29725709841364933,0.9987661838531494,0.9697730172248121,0.3122235678491141,0.9963637590408325,0.902186884766534,0.5070476134618127,0.99908846616745,0.9449680135363632,0.5090030403364276,0.9984011054039001,59.78143152505661,0
819,0.8991220025789178,0.29726450500034174,0.9988003373146057,0.9697796815917612,0.3122399662222184,0.996481716632843,0.9021720772697819,0.5072534935814997,0.9991095066070557,0.9449089424950743,0.5090492765108748,0.998435378074646,59.78143152505661,0
820,0.8991199504761477,0.2972691967373805,0.9988168478012085,0.969801897094364,0.3123153760319667,0.9965891242027283,0.9021203574680154,0.5075049655778072,0.9991230964660645,0.9448530361765914,0.5091460914838886,0.9984564185142517,59.78143152505661,0
821,0.8991212305568521,0.2972553727172672,0.9988532662391663,0.9698097904523222,0.3124146617594222,0.9967081546783447,0.9020325796944761,0.5077687587056845,0.9991532564163208,0.9448008168311354,0.5092695866312303,0.998501718044281,59.78143152505661,0
822,0.8991268532616759,0.2971597796394714,0.9989003539085388,0.9698488627161306,0.31250156675066293,0.9968518614768982,0.9019232449077432,0.5078598686626983,0.9991858005523682,0.944751958052318,0.5093370250293191,0.9985542893409729,59.78143152505661,0
823,0.8991447885831204,0.29697665430250647,0.9989417195320129,0.9699541018122726,0.3126254621006196,0.9969767332077026,0.9018211932409385,0.5077334103130163,0.9992175102233887,0.9447069537071962,0.5093320920353848,0.9986063838005066,59.78143152505661,0
824,0.8991890606426064,0.2967460240636556,0.9989833831787109,0.9701210373923899,0.3127893919036504,0.9971086978912354,0.9017576603662408,0.5074885345640641,0.9992418885231018,0.9446553956894654,0.5092850923538212,0.9986459016799927,59.78143152505661,0
825,0.8992539388792862,0.2965345113050373,0.9990200400352478,0.9703117609024056,0.31296964912187514,0.9972301721572876,0.9017296774046769,0.5072137713432316,0.9992636442184448,0.9446116714250481,0.5092222605432787,0.9986806511878967,59.78143152505661,0
826,0.8993210537093033,0.2963750773952123,0.9990450143814087,0.9704716432662246,0.3131441019830252,0.9973402619361877,0.9017186306771785,0.507018333389646,0.9992735385894775,0.9445764904930486,0.5091970080421089,0.9987008571624756,59.78143152505661,0
827,0.8993853727976489,0.2962366470268797,0.9990596771240234,0.9705456864266176,0.3132555498963313,0.9974250793457031,0.9017155539421815,0.5068958685511639,0.9992815852165222,0.9445561851773951,0.5092021056583953,0.9987188577651978,59.78143152505661,0
828,0.8994320602644065,0.2960724035898847,0.9990735650062561,0.9705714100883128,0.31327519530341763,0.9975082874298096,0.9017301854633157,0.5067100326220199,0.9992885589599609,0.9445546666781115,0.5091790414991837,0.9987334609031677,59.78143152505661,0
829,0.8994609713554389,0.29590270774705096,0.999101996421814,0.9705891467276081,0.31327201922734604,0.9975942373275757,0.901753329095387,0.5063460866610213,0.9993059635162354,0.9445574851263145,0.5090396375883197,0.9987647533416748,59.78143152505661,0
830,0.899479304041182,0.29577197773116004,0.9991268515586853,0.9706133774348675,0.3132682215599789,0.9976780414581299,0.9017835912250345,0.5059180486769908,0.9993234276771545,0.9445709699676158,0.5088349268549969,0.9987972974777222,59.78143152505661,0
831,0.8994891558374685,0.29571052534239656,0.9991488456726074,0.97063586257753,0.3132776135490057,0.9977226853370667,0.9018243466104787,0.5055567934399563,0.9993407726287842,0.9446340203285225,0.5086302132833576,0.9988224506378174,59.78143152505661,0
832,0.8994858435222088,0.29570431226775784,0.9991492033004761,0.9706439290727895,0.31328255080041456,0.9977250099182129,0.9018801507495706,0.5053643073354452,0.9993516206741333,0.9447601607867657,0.5085110550835023,0.998837411403656,59.78143152505661,0
833,0.8994937794549132,0.2957105437914533,0.9991576671600342,0.970644638651894,0.3132992911906472,0.9977491497993469,0.9019352424712415,0.5052898582958044,0.9993678331375122,0.9449227026530682,0.5084667858623326,0.9988651871681213,59.78143152505661,0
834,0.8995093249139339,0.2957134459699906,0.9991518259048462,0.970646832670485,0.3133757483391537,0.9977386593818665,0.9019919378416886,0.5052919103985745,0.9993773102760315,0.9450771297727321,0.5085474678448272,0.9988828301429749,59.78143152505661,0
835,0.8995287900879276,0.29571483958335176,0.9991468191146851,0.9706523645491836,0.3135078180403939,0.9977365732192993,0.9020252312932703,0.5052458019483661,0.9993828535079956,0.9451672122592025,0.5086723452522646,0.9988983869552612,59.78143152505661,0
836,0.8995427347364887,0.2957223724751248,0.9991475343704224,0.9706581859361566,0.3136677912303382,0.9977667927742004,0.9020327755383091,0.5052128121966412,0.9993801116943359,0.945192305814653,0.5088813759031754,0.998903751373291,59.78143152505661,0
837,0.8995606388364527,0.2957380257901694,0.9991263151168823,0.9706581433614103,0.3137969516572501,0.9977622032165527,0.9020502567291268,0.5052342641921275,0.9993751645088196,0.9451885507220321,0.5091766913731898,0.9989062547683716,59.78143152505661,0
838,0.8995850171361657,0.29575413323584077,0.9990991353988647,0.9706676545597266,0.3139484212512064,0.9977580308914185,0.9020752424285532,0.5053834035283047,0.9993628859519958,0.9451788011051367,0.5095721483230595,0.9988996386528015,59.78143152505661,0
839,0.8996201810382668,0.2957712227389928,0.9990637898445129,0.970690934430986,0.31411318977673874,0.9977445602416992,0.9021160716102244,0.5056016700608394,0.9993513822555542,0.9451878383046113,0.5099548271724159,0.998900294303894,59.78143152505661,0
840,0.8996521972474605,0.2957947580587299,0.9990434050559998,0.9707177139463887,0.31428694866952467,0.9977509379386902,0.9021578204064149,0.5058594686644422,0.9993361234664917,0.9452068947610409,0.5103328483445309,0.9988864660263062,59.78143152505661,0
841,0.8996712111291438,0.29582147371201317,0.9990120530128479,0.9707534455117732,0.31445094091551673,0.9977478981018066,0.9021858686492564,0.5061043018386482,0.9993169903755188,0.9452326837040137,0.5106428180422106,0.9988703727722168,59.78143152505661,0
842,0.8996749378386005,0.2958478757313322,0.9989809393882751,0.9707842015084774,0.3145823492890315,0.997731626033783,0.9021953912008382,0.506276993524461,0.9993051886558533,0.9452578595706402,0.5108441171191991,0.9988669157028198,59.78143152505661,0
843,0.8996810998235437,0.2958709640162334,0.99895179271698,0.9708116707347696,0.3146265220074429,0.9977153539657593,0.9022054246493756,0.506393773215158,0.9992920160293579,0.9452770778111056,0.5109596507889888,0.9988602995872498,59.78143152505661,0
844,0.8996964494387316,0.2958808853512721,0.9989223480224609,0.9708526815686915,0.3146715533165707,0.9977083802223206,0.902203940209889,0.5064923564593001,0.9992753863334656,0.945280415671213,0.5110252726645701,0.998852014541626,59.78143152505661,0
845,0.8997138681865882,0.2958852194604422,0.9988797307014465,0.9708975468363088,0.31470398817743594,0.9976597428321838,0.9022073263213756,0.5065640636852813,0.9992462992668152,0.9452855643771951,0.5110513312476026,0.9988290667533875,59.78143152505661,0
846,0.8997289651916147,0.2958867890494213,0.9988452196121216,0.9709489742914843,0.314723271699179,0.997624397277832,0.9022095685913456,0.5066093944367912,0.999220073223114,0.9452860497293025,0.5110806397029336,0.9988114833831787,59.78143152505661,0
847,0.8997363675208325,0.2958896344616302,0.9988119602203369,0.9710226030576805,0.3147588301272622,0.9975924491882324,0.9022107833907724,0.5066429546901162,0.9991999864578247,0.9452890469914398,0.5111044191178825,0.9988014698028564,59.78143152505661,0
848,0.8997404461815252,0.29589148362477646,0.9987929463386536,0.9711051640056436,0.3148104534262705,0.9975661039352417,0.9022105847086233,0.5066637765793577,0.999191164970398,0.945285720484598,0.511125661077954,0.998799204826355,59.78143152505661,0
849,0.8997464066460026,0.2958942367917018,0.9987691640853882,0.9711865981419889,0.3148559232552849,0.9975320100784302,0.9022105761936741,0.506684467906044,0.999181866645813,0.9452957567714517,0.5111466333979655,0.9987985491752625,59.78143152505661,0
850,0.8997603285880322,0.29589638113975547,0.9987525939941406,0.9712752756618326,0.3149213436104005,0.9974895119667053,0.902216729663668,0.506694927102044,0.9991707801818848,0.9453181596029381,0.5111669216837207,0.9987941384315491,59.78143152505661,0
851,0.899777551492056,0.29590733420281207,0.9987199306488037,0.971341998804184,0.3149858046145669,0.9974214434623718,0.9022251112120498,0.5067151501065212,0.9991556406021118,0.9453511436780302,0.5111937068757562,0.9987808465957642,59.78143152505661,0
852,0.8997932587351125,0.29592249506995816,0.9986891150474548,0.9713978426797056,0.3150485796587811,0.9973523020744324,0.9022366063935424,0.5067255440212436,0.9991295337677002,0.9453924355052774,0.5112327025050213,0.9987437129020691,59.78143152505661,0
853,0.8998050036884497,0.2959398527940117,0.998654305934906,0.9714423020680754,0.3150965032123386,0.9972884654998779,0.9022480476470228,0.5067754841986161,0.9991066455841064,0.9454328871908649,0.5112987558046981,0.9987254738807678,59.78143152505661,0
854,0.8998090028762824,0.2959559602396831,0.9986400008201599,0.9714744261332928,0.31513327785900686,0.9972690343856812,0.9022519758769452,0.5068910689581012,0.9990891218185425,0.9454571689878198,0.5114115760439922,0.9987135529518127,59.78143152505661,0
855,0.8998057757105153,0.2959677875041964,0.9986152648925781,0.9714849676404689,0.3151504908289231,0.9972144365310669,0.9022485982804078,0.5070347416968577,0.9990708231925964,0.9454754392306017,0.5115346539588206,0.998694658279419,59.78143152505661,0
856,0.8998039677029572,0.29597306109610083,0.9986045956611633,0.9714958242007672,0.31518197485378835,0.9971808195114136,0.9022489899680735,0.5071486319814413,0.9990576505661011,0.9454917027836762,0.5116257695924673,0.9986683130264282,59.78143152505661,0
857,0.8998059573627661,0.2959641771657129,0.998592734336853,0.9715033457392745,0.3152094625291373,0.9971638917922974,0.9022507639158346,0.5072028069269093,0.9990546107292175,0.9455071772847864,0.5116502585865207,0.9986596703529358,59.78143152505661,0
858,0.8998187553314944,0.29593968675250126,0.9985744953155518,0.9715124709265581,0.315234096277328,0.99713534116745,0.9022545246850884,0.5071224030994238,0.9990434050559998,0.9455231144314729,0.5115861608868557,0.9986361265182495,59.78143152505661,0
859,0.8998395232927239,0.29591603648094933,0.9985572695732117,0.9715228790328625,0.3152435776733219,0.9971034526824951,0.9022585068430227,0.506997590973264,0.9990308880805969,0.9455344960803085,0.5114926752590001,0.9986071586608887,59.78143152505661,0
860,0.8998584378333326,0.2959000127656122,0.9985274076461792,0.9715176139559072,0.315206913720994,0.997042179107666,0.9022582939692914,0.506891216550555,0.9990077018737793,0.9455353106771204,0.5114167275882907,0.998565673828125,59.78143152505661,0
861,0.899870747611637,0.2959005676564719,0.9985021948814392,0.9714985830443253,0.31513044521922184,0.9969902038574219,0.9022547971634645,0.5068405185426988,0.9989981055259705,0.9455204237075087,0.5114012530871804,0.9985641837120056,59.78143152505661,0
862,0.8998759417306816,0.29591970358576114,0.99847012758255,0.9714845901443853,0.3150407530012587,0.9969470500946045,0.9022560885974347,0.5068518718083703,0.9989805221557617,0.9455036520957955,0.5114393404551919,0.9985640048980713,59.78143152505661,0
863,0.8998822711762935,0.29593258386566546,0.9984456896781921,0.9714783770697466,0.3149640673682806,0.9969053864479065,0.9022498471396316,0.5069132589158561,0.9989653825759888,0.9454779341107331,0.5115231474240625,0.9985636472702026,59.78143152505661,0
864,0.8998938288007471,0.2959473729133608,0.9984183311462402,0.9714812891823913,0.3149390149684182,0.9968675374984741,0.9022387918971841,0.5069883181935269,0.9989492893218994,0.9454545236769183,0.511620470455715,0.9985604882240295,59.78143152505661,0
865,0.8999058093343469,0.29596358253842336,0.9983965158462524,0.971495849745615,0.3149654978797552,0.9968469738960266,0.9022097105071666,0.5070487885248097,0.9989398717880249,0.945425836812883,0.5117005563917618,0.9985648393630981,59.78143152505661,0
866,0.8999126184554334,0.295968328203474,0.9983837604522705,0.9715015519232985,0.3149875586941131,0.9968385100364685,0.9021658301353461,0.5070586090996156,0.9989296793937683,0.9453906927789968,0.5117282697132659,0.9985578060150146,59.78143152505661,0
867,0.899919910090311,0.29596673874628,0.9984107613563538,0.9715028206507373,0.31501222366378445,0.9968968033790588,0.9021200083550961,0.507035647119795,0.998942494392395,0.9453507179305675,0.511728181725457,0.9985679388046265,59.78143152505661,0
868,0.8999288507870273,0.2959629070191159,0.9984180927276611,0.9715076429503312,0.31503738108135426,0.9969237446784973,0.9020866354306547,0.5069875064350313,0.9989443421363831,0.9453188521521438,0.5117063153357737,0.9985650777816772,59.78143152505661,0
869,0.899939798173451,0.2959535050959816,0.998436450958252,0.9715045889218656,0.3150535907064168,0.996952474117279,0.9020628957521355,0.5069398454257424,0.9989597201347351,0.9452789170401444,0.5116858056613381,0.9985827207565308,59.78143152505661,0
870,0.8999570551372716,0.295946823699134,0.9984336495399475,0.9714931590216508,0.3150707568441121,0.9969616532325745,0.9020567224139266,0.5069381395975753,0.998961865901947,0.9452423680396315,0.5116957795052306,0.9985889792442322,59.78143152505661,0
871,0.8999745249748238,0.29593306070282366,0.9984306693077087,0.9714737875120989,0.31508060438292396,0.9969651699066162,0.9020593932696759,0.5069056351979577,0.9989646673202515,0.9452125458490288,0.5116553249813265,0.9985900521278381,59.78143152505661,0
872,0.8999853417986923,0.2959085248765494,0.9984351396560669,0.9714518501645051,0.31507979404358666,0.996982753276825,0.9020653906322668,0.5068330083574571,0.9989719390869141,0.945191613265447,0.5115657051404321,0.9986023902893066,59.78143152505661,0
873,0.8999945407822025,0.2958862597034093,0.9984766840934753,0.9714333329881949,0.3150779533953897,0.9970282316207886,0.9020764856111443,0.5067526187215536,0.9990017414093018,0.9451760337466293,0.5114616354306543,0.998636782169342,59.78143152505661,0
874,0.900002198559898,0.2958512788727172,0.9985030889511108,0.9714251160621651,0.3150971134503685,0.9970512986183167,0.9020900641168873,0.5066703841799786,0.9990201592445374,0.9451674875758951,0.5113660097122197,0.9986526370048523,59.78143152505661,0
875,0.900000174840292,0.29581438643591773,0.9985297322273254,0.9714227744511204,0.31513817111651127,0.9970932602882385,0.902098510946547,0.5065851183164691,0.9990346431732178,0.9451467735426775,0.5112807438487104,0.9986690878868103,59.78143152505661,0
876,0.9000014747892114,0.2957817472162703,0.9985771775245667,0.9714235322816038,0.31519849243618214,0.9971566796302795,0.9020989083108455,0.5065341705367683,0.9990643858909607,0.9451178510983793,0.5112462753341316,0.9986979365348816,59.78143152505661,0
877,0.8999939759572353,0.29575373445238407,0.998631477355957,0.9714267480941052,0.3152550998188203,0.9972198605537415,0.9020992262022842,0.5064726812498914,0.9990967512130737,0.9450900923638124,0.5111968347004485,0.9987303614616394,59.78143152505661,0
878,0.8999833521388834,0.2957399629411246,0.9986677169799805,0.9714177903674905,0.31529055322919597,0.9972657561302185,0.902098911149162,0.5064130397070026,0.9991161227226257,0.9450739111219141,0.5111457478432433,0.9987463355064392,59.78143152505661,0
879,0.8999613608632776,0.2957531029269811,0.9987152814865112,0.97140239533924,0.3153076980795182,0.997321367263794,0.9020907708576755,0.5064105079287579,0.9991407990455627,0.945052609557198,0.511125309126718,0.9987717866897583,59.78143152505661,0
880,0.8999327194123048,0.2957650579157332,0.9987304210662842,0.9713758372125179,0.3152974020867123,0.9973464012145996,0.9020781375112995,0.5064625881967095,0.9991452693939209,0.9450295652662013,0.511134607451303,0.9987785220146179,59.78143152505661,0
881,0.8998884019397562,0.2957809382960912,0.9987408518791199,0.9713367308889125,0.3152696490287783,0.9973606467247009,0.9020624983878369,0.5065496563911442,0.999147891998291,0.9449822505315153,0.5111535276685446,0.9987834692001343,59.78143152505661,0
882,0.8998487932341446,0.2957860302357449,0.9987508058547974,0.9712923765182504,0.31523393307413394,0.9973877668380737,0.9020513807024281,0.5066200040635613,0.9991481900215149,0.9449257737114324,0.5111666633969265,0.9987806677818298,59.78143152505661,0
883,0.8998089290800555,0.29578545121919564,0.9987561702728271,0.9712586346126746,0.31519885715984186,0.9974157810211182,0.902046740055085,0.5066661919866293,0.9991431832313538,0.9448668332326988,0.511173472518013,0.9987710118293762,59.78143152505661,0
884,0.8997871052651185,0.2957730761596137,0.9987854957580566,0.9712317926543108,0.3151723458653407,0.997484564781189,0.9020510088829774,0.5066704182397757,0.9991500377655029,0.9448286663918276,0.5111646879286997,0.9987671375274658,59.78143152505661,0
885,0.8997688974652979,0.295728310233071,0.9987946152687073,0.9712178139459526,0.3151624685242065,0.9975164532661438,0.9020488631157656,0.5066677871204561,0.9991490244865417,0.9448053638140368,0.5111580491065983,0.9987574219703674,59.78143152505661,0
886,0.8997457964079728,0.29566328156562105,0.9988085627555847,0.9712121685345976,0.3151597139381229,0.9975500702857971,0.902045218717485,0.5066655363355368,0.9991550445556641,0.944802383581798,0.5111515380087357,0.9987549185752869,59.78143152505661,0
887,0.8996935288111376,0.29560064701806954,0.9988473653793335,0.9711788722446995,0.3151463213421052,0.9976060390472412,0.9020407398541775,0.5066757684662233,0.9991752505302429,0.9447991535777145,0.5111509391239715,0.9987716674804688,59.78143152505661,0
888,0.8996355306534548,0.2955509991872881,0.9988895058631897,0.9711165059180494,0.31510669276827885,0.9976790547370911,0.9020377482686731,0.5066438317298894,0.9991970062255859,0.9447939253988727,0.5111112708137153,0.998790979385376,59.78143152505661,0
889,0.8995843529701241,0.2955296990417301,0.9988975524902344,0.9710311009770356,0.3150097259453367,0.9977178573608398,0.9020258188247687,0.5066128004164927,0.9991967082023621,0.9447745226678402,0.511066487857274,0.9987841844558716,59.78143152505661,0
890,0.8995511247998199,0.2955276824179152,0.9988958835601807,0.9709517302967261,0.31489085157712327,0.9977560639381409,0.9020055135091153,0.5065802704720275,0.9991991519927979,0.9447282183737991,0.5110209272021343,0.998794436454773,59.78143152505661,0
891,0.8995368196850739,0.29551644410405864,0.9989026784896851,0.9708850468908046,0.31476645810263526,0.9977769255638123,0.9019784586770202,0.5065667430559797,0.999203085899353,0.9446680261975251,0.5109936963944213,0.9988033771514893,59.78143152505661,0
892,0.8995336294174201,0.29550220852806475,0.9989162683486938,0.9708650254067929,0.31471268194062396,0.9977902173995972,0.9019546026275278,0.5065681934356694,0.9992029666900635,0.9446112598691676,0.5109870405424213,0.9988009929656982,59.78143152505661,0
893,0.8995234426997964,0.2954936268783753,0.9989205002784729,0.9708651502927151,0.31473482080868337,0.9977886080741882,0.90193735134034,0.5065667941456753,0.9992027878761292,0.9445715716906964,0.5109985045024331,0.998796820640564,59.78143152505661,0
894,0.8995239479201188,0.29550143224852454,0.9989371299743652,0.9709235855511265,0.314846985396885,0.9978037476539612,0.9019293614796238,0.506606689521245,0.9992050528526306,0.9445558729625891,0.5110039597465883,0.9987992644309998,59.78143152505661,0
895,0.8995274645941604,0.2955189645290377,0.9989420175552368,0.9710175763993044,0.31501245782488896,0.9977572560310364,0.9019292791684477,0.5066979215258648,0.9992027282714844,0.9445704959687741,0.5110076495579314,0.9987843632698059,59.78143152505661,0
896,0.8995219525836771,0.29553204916772413,0.9989334344863892,0.9711215581212733,0.3152286041350594,0.9977009296417236,0.9019127999033254,0.5068097398394634,0.9991918802261353,0.9445865466481171,0.5110109278133941,0.9987618923187256,59.78143152505661,0
897,0.8994925589788536,0.2955372049694972,0.9989376068115234,0.9711968643324724,0.3154750721795221,0.9976317286491394,0.9018851149649855,0.5069186346871517,0.9991967082023621,0.9446111690430421,0.5110102097193404,0.998745858669281,59.78143152505661,0
898,0.8994509379069018,0.2955398133822852,0.9989468455314636,0.9712274982815705,0.31572617519469515,0.9975923895835876,0.9018593856266574,0.5069992826098492,0.9992092847824097,0.9446390072504687,0.5110198883783255,0.9987438321113586,59.78143152505661,0
899,0.8994071909359531,0.29552583041645253,0.9989582300186157,0.9711919285002216,0.3159074371769317,0.9975616335868835,0.9018385467075174,0.5069789687792464,0.999217689037323,0.944658523514158,0.5109876820019317,0.9987365007400513,59.78143152505661,0
900,0.8993819469497324,0.2955098677249184,0.9989715218544006,0.9711376712435775,0.31604996749333,0.9975591897964478,0.901828152792795,0.5069647658438914,0.9992285370826721,0.9446727065812981,0.5109571842920216,0.9987487196922302,59.78143152505661,0
901,0.8993751066071654,0.29549066367603505,0.9989798665046692,0.9710981590407243,0.3161532495703019,0.9975113868713379,0.9018316921733682,0.5068691202572417,0.9992390871047974,0.9446892937024443,0.5108750519298375,0.9987527132034302,59.78143152505661,0
902,0.8993817482675832,0.2954656055995398,0.998992383480072,0.9710732074010948,0.3162125916708086,0.9974650740623474,0.9018190361204609,0.5067321686517628,0.9992567300796509,0.9446920270011545,0.5107749246415643,0.9987624287605286,59.78143152505661,0
903,0.8993612442697805,0.2954926689465843,0.9989973902702332,0.9710743398893456,0.31626595769609744,0.9974077343940735,0.9017967326300492,0.5065992077191674,0.9992796778678894,0.9446893618220382,0.5106792563483833,0.9987741112709045,59.78143152505661,0
904,0.8993208607037869,0.2955741754599982,0.9990091919898987,0.9710850176357095,0.3162923597154166,0.9973867535591125,0.9017814227512911,0.5065160507247566,0.9993029832839966,0.944685325736092,0.5106256746110466,0.9987913370132446,59.78143152505661,0
905,0.899279761882056,0.2956744744664149,0.9990211725234985,0.9710898030371901,0.3162768823759899,0.9973753094673157,0.9017811928476613,0.50645995707739,0.9993234276771545,0.9446808440344682,0.5105800316447308,0.9988053441047668,59.78143152505661,0
906,0.8992028066090183,0.2958086729049685,0.9990314245223999,0.9710668779554829,0.3162666545027781,0.9973769783973694,0.9017924950236373,0.5065300634929115,0.9993427991867065,0.9446790899549219,0.5106079578399663,0.9988229870796204,59.78143152505661,0
907,0.8990946610768643,0.29592629415648347,0.9990390539169312,0.9710423208418354,0.3162785285995123,0.9973639249801636,0.9018100329807834,0.5065697772162305,0.9993537068367004,0.9446794958341698,0.5106121415183662,0.9988290667533875,59.78143152505661,0
908,0.8989700022197913,0.2960029883044109,0.9990301728248596,0.971012853440785,0.31629652210644343,0.9973291754722595,0.901818908396222,0.5065887967745466,0.9993553757667542,0.9446755420593995,0.5105875389916561,0.9988171458244324,59.78143152505661,0
909,0.8988447331246883,0.2960677899065474,0.9990466833114624,0.9709889633314959,0.3163133703526999,0.9973320364952087,0.9018168960298818,0.5065677336284097,0.9993684887886047,0.9446692381586355,0.5105328446342836,0.9988248348236084,59.78143152505661,0
910,0.8987290632157107,0.2961199766113647,0.9990522265434265,0.9709801021076392,0.3163443690254577,0.9973139762878418,0.9018067376954222,0.5065115378016521,0.9993759393692017,0.9446643335478655,0.5104621251424157,0.9988178610801697,59.78143152505661,0
911,0.8986274656795328,0.29616362707955524,0.999062180519104,0.9709885262307675,0.3163842473711289,0.9973260164260864,0.9017932727223359,0.5064456775074917,0.9993817806243896,0.9446627355757222,0.5104054042271209,0.9988119006156921,59.78143152505661,0
912,0.8984815506708062,0.2962592428638824,0.999062716960907,0.9709908905483435,0.31641335998262704,0.9973188042640686,0.9017798900604256,0.5064424787248888,0.9993792176246643,0.9446648274149221,0.5104132550103329,0.9987964630126953,59.78143152505661,0
913,0.8983134485426412,0.29637304232234074,0.9990533590316772,0.9710017669768568,0.3164232075214388,0.997310996055603,0.901762709731148,0.5064436424346201,0.9993703961372375,0.9446581914311372,0.5104085774648761,0.9987715482711792,59.78143152505661,0
914,0.8981342996869777,0.29652687055724036,0.9990536570549011,0.970981146608081,0.3164094331718629,0.9973528385162354,0.9017341335614529,0.5065050408953716,0.999363899230957,0.9446309322402597,0.5105152328809107,0.9987611770629883,59.78143152505661,0
915,0.8979874622254151,0.2966992613815128,0.9990544319152832,0.9709141084126072,0.31637580196062753,0.9973791837692261,0.9017056766010474,0.5065600928806128,0.9993593692779541,0.944589268593562,0.5106706278664729,0.9987515807151794,59.78143152505661,0
916,0.8978884078207477,0.29688054181280615,0.9990402460098267,0.9708349704742439,0.31636070069812616,0.9973567724227905,0.9016786217689521,0.5065982512065346,0.9993411302566528,0.9445372223854072,0.5108236046064472,0.998722493648529,59.78143152505661,0
917,0.8978390466599244,0.29703125499543714,0.9990249276161194,0.9707530481474749,0.31636396760032315,0.9973346590995789,0.901659343923842,0.5066186076118837,0.9993221163749695,0.944489552861169,0.5109470174426128,0.9986913204193115,59.78143152505661,0
918,0.8978066614695965,0.2971440397557761,0.9990159273147583,0.9706699479193923,0.31639065487044227,0.9973493814468384,0.9016475422041764,0.5066182556606479,0.9993036389350891,0.9444584023384828,0.5110096846308031,0.998666524887085,59.78143152505661,0
919,0.8977782499222535,0.2972005279291246,0.9990065693855286,0.970590946220217,0.31640161644844805,0.9973515272140503,0.901631190663293,0.5066064624559315,0.9992839694023132,0.9444289689972294,0.5109860726765227,0.9986411929130554,59.78143152505661,0
920,0.8977191504978005,0.2972433410939719,0.9989973306655884,0.9704951246579496,0.3163901056562154,0.9973495006561279,0.9016077121098844,0.5066602286838353,0.9992629289627075,0.9443954200971703,0.5110317752474834,0.9986190795898438,59.78143152505661,0
921,0.8975843957492291,0.29728039673396545,0.998961865901947,0.9703972424779628,0.31633154409272357,0.9972984194755554,0.9015756135895145,0.5067269007364913,0.9992255568504333,0.9443546590350931,0.5110840059462052,0.9985643625259399,59.78143152505661,0
922,0.8974234575317027,0.29731969748224557,0.9989349842071533,0.9703468283017485,0.3162576896803722,0.9972637891769409,0.9015434299196523,0.5067863038608009,0.9991905689239502,0.9443058258011234,0.5111311816033867,0.998515784740448,59.78143152505661,0
923,0.8972909422147849,0.2973503711677735,0.9989120960235596,0.9703205313001368,0.3161287038099201,0.9972636699676514,0.9015198548634854,0.5068185102371947,0.9991520643234253,0.9442560417311539,0.5111480922926044,0.9984596371650696,59.78143152505661,0
924,0.897210705847968,0.29737023796354045,0.9989041090011597,0.9702815299942388,0.31597615991319955,0.9972599148750305,0.9015054986590438,0.5068150304612664,0.9991370439529419,0.9442182381947842,0.5111185255504793,0.998440682888031,59.78143152505661,0
925,0.8971790586199087,0.2973850880350388,0.998891294002533,0.9702254391851887,0.31579554080963157,0.9972441792488098,0.9014945654642021,0.506773139749255,0.9991196393966675,0.9441907973516562,0.5110334101177402,0.9984278082847595,59.78143152505661,0
926,0.8971913513683144,0.29736939356440617,0.9988808035850525,0.970167421159291,0.3156200902802606,0.9972177147865295,0.9014914262862439,0.5066669554937457,0.9991055727005005,0.9441755101794296,0.510879667032333,0.9984143376350403,59.78143152505661,0
927,0.8971890892301294,0.29733376985504534,0.9988895058631897,0.9701274321192794,0.31543186165037634,0.9972617626190186,0.9014850883256829,0.506513201055073,0.999100387096405,0.9441704182397759,0.510687663441613,0.9984116554260254,59.78143152505661,0
928,0.8971848260788697,0.29728534250032357,0.9988665580749512,0.9701217498098109,0.3152704238891604,0.9971908926963806,0.9014687311081667,0.5063553651173913,0.9990826845169067,0.9441581907726477,0.510518380573818,0.9983867406845093,59.78143152505661,0
929,0.897181329273043,0.29724014798800175,0.9988372325897217,0.9701259051050466,0.31509954872585505,0.9970942139625549,0.9014543521971936,0.5062357499485928,0.9990526437759399,0.9441358447074897,0.5104011694590255,0.9983426928520203,59.78143152505661,0
930,0.8971803103174489,0.29720704044614543,0.9988106489181519,0.9701325212206168,0.314961271626609,0.9970099925994873,0.9014399988310684,0.5061814274106711,0.9990183711051941,0.9441116225151795,0.5103566930407574,0.9983015060424805,59.78143152505661,0
931,0.8971599567504164,0.29722957100187053,0.9987848401069641,0.9701502294767479,0.31486920657612055,0.9969173669815063,0.9013959708667945,0.5062100745382767,0.9989843368530273,0.9440777954601114,0.5103699564933781,0.9982617497444153,59.78143152505661,0
932,0.8971345907165897,0.2973215395496007,0.9987810254096985,0.970172618116652,0.31484949872607304,0.9968714118003845,0.901317857560658,0.5062993367513025,0.9989718794822693,0.9440085547310973,0.5104366853123623,0.9982454180717468,59.78143152505661,0
933,0.8971101187524348,0.29744761188825,0.9987627863883972,0.970213038580759,0.3148388451053985,0.9968071579933167,0.9012340647833695,0.5064080045336773,0.9989555478096008,0.943919607571194,0.5105226380484449,0.9982237219810486,59.78143152505661,0
934,0.8970855133874083,0.29756501175108435,0.998748242855072,0.9702615624382391,0.3148253276234584,0.9967513084411621,0.9011556279091616,0.5065120316687088,0.9989433884620667,0.9438309953326278,0.5106060618445991,0.9982118010520935,59.78143152505661,0
935,0.8970836060387755,0.2976476450761162,0.9987480044364929,0.9703070947102146,0.3147965229692916,0.996764063835144,0.9011028125172577,0.5065839659600035,0.9989336133003235,0.9437447502499543,0.5106710223924551,0.9982043504714966,59.78143152505661,0
936,0.8971009481520887,0.2976446066583909,0.9987419247627258,0.9703433059510738,0.31475795166833087,0.996729850769043,0.9010839519046608,0.5065585857345949,0.9989299178123474,0.9436900644075311,0.5106659503210162,0.998199999332428,59.78143152505661,0
937,0.8971203821046019,0.2975878630365647,0.9987388253211975,0.9703658393451154,0.3147215502602716,0.9967110753059387,0.9010738588514791,0.5064862342107868,0.9989290833473206,0.9436576139359255,0.5106164784658527,0.9981999397277832,59.78143152505661,0
938,0.897139109316327,0.2975366229102727,0.9987428784370422,0.9703758529254376,0.31470740976787775,0.9966980814933777,0.9010627667109179,0.5064265813146323,0.9989321827888489,0.9436269714718781,0.510577431746892,0.9981992244720459,59.78143152505661,0
939,0.897155682245891,0.29748927979242257,0.9987486004829407,0.9703894484610792,0.31469159750711373,0.9966786503791809,0.9010549670174016,0.5063855761573433,0.9989370107650757,0.9435984889666247,0.5105552219209222,0.9981997013092041,59.78143152505661,0
940,0.8971619889849716,0.297462955826805,0.9987590909004211,0.9704044659932463,0.31467916000457063,0.9966612458229065,0.9010489157267987,0.5063729257810687,0.9989454746246338,0.9435867042768578,0.5105307442801343,0.9982054829597473,59.78143152505661,0
941,0.8971651906058908,0.29747029713221984,0.9987483620643616,0.9704161257970909,0.3146618604660037,0.9966226816177368,0.9010365804036465,0.5063917324656536,0.9989442229270935,0.9435702250117355,0.5105048077447079,0.9981949329376221,59.78143152505661,0
942,0.8971642738296879,0.2974839011828107,0.9987386465072632,0.9704216349692579,0.31465526705696495,0.9965822100639343,0.901026334081378,0.5063912726583939,0.9989394545555115,0.943562879448846,0.510453771977198,0.9981754422187805,59.78143152505661,0
943,0.897171344075885,0.2974914241404763,0.9987255334854126,0.9704236785570788,0.3146595756212873,0.9965215921401978,0.9010184776215333,0.5063849205062507,0.998933732509613,0.9435548555283327,0.5104017286073598,0.9981485605239868,59.78143152505661,0
944,0.8971803897903087,0.2974948670182912,0.9987232089042664,0.9704232414563504,0.31468750323568095,0.996477484703064,0.901022448426202,0.5063853547686625,0.9989413022994995,0.943552928311485,0.5103669251714438,0.9981507658958435,59.78143152505661,0
945,0.8972281018892931,0.2974867735590256,0.9987277984619141,0.9704346231051861,0.314722979352588,0.9964644908905029,0.9010318319002795,0.5063829336847582,0.9989506006240845,0.9435515063149597,0.5103626762117663,0.9981697201728821,59.78143152505661,0
946,0.8972849789119909,0.29749282768794494,0.9987223744392395,0.9704529018629173,0.3147486235414235,0.9964244961738586,0.901033262411754,0.5063955925759819,0.998950719833374,0.9435386686098015,0.5103905683472048,0.9981768131256104,59.78143152505661,0
947,0.8973270597912023,0.2975120118686133,0.9987173676490784,0.970472577072326,0.31474313139915494,0.9964039921760559,0.901028928302584,0.50645524263382,0.9989467263221741,0.9435041631971095,0.5104704158646725,0.998177170753479,59.78143152505661,0
948,0.8973493008386528,0.2975556694325949,0.9987034797668457,0.9704897006352751,0.3147488733132683,0.9963863492012024,0.9010194284575334,0.5065537634350008,0.9989193677902222,0.9434508851596294,0.5105862503960024,0.998135507106781,59.78143152505661,0
949,0.8973504446801692,0.2976082066694898,0.99869704246521,0.9704984681946899,0.3147541227794831,0.9963926076889038,0.901005617209844,0.506669748397101,0.9989030957221985,0.94339296363649,0.5106984802654815,0.9981153607368469,59.78143152505661,0
950,0.8973425541605276,0.29765794958387126,0.998694896697998,0.9704933194887078,0.3148618624323893,0.9963892102241516,0.9009764989217129,0.5068025674138754,0.9988994598388672,0.9433401595978518,0.510846853256226,0.9981113076210022,59.78143152505661,0
951,0.8973454634348559,0.2976876397927605,0.9987046718597412,0.9704996205511556,0.31503219263894244,0.9963728189468384,0.9009286307153255,0.5068986501012533,0.998901903629303,0.9432970796312612,0.5109756503786363,0.998114287853241,59.78143152505661,0
952,0.8973400479271305,0.297704685302008,0.9987120628356934,0.9705122993105942,0.3152214572543192,0.996374785900116,0.9008605678876248,0.5069703488122854,0.9989033341407776,0.9432609421866288,0.5110857401575366,0.9981175065040588,59.78143152505661,0
953,0.897313643069495,0.2976993166265036,0.9987244606018066,0.9705258210500088,0.31536435513269356,0.9964131712913513,0.9007987777392078,0.5069768088204524,0.9988974332809448,0.9432291246595844,0.5111351552463717,0.9980983138084412,59.78143152505661,0
954,0.8972609809466777,0.2976926281338649,0.9987421035766602,0.9705433703604207,0.3154441089857195,0.9964723587036133,0.9007578463781455,0.5069316994576231,0.9988976120948792,0.9432056716510235,0.5111166295551122,0.9980975985527039,59.78143152505661,0
955,0.8971725361687803,0.2976868266151067,0.9987442493438721,0.9705562790234892,0.3154394967215405,0.9964975118637085,0.90074509382248,0.5068598758606687,0.9989007711410522,0.9431968927383432,0.5110418143726535,0.9980970025062561,59.78143152505661,0
956,0.8970881643749425,0.29768773913383506,0.9987574815750122,0.9705602441515249,0.31545507056372535,0.9965569972991943,0.9007428430375606,0.5068124844914395,0.9989053010940552,0.9431954082988565,0.5109954760188152,0.9981054067611694,59.78143152505661,0
957,0.897016196023851,0.2977021592003961,0.9987505674362183,0.9705612631071189,0.31546777628716993,0.9965366125106812,0.9007411315327607,0.5067780528749742,0.998892605304718,0.9431944688161222,0.510942779836201,0.9980822801589966,59.78143152505661,0
958,0.896931108974276,0.2977078528631304,0.9987479448318481,0.9705584474972324,0.31539437600544545,0.9964842796325684,0.9007401608285457,0.5067390600840255,0.9988939166069031,0.9431955303464625,0.5108723186311271,0.9980709552764893,59.78143152505661,0
959,0.8968471742811664,0.29768297927720233,0.9987463355064392,0.9705540452684683,0.3152039022672747,0.9964906573295593,0.9007427380198532,0.5066301056316924,0.9988997578620911,0.9431993365287789,0.5107162140664605,0.9980747103691101,59.78143152505661,0
960,0.8967731282824569,0.297641497282755,0.9987648725509644,0.9705557965096981,0.31496123330933734,0.9965808987617493,0.9007461099397576,0.5064915560540704,0.9989068508148193,0.9432047378449222,0.5105290072304867,0.99808669090271,59.78143152505661,0
961,0.8966967208044877,0.297592776162284,0.9987770915031433,0.9705590179988324,0.3147255849270596,0.9966349005699158,0.9007482698985516,0.5063766950652717,0.9989199638366699,0.9432064266431908,0.5103656394141065,0.9981049299240112,59.78143152505661,0
962,0.8966286381085721,0.29754949893270244,0.9987857937812805,0.9705650494212203,0.31457054615020774,0.9966906309127808,0.9007493910335366,0.5062478298232673,0.9989300966262817,0.9432104144777579,0.5101795934495477,0.9981216192245483,59.78143152505661,0
963,0.8965785872368592,0.2975284982295266,0.998797595500946,0.9705694942247308,0.31454360768908574,0.996730625629425,0.9007517156146829,0.5061340133349105,0.9989411234855652,0.9432190316064024,0.5100015742438184,0.9981365203857422,59.78143152505661,0
964,0.89650883561089,0.2975198470410849,0.9988001585006714,0.970546055407752,0.3145624484334676,0.9967172741889954,0.9007562711125336,0.5060336447897416,0.9989542961120605,0.9432302429562531,0.5098307984215877,0.9981481432914734,59.78143152505661,0
965,0.8964229282878702,0.2975168469406312,0.9987879991531372,0.9704908359618422,0.3145929276943209,0.9965870380401611,0.9007610309691664,0.5059562070029127,0.9989564418792725,0.943241565000444,0.5096824821971716,0.9981343746185303,59.78143152505661,0
966,0.8963025439353224,0.29752906163533555,0.9987738132476807,0.9704108266603387,0.3145946746780761,0.9964752197265625,0.9007635116577156,0.5059189058485489,0.9989566802978516,0.9432500089917872,0.5095702267828446,0.9981116652488708,59.78143152505661,0
967,0.8961667588778912,0.2975475887457532,0.9987555742263794,0.9703351741745367,0.3145637739272347,0.9963996410369873,0.9007626232646768,0.505937150546483,0.9989508986473083,0.943249546346211,0.5095117517880035,0.9980853199958801,59.78143152505661,0
968,0.8960371045839226,0.2975815633932752,0.9987460374832153,0.9702840504192178,0.3145576105231333,0.9963857531547546,0.9007568898655127,0.5059408119746621,0.9989359378814697,0.9432450362614231,0.509457281657628,0.9980498552322388,59.78143152505661,0
969,0.8959389754704075,0.2976176710355852,0.9987316131591797,0.9702247012229201,0.3145942276432403,0.9963306188583374,0.9007534980773932,0.5059446720849904,0.9989333748817444,0.943242862111047,0.5093966608955751,0.9980400800704956,59.78143152505661,0
970,0.895890843300593,0.2976407238415312,0.9987180233001709,0.9701104561487841,0.314659315915335,0.9962625503540039,0.9007526210376202,0.5059466872896471,0.9989345073699951,0.9432385138102948,0.5093283823558267,0.9980307221412659,59.78143152505661,0
971,0.8958679267338351,0.29768639944848585,0.9987055063247681,0.9699214299519864,0.3147304568971909,0.9962161183357239,0.9007459055809754,0.5059519211451217,0.9989334344863892,0.9432233117875606,0.5092739235787168,0.9980217814445496,59.78143152505661,0
972,0.8958453536033637,0.2977356626873927,0.9986897706985474,0.9696928915523355,0.3147361165001281,0.9961667060852051,0.9007614850997933,0.5059288456326443,0.998931884765625,0.9432056177230115,0.5091739325296316,0.998016893863678,59.78143152505661,0
973,0.895834289845967,0.2977844334784011,0.9986684322357178,0.9695079184713826,0.3146815583819437,0.9961056113243103,0.900792334760939,0.5058913599877135,0.9989254474639893,0.9431850569588806,0.5090581859861105,0.9980040192604065,59.78143152505661,0
974,0.8958279064723431,0.29784241460618543,0.9986617565155029,0.9693698854673484,0.31461106595538935,0.996069610118866,0.900824671699888,0.5059019270397372,0.9989228844642639,0.9431552319299614,0.5089966143880575,0.9979958534240723,59.78143152505661,0
975,0.8958196015585044,0.2978853086630506,0.9986473321914673,0.9692823205675406,0.3145379409903574,0.9960653781890869,0.9008563416344786,0.5059506694475814,0.9988994598388672,0.9431310608273469,0.5089601193155565,0.9979625344276428,59.78143152505661,0
976,0.8958129229999732,0.29789994018418475,0.9986347556114197,0.9692273849532725,0.3144601086775465,0.9960816502571106,0.9008777283486873,0.5060457956223265,0.9988670349121094,0.9431136449178068,0.5089744897115802,0.9979286193847656,59.78143152505661,0
977,0.8958035650707434,0.2979210231985367,0.9986312389373779,0.9691808394023358,0.3143918712933861,0.9960848093032837,0.9008757642337262,0.5061827273595905,0.9988570809364319,0.9430938306308936,0.5090361379441766,0.9979246854782104,59.78143152505661,0
978,0.8957972384634479,0.2979269325733187,0.9986248016357422,0.9691478695188258,0.31438131701378624,0.9961193203926086,0.9008811825797678,0.506292059308007,0.9988351464271545,0.9430860252607444,0.5090751250584924,0.9979028701782227,59.78143152505661,0
979,0.8957966708001645,0.29792604134196354,0.998629629611969,0.9691458741823841,0.3144247077760245,0.99610435962677,0.9008815146627888,0.5064179812158861,0.9988299012184143,0.9430875125385474,0.5091315763337276,0.9978878498077393,59.78143152505661,0
980,0.895790534360069,0.2979360407307037,0.9986324906349182,0.9691186093148739,0.31449016502925353,0.9960430264472961,0.9008595006806517,0.5065731576510841,0.9988365173339844,0.9430725716409237,0.5092345078786218,0.9978790879249573,59.78143152505661,0
981,0.8957851415588749,0.2979499882175811,0.9986302256584167,0.9690987269083666,0.3146650578294484,0.9959865212440491,0.9008314751443416,0.5067133165541153,0.998831570148468,0.9430827583585475,0.5093378453027639,0.9978709816932678,59.78143152505661,0
982,0.8957783608209526,0.2979624186243332,0.9986448287963867,0.9690343936284391,0.3148364595004493,0.9959701299667358,0.9008053654716135,0.5068123766354156,0.99884432554245,0.9430994448207681,0.5094266704150613,0.9978873133659363,59.78143152505661,0
983,0.8957587083180754,0.2979821491809121,0.9986705780029297,0.9689376751581836,0.31494826362246586,0.9959354996681213,0.9007765508833393,0.5068417134739107,0.9988803863525391,0.9431035178048277,0.50948802346275,0.997928261756897,59.78143152505661,0
984,0.8957334302720577,0.29798920097805226,0.9986585378646851,0.9688432897840235,0.31504097580909757,0.9959332942962646,0.9007899761199959,0.50679909331458,0.9988758563995361,0.943128724892935,0.5094969102314544,0.9979175329208374,59.78143152505661,0
985,0.8957104739688699,0.29798562044189114,0.9986552596092224,0.9687652956871767,0.3150886070160641,0.9959452748298645,0.9008295592807596,0.5067729240372072,0.9988681077957153,0.9431604714620688,0.5095092058181767,0.9979258179664612,59.78143152505661,0
986,0.8956903957185298,0.2979497242541543,0.9986783266067505,0.9686917577471059,0.31508647260211786,0.9959397912025452,0.9008665766034815,0.5067343314488733,0.9988914132118225,0.9431745637030836,0.5095137073880154,0.9979602098464966,59.78143152505661,0
987,0.895681662218912,0.2978959892477311,0.9986622333526611,0.9686582429068437,0.31514175732930527,0.9959003925323486,0.9009005540893199,0.506671025639489,0.9988877773284912,0.9432093955221638,0.5094749870754427,0.9979457855224609,59.78143152505661,0
988,0.8956810406276164,0.29784174760182724,0.9986594319343567,0.968594465936934,0.3151381753739859,0.9958006739616394,0.9009242370015107,0.5066003487223675,0.9988942742347717,0.9432285456430352,0.5094214166913718,0.9979426860809326,59.78143152505661,0
989,0.8956750886780882,0.29781372632299175,0.9986225962638855,0.9685065348943083,0.31507289551553297,0.9956552982330322,0.9009374351728537,0.5064750909805302,0.9988889098167419,0.9432355960210171,0.5092884642737256,0.997934877872467,59.78143152505661,0
990,0.8956788948604046,0.2978011582578934,0.998607337474823,0.9683935330027633,0.31492539388792884,0.9956104755401611,0.9009831632886621,0.5062788100469684,0.9988867044448853,0.943255699816205,0.5090443179720927,0.9979351162910461,59.78143152505661,0
991,0.8957027480715805,0.2977921806630636,0.9985847473144531,0.9682843798682812,0.31473326257296996,0.9955261945724487,0.9010355756396347,0.5060864885648095,0.9988808631896973,0.9432847982361211,0.5087823271751408,0.9979175925254822,59.78143152505661,0
992,0.895728454703377,0.2977642431145625,0.9985731244087219,0.9681832705225271,0.31457073773656596,0.9954732656478882,0.9010762487139028,0.5059460713749844,0.9988809823989868,0.9433075076057804,0.5085832987512865,0.9979116320610046,59.78143152505661,0
993,0.8957495405560456,0.2977343726725808,0.9985520243644714,0.9681265496072323,0.3144993909767698,0.995400607585907,0.9011006951332099,0.5058893987110686,0.9988850355148315,0.9433259481475474,0.5085012827600756,0.9979226589202881,59.78143152505661,0
994,0.8957450134413592,0.2977015560581573,0.9985419511795044,0.968101728530158,0.3144647237800419,0.9953958988189697,0.9011032382647204,0.505921216238113,0.998880922794342,0.9433291043554042,0.5085354418981647,0.9979323148727417,59.78143152505661,0
995,0.8957082260222669,0.2976984438442051,0.9985499382019043,0.9680989157585878,0.31447266680853736,0.9954226613044739,0.901084434418452,0.5059853593508407,0.9988895654678345,0.9433267769359415,0.508600303104946,0.9979591965675354,59.78143152505661,0
996,0.8956526375952228,0.2977416387626105,0.9985706210136414,0.9680924074990417,0.3144541737579166,0.99550861120224,0.9010589974267149,0.506015329133897,0.9988968372344971,0.9433172401927774,0.5086304289954053,0.99798184633255,59.78143152505661,0
997,0.8956010568709608,0.2978136113711768,0.9985791444778442,0.9681032782509221,0.31442605171884835,0.9955323934555054,0.9010291468529481,0.5060397074336102,0.9989062547683716,0.9433104736464372,0.5086623061270945,0.9980113506317139,59.78143152505661,0
998,0.8955617348353075,0.29789125919342063,0.9985872507095337,0.968114552043734,0.3144101386978515,0.9955713748931885,0.9010040816806618,0.5060826710292274,0.9989156126976013,0.9433023645764312,0.5087209570975535,0.9980370998382568,59.78143152505661,0
999,0.8955408845629018,0.2979627932821004,0.9985960125923157,0.9681190734817877,0.3143906110808965,0.9956176280975342,0.9009944285665246,0.5061391535259432,0.9989195466041565,0.9433012746629268,0.5087973276774093,0.9980556964874268,59.78143152505661,0
1000,0.8955263154847288,0.29800553832735355,0.9985966086387634,0.9681350134667904,0.31433733162425836,0.9956430792808533,0.9009926432654979,0.506174655187698,0.9989180564880371,0.9433078056290043,0.508840123812358,0.9980618357658386,59.78143152505661,0
1001,0.8955190721012304,0.2980256776014966,0.998587965965271,0.9681589007377632,0.3142763305278054,0.9956797361373901,0.9009869382494978,0.5061855145863128,0.9989118576049805,0.9433180633045386,0.5088513692220056,0.9980730414390564,59.78143152505661,0
1002,0.8955069326219112,0.2980535527070366,0.9985851049423218,0.9681952709243419,0.31422839136350744,0.9956910014152527,0.9009632383074087,0.5061902148383008,0.9989144802093506,0.9433285679136012,0.5088575113387339,0.9980849623680115,59.78143152505661,0
1003,0.8955162281081798,0.2980392447539741,0.9985923171043396,0.9682398324921025,0.3142033985682899,0.9956557154655457,0.9009275521550866,0.5061639490581697,0.9989261031150818,0.9433380847885502,0.5088643091065548,0.9980964660644531,59.78143152505661,0
1004,0.895563503106436,0.2979513520286199,0.9986042976379395,0.9682774288313737,0.3142128487428032,0.9956533312797546,0.9008937932196125,0.5061038760911855,0.9989418387413025,0.9433451436814815,0.5088646809260055,0.9981206655502319,59.78143152505661,0
1005,0.8956370013100767,0.29781375754447237,0.9986236691474915,0.9682907831101197,0.31420498518716744,0.9956590533256531,0.9008757982935232,0.5060180964924044,0.9989715814590454,0.9433542064258038,0.5088534866060533,0.9981631636619568,59.78143152505661,0
1006,0.8957121230307087,0.2976776985895069,0.9986212253570557,0.9682858898526154,0.314176203239532,0.9955986738204956,0.9008569575491413,0.5059345109122144,0.9989883303642273,0.9433557731764665,0.508837373483749,0.998188853263855,59.78143152505661,0
1007,0.895774960517884,0.2975435285341175,0.998615562915802,0.968279923711505,0.31409406661987327,0.9955762028694153,0.9008465693110519,0.5058476953279408,0.9990030527114868,0.9433586512293142,0.5088058596565614,0.9982063174247742,59.78143152505661,0
1008,0.8958015470277703,0.2974563794476648,0.9986094832420349,0.9683268950099044,0.3139854130290806,0.9955241680145264,0.9008189496539896,0.5057673340752016,0.9990094900131226,0.9433477350643711,0.5087554199354993,0.9982098937034607,59.78143152505661,0
1009,0.8958184974534174,0.29738970526627145,0.9986264109611511,0.9683985923017779,0.3138876748936519,0.9955242872238159,0.9008041364806044,0.5056584945746833,0.9990267157554626,0.9433610865048002,0.5086783085550582,0.9982447624206543,59.78143152505661,0
1010,0.8958189742905756,0.29734570639474056,0.998616635799408,0.9685013932841169,0.313782430120877,0.9954913258552551,0.9007922070367003,0.5055309321199146,0.9990254640579224,0.943384736776352,0.5085771083831789,0.9982497096061707,59.78143152505661,0
1011,0.8958029775392443,0.2973243828330721,0.9985970258712769,0.9686352979569212,0.3136696787107559,0.9954033493995667,0.9007831613222766,0.5053846467108954,0.9990218877792358,0.9434186858790261,0.5084518194198611,0.9982319474220276,59.78143152505661,0
