frame_id,left_shoulder_x,left_shoulder_y,left_shoulder_visibility,right_shoulder_x,right_shoulder_y,right_shoulder_visibility,left_hip_x,left_hip_y,left_hip_visibility,right_hip_x,right_hip_y,right_hip_visibility,fps,low_visibility
0,0.0926375232991719,0.5185184578100841,0.9999668598175049,0.052197415825156954,0.5233255951177509,0.9999659061431885,0.040699172144134856,0.6366164528188251,0.9984561204910278,0.018355126803119994,0.6626219607534867,0.9986009001731873,59.7875966959486,0
1,0.09315383327858794,0.5161964126995633,0.9999691247940063,0.050134484789201204,0.5250402263232643,0.9999649524688721,0.0456746140761035,0.6394476762839726,0.9984757304191589,0.02057574915566616,0.6661832290036344,0.9986140727996826,59.7875966959486,0
2,0.09365107544830871,0.5145508774689268,0.9999703764915466,0.0485514703073672,0.5263380280562812,0.9999657869338989,0.049637493544391245,0.6416552577699934,0.9985095262527466,0.02243980193244561,0.6689070676054281,0.9986739754676819,59.7875966959486,0
3,0.09412924980833426,0.5135818521181746,0.9999721050262451,0.04744837237965496,0.5272190003168019,0.9999677538871765,0.0525878105489981,0.6432391972768879,0.9985634684562683,0.023947285133458337,0.6707934765588675,0.9987620115280151,59.7875966959486,0
4,0.09456686640069606,0.5136198656899592,0.9999729990959167,0.04736096748993514,0.5277449375107179,0.9999693632125854,0.05380182766488625,0.6435382053965619,0.9985970854759216,0.025265466599237372,0.6712196412540623,0.9988348484039307,59.7875966959486,0
5,0.09506567354713175,0.5140627083324255,0.999972939491272,0.047081004473425135,0.5276664750916622,0.999970018863678,0.05514882256587351,0.6444224999064496,0.9986021518707275,0.026036884813081675,0.6718567269189022,0.9988647103309631,59.7875966959486,0
6,0.09550323692106075,0.5146393520491468,0.9999708533287048,0.046742836811712846,0.5273970819654923,0.9999679327011108,0.055807373530807995,0.6463994951475239,0.9985545873641968,0.02630346055541722,0.6725425266084222,0.998867392539978,59.7875966959486,0
7,0.09577823181947082,0.5151926506133311,0.9999685883522034,0.04647549241781238,0.5272323631104974,0.9999672770500183,0.0562606560332435,0.6486330827077235,0.9984424710273743,0.026313234120607397,0.6737628352074401,0.9988433122634888,59.7875966959486,0
8,0.09617686307146443,0.5157202936354142,0.999965488910675,0.04596596530505593,0.5270411428951086,0.9999646544456482,0.05661587257470408,0.6511083841323858,0.9983418583869934,0.026184669917538074,0.6748118372190572,0.9988065361976624,59.7875966959486,0
9,0.09647975542715626,0.5157414107095633,0.9999610781669617,0.045370473748161715,0.5269241957437428,0.999963104724884,0.0568271446086112,0.6530473658016756,0.9982584714889526,0.026195194040026005,0.6754098137219753,0.9987743496894836,59.7875966959486,0
10,0.09675397298165737,0.5151776756559103,0.9999547600746155,0.04455024518427398,0.5269135378655938,0.9999564290046692,0.05706870076911794,0.6535116831461594,0.9982554316520691,0.026124640323576497,0.6753549859637311,0.998686671257019,59.7875966959486,0
11,0.09676823906955273,0.5146975375357132,0.9999508261680603,0.0439593786639827,0.5270057235445299,0.9999531507492065,0.05724746858080233,0.6539400191534138,0.9982782602310181,0.02613880405468602,0.675307642845881,0.9986577033996582,59.7875966959486,0
12,0.09651556185313642,0.5136335662433082,0.9999475479125977,0.04353400834259536,0.5272470684278583,0.9999492168426514,0.05705537753445766,0.6541097022238237,0.9983387589454651,0.026154933586007095,0.6753705825124473,0.9986619353294373,59.7875966959486,0
13,0.09604897350072869,0.5124267935752873,0.9999472498893738,0.04322978889658341,0.527561914353144,0.9999461770057678,0.056853932638963114,0.6534034723327279,0.998390793800354,0.026136844285896868,0.6754971203349891,0.9986789226531982,59.7875966959486,0
14,0.09562010388998765,0.5118005531174801,0.9999462366104126,0.0422766208648682,0.5273510274432958,0.9999401569366455,0.05673640522928469,0.6538134614626572,0.9984186887741089,0.025948464781755512,0.6758176911444896,0.9986558556556702,59.7875966959486,0
15,0.09527003055527106,0.5112002520334157,0.999944269657135,0.041201076869453734,0.526722473757608,0.9999341368675232,0.056959147609415554,0.6541649557295306,0.99844890832901,0.026149849096934023,0.6760460677601048,0.9986391663551331,59.7875966959486,0
16,0.09515921203863062,0.5107629724911285,0.9999430179595947,0.0402860838387694,0.5260538685889475,0.9999241828918457,0.057471570159707795,0.6544043450128469,0.9983626008033752,0.026677946072249208,0.6761071852275309,0.9984435439109802,59.7875966959486,0
17,0.09499729602109827,0.510720565205529,0.9999440312385559,0.03955901041626933,0.5254637144860772,0.999923586845398,0.05800536452304754,0.6544039675167634,0.9984241127967834,0.027309596715938498,0.6761181780270173,0.9984912276268005,59.7875966959486,0
18,0.09473336665403283,0.5104195078214013,0.9999455809593201,0.03904878702901662,0.5251760539554419,0.9999247193336487,0.058404949271962804,0.6541090579259968,0.9984803795814514,0.02789178490638735,0.6760636709985284,0.9985331892967224,59.7875966959486,0
19,0.09418757614635294,0.510251260939099,0.9999476075172424,0.03844864648722471,0.5252419114112858,0.9999243021011353,0.05840714382273815,0.6536538459005816,0.9985625147819519,0.02804398057716236,0.6759825320470907,0.998598039150238,59.7875966959486,0
20,0.0935425588062832,0.5102096568970458,0.9999467134475708,0.0375365403791269,0.5250552665619628,0.9999223351478577,0.05813508746879446,0.6533800022942684,0.9985464215278625,0.027810572602209614,0.6759983329545889,0.998562216758728,59.7875966959486,0
21,0.09277821970837465,0.5101293864704318,0.9999463558197021,0.036799611789839634,0.524240374565125,0.9999213814735413,0.05790179967880254,0.652721158095769,0.9985268115997314,0.02739372193103747,0.6759106034324288,0.9985183477401733,59.7875966959486,0
22,0.09213533146040788,0.5096961884271536,0.9999490976333618,0.03606288897849268,0.523371191251846,0.9999237060546875,0.057713846365610805,0.6518830855687465,0.9985803365707397,0.02690925972447511,0.6756250489325756,0.9985719919204712,59.7875966959486,0
23,0.09140823816969289,0.5089325195267091,0.9999513030052185,0.035310046126445165,0.5225752251488827,0.9999250769615173,0.057635256222316245,0.6510648386819027,0.9986248016357422,0.026432653268178327,0.6751919928051182,0.998618483543396,59.7875966959486,0
24,0.09070633245365967,0.5078338753609434,0.9999526739120483,0.03489693733198305,0.521250514757066,0.9999234676361084,0.05773451605013444,0.6506482902027317,0.9986456036567688,0.02626105185065953,0.6747499278613505,0.9985937476158142,59.7875966959486,0
25,0.08982093738658095,0.5066376839365282,0.9999553561210632,0.03422537836290544,0.5200698914982027,0.9999260306358337,0.057818250819331174,0.6508079426629207,0.9987022876739502,0.026211755793719087,0.6742873532431471,0.9986577033996582,59.7875966959486,0
26,0.0890376596223741,0.5055800420897352,0.9999567866325378,0.03312134281510401,0.5191614258857005,0.9999287724494934,0.05809663608670239,0.6510867448080159,0.9986982941627502,0.026511886733628476,0.6742833568936308,0.9986598491668701,59.7875966959486,0
27,0.08792538940906533,0.505031091826303,0.9999583959579468,0.03196413655366219,0.5183735631761102,0.999930202960968,0.05830326392537076,0.651533274423509,0.9986845850944519,0.02672686853579115,0.6747413107327058,0.9986448884010315,59.7875966959486,0
28,0.08685684878201719,0.504204040481931,0.9999597668647766,0.030642555671788425,0.5181134854044237,0.9999324083328247,0.05833934513585912,0.6520756937208635,0.9986952543258667,0.02681798062154227,0.6754391250156226,0.9986752271652222,59.7875966959486,0
29,0.08573047994148171,0.5025413419519156,0.9999611377716064,0.02963018035959632,0.5182844769387023,0.9999355673789978,0.05837833970075566,0.6521051582835975,0.9986854195594788,0.026792291019644077,0.6760449523017525,0.9986754059791565,59.7875966959486,0
30,0.08468447873989748,0.5006203282447093,0.9999635219573975,0.028950245163980006,0.5177038822855272,0.9999395608901978,0.058441871156295185,0.6518536806106572,0.9987238645553589,0.026787388715006077,0.676422950767336,0.9987199902534485,59.7875966959486,0
31,0.08359751743929733,0.4989132341884436,0.9999660849571228,0.028490260420810633,0.5170302362669086,0.9999433159828186,0.05844846917759809,0.6516068918364394,0.9987859129905701,0.026728124490806054,0.6764884364037292,0.9987870454788208,59.7875966959486,0
32,0.08267306323562357,0.49779730609485123,0.9999673366546631,0.02792091037900677,0.5164722544806348,0.9999454021453857,0.05864830935994789,0.6510695077124101,0.9987725019454956,0.026763237214514207,0.6763124437559225,0.9987663626670837,59.7875966959486,0
33,0.0812476032546589,0.49747716529028796,0.9999675750732422,0.027689365670084974,0.5162423962638496,0.9999465346336365,0.058753100356885406,0.6497128549076268,0.9987756609916687,0.026789727399037018,0.6757751362664364,0.9987817406654358,59.7875966959486,0
34,0.07990217173383356,0.4975123362881801,0.9999681711196899,0.02770579703861761,0.5161937503587636,0.9999485015869141,0.058793205413080446,0.6486609464599977,0.9988154768943787,0.02678551915146058,0.6753179459344778,0.9988465905189514,59.7875966959486,0
35,0.07896720085825246,0.49733885696956126,0.9999668598175049,0.02779246299039752,0.5160034440812615,0.9999496936798096,0.05906986799978079,0.6479888473238269,0.9988660216331482,0.0268429360751595,0.6749233262879514,0.9989164471626282,59.7875966959486,0
36,0.07815554170381461,0.4974163742292499,0.9999671578407288,0.027187611907720587,0.5155791583515353,0.9999507069587708,0.059467162582136385,0.6485872836340046,0.9988824725151062,0.026973665913655666,0.6750513655798782,0.9989337921142578,59.7875966959486,0
37,0.07741685034263708,0.4975795405251643,0.9999671578407288,0.026186601214465664,0.51500754129319,0.999952495098114,0.05980377431426734,0.6501468561944512,0.9988928437232971,0.0271198307829244,0.675644199053447,0.9989609122276306,59.7875966959486,0
38,0.07662731941257211,0.49765603031430966,0.9999667406082153,0.02492599402155197,0.5141147176424666,0.9999522566795349,0.05998630892662779,0.6518285160972963,0.9989005923271179,0.02721614106780009,0.6761252794946948,0.9989728927612305,59.7875966959486,0
39,0.07554921294961663,0.49783395443643885,0.999966025352478,0.02382974379829,0.5130551258722944,0.9999530911445618,0.0600728218754133,0.652611374855042,0.9989199042320251,0.027322795508163338,0.6763247166361133,0.9990059733390808,59.7875966959486,0
40,0.07455255871727359,0.497855731419155,0.9999644756317139,0.02320970745668527,0.5116801148369203,0.9999530911445618,0.060108439375956904,0.6529505508286617,0.9989380836486816,0.027341716789773554,0.6763053962162568,0.999014139175415,59.7875966959486,0
41,0.07396922650791356,0.49778240209534097,0.999963104724884,0.022804565372921186,0.5096705414000016,0.9999537467956543,0.06026583413283035,0.6530391517139622,0.9989665746688843,0.027378323266194004,0.6759814903849652,0.9990506768226624,59.7875966959486,0
42,0.07325634041002824,0.49763823123205314,0.9999634623527527,0.02208321452850389,0.5078745853333251,0.9999542236328125,0.060143726744822136,0.6534188843908769,0.9990066289901733,0.02703753175834817,0.6758597521554861,0.9990829825401306,59.7875966959486,0
43,0.07245924359276187,0.49736727419353705,0.9999637007713318,0.02124203759289925,0.506579697132111,0.9999555349349976,0.05983572080731397,0.6534155578840352,0.9990415573120117,0.026409326564698014,0.6756772143500197,0.9991204738616943,59.7875966959486,0
44,0.07143521805604305,0.4971160533882327,0.9999628067016602,0.020264381099314933,0.5055997570355737,0.9999557733535767,0.059156576969793914,0.6534062879426143,0.9990585446357727,0.02550220693505948,0.6754534556752165,0.9991399049758911,59.7875966959486,0
45,0.07047396011295778,0.497035540285565,0.9999617338180542,0.019449647604709595,0.5051351303146003,0.9999567866325378,0.05854305624961858,0.6530296405156458,0.9990730881690979,0.024773797463803086,0.67527700322015,0.9991667866706848,59.7875966959486,0
46,0.0697098008933522,0.4968683875742417,0.9999611973762512,0.018922871688292157,0.5049952694347931,0.9999577403068542,0.058170490144264175,0.6523178560393204,0.9990801215171814,0.024298358442527927,0.674974435851688,0.9991832375526428,59.7875966959486,0
47,0.069171201260317,0.49677484092258317,0.9999579787254333,0.018396311395225087,0.5047624622072496,0.9999589920043945,0.05785502617557848,0.6517225134940379,0.9990524053573608,0.02397547174422516,0.6748593988872715,0.9991994500160217,59.7875966959486,0
48,0.06863813421555934,0.49675041579064905,0.9999533891677856,0.017651372190032703,0.5044768793242322,0.9999595284461975,0.05728499875182202,0.6515552231243684,0.9990130662918091,0.02359223259346828,0.6751408066068382,0.9991957545280457,59.7875966959486,0
49,0.06831638089248118,0.4967040235087989,0.9999512434005737,0.016896152602774772,0.5043355027834578,0.9999591708183289,0.0567320391890549,0.6511631153878716,0.9989726543426514,0.02321677885594824,0.6754486674354195,0.9991784691810608,59.7875966959486,0
50,0.06788503130277004,0.49657094336691393,0.9999469518661499,0.016316725916805733,0.5037075650124327,0.9999579191207886,0.05551817924493839,0.6508765277408424,0.9989105463027954,0.022458290415150794,0.6757098067374463,0.9991375803947449,59.7875966959486,0
51,0.06739760757911778,0.49662533402442977,0.9999440312385559,0.015913346782326712,0.502348322243918,0.999955952167511,0.054024102609782035,0.6503186651638582,0.9988547563552856,0.021391148723307128,0.6757331376984012,0.9990776181221008,59.7875966959486,0
52,0.06698671302625117,0.4968613244238358,0.9999446272850037,0.015341421944044897,0.5004823945817497,0.999956488609314,0.052779272198677105,0.6501390252794543,0.9988323450088501,0.020366442788924508,0.6754852022443504,0.9990512132644653,59.7875966959486,0
53,0.06668465016853248,0.497372720922743,0.9999399781227112,0.01437098856660583,0.49863292915480517,0.9999573230743408,0.052048900475104694,0.6506343966438661,0.998772382736206,0.019443807591285042,0.6752755301339292,0.9990372657775879,59.7875966959486,0
54,0.06646629564818887,0.49793376667158984,0.9999353885650635,0.013456394230680818,0.49662380984851334,0.9999581575393677,0.05192244531852863,0.6516713187808088,0.9987314939498901,0.0191593681062971,0.67529575030009,0.9990251660346985,59.7875966959486,0
55,0.06648059792461855,0.4983836994284679,0.9999353289604187,0.012645201358412003,0.49540870814096405,0.9999596476554871,0.05256175817478275,0.6525047336305896,0.9987087249755859,0.019619911909103407,0.6754093652679812,0.9990290403366089,59.7875966959486,0
56,0.06650444865226751,0.4986984602042611,0.9999337196350098,0.012118068523705016,0.49455437064170876,0.9999610185623169,0.053189747567687753,0.6531433973993579,0.9986961483955383,0.02031047251962482,0.6755562481426063,0.9990358352661133,59.7875966959486,0
57,0.06643779859656385,0.49898785352706954,0.9999340772628784,0.01143702793689002,0.4939826655955546,0.9999629259109497,0.05349581741860939,0.6533904841967997,0.9987135529518127,0.020757943303102554,0.6758696039517726,0.9990573525428772,59.7875966959486,0
58,0.06643858445542206,0.4991704239731747,0.9999372959136963,0.01049440340804203,0.49357411974952375,0.9999653100967407,0.05347908093106184,0.6537543052718757,0.9987589716911316,0.020988002064682206,0.6753699978192653,0.9990889430046082,59.7875966959486,0
59,0.06651615067606886,0.49919738088335347,0.9999384880065918,0.009301384866592438,0.4934606921105162,0.999967634677887,0.053316612860986205,0.6537221074104314,0.9987987875938416,0.020902787645657873,0.673944907529014,0.9991225600242615,59.7875966959486,0
60,0.06655972770282206,0.4990682729652953,0.9999393224716187,0.008496186740341647,0.49312459712936807,0.9999698400497437,0.05301614868498988,0.6529455099787036,0.9988381862640381,0.020709881647711724,0.6716831581933163,0.9991503357887268,59.7875966959486,0
61,0.06663474724406293,0.4987517226310007,0.9999379515647888,0.007879643856237338,0.49309044082959536,0.9999715089797974,0.05285928628983956,0.6516786955651788,0.9988470673561096,0.02058364362234163,0.6693908004533682,0.9991554021835327,59.7875966959486,0
62,0.06671227266391125,0.49829658014433764,0.9999396800994873,0.007604947912373719,0.4929997410093039,0.9999732375144958,0.05292656396826112,0.6507061237380624,0.9988781809806824,0.0206283260846422,0.6676142698242555,0.9991747736930847,59.7875966959486,0
63,0.06672594554367525,0.49779450751486315,0.9999395608901978,0.007465844508260495,0.49277627468109175,0.9999737739562988,0.05304474968995371,0.6497500340143845,0.9988885521888733,0.020840865426829898,0.6666893760363266,0.9991790056228638,59.7875966959486,0
64,0.06648161013921107,0.49709276216370757,0.9999386072158813,0.007544336330500393,0.492092426334109,0.9999725818634033,0.05316395312547688,0.64888878663381,0.9989097714424133,0.02118006632441568,0.6657378985768279,0.9991803765296936,59.7875966959486,0
65,0.06607248030957727,0.49627780630475044,0.999933660030365,0.007707301372041311,0.49123351630710455,0.9999640583992004,0.05330451063456994,0.6478756410734998,0.998918890953064,0.021503051920306132,0.6645680069923406,0.999173104763031,59.7875966959486,0
66,0.06558136003358028,0.4958815631412329,0.9999274015426636,0.00797402825472611,0.4903008086340772,0.9999555349349976,0.053209188615992,0.6469201587495355,0.998925507068634,0.02164215612269585,0.6633603629611793,0.9991533756256104,59.7875966959486,0
67,0.06506924366667162,0.49582565824190816,0.9999203085899353,0.0081328432563515,0.48971260871206046,0.9999438524246216,0.05280394249019173,0.6464307677178162,0.9988916516304016,0.02133268845223247,0.6627259736969363,0.999097466468811,59.7875966959486,0
68,0.06471089096296406,0.496032270647231,0.9999052286148071,0.008270372991405789,0.4893158546515877,0.9999212622642517,0.052255019722949936,0.6466793389547444,0.9988517761230469,0.020763538156946516,0.662476675851005,0.9990257620811462,59.7875966959486,0
69,0.06450926477000832,0.4964001363232026,0.9998908042907715,0.00841034101765781,0.4889804947943919,0.9999032020568848,0.05170554206484844,0.6469240756261921,0.9987936019897461,0.02021364929775399,0.6623686977795198,0.9989582896232605,59.7875966959486,0
70,0.06435633202393855,0.49666360588300834,0.9998847246170044,0.008484617984365856,0.4885970183781219,0.9998956322669983,0.05131316167258085,0.6470541443143577,0.998779296875,0.01982822100676243,0.6622980293773475,0.9989382028579712,59.7875966959486,0
71,0.06434325519062228,0.49682263533274373,0.9998778104782104,0.008510879551370944,0.4882998736131763,0.999882698059082,0.051181956948269026,0.6471347241174612,0.998763382434845,0.019653664369668297,0.6620850364367172,0.998901903629303,59.7875966959486,0
72,0.06438584377368296,0.49690534103484424,0.9998650550842285,0.008573318831622607,0.48805367237045694,0.9998694062232971,0.051131629872889786,0.6468241299901696,0.9987346529960632,0.019651625660203766,0.661968520709447,0.9988626837730408,59.7875966959486,0
73,0.06439554372004105,0.49673869354384326,0.9998553991317749,0.008583366649136663,0.4880016020366128,0.9998574256896973,0.05097192561342606,0.6462758268628808,0.998695433139801,0.019480007212786463,0.6620241886093507,0.9988225698471069,59.7875966959486,0
74,0.06444180863244198,0.4963863421054117,0.999849796295166,0.00858015128012215,0.4878312249978387,0.9998430609703064,0.05077272671319194,0.6457372563225887,0.9986705780029297,0.01921657002752737,0.6620971049581261,0.9987792372703552,59.7875966959486,0
75,0.0644896690334593,0.4958239169347858,0.9998477101325989,0.008467928905572217,0.4876633768989931,0.9998398423194885,0.05061222843471032,0.6453017308598479,0.9986724257469177,0.01897216313296842,0.6621648413794387,0.9987713694572449,59.7875966959486,0
76,0.06452849720205583,0.495143932955606,0.9998442530632019,0.00823901258852511,0.48748298486073854,0.9998418092727661,0.05051874901567191,0.6447012396085835,0.9986855983734131,0.018810955186684943,0.662240292344775,0.9987797737121582,59.7875966959486,0
77,0.06453439132088712,0.4945322885399777,0.9998390674591064,0.007964084213156083,0.4872848547640305,0.9998391270637512,0.050500877378951974,0.6440320128486275,0.9986950159072876,0.01872891152188893,0.6621722522236058,0.9987886548042297,59.7875966959486,0
78,0.06456741371325089,0.4941841860612238,0.9998362064361572,0.0076812237634190554,0.48709528928711343,0.9998329281806946,0.05057512312417942,0.6431215660912655,0.9987086653709412,0.018735450825520937,0.662014680249351,0.9987927675247192,59.7875966959486,0
79,0.06462459585496362,0.49417879042171337,0.9998328685760498,0.007420134420196222,0.4869835859253297,0.9998297095298767,0.050608770833129015,0.6424068609873459,0.9986961483955383,0.018663670867681517,0.6618108465558012,0.998784601688385,59.7875966959486,0
80,0.06472381630114152,0.4944529873984205,0.9998293519020081,0.007234317760559781,0.4868655233156117,0.9998326301574707,0.05061556789137073,0.642172393344698,0.9986927509307861,0.018486514421446,0.6615500081153148,0.9988139271736145,59.7875966959486,0
81,0.06488309907061718,0.4947947448208222,0.9998249411582947,0.007067817839838215,0.48677942298707544,0.9998362064361572,0.050600069974150015,0.6423336863517766,0.9986851811408997,0.01807291921050777,0.6612450622376947,0.9988442063331604,59.7875966959486,0
82,0.06503157353117359,0.49502568443616274,0.9998152852058411,0.006715053625937025,0.4868013603346692,0.9998311400413513,0.05058185099845845,0.6424404524621514,0.998665452003479,0.0175804269633123,0.6610503679230105,0.9988510012626648,59.7875966959486,0
83,0.06511722114824119,0.49505334666797135,0.999809741973877,0.006308517662719607,0.4867613131091712,0.9998270869255066,0.05052308738231663,0.6424299847512024,0.9986619353294373,0.017014936056165483,0.6607727238110139,0.9988593459129333,59.7875966959486,0
84,0.0651994556898163,0.4951247132959824,0.9998000264167786,0.0058163288936373785,0.4866789593583066,0.999824583530426,0.05046030382315322,0.6424274927093875,0.9986580610275269,0.016555911994406168,0.6605904953820371,0.9988777041435242,59.7875966959486,0
85,0.06525043291705,0.49526964198975376,0.9997902512550354,0.005338386410758613,0.4865655033361348,0.9998164176940918,0.05042756579461556,0.6424270981834054,0.9986205101013184,0.016308330354236435,0.6604972964241397,0.9988580346107483,59.7875966959486,0
86,0.06526281613679165,0.4954247247605101,0.9997841119766235,0.004871157552337366,0.4865449326378963,0.9998138546943665,0.05046036715308829,0.6424751877784735,0.9985719323158264,0.0162308066196385,0.6606491321609138,0.9988349080085754,59.7875966959486,0
87,0.06529057274262115,0.49552119203976264,0.999775230884552,0.00448556276526125,0.48658714266050473,0.9998078346252441,0.05054717493199171,0.6425547344344007,0.9985390901565552,0.016170264177379167,0.6608090315546313,0.9988237619400024,59.7875966959486,0
88,0.06531233659812388,0.49561977244558825,0.9997703433036804,0.004116922616958622,0.4866829798335125,0.9998059868812561,0.05064299383333755,0.6426785900479277,0.9985339045524597,0.016181630925053654,0.6609999452318469,0.9988312721252441,59.7875966959486,0
89,0.06532840891962965,0.49559751720655576,0.9997634291648865,0.003814689393731813,0.48676498872893237,0.9998016357421875,0.05060656439690367,0.6427726433390668,0.9985185861587524,0.016041832310812826,0.6610710592496969,0.9988259077072144,59.7875966959486,0
90,0.06530080948557178,0.4954722963628319,0.9997541904449463,0.003369313021678303,0.4868601361910506,0.9997985363006592,0.05071268585466207,0.6428695207550418,0.9985101222991943,0.016224396459403503,0.6610761710575654,0.9988305568695068,59.7875966959486,0
91,0.06520182887713119,0.4951793466295519,0.9997497200965881,0.0029076289418818718,0.48686979214350423,0.9997993111610413,0.050996774186690685,0.64277009736924,0.9985039830207825,0.016654566994735186,0.6610256660552257,0.9988297820091248,59.7875966959486,0
92,0.06500026512713664,0.49481348196665487,0.999744713306427,0.0023949094659959295,0.4869879299686073,0.999802827835083,0.05140517102110957,0.643066497076126,0.9984229803085327,0.01719037283744132,0.6614763935407009,0.9988292455673218,59.7875966959486,0
93,0.06461900933867415,0.49444532394409224,0.9997397661209106,0.0015927391054685286,0.48698572459675055,0.9998013973236084,0.05188124875227615,0.6435094532512489,0.9983735680580139,0.01776512880765258,0.6620407984370282,0.9988303780555725,59.7875966959486,0
94,0.0639575063472703,0.49418739335877593,0.9997357726097107,0.0006392230944974087,0.4872766676403231,0.9997915029525757,0.05196468549824901,0.6440055143265502,0.9982877969741821,0.017827974721079796,0.6628516060965407,0.9987993836402893,59.7875966959486,0
95,0.06304367631673818,0.49394456403596104,0.9997363686561584,-0.00042708567620831624,0.4878877784524649,0.9997851848602295,0.05163707211613659,0.6443724149749398,0.9982327818870544,0.01733942764500778,0.6636434708322803,0.9987926483154297,59.7875966959486,0
96,0.06203206894653189,0.493719767956507,0.9997342824935913,-0.0015076109030771835,0.4886012659186412,0.9997199177742004,0.051277948099942475,0.6444991571562636,0.9982166290283203,0.016921103798917377,0.6641628430003217,0.9987117052078247,59.7875966959486,0
97,0.06098008262259624,0.4934588528814774,0.9997426271438599,-0.0022975166766194734,0.48907294301759674,0.9997140169143677,0.050959701162009055,0.6442174428985238,0.9982284307479858,0.01662963362676758,0.6643120646476751,0.9987061619758606,59.7875966959486,0
98,0.06019546127035509,0.4932862747283213,0.9997469186782837,-0.002717029369835345,0.48964891689164336,0.99972003698349,0.05092857884509227,0.644126781395504,0.9982280731201172,0.01664160067836445,0.6644021159126651,0.998710036277771,59.7875966959486,0
99,0.05951557450351265,0.4931717018286391,0.999748945236206,-0.0030391785715307533,0.4899811744689945,0.9997163414955139,0.05108188961942994,0.6440395457404006,0.9981992840766907,0.01702203974127771,0.6642735345023025,0.9986881613731384,59.7875966959486,0
100,0.059002481578361465,0.4931133105641324,0.9997503161430359,-0.0032245044906934126,0.4904488254161112,0.9997152090072632,0.051405902597166285,0.6440136943544665,0.9982191920280457,0.017314344555849133,0.6643005723044991,0.9986850619316101,59.7875966959486,0
101,0.0586177456591811,0.4930582599980495,0.9997488260269165,-0.0033061255346096725,0.4905537622315547,0.9997058510780334,0.05184053576418336,0.6440226549193977,0.9982119798660278,0.01752219597498577,0.6643360228765584,0.998662531375885,59.7875966959486,0
102,0.05832785971107942,0.49313209170386946,0.9997482895851135,-0.0035148717884329133,0.4902324250766213,0.9997080564498901,0.05225669681316335,0.6441449806803754,0.9981728196144104,0.017442268541171452,0.6644735506602701,0.9986669421195984,59.7875966959486,0
103,0.05786108172365602,0.49326766104925285,0.9997472167015076,-0.003990855367322056,0.4895138016768868,0.9996994733810425,0.05244234133334391,0.6445340741248363,0.9981775879859924,0.01706725545227529,0.6648038001287557,0.9986727833747864,59.7875966959486,0
104,0.05720412606994316,0.49344687802451037,0.9997479915618896,-0.004537943506702075,0.4894631944951561,0.99969083070755,0.05252395126791232,0.6450937305177966,0.9981817007064819,0.016642735916234212,0.6653883315268023,0.9986687302589417,59.7875966959486,0
105,0.05627212584728292,0.493534963755381,0.9997525215148926,-0.005048168180066918,0.48995979626973507,0.9996715188026428,0.05233884531827204,0.6456696391105657,0.9981885552406311,0.016222967367087105,0.6660783262479879,0.9986423850059509,59.7875966959486,0
106,0.05498510847489044,0.4934306400162837,0.9997600317001343,-0.005331591592125953,0.49020902315775594,0.9996611475944519,0.0521941578813962,0.646077930927277,0.998197078704834,0.015839543548368286,0.6666340175129124,0.9986230134963989,59.7875966959486,0
107,0.05377078074074931,0.49319723390397613,0.9997681379318237,-0.00532589990290858,0.48980902915909214,0.9996445178985596,0.05213671780767899,0.646046794596173,0.9982424974441528,0.015842998400330557,0.6667690305482779,0.9986318349838257,59.7875966959486,0
108,0.052693081398805026,0.49269084277607184,0.9997771978378296,-0.005238796717354234,0.4892544164544064,0.9996484518051147,0.052239781156891915,0.6455805188133608,0.9982606768608093,0.016431822131077464,0.6666597553661897,0.9986479878425598,59.7875966959486,0
109,0.051765874382995465,0.492040791681835,0.9997788667678833,-0.005251000679674607,0.4886418935798467,0.9996457099914551,0.05270060914612956,0.6450077664284484,0.9982411861419678,0.017651414232594642,0.6663705365998409,0.9986228346824646,59.7875966959486,0
110,0.05080323985644754,0.4913797719138013,0.9997915029525757,-0.005248131829180892,0.48893952369689986,0.9996533989906311,0.05340955814435373,0.6442513664563503,0.998229444026947,0.019343323916906418,0.6664308366321388,0.9985814690589905,59.7875966959486,0
111,0.05005927153286484,0.4909529842081528,0.9998024702072144,-0.005146248909156951,0.4892231055668427,0.9996688961982727,0.054146793981393215,0.6436749441283095,0.9982296228408813,0.02075035302411944,0.6671277540070675,0.9985949993133545,59.7875966959486,0
112,0.048712992774588765,0.49059348163150646,0.9998127818107605,-0.0063107039202891695,0.4924935443060743,0.9996797442436218,0.05466405479680929,0.6433353452455435,0.9982210993766785,0.021518144224371247,0.6680846043995454,0.9985871911048889,59.7875966959486,0
113,0.047290914470241224,0.4903169969717665,0.9998224377632141,-0.008363467596826105,0.4976360045728233,0.999697208404541,0.054947663275968506,0.6430994215465733,0.9981805086135864,0.021733109262727573,0.6689292958804545,0.9986000657081604,59.7875966959486,0
114,0.04613821137519114,0.48994760853903674,0.9998291730880737,-0.010808750343996863,0.5036490062872573,0.9997018575668335,0.05501597960080424,0.6430887920515883,0.9981480836868286,0.021660384056823613,0.6695764547302615,0.9985551834106445,59.7875966959486,0
115,0.04524654770890875,0.4896891954399295,0.9998285174369812,-0.013074750856806844,0.5085491708346779,0.9997156858444214,0.05505390891007019,0.6430936540876122,0.9980946183204651,0.021539209321850838,0.6697229232106896,0.998577356338501,59.7875966959486,0
116,0.04453948956160322,0.4895431328387491,0.9998289942741394,-0.014670721388288918,0.5109850764274602,0.9997227191925049,0.054912089059750285,0.6429511138371065,0.9980807304382324,0.021553998458243573,0.6696900611832034,0.998611330986023,59.7875966959486,0
117,0.04405634779305689,0.48957384767986517,0.9998372793197632,-0.01516020839058219,0.5107647776603703,0.9997323155403137,0.05479728944954422,0.6428674828438536,0.9981039762496948,0.021469857277614746,0.6699842072668535,0.998631477355957,59.7875966959486,0
118,0.04310310330419317,0.48954200460797304,0.9998461604118347,-0.015893444995440202,0.5114400869324098,0.9997456073760986,0.05420765617773651,0.6427265973318196,0.9981369972229004,0.02105987861397722,0.6703248478117448,0.9986706376075745,59.7875966959486,0
119,0.04203615905273532,0.489470033418565,0.9998533129692078,-0.0167284705897882,0.5124712728318719,0.9997553825378418,0.05315593984865011,0.6425981124242153,0.9982055425643921,0.020184739448484937,0.6707047962007073,0.9987326264381409,59.7875966959486,0
120,0.04091814124868033,0.48939643729300764,0.9998601675033569,-0.017409432590717373,0.5135268682525276,0.9997572302818298,0.05135275175174081,0.6424556317783543,0.9982587099075317,0.01868577088628498,0.671099586146219,0.9987660050392151,59.7875966959486,0
121,0.03971423510284654,0.4894404709339146,0.9998664855957031,-0.017703231158001098,0.5139626945768088,0.9997581839561462,0.04922420566990266,0.6421717178253905,0.9983384609222412,0.017113682902639833,0.6712864722524376,0.9988222122192383,59.7875966959486,0
122,0.03856094802419348,0.4894500289644518,0.9998732805252075,-0.017716585880234142,0.5134764200165163,0.9997649192810059,0.04734332380550252,0.6417061743282142,0.9984232783317566,0.015982221590266354,0.6712002300080804,0.9988757967948914,59.7875966959486,0
123,0.03741253185130304,0.4893931959356584,0.9998797178268433,-0.017821948886627255,0.51303734098162,0.9997674822807312,0.046334705714668585,0.6411761386053907,0.9984992146492004,0.01550283291864964,0.6711414314451677,0.9989213347434998,59.7875966959486,0
124,0.03638288644807682,0.48927935532161204,0.9998832941055298,-0.0176924505226669,0.513028965109871,0.9997717142105103,0.04604077818138262,0.6405057821955005,0.9985404014587402,0.015436916789483468,0.6709750521750683,0.9989596009254456,59.7875966959486,0
125,0.03574835491322339,0.4892110171772188,0.9998868107795715,-0.01768389140211402,0.5139173978850959,0.9997747540473938,0.04632414380709334,0.6399659457660862,0.9985876679420471,0.01563444777968385,0.6709602929296953,0.9989986419677734,59.7875966959486,0
126,0.035203301126048706,0.48919635727292055,0.9998892545700073,-0.017270188246454526,0.5155529067629864,0.9997797012329102,0.04628778940864975,0.6395481853258047,0.9986220598220825,0.015674103894049225,0.671158889929454,0.99903804063797,59.7875966959486,0
127,0.03466725509081571,0.48926558381035257,0.9998917579650879,-0.016472809149750654,0.518237514155252,0.9997724890708923,0.04597891051144831,0.6393602234976637,0.9986429810523987,0.01565155994501853,0.6715580906186791,0.9990427494049072,59.7875966959486,0
128,0.033926373258942676,0.4892675692126869,0.9998931884765625,-0.015847180304782743,0.5208347723597576,0.9997580647468567,0.0455379892318022,0.6393635783876697,0.9986653923988342,0.01570143337760654,0.6722617007437213,0.999066948890686,59.7875966959486,0
129,0.03255666535170308,0.4892339096182873,0.999896228313446,-0.015645078117293983,0.522541965757098,0.9997463822364807,0.04523084951298581,0.639467597007752,0.998690128326416,0.01589073852768967,0.673017357076918,0.9990919232368469,59.7875966959486,0
130,0.0308660808063689,0.4892151852448785,0.9998989105224609,-0.015515652973027469,0.5235135612033666,0.9997446537017822,0.04495270674427354,0.6395108614649097,0.9986987113952637,0.015976061024481354,0.6736116409301763,0.9991018176078796,59.7875966959486,0
131,0.029213494665565966,0.4889046521413898,0.9998971819877625,-0.01572919153564034,0.5234482373510092,0.9997367858886719,0.04459211248017496,0.6393584353583205,0.9986937642097473,0.015909706774566868,0.6739236315091457,0.999089777469635,59.7875966959486,0
132,0.027850915278707256,0.4889123113382434,0.999896764755249,-0.015989011863157876,0.5232499639193222,0.9997289180755615,0.04410013059775038,0.6393230216843746,0.9987064599990845,0.015708658356396937,0.6743287671180004,0.9990929961204529,59.7875966959486,0
133,0.02648414139236725,0.48919819508280116,0.9998990893363953,-0.016404723748564734,0.5235888816061478,0.999728798866272,0.04347322952179685,0.6394697796730773,0.9987132549285889,0.01537211740478165,0.6748896241188056,0.9990971684455872,59.7875966959486,0
134,0.02511841023252126,0.4897001541796189,0.9999022483825684,-0.01678246197601161,0.5241047030403505,0.9997283220291138,0.04271881761295458,0.6397862860134674,0.9987455606460571,0.015108050512416035,0.675620527494522,0.9991040825843811,59.7875966959486,0
135,0.023753695367347644,0.49015793204307595,0.9999006986618042,-0.016761665188130895,0.5243465275991535,0.9997256398200989,0.04220895522407127,0.6401132998012367,0.998775064945221,0.01499374042309467,0.6761919345174523,0.9991204738616943,59.7875966959486,0
136,0.022745683789253256,0.4908545741013122,0.9999013543128967,-0.01635854141343209,0.5246990408216208,0.99971604347229,0.041706242199455026,0.6403760172071916,0.9988241195678711,0.014851963413613195,0.6764685965719683,0.9991453289985657,59.7875966959486,0
137,0.021901012087861715,0.4912175791604182,0.999901533126831,-0.01630531162733125,0.5244331530162271,0.9997091293334961,0.04126206980574702,0.6403078692299984,0.9988576173782349,0.014668549765788385,0.6763438639186683,0.9991547465324402,59.7875966959486,0
138,0.021410246424022193,0.4916915936129438,0.9999039173126221,-0.016637033028971595,0.5240987596057715,0.9997119903564453,0.04098345623129893,0.6403699574016395,0.9988966584205627,0.014486407905462254,0.6762628810746334,0.9991636872291565,59.7875966959486,0
139,0.02090324479199593,0.4920169484047666,0.9999073147773743,-0.017105800942296086,0.5233398420470106,0.9997190237045288,0.04084333937082975,0.6404274077642537,0.9989206194877625,0.014321219220402706,0.6762076304072431,0.9991409778594971,59.7875966959486,0
140,0.02036245593002866,0.49218951662381527,0.9999083280563354,-0.017320172772521077,0.5226215635027209,0.9997121691703796,0.04066692931311475,0.6404557398387369,0.9989742040634155,0.014183216196085736,0.6761527316910885,0.9991592764854431,59.7875966959486,0
141,0.01972734528992859,0.492068700847172,0.9999101161956787,-0.017246462227333174,0.521960244292305,0.9997175335884094,0.04053920099423049,0.6404308364504865,0.9990223050117493,0.014155241749471154,0.6761257336253217,0.9991811513900757,59.7875966959486,0
142,0.01915795364904973,0.49213007660139213,0.9999127984046936,-0.016889458167411046,0.5218343507675901,0.9997228980064392,0.040401939834867236,0.6404234738576985,0.9990659356117249,0.014192957076288417,0.676123025871459,0.9992046356201172,59.7875966959486,0
143,0.01843552770359177,0.4921521970203949,0.9999151229858398,-0.01683541759848596,0.521281168574379,0.9997296333312988,0.04025890536251525,0.6404656086649219,0.9991098046302795,0.014352964459075827,0.6761285577501575,0.9992281198501587,59.7875966959486,0
144,0.017923554849056986,0.4922401067756475,0.9999170899391174,-0.017086284501212,0.520905733108521,0.9997377991676331,0.04009481022755308,0.6407972460701357,0.9991486072540283,0.0145662519637318,0.6761985534713387,0.9992512464523315,59.7875966959486,0
145,0.017537826672196402,0.4925263197649097,0.9999159574508667,-0.017385569356736696,0.5202464376177112,0.9997413754463196,0.04007199229229068,0.6412776396388105,0.9991694092750549,0.014777245975676048,0.6762637495994573,0.9992559552192688,59.7875966959486,0
146,0.016866628834534273,0.4929188716979258,0.9999136328697205,-0.017673051339529823,0.5191593964894616,0.9997448921203613,0.04000005498528483,0.641775616577694,0.9991837739944458,0.014847071486569599,0.6762919397581197,0.9992611408233643,59.7875966959486,0
147,0.01578094859030986,0.4931966023785731,0.9999091029167175,-0.017967468571095255,0.5179465242794586,0.999748170375824,0.039862131079038014,0.6420367956161505,0.9992002844810486,0.014994355495132164,0.6762916644414272,0.9992676377296448,59.7875966959486,0
148,0.014819530592787846,0.49376727427755124,0.9999083280563354,-0.018417331434431545,0.5172317624092106,0.9997579455375671,0.03967696286383132,0.6423688814753583,0.9992249011993408,0.015098121105915036,0.6762726164999469,0.9992836117744446,59.7875966959486,0
149,0.01420421854016328,0.4942720120861421,0.999908447265625,-0.017701359465718283,0.5166657907622205,0.9997606873512268,0.039582575893118296,0.6426336112476536,0.9992546439170837,0.015596337039910623,0.6762064865657267,0.9993054270744324,59.7875966959486,0
150,0.014128234902662901,0.49482421647934727,0.9999032616615295,-0.01634128826359909,0.5166841773759755,0.9997587203979492,0.03960830771497321,0.6429432517006288,0.9992680549621582,0.01629115933818478,0.6761012872060146,0.9993182420730591,59.7875966959486,0
151,0.014368714055135148,0.49548044942674224,0.9998980164527893,-0.014735216186160145,0.5170043451445447,0.9997621178627014,0.03990183149774873,0.6433461819376269,0.9992880821228027,0.017015433116328162,0.675979131744022,0.9993402361869812,59.7875966959486,0
152,0.014527125550167913,0.49594517123131565,0.9998888969421387,-0.01342338500987917,0.5169399437450231,0.9997581243515015,0.04025569646841007,0.6437317728996281,0.9992995858192444,0.01754947503407798,0.6757824647994274,0.9993547201156616,59.7875966959486,0
153,0.014568706619597629,0.4960397112937205,0.9998839497566223,-0.012971760616416033,0.5166137615839644,0.9997550249099731,0.04061698966792655,0.6441828693662376,0.9993112683296204,0.017904152206721775,0.6755737832614359,0.9993651509284973,59.7875966959486,0
154,0.01465691359979767,0.49620041676930055,0.9998879432678223,-0.0135171361090172,0.5162954784574967,0.9997624754905701,0.0409379675984383,0.6449071708179661,0.9993384480476379,0.017978291426386166,0.6754324067206615,0.9993863701820374,59.7875966959486,0
155,0.014765717044827497,0.49619331246330667,0.9998888969421387,-0.013715790274242572,0.5159024681363791,0.999768853187561,0.04136688138047857,0.6455224099613377,0.9993551969528198,0.01818771092664629,0.6752451175735117,0.9994015693664551,59.7875966959486,0
156,0.014832960486057272,0.4961084922154748,0.999890148639679,-0.013903628591270685,0.5155403699193686,0.9997760057449341,0.04172541715559509,0.645915738173894,0.9993665814399719,0.018356800788924824,0.6750470683688214,0.9994149208068848,59.7875966959486,0
157,0.014850866271271603,0.49586305873734654,0.9998931288719177,-0.013978312723338616,0.5152593396958854,0.9997808337211609,0.042057855675617886,0.6460402976898925,0.9993857145309448,0.018547087819093762,0.6749265988667812,0.9994301199913025,59.7875966959486,0
158,0.014856425646160342,0.4955146014690403,0.9998935461044312,-0.014626731652589084,0.5151767560413909,0.9997864365577698,0.042268561465399646,0.6459507913816548,0.9993969798088074,0.01864888306174961,0.6749353408813482,0.9994405508041382,59.7875966959486,0
159,0.014819495823411726,0.49512531927653763,0.9998946189880371,-0.015551770327701468,0.5151513758159822,0.9997915625572205,0.042277410803806245,0.6458866567838766,0.9994063377380371,0.018645390868186965,0.6750521205720453,0.999452531337738,59.7875966959486,0
160,0.014829726934078205,0.4947465005375094,0.9998972415924072,-0.016598113502065352,0.5153189840770908,0.9997949004173279,0.04217748680994628,0.6458584098588858,0.9994102716445923,0.018542110121675913,0.6751974054745271,0.9994567036628723,59.7875966959486,0
161,0.014871870256250825,0.49446332880428895,0.9998984336853027,-0.017421190848662754,0.515799360615867,0.9997988939285278,0.04215035339196527,0.6458346162523547,0.9994228482246399,0.018462944864517182,0.6753612614813311,0.9994708895683289,59.7875966959486,0
162,0.015065116763469732,0.494207600752513,0.9998992681503296,-0.01786929998724235,0.5165988831293019,0.9997956156730652,0.04222140922432857,0.6458559547151843,0.9994242191314697,0.018395250130976964,0.675624379089901,0.9994758367538452,59.7875966959486,0
163,0.015542120229275466,0.4940024330502469,0.9998995065689087,-0.017806957076702816,0.517533191612789,0.9997934699058533,0.04240506426209499,0.6459822910172603,0.9994164705276489,0.01839710124546575,0.675959794294267,0.9994736909866333,59.7875966959486,0
164,0.01618340456237397,0.4939707063493279,0.9998966455459595,-0.01787427129844826,0.5187314777147207,0.9997875690460205,0.04264327617628237,0.6461727534021655,0.9994010329246521,0.018389270773955767,0.6764937298638486,0.9994744658470154,59.7875966959486,0
165,0.01673105984394041,0.49408284681183995,0.9998937845230103,-0.01783225091085549,0.519658364000775,0.9997851252555847,0.04283150622532485,0.6463618164970766,0.9993908405303955,0.0183989793239605,0.6770363222985045,0.9994799494743347,59.7875966959486,0
166,0.017248522312868223,0.49416141850607775,0.9998942017555237,-0.017860331262151415,0.5201445307050436,0.9997812509536743,0.042980396854026014,0.6464793086051946,0.9993913173675537,0.018391600144760965,0.6773899878774375,0.9994876384735107,59.7875966959486,0
167,0.017545345106295192,0.4942037860552474,0.9998958110809326,-0.017935057658524756,0.5202730780556093,0.9997798204421997,0.043072123612676386,0.6465191358611703,0.9993969798088074,0.018386671142209158,0.6776140133539841,0.9994940161705017,59.7875966959486,0
168,0.017733675294688785,0.4941740887505672,0.999895453453064,-0.01800651156476567,0.5202314456303918,0.9997717142105103,0.04317328617686321,0.6465482655025669,0.9993903636932373,0.018394117376634066,0.6777913996151521,0.9994906187057495,59.7875966959486,0
169,0.017915209045722386,0.49403860881215095,0.9998946785926819,-0.01789920528729758,0.5200761329560057,0.9997656345367432,0.04328515611234168,0.6465989067440947,0.9993875026702881,0.018402289155693294,0.6778919185910912,0.9994934797286987,59.7875966959486,0
170,0.0180387581210761,0.49385672381946055,0.9998937249183655,-0.01769847582493511,0.5202397760890782,0.9997642040252686,0.043409146368503605,0.6466447114944462,0.9993911981582642,0.018445987786565525,0.678055433999925,0.999502956867218,59.7875966959486,0
171,0.017999869460860903,0.4936903048129313,0.9998917579650879,-0.016948464149165735,0.5205091748918811,0.9997593760490417,0.043499686356101755,0.6466826228868399,0.9993993043899536,0.018559345265939137,0.6781757559095116,0.999514639377594,59.7875966959486,0
172,0.017974105353156737,0.4935180431320558,0.9998900294303894,-0.015599888527677184,0.5207227411724276,0.9997518658638,0.043585173253502196,0.6467006944474725,0.9994049072265625,0.018796347170358628,0.678144568488712,0.9995236396789551,59.7875966959486,0
173,0.017890169329586498,0.493457933266958,0.9998871088027954,-0.013979037070558194,0.5208784739176437,0.9997481107711792,0.04364966193125365,0.6466641255787446,0.9994091391563416,0.0191330501721019,0.6778351692926322,0.9995241761207581,59.7875966959486,0
174,0.017829530473266346,0.4935470393725808,0.9998847246170044,-0.012604164181365864,0.5209465906733562,0.9997457265853882,0.04370148763770153,0.6466386147907808,0.9994143843650818,0.019468595052049287,0.677488749935514,0.9995272755622864,59.7875966959486,0
175,0.017806351450937147,0.49364803234736165,0.9998836517333984,-0.011590109605874343,0.520895069553739,0.9997375011444092,0.0436821289005734,0.6466597772779924,0.999419093132019,0.019707897944109796,0.677183452106658,0.9995270371437073,59.7875966959486,0
176,0.017829662011492834,0.4937337807246621,0.9998798966407776,-0.011290866438122032,0.5209205973716013,0.9997233152389526,0.04364447242447312,0.6466222575732645,0.9994123578071594,0.019758628947394254,0.6767943927219942,0.9995181560516357,59.7875966959486,0
177,0.01788192029510227,0.4937976243950076,0.9998769164085388,-0.011319768393323545,0.5210175712903344,0.9997171759605408,0.04352647332208501,0.6465677562214085,0.9994252324104309,0.01955985348849071,0.6764102237565183,0.9995214939117432,59.7875966959486,0
178,0.017919822640362255,0.4938770915780753,0.9998703598976135,-0.011378240372453425,0.5211871890794668,0.9997010827064514,0.04332686215639118,0.6465083672886809,0.9994187951087952,0.0192836280912161,0.6761194410778233,0.9995098114013672,59.7875966959486,0
179,0.017706345855480164,0.49394404888153115,0.9998639822006226,-0.011316235487659781,0.5210894119171874,0.9996801614761353,0.043054069968916156,0.6463554019019722,0.9994134902954102,0.01902444438920136,0.675679090477172,0.9995022416114807,59.7875966959486,0
180,0.01741252635561286,0.49404181752886134,0.9998598098754883,-0.011305284952478758,0.5205756056876414,0.999677836894989,0.04280583418550949,0.6461751035281595,0.9993981122970581,0.018850226487432224,0.6753245734033136,0.9994866251945496,59.7875966959486,0
181,0.01697132301827273,0.49421943227450094,0.9998577833175659,-0.011170176966559328,0.5197870759736929,0.9996814727783203,0.042598925176120975,0.6460606938316713,0.9993951916694641,0.018815016285294594,0.6751165418397818,0.9994836449623108,59.7875966959486,0
182,0.016463709285571476,0.49439308614957944,0.9998583197593689,-0.011230399566037323,0.5186376883870084,0.9996885061264038,0.04248495559607236,0.6458707139605573,0.9993928670883179,0.018841302199732707,0.6747197622344613,0.9994728565216064,59.7875966959486,0
183,0.01602339824395522,0.49443703038351916,0.9998562335968018,-0.010656692265045084,0.5171880125999455,0.9996935129165649,0.042387725696677286,0.6455898114613129,0.9993896484375,0.018767372128509353,0.6742854203496665,0.9994671940803528,59.7875966959486,0
184,0.01591581984290056,0.49467840506916994,0.9998482465744019,-0.009217079994933954,0.5158941007795792,0.9996957182884216,0.04230187389822236,0.6452991025788449,0.9993661046028137,0.018643964880279147,0.6739535700707214,0.9994457364082336,59.7875966959486,0
185,0.015973565213027466,0.49501670116470015,0.999832272529602,-0.00716345181821713,0.5144998175757276,0.9996877908706665,0.04222640820911956,0.6450383123897376,0.9993321299552917,0.01855364787791458,0.673726345811572,0.9994224309921265,59.7875966959486,0
186,0.016250609819378186,0.49550544080280157,0.9998230934143066,-0.005237234967006819,0.513213123594012,0.9996694326400757,0.04216138149301214,0.6449663695834937,0.9993173480033875,0.018512703389638962,0.6737609250204909,0.9994065165519714,59.7875966959486,0
187,0.01645964978351481,0.4956951297464829,0.9998136162757874,-0.003772393700533683,0.5118619317100166,0.9996535778045654,0.04207778828484675,0.6449336239269807,0.9993085265159607,0.018537007981822617,0.6739785103570852,0.9993920922279358,59.7875966959486,0
188,0.016693113194335085,0.49543723747843826,0.9998068809509277,-0.003241447582175692,0.5105681476138891,0.9996335506439209,0.04210708999917624,0.6445443318003705,0.9993053078651428,0.018659722326057313,0.6741730599176321,0.9993682503700256,59.7875966959486,0
189,0.016843505469816084,0.49479009423937154,0.9997936487197876,-0.0026191873559063055,0.5093158455122089,0.9996151924133301,0.042219505423591284,0.6438840627670293,0.9992792010307312,0.018808340476382364,0.674286135605404,0.9993234872817993,59.7875966959486,0
190,0.01705899604019666,0.49423097570737246,0.999786913394928,-0.002096631819204917,0.5081710503214886,0.999617338180542,0.04232839246590936,0.6432427763938908,0.9992495775222778,0.018895957885043977,0.6743428082693197,0.9993051886558533,59.7875966959486,0
191,0.01722045473399618,0.49400377699307074,0.9997803568840027,-0.0010459826499711552,0.5072949017797201,0.999626636505127,0.04243922180363113,0.6428633076804029,0.9992431998252869,0.01908813727398715,0.6742978436606277,0.9993029832839966,59.7875966959486,0
192,0.01730666105591117,0.4941431468441377,0.999776303768158,-0.0001349133755346495,0.5067680620011833,0.9996338486671448,0.04243996420076919,0.6429186974252978,0.9992433190345764,0.01930167073650021,0.6741862069992798,0.9992972016334534,59.7875966959486,0
193,0.01726557908668406,0.4942457860424409,0.9997622966766357,0.000526605088712781,0.5062441087904435,0.9996367692947388,0.042305505346684265,0.6428985425404146,0.9992233514785767,0.019446265839395085,0.673875110489982,0.9992976188659668,59.7875966959486,0
194,0.01729923264966126,0.4943255824702131,0.9997490048408508,0.0007230640147186244,0.5060366306986132,0.9996343851089478,0.042194744305951284,0.642526473317828,0.9991894364356995,0.0194611642509699,0.6735177210399088,0.9992696046829224,59.7875966959486,0
195,0.017322091829209116,0.4943837920824691,0.9997422099113464,0.000590663237657975,0.5061157743136092,0.9996345639228821,0.04208937837254437,0.6420398240997682,0.9991637468338013,0.01934452416996163,0.6732244832175125,0.9992529153823853,59.7875966959486,0
196,0.01731473171994801,0.4943574950808574,0.9997382164001465,0.00010029518099534999,0.5061076936267674,0.9996312260627747,0.04200590934072226,0.641617738065266,0.9991440773010254,0.019188539435466147,0.6729618055479873,0.9992395043373108,59.7875966959486,0
197,0.017324467145261323,0.49449939954848554,0.9997339248657227,-0.00010242463308497387,0.5062317990121391,0.9996305108070374,0.04196945826212568,0.6413948592685523,0.9991254210472107,0.019030447073635617,0.6726996643202652,0.9992309808731079,59.7875966959486,0
198,0.017370335491640243,0.49465662950561196,0.9997313618659973,-0.0007588076311679164,0.5065101044518611,0.9996380805969238,0.04187783386026113,0.6413819278989524,0.9991337060928345,0.01873476084853923,0.6725235212416881,0.9992406368255615,59.7875966959486,0
199,0.01746046055285705,0.4948969015053344,0.9997265934944153,-0.0015862203498337695,0.5068529730751405,0.9996220469474792,0.041748501715206,0.6413406247184396,0.9991232752799988,0.018348503769153653,0.6723635537283766,0.999230682849884,59.7875966959486,0
200,0.017535721350993443,0.4951772193113967,0.9997258186340332,-0.0023962274689914766,0.50719371012279,0.9996100068092346,0.04160309441032867,0.641300933701652,0.9991199970245361,0.017946231666774993,0.6721985141436264,0.9992232322692871,59.7875966959486,0
201,0.01755012048497088,0.49540030104773425,0.9997272491455078,-0.002936959097583204,0.5074316518647335,0.9996134638786316,0.04148142926749732,0.6412969004540221,0.9991300702095032,0.017669637554458224,0.6720908454486307,0.999233603477478,59.7875966959486,0
202,0.017446317754331104,0.4954951746123181,0.9997265934944153,-0.0029163053480996994,0.507492377644494,0.9996227622032166,0.04145080596208576,0.6412892426763268,0.9991467595100403,0.0176716662411179,0.6719261407852177,0.9992564916610718,59.7875966959486,0
203,0.017337822577073475,0.49569608200164106,0.9997259974479675,-0.002782446864460198,0.5075179253305712,0.9996249675750732,0.041498181720574734,0.6413114496639801,0.9991583228111267,0.017773885989472993,0.6718643619900664,0.9992746710777283,59.7875966959486,0
204,0.017252913897945782,0.49589482659385364,0.9997192621231079,-0.00305135535918886,0.5077619041715353,0.9996128678321838,0.041506821733145516,0.641272366046906,0.999155580997467,0.017813638207458328,0.6719685395558681,0.9992840886116028,59.7875966959486,0
205,0.01724777769829547,0.4961141958123165,0.9997223615646362,-0.0032222311858623454,0.5080814219656449,0.9996130466461182,0.04150629628981866,0.6412135532924113,0.9991665482521057,0.017822082376196285,0.6722344756126409,0.9992949366569519,59.7875966959486,0
206,0.01722477491767635,0.49627075734592657,0.9997151494026184,-0.002623851693789179,0.5081168924059191,0.9996069073677063,0.0415193539644991,0.6410735590117324,0.9991454482078552,0.017848262297255668,0.6723396522658218,0.9992896318435669,59.7875966959486,0
207,0.01716303337542785,0.4963119271255679,0.9996998310089111,-0.0018747876997405838,0.5081983350572136,0.9995999932289124,0.04151190178734919,0.6406464860552838,0.9991351366043091,0.017884057192575378,0.6723055073193147,0.9992952942848206,59.7875966959486,0
208,0.017052219648446366,0.4962471056552164,0.999685525894165,-0.0012122989167957202,0.5083655998820354,0.9995962977409363,0.04153259063050864,0.640081771782467,0.99913090467453,0.017910769475357885,0.672032427220118,0.9993047714233398,59.7875966959486,0
209,0.016951222150098724,0.4961603411606384,0.9996907114982605,-0.000775564358740494,0.5083579903557192,0.9995853900909424,0.04160471970126746,0.6395959598677503,0.9991355538368225,0.01794968980054062,0.6716355369204572,0.9993072748184204,59.7875966959486,0
210,0.01678204296955042,0.49602675296011467,0.9996942281723022,-0.0006120510030909615,0.5081241613342653,0.9995956420898438,0.041692867697704444,0.6392591510500232,0.9991340041160583,0.017990942600937133,0.6710611950783508,0.999311625957489,59.7875966959486,0
211,0.016527310102468457,0.4958921131633581,0.9996851086616516,-0.00044141753204755927,0.5075749130476093,0.9996103644371033,0.041742336537156824,0.6391841996283764,0.9991243481636047,0.018051083953607664,0.6704413720539644,0.9993184804916382,59.7875966959486,0
212,0.01613669740479618,0.4957865959122072,0.9996817708015442,0.00027948321214699693,0.506658114138104,0.9996212720870972,0.041761884731905834,0.6392724712689722,0.9991233944892883,0.018131166873943252,0.6697907816796081,0.9993185997009277,59.7875966959486,0
213,0.015666974220602297,0.49575819429897167,0.9996833801269531,0.0005629442492222773,0.5059719681739812,0.9996334314346313,0.04159172145383702,0.6392499009768173,0.9991267919540405,0.018119274150757578,0.6692839293252859,0.99932461977005,59.7875966959486,0
214,0.015215324016199237,0.4958121861730307,0.9996932148933411,7.726413813153552e-05,0.5059613897686916,0.9996413588523865,0.04105721768878758,0.6392175555229191,0.9991422295570374,0.018007339200093647,0.6690742997896109,0.999326229095459,59.7875966959486,0
215,0.014959591751297328,0.49587960470290454,0.9997036457061768,-0.0006322345926448531,0.5062293864431839,0.9996530413627625,0.040399944321030695,0.6392148335774746,0.9991649985313416,0.01789162769204096,0.6691286421957475,0.9993423223495483,59.7875966959486,0
216,0.014891102377857492,0.4959524969259902,0.9997162818908691,-0.0011388969197425824,0.5065831627164572,0.999653697013855,0.03983771712297488,0.6393201606614254,0.9991941452026367,0.017841300616661723,0.6692281762758896,0.9993563890457153,59.7875966959486,0
217,0.014950179140127851,0.49600365616026415,0.9997182488441467,-0.0013225995048525797,0.5067970128286456,0.9996467232704163,0.03947255618515472,0.6395294836589274,0.9992107152938843,0.017908934237701565,0.6693381752286645,0.9993575215339661,59.7875966959486,0
218,0.015072425783035312,0.4959944642725449,0.9997231960296631,-0.0010557949842352962,0.5068193588938036,0.9996374249458313,0.03943253787500521,0.6397438560213367,0.9992252588272095,0.018073814610640223,0.6695488975161603,0.9993566274642944,59.7875966959486,0
219,0.015123249652485066,0.49596929550170943,0.9997289776802063,-0.0005722243665894942,0.5066227061407911,0.9996340274810791,0.039561341738417063,0.6399934632437575,0.9992437362670898,0.01821487467913402,0.6698567100933626,0.999362587928772,59.7875966959486,0
220,0.01507686003155653,0.49591700236002645,0.9997290968894958,1.8082836288071664e-05,0.50617052543731,0.9996277689933777,0.03957602789714226,0.6401417255401616,0.9992542862892151,0.01833028239863261,0.670202065081824,0.9993636012077332,59.7875966959486,0
221,0.015166895464062705,0.49595381106649167,0.9997344017028809,-0.0016176207794896566,0.5068884037789849,0.9996090531349182,0.03951611990729971,0.6401347943714693,0.9992728233337402,0.01816141676335109,0.6705325472922558,0.9993619322776794,59.7875966959486,0
222,0.015206170002264648,0.49580983888535307,0.9997398257255554,-0.004378858144350708,0.508443727379754,0.9995999932289124,0.03945637955552059,0.6402466495831813,0.9992721676826477,0.017958281473034916,0.6709880630175278,0.9993459582328796,59.7875966959486,0
223,0.015169558425744386,0.49554175280389373,0.9997456669807434,-0.007083803035562775,0.5097458958625798,0.9995884895324707,0.03948063793636507,0.6404732125146053,0.999271810054779,0.017884904962210443,0.6713946859041855,0.9993242621421814,59.7875966959486,0
224,0.015208469127260515,0.49524159090859593,0.9997515082359314,-0.00840952100476162,0.5105094455537346,0.999589204788208,0.039625757329520755,0.6407244375773844,0.9992722868919373,0.017960804204146082,0.6718176660083595,0.9993161559104919,59.7875966959486,0
225,0.015354412696546044,0.49495007026763227,0.9997531175613403,-0.007615874310778016,0.5105305796577821,0.9995971918106079,0.03996075476918905,0.6410172297841031,0.9992731809616089,0.01819548942148687,0.6721690183594118,0.9993155002593994,59.7875966959486,0
226,0.015672074497810447,0.4947199026743575,0.9997532963752747,-0.0045639120618857125,0.5090964351381578,0.9995896816253662,0.04035985540776029,0.641149949459803,0.9992651343345642,0.018517008406065773,0.6722974266324729,0.999293327331543,59.7875966959486,0
227,0.016215823014222454,0.4945873632317501,0.9997524619102478,-0.004351893805765684,0.5089755512419205,0.9995753765106201,0.040646341052793356,0.6411161820093796,0.9992591142654419,0.01859750314837412,0.6724281651633132,0.9992742538452148,59.7875966959486,0
228,0.01661123016050885,0.4943788321245289,0.9997550845146179,-0.0063440260211271955,0.5096661817459838,0.9995591640472412,0.04073384244527139,0.6411967249143696,0.999260425567627,0.018489709833548196,0.6727284391721096,0.9992626309394836,59.7875966959486,0
229,0.01681785028250446,0.4942211608091994,0.9997570514678955,-0.009771209975172373,0.510544339815776,0.9995351433753967,0.04081507452896666,0.6412398361024407,0.9992597699165344,0.01837180758870785,0.6727544182822823,0.9992408752441406,59.7875966959486,0
230,0.016905017019737345,0.494172063611803,0.9997613430023193,-0.011213359666899566,0.5107806750706269,0.9995341897010803,0.04080440565234142,0.6412464181582138,0.9992658495903015,0.01826491189144908,0.6725751871154427,0.9992266297340393,59.7875966959486,0
231,0.016978974675848385,0.4942387824966798,0.999762773513794,-0.01143700558514823,0.5112071973936902,0.9995167255401611,0.04082141586002852,0.6412926514943447,0.9992616176605225,0.01820535877985615,0.6722640877678286,0.9991985559463501,59.7875966959486,0
232,0.017037988329927138,0.49427637032100175,0.9997666478157043,-0.009568932222291125,0.5104889216877169,0.9994965195655823,0.04081718534940768,0.6414737928481333,0.9992630481719971,0.018255453822868226,0.6720417681194493,0.9991647005081177,59.7875966959486,0
233,0.017069056630134596,0.4941236830893021,0.9997724294662476,-0.008109011864733135,0.5095622369221282,0.9994865655899048,0.040746919633377204,0.6418135762214665,0.9992767572402954,0.018303307482884057,0.6720952136175978,0.9991585612297058,59.7875966959486,0
234,0.017059803896007097,0.49376889495622583,0.9997742772102356,-0.007012883134718458,0.5085071921348576,0.9994750618934631,0.0406502068397545,0.6421761342457368,0.9992820024490356,0.018276153753201182,0.6723702180953258,0.9991406798362732,59.7875966959486,0
235,0.01701616194276584,0.49308012496857456,0.9997788667678833,-0.007671289988571695,0.5077335039774581,0.9994702339172363,0.04070929845883736,0.6422544121742253,0.9992783665657043,0.018267498839469196,0.6725432872772222,0.9991110563278198,59.7875966959486,0
236,0.017002599846039513,0.4923099194254198,0.9997817873954773,-0.008234169799834497,0.5065658489863082,0.9994776844978333,0.04070271374214267,0.6420940132368184,0.9992805123329163,0.018063208886555278,0.672545662948064,0.9991036057472229,59.7875966959486,0
237,0.01725660637021066,0.49180091846556934,0.9997856020927429,-0.010287246134664339,0.5070285939034966,0.9994857311248779,0.04086957392948018,0.641982998166766,0.9992881417274475,0.0177198462188244,0.6726933433896025,0.9991034865379333,59.7875966959486,0
238,0.01763551895107543,0.49160643418630007,0.9997826218605042,-0.012152027294394525,0.5080794408207852,0.9994851350784302,0.04116411773221837,0.6420190618151715,0.9992873072624207,0.017416803875849374,0.6729829339754019,0.9990973472595215,59.7875966959486,0
239,0.018041348262202186,0.4916351678825564,0.9997828602790833,-0.013263120404666389,0.5093165976660596,0.999475359916687,0.04147032861198702,0.6421895765122918,0.9992859363555908,0.01719638616556214,0.6733198903855829,0.9990886449813843,59.7875966959486,0
240,0.018481790043768445,0.49165777081535017,0.9997800588607788,-0.012992868599082753,0.5104219941865834,0.9994692802429199,0.041786176108178676,0.6423574913115734,0.9992734789848328,0.01717166788876058,0.6736100543112987,0.9990665912628174,59.7875966959486,0
241,0.018813172798781183,0.49145660797754964,0.9997736215591431,-0.012634622953122582,0.5111362281299776,0.9994654655456543,0.0419976448728925,0.6423949031602774,0.9992544651031494,0.01731219018499058,0.673698470706032,0.9990491271018982,59.7875966959486,0
242,0.018962610867761444,0.4911250528835119,0.9997687935829163,-0.012340272244598195,0.5110702003751486,0.9994580149650574,0.04203700451623829,0.6422843677656996,0.9992469549179077,0.01747104419129237,0.6735719328834903,0.9990372657775879,59.7875966959486,0
243,0.01923366086114022,0.4909712061995556,0.999767005443573,-0.012366096444782766,0.511328688689641,0.999454915523529,0.04211850091814998,0.6423986752827967,0.9992460012435913,0.017615166803201056,0.673703653471811,0.9990352988243103,59.7875966959486,0
244,0.019489682678665448,0.4911032460984734,0.9997704029083252,-0.01249112579084579,0.5118862674349834,0.9994657635688782,0.04223549915921124,0.6427368947437837,0.9992476105690002,0.017763728187197743,0.6740030617941,0.9990394711494446,59.7875966959486,0
245,0.019663967103475632,0.4913887793109534,0.9997684359550476,-0.01246387085744314,0.5120852447691422,0.999457597732544,0.04233664699963165,0.6431426945186802,0.9992424845695496,0.017903754310238947,0.6742664774258937,0.9990317821502686,59.7875966959486,0
246,0.019878504354329356,0.4916912572724482,0.9997673034667969,-0.01245321643849215,0.5119438143003558,0.9994555115699768,0.04241583478592695,0.6436181749616355,0.9992405772209167,0.017977276905661553,0.6744444171587631,0.9990257620811462,59.7875966959486,0
247,0.02018040214620887,0.49190888092631424,0.9997653961181641,-0.012496498457732664,0.51141369342804,0.9994475245475769,0.04253267248471582,0.6439992217790518,0.9992445707321167,0.018015747712481604,0.6744211741856172,0.9990130066871643,59.7875966959486,0
248,0.02044175157234784,0.49195711669467784,0.9997590184211731,-0.0126421255547376,0.5103286277680175,0.9994524121284485,0.0426710311855589,0.6441207187516353,0.9992363452911377,0.018016697661507715,0.6742789376349682,0.9989990592002869,59.7875966959486,0
249,0.020801981999760598,0.49194984492801525,0.9997562766075134,-0.01254473826182741,0.5087983806928003,0.9994667172431946,0.04286265958632745,0.6441505863553008,0.999234139919281,0.018149390639293776,0.6738513083685018,0.9989936351776123,59.7875966959486,0
250,0.021199710312343797,0.4919242518288752,0.9997501969337463,-0.012259043087916725,0.5072235606965568,0.9994784593582153,0.043053377597104966,0.6441152862140116,0.9992376565933228,0.01836199703670685,0.6731833020846054,0.9990006685256958,59.7875966959486,0
251,0.02157124371400903,0.49190003105572333,0.999742865562439,-0.011592810263945952,0.5054541542416531,0.9994973540306091,0.04319892734998752,0.6441026869274327,0.9992415308952332,0.018617932817765658,0.6723103069123773,0.9990155100822449,59.7875966959486,0
252,0.021903523909194145,0.4919190250691918,0.9997364282608032,-0.010943840435218252,0.5041157801946008,0.9995039701461792,0.04326771199703219,0.6443161283220569,0.9992448091506958,0.01881515163750877,0.6715740334419983,0.9990198016166687,59.7875966959486,0
253,0.022194439456576412,0.49198749235698197,0.9997319579124451,-0.010569729354409953,0.5034274771100002,0.9995163679122925,0.043186044763951104,0.6446785302389242,0.9992426037788391,0.018805152160071205,0.67116752976463,0.9990180134773254,59.7875966959486,0
254,0.022346553348359624,0.4920860954693389,0.999728262424469,-0.010218210119221898,0.5032448059036623,0.9995298981666565,0.04295253221477785,0.6449170112609869,0.9992549419403076,0.018646860495209708,0.6711214695658008,0.9990301728248596,59.7875966959486,0
255,0.022347198089673424,0.49216340553192905,0.9997262954711914,-0.009844342601441208,0.5032221646535968,0.9995442628860474,0.042602502696570926,0.6449066627593273,0.9992687702178955,0.018370370247534358,0.6711065598896577,0.999050498008728,59.7875966959486,0
256,0.022345632758168966,0.4922105485484718,0.9997285008430481,-0.009594769882304337,0.503321883224306,0.9995496869087219,0.042220268043733813,0.6448695915085934,0.999289870262146,0.017876528558276962,0.6711035626275205,0.999077558517456,59.7875966959486,0
257,0.022345783366333888,0.49219146228971977,0.9997246265411377,-0.009412666383598538,0.5033888674917679,0.999542236328125,0.041949312956560264,0.6449321309725449,0.9992896914482117,0.017397102234619016,0.6710932141258609,0.9990644454956055,59.7875966959486,0
258,0.022489777987911606,0.4921667618410932,0.9997189044952393,-0.009326583528447726,0.5033860575585142,0.999547004699707,0.041840370744466816,0.6451251308123276,0.9992817044258118,0.017003707676416367,0.671078190917061,0.9990506768226624,59.7875966959486,0
259,0.022702819978197432,0.49213695668038904,0.9997103214263916,-0.00940753351010028,0.5033945299330216,0.99953693151474,0.0418415674496265,0.6452983475866778,0.999267041683197,0.016691205047425783,0.6710689493588045,0.9990288019180298,59.7875966959486,0
260,0.02293399810081438,0.4921070010889148,0.9997001886367798,-0.009360547665329214,0.5033222607203897,0.9995314478874207,0.04196739587045854,0.6452313945406964,0.9992587566375732,0.016589407143848295,0.6710332376616347,0.9990161657333374,59.7875966959486,0
261,0.023096745922451947,0.4920518923373453,0.9996935725212097,-0.009334101519059574,0.5031262465885711,0.9995342493057251,0.04206901167829835,0.644923757939112,0.9992490410804749,0.016515385714315246,0.6710052944365007,0.999010443687439,59.7875966959486,0
262,0.023289179961596233,0.4920439549854828,0.9996811747550964,-0.009362128873666135,0.502801929201399,0.9995331764221191,0.04215855577162338,0.6446071352277488,0.9992329478263855,0.016326486975664196,0.6709807855742324,0.9989967346191406,59.7875966959486,0
263,0.02342446875714122,0.492026622806277,0.9996718168258667,-0.009393632411956794,0.5022859488214769,0.9995322823524475,0.042139974378404194,0.6443226394199195,0.9992132186889648,0.016090383487088352,0.6708913275173738,0.9989747405052185,59.7875966959486,0
264,0.023613201099492276,0.4920499154499603,0.9996715784072876,-0.009378227227855303,0.5022125840187077,0.9995361566543579,0.042199108040049,0.6441489032336649,0.9992089867591858,0.01604283175298147,0.6707637224878589,0.9989718198776245,59.7875966959486,0
265,0.023762164903538587,0.4920837027685987,0.999666154384613,-0.009369360371714555,0.5025551659720289,0.9995315670967102,0.04237757445800876,0.6440468600818094,0.9992033839225769,0.016209477115245105,0.6706483818235858,0.9989625811576843,59.7875966959486,0
266,0.023877647572330088,0.4921330823784787,0.9996677041053772,-0.0094159229968985,0.5030411850838438,0.9995277523994446,0.04264591261744503,0.6440799463362926,0.9991967678070068,0.016530022202503127,0.6704502503077194,0.9989456534385681,59.7875966959486,0
267,0.02382955682419597,0.4921573613371172,0.9996679425239563,-0.0092708742512124,0.5034923468317308,0.9995276927947998,0.04302832980950677,0.6440152894882933,0.9991852641105652,0.017164725987684173,0.6701646362032214,0.9989275932312012,59.7875966959486,0
268,0.023725099152042774,0.49220883562451356,0.9996699690818787,-0.008964384063368759,0.5037678508531485,0.9995405077934265,0.04347435278551923,0.6437794793219799,0.9991851449012756,0.01782750489101525,0.6698631842931118,0.9989375472068787,59.7875966959486,0
269,0.0235470591911248,0.4921551758334754,0.9996587634086609,-0.008479793866475429,0.5036961067290537,0.9995431303977966,0.04383320574249543,0.6434085993539724,0.9991670846939087,0.018335293268873593,0.6695594361850199,0.9989327788352966,59.7875966959486,0
270,0.023345400534925027,0.4918381926559271,0.9996548295021057,-0.00801058124662156,0.5036738827115017,0.9995450973510742,0.04413994987096109,0.6428156409944812,0.99916672706604,0.018718923131624873,0.6693806108974281,0.9989435076713562,59.7875966959486,0
271,0.023172247977483858,0.4913990625313354,0.9996467232704163,-0.007704667347882482,0.5038971248127169,0.9995304346084595,0.044312239935000775,0.6422398856707987,0.9991551637649536,0.018894718161651083,0.6693546800386343,0.9989308714866638,59.7875966959486,0
272,0.023082221813854734,0.4909847180048629,0.9996416568756104,-0.007612529565535847,0.5041321998550783,0.9995136857032776,0.04431564804343954,0.6417501824242733,0.9991306662559509,0.018840086956818915,0.66929346606845,0.9988887906074524,59.7875966959486,0
273,0.022935938533572942,0.49072895163581526,0.9996347427368164,-0.007609578470389055,0.5046264273779737,0.999478280544281,0.044267799527872215,0.6415899055344723,0.9991084337234497,0.01880355755842869,0.6694008736383352,0.9988543391227722,59.7875966959486,0
274,0.022746527124018916,0.4907057583332066,0.9996260404586792,-0.007755155763810596,0.505155566192809,0.9994732737541199,0.044205149901764766,0.641813110737574,0.9990917444229126,0.018736948126128757,0.6697463393211369,0.9988441467285156,59.7875966959486,0
275,0.0225091109140998,0.49078882733980855,0.9996277093887329,-0.008229510681260207,0.5059168849672594,0.9994701743125916,0.044196995950880544,0.642076432704926,0.9990987181663513,0.018721605784126707,0.6701578469503499,0.9988617300987244,59.7875966959486,0
276,0.022303192831930677,0.49080583311262627,0.9996399879455566,-0.009081754678239433,0.5068076480002635,0.9994656443595886,0.04419244630705746,0.6421557920319698,0.9991117715835571,0.018635252313244928,0.6705901963370192,0.9988757371902466,59.7875966959486,0
277,0.02217454711596173,0.490833740858805,0.9996453523635864,-0.010031656140372873,0.5078760868027101,0.9994534254074097,0.0441955686325119,0.6421421936580118,0.9990973472595215,0.018504185335976753,0.6709305984633316,0.998860239982605,59.7875966959486,0
278,0.022154369347152272,0.4908406294527512,0.9996523261070251,-0.01078277671088776,0.5086274544397994,0.9994491934776306,0.044259147097667095,0.6418334359214424,0.9990922808647156,0.01838695488515356,0.6709537875084655,0.9988541603088379,59.7875966959486,0
279,0.0221138308268218,0.49079650214740245,0.9996538162231445,-0.011329280611659808,0.5093679740315395,0.9994484186172485,0.044303647819019534,0.6415210962295537,0.9990864396095276,0.01825071117352873,0.6710924648103266,0.9988555908203125,59.7875966959486,0
280,0.022079260132852073,0.49093716627075595,0.9996592998504639,-0.011571036385638382,0.5098499002910799,0.9994472861289978,0.044353921853360706,0.6415535211563115,0.9990728497505188,0.01819695656498275,0.6714418161483043,0.998837411403656,59.7875966959486,0
281,0.021855058946779814,0.49127483793667426,0.9996693134307861,-0.011829405623887276,0.5102871230670387,0.999427855014801,0.04415986101542204,0.6420574585596726,0.9990835189819336,0.01809378624671983,0.6719259222348537,0.9988371729850769,59.7875966959486,0
282,0.021453824603841435,0.4916996189526153,0.9996801614761353,-0.012240395748189529,0.5103564006941663,0.9994275569915771,0.04361180819216233,0.6429271697998051,0.9991013407707214,0.017736435734799945,0.6724805689993365,0.9988529682159424,59.7875966959486,0
283,0.02079480771152748,0.49204162188938727,0.999688446521759,-0.013103299663357802,0.5105564452352982,0.9994372129440308,0.042891887149640526,0.6439421006611421,0.9991194009780884,0.017278521099970467,0.6729419203031637,0.9988611340522766,59.7875966959486,0
284,0.020091304023351006,0.49206250054495715,0.9996968507766724,-0.011750410100267766,0.5080336261363261,0.9994610548019409,0.042278944559040556,0.6447358074642369,0.9991454482078552,0.01716155718479839,0.6729881451243451,0.9988963007926941,59.7875966959486,0
285,0.01951955054842292,0.49178033641406504,0.9996904730796814,-0.009419036009127194,0.5047795573870345,0.9994731545448303,0.04194407111832077,0.64499881154015,0.9991586208343506,0.017378837136285658,0.6728532399450036,0.9989171028137207,59.7875966959486,0
286,0.019259455924232817,0.49150270507449234,0.9996892213821411,-0.006511083926029864,0.5017364606970837,0.9994868040084839,0.04203018297751748,0.6450197242555169,0.9991748332977295,0.017968705367474344,0.6725410790670492,0.9989407658576965,59.7875966959486,0
287,0.01918751116664638,0.4913280450162437,0.9996834993362427,-0.0054047763170231,0.5004419059980487,0.999498188495636,0.04218320317921188,0.6450643936793015,0.9991883039474487,0.018351596469680483,0.6724091087068835,0.9989715814590454,59.7875966959486,0
288,0.019278315827250495,0.4912803215639936,0.9996691942214966,-0.006497139499212311,0.5016607656365353,0.9994999170303345,0.042313552328518494,0.6450642801466447,0.999195396900177,0.01837179641283695,0.6724890527271095,0.998989999294281,59.7875966959486,0
289,0.019289881877955953,0.49129569388571276,0.999671995639801,-0.009308686790366975,0.505025440738315,0.9995019435882568,0.04243988880798934,0.6450432198388241,0.9991929531097412,0.018210375149335194,0.6726980691864382,0.9989930987358093,59.7875966959486,0
290,0.019317270300927634,0.4913702919369656,0.9996705055236816,-0.010683684277215184,0.5075824658075972,0.9994927048683167,0.042529518050806896,0.6450575590133671,0.999197244644165,0.0182271773616473,0.6728848218917851,0.9990082383155823,59.7875966959486,0
291,0.019471771216818277,0.49150653963997293,0.9996638894081116,-0.011503750990544057,0.5099723679678785,0.9994894862174988,0.04263447012220113,0.6450718243916835,0.9991989135742188,0.018220792391470515,0.6730531851450607,0.999024510383606,59.7875966959486,0
292,0.01968487219086717,0.4916487733523055,0.9996652603149414,-0.011300085555939456,0.5113033850987756,0.9994766712188721,0.042814862692639975,0.6450222617103945,0.99920654296875,0.018291544967464053,0.6729900950477242,0.999037504196167,59.7875966959486,0
293,0.019909416724528603,0.4917246784482687,0.9996656775474548,-0.011978643990698323,0.5122501992044,0.999457061290741,0.043000328576280986,0.6448192937033522,0.9992113709449768,0.018223531987695482,0.6729306493486682,0.9990472197532654,59.7875966959486,0
294,0.02005479830716339,0.4918106737590976,0.9996660947799683,-0.011509145610034476,0.5122139482271107,0.9994447827339172,0.04322270782930514,0.644557552678245,0.999218761920929,0.018144296836994957,0.6728843933060061,0.9990651607513428,59.7875966959486,0
295,0.02016795994270417,0.4918629484517238,0.9996559023857117,-0.010469346395915471,0.5114178061485295,0.9994235634803772,0.04354076832532886,0.6443169826552987,0.9991990327835083,0.018171808194546488,0.6728375270253141,0.9990516901016235,59.7875966959486,0
296,0.020276471440281205,0.4919539264270241,0.9996443390846252,-0.00934891207587152,0.5107935099374684,0.9994028806686401,0.04384103417396549,0.6441507140795395,0.999178409576416,0.018287890812470814,0.6727666712942584,0.9990339875221252,59.7875966959486,0
297,0.02042525465644543,0.49202329346111884,0.9996435642242432,-0.008658342773006082,0.5103526370865963,0.999393105506897,0.04408007132865137,0.644095366909391,0.9991751909255981,0.01828890577668237,0.6726538709231791,0.9990323781967163,59.7875966959486,0
298,0.020531045627735927,0.4920893510182702,0.9996424317359924,-0.0086177961368646,0.5102608856700719,0.9993882179260254,0.04417260576571741,0.6441230944224772,0.9991753101348877,0.01827533871290231,0.6725243869281956,0.9990251064300537,59.7875966959486,0
299,0.02058488396661624,0.49209778365634776,0.9996321201324463,-0.009465704893782033,0.5103596051534021,0.9993765950202942,0.044146430634316974,0.644093567416782,0.9991675615310669,0.018275800914991487,0.672245065371196,0.9990039467811584,59.7875966959486,0
300,0.020550744696742028,0.49214431643486056,0.9996301531791687,-0.009394435433759583,0.5100111053103497,0.9993647336959839,0.044123785126776956,0.6440697454270867,0.9991605877876282,0.018413657766012934,0.6718612313270573,0.9989849328994751,59.7875966959486,0
301,0.020552276145844248,0.4922003249327345,0.9996240735054016,-0.009551907490406724,0.509385276408423,0.9993658065795898,0.04419072362638658,0.6439152218046648,0.9991547465324402,0.018601216730617355,0.6713742329960783,0.99897301197052,59.7875966959486,0
302,0.020550484281210687,0.4922344627834505,0.9996095299720764,-0.009927629581874334,0.5087962178956899,0.9993693828582764,0.044285961914630204,0.6436781230426976,0.999143660068512,0.018756013274902405,0.6709265907605495,0.9989691376686096,59.7875966959486,0
303,0.02051528587582567,0.49223031032653125,0.9996088147163391,-0.010319655317635772,0.5081665657815483,0.9993893504142761,0.04442660829850609,0.6434418615840736,0.9991446137428284,0.01894427152971428,0.6704837992077788,0.9989812970161438,59.7875966959486,0
304,0.02053777199415935,0.49229640052432144,0.9996098279953003,-0.01075024122283573,0.5078795381954742,0.9993926286697388,0.04448535080466955,0.6432923731349769,0.9991368055343628,0.01906228455759232,0.670239442870731,0.9989757537841797,59.7875966959486,0
305,0.02063992885606631,0.49237578113873837,0.9996078610420227,-0.011046854646078186,0.5077148647535419,0.9994177222251892,0.0445974891384443,0.6431927482287094,0.999125063419342,0.019180254389842367,0.6700519947778616,0.9989755749702454,59.7875966959486,0
306,0.020774761392247126,0.4924738776116148,0.9996141195297241,-0.011079838011591216,0.5078726609547937,0.9994386434555054,0.04477175821860635,0.6432647875377115,0.9991351366043091,0.019335747386018454,0.6700151051793786,0.9990010261535645,59.7875966959486,0
307,0.020899283211855677,0.49256464697065844,0.999611496925354,-0.011097395748254808,0.5078750082424712,0.999455451965332,0.04494358315354305,0.6434417225065691,0.9991374611854553,0.019515925131383415,0.6700462840852288,0.9990196824073792,59.7875966959486,0
308,0.02099256802882469,0.492618329468228,0.9996143579483032,-0.01153289500091758,0.5085368298348931,0.999461829662323,0.0450380888013613,0.6437086122376583,0.9991487860679626,0.019487091916657644,0.6702297216369998,0.9990326762199402,59.7875966959486,0
309,0.0210136084684304,0.4926154542536966,0.999614953994751,-0.01106626156806237,0.5078802960259577,0.9994710087776184,0.045075586686531735,0.6439959378469563,0.999160647392273,0.01949516834602471,0.6703782053220846,0.9990501999855042,59.7875966959486,0
310,0.021056763739103382,0.4926293421359293,0.9996166229248047,-0.009489332458802638,0.5061565864653819,0.9994577169418335,0.04506864061667809,0.6442023402168642,0.9991839528083801,0.01951457515713716,0.6705042946906323,0.9990739822387695,59.7875966959486,0
311,0.02105491688208922,0.49268347166833465,0.9996050000190735,-0.007087282836437231,0.5035592416922255,0.9994534850120544,0.045027895520130826,0.6442805557023916,0.9991899132728577,0.019585520295160173,0.6704784461430147,0.9990809559822083,59.7875966959486,0
312,0.020738205650732647,0.4926504961081917,0.9995952844619751,-0.004836813391496742,0.5008720031806405,0.9994571208953857,0.04486211229647913,0.6441949776240763,0.9992043375968933,0.019671702313990833,0.6703872822579888,0.9991016983985901,59.7875966959486,0
313,0.020039321056434103,0.4924881316366654,0.9995986223220825,-0.003392849117517474,0.49902764530408994,0.9994776844978333,0.04464113020471168,0.6440484268324721,0.9992188811302185,0.019841281519759287,0.6702813789958051,0.9991174936294556,59.7875966959486,0
314,0.019114146009087576,0.4922348573094327,0.9996035099029541,-0.0035372178979395427,0.4988978164536616,0.9994623064994812,0.04414858740000501,0.6439494206791838,0.9992283582687378,0.01983946881123953,0.6702906517755423,0.999114453792572,59.7875966959486,0
315,0.018104493706708878,0.49196883042653444,0.999604344367981,-0.0036410419270396263,0.4987545893305828,0.9994491338729858,0.043587324697346955,0.6439225787208199,0.9992331266403198,0.019842357152984273,0.6703942787079589,0.9991059303283691,59.7875966959486,0
316,0.017290688075480024,0.4917768140633905,0.9996034502983093,-0.003138256309154845,0.49881390162876715,0.9994392991065979,0.04312721391518914,0.6438823115257994,0.9992315173149109,0.019846211231890197,0.670562448955718,0.999090313911438,59.7875966959486,0
317,0.01684491238778547,0.49176337747346827,0.9996025562286377,-0.002212902231674111,0.498765729722523,0.9994258284568787,0.042842104853618744,0.6438843636285696,0.9992407560348511,0.019844457773225663,0.6706829156194419,0.9990954399108887,59.7875966959486,0
318,0.016623986086675112,0.49179500909078727,0.9996092319488525,-0.0015030672407842119,0.498672879877545,0.9994122385978699,0.042727754939170144,0.6437874862125947,0.9992563128471375,0.019845732354692065,0.670717128685543,0.9991070032119751,59.7875966959486,0
319,0.01656526460179262,0.4918390696957002,0.9996224045753479,-0.00109917162695811,0.49860791365305623,0.9994257688522339,0.04273085171977682,0.6436723158473066,0.9992753267288208,0.01984784796479204,0.6707209206762774,0.9991238713264465,59.7875966959486,0
320,0.01660782719651859,0.49187645883787284,0.999638557434082,-0.0013147072500682313,0.49859219789505044,0.9994370937347412,0.04261051118373874,0.6436921670323332,0.9992992877960205,0.01982083100648155,0.6707750019573036,0.9991437792778015,59.7875966959486,0
321,0.016632573856484336,0.4919036044960934,0.9996510148048401,-0.001664741042380533,0.4984366212572374,0.9994392395019531,0.04247768737730529,0.6438032417070303,0.9993099570274353,0.019764710395109103,0.6708529023897085,0.9991450905799866,59.7875966959486,0
322,0.016633410538945893,0.49189583744321586,0.9996659755706787,-0.002001605395759857,0.49846690893173257,0.9994550943374634,0.04239788190239955,0.6439062328565693,0.9993258714675903,0.01972446599531743,0.6709909609385905,0.999158501625061,59.7875966959486,0
323,0.016647676892933404,0.49192534174237973,0.9996749758720398,-0.00195368031217229,0.4979175840105333,0.9994652271270752,0.04242198719155224,0.6440072769210456,0.9993367791175842,0.01970574038014527,0.6711640130905884,0.9991665482521057,59.7875966959486,0
324,0.016657525141324327,0.4920271691821874,0.9996843934059143,-0.003047609535445062,0.4994216547125866,0.9994691610336304,0.04249990110596025,0.6440512736638392,0.9993415474891663,0.01969855926221327,0.6713218064535238,0.9991714358329773,59.7875966959486,0
325,0.016629834881141087,0.49215068987437693,0.9996872544288635,-0.004121717764064673,0.5013980042366759,0.9994562268257141,0.042519582524186125,0.64397924003147,0.9993413686752319,0.01966898835131102,0.6714575631277907,0.999160647392273,59.7875966959486,0
326,0.016630632980238837,0.49229636788368264,0.9996925592422485,-0.0043950481562032625,0.5028406523522881,0.9994477033615112,0.04258211595671521,0.6438618160429459,0.9993539452552795,0.019750656116576438,0.6715209484100347,0.9991744756698608,59.7875966959486,0
327,0.016769402704778183,0.49242204569634973,0.9996886253356934,-0.004988853675535041,0.5047164176191606,0.9994333982467651,0.042699668911241384,0.6437500261125115,0.9993516206741333,0.01987801882482712,0.6716169941992992,0.9991679787635803,59.7875966959486,0
328,0.017238698367561627,0.492493882065728,0.9996906518936157,-0.005718520953364321,0.5066379904747014,0.9994266629219055,0.04292403001870432,0.6436432656787696,0.9993535876274109,0.02004186188181243,0.6717493165107006,0.9991734027862549,59.7875966959486,0
329,0.017895435382212926,0.4925457381066826,0.9996965527534485,-0.006029402704111172,0.5075943413234896,0.9994239807128906,0.04318807912724362,0.6435541595731469,0.9993557929992676,0.020161996462515437,0.6718883627936959,0.9991800785064697,59.7875966959486,0
330,0.018528736772991376,0.4924509993621285,0.9996895790100098,-0.007370766496197105,0.5098241198630564,0.9994099736213684,0.043415867856570686,0.6434438994952616,0.9993365406990051,0.02018192082288721,0.6720333070982075,0.9991658926010132,59.7875966959486,0
331,0.018921133308183596,0.492171909127917,0.999679446220398,-0.00818069456588655,0.5110646344366532,0.9993964433670044,0.04355465656235108,0.6431477325303219,0.9993168711662292,0.020118850416370817,0.6720518441427328,0.9991506934165955,59.7875966959486,0
332,0.019039165406000064,0.4918502668539687,0.9996719360351562,-0.008068497758358724,0.5108110762777787,0.9993804693222046,0.04366660863161091,0.6428187120528452,0.9992926120758057,0.020105523012933293,0.6719726948511038,0.9991215467453003,59.7875966959486,0
333,0.018957953545309263,0.49156525731086775,0.9996620416641235,-0.008203994039268726,0.5104226271311446,0.9993827939033508,0.043715885529915524,0.6425593126387827,0.9992703199386597,0.020053840552767134,0.6718985864094331,0.9991022348403931,59.7875966959486,0
334,0.0190072303549165,0.491467974015645,0.9996529817581177,-0.008605407905720536,0.5102427119300483,0.9993875622749329,0.04385069775439447,0.6423912559236804,0.9992504715919495,0.020031275405060694,0.6718660962013977,0.9990890026092529,59.7875966959486,0
335,0.01918047684289162,0.49155311925070666,0.999642550945282,-0.00895571686504853,0.510377094859169,0.9993786811828613,0.044021608219260294,0.642342573120481,0.9992306232452393,0.019980781578591907,0.6718790814990094,0.9990647435188293,59.7875966959486,0
336,0.019448822985092814,0.4916327397028609,0.9996529221534729,-0.009821842646314992,0.511062840620677,0.999384343624115,0.04415276699832511,0.642392808482761,0.9992401599884033,0.019687602562563775,0.6721259525844034,0.9990652203559875,59.7875966959486,0
337,0.01971197216993288,0.4917380568527044,0.9996499419212341,-0.010657340598603099,0.5118940983499805,0.9993721842765808,0.044153731848512415,0.6424512806392857,0.9992362856864929,0.019155287316867296,0.6724267460051043,0.9990646243095398,59.7875966959486,0
338,0.01989833434068023,0.4915774791013631,0.9996579885482788,-0.011240059775965565,0.5125499481246589,0.9993605613708496,0.044157378198135505,0.6422733267148342,0.9992418885231018,0.018620229104445107,0.6726800487155011,0.9990652799606323,59.7875966959486,0
339,0.019841110599892495,0.49118080451375,0.9996575117111206,-0.011821563045183827,0.5126924713452662,0.9993546009063721,0.04408706635946323,0.6419206119719011,0.9992357492446899,0.018099571711250727,0.6728171819732308,0.9990598559379578,59.7875966959486,0
340,0.019981631920451225,0.4907691904476715,0.9996634721755981,-0.012406012664238622,0.5126344618343176,0.9993625283241272,0.04412859287999929,0.6414732564063303,0.999236524105072,0.017667157132001163,0.6728736871764779,0.9990605115890503,59.7875966959486,0
341,0.0203867301877056,0.4903612676120943,0.999673068523407,-0.012689039377229566,0.5125826653980077,0.9993593692779541,0.044239660813694945,0.6410332236971179,0.9992432594299316,0.017339906344811137,0.6729138976051698,0.999062716960907,59.7875966959486,0
342,0.020965723941723524,0.49004610237621166,0.9996819496154785,-0.013022834257710558,0.5122266411781315,0.999337911605835,0.044318802654743236,0.6405553306852073,0.999252200126648,0.016971021269758555,0.6728350832348784,0.9990506768226624,59.7875966959486,0
343,0.02154175227596648,0.4899659114224574,0.999692440032959,-0.012829065855060315,0.5115352897416983,0.9993140697479248,0.04427736305764747,0.6401958550725669,0.9992640018463135,0.016583151139673746,0.6725715938068577,0.9990324378013611,59.7875966959486,0
344,0.022016568996367017,0.48985434004238715,0.9996997117996216,-0.012058304046236343,0.5108417442866738,0.999290943145752,0.04442744294092772,0.639794230461121,0.9992738962173462,0.016617288192113253,0.6721542335691912,0.9990108609199524,59.7875966959486,0
345,0.022192256347764124,0.48977625228109856,0.9997019171714783,-0.0114400742043342,0.5103982772145956,0.9992817640304565,0.044709496909663825,0.6394838037944981,0.9992806315422058,0.0169911397000154,0.6717715121450883,0.9990063309669495,59.7875966959486,0
346,0.02225109597756751,0.4897958097003759,0.9997028708457947,-0.011033566225142715,0.5102885649317791,0.9992881417274475,0.045007081436259436,0.6394411325454716,0.9992750287055969,0.01743216511039508,0.6717379660833456,0.9990078806877136,59.7875966959486,0
347,0.022271359605448605,0.48982035687991593,0.9997085332870483,-0.011042914841146705,0.5109004662150433,0.9992951154708862,0.045292553979726105,0.6396613376481197,0.9992777109146118,0.017795505977812282,0.6721903596605578,0.9990183115005493,59.7875966959486,0
348,0.022066824226861924,0.4898430563154679,0.9997165203094482,-0.011368602070780037,0.5115550501005994,0.9993055462837219,0.04527227757942112,0.6399530740011312,0.9992861151695251,0.01789630914018269,0.6727612784930643,0.9990302920341492,59.7875966959486,0
349,0.021650127445658064,0.48987385914439285,0.999721109867096,-0.01169714331626893,0.5120714164915543,0.9992809295654297,0.044891591937769065,0.6402812231154673,0.9992907643318176,0.017730872634620906,0.6732640748932254,0.9990319013595581,59.7875966959486,0
350,0.021251109650447273,0.489916753201258,0.999722421169281,-0.011874831503345862,0.512508054574331,0.9992386698722839,0.04442853959543368,0.6405468441191179,0.9992863535881042,0.01758321348045555,0.6735678797676455,0.9990010261535645,59.7875966959486,0
351,0.020920696535280787,0.48996325333913204,0.9997212290763855,-0.01194607156018417,0.5125905843008136,0.9992058873176575,0.043964954359190844,0.6406905338877729,0.999284029006958,0.01741474405640649,0.6736498106093639,0.9989814162254333,59.7875966959486,0
352,0.020656617180932153,0.4900141230651314,0.999720573425293,-0.011968508362770091,0.512279848257701,0.9991840720176697,0.0435984792808692,0.6407668363480346,0.9992904663085938,0.01728028094484694,0.6736040541103914,0.9989776611328125,59.7875966959486,0
353,0.020565767905541845,0.4900432512873699,0.9997203350067139,-0.012081895777512175,0.5120481933866232,0.9991718530654907,0.043423890357925814,0.6407622013773242,0.9992925524711609,0.01714021375491507,0.6735217599641714,0.9989616870880127,59.7875966959486,0
354,0.0205579981030453,0.49002248616445665,0.999717652797699,-0.012253066569211948,0.511984195028033,0.9991568326950073,0.04346245261175295,0.6407303412755336,0.9992870688438416,0.017067233632717827,0.6734527235939394,0.9989452958106995,59.7875966959486,0
355,0.02067153013887861,0.489995244003478,0.9997203350067139,-0.012337848278028635,0.5120451876095367,0.9991371631622314,0.04370901715897382,0.6407090936388293,0.9992815852165222,0.017120356981952998,0.6733809539249971,0.9989193081855774,59.7875966959486,0
356,0.020902571401425787,0.4900284877845223,0.9997234344482422,-0.012297244121630996,0.5122135934375586,0.999148964881897,0.04413622458066263,0.6406988331249788,0.9992763996124268,0.01726300464499566,0.6733333127839229,0.9989102482795715,59.7875966959486,0
357,0.021159894587028612,0.49010856094814526,0.9997220635414124,-0.012268674426845151,0.5122260366167345,0.9991568326950073,0.044591238810902586,0.6407473683357243,0.9992660880088806,0.0174012017391977,0.6733218090874814,0.9988969564437866,59.7875966959486,0
358,0.021447055130487416,0.49022398960022734,0.9997193217277527,-0.012278690357648201,0.5121524135271712,0.9991529583930969,0.044955764498029474,0.640799931117467,0.9992518424987793,0.017416070259752742,0.6733429289999469,0.998866081237793,59.7875966959486,0
359,0.021700720701898865,0.49032990563483503,0.9997217059135437,-0.012273972854018222,0.5121172609783359,0.999160885810852,0.04512050375342373,0.6408389097168338,0.999245822429657,0.017320782833156148,0.6733131777672545,0.9988565444946289,59.7875966959486,0
360,0.021925056264514034,0.49032965160551567,0.9997217059135437,-0.01203207600684394,0.5120680133501693,0.9991660118103027,0.04521643689700539,0.6408153857503623,0.9992474317550659,0.017178496789364603,0.6731317582584568,0.9988589286804199,59.7875966959486,0
361,0.022090835851572826,0.4902705919174925,0.9997168779373169,-0.011265773547902001,0.51168342715218,0.9991692304611206,0.045265520612398816,0.6408037940661118,0.9992437958717346,0.017237216145509777,0.6727395369893034,0.998857319355011,59.7875966959486,0
362,0.022144863914166195,0.4902097071920126,0.9997032880783081,-0.010204803420319451,0.5109934806823735,0.9991706609725952,0.04529460767904921,0.6409117948441284,0.9992443919181824,0.017461656104950693,0.6722757504099897,0.9988669157028198,59.7875966959486,0
363,0.022240406079661296,0.4901558799403058,0.9996954202651978,-0.009318755008280284,0.5102209420431232,0.9991868734359741,0.04534057243948894,0.6410585045814519,0.999243974685669,0.017747117916033395,0.6718116714840849,0.9988762736320496,59.7875966959486,0
364,0.022379426551716687,0.4901356569358285,0.9996978044509888,-0.009481671665396017,0.5099205090886075,0.9992018938064575,0.045324364765768996,0.6414826569103065,0.9992585182189941,0.017833445309883088,0.6718535820643112,0.9989007115364075,59.7875966959486,0
365,0.022526054510048476,0.4901521773565387,0.9997038841247559,-0.01033923007725251,0.5100495503062298,0.9992046356201172,0.045305870650779664,0.6420516570409145,0.9992664456367493,0.017898538016847217,0.6722237297466829,0.9989091157913208,59.7875966959486,0
366,0.022662490074123673,0.4901436624072851,0.9997084140777588,-0.011248265393078336,0.5105290810267135,0.9992280006408691,0.04528086366397997,0.6424527622404558,0.9992691278457642,0.017849061372024685,0.6726729727926715,0.9989341497421265,59.7875966959486,0
367,0.02269988373986314,0.49013653255644335,0.9997023344039917,-0.011716406304566643,0.5109889251845228,0.9992314577102661,0.04528864455365003,0.642639021078746,0.9992639422416687,0.017930710599536003,0.6729997566768107,0.9989361763000488,59.7875966959486,0
368,0.022643541473717936,0.49012952191489123,0.9997013211250305,-0.011649640321376787,0.5112779878434686,0.9992378950119019,0.04530863463878635,0.6426306821051104,0.999268651008606,0.018023436445565463,0.6731135305904212,0.9989611506462097,59.7875966959486,0
369,0.022636089385265415,0.49013500554221057,0.9997031688690186,-0.011279089465027772,0.5113532770247691,0.9992425441741943,0.04536428781492373,0.642464229038784,0.9992787837982178,0.018043368700004773,0.6730162898699448,0.9989784955978394,59.7875966959486,0
370,0.022591447280276407,0.49014508440381044,0.9997068643569946,-0.011514276753933666,0.5115908497855781,0.9992483258247375,0.04537283380826318,0.6424890330859598,0.9992918968200684,0.017951323517731273,0.6732694620177865,0.99899822473526,59.7875966959486,0
371,0.022590436130052537,0.4900761785961336,0.9997122287750244,-0.01195693508322751,0.5118028209322979,0.9992575645446777,0.04545022174715999,0.6426000737008599,0.9992957711219788,0.017938794479483662,0.6737122564088736,0.998999834060669,59.7875966959486,0
372,0.0226725886265437,0.48993083692732353,0.9997188448905945,-0.012451422400772582,0.5119706846418839,0.9992619156837463,0.04556893983057571,0.6426612365813488,0.9993004202842712,0.01787071204966024,0.6742244760195419,0.9990053176879883,59.7875966959486,0
373,0.022785600540893437,0.4898026982943221,0.9997233152389526,-0.012842273694418736,0.5120452330225993,0.9992617964744568,0.04571757909087911,0.6426900681995216,0.9993011951446533,0.01783137520154319,0.6746659818149754,0.9989990592002869,59.7875966959486,0
374,0.02292165169048879,0.48982479033016063,0.9997262358665466,-0.013031748300861755,0.5119211872418725,0.9992702603340149,0.045845220131533526,0.6426921259789244,0.9992949366569519,0.017775747215464016,0.6749270217759273,0.998988926410675,59.7875966959486,0
375,0.023023547338587916,0.4899664620558425,0.9997270703315735,-0.013262513271045127,0.511772990226746,0.9992814064025879,0.04589468577787993,0.642781862190792,0.9992863535881042,0.017721701768182586,0.675186659608569,0.9989791512489319,59.7875966959486,0
376,0.023071281168432482,0.4901568038122998,0.9997323751449585,-0.013694296280543021,0.5113681356112166,0.9992906451225281,0.0458473282910529,0.6430089161509565,0.9992855787277222,0.01762680416660651,0.6755077072552278,0.998955249786377,59.7875966959486,0
377,0.023176295150603585,0.49039279137338954,0.9997357130050659,-0.014059371492337625,0.5109520213944575,0.9993083477020264,0.04595855144517766,0.643275155907586,0.9992826581001282,0.017613752612045848,0.6758002922648481,0.9989371299743652,59.7875966959486,0
378,0.023247911639156814,0.4907534633364,0.9997401237487793,-0.014504904858767997,0.5102759798367822,0.9993310570716858,0.04577161247531577,0.6438543001810715,0.9992891550064087,0.01745896839669774,0.6760514633996152,0.9989349246025085,59.7875966959486,0
379,0.023314076786239958,0.4912497216746925,0.9997462630271912,-0.014404522432457845,0.5094801272664755,0.9993578791618347,0.045354136044070875,0.6445186450367888,0.999301016330719,0.017270785889455263,0.6760554824556628,0.9989485144615173,59.7875966959486,0
380,0.023132488752404867,0.49184609310967625,0.9997568130493164,-0.014114214284789005,0.5083486437797551,0.9993891716003418,0.04476426719200047,0.6450855249450326,0.9993254542350769,0.017075081045428927,0.6759066752025065,0.9989703893661499,59.7875966959486,0
381,0.022747298347808087,0.49226117843673384,0.9997590184211731,-0.013315961474464063,0.506993515150888,0.9993951320648193,0.04399746053275612,0.645464644545601,0.9993295669555664,0.016864501560727767,0.6756952773957031,0.998954713344574,59.7875966959486,0
382,0.022438747542245063,0.49239361286163374,0.9997633099555969,-0.012668561035146325,0.5064414654459276,0.9994058012962341,0.04335364078481996,0.6456074033464709,0.9993360042572021,0.016610161800469685,0.6755359314736872,0.9989336133003235,59.7875966959486,0
383,0.02230375889866127,0.492355197668076,0.9997612237930298,-0.010548477449143934,0.5041277337641947,0.9994051456451416,0.043054851038115405,0.6455529899824238,0.9993478059768677,0.016493596313964767,0.6752667654128308,0.9989277720451355,59.7875966959486,0
384,0.022334431519820595,0.49228070889200526,0.9997633099555969,-0.008026359935424164,0.501101238386972,0.9994020462036133,0.042930386960506474,0.6453663962227962,0.9993622899055481,0.01680615730583669,0.6746626467931843,0.9989206790924072,59.7875966959486,0
385,0.02264195636269594,0.4922812055973783,0.9997565150260925,-0.005546642168025889,0.49898822108904567,0.9994037747383118,0.04310458685670583,0.6450310718445555,0.9993510842323303,0.017610254653152982,0.673843954290663,0.9988864064216614,59.7875966959486,0
386,0.022886470403699666,0.49233535215968216,0.999751091003418,-0.0043352191513847775,0.49801196796553515,0.9993836879730225,0.043434289949280905,0.6446341730299456,0.9993415474891663,0.018578881486540764,0.6730885505676275,0.998842179775238,59.7875966959486,0
387,0.023063005879521387,0.4924379714897705,0.9997520446777344,-0.004055167581619964,0.49783786279814624,0.9993631839752197,0.043720203850950545,0.6444627358799895,0.9993357062339783,0.019386034813665225,0.6725876416478844,0.9988092184066772,59.7875966959486,0
388,0.02314309110598907,0.4925781275544852,0.9997596144676208,-0.005013562827592809,0.4983260830243433,0.9993789792060852,0.043858340453533935,0.644559590589433,0.9993450045585632,0.019708238364685167,0.6725965255782723,0.9987945556640625,59.7875966959486,0
389,0.0230980089732579,0.49246677472477907,0.999769926071167,-0.005192900453472425,0.49590833130336986,0.9993994235992432,0.04380213788577492,0.644793984435854,0.9993613958358765,0.019730424331057657,0.6725579784030011,0.9988084435462952,59.7875966959486,0
390,0.0231098918510335,0.492135794389816,0.9997804760932922,-0.005190979046303606,0.49266489488737963,0.9994286298751831,0.04381318780637926,0.6448020991824928,0.9993730783462524,0.019856830437978125,0.6721389719418123,0.9988070130348206,59.7875966959486,0
391,0.02340052347807659,0.4917722117333189,0.9997847676277161,-0.004841090678902613,0.4901979381129859,0.9994311928749084,0.0438610941526436,0.6446971609478911,0.9993633031845093,0.020125721359536775,0.6716203235444573,0.9987541437149048,59.7875966959486,0
392,0.02401618774802914,0.4914915646825522,0.9997901320457458,-0.004325721989430136,0.48938910166422567,0.9994261264801025,0.04402254238015133,0.6445093921252665,0.9993724226951599,0.02066530482400033,0.6711244952111022,0.9987279176712036,59.7875966959486,0
393,0.025044854020788578,0.49151986695471306,0.9997949004173279,-0.003612902470021733,0.4896319380828316,0.9994131922721863,0.04427025786467964,0.6444974059150338,0.999383270740509,0.02115936754714877,0.6708654846463891,0.9986841678619385,59.7875966959486,0
394,0.02602832391858103,0.49155887393724396,0.9997957944869995,-0.0028820187518639245,0.4900668093136383,0.9993966817855835,0.04449345348846348,0.6446154742013845,0.9993880987167358,0.021776858362413606,0.670853129455022,0.9986571073532104,59.7875966959486,0
395,0.026695635613231454,0.4913810278688162,0.9997928142547607,-0.0022873634117699824,0.4900839683555425,0.9993718266487122,0.04476077677238559,0.6446927700723926,0.9993947148323059,0.02257806985151202,0.670820852120718,0.9986231923103333,59.7875966959486,0
396,0.026982200642426832,0.49110385349818675,0.9997899532318115,-0.0020583489067142937,0.4903161766983218,0.999359130859375,0.04511342215396113,0.6447073391505656,0.9993834495544434,0.023357717054230842,0.6709202215785077,0.9985688924789429,59.7875966959486,0
397,0.02699822240642141,0.4908622489089062,0.999787449836731,-0.0020353454608647613,0.49072197079658547,0.9993376731872559,0.045416837292058164,0.6449669741448907,0.999369204044342,0.02401175873265382,0.6717091060820085,0.9985180497169495,59.7875966959486,0
398,0.027040359963263805,0.4907572141715462,0.9997909665107727,-0.0021035465123575374,0.49140124377750255,0.9993488192558289,0.0456392151259241,0.645357523645674,0.9993724226951599,0.024430120097739372,0.6728198925654099,0.9985259771347046,59.7875966959486,0
399,0.027610990972746007,0.4908493998504824,0.9997931718826294,-0.0022491397047858883,0.4918790686698191,0.9993613958358765,0.04572386365561262,0.6457707058815734,0.9993749260902405,0.024345075711607954,0.6739075382550563,0.9985072612762451,59.7875966959486,0
400,0.028776408927071683,0.49086857409704343,0.9997949004173279,-0.002544309910652895,0.4921966521512898,0.9993666410446167,0.045694798763309244,0.6459726435797559,0.9993674755096436,0.024181822314858457,0.6745952878679553,0.9984610676765442,59.7875966959486,0
401,0.030002114052573865,0.49091919547035623,0.9997937679290771,-0.002553649781648781,0.49232517111869123,0.9993708729743958,0.045607875500406576,0.6460260010900957,0.9993564486503601,0.023951947334266865,0.6749190404301604,0.9984070062637329,59.7875966959486,0
402,0.03075593213240308,0.4907768822851639,0.9997855424880981,-0.0021182781915524106,0.4923380528177538,0.9993624687194824,0.0454834548845178,0.645559166158949,0.9993496537208557,0.023869065035666756,0.6744446867988227,0.9983609914779663,59.7875966959486,0
403,0.03140671897147385,0.49063183580126124,0.9997605681419373,-0.0013802164345785677,0.49222100774447164,0.9993139505386353,0.04551645386077112,0.6449465552965805,0.999304473400116,0.023965188169053644,0.6737073716663184,0.9982004761695862,59.7875966959486,0
404,0.03166281937488491,0.49052333406039683,0.9997429847717285,-0.0006709635047064655,0.4919917995021461,0.9992838501930237,0.04560750297137673,0.6442768914358962,0.9992864727973938,0.024054588217820458,0.6726183210100452,0.9981490969657898,59.7875966959486,0
405,0.032035089053568416,0.49045636114620067,0.9997164011001587,-0.00012419647239204066,0.4917237815402807,0.9992519021034241,0.04573386268956324,0.6437174280484523,0.9992517828941345,0.024148750074562592,0.6714077535129734,0.9980435967445374,59.7875966959486,0
406,0.03296332744260631,0.49038812943867316,0.9997085332870483,0.00019875363103069737,0.49160685993376274,0.999267578125,0.046069016414029294,0.6430948575337734,0.99920654296875,0.02430563216053306,0.6702433370408563,0.9979942440986633,59.7875966959486,0
407,0.034118536327566444,0.49036354252270326,0.9997012615203857,0.0004470377028892042,0.4920678167116078,0.999275803565979,0.046448771442685846,0.6428984091395429,0.9991875886917114,0.024436489900662803,0.6696797552562901,0.9979276061058044,59.7875966959486,0
408,0.03512916554297722,0.49022069857234085,0.9996858239173889,0.0006223167223478893,0.49273346719287725,0.9992645382881165,0.046753495044651525,0.6428541654632209,0.9991562366485596,0.024607666014205862,0.6693217129934407,0.9978466033935547,59.7875966959486,0
409,0.03598929870696298,0.49015391156786997,0.9996803402900696,0.0009116934476575511,0.49357124027751786,0.9992680549621582,0.046976729517891336,0.6426603567032592,0.9991257190704346,0.02473538076238975,0.6691468017441892,0.9977672100067139,59.7875966959486,0
410,0.036672937195925515,0.4901107038770407,0.9996758103370667,0.0014063116977922631,0.49428918957710305,0.9992886185646057,0.047175278621060544,0.6424114760898414,0.9991124868392944,0.024784312361762657,0.6690832291330615,0.9977792501449585,59.7875966959486,0
411,0.03733464756182264,0.49020171733129636,0.9996837973594666,0.0018874442764735305,0.49467629052343864,0.9993095993995667,0.047184877629791025,0.6421909985088172,0.9991239309310913,0.024624186878403048,0.6690826018651332,0.997846245765686,59.7875966959486,0
412,0.0380997503442424,0.4903057629153846,0.9996784925460815,0.002852492962986056,0.4947370759078438,0.9993301630020142,0.04723660417255905,0.6418478744370602,0.9991222023963928,0.024428652155967005,0.6688860654830938,0.9979078769683838,59.7875966959486,0
413,0.03947250083798457,0.49055120065098756,0.9996652007102966,0.00397625737934418,0.494802866663252,0.9993357062339783,0.04735279455780987,0.6418422488939199,0.9991022944450378,0.024362291785932744,0.6689048693293622,0.997913122177124,59.7875966959486,0
414,0.04154435296853387,0.4907304928416302,0.9996578693389893,0.00480654294646922,0.49429665009180745,0.999329149723053,0.04754767992666793,0.6417625319390075,0.9990803003311157,0.024039627097192283,0.668429295221965,0.9979009032249451,59.7875966959486,0
415,0.04369859237756051,0.49075557930128955,0.9996197819709778,0.006001763256444113,0.4933557893548697,0.9993358850479126,0.04760648647234557,0.6412296607380827,0.9990373849868774,0.02340675996882577,0.6676413842609956,0.9979147911071777,59.7875966959486,0
416,0.045770624741202345,0.4906676596119294,0.9995828866958618,0.007503479985254158,0.4923740511848817,0.9993050694465637,0.047650244264375634,0.6405500741232014,0.9989668726921082,0.02269533959527812,0.6669710051445739,0.9978191256523132,59.7875966959486,0
417,0.04748229753403441,0.4907510493482866,0.9995625615119934,0.008953545863429713,0.49130300113133063,0.9992315173149109,0.047613053272167874,0.6399306399481642,0.9989340305328369,0.022015048989227858,0.6663014377866479,0.9977516531944275,59.7875966959486,0
418,0.04847396555401034,0.4907673654102148,0.9995377063751221,0.010313926708130618,0.49058743885585276,0.9991604685783386,0.047200683149553516,0.6395916654950102,0.9988800287246704,0.02139905769200554,0.6658613114129935,0.9976771473884583,59.7875966959486,0
419,0.04946602171375642,0.49075022907484184,0.9995410442352295,0.011595591503594613,0.4900475712049579,0.9991716742515564,0.04664280389746034,0.639698187510173,0.9988986253738403,0.02102377806745826,0.6658041051455912,0.9977754950523376,59.7875966959486,0
420,0.05093269369431909,0.4905717358702709,0.9995312690734863,0.012450470278660466,0.48939041012809426,0.9991174936294556,0.04622941836714749,0.639753421147665,0.9988886117935181,0.02067167764263495,0.6654280736332854,0.9977863430976868,59.7875966959486,0
421,0.05206361413002018,0.4902284925892243,0.9995138049125671,0.013328687953097492,0.4890141501313168,0.9990957379341125,0.045695481555802525,0.6397680100940528,0.9988411664962769,0.020180553641347673,0.6652852892875676,0.9978031516075134,59.7875966959486,0
422,0.05308012114394283,0.48992167342276843,0.9995184540748596,0.014342320949903568,0.4885870232468564,0.9990912079811096,0.0453441373649098,0.6397509489740649,0.9988390803337097,0.019889610420380337,0.6651814523197361,0.9978561401367188,59.7875966959486,0
423,0.05440504689301767,0.48983719661122316,0.9995044469833374,0.015513012496133658,0.487858674355916,0.9990383982658386,0.04559507238722987,0.6396618939581377,0.9988340139389038,0.019924425830443716,0.6643112585658124,0.9978532195091248,59.7875966959486,0
424,0.055381497279519167,0.4897751467568538,0.999509871006012,0.01674215739504214,0.48710632749966254,0.99906325340271,0.045736987143755,0.6394889269556323,0.9988204836845398,0.019908504294497642,0.6632454452060523,0.9979082345962524,59.7875966959486,0
425,0.05678108547415057,0.4896760270709087,0.9994968175888062,0.01789907108814945,0.4865192032995682,0.9990328550338745,0.04648420924232124,0.6390502736681989,0.9987943768501282,0.020092734357430836,0.6622796427635924,0.9978983998298645,59.7875966959486,0
426,0.05827766160170242,0.4896509576411478,0.9994890689849854,0.018865855233300314,0.48646267255147335,0.9990261197090149,0.04801350015969508,0.6384467113585703,0.9987155199050903,0.02131619375376476,0.6615886205718636,0.9978554248809814,59.7875966959486,0
427,0.059474148211025105,0.4895955664770948,0.9995015859603882,0.019878158966700255,0.48694134610039885,0.9990854263305664,0.04968117390360155,0.6377517949967162,0.9987126588821411,0.023128863601457522,0.6611184449422933,0.9978775978088379,59.7875966959486,0
428,0.0608424567395733,0.4894743746235261,0.9994954466819763,0.021375779062509554,0.4869795186179029,0.9991441369056702,0.05199592223479639,0.6369137508528578,0.998685896396637,0.026034961676313785,0.6607135222071698,0.9979127049446106,59.7875966959486,0
429,0.062168767232270515,0.4897331240631289,0.9994900822639465,0.022927774205094308,0.48660216303098813,0.9991830587387085,0.05418597906827931,0.6366808811823532,0.9986799359321594,0.02888476050325805,0.6594171836262663,0.9979075789451599,59.7875966959486,0
430,0.06281129714278953,0.49017672879355334,0.9994797110557556,0.02456964472574849,0.4855047024431687,0.9992377758026123,0.05519590455861323,0.6374003574961713,0.998683750629425,0.030537937989547168,0.658090750376384,0.9979705810546875,59.7875966959486,0
431,0.06343857482785276,0.49100860243751926,0.9995128512382507,0.02563636137970858,0.48398436960719915,0.9993060827255249,0.055513221238340696,0.639170666535696,0.9987494945526123,0.030840083158441976,0.6572052439053859,0.9980778098106384,59.7875966959486,0
432,0.06393672171093175,0.49230938156445864,0.9995390176773071,0.026373602982078304,0.48234493959517744,0.9993681311607361,0.05544543603346466,0.6413858930269882,0.9987832903862,0.03056170081808456,0.6565908392270411,0.998125433921814,59.7875966959486,0
433,0.06456825953154341,0.4936882300036298,0.9995705485343933,0.027145628861728187,0.48056895818029166,0.9994248747825623,0.05501598811575349,0.643638928731283,0.998837947845459,0.029807971346946013,0.6569559290295561,0.9981991052627563,59.7875966959486,0
434,0.06541540296304799,0.4947949009282252,0.9995891451835632,0.02823121464323432,0.4788468721367068,0.9994751214981079,0.05503721304592637,0.6458979816663839,0.9988439679145813,0.029628732818223202,0.6582117392903288,0.9982337951660156,59.7875966959486,0
435,0.0662554147697631,0.4955594880240308,0.9996069669723511,0.02982788311228868,0.477781142507281,0.9995193481445312,0.055179382363955226,0.6477831658862891,0.9988288283348083,0.029648958838411763,0.6593857464336219,0.9982312917709351,59.7875966959486,0
436,0.06672348898081558,0.4960028798807239,0.9996359944343567,0.03159304388931822,0.47715493894758715,0.9995629191398621,0.05488647573760582,0.6491571579660693,0.9988895058631897,0.02941277844920047,0.6603841015270783,0.9983222484588623,59.7875966959486,0
437,0.06732041743539634,0.4963724570614955,0.9996361136436462,0.033665458006518253,0.47686180472374,0.9995964765548706,0.054368427998962895,0.6501192251841232,0.9988254904747009,0.029022852757147402,0.6609732082911906,0.9983420968055725,59.7875966959486,0
438,0.06779600254126963,0.4969391794431781,0.9996463060379028,0.03584273922301477,0.47687874947275466,0.9996259212493896,0.05386764804522201,0.6502334106536143,0.9987956881523132,0.028623070301754157,0.6610674602644789,0.9983760118484497,59.7875966959486,0
439,0.0684509891129676,0.49747772160030584,0.9996604323387146,0.03766067006758284,0.4767993844690781,0.9996547102928162,0.053581346003782226,0.650008843058632,0.9988409280776978,0.028426575252697605,0.661506144773393,0.9984671473503113,59.7875966959486,0
440,0.06942125267925722,0.49788913272676055,0.9996751546859741,0.03911462266530312,0.4766350445293248,0.9996851682662964,0.0536308178589458,0.6500847339630133,0.9988873600959778,0.028564605507112706,0.6619433391661876,0.9985758066177368,59.7875966959486,0
441,0.07044420284884323,0.4979320338794167,0.9996746182441711,0.040643284008616526,0.47619867182913317,0.9997110962867737,0.054031990645896866,0.649676782744272,0.9988939762115479,0.02898581396965756,0.661546959763482,0.9986366033554077,59.7875966959486,0
442,0.07118816851150428,0.49783758606229545,0.9996792078018188,0.0419233379264673,0.47564206520716384,0.9997360110282898,0.05436268005342715,0.6488584251630879,0.9989417195320129,0.029375174127164366,0.6604171650750301,0.9987310171127319,59.7875966959486,0
443,0.07214343263989409,0.49765778865133053,0.999674379825592,0.043077678197906165,0.4751234920251941,0.9997580647468567,0.05449026858522783,0.6479694672993257,0.9989622831344604,0.029477439111187366,0.6589803865977701,0.9987813830375671,59.7875966959486,0
444,0.07269835826896491,0.4976395240851815,0.9996631741523743,0.04391851772864663,0.47482851005735893,0.9997760057449341,0.054102638647669885,0.6479807127089733,0.9989539980888367,0.0291721932590008,0.6583377208028526,0.9988221526145935,59.7875966959486,0
445,0.0731452834748087,0.49770591372535383,0.999636709690094,0.04444138226764546,0.4747687833649775,0.9997904896736145,0.053674839791797505,0.6489233374595647,0.9989522695541382,0.028887339823302792,0.65884455328896,0.998835027217865,59.7875966959486,0
446,0.07338428603751324,0.49710158507029256,0.9995629787445068,0.04497438615986282,0.47499566276868227,0.9998016357421875,0.0529565580544018,0.6503094803719298,0.9988300800323486,0.028588621300600844,0.660271409012023,0.9987952709197998,59.7875966959486,0
447,0.0733181624895051,0.4961149635769076,0.9994924068450928,0.0455703348630951,0.4750978350639347,0.999808669090271,0.05222294124818988,0.651424266043164,0.998733639717102,0.028321164438412323,0.6615016460418707,0.9987629055976868,59.7875966959486,0
448,0.07307750057606476,0.4948216832819443,0.9994254112243652,0.04638384974428589,0.47510657849765997,0.9998155236244202,0.05177582995522594,0.6519608128638499,0.9986335039138794,0.028415253918085803,0.6623822564170478,0.9987233877182007,59.7875966959486,0
449,0.07312707638456714,0.49344263757978213,0.9993798136711121,0.047277062421753335,0.47505365808804867,0.9998214244842529,0.05150770520170534,0.6516301376479018,0.9986240267753601,0.02850093905414856,0.6618773738543198,0.9987351894378662,59.7875966959486,0
450,0.07330527582338883,0.492399625834965,0.999298632144928,0.048118395996945285,0.4749502667358947,0.9998269081115723,0.05128970121343935,0.651459327765874,0.9985736608505249,0.02864310367121585,0.6608058923766731,0.9987170100212097,59.7875966959486,0
451,0.07346083685046156,0.49157062882468855,0.9992129802703857,0.04912571041356953,0.4748700772012987,0.9998337626457214,0.05133826196903278,0.6509002333595645,0.9985193014144897,0.028980973132309483,0.6593181859879271,0.9986974000930786,59.7875966959486,0
452,0.07350523769855505,0.49031669611022627,0.9990420341491699,0.05016462416166355,0.47479906536283983,0.9998351335525513,0.05119515441003304,0.6500692651385358,0.9983145594596863,0.029400373853388312,0.657477960700081,0.9986667037010193,59.7875966959486,0
453,0.07346036356119888,0.489007644710087,0.9989417791366577,0.05105608914579668,0.4746716121832533,0.9998392462730408,0.051121106459980956,0.6491974592208867,0.9981774687767029,0.030100759650979747,0.6558919009708228,0.9986713528633118,59.7875966959486,0
454,0.07352412953263243,0.4880080052784515,0.9987267851829529,0.051840767796550516,0.4745100282487419,0.9998395442962646,0.051433185558943564,0.648709600880033,0.9979895353317261,0.03118124941275236,0.6550742927051731,0.9986618161201477,59.7875966959486,0
455,0.0736038716776031,0.48663316312290417,0.9986385107040405,0.0525139923251811,0.47443734180359654,0.9998412728309631,0.052067698467345505,0.6481385174251744,0.9978753328323364,0.03242745303681921,0.6545139749844875,0.998664915561676,59.7875966959486,0
456,0.07363214379265201,0.4852404707954048,0.9985549449920654,0.05297921970486645,0.47430093657402805,0.9998440742492676,0.052937976483787855,0.6479384615307768,0.9977856874465942,0.03367982308069868,0.6544891113326667,0.998704195022583,59.7875966959486,0
457,0.07367272355726792,0.48396741066660237,0.9983735084533691,0.05328929850033355,0.47420990041324107,0.9998462200164795,0.05391197509708863,0.6474566913786394,0.9975701570510864,0.03461975302724614,0.6546729859851661,0.9987331628799438,59.7875966959486,0
458,0.07363239462886544,0.4830537211327329,0.9982208013534546,0.053590720608120916,0.474073151747386,0.9998496174812317,0.05461192432613604,0.6471134480975929,0.9973927736282349,0.03540871842276485,0.6547000010808315,0.9987378716468811,59.7875966959486,0
459,0.07349297404289251,0.48263139384133513,0.9981892704963684,0.05388799664520086,0.47391267333711934,0.9998533725738525,0.05495299824646546,0.6468876146134881,0.9972802400588989,0.03598882683685851,0.6546795680409392,0.9987459778785706,59.7875966959486,0
460,0.07338361477568042,0.48291092969122423,0.9981728196144104,0.054138254906450044,0.47385118972687534,0.9998573660850525,0.0551019291437808,0.6470697522163397,0.997241735458374,0.03627267054149086,0.6547028081757686,0.9987742900848389,59.7875966959486,0
461,0.07313354065020886,0.4830260659967154,0.9982176423072815,0.054273453319356596,0.47385690609614095,0.9998632073402405,0.05508153867863478,0.6474244282359174,0.9972977042198181,0.03644473815248129,0.6548264707837792,0.9987900257110596,59.7875966959486,0
462,0.07290317189125795,0.4832338137286054,0.9981897473335266,0.05430475037012786,0.47390754308019406,0.9998673796653748,0.054996027655544774,0.6479502831186572,0.9972603917121887,0.03650552726217682,0.6550310310863319,0.998799204826355,59.7875966959486,0
463,0.07270244225150069,0.48355465843564027,0.9981355667114258,0.054242861058030854,0.47415245856557614,0.9998722672462463,0.05498979187437471,0.6483705356007536,0.997207760810852,0.03645028102965585,0.6555437729472211,0.9988311529159546,59.7875966959486,0
464,0.0724496355368978,0.48387043532871105,0.9981643557548523,0.05419400440795086,0.4746736699626563,0.999876856803894,0.054963498952842936,0.6485821576345541,0.9972083568572998,0.03651105860869093,0.6562291156677977,0.9988681674003601,59.7875966959486,0
465,0.0720953944893111,0.484200368324916,0.9982178807258606,0.054049116514978,0.47536623903683295,0.9998833537101746,0.054870840162038845,0.6482215892700927,0.9972155094146729,0.036528019323235496,0.6568548906417125,0.9989110231399536,59.7875966959486,0
466,0.0717757078153747,0.48441441995757006,0.9983082413673401,0.0538555906996841,0.47599451031003714,0.9998894333839417,0.05469367670870967,0.647618935221718,0.9972595572471619,0.03650851175189021,0.6572659100805016,0.998963475227356,59.7875966959486,0
467,0.07146713882684713,0.4845135268710912,0.9983891248703003,0.05333569610402702,0.4763750987393519,0.9998946189880371,0.05443687736988072,0.6470065088499164,0.9973265528678894,0.03646862702000712,0.6576604360625863,0.9990276098251343,59.7875966959486,0
468,0.07142230407113126,0.4846623142560327,0.9984725117683411,0.05251198279715724,0.4765177794865203,0.9998994469642639,0.05419138943155611,0.6465591021946504,0.9974350929260254,0.03638154818188579,0.6579831526392987,0.9990938901901245,59.7875966959486,0
469,0.07106655303921024,0.4848135709762577,0.998529314994812,0.05169730101312914,0.47655999660491977,0.9999030828475952,0.05403963299024677,0.6463961714789986,0.9974980354309082,0.03619590064599403,0.658373770259676,0.999151349067688,59.7875966959486,0
470,0.07017971717175989,0.4848544441518333,0.9985864162445068,0.05086399313239828,0.4765424217496603,0.9999064803123474,0.053924036877495946,0.646392424901327,0.9975450038909912,0.035918562717381,0.6587941078912649,0.9991874098777771,59.7875966959486,0
471,0.06892979357923786,0.4849119569574088,0.9986108541488647,0.05018225631543572,0.47676906557310234,0.9999087452888489,0.05382161764871511,0.6462929702940446,0.997619092464447,0.03564942628145221,0.6590840731348315,0.9992220997810364,59.7875966959486,0
472,0.06770680064246773,0.4849531380903157,0.998636782169342,0.049535368524846614,0.4772723586786365,0.9999114274978638,0.05376827929701128,0.6462705390793941,0.9977138638496399,0.035454689746811305,0.6593657817159385,0.9992695450782776,59.7875966959486,0
473,0.06671874118702757,0.48506305757023077,0.9986606240272522,0.04850934162026364,0.47789643775849155,0.9999131560325623,0.053705068926016536,0.6464434947286338,0.9978021383285522,0.035173189427171465,0.6599167017709646,0.9993105530738831,59.7875966959486,0
474,0.06613919529176898,0.48539404500098493,0.9986886382102966,0.04713719302699683,0.47839807470639584,0.9999152421951294,0.05364468232506802,0.6468903053374523,0.9978560209274292,0.034858833821046945,0.6607105192683997,0.999336838722229,59.7875966959486,0
475,0.06539760246163329,0.48590700541223836,0.998733401298523,0.045581160734097195,0.47893102821849676,0.9999139904975891,0.053541527794940175,0.6473630184219002,0.9978721737861633,0.03439997313987644,0.6615122471536914,0.9993160963058472,59.7875966959486,0
476,0.06431467121555696,0.4863762571698147,0.9987722635269165,0.04418459552384561,0.4792400314694363,0.9999114871025085,0.05336367746903787,0.6477385702587315,0.9979128837585449,0.03399612382054332,0.6621373607998808,0.9993007183074951,59.7875966959486,0
477,0.06321976528990841,0.48677153530575024,0.9988130331039429,0.042903364414260535,0.47961829673676304,0.999911367893219,0.053136982023716015,0.6475186291195103,0.9979571104049683,0.03357720392800516,0.6621912036623279,0.9993055462837219,59.7875966959486,0
478,0.062207308198724526,0.4870076449144458,0.9988421201705933,0.04163508241375291,0.4800235274292178,0.9999110698699951,0.05297272404034937,0.6470253354027162,0.9980204105377197,0.03323446072283248,0.6620944341023768,0.9993231296539307,59.7875966959486,0
479,0.061558756977319766,0.4870604234082362,0.9988746643066406,0.040275151353506844,0.48023198757852864,0.9999099969863892,0.05287415143989385,0.6464578168732784,0.9980735182762146,0.032889467442319534,0.6618983915873942,0.9993228912353516,59.7875966959486,0
480,0.06109905331617315,0.48705083983285125,0.9988825917243958,0.039007861344587266,0.48027847210566244,0.9999098777770996,0.052826650263298164,0.6457371513048813,0.9980701208114624,0.032664258387826765,0.6618027005876819,0.9992986917495728,59.7875966959486,0
481,0.06049740261265214,0.4870993537562238,0.9989200830459595,0.037994230432169804,0.4804492763110573,0.9999055862426758,0.05271781023059577,0.6450420163926629,0.9981136322021484,0.03234878217890152,0.661755712259384,0.9992753863334656,59.7875966959486,0
482,0.059808839289915046,0.4874273481823153,0.9989643692970276,0.03735583222338135,0.48070459138779453,0.9999037981033325,0.05256674687067672,0.6446537148384825,0.9981676340103149,0.03201129322960266,0.6617099444071457,0.9992803335189819,59.7875966959486,0
483,0.059067940073353954,0.48792538898331816,0.9990043640136719,0.03661692142486575,0.48107133025214827,0.9999057054519653,0.05239427675093927,0.6443305753526238,0.9982532858848572,0.031581606095035894,0.6615677930059893,0.9993007183074951,59.7875966959486,0
484,0.05811543727204918,0.4884247453439807,0.999014675617218,0.03567184064359895,0.48155152088119907,0.9999033808708191,0.05223818744222327,0.6444532388732552,0.9982890486717224,0.031149987663541545,0.6616754844075163,0.9992864727973938,59.7875966959486,0
485,0.05727434725988483,0.48878150184949276,0.9990425705909729,0.034714234904164386,0.48223888874054,0.9998984336853027,0.05214188265658565,0.6447018526849297,0.9982749223709106,0.030693490412973243,0.6618201959700817,0.9992327690124512,59.7875966959486,0
486,0.05635477673439757,0.48874242532820966,0.9990741014480591,0.03364484331437523,0.48313561507633795,0.9998983144760132,0.05210299098065925,0.6445346332731707,0.9982836246490479,0.03024762957578616,0.6619601788974949,0.9991945028305054,59.7875966959486,0
487,0.05529390239999412,0.4884121432190853,0.9990910887718201,0.032779845009957065,0.4842470898514706,0.9998912811279297,0.05206823579612237,0.6440961587996714,0.9982724189758301,0.02974696483995236,0.6620598293486101,0.9991227388381958,59.7875966959486,0
488,0.054161935867298255,0.4881684127308078,0.999122142791748,0.03203767023625831,0.48529417316118917,0.9998870491981506,0.05197397566267427,0.6437916244779319,0.9982832074165344,0.029266945042070912,0.6622576486496703,0.9991004467010498,59.7875966959486,0
489,0.05316849993098354,0.4879423252173836,0.9991472959518433,0.031019720027134556,0.48612952232360873,0.9998813271522522,0.05177127321561181,0.6432013511657719,0.9982827305793762,0.028879841878300644,0.6623618091855735,0.9990628361701965,59.7875966959486,0
490,0.052172897649662875,0.4877269566059117,0.9991632699966431,0.029696164918797383,0.48661869338580577,0.9998746514320374,0.051532368042639366,0.6426712331317725,0.9982611536979675,0.02870317770256885,0.6623922444525224,0.9990105032920837,59.7875966959486,0
491,0.0514373358871256,0.4875858766692029,0.9991980195045471,0.02831500289695606,0.4868628836813431,0.999863862991333,0.05126797922310379,0.6421913107236232,0.9982978701591492,0.02854642750961442,0.6622783513296224,0.9989687204360962,59.7875966959486,0
492,0.05061966872641022,0.48749873325938314,0.9992291331291199,0.026743679529144672,0.486879381395522,0.9998635649681091,0.0509256692159744,0.6418747192337404,0.9983043074607849,0.028103196549983275,0.6620880734352843,0.9989339709281921,59.7875966959486,0
493,0.04992139570060235,0.4874237974484765,0.9992544651031494,0.02528874141474567,0.4868447028455284,0.9998526573181152,0.05067524899329462,0.6418049931526189,0.9983323812484741,0.027598590634408476,0.6619094979195372,0.9989009499549866,59.7875966959486,0
494,0.04901889356828876,0.4874460881664643,0.9992702603340149,0.024029069535789056,0.4867361500149685,0.9998519420623779,0.05042039585255445,0.6421555564517072,0.9983524084091187,0.027182494778008708,0.661926340489161,0.9988917708396912,59.7875966959486,0
495,0.04824758587138997,0.48748223696436244,0.9992921352386475,0.022834802755997315,0.486701485656557,0.9998438358306885,0.05002428892822497,0.642309554985592,0.9983851313591003,0.026468825570884227,0.6619075139363613,0.9988829493522644,59.7875966959486,0
496,0.04757472198633925,0.4874332816827869,0.9993290901184082,0.0217414533808118,0.4866433909961159,0.999841570854187,0.04977782336728917,0.6424745009059003,0.9984591007232666,0.02594777143427306,0.6618167247091027,0.9989007711410522,59.7875966959486,0
497,0.04706141636485149,0.48750049585387856,0.9993625283241272,0.020699826202222295,0.4865331067925412,0.9998354315757751,0.04915795173673407,0.6425173197473804,0.9985330700874329,0.02508445917850451,0.6614504172688445,0.9988967776298523,59.7875966959486,0
498,0.0466953627765179,0.48790457418986766,0.9993892908096313,0.0200679445905345,0.4864822881562373,0.9998360872268677,0.04847697328243941,0.6432934006055202,0.9985922574996948,0.02413952084524293,0.6615206287020734,0.9989169836044312,59.7875966959486,0
499,0.04651131498671717,0.48846720797675036,0.9994167685508728,0.01963706491958529,0.4865115185578668,0.99983149766922,0.04794103510323029,0.6443544938450774,0.9986630082130432,0.02341015814315707,0.6618772205852332,0.9989169239997864,59.7875966959486,0
500,0.04617108919081238,0.4890482823054,0.9994370937347412,0.01917182396919956,0.48670295164698685,0.9998192191123962,0.04760297760367398,0.6454579347655892,0.9987011551856995,0.023040425830653754,0.6624375752040323,0.9988923072814941,59.7875966959486,0
501,0.045652668745744834,0.4895189986342479,0.9994597434997559,0.018770063118565664,0.48718456143424665,0.9998077750205994,0.04728514931741219,0.6463377504121695,0.9987466931343079,0.02273782892596156,0.6631649675823399,0.998885452747345,59.7875966959486,0
502,0.04526637334908762,0.489712788945153,0.9994790554046631,0.01838609452048939,0.4879619266305655,0.9998024106025696,0.04727486361350336,0.6469226536296668,0.9987907409667969,0.022894791549160385,0.6638251514661886,0.9988746643066406,59.7875966959486,0
503,0.04473556684596201,0.48983452717463216,0.9994893074035645,0.017761654442264935,0.48880571410769547,0.9997960329055786,0.046998108071940325,0.6470571642830264,0.998825192451477,0.022667465997593762,0.6640902644112001,0.9988714456558228,59.7875966959486,0
504,0.04446059837937359,0.4900613271054771,0.9995020627975464,0.017146572381967602,0.48955407454854005,0.9997826814651489,0.04678288066671012,0.6474211301122398,0.9988400936126709,0.022206104670961714,0.6645011078743712,0.9988146424293518,59.7875966959486,0
505,0.044024601401317726,0.49029898501577873,0.9995241761207581,0.016700109644305152,0.49000671222096437,0.9997784495353699,0.04648481415850779,0.6477431030500509,0.9988855719566345,0.021604541777854893,0.6647244606699267,0.9988238215446472,59.7875966959486,0
506,0.043596864456222205,0.4904212171123145,0.9995415210723877,0.016003546216303406,0.49012276388350023,0.9997504949569702,0.046322393452837396,0.6476069575264345,0.9989194869995117,0.021003282318512617,0.6647491142863324,0.9988000988960266,59.7875966959486,0
507,0.0431752657251699,0.4904274174145294,0.9995622038841248,0.01523994419368961,0.4900628782453995,0.9997507333755493,0.04622212974798115,0.6471188238688883,0.9989581108093262,0.020644987002015128,0.6647119096347269,0.9988059401512146,59.7875966959486,0
508,0.04306357495841529,0.4903935108866015,0.9995766282081604,0.014639588693777732,0.48997958926927515,0.9997354745864868,0.04632043838500981,0.6466347461655031,0.9989743828773499,0.020655340914215378,0.6647033066976644,0.9987689256668091,59.7875966959486,0
509,0.042901917582466524,0.49050744374593136,0.9995933175086975,0.013853856096310287,0.4898799075966793,0.9997263550758362,0.04645473722900667,0.6462548715727675,0.9989833831787109,0.020591351425363922,0.6647600872176039,0.9987438917160034,59.7875966959486,0
510,0.042818931419225,0.4908191121759873,0.9996070265769958,0.013171824138788962,0.48979884811810126,0.999721884727478,0.04660066944502653,0.646078214758919,0.9990139603614807,0.020333105254740958,0.6649097743488499,0.9987403750419617,59.7875966959486,0
511,0.042446399905851945,0.49110624477976883,0.9996246695518494,0.012999554519497223,0.4897442743891765,0.999716579914093,0.04668794820706053,0.6462757956414,0.9990409016609192,0.020183356478810324,0.6650843506767642,0.9987426996231079,59.7875966959486,0
512,0.04208361818676906,0.49122895371346287,0.9996363520622253,0.012817971452715862,0.4897481813317257,0.9997132420539856,0.04711633211090455,0.6461586129097716,0.9990664124488831,0.02013628619412583,0.6652460552397234,0.9987313151359558,59.7875966959486,0
513,0.04188921923438711,0.49112723696799543,0.9996504187583923,0.012640449440195458,0.4897725014459523,0.9997190237045288,0.04772623699335829,0.6457611038571317,0.9990959167480469,0.020230894642216835,0.6653332908948268,0.9987389445304871,59.7875966959486,0
514,0.04175198255550297,0.4909481505552932,0.9996533989906311,0.012613824125201938,0.48978174726168355,0.999724805355072,0.048336429610138884,0.6453246616181878,0.999068558216095,0.02043672083389193,0.665347834428152,0.9987292289733887,59.7875966959486,0
515,0.041479605826593616,0.4908265712715335,0.9996450543403625,0.012461614129798761,0.48968065636498626,0.9997314214706421,0.04875269727337932,0.6448731763022292,0.9990153908729553,0.020596745024834377,0.6653584525698713,0.9986885190010071,59.7875966959486,0
516,0.04116485587188179,0.49089087616829685,0.9996418356895447,0.0123230116441846,0.4894759669190365,0.9997358918190002,0.0489448023339113,0.6446305995895755,0.99896639585495,0.020872466177457874,0.6653824675650829,0.9986425638198853,59.7875966959486,0
517,0.04068987302127342,0.49074192132268674,0.9996441006660461,0.012258075044623454,0.48920251216207267,0.9997389316558838,0.04899887368083004,0.644587533814567,0.9989363551139832,0.02145762741565706,0.6653263710794,0.9986023306846619,59.7875966959486,0
518,0.0402813085487911,0.4904661902359558,0.9996541142463684,0.01220892635839327,0.4889826206933888,0.999738335609436,0.04916364468988922,0.6446927445275448,0.998956561088562,0.022171124904638264,0.6654452057111837,0.9986009001731873,59.7875966959486,0
519,0.04006172344088557,0.490201090063368,0.9996579885482788,0.01218223101681188,0.48883582012993987,0.9997395277023315,0.049297989833922654,0.645130512260256,0.9989405274391174,0.022686690801665917,0.6658096171560747,0.9985740184783936,59.7875966959486,0
520,0.03990307751865617,0.4900316766330178,0.9996603727340698,0.012564831723769517,0.4888122691994626,0.9997461438179016,0.04941357583517124,0.6457233059973949,0.9989206194877625,0.02318495095130945,0.6662850124495376,0.9985451698303223,59.7875966959486,0
521,0.03979321977212319,0.48997558440480954,0.9996510744094849,0.013323877716348295,0.4888315200805668,0.9997478127479553,0.04949621820733664,0.6462172837484456,0.9988844990730286,0.023672993516638187,0.6667412774903438,0.9985129237174988,59.7875966959486,0
522,0.039786621928215055,0.4900917637915842,0.9996283054351807,0.014109440813107162,0.488827772083737,0.9997468590736389,0.0495965397428899,0.6465799751735875,0.9988259077072144,0.02421362165893829,0.6670774845849905,0.9984912276268005,59.7875966959486,0
523,0.03978365730671659,0.49009513003485583,0.9996122717857361,0.014882631023370096,0.4887262724694756,0.999739944934845,0.04974395675318586,0.6466117047128228,0.9987835884094238,0.024911304403628643,0.6670172100975406,0.9984620809555054,59.7875966959486,0
524,0.03981055478964536,0.490025429498582,0.999606728553772,0.015553704684688946,0.4885844857919788,0.9997345805168152,0.049903283339171225,0.646525314876012,0.9987712502479553,0.025563873971502005,0.6668403177034292,0.9984400868415833,59.7875966959486,0
525,0.03982202761939597,0.49002132103556717,0.9995889663696289,0.015932243938247374,0.48845426241556844,0.9997307062149048,0.04999226792937238,0.6465964260555455,0.9987425804138184,0.02589070930012637,0.6666768959590372,0.9984330534934998,59.7875966959486,0
526,0.03982865313688917,0.4900530065808981,0.9995613694190979,0.016201598170612553,0.48834671292986226,0.9997215270996094,0.049987600140628405,0.6467867011115669,0.998680830001831,0.02603119363387428,0.6665433418183105,0.9983609914779663,59.7875966959486,0
527,0.03983234206125853,0.49007321539379345,0.9995537400245667,0.016367820756776008,0.48830184482392847,0.9997158050537109,0.049868431119691796,0.6470175300325671,0.9986588954925537,0.025998047952141105,0.6664789602870038,0.998314619064331,59.7875966959486,0
528,0.039823613706089236,0.49009673936026477,0.9995453357696533,0.016292591357514985,0.48833006620407143,0.9997091889381409,0.04970766054022884,0.6472674977211731,0.9986231327056885,0.025855918636634258,0.6665315429369614,0.9982618093490601,59.7875966959486,0
529,0.039794752462988844,0.4899808196794423,0.9995325803756714,0.01620257113661086,0.4881959656874343,0.9996989965438843,0.04965770439732646,0.6473849529311775,0.9985945224761963,0.025818709461461954,0.6664874496914097,0.9982343912124634,59.7875966959486,0
530,0.039901531877971866,0.48971746507145153,0.9995104670524597,0.01619013931070057,0.48799138267835024,0.9996951222419739,0.049855389942725536,0.6472210344814124,0.9985368251800537,0.025999696570492947,0.6663091069176089,0.9982179403305054,59.7875966959486,0
531,0.040221340244724665,0.4894747577962425,0.9994993209838867,0.016287796642808702,0.48780158445948685,0.9997029900550842,0.05024687094347822,0.6469509573209858,0.9985106587409973,0.026309204598267896,0.666088013421922,0.9982674717903137,59.7875966959486,0
532,0.040673032757781835,0.4891840134348192,0.9994919896125793,0.016455264229859635,0.4876200074241279,0.9997113347053528,0.05063396851931304,0.6466715108780638,0.9985167384147644,0.026556449809244723,0.6658943437394647,0.9983260035514832,59.7875966959486,0
533,0.04109893189299678,0.4888948925903869,0.999491810798645,0.016708192105094607,0.4875485286826183,0.9997215867042542,0.05100770188229429,0.6464101331574581,0.9985349774360657,0.026873854299386365,0.6657091776529953,0.9983790516853333,59.7875966959486,0
534,0.041488898474545746,0.4886466860771183,0.9994912147521973,0.016934005543589606,0.4875311056772872,0.9997321367263794,0.051283486897037184,0.6462358747209827,0.9985588788986206,0.0271783487073013,0.6656129218283159,0.9984345436096191,59.7875966959486,0
535,0.04175823377001857,0.4883858802772708,0.9994847774505615,0.017035632793392468,0.4873255391915643,0.9997411370277405,0.051486920210577235,0.6460942398934142,0.9985697865486145,0.027428194791788166,0.6655398976235167,0.9984859228134155,59.7875966959486,0
536,0.04190872982144359,0.4880619162604926,0.9994986653327942,0.017137785131732634,0.4868956307570143,0.9997525215148926,0.05165680834934829,0.6458854022480198,0.9986109733581543,0.027712102802026864,0.6653997614270171,0.9985471963882446,59.7875966959486,0
537,0.042195652921994564,0.4878023210025973,0.9995062947273254,0.017229085167249057,0.48640297991888903,0.9997626543045044,0.05175560766032768,0.6457190541994009,0.9986464977264404,0.027890470233701545,0.6652328712599624,0.9985950589179993,59.7875966959486,0
538,0.04263391097386682,0.4876119409288683,0.9994997382164001,0.01733518249931791,0.4859964790798373,0.9997706413269043,0.05170149622218954,0.6456134319305425,0.9986546039581299,0.02784133347727006,0.6650931210744954,0.998620331287384,59.7875966959486,0
539,0.04318244506915414,0.48738967378934267,0.9995105266571045,0.0175201813912108,0.48583194613456765,0.9997818470001221,0.05172153526828407,0.6455413614000598,0.9986925721168518,0.027917196796763532,0.6649133563041693,0.9986735582351685,59.7875966959486,0
540,0.04388500767804331,0.48727375694683656,0.9995137453079224,0.017679023245970423,0.4858522883483346,0.9997894763946533,0.05179411651832721,0.6455164182753795,0.9987196326255798,0.028008765496668385,0.6646858538900109,0.9987144470214844,59.7875966959486,0
541,0.04451299086213115,0.48730719799087197,0.999518096446991,0.01785601205414251,0.48600942038354455,0.9997959733009338,0.05188358876676791,0.6455908275785905,0.9987393617630005,0.0281029742743288,0.6645163553101681,0.9987505078315735,59.7875966959486,0
542,0.045015095067875766,0.48723351387750574,0.9995172023773193,0.018104106808702163,0.4861108291716807,0.9998005032539368,0.05190054894912815,0.645547903719403,0.9987568259239197,0.02815353994568191,0.6643668384779072,0.9987719655036926,59.7875966959486,0
543,0.04544130056386905,0.487126952125913,0.9994941353797913,0.01833082549273969,0.48620230243319595,0.9997982382774353,0.05183455436712224,0.6453509784880144,0.9987468123435974,0.02810173969538441,0.6641426058042622,0.9987521171569824,59.7875966959486,0
544,0.04570949166303593,0.4869762517157059,0.9994746446609497,0.01862856710240956,0.48624965264683717,0.9997870922088623,0.0517077424696514,0.6449793662343711,0.9987325072288513,0.02801141896772955,0.6637391220955626,0.9987192153930664,59.7875966959486,0
545,0.0458555336864222,0.48664622221674275,0.9994399547576904,0.018948985884586985,0.4862426987716134,0.9997777342796326,0.05174855834671434,0.6445174075308305,0.9987053871154785,0.028099652911935558,0.6632099179994497,0.9986643195152283,59.7875966959486,0
546,0.045870294883137694,0.4865323290938427,0.9994120001792908,0.019220289286403444,0.4862078002520974,0.999771237373352,0.05190196810733709,0.6442243456840521,0.9986708164215088,0.028292558111605214,0.6626986861228948,0.9986298084259033,59.7875966959486,0
547,0.04583548151311424,0.48664568719409795,0.9994115233421326,0.01944905217914356,0.48619464465550055,0.9997723698616028,0.05212798838814104,0.6442719896634425,0.9986674189567566,0.028537704831077964,0.6624359062739786,0.9986327290534973,59.7875966959486,0
548,0.045926164303507155,0.48683329281352855,0.9994204044342041,0.019574863215287543,0.48615417310169806,0.9997786283493042,0.052270324634654225,0.6444953254290995,0.9986675381660461,0.028669893919002466,0.6624502199036739,0.9986592531204224,59.7875966959486,0
549,0.04609712390672596,0.4869508331730256,0.9994310736656189,0.01968019278276536,0.4860521242732097,0.9997851252555847,0.05232427765925729,0.6446912288665777,0.9986821413040161,0.028681065621120612,0.6625145248004374,0.9986737966537476,59.7875966959486,0
550,0.0462381532859235,0.4868286010764898,0.9994255304336548,0.01996001273038843,0.4858076004754933,0.9997859001159668,0.05223232223874051,0.6447788249878661,0.9986722469329834,0.028642920422412125,0.6624189672015968,0.9986683130264282,59.7875966959486,0
551,0.046376787303459115,0.48644328826949745,0.9994121193885803,0.02029325272000973,0.48554448854355625,0.9997905492782593,0.052131332457065624,0.6446720163027451,0.9986547827720642,0.028644912920537474,0.6621791237876534,0.998681902885437,59.7875966959486,0
552,0.04650868351260825,0.4859865364574255,0.9993947744369507,0.02059847905877092,0.48529634021577417,0.9997929334640503,0.05206505901047166,0.644428914501554,0.9986303448677063,0.028648974462634064,0.6619294881820684,0.9986541867256165,59.7875966959486,0
553,0.04667493700981144,0.4855783042453588,0.9993845224380493,0.020777615585497462,0.48512770306496433,0.9997938871383667,0.05204740982680098,0.6441786800112048,0.9986201524734497,0.028622143502746333,0.6617554482959571,0.9986584782600403,59.7875966959486,0
554,0.04684770621714142,0.4853332099460424,0.9993666410446167,0.02087442630103658,0.48500368566740165,0.9997934103012085,0.052114280384211356,0.6439999938011174,0.9985924959182739,0.028659163042902967,0.6616595387458806,0.9986644387245178,59.7875966959486,0
555,0.04700888799769542,0.48520577379635443,0.9993591904640198,0.020937683859041777,0.48489884393555815,0.9997918605804443,0.05221234794173926,0.6438396062169761,0.9985924959182739,0.02863097634343876,0.6616014015106932,0.9986638426780701,59.7875966959486,0
556,0.047091278824068286,0.4851714940298175,0.9993394017219543,0.02103428844185104,0.4847917315505804,0.9997939467430115,0.05224109955486802,0.6437939689272931,0.9985896348953247,0.02854287553401223,0.6615725273177742,0.9986829161643982,59.7875966959486,0
557,0.047142496066434086,0.4851715224129817,0.9993370771408081,0.02110436487765541,0.4847850487345745,0.9997956156730652,0.052195089736155144,0.643782808667138,0.9985837936401367,0.02840162671747664,0.6616941633678624,0.9987004399299622,59.7875966959486,0
558,0.047189517390160376,0.4851309160391494,0.9993371963500977,0.021154314456951068,0.48473677890641387,0.9997937679290771,0.05213463111292753,0.6437817584900634,0.9985724687576294,0.028241268935657704,0.6619063757714776,0.9987019300460815,59.7875966959486,0
559,0.04719811518277445,0.4850963013512752,0.9993202686309814,0.02119464702194647,0.48466619565373414,0.9997847080230713,0.052069762632960405,0.6438273673965822,0.9985380172729492,0.028167569211551145,0.6621125539143886,0.9986610412597656,59.7875966959486,0
560,0.047231642440671046,0.48506281631333525,0.9992932081222534,0.02127424867025445,0.48454234855515654,0.9997785687446594,0.05212616033497315,0.6438963640303844,0.9984933137893677,0.028279673219436714,0.6622068002110442,0.998608410358429,59.7875966959486,0
561,0.04726527010401094,0.4850546618302667,0.9992878437042236,0.021363916585133206,0.48443085239047134,0.9997762441635132,0.052326474338769954,0.6439381667545869,0.9984942078590393,0.028458697721362135,0.6621970335642502,0.9985741376876831,59.7875966959486,0
562,0.04733776904287797,0.4851661835397997,0.9992905259132385,0.02142425298336008,0.484339303913571,0.9997791051864624,0.052594568757783844,0.6439789590381446,0.9984905123710632,0.028653473016761622,0.6620930262974336,0.9985904097557068,59.7875966959486,0
563,0.047439581758919255,0.48535026964687206,0.9993041753768921,0.02143759723930134,0.4843111719403952,0.9997838735580444,0.05287666547866099,0.6440165752456306,0.9985150098800659,0.02879994566596692,0.6621521086919882,0.9986342191696167,59.7875966959486,0
564,0.04753000803646591,0.4855536208266308,0.9993329644203186,0.021430062928370085,0.48428406318028805,0.999791145324707,0.05309676201570607,0.644041294143314,0.9985615015029907,0.02886583744770007,0.6622565814426973,0.9986828565597534,59.7875966959486,0
565,0.04756650843081024,0.48571389487811534,0.9993549585342407,0.021419063210487387,0.4842815569468911,0.9997997283935547,0.05314536162075546,0.6441372292382381,0.9986088871955872,0.028826342363442718,0.6624471516836262,0.9987392425537109,59.7875966959486,0
566,0.04758285677858766,0.48580157331058,0.9993692636489868,0.021404112112664058,0.48427920824005527,0.9998032450675964,0.05310996675065589,0.6443347902525045,0.9986346364021301,0.028696362195270424,0.6627680233546671,0.9987574219703674,59.7875966959486,0
567,0.04757301810951464,0.4857467838696075,0.9993758201599121,0.0213744506417286,0.4843025207519535,0.9998012781143188,0.05301134554403173,0.644566606907618,0.9986493587493896,0.02850678793731192,0.6631093961851943,0.9987474083900452,59.7875966959486,0
568,0.04757578316188997,0.4856399751844864,0.9993818402290344,0.021341058203861844,0.4842877061594104,0.9998049139976501,0.0528471297806218,0.6448438479786833,0.998665452003479,0.028296189648764496,0.6633945306142177,0.998768150806427,59.7875966959486,0
569,0.04757323435374672,0.48550437036014776,0.9993957877159119,0.021305363802682803,0.4842831974937806,0.9998127818107605,0.0526919109480722,0.6452000708807087,0.9986897110939026,0.0281302050820419,0.6637059365000049,0.9988026022911072,59.7875966959486,0
570,0.047594232041211396,0.4854089121023818,0.9994092583656311,0.021271169451730607,0.4842212285314292,0.9998199939727783,0.05262521246359465,0.6455062798091349,0.99870365858078,0.028052338354644345,0.6639126681146172,0.9988182783126831,59.7875966959486,0
571,0.047625655397063246,0.48538387815157613,0.9994208812713623,0.021227361013491965,0.48406305625325197,0.9998264908790588,0.05261752062610222,0.6457639592034481,0.9987042546272278,0.028046540383781727,0.6639639451390227,0.9988272786140442,59.7875966959486,0
572,0.04767344306622237,0.48541872983887124,0.9994381070137024,0.02118670603349097,0.4838715777510692,0.9998341202735901,0.05272183070580169,0.6459026563735241,0.9987151622772217,0.028170110657811186,0.6639031342097697,0.998848557472229,59.7875966959486,0
573,0.04774017064344319,0.4854207010496235,0.9994499087333679,0.021144668527302304,0.4836960860661102,0.999841570854187,0.05281535624748189,0.6458210292316624,0.9987304210662842,0.028300656449227128,0.6636954716273722,0.9988758563995361,59.7875966959486,0
574,0.04780490359380135,0.48531777801967846,0.9994572997093201,0.021119867673232456,0.4835342438448047,0.9998477697372437,0.05289951711893086,0.6455989508401785,0.9987227320671082,0.028422334009692806,0.6633834356353402,0.9988762140274048,59.7875966959486,0
575,0.04784548087489041,0.48514921182677895,0.9994680881500244,0.021101721163306934,0.4834619022551041,0.999854564666748,0.05292156906354999,0.645394575028193,0.9987330436706543,0.028476620181685428,0.6631355768158327,0.9988979697227478,59.7875966959486,0
576,0.047820934404929516,0.48499652459507936,0.9994833469390869,0.02112042832942238,0.4834278211707165,0.9998615980148315,0.052916189744359014,0.6452498180525649,0.9987412691116333,0.028501125229966093,0.6628965934117641,0.9989147186279297,59.7875966959486,0
577,0.0476838646545297,0.48489523643539106,0.9994893074035645,0.021168248816615075,0.4834139049053196,0.9998659491539001,0.052883654123260904,0.6451121767361965,0.9987450242042542,0.028536368871019027,0.6625774304072067,0.998919665813446,59.7875966959486,0
578,0.04743490687438424,0.484853090274902,0.9994853734970093,0.021225672747407658,0.48343196511268655,0.9998690485954285,0.05282204722364748,0.6449845177786696,0.9987287521362305,0.02858418447985538,0.6622769492013119,0.9989139437675476,59.7875966959486,0
579,0.04716864175030167,0.4849677171025961,0.9994860291481018,0.021276573162703302,0.48346146657353395,0.9998723268508911,0.05273738361540299,0.64486080691928,0.9987138509750366,0.028614558190816944,0.6620382666587834,0.9989212155342102,59.7875966959486,0
580,0.04695861591469678,0.48517383422170407,0.9994900226593018,0.0213195106812886,0.48346559632392194,0.9998767375946045,0.05266443888346359,0.6447799461228512,0.9987064003944397,0.028619511230360918,0.6618869418189645,0.9989363551139832,59.7875966959486,0
581,0.04685915208288605,0.4854266302926204,0.999494731426239,0.021344614614333443,0.48345719348816685,0.9998802542686462,0.052602327827896436,0.6447492213476277,0.998710036277771,0.028607088983768528,0.6618172583125892,0.998955488204956,59.7875966959486,0
582,0.046835384198597535,0.48563838146981775,0.9994980692863464,0.02141256249021918,0.48345173824401166,0.9998842477798462,0.052583741112833975,0.6447849131765825,0.9987138509750366,0.028625261748120922,0.6617701422600524,0.9989809989929199,59.7875966959486,0
583,0.046819986154635784,0.48582329352696774,0.9994998574256897,0.021565222757912835,0.4834479959238147,0.9998876452445984,0.05257203323500501,0.6448026072411315,0.9987218976020813,0.028664929792284986,0.6616980603763041,0.9990012645721436,59.7875966959486,0
584,0.04681549221277241,0.4859530939942318,0.99949711561203,0.02174515942377705,0.4833958645661676,0.9998900294303894,0.05254630691238816,0.6448046877270659,0.9987149834632874,0.028690047029938038,0.661611261821929,0.9990057945251465,59.7875966959486,0
585,0.04681662842631344,0.4860739452498304,0.9994925260543823,0.021906185717809785,0.4833105930260253,0.9998923540115356,0.05250530122291479,0.6447759355817528,0.9987046122550964,0.028698542288371515,0.6614572973478414,0.9990074038505554,59.7875966959486,0
586,0.046863648153486745,0.4861832913898291,0.9994871616363525,0.022025305600393404,0.483214792751131,0.9998948574066162,0.052510207075448304,0.6447382540929891,0.9986869096755981,0.028718164545439562,0.6612638490540645,0.9990068078041077,59.7875966959486,0
587,0.04692618282777926,0.486226381290527,0.9994827508926392,0.022078143876223356,0.4831506326085049,0.9998958706855774,0.05246091616295637,0.6446733645030436,0.998684823513031,0.028734804618926302,0.6610883445966818,0.9990063309669495,59.7875966959486,0
588,0.04698382264801437,0.48636988798777303,0.9994767904281616,0.02211560078320051,0.48311602643557994,0.9998960494995117,0.05228803360036446,0.644793589909872,0.9986884593963623,0.028658577994931336,0.6609914785339723,0.9990109205245972,59.7875966959486,0
589,0.04698675480626882,0.4866257551170534,0.9994878768920898,0.022161421587779426,0.48311751797085756,0.9998990297317505,0.052011964753979775,0.6450357976413914,0.9987028241157532,0.028480212514599187,0.6610208579472139,0.9990268349647522,59.7875966959486,0
590,0.046975847333669704,0.48684537978399406,0.9994921684265137,0.02220615247885388,0.48309952446392646,0.9999014139175415,0.05170433737692383,0.645298043886821,0.9987165331840515,0.028263475213732063,0.6611056498118815,0.999030590057373,59.7875966959486,0
591,0.04694078933624998,0.48708464276222996,0.9994844794273376,0.022240188238876225,0.4831155339876815,0.9999011158943176,0.05147263744757293,0.6455415430523106,0.9987028241157532,0.02807955142287983,0.6611944068045849,0.9990221858024597,59.7875966959486,0
592,0.04693578964187989,0.48729352014405425,0.9994864463806152,0.02226629400891919,0.4832035203774774,0.9999043345451355,0.05141108075068115,0.6457110047340398,0.9987099766731262,0.028004142145315828,0.6612891810280941,0.9990399479866028,59.7875966959486,0
593,0.046937343442723906,0.48742176521392133,0.9994966387748718,0.022285004456837988,0.48331146438916567,0.9999064803123474,0.05143450342473534,0.6457448942320693,0.9987344145774841,0.02802372457725663,0.6613484649431143,0.9990658164024353,59.7875966959486,0
594,0.04695269163875357,0.4875934123992924,0.999506950378418,0.022301637789323234,0.48349783108347977,0.9999091625213623,0.051462475742612604,0.6458185229982654,0.9987527132034302,0.028044060582206386,0.661412534259615,0.9990928173065186,59.7875966959486,0
595,0.04697089855160036,0.4877149860064192,0.9995195865631104,0.022269289497108706,0.48369944521359076,0.9999116659164429,0.05156169884971214,0.645852250712259,0.9987699389457703,0.028053258590045455,0.6615626017252609,0.9991122484207153,59.7875966959486,0
596,0.04699647852352691,0.48776396399452615,0.9995254874229431,0.022203096144256158,0.4838393429915114,0.9999119639396667,0.051671139541126475,0.6458413090024681,0.9987577795982361,0.028050593677021233,0.661719387485868,0.9991095662117004,59.7875966959486,0
597,0.047016066454705775,0.48782679012843577,0.9995359778404236,0.02214784716211616,0.48393575492359386,0.9999125599861145,0.05180032302935922,0.6457837053707673,0.9987530708312988,0.02810117460432509,0.6618009862445655,0.9991068243980408,59.7875966959486,0
598,0.04702958216269815,0.48800718358584855,0.9995434880256653,0.0220605361142329,0.48399711506707366,0.9999133348464966,0.0518891641071865,0.645889560381572,0.9987343549728394,0.02805696250427339,0.6620759226026994,0.9990869760513306,59.7875966959486,0
599,0.04704148730351815,0.4883116739136836,0.9995458126068115,0.021968872419425436,0.48398559859820817,0.9999138116836548,0.05192585289478306,0.6460871497790024,0.9987128973007202,0.0279583689712343,0.6624054255939671,0.9990549087524414,59.7875966959486,0
600,0.047097443115143585,0.4886159258229396,0.9995525479316711,0.021875122828143002,0.48399841075851846,0.9999133348464966,0.05191575895462722,0.6462597449620571,0.9986944198608398,0.027834183935608204,0.6627359929538914,0.9990346431732178,59.7875966959486,0
601,0.04714947034205713,0.48891909633364034,0.999558687210083,0.021777327748991212,0.4839824849650977,0.9999132752418518,0.05191933097583911,0.6463675186747602,0.9986711740493774,0.027722054294177487,0.6630360711188549,0.9990123510360718,59.7875966959486,0
602,0.04726075735830129,0.4891655288991478,0.9995602965354919,0.02169392994117171,0.48394134214946244,0.9999130368232727,0.05192783013695766,0.6463922716322404,0.9986404776573181,0.02767928760676159,0.6632000122751514,0.9989780187606812,59.7875966959486,0
603,0.04740285784715702,0.4892708772704719,0.9995620846748352,0.021652278889502816,0.48388849411691975,0.9999133944511414,0.05194326490163807,0.6462781202225464,0.9986170530319214,0.0276949986638058,0.663111947831654,0.9989546537399292,59.7875966959486,0
604,0.04756945211972513,0.48935056868053656,0.999564528465271,0.02145339273625898,0.48383154897462793,0.9999136328697205,0.051948516141800696,0.646292748905364,0.9986028075218201,0.027558103026378747,0.6631599749837609,0.9989334344863892,59.7875966959486,0
605,0.04770891971531373,0.48937834160668553,0.9995740056037903,0.02119664874460018,0.48382056610924895,0.9999138116836548,0.05191845695177718,0.6464078199295775,0.998595118522644,0.02735992946795057,0.6632584049588164,0.9989041686058044,59.7875966959486,0
606,0.047811789526825896,0.48933326204617855,0.9995825290679932,0.020948742560687537,0.4839212170669015,0.9999141097068787,0.05190178627769157,0.6465205465044299,0.9985762238502502,0.027207102449167367,0.6634356720106948,0.9988800287246704,59.7875966959486,0
607,0.047812022446166946,0.48930966002600573,0.999577522277832,0.020787599718286896,0.48405296887670285,0.9999125003814697,0.051855813179697355,0.6466414332389837,0.9985380172729492,0.02709929245923249,0.6636448985054384,0.9988394379615784,59.7875966959486,0
608,0.04780417503345584,0.48935760344777823,0.9995667934417725,0.0207507477274963,0.4841836151622595,0.9999103546142578,0.05181351463709563,0.6467527179490957,0.9985011219978333,0.027114265021823722,0.6638117375827977,0.9988232851028442,59.7875966959486,0
609,0.04777995709862032,0.48932998095239955,0.9995614290237427,0.020813556831507474,0.4843738589968004,0.9999068379402161,0.05177582037590803,0.6467867862610595,0.9985117316246033,0.02716622120212943,0.6638671670641223,0.9988115429878235,59.7875966959486,0
610,0.04783836823134199,0.4892857103120717,0.9995604157447815,0.020827340316914394,0.4845322711127149,0.9999024271965027,0.0517512362982546,0.6467881429763074,0.9985304474830627,0.027185572133887403,0.6638699684824267,0.9987980723381042,59.7875966959486,0
611,0.0479667431541852,0.4892260489009679,0.9995603561401367,0.020777927622908657,0.4846690197785699,0.9998979568481445,0.05173499988658092,0.6467988916805818,0.9985517859458923,0.02716700457746076,0.6638247569402065,0.9987794756889343,59.7875966959486,0
612,0.04817113049683121,0.4891914625962579,0.9995626211166382,0.02066386251577311,0.4848119942914876,0.9998949766159058,0.051802806378830085,0.6468058881305518,0.9985753893852234,0.027158113285189606,0.6638124244553708,0.9987787008285522,59.7875966959486,0
613,0.048373158488954855,0.4891042822883247,0.9995672106742859,0.020536845461243694,0.4848853307110927,0.9998914003372192,0.05188102665401645,0.6468104407900861,0.9986013770103455,0.027141904724495774,0.6638013493447081,0.998782753944397,59.7875966959486,0
614,0.048532354689779775,0.48898579818861865,0.9995667934417725,0.020414268331868324,0.48492035127821465,0.9998864531517029,0.051961182306210246,0.6468192934989934,0.9986121654510498,0.027136970577495458,0.6638006454422366,0.9987639784812927,59.7875966959486,0
615,0.04859895631670956,0.4887239578224368,0.9995700716972351,0.020332272829754028,0.4850157641229179,0.9998841285705566,0.052053331087033,0.6467712720235195,0.9986194968223572,0.027164110736477964,0.6638077724547619,0.99875807762146,59.7875966959486,0
616,0.048613753524564596,0.48843142815998664,0.9995713829994202,0.020306411154923,0.48510103424390194,0.9998819231987,0.05215153665769672,0.6466582843235567,0.9986205101013184,0.02725734233501414,0.6637717854408995,0.9987428784370422,59.7875966959486,0
617,0.048554337095646674,0.48819372341746414,0.9995753169059753,0.020247343661529693,0.4851600357464386,0.9998812675476074,0.052221200650646615,0.6465347778229491,0.9986105561256409,0.027310218218536627,0.6637232871282673,0.9987413287162781,59.7875966959486,0
618,0.048435680745613045,0.4880656401316329,0.9995812177658081,0.02020704302759399,0.4852101873783842,0.999883234500885,0.05226932838559155,0.6464208619935177,0.9986043572425842,0.027343306690454504,0.6636479780787519,0.9987444877624512,59.7875966959486,0
619,0.04826989255490761,0.4879820659047085,0.9995903968811035,0.020078713872603023,0.4852374522458943,0.9998852610588074,0.05226243500198641,0.6463376397178292,0.9986116886138916,0.027282635725679873,0.6635789587384184,0.9987502098083496,59.7875966959486,0
620,0.048108202183530485,0.48792120246660176,0.9996016621589661,0.019883889527547945,0.48526686429977456,0.9998879432678223,0.0522103659099057,0.6462882359822597,0.9986351132392883,0.027153336398658322,0.6635328531265264,0.9987640380859375,59.7875966959486,0
621,0.048000795500619114,0.4878835961932232,0.9996147751808167,0.019668725274858037,0.48529772957166073,0.9998902082443237,0.052159673046498115,0.6462615558079317,0.9986637234687805,0.027035567820781776,0.663517140206837,0.9987839460372925,59.7875966959486,0
622,0.047960026810566624,0.4877873801049736,0.9996266961097717,0.01945745137830577,0.48534119980675877,0.9998917579650879,0.052149115751187046,0.646222523280553,0.9986698627471924,0.02702344661312446,0.6634638962291541,0.9987816214561462,59.7875966959486,0
623,0.04795949923850246,0.48782398303349855,0.999639630317688,0.019241172110750576,0.4853857031890328,0.9998942017555237,0.05215868176448917,0.6462942929494954,0.9986878037452698,0.026971914406333675,0.6635036383356372,0.9987896084785461,59.7875966959486,0
624,0.04796033459050318,0.48803175063360343,0.9996523857116699,0.019080300061475677,0.4854456839107336,0.9998963475227356,0.052142783644653544,0.646420197827476,0.9987077713012695,0.02683250153703351,0.663582466897511,0.9988036751747131,59.7875966959486,0
625,0.047960575315214374,0.48841652274131814,0.9996636509895325,0.018882407318978098,0.4854826998142973,0.9998980760574341,0.05210488662123684,0.6465726012275337,0.9987403750419617,0.02657700489674298,0.663693649428232,0.9988262057304382,59.7875966959486,0
626,0.04795340927583834,0.48877775811013763,0.9996695518493652,0.018705256017191085,0.4855347304117116,0.9998986721038818,0.05205681299169862,0.6466647045952938,0.9987516403198242,0.0262690420661654,0.6637852929887322,0.9988256692886353,59.7875966959486,0
627,0.04795682306090994,0.48914673782530327,0.9996790289878845,0.018583164683410112,0.48558178969792,0.9999001622200012,0.0520004426084814,0.6467075660115202,0.9987611770629883,0.02596066954235238,0.6638377734592988,0.9988414645195007,59.7875966959486,0
628,0.047951202839613,0.4894122197514493,0.9996839761734009,0.018535550683736815,0.4856767370587307,0.9999014735221863,0.05195794875423118,0.6466674123491565,0.9987589120864868,0.025789767060251483,0.66381661664872,0.998855471611023,59.7875966959486,0
629,0.04795245347278462,0.48967971830141016,0.9996888041496277,0.018554736460958222,0.4858456353346511,0.9999037981033325,0.05187633686832024,0.6466481345040462,0.9987702369689941,0.025685708615041936,0.6638205051422124,0.9988768100738525,59.7875966959486,0
630,0.047928510322457304,0.48990234164964624,0.999687910079956,0.018599504871027826,0.4860614694300156,0.9999043941497803,0.05176817998290066,0.6466068909281781,0.9987580180168152,0.025562469448362102,0.6638445002692092,0.9988779425621033,59.7875966959486,0
631,0.04787990202506387,0.49006969871975165,0.999687135219574,0.018642475118949314,0.48624942558152373,0.9999048709869385,0.051537111401557964,0.6465518871943161,0.998745322227478,0.025363720776069753,0.6638778249422714,0.99888676404953,59.7875966959486,0
632,0.04771716076703303,0.49011969140597794,0.9996878504753113,0.018661289076719982,0.4864030735833308,0.9999052286148071,0.051143980629387395,0.6465956994465425,0.9987178444862366,0.025075855443165436,0.6639394391150707,0.9988890886306763,59.7875966959486,0
633,0.04750450806958339,0.4902049033414754,0.9996777176856995,0.018650443071410783,0.4864665454342256,0.9999037384986877,0.05068083533218933,0.6467138670739678,0.9986507296562195,0.024751157278106346,0.6639758916128254,0.9988305568695068,59.7875966959486,0
634,0.0472817020047279,0.49018870223136213,0.9996718168258667,0.018643956631422057,0.48646514898254795,0.9999028444290161,0.05026361328505338,0.6468488829476498,0.9986390471458435,0.02451080447506339,0.6639448404312139,0.9987829923629761,59.7875966959486,0
635,0.047130110008376025,0.490098941893805,0.9996742010116577,0.01864426583051683,0.48644874919028547,0.9999023675918579,0.0499686534915652,0.6469726505733677,0.9986565709114075,0.024402862237322916,0.6638661254019971,0.9987801313400269,59.7875966959486,0
636,0.04704442230008901,0.48993101999873245,0.9996782541275024,0.018655760745917065,0.4864458129519512,0.9999024868011475,0.04987609954107379,0.6470122848238269,0.9986727833747864,0.024398824909613266,0.6637756767727085,0.9987706542015076,59.7875966959486,0
637,0.047037923442465955,0.48975950195675844,0.99968421459198,0.018669328075789283,0.4864438772201542,0.9998999238014221,0.04986942027296343,0.6469990752992181,0.9987022876739502,0.024425199876228987,0.6637028115136288,0.9987520575523376,59.7875966959486,0
638,0.04701475799083714,0.48968782311394143,0.9996916055679321,0.018693523392790855,0.48644084731737813,0.9998993873596191,0.04985274498661363,0.6470941901206976,0.9987338185310364,0.02442327159501259,0.6636936522665484,0.9987412095069885,59.7875966959486,0
639,0.047007150238468576,0.48973690895807215,0.9996969103813171,0.018681073029126454,0.48642600150335447,0.9998978972434998,0.04982846301226393,0.6472446095375792,0.9987438917160034,0.024383388193590323,0.6637074181011751,0.9987100958824158,59.7875966959486,0
640,0.04700168647936416,0.48979099875404764,0.9997072219848633,0.0186356766415494,0.48639934971219057,0.9998981356620789,0.04979865004618966,0.6474204404013503,0.9987791776657104,0.02431247312398186,0.6637243514969241,0.9987083077430725,59.7875966959486,0
641,0.04700042608947985,0.48991881239981916,0.9997130632400513,0.018601691439038247,0.48638686395826836,0.9998971819877625,0.049771997545446714,0.6476027170817062,0.9987837672233582,0.02425556310585569,0.6637505661873596,0.998685359954834,59.7875966959486,0
642,0.04699489208204409,0.49009666130656326,0.9997211694717407,0.01862380928581671,0.48634913421812553,0.9998965263366699,0.04974895697974027,0.6478928895223715,0.9987987279891968,0.024211702602250258,0.6637981420471559,0.998668372631073,59.7875966959486,0
643,0.04698961600661282,0.49027624158632227,0.9997223019599915,0.018723617529585262,0.48629860934757096,0.999895453453064,0.04975559775318422,0.6482167357490182,0.9987908601760864,0.024306690142977823,0.6638367999167675,0.9986320734024048,59.7875966959486,0
644,0.046979219430968916,0.4904020669914431,0.9997228980064392,0.018870766141584956,0.4862521759101327,0.9998970627784729,0.049745168714296295,0.6485119830994384,0.9987826347351074,0.0244378328678154,0.6638541732515613,0.9986233711242676,59.7875966959486,0
645,0.04696892272858397,0.49048219834055257,0.9997179508209229,0.01896638946519013,0.48616427466982925,0.9998940229415894,0.04971283780676982,0.6487102111180628,0.9987490773200989,0.024550014840705073,0.6638548572858181,0.9985621571540833,59.7875966959486,0
646,0.04697361836830779,0.4905245332490834,0.999713122844696,0.019006396510771358,0.4860668054648812,0.9998897910118103,0.04968334521566122,0.6487823696363545,0.9987190961837769,0.024596843513704503,0.6638346626645049,0.9984980225563049,59.7875966959486,0
647,0.04696339741349224,0.49057789075942304,0.9997115731239319,0.019089951667757277,0.4860085476012461,0.999887228012085,0.04961228938329792,0.6487154875482837,0.9986990690231323,0.02456695648531121,0.663801428817568,0.9984606504440308,59.7875966959486,0
648,0.046942986902736517,0.49060056039265265,0.99971604347229,0.019206391203971152,0.4859602664198198,0.9998868107795715,0.04955226484508746,0.6486241647175386,0.998711109161377,0.024476095324470905,0.6637959650584635,0.998461902141571,59.7875966959486,0
649,0.046890727111271485,0.4905273119608565,0.9997178316116333,0.019316420047765702,0.4859666341827033,0.9998844861984253,0.04952532567438629,0.6483845029558459,0.9987232685089111,0.024427371099591276,0.6638090411822006,0.9984573721885681,59.7875966959486,0
650,0.04682830579224091,0.4903707859062017,0.9997225403785706,0.019372951239347472,0.48602351830119217,0.9998869299888611,0.04950319336993357,0.6480393523261666,0.9987425804138184,0.024370614173156894,0.6637864056087681,0.9984859824180603,59.7875966959486,0
651,0.04673885483117334,0.4901730489163175,0.9997214078903198,0.019349012967376497,0.48601408515657735,0.9998856782913208,0.04950810117380963,0.6477572066443312,0.9987310171127319,0.02448113856925853,0.6637350774946672,0.9984684586524963,59.7875966959486,0
652,0.046664617423500365,0.489857619717008,0.9997167587280273,0.019334182054513992,0.48593630819093653,0.999886691570282,0.049550982990435234,0.6474639546303527,0.9987195730209351,0.024668300879143554,0.6635549692880545,0.998462975025177,59.7875966959486,0
653,0.04652446880936627,0.4894186669871925,0.9997106194496155,0.01945059489281406,0.4858003883134755,0.9998877644538879,0.04955355255376729,0.6472218888146541,0.998696506023407,0.024876488017893994,0.6632644732793178,0.9984380006790161,59.7875966959486,0
654,0.0463641587467421,0.4889038772810077,0.999700129032135,0.019683172660214576,0.4856338273911253,0.9998869299888611,0.049548595611538244,0.6470211999756954,0.9986533522605896,0.025085748749829495,0.6629163452557161,0.9983851909637451,59.7875966959486,0
655,0.04621344006487305,0.48844174685932384,0.999688982963562,0.01991503552666734,0.48550495647248804,0.9998859763145447,0.04949846189646498,0.6468330877167843,0.9986414909362793,0.025205829402520565,0.6626238510722211,0.9983484148979187,59.7875966959486,0
656,0.0461214583899294,0.48818735707373884,0.9996834397315979,0.020106991309495215,0.4854335784912113,0.9998864531517029,0.049407963419244444,0.6467202135494783,0.9986305236816406,0.02521455758029508,0.6624495897974292,0.9983236789703369,59.7875966959486,0
657,0.04611159293424519,0.48811035354932186,0.9996833801269531,0.020205782460314903,0.4854366694177904,0.9998847246170044,0.04938289398948355,0.6467474982852033,0.9986348748207092,0.02531393546433678,0.6624251859528684,0.9982927441596985,59.7875966959486,0
658,0.04616190581804234,0.4881477228232797,0.9996820688247681,0.020231522797119067,0.48559410799117353,0.9998822212219238,0.04943141128335684,0.6467450459798182,0.9986286759376526,0.025402971587720393,0.6625345434461327,0.9982534050941467,59.7875966959486,0
659,0.04618230887821746,0.4881909049692612,0.9996801018714905,0.020225414385398245,0.48596187148775416,0.9998787641525269,0.04946916568137355,0.6467228248005827,0.9986237287521362,0.025365532154128685,0.6628023641450069,0.9982128739356995,59.7875966959486,0
660,0.046206517056340296,0.4885516904649284,0.9996799826622009,0.02023181088623548,0.4864146695250561,0.9998777508735657,0.0495100608539014,0.6467607674144569,0.998613178730011,0.025257079995104265,0.6631130036853614,0.9982054233551025,59.7875966959486,0
661,0.046214606258131244,0.4891239234379363,0.9996804594993591,0.020311721822335625,0.48683135282425694,0.9998784065246582,0.049466066772029554,0.6469775012561259,0.9986037611961365,0.025122596837935014,0.6634371394202828,0.9982208013534546,59.7875966959486,0
662,0.04621696277033718,0.48997646286374086,0.9996816515922546,0.02051567525735925,0.4871060649553938,0.9998797178268433,0.04930787498042701,0.6474025902293983,0.998612105846405,0.024943832396751377,0.6637810724122188,0.9982590079307556,59.7875966959486,0
663,0.04625603804985686,0.49079015992936675,0.9996786713600159,0.020803788676857966,0.4872303264481685,0.9998782277107239,0.049170580116056295,0.6479176140966875,0.9986240267753601,0.024833955314187795,0.6640918425151285,0.9982515573501587,59.7875966959486,0
664,0.04626301746992842,0.4913589996950971,0.9996775984764099,0.02106305442395666,0.4872824251651768,0.999878466129303,0.04900401635538968,0.6481929563340691,0.9986426830291748,0.024658993418727623,0.6643350010826479,0.9982724785804749,59.7875966959486,0
665,0.04623409342907728,0.49154478311538735,0.999670684337616,0.021236559819607523,0.48735623700278186,0.9998770356178284,0.04878549348740355,0.648163136981783,0.998638391494751,0.024342997886595295,0.6645393854095828,0.9982818961143494,59.7875966959486,0
666,0.04617623239755634,0.4916686997527172,0.9996663331985474,0.021316663229039752,0.4873977005481724,0.999877393245697,0.04857954187762174,0.6479546654792064,0.9986681342124939,0.024032295371095358,0.66458505108243,0.9983213543891907,59.7875966959486,0
667,0.046101999602147545,0.4916642322426754,0.9996574521064758,0.021386190716709427,0.48744050945554496,0.9998758435249329,0.048402895175275386,0.6477617621421818,0.9986687302589417,0.023834994861057848,0.6645120155243652,0.9983019232749939,59.7875966959486,0
668,0.04602054914548287,0.4917467562925252,0.9996347427368164,0.02145584885563171,0.48751411693436797,0.9998734593391418,0.048273930060012044,0.6476736011959263,0.9986542463302612,0.023742604734642184,0.6643782627014893,0.9982581734657288,59.7875966959486,0
669,0.046044710313990045,0.4918258317879272,0.9996077418327332,0.02150775891329563,0.4876435810611366,0.9998667240142822,0.04826172671857338,0.647742180597215,0.9986192584037781,0.02381723409607299,0.6642965475718186,0.9981598258018494,59.7875966959486,0
670,0.04614556580781941,0.4918636026836581,0.9995762705802917,0.021575645144496662,0.4877937734127048,0.9998610615730286,0.04828457144044698,0.647858892168318,0.9985477924346924,0.023953554619635872,0.6642685333887741,0.9980483055114746,59.7875966959486,0
671,0.046324882833730645,0.49184001059759275,0.9995507597923279,0.021664857420892962,0.4879572079295208,0.9998586773872375,0.0483105668709392,0.6480245419910982,0.9985063672065735,0.024099613584223266,0.6643400050344928,0.9979735016822815,59.7875966959486,0
672,0.04660235593716307,0.4917959613459455,0.9995222687721252,0.02175514009736835,0.48807236552238503,0.9998602271080017,0.04832151691828459,0.6481850374312633,0.9984416365623474,0.024220241056311716,0.6644047016189217,0.9979268908500671,59.7875966959486,0
673,0.04694425509799098,0.4917260734807881,0.999496340751648,0.021831625096854726,0.48816970558393613,0.9998584389686584,0.048323005437850994,0.6483032277652201,0.9983670115470886,0.024302762445239816,0.6644942192804252,0.9978315234184265,59.7875966959486,0
674,0.04723211147245911,0.49169592204548107,0.9994902014732361,0.021896586442987143,0.4882480133147471,0.9998602867126465,0.048318856351432384,0.6483234791528616,0.9983428120613098,0.024366785461703955,0.6645777679625018,0.9978333711624146,59.7875966959486,0
675,0.047553938236974576,0.4917001724243168,0.9994967579841614,0.021915716074761907,0.4883281929152356,0.9998647570610046,0.04833812621377767,0.6482765617824742,0.9983475804328918,0.024372561258219558,0.6647040560131987,0.9978817105293274,59.7875966959486,0
676,0.047864321796667046,0.4917244442871643,0.999506950378418,0.02195263254855362,0.4883896523997901,0.9998705387115479,0.04831903729410403,0.6482146864845645,0.9983600974082947,0.024197766379941095,0.6648495594660446,0.9979467988014221,59.7875966959486,0
677,0.04809596318574183,0.4918238194215869,0.9995207190513611,0.021947831625030174,0.48841393845421965,0.9998753070831299,0.04823866770381023,0.6482702408518115,0.9983846545219421,0.023886868730187437,0.6650984003430327,0.9980073571205139,59.7875966959486,0
678,0.04825440386221526,0.49192197691826633,0.9995352029800415,0.021880356240130627,0.4883928951762975,0.9998788833618164,0.04815147923571727,0.6483898985953563,0.9984186887741089,0.023550563181440054,0.6654626613571535,0.9980607032775879,59.7875966959486,0
679,0.04836000768201695,0.4920428551378708,0.9995469450950623,0.021775550696821456,0.4883433878421788,0.9998821020126343,0.048084438024532265,0.6485496929713663,0.9984560608863831,0.023314730574687338,0.6658505201339727,0.9980883598327637,59.7875966959486,0
680,0.04830338238250645,0.49219044475328394,0.9995446801185608,0.021683103449287887,0.48833768424533697,0.9998832941055298,0.04807234165214361,0.6486969221205944,0.9984193444252014,0.023269373834842746,0.6662181218465175,0.9980607032775879,59.7875966959486,0
681,0.04814217558928902,0.4922937679858439,0.999545693397522,0.021606125469718677,0.4883799042020529,0.9998847246170044,0.048076562228656985,0.648715754350027,0.9984213709831238,0.023302615575847188,0.6664559188343235,0.998065710067749,59.7875966959486,0
682,0.047889792848201065,0.4922817179134918,0.9995477199554443,0.021569694880218752,0.48846963189897125,0.9998868107795715,0.048015965414898776,0.6485849590528585,0.9984384179115295,0.023250037005969476,0.6665056631678632,0.9980993866920471,59.7875966959486,0
683,0.04755490326455665,0.49234812458356264,0.9995551705360413,0.021534047843444933,0.488577063594546,0.9998900294303894,0.04785267813574704,0.648470682757242,0.9984756708145142,0.023163471637027623,0.6664726904460367,0.9981406331062317,59.7875966959486,0
684,0.047240742615291084,0.49244099713507195,0.9995625019073486,0.021505562943362075,0.4886807770956134,0.9998934864997864,0.047623742017008044,0.6483645325615297,0.998523473739624,0.02308941100324905,0.6664270985694164,0.9981921911239624,59.7875966959486,0
685,0.04707186456237525,0.49258015127409116,0.9995806813240051,0.0214562619193679,0.48878927741731953,0.9998948574066162,0.047446509557110966,0.6484188437461857,0.9985952973365784,0.023059079246152032,0.6665078288032901,0.9982476830482483,59.7875966959486,0
686,0.046981390388239036,0.49279755779675116,0.9995997548103333,0.02141138583066919,0.4889832777636396,0.9998946785926819,0.04724416580228582,0.6488519765081865,0.9986757040023804,0.023107268714479056,0.6668772896130886,0.9983046650886536,59.7875966959486,0
687,0.046968371208225015,0.493030823412396,0.999614953994751,0.021318581753543463,0.4892092914808368,0.999894380569458,0.046877102837676134,0.6494522946221493,0.998751699924469,0.022965458798266614,0.6674720474651887,0.9983673095703125,59.7875966959486,0
688,0.04699262054193591,0.4931710944289257,0.9996315240859985,0.021181859696904837,0.489463092315765,0.9998959898948669,0.04641142203694301,0.6500371495882675,0.9988362193107605,0.022619595751166365,0.6680833186422082,0.9984571933746338,59.7875966959486,0
689,0.04692082727948828,0.49337800343831417,0.9996436834335327,0.021050393492693012,0.4897101592449919,0.9998984932899475,0.04584497763287457,0.6504180771963942,0.9988672137260437,0.022230680322363285,0.6684888402620957,0.9984951615333557,59.7875966959486,0
690,0.046709841560749824,0.4936396749246692,0.9996625185012817,0.02095042089266438,0.4898951209726792,0.9999023675918579,0.04523662708344917,0.650578365439461,0.9989392161369324,0.021736099074284254,0.6686268533979149,0.9985818862915039,59.7875966959486,0
691,0.04640961083627886,0.4938111617451626,0.9996738433837891,0.020749949273609,0.4901128496442526,0.9999045133590698,0.04483002353282205,0.6505326032638554,0.9989845752716064,0.02126175821537065,0.6687466984703432,0.9986316561698914,59.7875966959486,0
692,0.0460956172928924,0.4940910651570279,0.999681293964386,0.02048047002227535,0.49031699697176656,0.9999068975448608,0.044544323746647185,0.6507348730450591,0.9990109205245972,0.02084767419312683,0.6689888352439521,0.9986770749092102,59.7875966959486,0
693,0.04584046683850746,0.4943728276661469,0.9996883869171143,0.020155817802463276,0.4905107929593045,0.999907374382019,0.044366418783153845,0.6510585773558849,0.9990429282188416,0.020441206704292995,0.6694640346935823,0.9987037181854248,59.7875966959486,0
694,0.045862689614296,0.4945665271509266,0.9996985197067261,0.01977087512967134,0.4906888561589381,0.999908983707428,0.0444186627864838,0.651355922222138,0.9990900158882141,0.02014431117900782,0.6700360292480111,0.9987511038780212,59.7875966959486,0
695,0.04606589568512784,0.4947101814406263,0.9997113943099976,0.019471363208833213,0.4907799774692176,0.9999099969863892,0.04459208888666974,0.6516466396195553,0.9991446733474731,0.020078696576612355,0.6705806340490075,0.9988036155700684,59.7875966959486,0
696,0.046308326579275624,0.49483307770320384,0.9997161626815796,0.01931354864722208,0.49086558251153894,0.9999107718467712,0.044772077883992914,0.6519245732398266,0.999165952205658,0.020086305215954794,0.6710087458292648,0.9988259077072144,59.7875966959486,0
697,0.046532924686159445,0.4948488459700634,0.9997250437736511,0.01925474706859817,0.4910258480480743,0.9999125599861145,0.04493778003823193,0.6520440351395385,0.9991933703422546,0.020151864382482725,0.6713377379235772,0.998859167098999,59.7875966959486,0
698,0.04664643144323716,0.49491762405350137,0.9997308254241943,0.019273137851130412,0.49123351204962995,0.9999133944511414,0.045003108857643075,0.6521877504530412,0.9992260932922363,0.020168192773347825,0.6715118941806617,0.9988921284675598,59.7875966959486,0
699,0.04654686773816748,0.4949683319954649,0.9997349977493286,0.01935177997109437,0.49149801191829534,0.9999126195907593,0.0449974086313021,0.6522851983706162,0.9992568492889404,0.02018666196437111,0.6716390110197528,0.9989182949066162,59.7875966959486,0
700,0.046410698443651234,0.4950008718740377,0.9997379779815674,0.01942609082020466,0.49172940282594624,0.9999113082885742,0.04499250384313723,0.6522790676071535,0.999268651008606,0.02021048519582977,0.6717139170283368,0.9989293217658997,59.7875966959486,0
701,0.04620450451260525,0.4949821475006289,0.9997372031211853,0.01949721113556909,0.4918461356844225,0.9999089241027832,0.04500216972969831,0.6522921976589027,0.999272882938385,0.02022216353742851,0.6717667352585571,0.9989288449287415,59.7875966959486,0
702,0.04593150051576754,0.49494259272302943,0.9997363090515137,0.019453295728280445,0.4919014275074009,0.9999088048934937,0.04497567120762101,0.6522859562010997,0.9992824196815491,0.020221051804366584,0.6717701355616257,0.9989356994628906,59.7875966959486,0
703,0.045688703478801856,0.49489493597121503,0.9997314810752869,0.019314165005371697,0.49189575938951446,0.999907910823822,0.04483274263995038,0.6521749212628325,0.9992716312408447,0.020173007888453366,0.6717594975516915,0.9989283084869385,59.7875966959486,0
704,0.04546930286146349,0.49487437804540035,0.9997280836105347,0.019108090194917875,0.4918934277125771,0.9999074339866638,0.0445769789318244,0.6520573979332338,0.9992735385894775,0.020091159091818918,0.6717183164187845,0.998930811882019,59.7875966959486,0
705,0.04530368674369088,0.49484219153722164,0.9997291564941406,0.018896941539077547,0.4918885472274966,0.9999062418937683,0.044328532048634156,0.6517702397846046,0.9992792010307312,0.020049842340605615,0.6716935407547729,0.998930037021637,59.7875966959486,0
706,0.045262718307120496,0.494839993261156,0.9997375011444092,0.018778570617238696,0.4918750978651505,0.9999061226844788,0.04417249258785024,0.6513485766592484,0.9993021488189697,0.02005741550099284,0.6716484086854123,0.9989504218101501,59.7875966959486,0
707,0.04515635186717627,0.4948088654450012,0.999740719795227,0.0187735360647951,0.4918618244784223,0.9999043941497803,0.044099320967992184,0.6509198290961135,0.9993088841438293,0.020103146809907206,0.6715988942555025,0.9989503026008606,59.7875966959486,0
708,0.044952427347501156,0.49482171024595034,0.9997431635856628,0.018790053292399377,0.49186502184186703,0.9999053478240967,0.04395224987750965,0.6506001580329174,0.9993062615394592,0.02013182267546655,0.6715517952328642,0.9989629983901978,59.7875966959486,0
709,0.04468312930493131,0.4949157706328805,0.999743640422821,0.018806606797235365,0.4918562358333955,0.9999039173126221,0.04361619942245033,0.6504470677602864,0.9993060827255249,0.020074343308806433,0.6715039043199453,0.9989591240882874,59.7875966959486,0
710,0.04441676235624725,0.49522013323647673,0.9997475743293762,0.018820906767532952,0.4918413488637837,0.999904453754425,0.043305177951142935,0.6505485063507448,0.999310314655304,0.02001019380986692,0.6713864036968782,0.9989766478538513,59.7875966959486,0
711,0.04421647301032433,0.49564682018189243,0.9997509121894836,0.01884413785522894,0.49183158647446445,0.9999042749404907,0.04320872042860307,0.6506745701744447,0.9993095993995667,0.020037025568031143,0.6712669815335961,0.9989768862724304,59.7875966959486,0
712,0.04415878706744743,0.4960668243113022,0.9997520446777344,0.018869497946330492,0.49172712365786275,0.9999043345451355,0.043406509395156626,0.6507292020888561,0.9992901086807251,0.020159865862556886,0.6709455251693731,0.9989694952964783,59.7875966959486,0
713,0.04405585836086958,0.49634700871649284,0.9997524619102478,0.01890806836031734,0.49157983206567346,0.9999041557312012,0.0437493409429278,0.6507594897633512,0.9992650151252747,0.020344360687193433,0.6705826918284103,0.9989445209503174,59.7875966959486,0
714,0.04396138588587446,0.4965890206041794,0.9997472763061523,0.018942365955029232,0.4914520638329646,0.9999024868011475,0.044026373042946806,0.6507996888387776,0.999225914478302,0.02049277722835542,0.670295329320999,0.998897910118103,59.7875966959486,0
715,0.04383637720630286,0.4967554012934371,0.9997418522834778,0.018962404380242045,0.49134944024540167,0.9999024271965027,0.04411373163263006,0.6507962970506582,0.9991967678070068,0.02053182802739599,0.6701392077264336,0.9988721013069153,59.7875966959486,0
716,0.04372292703815873,0.49695897386187643,0.9997363686561584,0.019002074641840814,0.49130603954905594,0.9999018311500549,0.044200070379745424,0.6507257223129277,0.9991654753684998,0.020580815417425992,0.6700474279267452,0.9988475441932678,59.7875966959486,0
717,0.04344575160316062,0.4971171120802565,0.9997307658195496,0.018991917637842057,0.49132240528152143,0.9999017119407654,0.04413920711903349,0.6506212921369648,0.999140739440918,0.02059216708654451,0.6700833496593299,0.9988328218460083,59.7875966959486,0
718,0.04316235351420587,0.49715790010633965,0.9997260570526123,0.018877826542371808,0.491319447755814,0.9999015927314758,0.043990818872338286,0.6503593751362398,0.9991093277931213,0.02053872726502874,0.6699663939930149,0.9988182187080383,59.7875966959486,0
719,0.04281541935744743,0.49707758426666304,0.9997225999832153,0.018621114747864875,0.49143514888627227,0.9999001026153564,0.043761733209803026,0.6500492181096763,0.9990723729133606,0.020458539326985693,0.6700079270771577,0.9987910985946655,59.7875966959486,0
720,0.0424385654429595,0.4970563692705976,0.9997234344482422,0.01823265726367634,0.4916462089334219,0.9999001026153564,0.04341754086670425,0.6497922000430885,0.9990558624267578,0.02030796468967485,0.6702424372945519,0.9987859129905701,59.7875966959486,0
721,0.042068132864577466,0.4970828323137197,0.9997235536575317,0.017852782759638072,0.49190693100293514,0.9999004602432251,0.04306141091954144,0.6496093415078668,0.9990461468696594,0.020136360433839633,0.6706573140053528,0.9987913370132446,59.7875966959486,0
722,0.041829681467442315,0.49716951307796337,0.9997243881225586,0.0175590113337551,0.492070507435572,0.9999002814292908,0.0428744879152094,0.649692921411424,0.9990338683128357,0.020062055527454346,0.6711495632217049,0.998793363571167,59.7875966959486,0
723,0.041538796077171994,0.4972471126488281,0.9997287392616272,0.017384053961861715,0.4920108417669936,0.999902069568634,0.04263683781027798,0.6500641930670971,0.9990360736846924,0.020001492684795757,0.6715823695773175,0.998810887336731,59.7875966959486,0
724,0.0412059326966604,0.4973024839446662,0.9997296333312988,0.017328538000583663,0.4918077133950737,0.9999048709869385,0.04247017187022031,0.6505069420451215,0.9990133047103882,0.019972954921069614,0.6718089977900192,0.9988314509391785,59.7875966959486,0
725,0.04079014151578861,0.49734185281254034,0.9997332692146301,0.017184081443008935,0.4916221740699954,0.999907374382019,0.04236482545023876,0.6508972190675286,0.9990097284317017,0.01990196020120668,0.67202145145053,0.9988676309585571,59.7875966959486,0
726,0.04024395364381021,0.497342298428218,0.9997329711914062,0.017007072500529758,0.4915036857128147,0.9999074339866638,0.04226805943818323,0.6511580206099016,0.998988926410675,0.019798959028862785,0.6720901812825889,0.9988784193992615,59.7875966959486,0
727,0.03965782799891066,0.4972291815848582,0.9997375011444092,0.016775565665392664,0.49153004657654575,0.9999082684516907,0.04217438169178512,0.6512398804937096,0.9989804625511169,0.019670821460230026,0.672129821209681,0.9988967180252075,59.7875966959486,0
728,0.0392612277397088,0.49695655419713014,0.9997403025627136,0.016551862869943906,0.49164175703412055,0.999910295009613,0.04211885783643953,0.6512353902771364,0.9989725947380066,0.0195883745771079,0.6721274966285348,0.9989133477210999,59.7875966959486,0
729,0.03902858407014895,0.4966234025501074,0.9997467398643494,0.01630387810014544,0.49172046354838816,0.9999101758003235,0.04208813838305931,0.6511950123877757,0.9989779591560364,0.01954692025624572,0.6720769036383861,0.9989292025566101,59.7875966959486,0
730,0.03888273860017462,0.49634131079628396,0.9997432827949524,0.01610203912215575,0.4916937081586751,0.9999095797538757,0.04207540427645051,0.6514464304560712,0.9989651441574097,0.019579364696428903,0.6721398205984213,0.9989290237426758,59.7875966959486,0
731,0.038746865200144934,0.4962242657230018,0.9997434020042419,0.015832055448776212,0.49155128711745893,0.9999069571495056,0.04203845383155917,0.6519221010662266,0.9989538788795471,0.01957740590331102,0.6723228693008428,0.9989023804664612,59.7875966959486,0
732,0.03859026499447371,0.4961964246772588,0.9997372627258301,0.015664922250878253,0.4913343262104765,0.9999023675918579,0.041993854123921655,0.6524867585727152,0.9989263415336609,0.01960640515954723,0.6725575185957415,0.998865008354187,59.7875966959486,0
733,0.03837679716802782,0.49619104464848873,0.999740481376648,0.01545400828832673,0.49116233275050253,0.9998986124992371,0.04189785268335119,0.652963070642381,0.9989187717437744,0.019597016629718616,0.6728890850430449,0.9988402128219604,59.7875966959486,0
734,0.03814295413238665,0.49612519996506865,0.9997387528419495,0.015258145962087893,0.4910859068234766,0.999896764755249,0.04171072833594825,0.6531696347963247,0.9988778233528137,0.019594325284872753,0.6731267088935494,0.9987983107566833,59.7875966959486,0
735,0.037844195607162685,0.4960503422078636,0.9997377991676331,0.014866329064326639,0.49109540241105254,0.9998923540115356,0.04150742363362089,0.6531448052043012,0.9987948536872864,0.01954691253957296,0.67329885562261,0.9987050890922546,59.7875966959486,0
736,0.03750591246145115,0.49600117972918956,0.9997416138648987,0.014411321087252538,0.49107980870065276,0.9998873472213745,0.04129580266418914,0.6531830997694111,0.9987561702728271,0.01950909977867491,0.6734465956687933,0.9986476898193359,59.7875966959486,0
737,0.03712201508737749,0.49599550167719564,0.9997421503067017,0.014013863168656836,0.49101798733075497,0.9998805522918701,0.041106208449318324,0.6532387903758463,0.9987496137619019,0.0194630568758363,0.6735015142531626,0.9986057877540588,59.7875966959486,0
738,0.036807500180744024,0.4960163675603417,0.9997480511665344,0.013828263041518995,0.4908959666887923,0.9998778104782104,0.04101073298425904,0.6533661541484657,0.9987757802009583,0.019502346536942904,0.6735354037511923,0.9986180663108826,59.7875966959486,0
739,0.03659632606875332,0.496125534886406,0.9997557997703552,0.013774892537011998,0.49081781506538436,0.9998772144317627,0.04104859488351008,0.6535807223547077,0.9988260865211487,0.01963324676312153,0.6735984058607198,0.9986437559127808,59.7875966959486,0
740,0.03651438830863865,0.49639930895396683,0.9997545480728149,0.01365608194222054,0.49079334168207117,0.9998773336410522,0.04113378996650381,0.6538610288075044,0.9988325238227844,0.019796770598207218,0.6736745805967428,0.9986326098442078,59.7875966959486,0
741,0.0364985386175769,0.4967526140667147,0.9997515678405762,0.013242001822661796,0.4908421749160407,0.9998745322227478,0.04120486389313428,0.6541886358034048,0.9988306164741516,0.019899599165433945,0.6738212051845738,0.9986021518707275,59.7875966959486,0
742,0.036472968934547365,0.49705207205954094,0.9997450709342957,0.012546278314576272,0.4909042772792639,0.999869704246521,0.04128407367638183,0.654531490235102,0.9988204836845398,0.019953572945225824,0.6740249594052639,0.9985640048980713,59.7875966959486,0
743,0.036269723659469996,0.4971998433272048,0.9997378587722778,0.011860548562946783,0.4909547468026483,0.9998659491539001,0.04125130708728521,0.6547364535785862,0.998817503452301,0.019917265822490073,0.6741753844987783,0.9985360503196716,59.7875966959486,0
744,0.035906293385085636,0.497219623554321,0.9997291564941406,0.011415607961160805,0.490988427684421,0.9998622536659241,0.041137608921244066,0.654929813884554,0.9987962245941162,0.019873283005186503,0.6742447813351955,0.9984918236732483,59.7875966959486,0
745,0.03545693733862471,0.4972271436736701,0.999721109867096,0.011281088260667673,0.49103584176018167,0.9998610019683838,0.04100360845526063,0.6551169582775667,0.9988139867782593,0.01985448598861696,0.6743344380742033,0.998485267162323,59.7875966959486,0
746,0.0350341316135157,0.4973559933049342,0.9997113347053528,0.011337295218947397,0.491133843149458,0.9998603463172913,0.04087671495619277,0.6552902062733974,0.9988061785697937,0.019865761644073915,0.6744340970402678,0.9984572529792786,59.7875966959486,0
747,0.03469876554750263,0.49755980713026904,0.9997089505195618,0.011448451716985032,0.4912950055939814,0.9998586773872375,0.04078891323435878,0.6555586428869343,0.9987842440605164,0.019899859137478347,0.6746827108519423,0.9984095096588135,59.7875966959486,0
748,0.03452776248256369,0.49772926029704906,0.9997056722640991,0.011517230864791653,0.4913680964992164,0.9998576045036316,0.04095814962472238,0.6553532481193547,0.9987578988075256,0.019939075091055476,0.6744754456338433,0.9983612298965454,59.7875966959486,0
749,0.0343826125775065,0.49769839360600465,0.9996983408927917,0.011438403500332726,0.4913114025479275,0.9998546838760376,0.04129502957775483,0.6545367269288931,0.9987040758132935,0.020043795750964273,0.6738376361983169,0.9982758164405823,59.7875966959486,0
750,0.034281029765095054,0.49752362001509937,0.9996919631958008,0.010891792275721127,0.4911117724009927,0.9998528361320496,0.04161805198306132,0.6535452604293828,0.9986525177955627,0.019908666699415177,0.6729375095594503,0.998227059841156,59.7875966959486,0
751,0.03412736934565365,0.49732902362233156,0.9996955394744873,0.010039498098194608,0.49108220707802586,0.9998526573181152,0.041989707343635135,0.6525940980230064,0.9986335039138794,0.019672534738977766,0.6723768200193139,0.9982266426086426,59.7875966959486,0
752,0.03394769628842674,0.4972178311575031,0.9997109174728394,0.009186728413970705,0.4912767069680354,0.99985271692276,0.042205358190195934,0.6521667781330296,0.9986881017684937,0.019365064001509134,0.6722529048011422,0.9982683658599854,59.7875966959486,0
753,0.03375950810455143,0.49723490930738945,0.9997228980064392,0.008645261593517809,0.49159299617721963,0.9998529553413391,0.04219453196440428,0.6525256605375386,0.9987223744392395,0.01909217096510389,0.672659575939179,0.9983018636703491,59.7875966959486,0
754,0.0336546206048557,0.49730758865674374,0.9997321963310242,0.008488101751676635,0.49182251805350935,0.9998522996902466,0.04223203730015531,0.6529100679215936,0.9987618923187256,0.018938377676975177,0.6728695063363943,0.9983231425285339,59.7875966959486,0
755,0.03362887565578736,0.497441125767572,0.999740719795227,0.008590427981246092,0.4919646737121404,0.999853789806366,0.042317914288668435,0.6532517047155476,0.9987995624542236,0.018985811532253326,0.6730170533770612,0.9983543157577515,59.7875966959486,0
756,0.033679066669373314,0.4976368887083875,0.999748706817627,0.008577740085976471,0.49168844592003635,0.9998535513877869,0.04237126310666406,0.6535011473156163,0.9987940192222595,0.01895381341732685,0.6730071731976106,0.9983173608779907,59.7875966959486,0
757,0.03372253663837912,0.49775215770517106,0.9997537732124329,0.008530978246458942,0.49118424526282745,0.9998559355735779,0.04256932144718513,0.6536709070205687,0.9987965226173401,0.01897988122488772,0.6731097357613707,0.9983041882514954,59.7875966959486,0
758,0.033782803852643296,0.49785698098795783,0.999761700630188,0.00846226021115269,0.49044339997427827,0.9998608827590942,0.042861807027033405,0.6537559713636125,0.9988024830818176,0.019045373690979826,0.6732579895428256,0.998312771320343,59.7875966959486,0
759,0.03385986831216586,0.4979513585567478,0.999767005443573,0.008371585980057715,0.48946591005438866,0.9998664855957031,0.043248719846208886,0.653756340344747,0.9987967610359192,0.01915029081560317,0.6734519345419755,0.998326301574707,59.7875966959486,0
