frame_id,left_shoulder_x,left_shoulder_y,left_shoulder_visibility,right_shoulder_x,right_shoulder_y,right_shoulder_visibility,left_hip_x,left_hip_y,left_hip_visibility,right_hip_x,right_hip_y,right_hip_visibility,fps,low_visibility
0,0.9159228134722939,0.28838187314215186,0.9984902143478394,0.9904918940294359,0.3060660752512161,0.9929977655410767,0.9131008571102508,0.5126810229959945,0.9993336796760559,0.9595925651845483,0.5161368194080538,0.9986940026283264,59.78135276864279,0
1,0.915524755205427,0.2892553976603918,0.9984098672866821,0.9896422752312255,0.3061173409223558,0.9929348826408386,0.9132127038070137,0.5130493257726944,0.9993184208869934,0.9591736154896876,0.5160667300224308,0.9986791610717773,59.78135276864279,0
2,0.9150011326585498,0.2897544545786722,0.9984188079833984,0.9888379999569489,0.3062883274895806,0.9934269189834595,0.9132927911622188,0.5132023181234088,0.9993166327476501,0.9588210412434173,0.5159845607621333,0.9987025856971741,59.78135276864279,0
3,0.9143519458316629,0.2898790438969932,0.9983968138694763,0.9880790682066063,0.3065790349528905,0.9938152432441711,0.9133411191758662,0.5131400000481383,0.9993002414703369,0.9585348424457376,0.5158903116271614,0.9986868500709534,59.78135276864279,0
4,0.9133015019553056,0.2896393551712947,0.9983576536178589,0.9874189893404651,0.3071155150731407,0.9940593838691711,0.9132770526976819,0.5127926866213485,0.9993267059326172,0.9583686079297755,0.5157044898895995,0.9987412095069885,59.78135276864279,0
5,0.9125012783777154,0.288933350926354,0.9984070658683777,0.9867113573210589,0.307620670114245,0.994455873966217,0.913313791865395,0.512276044913701,0.9993543028831482,0.9582021066120701,0.515586722464789,0.9987973570823669,59.78135276864279,0
6,0.9120144531840376,0.2882062054815749,0.9984253644943237,0.9860502055713116,0.307931477115268,0.9948490858078003,0.9134122275170833,0.5119660468328571,0.9993811249732971,0.9579219307218287,0.5157509048779809,0.9988633394241333,59.78135276864279,0
7,0.9117192512466801,0.28749229084877764,0.9984707832336426,0.9856991171836861,0.30812134061540897,0.995171070098877,0.9135890063785379,0.5114149082274668,0.9994068741798401,0.9576468836693544,0.5155747362545562,0.9989254474639893,59.78135276864279,0
8,0.9114035935628989,0.286915468318122,0.9984855055809021,0.9853555474962515,0.30782838094802156,0.9952141642570496,0.9137654588336044,0.5108610561915811,0.9994090795516968,0.9574552121616552,0.5151416318757198,0.998956561088562,59.78135276864279,0
9,0.9107811763173066,0.2867881244137176,0.9984749555587769,0.9850498551414135,0.30736463694345406,0.9952565431594849,0.9138635027976271,0.5100916510536562,0.9994059801101685,0.957364275341943,0.514364566121783,0.998970091342926,59.78135276864279,0
10,0.9101515156882157,0.28676527596655366,0.9984716176986694,0.984489253589086,0.3065888086954755,0.995117723941803,0.9138983033952266,0.5093224445978805,0.999407947063446,0.9573417731693821,0.5135420191855662,0.9989632964134216,59.78135276864279,0
11,0.9096536806651532,0.286915624425525,0.998485267162323,0.9836890356881285,0.3055064777533216,0.9950775504112244,0.9139411108834411,0.5088535036359518,0.999413013458252,0.9572754786128097,0.5129826806840447,0.9989579319953918,59.78135276864279,0
12,0.9092036372139348,0.28705875504584566,0.9984079003334045,0.9828400782176434,0.30436546036175344,0.994661271572113,0.9140247390383773,0.5086036182585221,0.9993507266044617,0.9572133223215746,0.5126958404268542,0.998818576335907,59.78135276864279,0
13,0.908678020749774,0.2871050508249376,0.9984130859375,0.9822657732736505,0.30363529494830566,0.9945116639137268,0.914150462264107,0.5085527811731615,0.9993017911911011,0.9570519101052065,0.5126235258011596,0.9987122416496277,59.78135276864279,0
14,0.9076932157788965,0.2871311888808298,0.9983406066894531,0.9819485601924722,0.30312534599077157,0.9939582943916321,0.9141925090835217,0.5089614958990192,0.99918133020401,0.9567106593222854,0.512932658195496,0.9984431862831116,59.78135276864279,0
15,0.9064132968584704,0.2871395704292118,0.9983305335044861,0.981704995745705,0.3030028016794298,0.9937639236450195,0.9140441985357383,0.5092348768597561,0.9991169571876526,0.9561093506358926,0.5129449906803317,0.9982854127883911,59.78135276864279,0
16,0.9050593432926003,0.2871824063005904,0.9984059929847717,0.9813061243011846,0.3030816983608975,0.9940842390060425,0.9137422328903569,0.5092687464895707,0.9991467595100403,0.9554134777614056,0.5125262850806831,0.9983096718788147,59.78135276864279,0
17,0.9039990618115387,0.287265262433461,0.998416006565094,0.9808577213968558,0.3032308362779166,0.994131863117218,0.9133971475419551,0.5089231417292643,0.9991258382797241,0.9548514116378065,0.5115503186271309,0.9982206225395203,59.78135276864279,0
18,0.9031954265776143,0.2873523377236868,0.9984797239303589,0.9802237976165054,0.30310883976164343,0.9943538904190063,0.9131695826848356,0.5083526089077908,0.9991729855537415,0.9545869146074575,0.5102585610889256,0.9982793927192688,59.78135276864279,0
19,0.9026021985780632,0.28743712533087984,0.9985342025756836,0.9795434616860896,0.30278867625054884,0.9944953322410583,0.913114874135881,0.507703786804563,0.999213695526123,0.9545687664122815,0.5090710577510656,0.9983110427856445,59.78135276864279,0
20,0.9019608213787994,0.28753743710972035,0.9985464215278625,0.9790712651752298,0.30240920469874455,0.9944934844970703,0.913111885388693,0.5073528687159224,0.9992381930351257,0.9546730461574744,0.5085345563434422,0.9983144402503967,59.78135276864279,0
21,0.901493293898447,0.28759729720297333,0.9986093640327454,0.9785509563627705,0.3020520281224026,0.9946148991584778,0.9130299942834044,0.5070209531556996,0.9992448687553406,0.9546526613689612,0.5081527261506947,0.9982879161834717,59.78135276864279,0
22,0.9011534282139377,0.2875858176322213,0.998696506023407,0.9779987647419892,0.3018261889616651,0.9949721097946167,0.9128742274783914,0.5066760153997516,0.999285101890564,0.9545649432000667,0.507880670683725,0.9983615279197693,59.78135276864279,0
23,0.9008955671673737,0.2875999737353554,0.9987655878067017,0.9776346626735877,0.3018350572813127,0.9951499700546265,0.9125586549441027,0.5062986073039831,0.9993160367012024,0.9543605333282842,0.5075730085372929,0.9984051585197449,59.78135276864279,0
24,0.9004879650615518,0.2876168645563582,0.9988157749176025,0.9772500026793715,0.3017798435120358,0.9951863288879395,0.9120944823537561,0.5062395362626942,0.999341607093811,0.9541094445046931,0.5074961980183923,0.9984069466590881,59.78135276864279,0
25,0.8999005839938216,0.2876465533460892,0.9988654255867004,0.9767351746559152,0.3015802701314293,0.9953305721282959,0.9114929068656202,0.5062941483088905,0.9993655681610107,0.9537609673681721,0.5075289465132218,0.9984272718429565,59.78135276864279,0
26,0.8992513503347132,0.2876956491243274,0.9989157319068909,0.9763881819588806,0.3011338739168079,0.9955426454544067,0.9108852148056037,0.506550090653556,0.9993836879730225,0.953418833868845,0.5078110524586272,0.9984369874000549,59.78135276864279,0
27,0.898738106091818,0.28771760066350327,0.9989567995071411,0.9759546660241634,0.3003958335944587,0.9957818388938904,0.9103264695122136,0.5067479241461985,0.9993904829025269,0.9531208588963471,0.5080344904036753,0.9984355568885803,59.78135276864279,0
28,0.8982510112580806,0.2877345283826195,0.9989968538284302,0.9754999421891719,0.2996435037681037,0.9960924983024597,0.909988170578367,0.5068488092649555,0.999406635761261,0.9528881141117649,0.5081985138711479,0.9984800219535828,59.78135276864279,0
29,0.8977138229778842,0.28787688698087444,0.99903404712677,0.975060076940628,0.2989480538027629,0.9962900876998901,0.9096727882112783,0.5067952587490994,0.9994257688522339,0.9526405958902275,0.5082538156282338,0.9985148310661316,59.78135276864279,0
30,0.8970354710306447,0.28813143429302057,0.9990785717964172,0.9746242619696125,0.29842350312641713,0.996500551700592,0.9093671724909835,0.5067822365533742,0.9994345307350159,0.9524052739143379,0.5083303593453911,0.9985274076461792,59.78135276864279,0
31,0.8963431063152503,0.28841486857050963,0.9990925192832947,0.9741397698720304,0.2978992788564594,0.996555507183075,0.9090548044159306,0.5066975951194768,0.9994357228279114,0.9521399991852905,0.5083355392728537,0.9985138177871704,59.78135276864279,0
32,0.8957936451548629,0.2886557465507873,0.9991147518157959,0.9737362748100652,0.2972040516989574,0.9965923428535461,0.9088234305381783,0.5065888819240392,0.9994383454322815,0.9519302731468571,0.5081720948219304,0.9985143542289734,59.78135276864279,0
33,0.895437351294927,0.28875484778767563,0.9991312026977539,0.9734206909225108,0.2963089063054042,0.9965747594833374,0.9086425417945506,0.5064411049797426,0.9994311332702637,0.9517615011760173,0.5078140610740303,0.9984796047210693,59.78135276864279,0
34,0.8952213497388938,0.2887552834692458,0.9991471767425537,0.9732231015250804,0.29553156239645845,0.996580958366394,0.9086217511267897,0.5063377590406513,0.9994317889213562,0.9515790428434108,0.5073939987591338,0.9984557032585144,59.78135276864279,0
35,0.8950067190896904,0.2887540913763503,0.9991439580917358,0.9730147719383248,0.29489545595078265,0.9964104294776917,0.9085991950262168,0.5062774788765684,0.9994201064109802,0.9513930706750786,0.5069937478928344,0.9983975291252136,59.78135276864279,0
36,0.8947870788120096,0.2887972394625348,0.9990972876548767,0.9728287061055509,0.29453052225567067,0.996144711971283,0.9085041880607613,0.5064952259971985,0.9993553757667542,0.9511760019120723,0.5068750126021253,0.9982350468635559,59.78135276864279,0
37,0.8945341904958096,0.2888521509511133,0.9990741014480591,0.9727002353895285,0.2943916562057679,0.9959427714347839,0.9083276589711515,0.5068964163462325,0.9993388056755066,0.9509642322858183,0.5070867169471018,0.9981824159622192,59.78135276864279,0
38,0.8942518007187624,0.2889892558256787,0.9990556240081787,0.9726050638017208,0.29439240268298583,0.9956557750701904,0.9080085271880748,0.507377215794155,0.9993274807929993,0.9506856628826694,0.5074535437992644,0.9981252551078796,59.78135276864279,0
39,0.8938939656530115,0.2891879848071509,0.999042272567749,0.9725452264149992,0.2944173756099885,0.995361328125,0.9076654911041266,0.5078213300023764,0.9993242025375366,0.950359985941933,0.5078387998399285,0.998094916343689,59.78135276864279,0
40,0.8935713200342095,0.289406892799196,0.9990466237068176,0.9724865924744387,0.29449039129983834,0.9952608942985535,0.9073323777743756,0.50801694393158,0.9993357062339783,0.949886137530918,0.5081005068052387,0.998106062412262,59.78135276864279,0
41,0.8932128435089481,0.28956768768174335,0.9990326762199402,0.9723764885039564,0.2944967647393547,0.9950305819511414,0.9071789979934699,0.5079173019954141,0.9993152618408203,0.9494652492659441,0.5081339904240203,0.9980376958847046,59.78135276864279,0
42,0.8929010970251908,0.2896714607874554,0.9990244507789612,0.9722432267098208,0.2944253683090212,0.9947971701622009,0.9071664015452074,0.50777204263778,0.9992997646331787,0.9491799048015057,0.5080859831401283,0.9979910254478455,59.78135276864279,0
43,0.8926731064206086,0.2896533523287094,0.999001681804657,0.9721306619190042,0.29427737991015135,0.9944391846656799,0.9072425961494452,0.5076315630049937,0.9992772340774536,0.9490447384970536,0.508042483102708,0.9978942275047302,59.78135276864279,0
44,0.8925149412382224,0.28958537748881774,0.9989548921585083,0.9720083815710893,0.29406183816137793,0.9940711855888367,0.9073180187316175,0.5074791056769239,0.9992585778236389,0.9489980198088155,0.5079966272626608,0.9978216290473938,59.78135276864279,0
45,0.8923443612598243,0.2894971909977143,0.9989434480667114,0.9718283358074378,0.29384100295248505,0.9939509034156799,0.9074046186038434,0.5075591320083259,0.999235212802887,0.9490407875606,0.5081000924110417,0.997760534286499,59.78135276864279,0
46,0.8922353273346317,0.289423438764754,0.9989118576049805,0.9716024994850166,0.2937141032446001,0.9938066005706787,0.9073921498798196,0.5079009561311636,0.9992198348045349,0.9489451334590012,0.5084192951520288,0.997723400592804,59.78135276864279,0
47,0.8921442684673134,0.2893960447538469,0.9988630414009094,0.971389830112458,0.29366789545331706,0.9936304092407227,0.9073817644800466,0.5084724908783327,0.9991928935050964,0.9488289583297012,0.5088864337830321,0.997667670249939,59.78135276864279,0
48,0.8920325012434103,0.28944084332102843,0.9987512826919556,0.9711242460069209,0.29366981699353195,0.9932129383087158,0.9073546159835096,0.5091173677217397,0.9991015195846558,0.9486898268972132,0.5094331531297598,0.9974724650382996,59.78135276864279,0
49,0.8919569594519486,0.28951788800103345,0.9986693263053894,0.9708892589523687,0.29356341702597505,0.9927197694778442,0.9073247114817309,0.5096299449602767,0.9990414381027222,0.9485689174561281,0.5097793823196779,0.9973039627075195,59.78135276864279,0
50,0.8918805945487257,0.28957671210879393,0.9984772205352783,0.9707071298644664,0.29336918819518343,0.9918155074119568,0.9072955364272715,0.5096376595043004,0.9988675713539124,0.9484958904130125,0.5096128015291127,0.996917724609375,59.78135276864279,0
51,0.8917920901661835,0.2896346307936171,0.9983528852462769,0.9706092618760617,0.2931501907961711,0.9909740686416626,0.9072956783430925,0.5093403912725907,0.9987626075744629,0.9485074792589467,0.5091606236639481,0.9966391921043396,59.78135276864279,0
52,0.8917119190806441,0.2897681281680155,0.9983072876930237,0.9705852298509515,0.29299544294675217,0.9905365705490112,0.9072506938661855,0.5090105193001888,0.9987251162528992,0.9485292122477584,0.5087128820873447,0.9965096116065979,59.78135276864279,0
53,0.891601673194341,0.29000790913899765,0.9982956051826477,0.9706206520398465,0.2929334243138634,0.9902986288070679,0.9071498825436554,0.5087190497489207,0.998738169670105,0.9485788998149698,0.5083632355644594,0.9965051412582397,59.78135276864279,0
54,0.8914755809874768,0.2903194214616505,0.9982844591140747,0.9706361520858046,0.2929427439258214,0.9901251196861267,0.9070202906926481,0.508473200457437,0.998755931854248,0.9486267282849274,0.5081941627320793,0.9965147376060486,59.78135276864279,0
55,0.891360175041926,0.29060659380186193,0.9983192682266235,0.9706556655111775,0.2929093043009442,0.9901394844055176,0.9068834157217124,0.5083158413569137,0.9987912774085999,0.9486705064773567,0.5080786801519852,0.9965674877166748,59.78135276864279,0
56,0.891278388954345,0.2908199770109996,0.9983376860618591,0.9706846191769563,0.29290304439408466,0.9902779459953308,0.9067594692820602,0.5081295285906114,0.998828649520874,0.9486800091607237,0.5079046431041903,0.9966428875923157,59.78135276864279,0
57,0.8912185998190024,0.2909525476750876,0.9983579516410828,0.97077363729477,0.29278294954981143,0.9901649355888367,0.9066879777681267,0.5079648154122494,0.9988571405410767,0.9487420632725678,0.5077054472196674,0.9966748356819153,59.78135276864279,0
58,0.8911800299371999,0.29104226543789846,0.9983658790588379,0.9709062916891924,0.2925677767821723,0.990031898021698,0.9066466603960317,0.5079673812502911,0.9988676309585571,0.9488609404790976,0.5076102586019611,0.9966543316841125,59.78135276864279,0
59,0.8911551208723166,0.2911158019588109,0.9982942342758179,0.9710389262153997,0.2923388211500079,0.9896490573883057,0.9066426044418705,0.5080807464463374,0.9988477230072021,0.9490157110350481,0.5076088706652327,0.99655681848526,59.78135276864279,0
60,0.8911488481930331,0.29116178552309696,0.9982173442840576,0.9711823860804247,0.2920897375969662,0.9894028902053833,0.9067133523169025,0.5081882874170943,0.9988001585006714,0.9492268420401082,0.5076468842370174,0.9964202642440796,59.78135276864279,0
61,0.8911371145929616,0.29116620194344317,0.998153805732727,0.9712871852375219,0.29190624327886694,0.989268958568573,0.9067988509223582,0.5082932795797079,0.9987601637840271,0.9494192458334431,0.5077011102721809,0.9963316321372986,59.78135276864279,0
62,0.8911011474473143,0.29118469783238027,0.9981427788734436,0.9713735126313716,0.29185899666377496,0.989254355430603,0.9068874887057721,0.5083585892404833,0.9987538456916809,0.949566378479913,0.5077579475584488,0.9963068962097168,59.78135276864279,0
63,0.8910424425488433,0.29123728615897065,0.9981515407562256,0.9714719284148451,0.2918113484269099,0.9893364310264587,0.9069769240560993,0.5084598859151208,0.9987687468528748,0.9497042156401142,0.5078314486004062,0.9963474869728088,59.78135276864279,0
64,0.8909789352189934,0.2913135843617578,0.9981626868247986,0.9715411663055428,0.29177991833005656,0.9895859360694885,0.9070880044074292,0.5086314422743665,0.998802661895752,0.9498508686111093,0.507948409943354,0.9964379072189331,59.78135276864279,0
65,0.890933431330182,0.29136275677453927,0.9981284141540527,0.9715943904150108,0.29179760246049813,0.9898396730422974,0.9072014462380189,0.5088247997420179,0.9988027215003967,0.9500075096175792,0.5080767415818718,0.996456503868103,59.78135276864279,0
66,0.8909098193759016,0.291391771464121,0.9981175661087036,0.9716495190347952,0.2917858106749401,0.990062952041626,0.9073079937980297,0.5089844834236875,0.9987966418266296,0.9501586584817803,0.5081725234077095,0.9964572191238403,59.78135276864279,0
67,0.890936854339782,0.29132517320769197,0.9981711506843567,0.9716850604329798,0.29177872623716106,0.9903882145881653,0.9073656712259572,0.5090926374707907,0.9988236427307129,0.9502519085293731,0.5082197955676492,0.9965285062789917,59.78135276864279,0
68,0.8909890708469216,0.29117946255774746,0.9981812834739685,0.9717267184030449,0.29174307982126896,0.9904940128326416,0.9073861156191152,0.5091069283939547,0.9988011717796326,0.9502927916390563,0.5082131709371298,0.9964818358421326,59.78135276864279,0
69,0.8911129633585619,0.29100365440050785,0.9981945157051086,0.9717680584816714,0.2916322009904046,0.9905079007148743,0.9074156284332283,0.5091234757786709,0.998771071434021,0.9502992998986024,0.5082017921266107,0.9963863492012024,59.78135276864279,0
70,0.891319686458225,0.2908471723397575,0.9981772899627686,0.971821606159211,0.29148132886205425,0.9902233481407166,0.9074550299417412,0.5091395718710767,0.9987258315086365,0.9503002592495516,0.5081829144841152,0.9962455630302429,59.78135276864279,0
71,0.891539130892073,0.2907697104272391,0.9981133341789246,0.9719155544326425,0.2913311833427068,0.9899234771728516,0.9074986917631974,0.5091591051646646,0.9986504316329956,0.9503161594981246,0.5081731847354348,0.9960898756980896,59.78135276864279,0
72,0.8917134971845725,0.2908611467906409,0.9980238080024719,0.9720251134463727,0.2912154964038306,0.9897080063819885,0.9075751247860144,0.5092334122884845,0.9985564947128296,0.9503395160039274,0.5082416591190161,0.9959359765052795,59.78135276864279,0
73,0.8918348522413351,0.2909995629673915,0.9979389309883118,0.9721147247723179,0.29117829317138333,0.9895979166030884,0.9076436332293927,0.509333880174728,0.99844890832901,0.9503458482878557,0.5083684892881488,0.995782732963562,59.78135276864279,0
74,0.8919184179533103,0.2911152399721602,0.9979294538497925,0.9721724618048903,0.29118104633830866,0.9896003007888794,0.9077175571804962,0.5093562801678979,0.9983845353126526,0.9503247056688588,0.5084793851489117,0.9956743121147156,59.78135276864279,0
75,0.8919914251282108,0.29124103273664226,0.9979219436645508,0.9722515656834565,0.29116967462358045,0.9896398782730103,0.9078150760559816,0.5094563421748937,0.9982961416244507,0.9503032110986263,0.5085707477160867,0.9955223798751831,59.78135276864279,0
76,0.8921304487046748,0.2913683496770407,0.9978848695755005,0.972408714748565,0.29117889631362215,0.9897036552429199,0.9079410348619741,0.5096915023667475,0.998193085193634,0.950291193666913,0.5086398436909634,0.9953712821006775,59.78135276864279,0
77,0.8922708744094492,0.29153568262145657,0.9978587031364441,0.9725999888919656,0.2912170901184993,0.9897916316986084,0.9081793285551532,0.5100560642424088,0.9981352090835571,0.9503069264548174,0.5087492210524427,0.9952988028526306,59.78135276864279,0
78,0.8923852642377224,0.29172597612653484,0.997850239276886,0.9727657465707695,0.291273640734809,0.989937424659729,0.9085037963730956,0.5104645121665232,0.9981222152709961,0.9503203630447395,0.5089306888126195,0.9953101873397827,59.78135276864279,0
79,0.8924559468314768,0.29186098916190034,0.997854471206665,0.9728797816094906,0.29132934553282624,0.9899762868881226,0.9088702542441239,0.5107957607223879,0.9980936050415039,0.9503222079504111,0.5091373154095246,0.9952796697616577,59.78135276864279,0
80,0.8925190312521806,0.2919095343067535,0.9978398084640503,0.9729631287711015,0.29134261324292166,0.9900211691856384,0.9092239680744361,0.51091175987607,0.9980195760726929,0.9503066000484293,0.5092825066475646,0.9951561689376831,59.78135276864279,0
81,0.8925219320115596,0.291926063242413,0.9978759288787842,0.9730635115078525,0.2913192567371189,0.9899947643280029,0.9094685628300629,0.5109395299639026,0.9979805946350098,0.9502781714711879,0.5093646787461784,0.9950706958770752,59.78135276864279,0
82,0.8926483421098625,0.29193488614899793,0.9978741407394409,0.9732463246300116,0.29127879653658206,0.9899980425834656,0.9095799979709451,0.5109414656956994,0.9978956580162048,0.9502646923065193,0.5093840161959334,0.9949374794960022,59.78135276864279,0
83,0.8928835874512089,0.29196085248674686,0.9978883862495422,0.9734667340914416,0.29122445413044545,0.9901066422462463,0.9096647756440306,0.5110033268020271,0.9978439211845398,0.9502949629511159,0.5094458744639446,0.9948453307151794,59.78135276864279,0
84,0.8931966083390379,0.2919987837473554,0.997868001461029,0.9737092057863879,0.2911671712284999,0.9901873469352722,0.9097348735446029,0.5110903580983484,0.9978262782096863,0.9503278845832469,0.5095381339391076,0.9948247075080872,59.78135276864279,0
85,0.893530502205804,0.2920203776586626,0.997900128364563,0.9739566445350654,0.2911223329248885,0.9903433322906494,0.9098285975910375,0.5111751300948011,0.9978327751159668,0.9503717308952703,0.509610303810665,0.9948427081108093,59.78135276864279,0
86,0.8938408493995674,0.29209294205620195,0.9979356527328491,0.9741788591657374,0.29107449310166517,0.9905577301979065,0.9099129523549768,0.5112068113826574,0.9978436231613159,0.950415370010195,0.509622761181423,0.9948522448539734,59.78135276864279,0
87,0.8940291745322098,0.29223833197639126,0.99798583984375,0.9743521837961113,0.2910429253464656,0.9907902479171753,0.9099827124958955,0.5112015122459053,0.9978936314582825,0.9505817010289155,0.5095747368676327,0.9949484467506409,59.78135276864279,0
88,0.8942045569419868,0.2924141287803652,0.9980075359344482,0.9745091483706527,0.2910241300151464,0.9909533858299255,0.9100429671151304,0.5111901873633979,0.9979657530784607,0.9508669915653418,0.5094987579754424,0.9950853586196899,59.78135276864279,0
89,0.8944164032027843,0.29256269761494247,0.9980064034461975,0.9746859300704238,0.29100906423160033,0.9910482168197632,0.9101343438738876,0.5112161267371409,0.9980102777481079,0.9512190705253971,0.5094612893604101,0.9951705932617188,59.78135276864279,0
90,0.8946167173839759,0.2926592855226428,0.9980146884918213,0.9749090274175016,0.2910078834919705,0.9911512136459351,0.9102481887454086,0.5112844024385729,0.9980562925338745,0.9515308737754828,0.5094808198156815,0.9952539205551147,59.78135276864279,0
91,0.8947873058773229,0.2926564571403324,0.9980654120445251,0.9751204309009378,0.2909870587644125,0.9913008213043213,0.9103445921625417,0.5113435274078737,0.9981103539466858,0.9517044992673973,0.5094901380084813,0.9953484535217285,59.78135276864279,0
92,0.8949559075491776,0.2926326096057894,0.9981235861778259,0.9753025770187386,0.2909549886272069,0.9914253950119019,0.9104063851492752,0.511342423302787,0.9981757998466492,0.9517520183608654,0.5094793637593591,0.9954586029052734,59.78135276864279,0
93,0.8951404123079216,0.29262521579152084,0.9982035160064697,0.9754693337849216,0.29089975782803146,0.9915083646774292,0.9104596035821104,0.5113265798205425,0.998250424861908,0.9518040929521842,0.5094580962544399,0.9955926537513733,59.78135276864279,0
94,0.8953428467114773,0.2925944810821899,0.9982849955558777,0.9756445742788777,0.2908201785314653,0.9916015267372131,0.9105169375737515,0.5112699355397909,0.9983278512954712,0.9518518277576999,0.5094395336650671,0.9957358241081238,59.78135276864279,0
95,0.8955802151135044,0.29251933807418484,0.9983541369438171,0.9758495830354245,0.2907391346636275,0.9916889071464539,0.9105788951828373,0.5111772276106339,0.9983859658241272,0.9518954498427262,0.5094153767540345,0.9958446621894836,59.78135276864279,0
96,0.8957881416593286,0.2924057302020847,0.9984200596809387,0.9760606771423711,0.2906821497849058,0.9917424917221069,0.9106293689636964,0.5110929466429215,0.99842369556427,0.9519480835823794,0.5094449576877416,0.9959169626235962,59.78135276864279,0
97,0.8959677616755174,0.292271157105764,0.9984833002090454,0.9762256911822736,0.2906362825915929,0.9917294383049011,0.9106598354521259,0.511022283917382,0.9984772801399231,0.9520104782921934,0.5094851709547501,0.9960271716117859,59.78135276864279,0
98,0.8961072961489367,0.29219109529540677,0.9985338449478149,0.9763180613517769,0.29064330458641074,0.9917194247245789,0.9106921695527583,0.5109999066307436,0.9985300302505493,0.9521407286326099,0.5095708285059252,0.9961330890655518,59.78135276864279,0
99,0.8962688020297467,0.29217301521982486,0.9985721707344055,0.9763787956464867,0.2906797230243685,0.9916774034500122,0.9107249606223341,0.51104101680574,0.998571515083313,0.9523132415044883,0.5096801036880134,0.9962127208709717,59.78135276864279,0
100,0.8964065455255061,0.292177573555992,0.9985201358795166,0.9764589553787603,0.2906914708160221,0.9913507103919983,0.9107428420157666,0.5110978001639961,0.9985590577125549,0.9524744294938595,0.509774818306878,0.9961978197097778,59.78135276864279,0
101,0.8964982004392722,0.29217384826569354,0.9985064268112183,0.976558725039165,0.2906503606410256,0.9911500811576843,0.9107453425725308,0.5111199816068017,0.9985554218292236,0.9526001129831594,0.5098040444510328,0.9961889982223511,59.78135276864279,0
102,0.8965573424384714,0.29215570432799226,0.9985020160675049,0.9766770005226143,0.2905698120594027,0.9909377098083496,0.9107496851966502,0.5110000059718182,0.9985462427139282,0.9527069926261909,0.5097294307890397,0.9961557388305664,59.78135276864279,0
103,0.8966044982274379,0.29207244231587387,0.9984860420227051,0.9767760038375862,0.29044387170246694,0.9905650615692139,0.91075143643788,0.5106141226632259,0.9985171556472778,0.9528048918360763,0.5094264774095448,0.9960790872573853,59.78135276864279,0
104,0.8966241904667454,0.29198543088776746,0.9984658360481262,0.9768261994634364,0.29033132536070705,0.9901494979858398,0.9107489869708114,0.5100564332235431,0.9984804391860962,0.9528909581048155,0.5089684895106729,0.9959844350814819,59.78135276864279,0
105,0.8966705373355327,0.2919083053157445,0.9984526038169861,0.9768876632054655,0.29026207044011093,0.9897018074989319,0.910770861875444,0.509480870905377,0.9984467625617981,0.9529542213394535,0.5085015978131979,0.995905876159668,59.78135276864279,0
106,0.8967094194321412,0.2918477370625453,0.9984351396560669,0.9769675135612497,0.2902207928044458,0.9891864061355591,0.910806826182775,0.5090752726509462,0.9983873963356018,0.9529830188978294,0.5081424798284262,0.9957678318023682,59.78135276864279,0
107,0.8967533650852392,0.29180469967070105,0.998417854309082,0.977051916576568,0.29020092600867886,0.9888131022453308,0.910841902097067,0.5089096540496467,0.9983142018318176,0.9529865838232503,0.5079689536775865,0.9956143498420715,59.78135276864279,0
108,0.8968146727198654,0.2917822826476326,0.9983317852020264,0.9771299589247938,0.2902019066470012,0.9884166717529297,0.9108754140990128,0.5088899163972768,0.9982149600982666,0.9529821787561696,0.5079388817151391,0.9954317808151245,59.78135276864279,0
109,0.8969371716181443,0.291715843336923,0.9983488917350769,0.9771655287061427,0.29018547989073273,0.9882409572601318,0.910917540391287,0.5089107354482019,0.9981959462165833,0.9529785343578892,0.5079509133384346,0.9953874945640564,59.78135276864279,0
110,0.8970938920974738,0.2916605869928998,0.998350203037262,0.977165639400483,0.29017534852027915,0.9881270527839661,0.9109502207665223,0.5090886553128564,0.9981628060340881,0.9529814209256862,0.5080314619200574,0.9953150153160095,59.78135276864279,0
111,0.8973550512677155,0.29162570976075697,0.9983618259429932,0.9771819313367216,0.2901857282434193,0.9880362153053284,0.911063336190724,0.5093624194463098,0.9981430768966675,0.9529951243173516,0.5081908277102883,0.9952824115753174,59.78135276864279,0
112,0.8976613623755326,0.29162626748993303,0.9983635544776917,0.9772164395877301,0.2901749951498851,0.9880266785621643,0.911260338056656,0.5096850537118461,0.9981443881988525,0.9530282332783662,0.508391658465068,0.9952948689460754,59.78135276864279,0
113,0.8979458468300963,0.2916361505077001,0.9983732104301453,0.9772877040363501,0.29009904180254276,0.9880656599998474,0.911508276349023,0.5099468231201176,0.9981101155281067,0.9530852664084669,0.508579878580003,0.9952503442764282,59.78135276864279,0
114,0.8981686887286966,0.2916469063077657,0.9983611702919006,0.9773887168793459,0.289944553659076,0.9880862236022949,0.9117511056718379,0.5100642158871609,0.9980660080909729,0.9531567806289317,0.508738810107822,0.9952011704444885,59.78135276864279,0
115,0.898326394103823,0.29164193783487613,0.9983993768692017,0.9774905159359895,0.28976267150470214,0.9883330464363098,0.9119579763639548,0.5100704090935847,0.9980971217155457,0.9532321322531935,0.5088642069271636,0.9952929019927979,59.78135276864279,0
116,0.8983842276391536,0.2916484389986313,0.9983741044998169,0.9775743541263406,0.2895509501298271,0.988444983959198,0.9120973717598695,0.5101414209320436,0.9980946183204651,0.9533259329341713,0.509030109360105,0.9953190684318542,59.78135276864279,0
117,0.8984453848430096,0.29164886474609397,0.998348593711853,0.9776547238940292,0.2893667675199965,0.9884828925132751,0.9122032920519518,0.5102599972770332,0.9980820417404175,0.9534259637196866,0.5092140606471475,0.9953093528747559,59.78135276864279,0
118,0.8985118099621371,0.2916509551661357,0.9982346892356873,0.9777271265075329,0.28922053603898934,0.9884503483772278,0.9122924662771688,0.5104178474062969,0.9980205297470093,0.9535378870509927,0.509391151723408,0.995231032371521,59.78135276864279,0
119,0.8985622809046798,0.29163739227113294,0.9982166290283203,0.9777927086466842,0.2891108493010205,0.9884875416755676,0.9123681897208811,0.5105600697653638,0.9980251789093018,0.9536589298929494,0.509522120157878,0.9952483177185059,59.78135276864279,0
120,0.8986071944236762,0.2916182733717421,0.9981411695480347,0.9778407301221583,0.289046420937493,0.9885119795799255,0.912414851642791,0.5106484237171358,0.99803227186203,0.9537740094321122,0.5096070879981636,0.9952760338783264,59.78135276864279,0
121,0.8986363496099207,0.2916026824996587,0.9980496168136597,0.97786151227497,0.2890456829752243,0.9884362816810608,0.9124825540043067,0.5106987271990099,0.9980161190032959,0.9538831114768989,0.5096593215352017,0.995255172252655,59.78135276864279,0
122,0.8986414869626371,0.2915995972497125,0.997972309589386,0.9778646315847133,0.28904428084691386,0.988341212272644,0.9125514058839714,0.5107253279004782,0.9980092644691467,0.9539637253397995,0.5097038887795952,0.9952524900436401,59.78135276864279,0
123,0.8986420830090848,0.2916012392157602,0.9979322552680969,0.977875334875925,0.28904395727884225,0.9882775545120239,0.9126139425096066,0.5107595948945913,0.9980157017707825,0.9540275505610882,0.5097501788820543,0.9952739477157593,59.78135276864279,0
124,0.8986407518386849,0.29160509506861393,0.9979154467582703,0.9778924016725457,0.28903600573539756,0.9883336424827576,0.9127133006141306,0.510788982822782,0.9980232119560242,0.9540838599205025,0.5097891290982568,0.9953064918518066,59.78135276864279,0
125,0.8986496527989712,0.2916059025696348,0.997893214225769,0.9779252892448796,0.2890205979347231,0.9882006049156189,0.9128479248001469,0.5108072729337787,0.9980248212814331,0.9541373820531943,0.5098212049120953,0.9953197240829468,59.78135276864279,0
126,0.8986767615590784,0.2915985513301125,0.9979130029678345,0.9779583811759958,0.2890088217599054,0.9881964921951294,0.9130150250026166,0.5108016275224235,0.9980375170707703,0.9541922410329191,0.509813907600585,0.9953484535217285,59.78135276864279,0
127,0.8987307633672449,0.2915832982176828,0.9978728294372559,0.9779916434060967,0.28903668125470505,0.9880122542381287,0.9132211265109842,0.5107959111531579,0.9980120658874512,0.954259951909384,0.5097977888016478,0.9953004717826843,59.78135276864279,0
128,0.8987995840254291,0.2915797347114202,0.9978472590446472,0.9780197030022039,0.2891036939053311,0.9877814650535583,0.9133982885451551,0.5108006057285132,0.9979771375656128,0.9543297461100995,0.5097745429901854,0.9952183961868286,59.78135276864279,0
129,0.8989397826648902,0.29157850430125304,0.997835636138916,0.9780404766400663,0.2891888802959808,0.9877060651779175,0.9135445526668011,0.5108191739945189,0.997962236404419,0.9544095595677701,0.5097635331608005,0.9951749444007874,59.78135276864279,0
130,0.8991231606120162,0.29159104824066184,0.997748076915741,0.9780522329466692,0.289262367146356,0.9875052571296692,0.9136727111680174,0.510840007237026,0.9979031682014465,0.9544768276668738,0.5097605103538154,0.9950480461120605,59.78135276864279,0
131,0.8993117922828318,0.29161991533778986,0.9977433681488037,0.9780634953862153,0.2892940924281168,0.9873917102813721,0.9137654190971746,0.5108643174171452,0.9978676438331604,0.954520952133906,0.5097949107488,0.9949862957000732,59.78135276864279,0
132,0.8994642552875345,0.2916322889782136,0.9975907802581787,0.9780666743006032,0.28928879612968106,0.9871025681495667,0.9138285063561947,0.5108696506136944,0.9977405667304993,0.9545427674338939,0.5098169559524177,0.9947882890701294,59.78135276864279,0
133,0.8995742173421958,0.291617335308166,0.9974572062492371,0.9780837694803881,0.28928310530526324,0.9869829416275024,0.9138603494280868,0.5108772998764406,0.9976333975791931,0.9545585030601147,0.5098732198987692,0.994631290435791,59.78135276864279,0
134,0.8996255653245115,0.2915978701341722,0.9974064826965332,0.9781107533545729,0.28928076369421846,0.9869639277458191,0.913874064173018,0.5109005144664224,0.9975690245628357,0.9546053324426931,0.5099379477046789,0.9945273995399475,59.78135276864279,0
135,0.899684531348093,0.2915581862131757,0.9974003434181213,0.9781323983555755,0.2892745193980991,0.9869168400764465,0.9139566960788915,0.5109589695930485,0.9975358843803406,0.9546783651624414,0.510037978490194,0.9944647550582886,59.78135276864279,0
136,0.8997362511498594,0.29152677456537907,0.9974003434181213,0.9781701621555154,0.28929504894074964,0.9868409037590027,0.9141295523870566,0.5111124969664078,0.9974911212921143,0.9547807659421657,0.5101729830106103,0.9943821430206299,59.78135276864279,0
137,0.8997678274200083,0.2915073803492957,0.9974696040153503,0.9782130604698551,0.28932510813077317,0.9868105053901672,0.9143476684888211,0.5113053946267995,0.9974652528762817,0.9548929106621523,0.5103154863630026,0.9943612813949585,59.78135276864279,0
138,0.8997785136813217,0.2914848072188243,0.9974127411842346,0.9782477787562788,0.2893568092868444,0.9866260886192322,0.9145755625906451,0.5114708486057468,0.9973688721656799,0.954995771249136,0.5104094573429657,0.9941996932029724,59.78135276864279,0
139,0.8997826491083425,0.2914763391017916,0.997424304485321,0.9782882105736513,0.28938921008791263,0.9865804314613342,0.9147512345086968,0.5115859026000618,0.9973361492156982,0.9550813550040843,0.5104702853021172,0.9941223859786987,59.78135276864279,0
140,0.8997931849388856,0.29148068172591096,0.9974539875984192,0.9783241890725644,0.28941037683259896,0.9865107536315918,0.9148350272859853,0.51160364491599,0.9973174929618835,0.9551434119542448,0.510458037966774,0.9940609931945801,59.78135276864279,0
141,0.8998096216292615,0.29148297934305123,0.9974539279937744,0.9783356814157402,0.2894136834712258,0.9865758419036865,0.91487132935297,0.5115648337772918,0.9973266124725342,0.9551800744874145,0.5104313606307624,0.9940429925918579,59.78135276864279,0
142,0.8998374257768911,0.2914836080301378,0.9974778890609741,0.978357278165364,0.2894195119539899,0.986531138420105,0.9148879391806474,0.5115480053992503,0.9973388910293579,0.9552166774159394,0.510377665360769,0.9940177798271179,59.78135276864279,0
143,0.8998674069132131,0.291469854967935,0.9974484443664551,0.9783939236686351,0.28942632533255097,0.9863969087600708,0.914888472784134,0.5115441963786175,0.9973289966583252,0.9552542510486792,0.5103121513412117,0.9939563274383545,59.78135276864279,0
144,0.8998908570834575,0.29142645143327284,0.9974744319915771,0.978440877937136,0.2894243101278943,0.9864447116851807,0.9148914757229041,0.5115349519820445,0.9973384737968445,0.9552908426239384,0.5101994701794219,0.9939419627189636,59.78135276864279,0
145,0.8998968147096187,0.29138088793981665,0.997490406036377,0.9784860554195594,0.289421054578963,0.9865036010742188,0.914913319406056,0.5115061884834657,0.997378408908844,0.955340992836726,0.5100316575595315,0.9939852356910706,59.78135276864279,0
146,0.8998942602248426,0.29134007294972764,0.9975442290306091,0.9785486601647884,0.2894112098784676,0.9867655634880066,0.914956782545363,0.5113732899938315,0.9974387288093567,0.95539429925737,0.5097915388288956,0.99409419298172,59.78135276864279,0
147,0.8998817205429085,0.2913103075254534,0.9975765943527222,0.9786089630354027,0.28939737592424686,0.9870673418045044,0.9150111533346637,0.5111930029732845,0.9974938035011292,0.95546366203399,0.5095556974411015,0.9942021369934082,59.78135276864279,0
148,0.8998702111698339,0.2913002073764803,0.9976508617401123,0.9786901615914851,0.28938762488819325,0.9873362183570862,0.9150621238208959,0.5110104878743493,0.9975624084472656,0.9555348640396489,0.5093446629387995,0.9943251609802246,59.78135276864279,0
149,0.8998624568893804,0.29130483525139966,0.9977045059204102,0.978793538752057,0.28939156021390666,0.9876517653465271,0.9150968194007881,0.5108999382881896,0.9976212382316589,0.9556028559094392,0.5092385496412009,0.9944239258766174,59.78135276864279,0
150,0.8998610888208669,0.2913046081860863,0.9977436065673828,0.9788904417128798,0.2893958900656021,0.9879846572875977,0.9151134888331103,0.5108703460012167,0.9976739883422852,0.9556640556880414,0.5091932501111716,0.9945226311683655,59.78135276864279,0
151,0.8998626669247953,0.291307927597137,0.9977691769599915,0.9789488145283298,0.2894023883910408,0.9882663488388062,0.9151312056041907,0.5109247423353653,0.9977218508720398,0.9557234673273003,0.509193130901882,0.9946202039718628,59.78135276864279,0
152,0.8998622184708012,0.2912802384013224,0.9977961778640747,0.9789835186231711,0.2894098531632199,0.9884132742881775,0.915150926226662,0.5109567613828754,0.997768759727478,0.9557721359389176,0.5091811673981806,0.9947002530097961,59.78135276864279,0
153,0.899859031041464,0.291206227881568,0.9978431463241577,0.9789895443689263,0.28939787262962,0.9886071681976318,0.915163355214256,0.5109736209823976,0.9978275299072266,0.9558261491003499,0.509153817381178,0.99480801820755,59.78135276864279,0
154,0.8998511121386581,0.2910927406379157,0.9979103207588196,0.9789934470540009,0.2893621935730891,0.988824188709259,0.9151607836995812,0.5109510705584576,0.9978867173194885,0.9558626186280031,0.5091064373652144,0.9949234127998352,59.78135276864279,0
155,0.8998424212137867,0.29093457403637135,0.9979629516601562,0.9790017519678396,0.2893143665222897,0.9890583157539368,0.9151512781778979,0.5109147174017774,0.9979433417320251,0.9558865796952029,0.5090607149260389,0.9950382709503174,59.78135276864279,0
156,0.8998363273484373,0.29078373171034333,0.9980200529098511,0.9790080047789083,0.28927109496934095,0.9892942905426025,0.9151459421430324,0.5108841345423748,0.9979979395866394,0.955913824694498,0.509016695476714,0.9951618909835815,59.78135276864279,0
157,0.8998336593310046,0.2906668455827806,0.9980820417404175,0.979013539495923,0.2892254193623863,0.9894339442253113,0.9151393061592473,0.5108677319117958,0.9980430603027344,0.9559418956438709,0.5089783554985414,0.9952565431594849,59.78135276864279,0
158,0.8998324842680075,0.2905900109381905,0.9981192946434021,0.979017913341523,0.2892350384167265,0.989567220211029,0.9151091831071043,0.5108620552789601,0.9980692863464355,0.9559629559516915,0.508952705633073,0.9953166246414185,59.78135276864279,0
159,0.8998352913629448,0.2905485388778507,0.9981709122657776,0.9790198916480662,0.2892801775818782,0.9897858500480652,0.915063883577075,0.5108473130634856,0.9981077909469604,0.9559818165642883,0.5089217566308525,0.9954044818878174,59.78135276864279,0
160,0.8998362535522104,0.29053630005745684,0.998208224773407,0.9790219692956841,0.2893378280457998,0.9899505972862244,0.9150176701091592,0.5108116183962146,0.9981372356414795,0.9559905216807418,0.5088882503055395,0.9954668879508972,59.78135276864279,0
161,0.8998351239022763,0.2905181944370272,0.9982870221138,0.9790249324980244,0.28941692057110036,0.9901215434074402,0.9149852764038819,0.5107550819714868,0.9981725215911865,0.9559940979594284,0.5088667103222442,0.9955218434333801,59.78135276864279,0
162,0.8998425716445566,0.2905085838976363,0.9983539581298828,0.9790274075099408,0.2895114989507769,0.9903060793876648,0.9149755182720374,0.5107072676931113,0.9982106685638428,0.9560018635931476,0.508858042103904,0.9955992102622986,59.78135276864279,0
163,0.899866495813643,0.2904918619564604,0.9984228014945984,0.9790347417195646,0.2895885705947878,0.9903958439826965,0.9149878990082521,0.5106399201211479,0.998251736164093,0.9560148261842281,0.5088475147883101,0.9956598281860352,59.78135276864279,0
164,0.8998929318927591,0.29049647847811405,0.9984463453292847,0.97904639300846,0.28968603270394483,0.9903774857521057,0.9149929795946401,0.5106056162289215,0.9982649683952332,0.956032506057195,0.508846345401946,0.9956625699996948,59.78135276864279,0
165,0.8999239092781438,0.2905013632206692,0.9984725713729858,0.9790990352630623,0.289769734655108,0.9903421401977539,0.9149859462465566,0.5105887566293993,0.9982655644416809,0.9560512559754515,0.5088625152905786,0.9956358671188354,59.78135276864279,0
166,0.8999675569080178,0.2905273948396957,0.9984626770019531,0.9791806936264046,0.2898184628713701,0.9902205467224121,0.9150033139047177,0.5104307958057952,0.9982185363769531,0.9560671079726454,0.5088063279787705,0.9955349564552307,59.78135276864279,0
167,0.9000121780804232,0.2905614163194386,0.9984565377235413,0.9792694648106901,0.2898488456294652,0.9900782108306885,0.9150439500808722,0.5101521071933569,0.9981789588928223,0.9560775841985438,0.5086802528018047,0.9954491853713989,59.78135276864279,0
168,0.9000567254566019,0.2905919935022084,0.9984217286109924,0.9793419582503191,0.28986515885307695,0.9898618459701538,0.9151026209195462,0.5098543848310202,0.9980884194374084,0.956081327937899,0.5085285646574842,0.9952520728111267,59.78135276864279,0
169,0.9000994137355267,0.29061321985153943,0.9983887672424316,0.9793885917890647,0.2898721794287366,0.989679217338562,0.9151693866366439,0.5096033130373278,0.9980425834655762,0.9560832835379108,0.508394973618644,0.9951351881027222,59.78135276864279,0
170,0.9001185042517533,0.2906697207973119,0.9983630776405334,0.9793942003023065,0.2898753413132261,0.9894306063652039,0.9152176124709,0.5094936461675739,0.9980127811431885,0.9560856365022213,0.5083206068901793,0.9950286746025085,59.78135276864279,0
171,0.9001183084079205,0.2907369193576633,0.9983821511268616,0.9793906467301513,0.2898989930039363,0.9893547296524048,0.9152302827153895,0.509535806519645,0.9980085492134094,0.9560877879460661,0.5083401174772357,0.9949859976768494,59.78135276864279,0
172,0.9001179082053056,0.290815516596749,0.9984068274497986,0.9793685844966351,0.28993384043375675,0.9893075227737427,0.9152402934573953,0.5095609227816268,0.9980096817016602,0.9560907653399884,0.5083551009496057,0.9949696660041809,59.78135276864279,0
173,0.9001142609687085,0.2908892631530764,0.9984433650970459,0.9793308065051133,0.29000005125999473,0.9893112778663635,0.9152366008077356,0.5095811543010533,0.9980155825614929,0.956086354596275,0.5083770837102621,0.9949572682380676,59.78135276864279,0
174,0.9001089873768042,0.2909342845280968,0.9984845519065857,0.9792788284165526,0.2900745414552237,0.9892711639404297,0.9152187080610374,0.5096099745659606,0.9980409145355225,0.956068864890508,0.5084109221185961,0.9949856400489807,59.78135276864279,0
175,0.9001080450557535,0.2909446912152429,0.9985523223876953,0.9792333529109054,0.290138227599008,0.9893618822097778,0.9151929162797481,0.5096278644743424,0.9980918765068054,0.9560404533431652,0.5084419449170434,0.9950772523880005,59.78135276864279,0
176,0.9001070942197535,0.2909665462516605,0.9986199140548706,0.9791686960629062,0.2901653051376345,0.9894165992736816,0.9151661254110798,0.5096167269207186,0.9981470108032227,0.9560121070770997,0.5084368927138196,0.995163083076477,59.78135276864279,0
177,0.9000967372031445,0.2909896487281438,0.998677134513855,0.9790868617239461,0.2901678241434554,0.9894664883613586,0.915143827597301,0.5095361527942479,0.9981827735900879,0.9559954887344732,0.5083785596347995,0.9952225089073181,59.78135276864279,0
178,0.9000828464825955,0.29101168683597045,0.9987266063690186,0.978986981369201,0.2901820625577657,0.98959881067276,0.915136206717719,0.5094155896277659,0.9982202053070068,0.9559933713504254,0.5082881138438274,0.9953004717826843,59.78135276864279,0
179,0.9000391534396588,0.29103209858848955,0.9987686276435852,0.9788822418167485,0.29022338134901887,0.9897645115852356,0.9151366182735995,0.5093144036474686,0.9982612133026123,0.956001247678485,0.5082164860907059,0.9953679442405701,59.78135276864279,0
180,0.8999786604018445,0.2910532809439162,0.9987878799438477,0.9787830085981467,0.29026993541490487,0.9898488521575928,0.9151482440176472,0.5092623290561499,0.9982730746269226,0.9560075288727177,0.5081977986154106,0.9953867197036743,59.78135276864279,0
181,0.8999006322452008,0.29107979081925917,0.9988040924072266,0.9787100638662073,0.29032231086776394,0.9899763464927673,0.9151704538436172,0.5091715682120554,0.9983038306236267,0.9560191461018162,0.5081355628513158,0.9954447746276855,59.78135276864279,0
182,0.8998221868560434,0.2911510637828284,0.9987953305244446,0.9786192320642024,0.29038136345999604,0.9900319576263428,0.9151997764905301,0.5090013941129052,0.9983013272285461,0.9560297983033325,0.5079764070964998,0.9954476952552795,59.78135276864279,0
183,0.8997812753631962,0.29123677951949006,0.9988071322441101,0.9785237170401082,0.29042097926139854,0.9901153445243835,0.9152232096308761,0.5084995627403264,0.998325765132904,0.9559596095766347,0.5075386223338904,0.9954943060874939,59.78135276864279,0
184,0.899783943380629,0.29131403423491,0.998789370059967,0.9784179244722647,0.29047034609885464,0.9902571439743042,0.9152349716141117,0.5078795665786384,0.9983072876930237,0.9558390974998482,0.5070051267033535,0.9954748153686523,59.78135276864279,0
185,0.8998020603543244,0.29135389129320804,0.9987980127334595,0.9783333795411254,0.29050383539426916,0.9904122352600098,0.9152392092205237,0.5073293447494511,0.998306930065155,0.955721557140351,0.5065418339910965,0.9954820871353149,59.78135276864279,0
186,0.8998264670372016,0.2914371717543831,0.998765766620636,0.9782749641509291,0.2905283868312838,0.9904870390892029,0.9152342024303625,0.5069940430777418,0.9982508420944214,0.9556356725238626,0.506283059006646,0.9954128861427307,59.78135276864279,0
187,0.8998248151370465,0.2915783098765784,0.998725950717926,0.9782508923893891,0.29055703112057296,0.9904699921607971,0.915315542902266,0.506863994257791,0.9982061982154846,0.9556539456049609,0.5062155439740139,0.9953616261482239,59.78135276864279,0
188,0.8998508141154342,0.2917808351062595,0.9986581206321716,0.9782279162179864,0.290595108554477,0.9903742671012878,0.9154858617555535,0.5069047581581846,0.9981646537780762,0.9557671064422251,0.5062895928110399,0.995293140411377,59.78135276864279,0
189,0.8999291800317317,0.29198183048339144,0.9986180067062378,0.9782185299055925,0.29067899641536554,0.9904047846794128,0.9156958829788943,0.5068751743861611,0.9981802105903625,0.9559046796389996,0.5063301892507648,0.9953254461288452,59.78135276864279,0
190,0.9000989709581655,0.29212653636932395,0.9985475540161133,0.9782337319283266,0.2907828021617165,0.9901159405708313,0.9159105533645274,0.5068543979099823,0.9981153011322021,0.956042116596586,0.5063932935396834,0.9951580762863159,59.78135276864279,0
191,0.9003540447780072,0.2921680666151503,0.9985203146934509,0.9782689554350725,0.29088322463489735,0.9901396632194519,0.9160926285244178,0.5068395024254213,0.9981280565261841,0.9561548573630204,0.5064654009682796,0.9951682090759277,59.78135276864279,0
192,0.9006424063727977,0.29212621847788517,0.9985089302062988,0.9783168747311555,0.29093434839021615,0.9901946783065796,0.9161802274840225,0.5068231423695886,0.998115599155426,0.9562033414840706,0.5065174102783208,0.9951432347297668,59.78135276864279,0
193,0.9008740215074456,0.29201910325459096,0.998490035533905,0.9783634117671429,0.2909324169158938,0.9903693199157715,0.91624231849398,0.50681103411175,0.9981133937835693,0.9562252788316643,0.5065554380416875,0.9951417446136475,59.78135276864279,0
194,0.9010276170003989,0.2918930011136194,0.9984802603721619,0.9783840179443367,0.2908714214960736,0.9903634190559387,0.9162791484878183,0.5068051559584485,0.9980997443199158,0.9562622393880579,0.5065518958227979,0.9951053857803345,59.78135276864279,0
195,0.9010718578384043,0.29176519882111346,0.9985185265541077,0.9784248159045272,0.2908238640853339,0.9904441833496094,0.9162649512290962,0.506830005418687,0.9981456995010376,0.9563414028712689,0.5065709948539737,0.9951792359352112,59.78135276864279,0
196,0.901078593163264,0.2916522380851566,0.9985279440879822,0.9784742508615774,0.2907812652133762,0.9905325770378113,0.9162198361896341,0.5068392583302093,0.9981889724731445,0.9563990519160324,0.5065503631319322,0.9952458739280701,59.78135276864279,0
197,0.9010608309791209,0.2915834089120231,0.998538076877594,0.9785254398981739,0.2908097746826356,0.9907388091087341,0.9161421912057067,0.5068474099749614,0.99824059009552,0.9564268901234589,0.5065472920735681,0.9953606724739075,59.78135276864279,0
198,0.9010451492809122,0.29150948779923597,0.9985641241073608,0.9785801058723821,0.29085073584602017,0.9910076260566711,0.9160465853554869,0.5068288360323229,0.9982883930206299,0.9564106861750292,0.5065517312004456,0.9954788088798523,59.78135276864279,0
199,0.9010200670787274,0.2914464530490696,0.9986580610275269,0.9786503825868886,0.2909131773880552,0.991759181022644,0.9159524809746522,0.506831804911296,0.9984027147293091,0.9563736716906237,0.5065892111687437,0.9957774877548218,59.78135276864279,0
200,0.9009910935447337,0.2913667545432138,0.9987472295761108,0.9787977536519377,0.2910073825291227,0.9924686551094055,0.9158960580825813,0.5068509266490032,0.9985060095787048,0.9563601754960568,0.506684345858438,0.9960489273071289,59.78135276864279,0
201,0.9009695620763877,0.29122224592027235,0.9988346099853516,0.9790559325899404,0.2911306037789302,0.9931312799453735,0.9158556205885758,0.5069134973344352,0.9986056685447693,0.9563713641393761,0.5068631484394985,0.9963077306747437,59.78135276864279,0
202,0.9009689575149906,0.2910506455671222,0.9989252686500549,0.9793415835925519,0.2912839111827671,0.993765115737915,0.9158318667184746,0.5069720234189719,0.9987055659294128,0.9563720822334297,0.5070540592783978,0.9965745210647583,59.78135276864279,0
203,0.9009655373437071,0.29086011222430663,0.9990054368972778,0.9795965921311158,0.29153432874452523,0.9943224787712097,0.915805229118893,0.5070366206623262,0.9987980723381042,0.9563633033207493,0.5072973682766873,0.996817409992218,59.78135276864279,0
204,0.9009692498615818,0.2906416654586794,0.9990714192390442,0.9797635248729168,0.291800243513925,0.9948011636734009,0.9157863628296633,0.5070765273911617,0.9988740682601929,0.9563474882216688,0.5075457209632515,0.9970167279243469,59.78135276864279,0
205,0.900972593398322,0.29041202153478374,0.9991335868835449,0.979836875484104,0.2920323085217251,0.9952476620674133,0.915788045951299,0.5071047629628866,0.9989423155784607,0.9563327346529287,0.5077706575393681,0.9972031116485596,59.78135276864279,0
206,0.9009818690163756,0.2901945525691625,0.9991872906684875,0.9798762911841992,0.2922072211901349,0.995644748210907,0.9158499695005878,0.5071359532220028,0.9990034103393555,0.9563269132659556,0.5079616790726076,0.9973671436309814,59.78135276864279,0
207,0.9009970029195157,0.2900086854185379,0.9992339015007019,0.9798959436870764,0.29229869728996666,0.9960126280784607,0.9159339779899242,0.5071794277145752,0.9990605711936951,0.9563333363760094,0.5080920287540984,0.9975324869155884,59.78135276864279,0
208,0.901019766217187,0.28990849852561973,0.999270498752594,0.9798846557026826,0.29232602460043794,0.9963467121124268,0.9160201719829022,0.5073159053212124,0.9990983009338379,0.956313161622911,0.5081976935977032,0.9976635575294495,59.78135276864279,0
209,0.901010609808423,0.2898739051251187,0.9992967844009399,0.9798466733523785,0.29233666686784676,0.9966428279876709,0.9160754311652417,0.5075112183888757,0.9991198778152466,0.9562673313277117,0.5082976988383706,0.9977687001228333,59.78135276864279,0
210,0.9009890357653306,0.28988414435159615,0.9993158578872681,0.979791082087018,0.29233817259470646,0.9968903660774231,0.9160776564053134,0.507689564000993,0.9991430044174194,0.9562128839038675,0.5083835806165427,0.9978576898574829,59.78135276864279,0
211,0.9009465149470746,0.2899221125103181,0.9993454217910767,0.9797346222968336,0.2923409456298467,0.9971035122871399,0.916031840301696,0.5077973774501259,0.9991837739944458,0.9561699628829963,0.5084509452184045,0.9979646801948547,59.78135276864279,0
212,0.9008931829815826,0.28998644011361285,0.9993687868118286,0.9796925357409894,0.2923502751759123,0.9972695708274841,0.9159710066659118,0.5078293794677375,0.9992132186889648,0.9561481248764772,0.5084829727808639,0.9980435371398926,59.78135276864279,0
213,0.900847188064031,0.2900437428837733,0.9993960857391357,0.979671518007915,0.29235116214979284,0.9974523186683655,0.9159055011613036,0.5077922798338395,0.9992468953132629,0.9561663638977784,0.5084734360376998,0.9981330037117004,59.78135276864279,0
214,0.9008189751988372,0.29007733152026244,0.9994170069694519,0.9796609481175749,0.2923674327986583,0.9975970983505249,0.9158373673756925,0.5078001845450633,0.9992788434028625,0.9561954339345304,0.5084820276214967,0.9982123374938965,59.78135276864279,0
215,0.9007801243237095,0.2900912137258623,0.9994370341300964,0.9796670959109359,0.292400889453434,0.9977299571037292,0.9157656118983322,0.5077524724460788,0.9993076324462891,0.9562323292096464,0.5084673563639326,0.9982790946960449,59.78135276864279,0
216,0.9007604746591484,0.2900905240149727,0.9994438886642456,0.9796809894698014,0.29245040104502745,0.9977896809577942,0.9156814245950615,0.507581832863036,0.9993260502815247,0.9562620662507565,0.5084348633175808,0.9983085989952087,59.78135276864279,0
217,0.9007432205336442,0.2900954385598503,0.9994511604309082,0.9797001651355206,0.29256187450318133,0.997864305973053,0.9155744115511584,0.5073405078479226,0.9993395805358887,0.9562810489109592,0.5084014903931395,0.9983362555503845,59.78135276864279,0
218,0.9007148827825281,0.2901059162049069,0.9994571208953857,0.9797196445010965,0.2927216475918182,0.9979156851768494,0.9154588523365209,0.5069885906719029,0.9993468523025513,0.9562761670067205,0.5083564661798028,0.9983453750610352,59.78135276864279,0
219,0.900665433633896,0.29009304302079364,0.9994682669639587,0.9797363309633171,0.29288282848539826,0.9979743361473083,0.9153683043661579,0.5066751582281934,0.9993558526039124,0.9562715859640221,0.5083329053152179,0.9983557462692261,59.78135276864279,0
220,0.9005804828235088,0.2900859642596474,0.9994761943817139,0.9797460039456694,0.29302080046562945,0.9980053901672363,0.9153043599355796,0.5064690538815093,0.9993616342544556,0.9562648846989594,0.508342095783779,0.9983593821525574,59.78135276864279,0
221,0.9004467413538986,0.2900683099315282,0.9994873404502869,0.9797547743434005,0.29309266805648826,0.9980413317680359,0.9152529466719862,0.5063478265489855,0.9993717670440674,0.9562528360457656,0.5083490411440535,0.9983685612678528,59.78135276864279,0
222,0.90029906091236,0.2899328512804851,0.9994891881942749,0.9797614784467795,0.2930950394698554,0.9980534315109253,0.9151622000194739,0.5062733292579655,0.9993744492530823,0.9562068439665302,0.5083586630367101,0.9983701109886169,59.78135276864279,0
223,0.9001561914171499,0.2897495244230545,0.9994959235191345,0.9797658863521765,0.29321178510075546,0.9981023073196411,0.9150300934201203,0.5062707577432909,0.9993825554847717,0.9561452411469967,0.5083767147291278,0.9983960390090942,59.78135276864279,0
224,0.9000339479673484,0.2895484197707406,0.9994997382164001,0.9797708392143257,0.293441944179081,0.9981222748756409,0.9148357226735077,0.5062329854284018,0.9993883967399597,0.956070942538126,0.5083807678449725,0.9984076023101807,59.78135276864279,0
225,0.8999035500344783,0.28932834381148953,0.9995103478431702,0.9797763029734301,0.29385656118392967,0.9981799125671387,0.9146459897359219,0.5062601963679,0.9993998408317566,0.9560116274016252,0.508409630684626,0.9984362721443176,59.78135276864279,0
226,0.8997823596000679,0.28916992459978397,0.9995183348655701,0.979769414379484,0.294294629778181,0.9982153177261353,0.9145000264758164,0.506231350558145,0.999407172203064,0.955929480847859,0.5084101046834677,0.9984550476074219,59.78135276864279,0
227,0.8996642969903499,0.28906200187546893,0.9995297789573669,0.9797392884890246,0.2946165402730308,0.9982452392578125,0.9143965017227906,0.5061303774515792,0.9994188547134399,0.9558559429077882,0.5083600566500713,0.9984785318374634,59.78135276864279,0
228,0.8995744813056228,0.2889388331345152,0.9995343089103699,0.9796928195726312,0.29482205566905817,0.9982491135597229,0.9143081676392335,0.5058470084553677,0.9994154572486877,0.9557420441082553,0.5082715891656425,0.9984695315361023,59.78135276864279,0
229,0.8995032906532294,0.28887181196893985,0.9995452761650085,0.9796473554202496,0.29496595121565344,0.9982693791389465,0.9142527040981119,0.5054655898185008,0.9994291067123413,0.9556021718751824,0.5081606791132977,0.9984913468360901,59.78135276864279,0
230,0.899435977141063,0.28885006904602073,0.9995554685592651,0.9796135170119158,0.29508347738356844,0.9982752799987793,0.914195895195008,0.5050935489790784,0.9994418621063232,0.9554082751274116,0.5080707129978002,0.9985059499740601,59.78135276864279,0
231,0.8993519317536135,0.28880421320597355,0.9995649456977844,0.9796075934455517,0.2952542177268439,0.9983055591583252,0.9141576261747459,0.5048571938560127,0.9994578957557678,0.9552281527292169,0.5080289897464574,0.9985377192497253,59.78135276864279,0
232,0.8992839228539247,0.28874821180389065,0.9995729923248291,0.979595036733719,0.2953813274701439,0.9983101487159729,0.9141407098088953,0.504744376455035,0.9994703531265259,0.9550671038173502,0.5080116845312577,0.9985619187355042,59.78135276864279,0
233,0.8992196349870598,0.28867896397908555,0.9995840787887573,0.9795718931016476,0.29542440176010154,0.9983532428741455,0.9141252381461014,0.504729685329256,0.9994864463806152,0.9550042180787957,0.5079858586901714,0.9985990524291992,59.78135276864279,0
234,0.899172797089532,0.28862121275493097,0.9995903372764587,0.9795302266166331,0.2954823942411516,0.9983773827552795,0.9140386808486218,0.5047261601402651,0.9994990229606628,0.9550064518338166,0.5079855720202132,0.9986225962638855,59.78135276864279,0
235,0.8991297000930429,0.28860092872665066,0.9995964765548706,0.9794845836503173,0.29553281267484055,0.9983932971954346,0.913909540289925,0.5048485682124187,0.9995148181915283,0.955045339607058,0.508079622473036,0.9986502528190613,59.78135276864279,0
236,0.8990845339638853,0.28862405107134886,0.9995961785316467,0.9794472058614103,0.29560709567297094,0.9983980655670166,0.9137387985274912,0.5051029693512694,0.9995293617248535,0.9550562103589384,0.5082694575900127,0.9986755847930908,59.78135276864279,0
237,0.899048396519253,0.2886386031196233,0.9996017217636108,0.9794334939547955,0.29566292251859416,0.9984447360038757,0.9135695724260247,0.505449045272101,0.999543309211731,0.9550617365610039,0.5085380503109528,0.9987078309059143,59.78135276864279,0
238,0.8990483113697605,0.2886536007835754,0.9996079802513123,0.9794287681579598,0.2956910942281998,0.9985042810440063,0.9134541267440439,0.5057814064480014,0.9995554089546204,0.9550568688483473,0.5087965726852421,0.9987409710884094,59.78135276864279,0
239,0.899063448111217,0.2886664668718976,0.9996132850646973,0.9794222116470345,0.2956760809535074,0.9985722303390503,0.9134091706503012,0.5059805512428288,0.9995648860931396,0.9550607090904607,0.5089703911826728,0.9987698197364807,59.78135276864279,0
240,0.899082317238763,0.28866509738422597,0.9996121525764465,0.9793997208277392,0.29566092292467777,0.9986234903335571,0.9133847951889046,0.5060338945615863,0.9995725154876709,0.9550667859259114,0.5090415420986361,0.9987934827804565,59.78135276864279,0
241,0.8990981408527927,0.28866734816914535,0.9996151924133301,0.9793679629053396,0.2956390338284631,0.9986702799797058,0.9133805291993284,0.5060293532553177,0.999580442905426,0.9550776254563111,0.5090723463467194,0.9988129734992981,59.78135276864279,0
242,0.8990818886529839,0.2886691888173424,0.9996247887611389,0.9793436782700682,0.29564990174202715,0.99872887134552,0.9133643337658481,0.5060038282757717,0.9995918869972229,0.9550955295562752,0.5090642230851313,0.9988434910774231,59.78135276864279,0
243,0.8990302908988232,0.28867038374855425,0.9996340870857239,0.9793120282036925,0.2956780606792089,0.99876868724823,0.9133931171326417,0.5060038282757717,0.9996016621589661,0.955119538874854,0.5090594859350299,0.9988620281219482,59.78135276864279,0
244,0.8989536819003885,0.28867991907256013,0.9996463060379028,0.9792867274511436,0.2957394307567962,0.9988172650337219,0.9134651110285812,0.5060566975956875,0.9996126294136047,0.9551395603588657,0.5091091195742293,0.9988860487937927,59.78135276864279,0
245,0.8988724237396611,0.2886968638215749,0.9996539950370789,0.9792565760158365,0.2958080016431357,0.9988533854484558,0.9135627746582038,0.5061680702936086,0.9996128678321838,0.9551563035874148,0.5092097407295595,0.9988889694213867,59.78135276864279,0
246,0.8988061433746708,0.28870508500507924,0.9996656775474548,0.9792202994936996,0.2958512249447053,0.9988929033279419,0.9136822706177129,0.5063064155124486,0.9996200799942017,0.9551529515357253,0.509326123055958,0.9989081025123596,59.78135276864279,0
247,0.8987605344681521,0.2886917449179152,0.9996722340583801,0.9791814088821419,0.2958650120667051,0.9989168047904968,0.9137886762619026,0.5064239388420473,0.9996188879013062,0.9551222608202988,0.5094263042722433,0.9989103674888611,59.78135276864279,0
248,0.8986761626743143,0.28866591623851257,0.9996764063835144,0.979154907521748,0.29588826071648394,0.9989270567893982,0.9138464558692212,0.5065010672523866,0.9996145963668823,0.9550896769478215,0.5094883385158725,0.9989011287689209,59.78135276864279,0
249,0.8985493580500292,0.28863792476199945,0.9996834397315979,0.9791081718036114,0.2959010544277375,0.9989520311355591,0.913861342838833,0.5065190905616401,0.9996119737625122,0.9550311054502223,0.5094726426260816,0.998900830745697,59.78135276864279,0
250,0.8984080325989503,0.288631095772698,0.9996894001960754,0.9790478973161615,0.29592408594631037,0.99897700548172,0.9139600197474169,0.5065210858980819,0.9996141791343689,0.9548632105191557,0.5094545767420818,0.9989108443260193,59.78135276864279,0
251,0.8982886672019966,0.2886144618193311,0.9996929168701172,0.9789707461992907,0.29592434139478796,0.9989930391311646,0.9141332649049313,0.506498013223921,0.9996055364608765,0.9546633476302745,0.5093584628332233,0.9988975524902344,59.78135276864279,0
252,0.8982229772068213,0.28858973440669855,0.999692440032959,0.978883834112259,0.29589098124277047,0.9989910125732422,0.9143663502874836,0.5064108513650444,0.9995858073234558,0.9544012915520448,0.5091886179787777,0.9988610744476318,59.78135276864279,0
253,0.8981945968809588,0.28854783234142145,0.9996927380561829,0.97880088147663,0.2958445520628069,0.9989820122718811,0.9145925953274688,0.506261683645703,0.9995788335800171,0.9541610394205373,0.5089703344163444,0.998846173286438,59.78135276864279,0
254,0.8981740872065233,0.28850702444712345,0.9996881484985352,0.9787447594460995,0.2958023037229268,0.9989337921142578,0.914741155647097,0.5060655531429112,0.9995685815811157,0.9539757285799306,0.5087710278374813,0.9988145232200623,59.78135276864279,0
255,0.8981200485002434,0.2884833330199834,0.9996867775917053,0.9787103107997357,0.29578209774834796,0.9989164471626282,0.9147306113016045,0.5058764020601912,0.9995685815811157,0.953859210014344,0.5086309966586889,0.9988101124763489,59.78135276864279,0
256,0.8980181160427282,0.28849177559216843,0.9996863007545471,0.9786967294556761,0.2957844067187539,0.9989063143730164,0.9146966934204108,0.5057412896837511,0.9995678663253784,0.9537493245942259,0.5085775568371731,0.9988045692443848,59.78135276864279,0
257,0.89787777264913,0.28849875643139816,0.9996868968009949,0.9786917056356166,0.2958014167490462,0.998915433883667,0.9146097728184298,0.5056949201084322,0.9995729327201843,0.9536905146780477,0.5085765804563254,0.9988153576850891,59.78135276864279,0
258,0.8977391407603317,0.28850500924246675,0.9996886849403381,0.978693209943318,0.29580673291569687,0.9989369511604309,0.9145191311836249,0.5057176834061037,0.9995834231376648,0.9536641694250568,0.5086125504402892,0.9988413453102112,59.78135276864279,0
259,0.897629462537312,0.2885060523237504,0.9996951222419739,0.9786972318376822,0.2958018822329387,0.9989685416221619,0.914432122593835,0.5057625429970882,0.9995976686477661,0.95372794355665,0.5086352654865813,0.9988767504692078,59.78135276864279,0
260,0.897593762193408,0.28850672074726674,0.9996939897537231,0.9786900934718912,0.29578253910655095,0.9989606738090515,0.9143798748652148,0.5057790449687417,0.9996064901351929,0.9537929097811388,0.5086280476479308,0.9988918900489807,59.78135276864279,0
261,0.8976017946288706,0.28847968152591186,0.9996919631958008,0.9787113950366073,0.2957689464092257,0.9989414811134338,0.9142918501581472,0.5057660483178642,0.99961256980896,0.9539203587032508,0.5085560168538779,0.9988998770713806,59.78135276864279,0
262,0.8976099916866854,0.2884182731310529,0.9996969699859619,0.9787810444831856,0.29578457985605533,0.9989491701126099,0.9141616111709966,0.5057008351598471,0.9996271729469299,0.954051559879667,0.5084258800461183,0.9989300966262817,59.78135276864279,0
263,0.8976134771392466,0.288351798341388,0.9997063875198364,0.9789026322818946,0.2958475039118814,0.9989869594573975,0.9139844008854464,0.5056494758242656,0.9996457695960999,0.9541415458633794,0.5083130768367226,0.998977541923523,59.78135276864279,0
264,0.897618472576142,0.28828575071834406,0.9997134208679199,0.9790430409567705,0.29591198194594637,0.9990226030349731,0.9138300078255797,0.50562520254226,0.9996582865715027,0.9542057060060054,0.5082481418337145,0.9990134239196777,59.78135276864279,0
265,0.8976259884380167,0.28822849478040447,0.9997217655181885,0.9791652844065719,0.29598022358758136,0.9990543127059937,0.913725015662966,0.5056109144574124,0.9996698498725891,0.9542421443121781,0.5082248648007714,0.9990444183349609,59.78135276864279,0
266,0.8976090976170139,0.28818794233458406,0.9997241497039795,0.9791994208381297,0.2960102884542377,0.9990499019622803,0.9137093311264409,0.5056218164307734,0.9996773600578308,0.9542177404676173,0.5082520076206757,0.9990584850311279,59.78135276864279,0
267,0.897540401844752,0.2881312753473012,0.9997280836105347,0.9791800606818434,0.296023644152142,0.9990562796592712,0.9137060840924589,0.5056885282198591,0.9996874928474426,0.9542167357036053,0.508284327529726,0.9990832805633545,59.78135276864279,0
268,0.8974417249361681,0.28806660714603627,0.9997255206108093,0.9791440537997662,0.2960899415470307,0.9990425109863281,0.9136440981002089,0.50578708875747,0.9996913075447083,0.9542189013390321,0.5084015670276828,0.9990920424461365,59.78135276864279,0
269,0.8973440982046588,0.288024554649989,0.999725341796875,0.9791064006941668,0.29626439866565546,0.999051570892334,0.9134993155797331,0.5059342214039397,0.9996963739395142,0.9542243054934918,0.5086441494169693,0.9991072416305542,59.78135276864279,0
270,0.8972707816532687,0.28800560179210866,0.9997259378433228,0.9790696899096178,0.29654450217882816,0.9990565776824951,0.9132441708019808,0.5060544808705651,0.999699056148529,0.9541927916663041,0.5089247538929897,0.9991135597229004,59.78135276864279,0
271,0.8972332420803258,0.2880059693540848,0.9997262954711914,0.9790322099413198,0.29688112934430466,0.999058187007904,0.912947839214689,0.5061349840391254,0.9997006058692932,0.9541394483475466,0.5091649691263839,0.999118983745575,59.78135276864279,0
272,0.8973061924888981,0.28799689951397145,0.9997312426567078,0.9789951273373203,0.2970768241655261,0.9990745782852173,0.9127136724335814,0.5062650924637209,0.9997053742408752,0.9540699975831175,0.5093152409508119,0.9991350769996643,59.78135276864279,0
273,0.8974197819119415,0.28796832760175095,0.999731183052063,0.978947287514097,0.29704699062165785,0.9990707039833069,0.9126044455028723,0.5064233910469786,0.9997055530548096,0.9540103844233929,0.5093250217891879,0.9991365075111389,59.78135276864279,0
274,0.8976288154011689,0.2879606669857391,0.9997304677963257,0.9789742458434341,0.29693300241515774,0.9990542531013489,0.9126120720590871,0.5066101323990599,0.9996996521949768,0.9539982733272379,0.5093056531179523,0.9991234540939331,59.78135276864279,0
275,0.8979497466768545,0.28797778203373886,0.9997252225875854,0.9790764990307044,0.2968234760420665,0.9990155696868896,0.9126956462860114,0.5068020536786038,0.999691367149353,0.9540242297308794,0.5093042140915285,0.9991041421890259,59.78135276864279,0
276,0.8982974290847786,0.28801323686327274,0.9997261762619019,0.9792034427324939,0.2967970953101206,0.9990045428276062,0.9127478627931511,0.5069098671277368,0.9996910095214844,0.954009740125566,0.5093081252915523,0.9991063475608826,59.78135276864279,0
277,0.8986856625193649,0.28805526807194687,0.9997262358665466,0.9793045662698299,0.29684137730371407,0.999000608921051,0.9127674017633718,0.5069171729541964,0.9996873140335083,0.9539631661914652,0.509307688190824,0.9990968108177185,59.78135276864279,0
278,0.8990573712757663,0.2880836569127585,0.9997172951698303,0.9793876579829632,0.2969472209612531,0.9989432692527771,0.9127357034456169,0.506976547695342,0.999675989151001,0.9539062096959077,0.5093109465780716,0.9990637302398682,59.78135276864279,0
279,0.8993039982659484,0.288063514800299,0.9997144341468811,0.9794550112315594,0.2970652509303322,0.9989403486251831,0.9127439430781781,0.507076828252702,0.9996600151062012,0.9538280793598728,0.5092977853048419,0.999034583568573,59.78135276864279,0
280,0.8995367004757843,0.288014325357619,0.9997082352638245,0.9796383182207752,0.2972519993782046,0.9989410638809204,0.9128540981383558,0.5072186390558883,0.9996278882026672,0.9537616372108466,0.5092740995543348,0.998978316783905,59.78135276864279,0
281,0.8998829779170816,0.2879694572516852,0.9997000098228455,0.9798876217433392,0.2974765456858138,0.9989110231399536,0.9130637191590816,0.5074035468555635,0.9995893836021423,0.9537303788321367,0.5092742528234213,0.9989011883735657,59.78135276864279,0
282,0.9003435543605267,0.2879429601487662,0.9996906518936157,0.9801351172583452,0.29767890203566805,0.998873770236969,0.9133931284859075,0.5075309475262963,0.9995628595352173,0.9537131899879099,0.5092955004601256,0.9988542795181274,59.78135276864279,0
283,0.9008605366661442,0.2879370607080916,0.9996848106384277,0.9802992996715372,0.2978317255065557,0.9988468885421753,0.9137848133132578,0.5076746372949513,0.9995489120483398,0.9537264137041008,0.5093552810805189,0.9988266825675964,59.78135276864279,0
284,0.9012345614887426,0.28795989070619876,0.9996681213378906,0.9803707628023064,0.2979764924162912,0.9987912178039551,0.9141515266327638,0.5078584523428058,0.9995058178901672,0.9537621821675989,0.5094632591520041,0.998748779296875,59.78135276864279,0
285,0.9014048973719286,0.28798608694757755,0.9996582269668579,0.9803933501243599,0.2981041428588688,0.9987473487854004,0.9144511790502647,0.5081239853586473,0.9994768500328064,0.9538334977059145,0.5096229059355604,0.998695969581604,59.78135276864279,0
286,0.9014696791058502,0.2879933260736014,0.9996362328529358,0.9804688578560248,0.29845286267144366,0.9986687302589417,0.9146524327141905,0.5083721280097966,0.9994373321533203,0.953910118057615,0.5098141772406446,0.9986264705657959,59.78135276864279,0
287,0.9015827576319384,0.2881173576627461,0.9996329545974731,0.9805649689265667,0.29931647295043606,0.998691201210022,0.9147216138385598,0.5085927191234774,0.999422013759613,0.9539751921381276,0.5101389260519122,0.9986162185668945,59.78135276864279,0
288,0.9019720781417128,0.2883021916661946,0.9996188282966614,0.9807977222260983,0.30046538369996234,0.9987157583236694,0.9147359217916224,0.5087077674411596,0.9993906617164612,0.9540398915608731,0.5105083925383436,0.9985492825508118,59.78135276864279,0
289,0.9026602932385044,0.2884840738205685,0.9996035695075989,0.9811552990050552,0.3016268738678526,0.9987576007843018,0.91471229564576,0.5088480342002146,0.9993746876716614,0.9540890398479651,0.5108579908098497,0.9985031485557556,59.78135276864279,0
290,0.9034267607189368,0.2886026856445133,0.9995951652526855,0.981591414837611,0.3024453151793709,0.9987866878509521,0.9147101328486495,0.5088396185920356,0.9993789196014404,0.9540972965104247,0.5110771656036381,0.9984790086746216,59.78135276864279,0
291,0.9041750658126111,0.28859368676231045,0.9995812773704529,0.9820296480542146,0.30276305192992825,0.9988143444061279,0.9147312328929,0.5086194816089815,0.9993826150894165,0.9541333402906154,0.5110991682325094,0.9984752535820007,59.78135276864279,0
292,0.9047846652212604,0.2884837573482879,0.9995706081390381,0.982481831596012,0.30278894730976674,0.9988341927528381,0.9147540075438371,0.5082609568323412,0.9993608593940735,0.9542045195897428,0.5109789967536931,0.9984468817710876,59.78135276864279,0
293,0.9052060757364554,0.2883910636107129,0.9995512962341309,0.9828305499894286,0.3028162873926619,0.9988186955451965,0.9147657127607444,0.5078928101630442,0.9993249177932739,0.9542407989501961,0.5108474180811932,0.9983971118927002,59.78135276864279,0
294,0.9055040280024218,0.288292440630141,0.9995244145393372,0.9831508398056039,0.30280275855745614,0.9987540245056152,0.9147559489522669,0.5077175498008732,0.9993023872375488,0.9542696419216345,0.510840895630065,0.9983686804771423,59.78135276864279,0
295,0.9057946716036124,0.2881830831368767,0.9995204210281372,0.983464039507367,0.3027948850677129,0.9987271428108215,0.9147330891518373,0.5077777476537799,0.9992924928665161,0.9540979124250873,0.5108941878591269,0.9983816742897034,59.78135276864279,0
296,0.9059834508668816,0.28807591398557053,0.9995372295379639,0.9837595820426949,0.30277199546496103,0.9987725019454956,0.9146998808497482,0.5080153856958666,0.9993039965629578,0.9537989184969955,0.5113789950098314,0.9984194040298462,59.78135276864279,0
297,0.9061181545257576,0.2879621883233391,0.9995211958885193,0.983985750448137,0.3027708388510207,0.998741090297699,0.9146637803032293,0.5085931619008386,0.9992635846138,0.9534965583256321,0.5122890699477427,0.9983838796615601,59.78135276864279,0
298,0.9063033575103404,0.28788092164766244,0.9994851350784302,0.9842072696912865,0.30282769884382,0.9987277388572693,0.9146249720028476,0.5093651044936411,0.9992057085037231,0.9533357989220401,0.5133301984696166,0.9982389211654663,59.78135276864279,0
299,0.9066186007999246,0.2877987424532575,0.9994457364082336,0.9843727378618158,0.3029759100505286,0.9987245798110962,0.9146321955181311,0.5101300903729034,0.9991544485092163,0.9533190443402253,0.5141814663296658,0.9980876445770264,59.78135276864279,0
300,0.9069879679452812,0.28766668694359937,0.9994049668312073,0.9845529908225659,0.30315389519646074,0.9987054467201233,0.914676385266441,0.5107368032137557,0.9991276860237122,0.9534429907798774,0.5146906375885014,0.9979680180549622,59.78135276864279,0
301,0.907388939743951,0.2874355344545276,0.9993976950645447,0.9847928881645212,0.30332895829564077,0.998723566532135,0.9147609784489593,0.5109842362858004,0.999103844165802,0.9535191740308496,0.5146832948639284,0.997878909111023,59.78135276864279,0
302,0.907823148227874,0.28716020640872797,0.9994078278541565,0.9850479563077299,0.3035257870242712,0.9987555146217346,0.9148352060999196,0.5109554756255381,0.9990979433059692,0.9535729544503355,0.5146372062819349,0.9978393316268921,59.78135276864279,0
303,0.9083085656166084,0.28680540550322786,0.9994108080863953,0.9852790179706764,0.30369199883370196,0.9987766742706299,0.9148825378645041,0.5109552854583381,0.9991027116775513,0.9535977301143472,0.5145946911403115,0.9978396892547607,59.78135276864279,0
304,0.9088405143646974,0.2864399580728442,0.9994143843650818,0.985557402883258,0.3038283472969421,0.9987902045249939,0.9148859410058892,0.510866136777969,0.9991123080253601,0.9536175188564127,0.5145173697244557,0.9978777170181274,59.78135276864279,0
305,0.9094099828175144,0.2861270663284122,0.9994094967842102,0.9858683205786214,0.3038977185885114,0.9987683296203613,0.9148757911863787,0.5105436359133044,0.9991132020950317,0.9536572325797316,0.5142824280829661,0.9978848695755005,59.78135276864279,0
306,0.9099318214825229,0.2859013165746419,0.999416172504425,0.9861816905793698,0.3038340324447271,0.998776376247406,0.9148471752802538,0.5097919447081434,0.9991295337677002,0.9537094235420235,0.5136859587260658,0.9979050159454346,59.78135276864279,0
307,0.9103196887742913,0.2857803773312344,0.9994292259216309,0.9864655449276887,0.30369451358204824,0.9988033771514893,0.9148683264141998,0.5088797552245008,0.9991503357887268,0.9538362679027383,0.5129348749206184,0.9979390501976013,59.78135276864279,0
308,0.9106807481674929,0.28576521220661366,0.9994101524353027,0.98673092751276,0.30361302977516563,0.9987549185752869,0.9150838199115942,0.5081283677191966,0.9991414546966553,0.9539777381079545,0.5122862429845905,0.9979454874992371,59.78135276864279,0
309,0.9111391334306633,0.2857420643170677,0.9993894100189209,0.9869552623657961,0.3035264100347249,0.9987335801124573,0.9155111681847352,0.5077496937343056,0.9991208910942078,0.9541471714065196,0.5118413454010378,0.9979372620582581,59.78135276864279,0
310,0.9116335340908603,0.2857148860182083,0.9993482232093811,0.9871812888554172,0.30360769799777465,0.9986850619316101,0.9159895096506399,0.507765338534401,0.9990832209587097,0.9542871259507686,0.5117629397483103,0.9979373812675476,59.78135276864279,0
311,0.91211790130252,0.2856789401599341,0.9993041157722473,0.9874539034707214,0.30379647442272756,0.9985740184783936,0.9163523146084385,0.5079818623406551,0.999088704586029,0.9543855360576092,0.511903007825216,0.997973620891571,59.78135276864279,0
312,0.9124938079289036,0.2856718230815163,0.9992563128471375,0.9876636777605338,0.304038777237847,0.9984859228134155,0.9164948207991471,0.508025603634971,0.9990956783294678,0.9544179780142656,0.5119471578370961,0.9980154633522034,59.78135276864279,0
313,0.9128148584138787,0.285665517761594,0.9992319345474243,0.9878860712051399,0.3045058420726234,0.9983886480331421,0.9164368538629448,0.5078974933851337,0.9991022348403931,0.954480599789393,0.5119603049187438,0.9980403184890747,59.78135276864279,0
314,0.9131656743231281,0.2856492527893614,0.9992229342460632,0.9881040595826658,0.3051272701649441,0.9983129501342773,0.9163955393291663,0.5076385253951667,0.9991013407707214,0.9546770453453071,0.5119410724866962,0.9980580806732178,59.78135276864279,0
315,0.9135380103474579,0.2856413821379346,0.9991946816444397,0.9883520205815641,0.3059322181202119,0.9981667399406433,0.9164270787012017,0.5072691071601145,0.9990810751914978,0.9550865661530276,0.5118880584126431,0.998029351234436,59.78135276864279,0
316,0.9138546217055556,0.2856002946694694,0.999130368232727,0.9886141107195908,0.30680612155369374,0.9979910850524902,0.9164529953684133,0.5067342690059121,0.9990241527557373,0.9555769335655947,0.5118122554960709,0.9979680776596069,59.78135276864279,0
317,0.9140937697319765,0.2855525314807894,0.9991070032119751,0.9888878436315636,0.30757254787853816,0.997900664806366,0.9164710385458816,0.5062458202952435,0.9990128874778748,0.9559937743913568,0.5117261721974331,0.9979799389839172,59.78135276864279,0
318,0.914218479678745,0.2854686294283188,0.9991077184677124,0.9891321119808023,0.308127786431994,0.9979365468025208,0.916418325333369,0.505889835811797,0.999011218547821,0.9562227811132167,0.5116690993309025,0.9980289340019226,59.78135276864279,0
319,0.9143196032160812,0.28524542990184987,0.9991076588630676,0.989360295590901,0.3084944032487418,0.9979104399681091,0.9162866558347438,0.5057051607540679,0.9990299344062805,0.9562348382813597,0.5116644586835593,0.9980705380439758,59.78135276864279,0
320,0.9144857639358165,0.28494593501091026,0.9991140365600586,0.989504970255353,0.3086155567850388,0.9979162216186523,0.9161679375739332,0.5057078997294112,0.9990453720092773,0.9562233005251212,0.51170654807772,0.9981104731559753,59.78135276864279,0
321,0.9147143874849599,0.2846268685091112,0.9990822076797485,0.9896361714317694,0.3087649089949474,0.9978764057159424,0.9160804322787701,0.5055454089528042,0.999042809009552,0.9562408498355328,0.5116405515443715,0.99815833568573,59.78135276864279,0
322,0.9149783991632015,0.2843496515637355,0.9990508556365967,0.9897501355125797,0.3088700615224387,0.9978417754173279,0.916010518868765,0.5051781109401162,0.9990288615226746,0.9562979539235441,0.5114604490143917,0.9981784820556641,59.78135276864279,0
323,0.9152579279172995,0.28420885545866853,0.9990591406822205,0.989773318881081,0.30913845556122943,0.997871994972229,0.9159968835966936,0.5048044040089565,0.999022364616394,0.9563069343566902,0.5112550315402807,0.9981991648674011,59.78135276864279,0
324,0.9154919158844729,0.2841596887225199,0.9990725517272949,0.9897080347651535,0.3095575585251765,0.9978988766670227,0.9159873326619473,0.5045134141331632,0.9990350604057312,0.9562786107971563,0.5110600306874233,0.9982354640960693,59.78135276864279,0
325,0.915661417302632,0.2841201027234398,0.9990647435188293,0.9895613817941583,0.3099695231233327,0.9978989958763123,0.9159796975907832,0.5043303029877804,0.9990298748016357,0.9561789376395097,0.5108982977413,0.9982509016990662,59.78135276864279,0
326,0.9158045053482062,0.2841323528970993,0.9990612268447876,0.9894056348573601,0.3102454387006308,0.9979050159454346,0.9159857006300071,0.5043258979206997,0.999032735824585,0.9560144344965624,0.5108466006460648,0.9982703924179077,59.78135276864279,0
327,0.9160322263127288,0.28414661827541554,0.9990710616111755,0.9892741299810871,0.3103769393194292,0.9979251027107239,0.9159958419345681,0.5042516021501454,0.9990330338478088,0.9558296998341886,0.5107817876906626,0.998275101184845,59.78135276864279,0
328,0.9164115871701929,0.28418907523155235,0.9990618824958801,0.9892194384620311,0.31040082800956026,0.9978501200675964,0.9159998950504129,0.5042502936862768,0.999019205570221,0.9556530061222266,0.5107764232726328,0.9982398748397827,59.78135276864279,0
329,0.9168074301310956,0.2842083743640357,0.9990608096122742,0.9892449464116786,0.31048424187160695,0.9978005886077881,0.9159948712303533,0.5041505921454661,0.9990041851997375,0.9554734854471123,0.5107541339738033,0.9982047080993652,59.78135276864279,0
330,0.9171430894306736,0.2841931936286747,0.999069333076477,0.9893326986403701,0.31060038861774286,0.9976950287818909,0.9159991457348785,0.5039565392902923,0.9989928603172302,0.9553894230297642,0.510620406695775,0.9981621503829956,59.78135276864279,0
331,0.9173216394015729,0.2841097499643056,0.9990734457969666,0.9894743959108996,0.31075878796123346,0.9975916147232056,0.91598832891101,0.5036302322433113,0.9989657998085022,0.9554012502942775,0.5103913829440165,0.9980974197387695,59.78135276864279,0
332,0.9174284111885804,0.28399452850932194,0.9991036057472229,0.9895932305426833,0.3108712789558231,0.9972380995750427,0.9159860128448131,0.5031023195811685,0.9989625811576843,0.9554778280712317,0.5100849781717577,0.9980378150939941,59.78135276864279,0
333,0.917537090324221,0.28388724440620083,0.9990938305854797,0.9897598652612605,0.31092585410390605,0.9971989989280701,0.9159414654686344,0.5025822037742256,0.9989633560180664,0.9556123216946927,0.5098026111012417,0.9980461001396179,59.78135276864279,0
334,0.91768860533124,0.2838171592780524,0.9990856647491455,0.9900015649341409,0.31102485599971974,0.9971794486045837,0.9158468615441102,0.5022230119932269,0.9989797472953796,0.9557189089911332,0.5096550867671062,0.998077392578125,59.78135276864279,0
335,0.9178786164238347,0.2837134713218328,0.9990862607955933,0.9904582926205234,0.3113722120012558,0.9972051382064819,0.915716298988888,0.5019829159691225,0.9989994764328003,0.9556973973910021,0.5098307899066384,0.9981143474578857,59.78135276864279,0
336,0.9181076997802378,0.28356754495984055,0.9990943074226379,0.9910147388776152,0.31191464690935067,0.9972522854804993,0.9155923014595402,0.5019692551522031,0.9989896416664124,0.9555938385781795,0.5102158898398994,0.9981092810630798,59.78135276864279,0
337,0.9184135567574281,0.2833631535371147,0.999112606048584,0.9915413714590534,0.3125970803555991,0.9972522854804993,0.9154968545550399,0.5021028064546136,0.9990044236183167,0.9554306126776204,0.5106456563586285,0.9981218576431274,59.78135276864279,0
338,0.9187825549216505,0.2831646771658037,0.9991462230682373,0.9919115021115266,0.3133014028980621,0.9972330927848816,0.9154953871454518,0.5021345274788996,0.9990394115447998,0.9553740223248808,0.5109327804474608,0.9981752038002014,59.78135276864279,0
339,0.9190699458122261,0.2830623317332497,0.9991737008094788,0.9921079107693271,0.31400689766520573,0.9970716834068298,0.9155336164292842,0.5021308149610251,0.9990572333335876,0.9554751657304317,0.5110799783752082,0.998182475566864,59.78135276864279,0
340,0.9192016124725348,0.2830478719302588,0.9991581439971924,0.9921857288905561,0.3145279047035038,0.9968636631965637,0.9155696687244241,0.5021727283795678,0.9990578889846802,0.9556751052538561,0.5111879649616426,0.9981673359870911,59.78135276864279,0
341,0.9192073770931796,0.2829917541572028,0.9991441369056702,0.9922654969351641,0.3149914145469668,0.9967273473739624,0.9155801335970569,0.5024272004763289,0.999062180519104,0.9558299496060334,0.5114867602075854,0.9981690049171448,59.78135276864279,0
342,0.9191169937451689,0.2828647167909715,0.9991607069969177,0.9923542454129182,0.31536986004738604,0.9966110587120056,0.9155587781043286,0.5029318815185914,0.9990686774253845,0.9558947086334236,0.5119084091413593,0.9981621503829956,59.78135276864279,0
343,0.9190785771324529,0.282651735203607,0.9991967082023621,0.9924641421863019,0.31569588042440894,0.9967377781867981,0.9155236397470754,0.5035045828138083,0.9991102814674377,0.9559019889150355,0.512276791390919,0.9982393383979797,59.78135276864279,0
344,0.9190509659903398,0.28242633030528136,0.9992271661758423,0.992572023755029,0.31590220474061537,0.9966704845428467,0.9155038822264906,0.5039987535703754,0.9991481900215149,0.9559638556979959,0.5125106175740564,0.9982871413230896,59.78135276864279,0
345,0.9190248279344475,0.28223850329717026,0.9992626309394836,0.9927789483751578,0.31627090204329744,0.9966722726821899,0.9154999227750876,0.5042615419342409,0.9991859793663025,0.9560891474996303,0.5126181840896611,0.998336672782898,59.78135276864279,0
346,0.919007658958436,0.2821225779397149,0.9992830157279968,0.993034413882665,0.3166249933696931,0.9965060353279114,0.9154961676824668,0.5043556491533919,0.9992075562477112,0.9562103833471033,0.5126359831719176,0.9983468651771545,59.78135276864279,0
347,0.9190054961613254,0.28204026676359656,0.9993158578872681,0.9932156772840599,0.3169519801934563,0.996533989906311,0.91549301147461,0.5043271013668609,0.9992251396179199,0.9563297061693108,0.5125744910467243,0.9983637928962708,59.78135276864279,0
348,0.9190016530808957,0.2819920466059732,0.9993268847465515,0.9932819661639993,0.31700796598479886,0.9964594841003418,0.9154881948516489,0.504151386874063,0.9992312788963318,0.9564506184487123,0.5123981521243145,0.998359739780426,59.78135276864279,0
349,0.9189926471029016,0.2819529331865767,0.9993232488632202,0.9932161626361673,0.3168325424194338,0.9962587356567383,0.9154858135041745,0.5036852217855912,0.9992266297340393,0.9565978419213076,0.5119740054720928,0.9983106255531311,59.78135276864279,0
350,0.9189948978878211,0.2819130051703682,0.9993162155151367,0.993043175765447,0.3163659075895948,0.9959657192230225,0.9154910672278639,0.5028215675126942,0.9992119073867798,0.9567263041223806,0.5113718566440404,0.9982457756996155,59.78135276864279,0
351,0.9190083628609075,0.28189898530642216,0.9993200302124023,0.9929654115722301,0.3159359026522866,0.9960296750068665,0.9154799779256192,0.5018813439777923,0.9992231726646423,0.9566680788993844,0.5108145191555935,0.9982712268829346,59.78135276864279,0
352,0.9190306095849908,0.2819239326885771,0.9993224740028381,0.9929494744255437,0.315655208769299,0.9962546229362488,0.9154709691093088,0.5011621600105653,0.9992376565933228,0.9564593207268496,0.5104409569785713,0.9983251094818115,59.78135276864279,0
353,0.9190491693360472,0.2819929903461822,0.9993161559104919,0.9929741989998598,0.3155863781770073,0.9964985847473145,0.9154695726576312,0.500789616789137,0.9992371201515198,0.9562209958121898,0.510334085850489,0.9983419179916382,59.78135276864279,0
354,0.9190352473940175,0.28205371612594266,0.9993047714233398,0.9929378032684333,0.3155660047417598,0.9964999556541443,0.9154933946473265,0.5007163655190244,0.9992406368255615,0.9560643491290872,0.510351569879623,0.9983633756637573,59.78135276864279,0
355,0.9189907255626868,0.28210097409430024,0.9992948770523071,0.9928621905190611,0.31556336226917475,0.9966923594474792,0.9155492498761139,0.5008343685240977,0.9992526173591614,0.9560191489401326,0.5103634198506678,0.9984166026115417,59.78135276864279,0
356,0.9189218254316429,0.2821119498638882,0.9992602467536926,0.9927568662734267,0.3155476663793839,0.996828019618988,0.9156057068279818,0.5008543644632616,0.9992362260818481,0.9560415716398337,0.5103068039530804,0.9984380006790161,59.78135276864279,0
357,0.9188461984906885,0.2821070878278644,0.9992433190345764,0.9926570682298578,0.3154791224570504,0.9969732761383057,0.915686752114978,0.5008712240627837,0.9992332458496094,0.9560669944399888,0.5102214813232426,0.9984747171401978,59.78135276864279,0
358,0.9187993918146413,0.2821220869109746,0.9992306232452393,0.992597284771148,0.31542386753218543,0.9971075057983398,0.9157746490978067,0.5010281517392117,0.9992316961288452,0.9561140083131344,0.5102012696720309,0.9985052347183228,59.78135276864279,0
359,0.9187920547667011,0.2821639208566577,0.9992142915725708,0.9925756482850945,0.31523744690985933,0.9972428679466248,0.9158444631667372,0.5012439006850837,0.9992393851280212,0.9561718390101486,0.5102331609953021,0.9985454082489014,59.78135276864279,0
360,0.918816682838259,0.28222971019290766,0.9991838335990906,0.9925139603160684,0.3149575094381971,0.9973445534706116,0.9159256957826167,0.501441339651744,0.9992361664772034,0.9562613084202729,0.5102822667076479,0.9985674619674683,59.78135276864279,0
361,0.9188591525668197,0.28229967327345007,0.9991400837898254,0.9924274086952218,0.3145941141105836,0.9974279999732971,0.9159969829377681,0.501503740038191,0.999222457408905,0.9563745572453461,0.5103050271670028,0.9985816478729248,59.78135276864279,0
362,0.9188934223992491,0.2825664324419841,0.9990527629852295,0.992357503800166,0.3141580550443561,0.997359573841095,0.9160334922018513,0.5020825068155929,0.9991803765296936,0.9564533120109929,0.5104791294960753,0.9985399842262268,59.78135276864279,0
363,0.9189124930472607,0.283025444973083,0.9989686608314514,0.9923331510453006,0.3136241350855149,0.997381865978241,0.916075800146376,0.5029295881589257,0.9991400837898254,0.9565062891869325,0.5107560356458032,0.9985052347183228,59.78135276864279,0
364,0.9189240790548785,0.28362346405074734,0.9987638592720032,0.9923416319347571,0.3129719964095527,0.997045636177063,0.9161282834552591,0.5039037125451228,0.9990435838699341,0.9566159333501552,0.5109505568231859,0.99834805727005,59.78135276864279,0
365,0.9189290205637621,0.2842090087277551,0.9986352920532227,0.9924320039295023,0.31206126014391605,0.9968627691268921,0.9161834546497897,0.5046625648226061,0.9990290403366089,0.9568257218315495,0.5109960635503137,0.998296856880188,59.78135276864279,0
366,0.9189473362196067,0.2846874140557791,0.9985136389732361,0.9925775641486766,0.3111804454099567,0.9966444373130798,0.9162411292394009,0.5050663068180996,0.9990103840827942,0.9570785306748897,0.5109577945300515,0.9982239007949829,59.78135276864279,0
367,0.9189651949065079,0.2849716444810234,0.9984445571899414,0.9927326015063703,0.3105693431127642,0.996637761592865,0.9162843539601288,0.5048780185835706,0.9989883899688721,0.9573579913093937,0.5107356111208602,0.9981696605682373,59.78135276864279,0
368,0.9190042359488358,0.28521694030080547,0.9983890056610107,0.9928841250283386,0.31025667275701274,0.9965627193450928,0.9163705337615248,0.5048814813296004,0.9989816546440125,0.9575703541437792,0.5106265885489332,0.9981253743171692,59.78135276864279,0
369,0.9190439383188891,0.28542842041878497,0.9983301758766174,0.9929739208448508,0.3101712436903093,0.9965177178382874,0.9164710357075653,0.5048755974996662,0.9989498257637024,0.9576444029808052,0.5106041516576498,0.9980490803718567,59.78135276864279,0
370,0.919080955641611,0.28559265675998896,0.9982427954673767,0.9929692319461285,0.31016638023512727,0.9962833523750305,0.9165939745448892,0.5048930134092062,0.9988837838172913,0.9576870515233002,0.5105760580017458,0.9978981018066406,59.78135276864279,0
371,0.9191314663205835,0.28568342044239975,0.9981662034988403,0.9929883934202657,0.3100147289889202,0.9960951209068298,0.9166877695492344,0.5050626709347683,0.9988089799880981,0.9577094969295328,0.5107605627604898,0.9977452754974365,59.78135276864279,0
372,0.9192015159697766,0.28575210911887056,0.9980761408805847,0.9929906413668685,0.3097826128914245,0.9958652257919312,0.9167752265930182,0.5054342292603996,0.9987192153930664,0.9577270178567803,0.5111301541328435,0.9975711703300476,59.78135276864279,0
373,0.9192992221741456,0.28582453160058907,0.9979802966117859,0.9929865172931134,0.3095319810367768,0.9955320954322815,0.916882120427632,0.5058035595076429,0.9986483454704285,0.9577974336487914,0.5114564072518126,0.997411847114563,59.78135276864279,0
374,0.9194423953692126,0.2858835728395555,0.997864842414856,0.9929672139031555,0.30930075475147817,0.9952636957168579,0.9170684076490865,0.5061311352820628,0.9985539317131042,0.9579102936245154,0.5116902561414813,0.9972093105316162,59.78135276864279,0
375,0.919605385689509,0.28593373866308325,0.9977774024009705,0.9929577679861168,0.3092212620235627,0.9951250553131104,0.9172685912677228,0.5063908866473611,0.9984859824180603,0.9580058909597859,0.5118170210293366,0.9970774054527283,59.78135276864279,0
376,0.9197500234558477,0.28597809871037827,0.9977318048477173,0.9930058575811849,0.3093006355421886,0.9950859546661377,0.917438087009249,0.5064913375037061,0.9984422922134399,0.9581004835310444,0.5116930745896844,0.9969839453697205,59.78135276864279,0
377,0.9198754798798341,0.2859955742245631,0.9977207183837891,0.9931173949014581,0.30937246055830114,0.9950047731399536,0.9175562773432058,0.5065164764722192,0.9984138011932373,0.9581410373960231,0.5115354259808862,0.9969038367271423,59.78135276864279,0
378,0.9199558354559406,0.2860022683938347,0.9977216720581055,0.9932069182395944,0.3094209475176678,0.994888186454773,0.9176944210415802,0.5064864612761002,0.9983920454978943,0.9582748044104811,0.5112765119189312,0.9968188405036926,59.78135276864279,0
379,0.9199961622556059,0.28600599368413315,0.9976760745048523,0.9932744872002383,0.30942043803987074,0.9948316216468811,0.9178816903205153,0.5063190857569381,0.9983690977096558,0.9586432519413184,0.5109575419198904,0.9967586398124695,59.78135276864279,0
380,0.9200151392391758,0.28599481639407953,0.9976751804351807,0.9933039631162378,0.3093197998546421,0.9947773814201355,0.9181332758494793,0.5059098885172894,0.9983405470848083,0.9591298472313662,0.510578192415692,0.9966841340065002,59.78135276864279,0
381,0.9200266997019457,0.2859802288668498,0.9976850748062134,0.9933532873789478,0.3092740348407203,0.9947606325149536,0.9184011958894283,0.5053982763063344,0.9983569979667664,0.9596547654696881,0.5102837199256538,0.9966927170753479,59.78135276864279,0
382,0.9200167514029011,0.285988509654999,0.9976782202720642,0.9933382528168824,0.30910992480459687,0.9946792125701904,0.9186672341255921,0.5048352508317862,0.9983794689178467,0.9602159602301469,0.5100127742404034,0.9967222213745117,59.78135276864279,0
383,0.9200053867839639,0.2860607589994161,0.9977275133132935,0.9933252391361064,0.3089160465058829,0.9946022629737854,0.918856498740969,0.5045910165423443,0.9984501600265503,0.9605986589477183,0.5099719677652635,0.9968280792236328,59.78135276864279,0
384,0.9200308691887635,0.2861770803020116,0.9977440237998962,0.9933353463808704,0.3087703841073175,0.9943726658821106,0.9190218647321072,0.5046580320312868,0.9985015392303467,0.9608250941549037,0.5100635006314236,0.9968969225883484,59.78135276864279,0
385,0.9200709632464825,0.28630434189523996,0.9977796077728271,0.9933666189511625,0.3086097524279642,0.9943533539772034,0.919171421300798,0.5049895104907811,0.9985760450363159,0.9610524518149247,0.5102782590048658,0.9970112442970276,59.78135276864279,0
386,0.9201468456359143,0.2863985257489343,0.9977877736091614,0.9934296409289051,0.30858095912706307,0.9943138957023621,0.9194780417851046,0.5053934085936778,0.9986174702644348,0.961183604739962,0.5104811418624156,0.9970563650131226,59.78135276864279,0
387,0.9202401666414177,0.2864503718557814,0.9976755380630493,0.9935206969579069,0.30895800249917194,0.9940567016601562,0.9198568378176015,0.505742362567357,0.998595118522644,0.9612332837922241,0.5106390686262225,0.9969875812530518,59.78135276864279,0
388,0.920297991661799,0.2864584866024201,0.9976692199707031,0.9935214349201755,0.3094428295180913,0.9940510988235474,0.9202207184973226,0.5058609332357138,0.998627245426178,0.9613210785956618,0.510744466668084,0.9970216155052185,59.78135276864279,0
389,0.9202833118892859,0.2864860594272616,0.9977453947067261,0.9935201945759009,0.3100517534074332,0.9944798946380615,0.9204346083459407,0.5058994037764417,0.9986610412597656,0.9613589786347896,0.5108189497675218,0.9970794320106506,59.78135276864279,0
390,0.920198199294863,0.28650451557976886,0.9978349208831787,0.9935175152052025,0.3104245095025928,0.9948671460151672,0.920506091344925,0.5057705725942343,0.9987213015556335,0.9613575935363777,0.5108036484037131,0.9972240328788757,59.78135276864279,0
391,0.9200618323825662,0.28649227675937494,0.9978466033935547,0.99353108235768,0.3103838463624321,0.9950599670410156,0.920448853856042,0.5056118113654005,0.9987056851387024,0.9613862321490341,0.5107634862264001,0.9972231388092041,59.78135276864279,0
392,0.9199472580637259,0.2864338656266533,0.9978623390197754,0.9935595818928318,0.3102327982584638,0.9951410889625549,0.9204428309486032,0.505517130806333,0.9987070560455322,0.9614161480040785,0.5107359857786273,0.9972394108772278,59.78135276864279,0
393,0.9198783692859476,0.2863678080695018,0.9979116916656494,0.993591044630324,0.31023808178447565,0.9953209757804871,0.9204124467713499,0.5055206616719568,0.9987165927886963,0.9614060861723771,0.5107438933281676,0.9972832798957825,59.78135276864279,0
394,0.9198369837942585,0.2862844708419984,0.9979649186134338,0.9936233787309564,0.31027350113505436,0.9954702854156494,0.9203292244956616,0.5054954545838496,0.9987290501594543,0.9614370266596484,0.5107573639778868,0.9973328113555908,59.78135276864279,0
395,0.9197874097597039,0.2862278265612468,0.9979641437530518,0.9936820864677436,0.31065076305752737,0.9953933954238892,0.9200634417079752,0.5054636966614501,0.9986898899078369,0.9614252817063114,0.510766168435415,0.9972732663154602,59.78135276864279,0
396,0.9197135425749285,0.28617656230926536,0.9980223774909973,0.9937007938112539,0.3109932499272485,0.9954911470413208,0.9196529218128757,0.5054113495917552,0.9986987709999084,0.9612545172373462,0.5107630377724062,0.9972927570343018,59.78135276864279,0
397,0.9195882167134974,0.28613956343560015,0.9981141090393066,0.9935391573678888,0.3111833447501775,0.9957802891731262,0.9191540366127385,0.5053814933413555,0.9987316727638245,0.9609182164782577,0.5107649025462927,0.9973582625389099,59.78135276864279,0
398,0.9194069050607234,0.2861171393167407,0.9981756806373596,0.9932326986676179,0.3113280676660086,0.9960134029388428,0.9186026539121362,0.5054551533290322,0.9987295269966125,0.9604111058371415,0.5108315405391516,0.9973783493041992,59.78135276864279,0
399,0.9191597898801176,0.28614562749862693,0.9982360601425171,0.9928478201230375,0.3113111257553103,0.9962437748908997,0.918080355439868,0.505580964542571,0.9987308382987976,0.9598348452931367,0.5109438640730726,0.9974053502082825,59.78135276864279,0
400,0.9188652322405868,0.28619198430152193,0.9983059763908386,0.9924275761558905,0.31111104431606496,0.9964615106582642,0.9177141870771143,0.505758370671954,0.9987466335296631,0.9592834398860031,0.5111511236145387,0.997419536113739,59.78135276864279,0
401,0.9185856552351096,0.2862308337574916,0.9983355402946472,0.9921153528349749,0.31103795341083007,0.9966390132904053,0.9174690615563172,0.5059374684379219,0.9987139701843262,0.9588430240040742,0.5114646468843737,0.9974011182785034,59.78135276864279,0
402,0.9183978069396254,0.28630318670045785,0.9983168244361877,0.9920138035501761,0.31132275575683255,0.9966980218887329,0.9173586907840918,0.5060864289601648,0.998627245426178,0.9585323135058093,0.5117900967597966,0.9972928762435913,59.78135276864279,0
403,0.9183040318034952,0.28638968581245083,0.998336911201477,0.9918478670574378,0.3110252774897079,0.9968279600143433,0.9173456969715308,0.5061962036859425,0.998613178730011,0.9583944848605573,0.5120240705353877,0.9972772598266602,59.78135276864279,0
404,0.9182715302421941,0.28648194103013924,0.9983231425285339,0.99153281677337,0.3096937650725958,0.9968551993370056,0.9173439343770352,0.5063350285802573,0.9985406398773193,0.9583481975964145,0.5120645278976081,0.9971823692321777,59.78135276864279,0
405,0.9182137875329888,0.28657642716453213,0.9982067346572876,0.9910995449338649,0.30797307973816307,0.9962677359580994,0.9173007210095729,0.5064435118720649,0.9984037280082703,0.9583493840126772,0.5119293133417769,0.9969210624694824,59.78135276864279,0
406,0.9180963663827812,0.2866462880656835,0.9981693625450134,0.990469591958183,0.3061045862379531,0.9957749843597412,0.9172478772345051,0.5065899860291259,0.9983430504798889,0.9582581974211201,0.5117867674146384,0.9967517256736755,59.78135276864279,0
407,0.9178930265562882,0.2866588050410863,0.9982103109359741,0.9897516909099768,0.30427820483843515,0.9956502318382263,0.917194312527067,0.5067124622208736,0.9983558654785156,0.9581317447480708,0.5113833404722672,0.9967423677444458,59.78135276864279,0
408,0.9176541907446731,0.28665185258502074,0.9982194900512695,0.9891742751711899,0.30340809907232036,0.9952992796897888,0.9171227472169066,0.5067919464338397,0.9983361959457397,0.9580067055565977,0.5107667729968121,0.9966573119163513,59.78135276864279,0
409,0.9174348570051656,0.28660806871595856,0.9982382655143738,0.9887415397734877,0.302684070098968,0.9950588345527649,0.9170662703968238,0.5067159618650168,0.9983582496643066,0.9579289527166466,0.5100191945121406,0.996667206287384,59.78135276864279,0
410,0.9172968438693463,0.28654611536434743,0.9982997179031372,0.9885035185586847,0.302445872908547,0.9950399994850159,0.9170466434387942,0.506573767889114,0.9984418153762817,0.9579071061951782,0.5093141027859283,0.9967935085296631,59.78135276864279,0
411,0.9171501426469719,0.2864789309955781,0.9983806014060974,0.9882718353044427,0.303052692186265,0.9950975179672241,0.9170545367967522,0.5063903530438745,0.9985353350639343,0.9578948588598349,0.508871884573074,0.9969308972358704,59.78135276864279,0
412,0.9168066325641822,0.28641098595800873,0.9984250068664551,0.9880137982822608,0.3040216763814293,0.9950330853462219,0.917073451337361,0.5062890989439832,0.9985969066619873,0.9578541119893399,0.5088152119091582,0.9970043301582336,59.78135276864279,0
413,0.9162670600981947,0.2863514480136692,0.9984517693519592,0.9877462046487,0.30477346550850665,0.9948313236236572,0.9170957945642024,0.5063132473400664,0.9986317157745361,0.9578289815357761,0.5089547407059447,0.997024655342102,59.78135276864279,0
414,0.9155646988323765,0.2863058022090369,0.9985033273696899,0.9875418032918666,0.30535002833321007,0.9948458075523376,0.9171136447361545,0.5066071777116689,0.9986931681632996,0.9578290269488388,0.5092926394371764,0.9971214532852173,59.78135276864279,0
415,0.9148060906501051,0.28627106973103134,0.998528242111206,0.987311297938938,0.30548762707483224,0.9947541952133179,0.9171198095594142,0.5070311228434249,0.9987381100654602,0.9578520087968744,0.5097440963699709,0.9971784949302673,59.78135276864279,0
416,0.9140932559967049,0.286236780030387,0.9985948801040649,0.9870117022877656,0.30559078994251454,0.9950292706489563,0.9171117203576231,0.5074751064890911,0.9988008141517639,0.9577788171314066,0.5102708935737614,0.9973042607307434,59.78135276864279,0
417,0.9135357538859057,0.28617248790604755,0.9986254572868347,0.9865773376964395,0.305752781175432,0.9953052401542664,0.9171071762130382,0.507796909127917,0.9988078474998474,0.9576218752633965,0.5107142641430813,0.9973194003105164,59.78135276864279,0
418,0.9130532088733863,0.2860643565654757,0.9986780881881714,0.9862050612767544,0.30620337384087726,0.9956628084182739,0.91708810272671,0.5078645490464714,0.9988163113594055,0.9574244590032677,0.5109753608703618,0.9972501397132874,59.78135276864279,0
419,0.9127289596058081,0.2859538765180681,0.9987562298774719,0.9860264971142731,0.3069113038835074,0.9960137009620667,0.9170899476323817,0.5077980189096364,0.998844563961029,0.9572580002603084,0.5113289242699037,0.9972299337387085,59.78135276864279,0
420,0.9123551732017887,0.28588602798325696,0.9988276958465576,0.9860692449978428,0.30765963168371313,0.9963054656982422,0.9171093702316291,0.5077958674657916,0.9988724589347839,0.9571970559301839,0.511696611131941,0.9971886277198792,59.78135276864279,0
421,0.9119554417473936,0.2858610493796214,0.9988661408424377,0.9861463421867015,0.3082601896354133,0.9965104460716248,0.9171752078192582,0.5078706315585549,0.9988904595375061,0.9572414131391623,0.5121107271739419,0.9971274733543396,59.78135276864279,0
422,0.9114681198483429,0.2858807969660988,0.9988901019096375,0.9861063077336274,0.30842769855544705,0.9967149496078491,0.917153628099533,0.508054369971866,0.9988947510719299,0.9572486934207742,0.512549689837865,0.9970438480377197,59.78135276864279,0
423,0.9110761057762881,0.2858885200250719,0.9989306926727295,0.9861114280564451,0.308447796674002,0.996922492980957,0.9170167247454333,0.5082890362966632,0.9988955855369568,0.9572536406062906,0.512966150329227,0.996981143951416,59.78135276864279,0
424,0.9108667629105712,0.2858728184586482,0.9989686608314514,0.9861855109532682,0.30856092770894394,0.9971092343330383,0.9166969259579983,0.5084280258133302,0.9988951683044434,0.957235398746673,0.5132173101107284,0.9969374537467957,59.78135276864279,0
425,0.9107896203086496,0.28582860884212336,0.9990231394767761,0.986311892668407,0.308896281889507,0.9973081946372986,0.9162951196943018,0.5085150116965889,0.9989277124404907,0.957212238084703,0.5134661566643491,0.997009813785553,59.78135276864279,0
426,0.9107273873828714,0.28576091215724064,0.9990800619125366,0.9864373859905069,0.30926354442323983,0.9975097179412842,0.9159815538497206,0.508554489839645,0.99896639585495,0.9572384442601892,0.5136222896121801,0.9971219301223755,59.78135276864279,0
427,0.9106363398688188,0.2857046723365786,0.9991135597229004,0.9865509186472219,0.3096113588128774,0.9976718425750732,0.9158275127410895,0.5086009587560385,0.9989991188049316,0.9572778060322724,0.513727690492358,0.9972162246704102,59.78135276864279,0
428,0.9104342120034361,0.2856292015030273,0.9991338849067688,0.9865515090170369,0.30977423843883356,0.997785210609436,0.915776471296947,0.5085331031254363,0.9990262985229492,0.9572189138049179,0.5136305633045382,0.9973081946372986,59.78135276864279,0
429,0.9101897534869974,0.2855592582906998,0.9991746544837952,0.9865700347082963,0.3098312360899792,0.9978972673416138,0.9157870383489707,0.5083352071898328,0.9990696310997009,0.9570821410133732,0.5134217909404214,0.9974419474601746,59.78135276864279,0
430,0.9098056753476468,0.2855191046283361,0.9992084503173828,0.9864829551605959,0.30974038583891755,0.9980023503303528,0.915661914008005,0.5081707636515304,0.9991121888160706,0.9569007612410054,0.5131781583740602,0.9975697994232178,59.78135276864279,0
431,0.9092537221454446,0.2854842983541037,0.9992414712905884,0.9863119011833562,0.30962378921962946,0.9981071352958679,0.9154541151864196,0.5080573502041049,0.999153196811676,0.9567351937294014,0.5129756984256567,0.9976997971534729,59.78135276864279,0
432,0.9087359479495465,0.2854473335402355,0.9992733597755432,0.9861399190766478,0.30951106832140995,0.9981729984283447,0.9152062535285956,0.5080170404343382,0.9992009401321411,0.9566544322740471,0.5129689233643673,0.9978297352790833,59.78135276864279,0
433,0.9082407582373854,0.28544137307575795,0.9993008971214294,0.985966330482847,0.3093587330409461,0.998259425163269,0.9149506120454705,0.5080481058075319,0.9992448687553406,0.9566394090652474,0.5130859868867061,0.9979555010795593,59.78135276864279,0
434,0.9078802409626197,0.2854137023290001,0.9992935061454773,0.9857914930298224,0.3092779545556934,0.998324990272522,0.9147744973500577,0.5084262291590376,0.9992629289627075,0.9566131659916477,0.5133826562336516,0.998030424118042,59.78135276864279,0
435,0.9076593433107656,0.2854115707533702,0.9992982745170593,0.9856820503870655,0.3091224829355878,0.9984137415885925,0.9147537634486251,0.5090974540937518,0.9992849230766296,0.9566178577286863,0.513827312560309,0.9981067776679993,59.78135276864279,0
436,0.9074260876292282,0.28540007273356144,0.9993125200271606,0.9855412329946254,0.3086480143524354,0.9984899163246155,0.9147883937472396,0.5097840485118688,0.999303936958313,0.9566493857474562,0.5141781284695583,0.998170793056488,59.78135276864279,0
437,0.907192922773816,0.28535528551964556,0.9993337392807007,0.9854269794055401,0.3078307481039141,0.9985777735710144,0.9148871359371011,0.5101039636702769,0.9993196725845337,0.9566977989105958,0.514119610899971,0.998237669467926,59.78135276864279,0
438,0.9069550094150369,0.28529435538110304,0.9993592500686646,0.9853238406635475,0.30700816710790024,0.9986555576324463,0.9149449666341154,0.5099490852583026,0.9993299245834351,0.9567303998129716,0.5137776902743753,0.9982914328575134,59.78135276864279,0
439,0.9066830249059775,0.2852234272729785,0.9993842840194702,0.985225873334068,0.3062285284201307,0.9987176656723022,0.9149630268414822,0.5092897102946331,0.9993314146995544,0.9567641445568638,0.5130247331800919,0.9983242154121399,59.78135276864279,0
440,0.9064031442006437,0.28517422647703283,0.9994035959243774,0.985121326787132,0.30582742889722214,0.9987691044807434,0.9149349275089452,0.5088082977703643,0.9993371963500977,0.9568121972538184,0.5123819311459863,0.9983572959899902,59.78135276864279,0
441,0.9060703970137104,0.2851854804016297,0.9994258284568787,0.9849074511300958,0.30565039032981534,0.9988232851028442,0.9149332869620557,0.5086081794330056,0.9993529319763184,0.9568912897791189,0.5119025536945891,0.9984046816825867,59.78135276864279,0
442,0.9057590195110873,0.28514776201475256,0.9994413256645203,0.984613395872571,0.30533602266084603,0.99886554479599,0.9149188399314887,0.5084102295693902,0.9993711709976196,0.9569855218841924,0.5113387022699633,0.9984564781188965,59.78135276864279,0
443,0.9055296040716633,0.2850313612392973,0.9994568824768066,0.9842015079089581,0.30481282302311513,0.998898983001709,0.9148927359353936,0.5080556216694063,0.9993853569030762,0.9570605925151288,0.5106614572661268,0.9984926581382751,59.78135276864279,0
444,0.9053462289628535,0.2848824589025409,0.9994797706604004,0.9837209525562476,0.3043021800972169,0.9989296197891235,0.9148635012762895,0.5076617030870351,0.9993972778320312,0.957087369192215,0.5101055417742052,0.9985156655311584,59.78135276864279,0
445,0.9052274056843356,0.2847246910844533,0.9994962811470032,0.9833577644257326,0.30392327478953796,0.9989482760429382,0.9148147844132931,0.507240162009285,0.9993956685066223,0.9570894837379463,0.5096776116461985,0.998510479927063,59.78135276864279,0
446,0.9050879989351552,0.2846305881227768,0.9995128512382507,0.9831795465378542,0.3038712683178132,0.9989596009254456,0.9147652330852698,0.5069723753702078,0.9993878602981567,0.9570877381733494,0.5095552461487911,0.9984904527664185,59.78135276864279,0
447,0.9049185826664886,0.2846345674423947,0.9995282292366028,0.983128854206631,0.3041256197861265,0.9989867806434631,0.9146666640327098,0.506935108275641,0.9993935823440552,0.9570838411649076,0.5096766551335656,0.9985072016716003,59.78135276864279,0
448,0.9047373419716251,0.28464764214697363,0.9995412230491638,0.9831624286515379,0.3044565149715971,0.9989951848983765,0.9145096199853087,0.506972778411139,0.9993984699249268,0.9570885130337314,0.5098086992899581,0.9985109567642212,59.78135276864279,0
449,0.904486400740488,0.28464085147494383,0.9995537996292114,0.983162789117723,0.3048056534358436,0.9990214109420776,0.9142863892373593,0.5069704481533599,0.9994104504585266,0.9570528524262572,0.5099137936319629,0.9985373020172119,59.78135276864279,0
450,0.9041944543520617,0.28461924053373816,0.9995655417442322,0.9831478226752517,0.3050996732144131,0.999055027961731,0.9139971931775418,0.506835276172275,0.9994261264801025,0.956970847788312,0.5098978678385422,0.9985768795013428,59.78135276864279,0
451,0.9037948733284367,0.2846169698806038,0.9995699524879456,0.9831130816822968,0.3053244167850133,0.9990878701210022,0.9136476403190983,0.5065993808564689,0.999435544013977,0.9568611156372804,0.5097720878464839,0.998589813709259,59.78135276864279,0
452,0.903315274488359,0.2846688117299763,0.9995747208595276,0.9830928842226673,0.3055982589721682,0.9991265535354614,0.9132482664925718,0.506342845303672,0.9994426369667053,0.9565184655643653,0.5096078117688501,0.9986001253128052,59.78135276864279,0
453,0.9028556545575467,0.2847043673197431,0.9995765089988708,0.9829911816687819,0.3058047450724105,0.9991550445556641,0.9128819448607316,0.5061405897140507,0.9994462132453918,0.9557896369979504,0.5094925165176396,0.9985988736152649,59.78135276864279,0
454,0.9024847490446916,0.28471512595812504,0.9995797276496887,0.9827636934462056,0.30591238254592557,0.9991893768310547,0.9126178224881498,0.5060400537082131,0.9994403719902039,0.9548933193797164,0.5094575512976878,0.9985936284065247,59.78135276864279,0
455,0.9021999835968024,0.28469842672348045,0.9995881915092468,0.9824495571000242,0.305974819830486,0.9991939067840576,0.9124385317166653,0.5060242244175506,0.9994240403175354,0.9540673693021146,0.5095138209206722,0.9985515475273132,59.78135276864279,0
456,0.9020118656612586,0.2846590450831824,0.9995832443237305,0.982086414382572,0.3052714850221364,0.9992037415504456,0.9123273577008937,0.5060005415053599,0.9993937015533447,0.9534912677038292,0.5095413440749763,0.9984767436981201,59.78135276864279,0
457,0.9018355068706339,0.2846476733684542,0.9995887875556946,0.9817556227956508,0.30403445448194255,0.9992265105247498,0.9122564792633063,0.5059677646273663,0.9993835091590881,0.9533018356277837,0.5095078065281826,0.9984538555145264,59.78135276864279,0
458,0.9017059604326891,0.28468404639334927,0.9995895624160767,0.98157781078702,0.30297606048129877,0.9992477297782898,0.9121370741299227,0.505949940000262,0.9993594884872437,0.9532892164729898,0.5095656343868805,0.9984147548675537,59.78135276864279,0
459,0.9015503752799268,0.28470674724805944,0.9995770454406738,0.9814782000723348,0.30197517077128117,0.9992563128471375,0.9120390500341151,0.5059915241741002,0.9993172287940979,0.9532133085387101,0.5097211826415293,0.9983375668525696,59.78135276864279,0
460,0.9013880377724064,0.2847363338583994,0.9995850920677185,0.9814372545196904,0.30121820881253225,0.9992800951004028,0.9119533101717638,0.505934596061707,0.9993241429328918,0.9531605612664003,0.5097628008751647,0.9983419179916382,59.78135276864279,0
461,0.9012277665592382,0.28475160258156934,0.9995851516723633,0.9814203580220549,0.300851391894477,0.9992970824241638,0.9118771922020692,0.5058103288922995,0.9993172287940979,0.9531120402472367,0.5096946954727177,0.9983075261116028,59.78135276864279,0
462,0.9010718322935566,0.28471711419877577,0.9995734095573425,0.9813817143440254,0.30024683759326054,0.9993032217025757,0.9118696791785111,0.5055607330231444,0.9992830157279968,0.9530408212116794,0.5094644342150011,0.9982333183288574,59.78135276864279,0
463,0.900955782050179,0.28466477990150474,0.9995730519294739,0.9813726970127659,0.2997921634288063,0.9993042945861816,0.9118653479076575,0.5052305005845574,0.9992507100105286,0.9529751482464026,0.5091010275341219,0.9981013536453247,59.78135276864279,0
464,0.9009139481044959,0.2845991197086518,0.9995662569999695,0.9814002201670701,0.2996720103990467,0.9992979168891907,0.9117051107542863,0.5048035553523476,0.9992206692695618,0.9528954937344514,0.5084675976208282,0.997982919216156,59.78135276864279,0
465,0.900838025978634,0.28454312682151817,0.9995760917663574,0.9814489881197619,0.29963595100811574,0.9993230700492859,0.9114384395735612,0.5042764345804854,0.9992099404335022,0.952765921751659,0.5077026968910585,0.997946560382843,59.78135276864279,0
466,0.9006867522285106,0.28452700518426466,0.9995774626731873,0.9814921418825793,0.2995564795675734,0.9993322491645813,0.9111724382355108,0.5036636193593347,0.9991969466209412,0.9526220304625383,0.5068124106952127,0.9978902339935303,59.78135276864279,0
467,0.9004763052577072,0.28448576018923827,0.9995754361152649,0.9814917870930271,0.2994339735735033,0.9993330836296082,0.9109395657266897,0.5032026427132746,0.9991698265075684,0.9524283522651318,0.5060721380370008,0.9977755546569824,59.78135276864279,0
468,0.9002800754138409,0.2844054102897646,0.9995769262313843,0.9814631683485856,0.2992438418524608,0.9993400573730469,0.9107235159192774,0.5029041114307589,0.9991569519042969,0.95226218870708,0.50557610818318,0.9977019429206848,59.78135276864279,0
469,0.9001009180432282,0.2843231033711209,0.9995847940444946,0.9813974301020312,0.29927556429590524,0.9993602633476257,0.9104959425472086,0.5028397298994522,0.9991545081138611,0.9521680587813974,0.5054120222727462,0.9976787567138672,59.78135276864279,0
470,0.8999768523942864,0.28425263790857247,0.9995937347412109,0.9812521054631196,0.29948822799183095,0.9993847012519836,0.9101305831046339,0.5028681244168967,0.9991525411605835,0.952120815004622,0.5052230045908978,0.9976702928543091,59.78135276864279,0
471,0.8998197231973928,0.2842011948426567,0.9996026754379272,0.9811019613629304,0.2998770290897008,0.9994076490402222,0.9097432976677312,0.5028349501746046,0.9991757273674011,0.9521071343194878,0.5050067163649063,0.997706949710846,59.78135276864279,0
472,0.8995374923660648,0.28420451283454917,0.9996049404144287,0.9807778852326536,0.30017152002879577,0.999417245388031,0.9094346137273887,0.5028097175416497,0.9991793632507324,0.9520795260156911,0.5047691436040973,0.9976906180381775,59.78135276864279,0
473,0.8991727687063679,0.28424356523014277,0.9996102452278137,0.9805451546396535,0.30035808540525916,0.9994271993637085,0.9092390395346149,0.5028105463300436,0.9991815686225891,0.9520275308972321,0.504559267134894,0.9976940751075745,59.78135276864279,0
474,0.8988252934955422,0.2843439862841654,0.9996107816696167,0.9798679209890827,0.3002648850282036,0.9994218945503235,0.909107827004933,0.5028195182482404,0.9991850852966309,0.9519743550391432,0.5043947043873018,0.9976710081100464,59.78135276864279,0
475,0.8985272731099817,0.28451079697836035,0.9996203184127808,0.9788609544436145,0.3001229465007784,0.9994380474090576,0.9090894120080137,0.5028476629938402,0.9992220997810364,0.9519359781628571,0.5043364706493563,0.9977548718452454,59.78135276864279,0
476,0.8983057027771366,0.2847151046707519,0.9995812177658081,0.9778133432070422,0.30004401717867196,0.9993518590927124,0.9090992723192495,0.5028609207698281,0.9992259740829468,0.9519242388861526,0.5043473470778697,0.9976973533630371,59.78135276864279,0
477,0.8981371834164581,0.2850283185640973,0.9995452761650085,0.9770580672082454,0.30006154662086876,0.9992311000823975,0.9091164242653628,0.5029006855828426,0.999184250831604,0.9518923248563501,0.5044074172065376,0.997549295425415,59.78135276864279,0
478,0.8979854952721377,0.28546462598301137,0.9994954466819763,0.9766169701303763,0.29999992677143666,0.9991244077682495,0.9090910383633213,0.5029014519282754,0.9991063475608826,0.9517859362420589,0.504435499509176,0.9973494410514832,59.78135276864279,0
479,0.8978130221366889,0.28593349598702955,0.9994767308235168,0.9767376837276286,0.2998961139292946,0.9990419745445251,0.9090380725406473,0.5027567829404562,0.9990745186805725,0.95152520281928,0.5043776574588961,0.9973173141479492,59.78135276864279,0
480,0.8976455841745656,0.2863173555760159,0.9994524121284485,0.976556150686174,0.29963269120170977,0.9989302158355713,0.9089802248137344,0.5025500711940587,0.9990361928939819,0.9511603287288128,0.5043172013191954,0.9972910284996033,59.78135276864279,0
481,0.8974231708617444,0.2865324233259476,0.9994251132011414,0.9761201739311227,0.2993010367665975,0.9988430738449097,0.9088798080171865,0.502320990675972,0.9989692568778992,0.9507337013880419,0.5042282626742413,0.9971223473548889,59.78135276864279,0
482,0.8971487312089836,0.2865521084694638,0.9993983507156372,0.9754762337321335,0.299089883055006,0.9987767338752747,0.9087056460834693,0.5022120106787913,0.9989116191864014,0.9503711121422911,0.504267581871578,0.9970424175262451,59.78135276864279,0
483,0.8969119389851896,0.2864611461049037,0.9993724226951599,0.9748952871277227,0.29913305526688005,0.9987490773200989,0.9084591212726782,0.5022461102122356,0.9988275766372681,0.9498288830121366,0.5044400152705969,0.9968530535697937,59.78135276864279,0
484,0.8967397667112812,0.28635931440762136,0.9993599653244019,0.9745076667694826,0.2994253223850616,0.9987522959709167,0.9082031789280127,0.5024570340201973,0.9987562894821167,0.9492921119644536,0.5047200520833337,0.9966995716094971,59.78135276864279,0
485,0.8966153065363573,0.28625778924851214,0.9993716478347778,0.9743899362427856,0.29981175206956434,0.9987971186637878,0.9079603013538186,0.5026717299506782,0.998749315738678,0.9488293528556832,0.5049796274730141,0.9966934323310852,59.78135276864279,0
486,0.8965537633214685,0.2862003133410501,0.9993894100189209,0.9743960982277288,0.3001194156351546,0.9988118410110474,0.9078197734696531,0.5029149509611588,0.9988155364990234,0.9485390839122598,0.505213816960653,0.9968217015266418,59.78135276864279,0
487,0.8964375399407893,0.28618585353805925,0.9994073510169983,0.9742757167134974,0.30031554046131337,0.9988278150558472,0.9077364575295228,0.5029922127723698,0.9988672137260437,0.9484151459875568,0.5052833642278403,0.9969063401222229,59.78135276864279,0
488,0.8962940431776509,0.28622303122565884,0.9994175434112549,0.9739330666405821,0.3003512209370025,0.998853325843811,0.9077287146023348,0.5029730654898148,0.9989024996757507,0.9483548998832709,0.5052778607323061,0.9969648122787476,59.78135276864279,0
489,0.8961485170182735,0.28626265412285234,0.9994230270385742,0.9734463237580806,0.3004393378893537,0.9988387227058411,0.9075429155713044,0.5028239885965987,0.9989241361618042,0.948076438336146,0.5051965685117816,0.9969861507415771,59.78135276864279,0
490,0.896025322732472,0.28631038609005177,0.9994175434112549,0.972920341151102,0.3005979614598413,0.998782217502594,0.9072183001609083,0.5027301595324566,0.998914361000061,0.9477773365520303,0.5051565879867195,0.996989905834198,59.78135276864279,0
491,0.8958977602777034,0.28636006656147206,0.9994032382965088,0.9725517289979124,0.3007663928327109,0.9986622929573059,0.9067838731266211,0.5026869660332094,0.9988849759101868,0.947551193691436,0.5051334557079137,0.9969542622566223,59.78135276864279,0
492,0.8957496086756396,0.2864200856004445,0.9994059205055237,0.9724129722231918,0.30110398928324406,0.9986370205879211,0.9063296431586864,0.5027123235520866,0.9989076852798462,0.9473726550738024,0.5051501223019195,0.9970354437828064,59.78135276864279,0
493,0.8954927722613024,0.28645544250806193,0.9994059801101685,0.9722659559476952,0.3015152201766062,0.9986352920532227,0.9059754751977473,0.5026610096295678,0.9989107847213745,0.9472494579496846,0.5051343270710541,0.9970011115074158,59.78135276864279,0
494,0.8951918426014136,0.2864902828420914,0.9993879795074463,0.972145114626204,0.30189314484596275,0.9985798597335815,0.9058353588694626,0.5026000681377596,0.9988887310028076,0.9471525606654947,0.5050853575978964,0.9970018863677979,59.78135276864279,0
495,0.8948758272897637,0.2865223316919238,0.9993749856948853,0.9719952940940865,0.3023356866268887,0.9985381364822388,0.9057287715730221,0.5025034404936295,0.9988680481910706,0.9470364167576752,0.5050059642110556,0.9969910979270935,59.78135276864279,0
496,0.8946372157051456,0.2865716928527471,0.9993665218353271,0.9718074997266142,0.3026179032666345,0.9984703660011292,0.9057092893691296,0.5023963735217144,0.9988740086555481,0.9468300910223106,0.5049131285576598,0.9970203042030334,59.78135276864279,0
497,0.8944907188415535,0.28662569182259723,0.9993600845336914,0.9716138981637509,0.3027621223813014,0.9983961582183838,0.9057213039625267,0.5023447700909209,0.9988634586334229,0.9465992081732985,0.5048422330901741,0.9970250129699707,59.78135276864279,0
498,0.8944215831302469,0.2866922829832352,0.9993391633033752,0.9713992760294968,0.30290183708781315,0.9982207417488098,0.9056914448738105,0.5023781486919952,0.9988338947296143,0.9462581503958937,0.5048524226461142,0.9969890713691711,59.78135276864279,0
499,0.8943760366666892,0.28684492338271395,0.9993329644203186,0.971113670439948,0.30290919542312644,0.9981202483177185,0.9056373125030888,0.5024816961515521,0.9988537430763245,0.9459414652415692,0.5049207636288238,0.9970418214797974,59.78135276864279,0
500,0.894285650480362,0.2871031548295705,0.9993160963058472,0.9708303269885843,0.30295993458657067,0.9979789853096008,0.9055804865700866,0.5026386238279801,0.9988572001457214,0.9457083571524855,0.5050148084050137,0.9970657229423523,59.78135276864279,0
501,0.8941516223407935,0.2873923537277042,0.9992847442626953,0.970642234597888,0.30313570158822223,0.9978349208831787,0.9055368928682244,0.5028068707102824,0.9988528490066528,0.9454843203226733,0.5051483199709942,0.997076153755188,59.78135276864279,0
502,0.8939824813888194,0.28764575719833396,0.9992688894271851,0.9705308562233341,0.3033454943270913,0.9977496862411499,0.9055534941809524,0.5027551991598951,0.9988341331481934,0.9452138344446825,0.5050930352438068,0.9970591068267822,59.78135276864279,0
503,0.893807422547114,0.28777761686415926,0.9992562532424927,0.9705109113738658,0.30369156740960646,0.9976980090141296,0.9055885161672328,0.5024676663534986,0.998809814453125,0.9449936151504524,0.5048637702351528,0.9970235824584961,59.78135276864279,0
504,0.8936820314044052,0.28783837812287494,0.9992383718490601,0.9705040085883376,0.30406004474276616,0.9975612759590149,0.9056104733830415,0.5021063089370731,0.9987632036209106,0.9446505847431372,0.5045962929725651,0.9969168901443481,59.78135276864279,0
505,0.8936035320872359,0.2879215152490709,0.9992332458496094,0.9704035776002073,0.3042515644005369,0.9974810481071472,0.9056348914191844,0.5017692106110714,0.9987821578979492,0.9443485821996425,0.5042659072648915,0.9969439506530762,59.78135276864279,0
506,0.8934827446937568,0.28803666432698594,0.9991779327392578,0.9701588011923298,0.3043718366395862,0.9973531365394592,0.9056496989159365,0.501510410081773,0.9987675547599792,0.9440703448795145,0.5039225845109853,0.9969263076782227,59.78135276864279,0
507,0.8933410133634302,0.28816226692426794,0.999168872833252,0.9698184132575997,0.3043902686664039,0.9972703456878662,0.905649852185023,0.5014062268393384,0.99878990650177,0.9438328601065143,0.503705515747979,0.9969595074653625,59.78135276864279,0
508,0.8931580725170325,0.2882717152436577,0.9991645216941833,0.9694780678976158,0.30425764123598764,0.9972081780433655,0.905658438092187,0.5014805396397912,0.9988222122192383,0.943684569426946,0.5036793266023912,0.9970281720161438,59.78135276864279,0
509,0.8929894736834942,0.2883434324037463,0.9991574883460999,0.9692542183966871,0.30417108961514083,0.997160792350769,0.9056701092492974,0.5016977077438721,0.9988501667976379,0.9436420883451196,0.5039140809149973,0.9970973134040833,59.78135276864279,0
510,0.8928410467647377,0.28843154367946466,0.9991360306739807,0.9690908846401041,0.30412727168628173,0.9970528483390808,0.9056864522752315,0.502283422719865,0.9988637566566467,0.9436299886022302,0.5045116345087691,0.9971305131912231,59.78135276864279,0
511,0.8927150255157841,0.28856542706489585,0.9991066455841064,0.9689605264436639,0.304037833497638,0.9968917965888977,0.9057324528694161,0.5031018711271744,0.99887615442276,0.9436896414983849,0.5052032300404143,0.9971466064453125,59.78135276864279,0
512,0.8926142227082032,0.2887255137874969,0.9991005063056946,0.9688249343917491,0.30398129281543573,0.9967634677886963,0.905783531211672,0.5038430123102101,0.998907208442688,0.943773411569142,0.5057563554672972,0.9971908926963806,59.78135276864279,0
513,0.8924856242679421,0.2888729444571906,0.9990736246109009,0.9686983823776252,0.30394987832932274,0.9966164827346802,0.9057184486162102,0.5042750892185034,0.9989083409309387,0.9438751765659884,0.506032106422243,0.9971829652786255,59.78135276864279,0
514,0.8923115588369831,0.2889827177638102,0.999067485332489,0.9685828231629879,0.3038984721615203,0.9964752793312073,0.9055448571840929,0.5045459951673239,0.9989372491836548,0.9438186202730459,0.5062294261796138,0.9972254633903503,59.78135276864279,0
515,0.8921668217295698,0.2890271842479708,0.9990567564964294,0.9685027457418904,0.3039072326251441,0.9963245391845703,0.9053222111293254,0.5046789617765521,0.9989452362060547,0.9436042280424216,0.5064414086795993,0.9972299933433533,59.78135276864279,0
516,0.8920279826436731,0.289070533854621,0.9990624785423279,0.9684508698327208,0.3040036261081698,0.9962838888168335,0.9051328187897099,0.5049746859641306,0.9989343285560608,0.9433653070813142,0.5068257706505915,0.9972175359725952,59.78135276864279,0
517,0.8919262942813698,0.2891699870427452,0.9990531802177429,0.968418791180566,0.3040855115368255,0.9962831139564514,0.9050462189174842,0.5054261939866206,0.998938798904419,0.9431573294457942,0.5072561701138818,0.9972426295280457,59.78135276864279,0
518,0.8918922061011911,0.28930178568476744,0.9990271329879761,0.968413730462393,0.30388202269872056,0.9961398243904114,0.905060773804075,0.5058276681672964,0.9989299178123474,0.943050892580124,0.5075863032113942,0.99721360206604,59.78135276864279,0
519,0.891844652947926,0.2894203038442705,0.9989702105522156,0.9684000327473603,0.30344728344962735,0.9958304166793823,0.9050583583968033,0.5060511827468877,0.9988811016082764,0.9430840299243026,0.5077074283645271,0.9970789551734924,59.78135276864279,0
520,0.8917785542351866,0.28949692419597106,0.9989298582077026,0.9683651242937369,0.30289937910579523,0.9955966472625732,0.9050545465378541,0.5061658138320564,0.998862624168396,0.9431092540423083,0.5077042948632017,0.9970119595527649,59.78135276864279,0
521,0.8917452778135033,0.2895251086780005,0.9988676309585571,0.968333894298191,0.30236597430138384,0.9953098297119141,0.9051040382612326,0.5062291309947063,0.9988083839416504,0.943102717399598,0.5076796355701632,0.9968702793121338,59.78135276864279,0
522,0.8917044997215278,0.2895551437423345,0.9988366961479187,0.9682992895444242,0.3019806543986005,0.9950987100601196,0.9052244311287297,0.506335054125105,0.9987987875938416,0.9431064866838009,0.5077066137677151,0.9968220591545105,59.78135276864279,0
523,0.8916486927441195,0.289596505108334,0.998782753944397,0.9682713917323529,0.3017440395695825,0.994841992855072,0.9054088933127274,0.5064793172336763,0.9987438321113586,0.9431987802187609,0.5077467929749266,0.9966828227043152,59.78135276864279,0
524,0.8915949889591769,0.28962950479416644,0.9987311959266663,0.9682655675070635,0.30144977427664277,0.9945660829544067,0.9055837846937641,0.5065797084853767,0.9986938834190369,0.9433407414527174,0.5077780967666994,0.9965620636940002,59.78135276864279,0
525,0.8915310643968135,0.2896468256201065,0.9987434148788452,0.9682402667545145,0.3011324505011243,0.9945736527442932,0.9057077878997446,0.5066525084631788,0.9987151026725769,0.9435033769834617,0.5078083191599169,0.9966006278991699,59.78135276864279,0
526,0.8914932835669751,0.2896544535954796,0.9987806081771851,0.9682357765379414,0.3008987208207451,0.9946963787078857,0.9057636175836843,0.5066066781679793,0.9987505078315735,0.9435997889155441,0.507822073641278,0.9966851472854614,59.78135276864279,0
527,0.8914938427153095,0.2896495035716468,0.9988079071044922,0.9682500901676367,0.3004404774733955,0.994831383228302,0.9057822142328542,0.5063538097199944,0.9987695813179016,0.9435823219163084,0.5077419905435475,0.996745228767395,59.78135276864279,0
528,0.8914676564080382,0.2896655968257361,0.9988440871238708,0.968257061072759,0.29987438661711585,0.9950031638145447,0.9057910215286988,0.5059995935076763,0.9987915754318237,0.9435009757677721,0.5076148822194058,0.9968166351318359,59.78135276864279,0
529,0.8913726352510005,0.2896960519608999,0.9988484382629395,0.9682667652765917,0.2993397471450626,0.9949969053268433,0.9058084118933912,0.5056483035995851,0.998791515827179,0.9434776788666142,0.5074780725297479,0.9968361854553223,59.78135276864279,0
530,0.8912224400611158,0.28973643978436814,0.9988409876823425,0.9682707162130454,0.2989269565968289,0.994967520236969,0.9058174263863343,0.5054055849711104,0.9987921118736267,0.9434673644247517,0.5073774513744176,0.9968599081039429,59.78135276864279,0
531,0.8910551241465984,0.28974929451942466,0.9988213777542114,0.9682707304046276,0.29862914198920865,0.9949656128883362,0.905813830239433,0.505345321836926,0.9987775087356567,0.9433923448835108,0.5073503568058926,0.9968554377555847,59.78135276864279,0
532,0.8909313196227672,0.28972123634247576,0.998824954032898,0.9682752291361498,0.2985152687345235,0.9950579404830933,0.9057583042553501,0.5053257544835412,0.9987578988075256,0.9431755088624507,0.5073740113349192,0.9968589544296265,59.78135276864279,0
533,0.8908741587684275,0.2896244383993605,0.9988440275192261,0.9682911038398752,0.29833780441965396,0.9952490925788879,0.9056846726508376,0.5053482225963052,0.9987429976463318,0.9429017390523646,0.5074327275866558,0.9968834519386292,59.78135276864279,0
534,0.8908757822854185,0.2894944392499472,0.9988357424736023,0.9683080145290928,0.2981916325432916,0.9953032732009888,0.9054658867063984,0.5053760239056182,0.9987058043479919,0.9426589040529169,0.5075068246750609,0.9968429803848267,59.78135276864279,0
535,0.8908838062059319,0.289415118240175,0.9988488554954529,0.9683361450831104,0.29814624360629516,0.9953757524490356,0.905131195272719,0.5055258075396224,0.9987057447433472,0.9425470601944704,0.5076314324424385,0.9968481063842773,59.78135276864279,0
536,0.8908803775196991,0.28954706447465106,0.998847246170044,0.9683542393502743,0.29822007247379867,0.9954264163970947,0.9047987801688065,0.505982115155175,0.998688817024231,0.9425514397167032,0.5079222066061841,0.9968365430831909,59.78135276864279,0
537,0.8908828440166663,0.28978499912080335,0.998852550983429,0.9683695038159696,0.2982931420916605,0.9955103397369385,0.9045078413827087,0.5066567914826534,0.9987152218818665,0.9425882299741117,0.5082955842926393,0.9969039559364319,59.78135276864279,0
538,0.890900169100081,0.29007567394347444,0.9988346695899963,0.9684037140437542,0.29849834243456547,0.9955807328224182,0.9042776539212188,0.5073901187805906,0.9986989498138428,0.9425701754433776,0.5088898738225305,0.9969009757041931,59.78135276864279,0
539,0.8909716520990651,0.2902963459491732,0.9988340735435486,0.9685132276444216,0.2987674801122577,0.9956856966018677,0.9041465378942951,0.5080869793891911,0.9986774921417236,0.9425397117932646,0.5095526263827374,0.9968952536582947,59.78135276864279,0
540,0.8910746602785028,0.2903835957958587,0.9988610744476318,0.9686478575070707,0.2990111169360935,0.9958118796348572,0.90394333430699,0.5083550129617967,0.9986677765846252,0.9424976309140531,0.5100533053988506,0.9968938231468201,59.78135276864279,0
541,0.8911856867018206,0.29035945307640826,0.9988788366317749,0.968823140575773,0.2992266501699178,0.9959008097648621,0.9037007405644378,0.5081835218838286,0.9986872673034668,0.942447917801994,0.510315713428316,0.9969426393508911,59.78135276864279,0
542,0.8912880846432285,0.29035375231788296,0.9988799095153809,0.9689905189332516,0.2992536666847413,0.9959023594856262,0.9034882045927509,0.5075620242527557,0.998707115650177,0.9424044177645736,0.5100490252176925,0.9969950318336487,59.78135276864279,0
543,0.8914006636256271,0.290318990037555,0.9989045858383179,0.9691573494956616,0.29901253893261887,0.9960087537765503,0.9033230089005977,0.506716901347751,0.9987430572509766,0.9423888098625918,0.509333709875743,0.9970808625221252,59.78135276864279,0
544,0.89148497581482,0.2902627729234244,0.9989169239997864,0.9692882185890569,0.2987276344072254,0.9959681034088135,0.9032142474537812,0.5059674438976111,0.9987531900405884,0.9423636056128011,0.5086313656398231,0.9970970749855042,59.78135276864279,0
545,0.8915568249566221,0.29017163174492994,0.9989116191864014,0.9693974029450196,0.298365021035785,0.9959198832511902,0.9031485744885044,0.50549913871856,0.9987598657608032,0.9423002316838226,0.5080573587190541,0.9971115589141846,59.78135276864279,0
546,0.891632224832263,0.29008197926339674,0.9988923668861389,0.9694801852816635,0.2980478405952456,0.995850682258606,0.9031015946751556,0.5053787657192779,0.9987533092498779,0.9422016683078955,0.5077868444578992,0.997107744216919,59.78135276864279,0
547,0.891706409908477,0.2899963898318157,0.9988706707954407,0.9695925627435964,0.2976342851207372,0.9958568811416626,0.9030934969584155,0.5054988889467154,0.9986955523490906,0.9420983535902848,0.5078431027276179,0.997035026550293,59.78135276864279,0
548,0.8917803735960105,0.2899353873162045,0.9988225102424622,0.9697461922963468,0.29710062344869004,0.9958074688911438,0.9031278689702359,0.5056637809390118,0.9986178278923035,0.9421511405990244,0.5078740829513191,0.9969236254692078,59.78135276864279,0
549,0.8918692242531556,0.28993218427612694,0.9987838268280029,0.9699275720687147,0.29652181267738364,0.9958323836326599,0.903210898240408,0.5058592756589257,0.9985221028327942,0.9424238545554032,0.507894907678877,0.9968034029006958,59.78135276864279,0
550,0.8919595650264203,0.2899676958719892,0.9987298846244812,0.970055213996343,0.29605686806497145,0.9958109259605408,0.9033075202079054,0.5060420234998071,0.998421847820282,0.9428971267881855,0.5078509790556776,0.996647298336029,59.78135276864279,0
551,0.8920244006883538,0.29002119245983327,0.9986668229103088,0.9701691922687357,0.2957659165064496,0.995712161064148,0.9033966603733251,0.5061535778499789,0.9983277320861816,0.9434102943965376,0.5077485300245743,0.9965047240257263,59.78135276864279,0
552,0.8921196063359585,0.2901374541577841,0.9986042976379395,0.9703581872440528,0.29572232138542925,0.9955854415893555,0.9035015872546611,0.5062458884148374,0.9982784986495972,0.9438549649147767,0.5076250774519788,0.9964182376861572,59.78135276864279,0
553,0.8922349526768646,0.2902712452979317,0.9985383152961731,0.9706383517810284,0.29572918301536943,0.9954342842102051,0.9036382408369162,0.5062441371736077,0.9982248544692993,0.9441432243301762,0.5075095068840758,0.9963183403015137,59.78135276864279,0
554,0.8923342284702126,0.2903761409577872,0.9984951615333557,0.9709512364296693,0.29584065647352337,0.9953204989433289,0.9038108530498694,0.5062548120816552,0.9981907606124878,0.9443135971114757,0.507458797522954,0.9962408542633057,59.78135276864279,0
555,0.8924101449194416,0.29044305142902216,0.9984729886054993,0.9712079082216544,0.2959641203993845,0.995246410369873,0.9040167445228221,0.5062327243032914,0.9981367588043213,0.9443793154898151,0.5074753874824165,0.9961192607879639,59.78135276864279,0
556,0.8924675129708797,0.2904508014520012,0.998449981212616,0.9713368302299872,0.2961698628607253,0.9951769113540649,0.904186924298605,0.5061922016597933,0.9980712532997131,0.9444087062563222,0.5074771245320642,0.9959978461265564,59.78135276864279,0
557,0.892484176726569,0.2904539732705982,0.9983890652656555,0.9713743698029299,0.29639814723105684,0.9950476884841919,0.9043195559864959,0.5063047181992308,0.9979932308197021,0.9444118908473431,0.5076239109039311,0.9958548545837402,59.78135276864279,0
558,0.8924927796636315,0.2905077153728124,0.9983615279197693,0.9713870996520639,0.2967201230071842,0.9949219822883606,0.9045206450280696,0.5066608332452325,0.9979819655418396,0.944437049684071,0.5079096186728709,0.995826244354248,59.78135276864279,0
559,0.8925061481339598,0.29058339624177865,0.9983291029930115,0.9713933127267027,0.29711138350623023,0.9947940707206726,0.90475976183301,0.5071363420713519,0.9979690909385681,0.9444731559072229,0.5082508779707413,0.9958001971244812,59.78135276864279,0
560,0.8925132893380672,0.2906695206960045,0.9983170628547668,0.9713594629651032,0.29752194171860125,0.9947897791862488,0.9049866029194431,0.5076043378739135,0.9979450106620789,0.9445003469785063,0.5085808237393701,0.9957669377326965,59.78135276864279,0
561,0.8925193406286701,0.2907364340055559,0.9982966184616089,0.9712440087681733,0.2977894629750935,0.994740903377533,0.9051656581106647,0.5078979588690262,0.9979267120361328,0.9445131392706015,0.5087949094318212,0.9957509636878967,59.78135276864279,0
562,0.8925206888289686,0.290724066041765,0.9982501864433289,0.9710984542256318,0.2980352044105532,0.9946410655975342,0.9052050511042284,0.5079704210871746,0.9978662133216858,0.9445122565541956,0.5088525159018384,0.995659589767456,59.78135276864279,0
563,0.8925176461537686,0.29069329159600416,0.9982120394706726,0.9709349501700636,0.2981596972261159,0.9945356845855713,0.9051246955281219,0.5079341218585064,0.9978338479995728,0.9444935775938497,0.5088625834101727,0.9955979585647583,59.78135276864279,0
564,0.8925370573997504,0.29061744184721106,0.9981756210327148,0.970815749395462,0.29832099590982736,0.9944559335708618,0.9050240630195262,0.5078496677534925,0.9977819919586182,0.9444785260018855,0.5088372145380297,0.995520293712616,59.78135276864279,0
565,0.8925638056936726,0.2905243365537555,0.9981522560119629,0.9707179012752722,0.29847311831655976,0.9943186044692993,0.9049112115587514,0.5076590435845516,0.9977316856384277,0.9444659948349007,0.50875674259095,0.9954186081886292,59.78135276864279,0
566,0.8925815905843469,0.29046236191477115,0.9981889128684998,0.9706365948631659,0.29870115433420474,0.9943948984146118,0.9048201555297496,0.5074392471994676,0.9977541565895081,0.9444734482538141,0.5086744370914645,0.9954566359519958,59.78135276864279,0
567,0.89262418519883,0.29044792623746984,0.9982007145881653,0.9705384771029163,0.2990401827153708,0.9943623542785645,0.9047688416072308,0.5072584833417624,0.9977754950523376,0.9445066906157003,0.5086054972239907,0.9954933524131775,59.78135276864279,0
568,0.8927656099909834,0.2904532679489683,0.9981719255447388,0.9704837657156452,0.299511858395168,0.9942258596420288,0.904754369031816,0.5071809518904917,0.9977790713310242,0.9445552769161414,0.5085821520714537,0.9955005049705505,59.78135276864279,0
569,0.8929627622876855,0.290473920958383,0.998164713382721,0.9704424171220697,0.2998720577784949,0.994184672832489,0.9047846680595768,0.5072098573048913,0.997808039188385,0.944616133258457,0.5085657040278121,0.9955511689186096,59.78135276864279,0
570,0.8932055092993244,0.2904261804762343,0.9981440901756287,0.970420230002631,0.30020499087515357,0.9941763281822205,0.9048272995721733,0.5073064707574394,0.9978204369544983,0.9446334611801882,0.5086171797343667,0.9955847859382629,59.78135276864279,0
571,0.8933945241428564,0.2902954731668747,0.9981265068054199,0.9703732104528526,0.3004680559748697,0.9941822290420532,0.9048597557204119,0.5073943677402681,0.9978367686271667,0.9445859903380991,0.5087010434695657,0.9956229329109192,59.78135276864279,0
572,0.8935083491461625,0.2901393345424109,0.9980660676956177,0.970338512034644,0.30076521209308105,0.9940200448036194,0.9048685090882446,0.5074725718725299,0.9978252053260803,0.9445069233576464,0.5088230853989015,0.9956169128417969,59.78135276864279,0
573,0.8935727448690512,0.29000981506847223,0.9980528354644775,0.970278910228185,0.3011029618127008,0.9939461946487427,0.9048432054973792,0.5074334485190259,0.997840166091919,0.9444135569390804,0.5088779472169426,0.9956595301628113,59.78135276864279,0
574,0.8936635681561068,0.2899437958285924,0.9980065226554871,0.9702289672124961,0.30137522021929447,0.9937716722488403,0.9048294566926509,0.5073085682732723,0.9978326559066772,0.9443397663888485,0.5088649023146861,0.9956636428833008,59.78135276864279,0
575,0.8937516297612879,0.2899392658755895,0.9980416893959045,0.9701652101108014,0.3016173867952258,0.993777871131897,0.9048603602818088,0.507150559198289,0.9978784322738647,0.9443118685767772,0.5087849582944601,0.9957578182220459,59.78135276864279,0
576,0.8938479934419912,0.28992945665404934,0.9980652928352356,0.9700332936786478,0.3018508496738618,0.9937817454338074,0.905010192167192,0.507036373728798,0.9979231953620911,0.9442912113098878,0.5087347030639653,0.9958467483520508,59.78135276864279,0
577,0.8939333217484617,0.28991674667313005,0.9981042742729187,0.9698060779344476,0.3020676033837457,0.9937064051628113,0.9052425367491593,0.5069959220432103,0.9979661107063293,0.9442708747727538,0.5087217489878341,0.9959223866462708,59.78135276864279,0
578,0.8942270761444463,0.28982421330043273,0.9981168508529663,0.9694957023575199,0.30235012372334824,0.9934714436531067,0.9055372732026243,0.5070473551750188,0.9979767203330994,0.9442586387906763,0.5087640257108783,0.9959186315536499,59.78135276864279,0
579,0.8946993549664822,0.28963754290626187,0.9981169700622559,0.9691551696686526,0.3025629037902471,0.9932732582092285,0.9058528287070144,0.5070422007924038,0.9979817867279053,0.9442539243471063,0.5087556015877501,0.995915949344635,59.78135276864279,0
580,0.8952347409157533,0.28941536801201984,0.998099148273468,0.9689004846981601,0.3026735782623293,0.9930385947227478,0.9061772965249568,0.5070578569457649,0.9979566335678101,0.9442542592684436,0.5087762645312722,0.9958781003952026,59.78135276864279,0
581,0.8957400974773232,0.2891785332134794,0.9980817437171936,0.9687943572089793,0.3028080392451516,0.9927482008934021,0.9064370478902551,0.5069501087779094,0.9979735016822815,0.9442551561764316,0.5087317994662698,0.9958696365356445,59.78135276864279,0
582,0.896081413541522,0.2889588092054642,0.9980588555335999,0.9688211878140776,0.3029156540121353,0.9925270080566406,0.9066189130147305,0.5065943456831437,0.9979910850524902,0.9442534304800495,0.5085043027287441,0.9958781003952026,59.78135276864279,0
583,0.896255484649114,0.28883603782880896,0.9980249404907227,0.9689351348649896,0.3031277003742402,0.9922598004341125,0.9066797977402105,0.5060744200434008,0.9979725480079651,0.9442536490304136,0.5081935439791002,0.9958381056785583,59.78135276864279,0
584,0.8964241005125507,0.2887464335986548,0.9979713559150696,0.9690563650358299,0.3035701357183005,0.9919715523719788,0.9066638974916374,0.5055712376322069,0.9979835748672485,0.9442533311389748,0.5079032693590441,0.9958467483520508,59.78135276864279,0
585,0.8967035441171562,0.2886867438043869,0.9979780912399292,0.9691517466590526,0.3040587859494348,0.9917351603507996,0.9066325284185871,0.5051279777572273,0.9980448484420776,0.9442799290021269,0.5076910143806825,0.9959263801574707,59.78135276864279,0
586,0.8971240236645661,0.2886748498394378,0.9979946613311768,0.9692620180902034,0.3045089400949935,0.9914965629577637,0.9066414549237213,0.5049563334101725,0.9980690479278564,0.9442969957987475,0.5076987062181749,0.9959338903427124,59.78135276864279,0
587,0.8976057398886915,0.2886747391450975,0.9980214238166809,0.9693698797907155,0.304819749934333,0.9912895560264587,0.9066445032755541,0.5047628056435363,0.998090922832489,0.9442879869824372,0.5076536791665218,0.9959127306938171,59.78135276864279,0
588,0.8980994167782019,0.288671577260608,0.9979407787322998,0.9694707563945233,0.3049896770999548,0.9910640716552734,0.9066471769696197,0.5045228855950497,0.9980809092521667,0.9442635916528255,0.5074839393297835,0.9958810806274414,59.78135276864279,0
589,0.8985044842674625,0.2886591056982678,0.9979477524757385,0.9696614458447419,0.3052464141732173,0.9911332130432129,0.9066441456476855,0.5040169613701961,0.9981096386909485,0.9442416656584974,0.5071134567260747,0.9959457516670227,59.78135276864279,0
590,0.8987136511575615,0.2886615438120708,0.9979774355888367,0.9698932710148047,0.30576022749855425,0.9912620782852173,0.9066520446822764,0.5033591673487712,0.9981445074081421,0.9442239914621633,0.5066115373656868,0.9960272312164307,59.78135276864279,0
591,0.8987891617275426,0.2886738337221602,0.9979861378669739,0.9700995428221575,0.30633424577258905,0.9913828372955322,0.9066790966760552,0.5026286982354667,0.9981862902641296,0.9442411490849094,0.5060099874223986,0.9961257576942444,59.78135276864279,0
592,0.8988671416328073,0.2886937274819331,0.9979330897331238,0.9702766793114805,0.3068060122785117,0.9913449287414551,0.9067149247441981,0.501937656175523,0.9982047080993652,0.9442401840573272,0.5053347774914336,0.9961732625961304,59.78135276864279,0
593,0.8989693181855345,0.28871863087018357,0.9978995323181152,0.9703642300197064,0.30712725151152864,0.9913468360900879,0.9067587994393855,0.5014305171512426,0.9982083439826965,0.9442305593263542,0.5047469791911902,0.9961880445480347,59.78135276864279,0
594,0.8991574957257233,0.2887169931616104,0.997944176197052,0.970387986728124,0.3074489746774948,0.9914708733558655,0.9066875889187775,0.5008950900463836,0.9982541799545288,0.9441754590897342,0.5042883697010225,0.996279239654541,59.78135276864279,0
595,0.8993738123348789,0.28865220433189775,0.9979954957962036,0.9704550164086486,0.30783775448799156,0.9916986227035522,0.906549655255818,0.49979744922547154,0.9983201622962952,0.9441135894684571,0.5036730227016272,0.9964051842689514,59.78135276864279,0
596,0.8996021520523805,0.2885547436418989,0.9980666041374207,0.9705192758923493,0.3084799207392196,0.9919946193695068,0.9063703474544351,0.4984751897198817,0.9983761310577393,0.9440163373947151,0.5031132016863146,0.9965239763259888,59.78135276864279,0
597,0.8997388226645341,0.2884617462044673,0.9981098175048828,0.9706316987673449,0.30934932402202087,0.9921640753746033,0.9061825019972672,0.4973027777104155,0.9984196424484253,0.9439178024019521,0.5026492448080158,0.9966168999671936,59.78135276864279,0
598,0.8998494432086044,0.2883686125278475,0.998127818107605,0.9708527213051213,0.3101252274853845,0.9921903610229492,0.9060606757799792,0.49651085053171473,0.998438835144043,0.9438766382989437,0.5022904929660619,0.9966779351234436,59.78135276864279,0
599,0.9000085677419397,0.28831051786740647,0.9981204271316528,0.9711609113784072,0.31081929093315513,0.9924066066741943,0.906035624799275,0.4964235169546949,0.9984930753707886,0.9438989900407344,0.502283354600271,0.9968045353889465,59.78135276864279,0
600,0.9001571308998841,0.2882752617200218,0.9981300830841064,0.9714889980497822,0.311488503501529,0.9926071166992188,0.9059700454984401,0.4966127929233374,0.9985231161117554,0.9439149442173194,0.5024353748276125,0.9968854188919067,59.78135276864279,0
601,0.9002671781040381,0.288232417333694,0.9981569051742554,0.9717791761670801,0.31190406850406127,0.992769181728363,0.9059428714570552,0.4967199010508405,0.9985529184341431,0.9439517969176892,0.5024956294468474,0.9969483613967896,59.78135276864279,0
602,0.9004018647330155,0.28819403336161686,0.998188316822052,0.9719234080541709,0.312171599694661,0.9928984045982361,0.9059436491557538,0.49676612729118025,0.9985646605491638,0.9439316846075521,0.5025312418029426,0.9969755411148071,59.78135276864279,0
603,0.9004984100659696,0.28818900954155713,0.9982112646102905,0.9719755081903374,0.31248298003560043,0.9929791688919067,0.9058999873342976,0.4967841066065293,0.9985678195953369,0.9438317389715294,0.502524486609868,0.9969830513000488,59.78135276864279,0
604,0.9005618123781121,0.2881754565806618,0.9982461333274841,0.9720167602811549,0.3126377222083866,0.9930827021598816,0.9058446799005788,0.4967731251603085,0.9985787272453308,0.9437356506075185,0.502489927269164,0.9970042705535889,59.78135276864279,0
605,0.9006498966898244,0.28816562749090674,0.9982634782791138,0.9720591079621096,0.31281255398477853,0.9932213425636292,0.9057620877311351,0.4967268833092285,0.9985766410827637,0.943659566697621,0.5025012351217728,0.9970325231552124,59.78135276864279,0
606,0.9006616700263258,0.28816563174838133,0.9982828497886658,0.9720660533223842,0.313079784313838,0.9933629035949707,0.9056592413357334,0.4968114906833289,0.9985712766647339,0.9436208265168334,0.5026003917058313,0.9970296621322632,59.78135276864279,0
607,0.9006014664967862,0.28816309145518737,0.9982990026473999,0.9720701177914945,0.31330626351492774,0.9935190081596375,0.905576529957,0.4969930776527954,0.9985883831977844,0.9436396672612153,0.5027433179673698,0.9970628619194031,59.78135276864279,0
608,0.9005403802508407,0.28816688912255445,0.9983452558517456,0.9720072774660027,0.31348423446927776,0.9937410950660706,0.9055785678681881,0.4972324030739924,0.9986189007759094,0.9436822391691669,0.5028907117389502,0.9971218705177307,59.78135276864279,0
609,0.9004963976996293,0.28816226550510976,0.998383641242981,0.9718896093822669,0.31350645706767155,0.9939677715301514,0.9056196752048682,0.49744567133131523,0.9986556172370911,0.9436765284765342,0.5029614851588298,0.9971945285797119,59.78135276864279,0
610,0.9004993381954383,0.28814546551023235,0.9983466863632202,0.9717581442424238,0.3133731413455239,0.9939742088317871,0.9057081370126641,0.4975743719509674,0.9986229538917542,0.943689343475161,0.5029470381282628,0.9971252083778381,59.78135276864279,0
611,0.9005765801384343,0.28810604413350444,0.9982728362083435,0.9716471291723713,0.31313644420532977,0.9938884377479553,0.9058180195944657,0.49756632106644805,0.9985437393188477,0.9437153225853337,0.5028887220791411,0.9969886541366577,59.78135276864279,0
612,0.9006696513720928,0.28806134490739754,0.9982593059539795,0.9715718854041334,0.31294331947962467,0.9938663840293884,0.9059300337518972,0.49755125812121836,0.9985301494598389,0.943754556633178,0.5028404309636074,0.9969522356987,59.78135276864279,0
613,0.9007651209831246,0.2880388810521083,0.9982260465621948,0.9715677301088976,0.31278038308734013,0.9937552213668823,0.906018013045902,0.49753252807117687,0.9984608888626099,0.9438176694370459,0.5027993293035602,0.9968210458755493,59.78135276864279,0
614,0.900844730082013,0.2880460052263171,0.9981892108917236,0.971572575115023,0.3127154395693827,0.9937704801559448,0.9060816537766236,0.49757129237765396,0.9983897805213928,0.9438760167076482,0.5027855719838827,0.996715247631073,59.78135276864279,0
615,0.900882630121141,0.2881148287228178,0.9981420040130615,0.9715602738516679,0.3127041302976157,0.9937536716461182,0.9061160172734949,0.4976328582990741,0.998325526714325,0.9439182536942625,0.502769890285674,0.9966267347335815,59.78135276864279,0
616,0.9009210722787047,0.2882469935076579,0.9981234669685364,0.971561843440647,0.3128626658802943,0.9938219785690308,0.9061346025693992,0.4977035735334673,0.998264729976654,0.9439892655327214,0.5027682837985814,0.9965522289276123,59.78135276864279,0
617,0.9009740806761248,0.28844922780990623,0.9981144070625305,0.9715779026349393,0.3130762676397962,0.9939252734184265,0.9061413237026767,0.4977352037316281,0.9982397556304932,0.9440527643476222,0.5027587782768981,0.9965159893035889,59.78135276864279,0
618,0.9010244693074915,0.28867329018456617,0.9981561303138733,0.9716036007517868,0.3133221552485514,0.9941684007644653,0.9060526376678838,0.497717278344291,0.9982298016548157,0.944083145686559,0.5027486284573877,0.9965173006057739,59.78135276864279,0
619,0.9010922880399803,0.2888767946334115,0.99819415807724,0.9716336329778044,0.31350142331350445,0.9943547248840332,0.9059025957470855,0.49768694383757495,0.998237133026123,0.944128354390463,0.5027178185326717,0.9965482950210571,59.78135276864279,0
620,0.9011996047837401,0.2889984718390876,0.9982330203056335,0.9716550622667592,0.31359837736402263,0.994524359703064,0.9056978310857509,0.49767939959253626,0.9982515573501587,0.9441730976104745,0.5026799752598721,0.9965850710868835,59.78135276864279,0
621,0.9013213515281685,0.28905890527225697,0.9983023405075073,0.9716564104670578,0.313668109121777,0.9947891235351562,0.9054906794003086,0.497700596139545,0.9982771277427673,0.944245982737769,0.5026526649792993,0.9966385364532471,59.78135276864279,0
622,0.9014473642621729,0.28906872017043006,0.998380720615387,0.9716294947124671,0.3137267984095076,0.9950882196426392,0.9053293608483822,0.4977507917653951,0.998329222202301,0.9443403113456008,0.5026286357925056,0.9967440366744995,59.78135276864279,0
623,0.9016569171633046,0.2890824306578865,0.998448371887207,0.9715958237648019,0.313774489221119,0.9953255653381348,0.9053431806110208,0.4978332037017463,0.998375654220581,0.9444517152650023,0.5026010814167208,0.9968298673629761,59.78135276864279,0
624,0.9018752234322691,0.2891063037372773,0.9985020756721497,0.9715726687794648,0.3139626270248779,0.9954575300216675,0.9054559724671507,0.49797014111564314,0.9984005689620972,0.9445744270370128,0.5025974710782373,0.9968439340591431,59.78135276864279,0
625,0.9021314240637287,0.28913764300800526,0.9985414743423462,0.9715610515503663,0.31428732190813363,0.9953943490982056,0.9056416352589933,0.498149414857229,0.9984516501426697,0.9447189086959483,0.5026243073599683,0.9968777894973755,59.78135276864279,0
626,0.902487842809587,0.2891573026066737,0.9985454678535461,0.971617622034891,0.31461239144915654,0.9953187704086304,0.9058316520282208,0.4983292392321999,0.9984968900680542,0.9448392816952305,0.5026806706473945,0.9969130754470825,59.78135276864279,0
627,0.9028860727945971,0.28915987270219007,0.9985805153846741,0.971717596054078,0.3149152909006394,0.9952717423439026,0.9059611984661655,0.4984667017346341,0.9985491037368774,0.9448603249731526,0.5027502150762653,0.9969662427902222,59.78135276864279,0
628,0.903184286185674,0.2891560239451274,0.9986181259155273,0.9718102869533365,0.31507407767432105,0.9950569868087769,0.9059766247158967,0.4985164219424842,0.9985893964767456,0.9448013788177861,0.5027960311798827,0.9969678521156311,59.78135276864279,0
629,0.903420703751701,0.2891446607453485,0.9986297488212585,0.9718796894663864,0.31510385445186095,0.9948766231536865,0.9059906800587979,0.49850101414180975,0.9985941648483276,0.944700859841847,0.5028340759731478,0.9969272613525391,59.78135276864279,0
630,0.9035461034093591,0.289127812499092,0.9986353516578674,0.9719406394731439,0.3152029869102299,0.9948524236679077,0.9060194236891619,0.49846958120664,0.9986038208007812,0.9446252584457406,0.502894847165971,0.9969066381454468,59.78135276864279,0
631,0.9035789682751617,0.2891323282605128,0.998640239238739,0.9719486633936572,0.3153363650753387,0.9947825074195862,0.9060595177468806,0.4984518786271417,0.9986045360565186,0.9446001308304931,0.5029808282852177,0.9968725442886353,59.78135276864279,0
632,0.903609352452415,0.289149385123026,0.9986661076545715,0.971939064207532,0.3154353329113554,0.9947896003723145,0.9061910879044314,0.49844577908515963,0.9986374974250793,0.9446251335598181,0.5030665539559869,0.9969013333320618,59.78135276864279,0
633,0.9037027103560319,0.2891735874471213,0.9986425042152405,0.9720386153175724,0.3155161468755634,0.9946237206459045,0.9063839827265066,0.4984841971170339,0.9986310601234436,0.9446373780568449,0.5031084247997833,0.9968376755714417,59.78135276864279,0
634,0.9038335794494272,0.28916914690108547,0.9986698627471924,0.9722357818058567,0.31553811118716313,0.994654655456543,0.9066544742811302,0.49849932676269937,0.9986639618873596,0.9446832651183726,0.5031105535370968,0.9968616962432861,59.78135276864279,0
635,0.9039784130595987,0.28912504939805916,0.998724639415741,0.9724985275949758,0.31548917577380253,0.994806170463562,0.9069225447518492,0.4982599914073948,0.9987068176269531,0.9447671203386223,0.5029183342343289,0.9969186782836914,59.78135276864279,0
636,0.9040813843409228,0.2890489825180601,0.9987797737121582,0.9728341868945538,0.3154036757491886,0.9949604272842407,0.907119532426199,0.4978828486942114,0.9987260103225708,0.9449004076776057,0.5026307474999204,0.9969210624694824,59.78135276864279,0
637,0.9040991067886359,0.2889861861864728,0.9988470673561096,0.9731596906979887,0.3151049117247266,0.995222270488739,0.9072438932600484,0.49746795211519557,0.9987586140632629,0.9450919117246364,0.502311141718002,0.9969708323478699,59.78135276864279,0
638,0.9040321168445413,0.2889478419508255,0.9988975524902344,0.973364954903013,0.3146941179320928,0.9955106377601624,0.907346705595653,0.49719373527027355,0.9987829327583313,0.9453527359735405,0.5020542286691215,0.9970375895500183,59.78135276864279,0
639,0.9039404959905721,0.2889612714449567,0.9989489912986755,0.9735428804443004,0.3143992594310218,0.9958046078681946,0.9074020697957002,0.4971905237152467,0.9988036155700684,0.945626616477967,0.5019447888646811,0.9970993995666504,59.78135276864279,0
640,0.9038611026037315,0.28901319986297996,0.9989686012268066,0.9736833033107584,0.3143922133105145,0.9960129261016846,0.9074312164669952,0.4974232159909752,0.9988377094268799,0.9458515615690329,0.5020241340001428,0.9971880316734314,59.78135276864279,0
641,0.9038098851839709,0.2890812641098388,0.9990001320838928,0.9737465665453965,0.3144116344906037,0.9962343573570251,0.9074132868221836,0.49763433848108607,0.9988735914230347,0.9459844401904522,0.5020554264386499,0.997282862663269,59.78135276864279,0
642,0.9037876015617742,0.28908669238998796,0.9990065693855286,0.9738647682326188,0.3141409456729891,0.9963934421539307,0.9073688245954976,0.4976250798929309,0.9988887310028076,0.9460415840148935,0.5020101325852535,0.9973396062850952,59.78135276864279,0
643,0.9038130016553977,0.28899219915980406,0.9990143179893494,0.9740525455701927,0.3134837107998987,0.996581494808197,0.9073342453865785,0.49733726609320905,0.9988842010498047,0.9460544586181648,0.5018204337074648,0.9973783493041992,59.78135276864279,0
644,0.9038628424916957,0.28881588152476745,0.999058723449707,0.9742546791122081,0.31244187411807856,0.99680495262146,0.9073874467895151,0.49696438369296886,0.9989049434661865,0.946070883955275,0.5015861562320169,0.9974391460418701,59.78135276864279,0
645,0.9039217517489486,0.28858624611582095,0.9990907311439514,0.9744416645595014,0.31138498584429447,0.9969709515571594,0.9075757009642472,0.4966404395444057,0.998901903629303,0.9460871276401346,0.5013743837674463,0.9974350929260254,59.78135276864279,0
646,0.9040404302733293,0.28834761182467167,0.9991069436073303,0.9745662411053984,0.3106647403467272,0.9970858693122864,0.9077924830572953,0.4965812961260482,0.998852550983429,0.9460576460475021,0.501291155815125,0.9973695874214172,59.78135276864279,0
647,0.9041943039212915,0.28814700387773085,0.9991300702095032,0.9746688263756896,0.31026322075298873,0.9972348213195801,0.9080316254070835,0.49690980428741127,0.9988269209861755,0.9459908888453537,0.5014624425343108,0.997360110282898,59.78135276864279,0
648,0.904386690684728,0.28794653075081983,0.9991329312324524,0.974825737022219,0.3100489761148183,0.9973555207252502,0.9082416892051705,0.4972964028517409,0.9987752437591553,0.9459294194266917,0.5017450139636089,0.9973153471946716,59.78135276864279,0
649,0.9045895479974301,0.28776876273609364,0.9991514682769775,0.9750047922134407,0.31003709066481844,0.9974772930145264,0.9083668419293003,0.49772527246248194,0.9987330436706543,0.9458870405242564,0.5021107140041536,0.9972280263900757,59.78135276864279,0
650,0.9048129149845676,0.2876366064662027,0.9991754293441772,0.9752560712042316,0.3101752868720466,0.9975540041923523,0.9084068650291087,0.498329599698385,0.9986942410469055,0.945872074081785,0.5026437725339621,0.997139036655426,59.78135276864279,0
651,0.9050294274375559,0.28754799138932025,0.9992101192474365,0.9754804429553813,0.31025687711579486,0.9976749420166016,0.908411587987628,0.4989642543452131,0.9987029433250427,0.9458657247679582,0.5032028782935374,0.9971441030502319,59.78135276864279,0
652,0.9052590585890279,0.28749469064530897,0.9992530345916748,0.9756605681918924,0.31027444061778864,0.9978180527687073,0.9083614718346376,0.4995230904647286,0.9987556338310242,0.9458810772214625,0.5036676923433944,0.9972144365310669,59.78135276864279,0
653,0.9054354429245002,0.2874743356591182,0.999268651008606,0.9759326804251907,0.3101917235624225,0.9978746175765991,0.9083167144230442,0.49995621471178003,0.9987359642982483,0.9458996625173668,0.5040380273546495,0.9971957206726074,59.78135276864279,0
654,0.9055420983405347,0.2874564500082109,0.9992777705192566,0.9763749156679434,0.3101795954363689,0.9979321360588074,0.9083046288717367,0.5001399573825659,0.9987136125564575,0.9460251671927324,0.5042404901413695,0.9971747398376465,59.78135276864279,0
655,0.9055830751146596,0.287468024662563,0.9992867708206177,0.9768648403031492,0.31021054585774765,0.9979687929153442,0.9083085343951278,0.5001553240276522,0.9986885786056519,0.9462081818353569,0.504323542118073,0.9971445798873901,59.78135276864279,0
656,0.9056197915758413,0.28750109530630585,0.9992899894714355,0.9774991046814699,0.31061262885729496,0.9979971051216125,0.9082630418595822,0.5001668334007268,0.9986633062362671,0.9463965410277965,0.5044120379856658,0.9971223473548889,59.78135276864279,0
657,0.905649207887196,0.28753527431260995,0.9992944598197937,0.9780221070562098,0.31102826623689583,0.998063862323761,0.9081630564871296,0.500158372379485,0.9986222982406616,0.9465083196049653,0.504487792650859,0.997099757194519,59.78135276864279,0
658,0.9056714063599004,0.28761604712122985,0.9993135333061218,0.9783482807023192,0.31152091423670475,0.9981568455696106,0.9079928852262958,0.5001242501395093,0.9986016750335693,0.946540642352332,0.5046000792866665,0.9970623254776001,59.78135276864279,0
659,0.90566867306119,0.28772857643309113,0.9993264079093933,0.9785453677177437,0.31259552353904385,0.9982207417488098,0.9077444757734033,0.5001081086340409,0.9985692501068115,0.9464781426248103,0.5047755695524674,0.9970474243164062,59.78135276864279,0
660,0.9056505220276976,0.2878317038218183,0.999334454536438,0.9787463233584457,0.3140687516757423,0.9983037114143372,0.9074667890866606,0.5000900881631037,0.9985408782958984,0.9464459930147451,0.5049985079538258,0.9969874024391174,59.78135276864279,0
661,0.9056262175242114,0.287965611332939,0.9993560314178467,0.9789341971987777,0.3155143431254798,0.998400092124939,0.907206955410186,0.5000737550712772,0.9985541701316833,0.9464509714217421,0.505189520972116,0.9969967603683472,59.78135276864279,0
662,0.9056082594962355,0.2881117562452954,0.9993636608123779,0.9792197091238847,0.31677685890878976,0.9984689354896545,0.9069667061169949,0.5000458530017312,0.998556911945343,0.9464836659885596,0.5053172168277563,0.9969956278800964,59.78135276864279,0
663,0.9056019669487371,0.28818583346548554,0.9993634223937988,0.9794030331429989,0.3175446376914072,0.9984989166259766,0.906782133238657,0.5000032257466094,0.9985604286193848,0.9465313780875441,0.505335072676341,0.997029721736908,59.78135276864279,0
664,0.9056133826573698,0.2882213947318851,0.9993491172790527,0.9794837435086576,0.31780730826514136,0.9984850287437439,0.9066581243560434,0.49997053827558285,0.9985679388046265,0.9465798962683912,0.5053655051049737,0.9970625638961792,59.78135276864279,0
665,0.9056199987729397,0.2882446944713595,0.9993364214897156,0.9793530645824622,0.3180823084853947,0.9984966516494751,0.906576111203149,0.49997576219695,0.9985844492912292,0.9466190281368445,0.505436167830513,0.9970759749412537,59.78135276864279,0
666,0.9056273443358293,0.288241927112852,0.9992861151695251,0.9791602662631451,0.31818373146511286,0.9983987808227539,0.9065330851645704,0.4999884991418752,0.9985590577125549,0.9466506782032201,0.5054874703997662,0.997053861618042,59.78135276864279,0
667,0.9056375793048321,0.28826105878466673,0.9992575645446777,0.9789238685653331,0.3180875324067618,0.9983916282653809,0.9065368572870898,0.5000959322566082,0.9985566735267639,0.9466803329331542,0.5055577783357533,0.9970794916152954,59.78135276864279,0
668,0.9056572800590886,0.28829618436949617,0.9992771744728088,0.9785518759772899,0.3179224474089489,0.9984742403030396,0.9065423437527255,0.5002845582507909,0.9986081123352051,0.9467089999289747,0.5056478324390596,0.9971241354942322,59.78135276864279,0
669,0.9056697147233154,0.28825554109755036,0.9992796778678894,0.9781086898985372,0.317818139280592,0.9985262751579285,0.9065495530764269,0.5004425077211293,0.9986475110054016,0.9467511716343116,0.505666465986343,0.9971404671669006,59.78135276864279,0
670,0.9056760555221928,0.2881720023495813,0.9992654323577881,0.9777974543117349,0.31775631365321955,0.9985001087188721,0.9065616953940626,0.5005224772862029,0.9986752867698669,0.9467734382266098,0.5056566170283731,0.997141420841217,59.78135276864279,0
671,0.9056623663221095,0.28808973942484195,0.9992302656173706,0.977460980415345,0.3176469604174299,0.9983736872673035,0.9065549231710895,0.5005245918319343,0.9986882209777832,0.9467704977308008,0.5056106448173527,0.9971674680709839,59.78135276864279,0
672,0.9056456145786111,0.28795242593401976,0.9992130994796753,0.9770541616848545,0.31745241795267404,0.9983286261558533,0.9066132392202113,0.5004530690965202,0.9986922740936279,0.9467490684418458,0.5055293412435626,0.9971768260002136,59.78135276864279,0
673,0.9056391772769754,0.28780588365736487,0.9992045760154724,0.9766248918714985,0.31720857393173973,0.9983088374137878,0.9067631789616184,0.5004150157883058,0.9986865520477295,0.9467065419469569,0.5054889349710378,0.9971608519554138,59.78135276864279,0
674,0.9056430033275066,0.28766728440920536,0.9991182684898376,0.976175873052507,0.31700982224373614,0.9979324340820312,0.9070215452285048,0.5004072246097387,0.9986162781715393,0.946689534754981,0.5054923523040049,0.9970546960830688,59.78135276864279,0
675,0.9056490262349454,0.2873989428792683,0.9990565776824951,0.9758687785693585,0.3168445343062994,0.9976946115493774,0.907325622581301,0.5003781801178346,0.9985802173614502,0.9467013364746464,0.5054601657958262,0.9970136880874634,59.78135276864279,0
676,0.9056598884718766,0.2870940963427228,0.9990105032920837,0.9757901288214191,0.31676757193747046,0.9976085424423218,0.90762917484556,0.5003641531580975,0.9985332489013672,0.9467129707336434,0.505436982427325,0.9969764351844788,59.78135276864279,0
677,0.9056559403737393,0.28682569662729923,0.9990324378013611,0.9758424248014186,0.31672018482571584,0.9977002143859863,0.9078500554675155,0.50037013349079,0.998508632183075,0.9467327055476968,0.5054315697579161,0.9968628287315369,59.78135276864279,0
678,0.905663280259996,0.28661002147765413,0.9990027546882629,0.9758209188779203,0.3166618943214419,0.9976804256439209,0.9080039007323136,0.500385701656342,0.998414158821106,0.9467492330641981,0.5054563028471815,0.9966385960578918,59.78135276864279,0
679,0.9056620001792914,0.2865173547040851,0.9989591836929321,0.9757984110287266,0.3166294410115199,0.9975806474685669,0.9080824710073934,0.5004562025978456,0.998365044593811,0.9467482510067174,0.5055454969406132,0.9965810179710388,59.78135276864279,0
680,0.9056956484204254,0.286550934825625,0.9989697933197021,0.9757495692798077,0.3166452490148093,0.9975852966308594,0.9081471789450879,0.5005876819292708,0.998348593711853,0.9467246589206522,0.5056746885890057,0.9965267777442932,59.78135276864279,0
681,0.9058505694071459,0.28657243081501577,0.9989194869995117,0.9757411394800466,0.31667156162716115,0.9974231719970703,0.908181806405386,0.5007377493949168,0.998285710811615,0.9466650344076619,0.5057910027958101,0.9964426159858704,59.78135276864279,0
682,0.9061218216305694,0.28658150349344547,0.9988692402839661,0.9757853632881536,0.31669651468594895,0.997275710105896,0.9082169930140185,0.5008781069800972,0.9981924891471863,0.9466049415724624,0.5058520578202751,0.996222972869873,59.78135276864279,0
683,0.9064451342537297,0.2865799339044664,0.9988959431648254,0.9758784799348749,0.31671964270728004,0.9973612427711487,0.9082861571084893,0.5009781916936242,0.9982030391693115,0.9465762320018958,0.505875823043642,0.9961404800415039,59.78135276864279,0
684,0.9067300898688188,0.28657574313027545,0.9989129304885864,0.9759956995646166,0.3167204062143964,0.9974105358123779,0.9083641284988048,0.5009895761807763,0.9982250928878784,0.9466066190174656,0.505862551076072,0.9961044788360596,59.78135276864279,0
685,0.9068748241379155,0.28656985788118294,0.9989151358604431,0.9760870422635768,0.3166591283820927,0.9973074197769165,0.9084382284255262,0.5009449862298515,0.998222827911377,0.9467000053042465,0.5057792322976253,0.996080756187439,59.78135276864279,0
686,0.9069645376432517,0.28656894110498,0.9989163279533386,0.976188696566083,0.3166148577417649,0.9972864985466003,0.9085361333120444,0.5008994142214461,0.9982225298881531,0.9467970927556364,0.5056721908705579,0.9960009455680847,59.78135276864279,0
687,0.9070537430899491,0.28659012771788117,0.9989159107208252,0.9763348954064514,0.3166132328056156,0.9973146915435791,0.9086180130640673,0.5008644348099123,0.9982019662857056,0.946913421154023,0.5055885116259261,0.9958714246749878,59.78135276864279,0
688,0.907150912852515,0.2866230862481256,0.9989144206047058,0.9765282727423177,0.31662253964514986,0.9973326921463013,0.9086540085928789,0.5007979415711907,0.9981822967529297,0.9470567334265945,0.505464179175241,0.9957292675971985,59.78135276864279,0
689,0.9072417900675827,0.28665798051016694,0.9989103674888611,0.9767119515509841,0.31664958170482116,0.9973531365394592,0.90869688987732,0.500736963181269,0.9981685280799866,0.9471842873664138,0.505360617524102,0.9957207441329956,59.78135276864279,0
690,0.907296021779379,0.28672218748501394,0.998871922492981,0.9767882142748159,0.3165699399652938,0.9972891211509705,0.9088460575966615,0.5006939513342725,0.9981416463851929,0.9473092697915584,0.5053090736979534,0.9956825971603394,59.78135276864279,0
691,0.9073068414415639,0.2867972566967921,0.9988152980804443,0.976712780339378,0.3163703708421619,0.9971828460693359,0.9090482564199547,0.5006698994409474,0.9980790615081787,0.9474233445667094,0.5052568940889272,0.9956290125846863,59.78135276864279,0
692,0.9073195400692176,0.2868676611355375,0.9987078309059143,0.9766747071629487,0.3161878216834298,0.9967854022979736,0.9092687595458264,0.5005338901565193,0.9980154037475586,0.9475394856362123,0.5051176888602125,0.9955654740333557,59.78135276864279,0
693,0.9073552091916409,0.286912859905334,0.9987163543701172,0.9768646870340627,0.3160249917280109,0.9968358278274536,0.9094478715033765,0.5002667648451673,0.9980520606040955,0.9476726509275899,0.5048866158440004,0.9956107139587402,59.78135276864279,0
694,0.907412855398088,0.2869266172250114,0.998751163482666,0.977261233897437,0.3159064309937616,0.9969303011894226,0.909489938191006,0.4999105206557687,0.9981144666671753,0.9477731613885796,0.5045848630723503,0.9956799149513245,59.78135276864279,0
695,0.9074732547714603,0.286908642167137,0.9988085627555847,0.977767399379186,0.3158686870620367,0.9970732927322388,0.9094314773877469,0.4995827022052951,0.9981871843338013,0.9478589126041965,0.5043204738980251,0.9957683682441711,59.78135276864279,0
696,0.9075280200867434,0.28690226163182964,0.9988290667533875,0.9781892242885779,0.315900524457296,0.9971020221710205,0.9093861750194012,0.4993824078923184,0.9982510805130005,0.9479543311255326,0.5041819867633641,0.995866596698761,59.78135276864279,0
697,0.9075460944856923,0.286897108668373,0.9988535046577454,0.9784356696265093,0.31593601902325974,0.9971303343772888,0.909354039600918,0.49938544205256913,0.9983023405075073,0.9480820156279073,0.50419523034777,0.9959495663642883,59.78135276864279,0
698,0.9075455750737879,0.2869174466246653,0.9988529086112976,0.9784107662382588,0.315533769982202,0.9971139430999756,0.9093579309327269,0.4994916404996604,0.9983611702919006,0.9482087663241803,0.5042187571525578,0.99611896276474,59.78135276864279,0
699,0.9076175235566646,0.2869294541222711,0.9988524913787842,0.9782278225535446,0.31477386894680226,0.9968960285186768,0.9094241516930723,0.49963000558671533,0.9983963966369629,0.9482672611872363,0.5042174458503728,0.996212363243103,59.78135276864279,0
700,0.9077486736433854,0.2870156367619835,0.9988586902618408,0.9779780421938222,0.3139425260680065,0.9967026114463806,0.9095129654521041,0.4998922504129868,0.9984193444252014,0.9482188309941981,0.5043111415136432,0.9963001012802124,59.78135276864279,0
701,0.9078909101940345,0.28713708406402977,0.9988631010055542,0.9777165821620404,0.31326644193558495,0.9965507984161377,0.9096793021474574,0.5000766033218025,0.9984323382377625,0.9481682805787957,0.5043305073465624,0.9963629841804504,59.78135276864279,0
702,0.9079922295752033,0.28726928858529976,0.998862624168396,0.9775092431477146,0.3129536211490634,0.9964776039123535,0.9098483153751926,0.5001478933152702,0.9984527230262756,0.9481929483867835,0.5042101116407489,0.9964278340339661,59.78135276864279,0
703,0.9080474745659608,0.2873624378726598,0.9988959431648254,0.9774939389455894,0.3130824863910678,0.9964102506637573,0.9099933107693998,0.5000546631358922,0.9985023140907288,0.9483427405357369,0.5039822629519874,0.9965261816978455,59.78135276864279,0
704,0.9080751623426172,0.2874106665452324,0.9988791346549988,0.9775322193191174,0.3131654234159563,0.9962543845176697,0.9101234050024132,0.49990777174631795,0.9985105991363525,0.9485284742854898,0.5037199258804326,0.9965381622314453,59.78135276864279,0
705,0.9081069202650168,0.287393527371543,0.9988511204719543,0.9775686008589617,0.3132672934305103,0.9960594177246094,0.9102608561515816,0.4996373241855989,0.9984644651412964,0.9488331051099875,0.5035011541275756,0.9964329600334167,59.78135276864279,0
706,0.908138777528491,0.2873770750704268,0.9987726807594299,0.9776330419949131,0.3133823800654641,0.9958057403564453,0.9104019488607141,0.4994253587155119,0.9983811378479004,0.949136918499357,0.5034719620432176,0.9962895512580872,59.78135276864279,0
707,0.9081549871535537,0.28736380736033146,0.9986966252326965,0.977650653748286,0.3133188060351783,0.9957899451255798,0.9105667557035181,0.4992262763636457,0.998302161693573,0.9493789587702077,0.5034831506865369,0.9961972236633301,59.78135276864279,0
708,0.9081417747906283,0.28737344202541193,0.9985842704772949,0.977609506675176,0.31308279860587374,0.9954564571380615,0.9106775919596362,0.49909547538984433,0.9982249140739441,0.9495617974372145,0.5034609692437313,0.9960762858390808,59.78135276864279,0
709,0.9081274895440972,0.2874028441451847,0.9984962344169617,0.977670385724023,0.31292609799475923,0.9954462051391602,0.91068891968046,0.49902500425066304,0.9981791377067566,0.9496722306524011,0.5034775223050802,0.9960493445396423,59.78135276864279,0
710,0.9080930749575304,0.2874462448415304,0.9985737800598145,0.977965210165297,0.3129663453215647,0.9957883358001709,0.9106704450788959,0.49900696391151106,0.9982393980026245,0.9497366348902392,0.5034474985940119,0.996193528175354,59.78135276864279,0
711,0.908049146334331,0.287496823640097,0.9986434578895569,0.978571948550997,0.31335040785017493,0.9961143732070923,0.9106040653728311,0.49909591107141443,0.9983081817626953,0.9498595283145004,0.5035213544255215,0.9963316321372986,59.78135276864279,0
712,0.9079922295752034,0.28756093836966035,0.9987198710441589,0.9793910412561334,0.3139648508457913,0.9964358806610107,0.910522211165656,0.49931064106169243,0.9983565211296082,0.9499632262048274,0.5039361261186149,0.9964507222175598,59.78135276864279,0
713,0.907931151844207,0.287625061614173,0.9987845420837402,0.9801877311297834,0.31454282147543794,0.9967173337936401,0.9104474300429942,0.4995998342831934,0.9984021186828613,0.9500229841186896,0.504611881006332,0.996554970741272,59.78135276864279,0
714,0.9079542160034187,0.2876556359586264,0.9988257884979248,0.9807181188038425,0.31494849636441213,0.9969207048416138,0.9103943393343978,0.4998384600593934,0.9983980655670166,0.9500621216637755,0.5053094597089862,0.9966272115707397,59.78135276864279,0
715,0.908130225681124,0.28766243656476365,0.9988533854484558,0.980972525619326,0.3151434319359918,0.9970607161521912,0.9103704463867921,0.5000461212226326,0.9983980655670166,0.9500698021480023,0.5059726408549722,0.9966624975204468,59.78135276864279,0
716,0.9083974418186014,0.2876307382470088,0.9988887310028076,0.9810681030863815,0.3151682501747497,0.9972111582756042,0.9104529534067434,0.5001781029360639,0.9983629584312439,0.9500763217608141,0.5064497703597663,0.9966525435447693,59.78135276864279,0
717,0.9087082346280423,0.28759705452691964,0.9989197850227356,0.9811269924754197,0.3151658503782184,0.9971461296081543,0.9105809756687717,0.5004769336609617,0.998284637928009,0.9500367442766833,0.5069204001199635,0.996496856212616,59.78135276864279,0
718,0.9089454071862364,0.28753105373609655,0.9989201426506042,0.9813443081719543,0.31516682250159156,0.9970300197601318,0.9107308302606862,0.5005121486527584,0.998207151889801,0.950067687602271,0.5073419014612839,0.9963207244873047,59.78135276864279,0
719,0.9090424492245637,0.2874434391657514,0.9989360570907593,0.9816039261363809,0.3150091994376413,0.9967422485351562,0.9108858505884814,0.5003355046113336,0.998137891292572,0.9501772381010517,0.5076011305763612,0.9961417317390442,59.78135276864279,0
720,0.9090581706592022,0.2872835170655026,0.9989288449287415,0.9818712756747299,0.31476064097313683,0.9966704249382019,0.9110644033976971,0.5000373792080657,0.9981195330619812,0.9503279016131454,0.5075923658552628,0.9960618019104004,59.78135276864279,0
721,0.9090627800850649,0.28708855878739153,0.9989228844642639,0.9820846517880765,0.31451664084479947,0.9965046048164368,0.9112784919284647,0.49972784093448136,0.9981302618980408,0.9504594944772273,0.5074216922124231,0.9960288405418396,59.78135276864279,0
722,0.9090628113065454,0.2868639599709286,0.9989439249038696,0.9822728775796444,0.31437544595627587,0.996371865272522,0.9116068368866337,0.49976804852485696,0.9981477856636047,0.9505882575398408,0.5072904200780963,0.995998203754425,59.78135276864279,0
723,0.90910500855673,0.2866768709250861,0.9989663362503052,0.9823867565109624,0.3142373689583372,0.9963132739067078,0.9120689091228311,0.5001336804458076,0.9980961680412292,0.9505302253223609,0.5072957106998992,0.9958707690238953,59.78135276864279,0
724,0.9091863490286334,0.28648114346322584,0.9989859461784363,0.9825221896171578,0.3141391149588996,0.9964222311973572,0.912567785808019,0.5004590025969918,0.9981201887130737,0.9503624978519629,0.5073044214929857,0.9959311485290527,59.78135276864279,0
725,0.9092906174205606,0.2862896238054551,0.9990115761756897,0.9825736142340169,0.3139091162454517,0.9964146614074707,0.913078813325792,0.5007814055397402,0.9981564283370972,0.950149201211476,0.5073862104188832,0.9959914088249207,59.78135276864279,0
726,0.909391729604631,0.28607573963346955,0.9990232586860657,0.982660807314374,0.313727935155233,0.9961642026901245,0.9135279428391238,0.5011261843499687,0.9981650114059448,0.9499263735044579,0.5076085811569582,0.9959651827812195,59.78135276864279,0
727,0.9094691787447255,0.2859581297352203,0.9990426301956177,0.9827708658717936,0.3137773772080742,0.9961361289024353,0.9138132674353471,0.5014092326164249,0.9981665015220642,0.9497611692973553,0.5079127266293484,0.9959539175033569,59.78135276864279,0
728,0.9095074278967729,0.28597329485984097,0.9990419745445251,0.9828592283385148,0.31402310587111,0.9960753321647644,0.9139506362733395,0.5017054393177944,0.9982072114944458,0.9498234958875755,0.5081369365964621,0.996029257774353,59.78135276864279,0
729,0.9095168312390652,0.2861655553181969,0.99904865026474,0.9828135938871482,0.31424718243735206,0.9960380792617798,0.9139891153290165,0.5019722807975047,0.9982331991195679,0.9499283291044698,0.5082138890311836,0.996071994304657,59.78135276864279,0
730,0.9095034315472565,0.286452555940265,0.999019205570221,0.9824690165973853,0.3144806169328238,0.9956486821174622,0.9139596081915363,0.5022869876452859,0.9982416033744812,0.9500919892674409,0.5082212544622879,0.9960325956344604,59.78135276864279,0
731,0.9095034883135849,0.2867319356827511,0.998971164226532,0.9818825948806044,0.3146848721163616,0.995116114616394,0.9139615637915482,0.5025715402194436,0.9982494711875916,0.9503404015586497,0.5082537815684368,0.9959902763366699,59.78135276864279,0
732,0.9095319140525099,0.2869495479833514,0.9989163279533386,0.9813209317979367,0.31430979427837213,0.9947470426559448,0.9139982007798703,0.5028359095255538,0.9982336759567261,0.9506687152953383,0.5083061825661437,0.9959254264831543,59.78135276864279,0
733,0.9095730668022527,0.28711403551555836,0.9988377690315247,0.9808876656350644,0.3131660379114608,0.9943360686302185,0.9140409060886936,0.5030242971011575,0.9981689453125,0.9512269468534569,0.5082810294060485,0.9957778453826904,59.78135276864279,0
734,0.9096147701853804,0.2872183691887631,0.9987244606018066,0.9806414218175987,0.3116560890561061,0.993739664554596,0.9140771286828184,0.5029252199899586,0.998087465763092,0.9519032750810903,0.5079110321544469,0.9955578446388245,59.78135276864279,0
735,0.9096504251162217,0.2872315446535748,0.998753547668457,0.980865867364975,0.31042679008983454,0.9934788346290588,0.9140837987264004,0.5026334353855682,0.9981209635734558,0.9525016943613696,0.5072176286152434,0.9954931139945984,59.78135276864279,0
736,0.9096715194838395,0.2871449561346147,0.9988152980804443,0.981344401836396,0.30945156585602557,0.9937350749969482,0.9140724568139946,0.5022648203940623,0.9982060194015503,0.9528906345367439,0.5060800285566425,0.9956343173980713,59.78135276864279,0
737,0.9096824356487827,0.28703571785063997,0.9988663792610168,0.9821666677792875,0.30909612916764784,0.9939548373222351,0.9140548251924069,0.5018501934551062,0.9982747435569763,0.9530191307976139,0.504924765654973,0.9957212209701538,59.78135276864279,0
738,0.9097179912385494,0.28686610573814053,0.9988901615142822,0.9829820280983342,0.3088498072964807,0.9939592480659485,0.9140431880950936,0.5014903573762807,0.9983115196228027,0.9529339444069643,0.5038807363737201,0.9957506060600281,59.78135276864279,0
739,0.9097948273022977,0.2866646406196415,0.9989393949508667,0.9838282778149566,0.3085732601937796,0.9941561818122864,0.9140399807975413,0.5011956862040933,0.9983310699462891,0.9528833854766127,0.5032000853901821,0.9957775473594666,59.78135276864279,0
740,0.9098872003101175,0.2864099897089461,0.9989699721336365,0.9844867047809427,0.30852155458359515,0.9943209886550903,0.9140576294490277,0.5009253394036071,0.9983556270599365,0.9528408192452937,0.5028728899501622,0.9958001971244812,59.78135276864279,0
741,0.9099750320116687,0.2861154902549019,0.9990375638008118,0.9850149637176884,0.30881861277989003,0.9946765303611755,0.9140391065960847,0.5007140920275738,0.9984128475189209,0.952804917380924,0.5029273260207408,0.9959219098091125,59.78135276864279,0
742,0.9100504631087901,0.28586337963740055,0.999076247215271,0.9853331531797145,0.3089382364636378,0.9949920177459717,0.9139848777226047,0.5006447633107507,0.9984329342842102,0.9527537567274919,0.5030253274100172,0.9959468841552734,59.78135276864279,0
743,0.9100485841433215,0.2857299475442798,0.9990947842597961,0.9855715149924876,0.3089944507394521,0.9952369928359985,0.9139299931980323,0.5006162467457004,0.9984257221221924,0.952752439748674,0.5032072748456686,0.995945930480957,59.78135276864279,0
744,0.9100002390997758,0.285659064849218,0.9991239309310913,0.985560718036834,0.3089776691936314,0.9955403208732605,0.9138477898779378,0.5012137606030422,0.9984579682350159,0.9526663053603407,0.5039591079666506,0.9960494041442871,59.78135276864279,0
745,0.9098729377701177,0.28566936793781483,0.9991568326950073,0.9855776741391145,0.30897706179391793,0.9958017468452454,0.9137583346593955,0.5021025964191985,0.9985136389732361,0.9524840144884026,0.5049783275240948,0.9961888194084167,59.78135276864279,0
746,0.9096842748778213,0.2856770938351043,0.9991772174835205,0.9855501169250133,0.30895774421237787,0.9959526062011719,0.9137022892634081,0.5028945377894815,0.9985581040382385,0.9522793321382439,0.5059268928709488,0.996304452419281,59.78135276864279,0
747,0.9094721987133942,0.28567541355178494,0.999197244644165,0.985221655595871,0.3089604973793032,0.9961273670196533,0.9136581619580595,0.5033877491950993,0.9985522031784058,0.952070097128551,0.5066400198709401,0.9963260293006897,59.78135276864279,0
748,0.9092551185971223,0.2856845841521311,0.9992391467094421,0.9847712318102526,0.3089260969843186,0.9963136911392212,0.9136310730661672,0.5033697230475294,0.9985472559928894,0.9519531925519314,0.5069284070105784,0.996353805065155,59.78135276864279,0
749,0.9090446914945338,0.2857218696957545,0.9992608428001404,0.9843126166434524,0.3088248230162124,0.9964282512664795,0.9136253510202688,0.502878722690401,0.9984674453735352,0.9520034619740085,0.506669211955298,0.9962541460990906,59.78135276864279,0
750,0.9088716450191687,0.2858016022614073,0.9992714524269104,0.9840238065946678,0.30871854651541963,0.9965917468070984,0.9136028687159228,0.5025496369316469,0.9984913468360901,0.9521074408576611,0.5065089804785596,0.9963496327400208,59.78135276864279,0
751,0.9087154666582751,0.28591052123478505,0.9992825984954834,0.9838511773518162,0.30875128933361623,0.9967402219772339,0.9135558009147651,0.5022591352462773,0.9985093474388123,0.9521893489928481,0.5062122855867663,0.9964174032211304,59.78135276864279,0
752,0.9086251542681747,0.2860167821248375,0.9992942810058594,0.9838253231275658,0.308576149599893,0.9969021081924438,0.9134632661229096,0.5019576918511167,0.9985060095787048,0.9521645194008245,0.505831965378353,0.9964655637741089,59.78135276864279,0
753,0.908593103999184,0.28610174286933193,0.9993060231208801,0.9837169931048447,0.30801145093781634,0.9969597458839417,0.9133492083776572,0.5017113628841585,0.9985393285751343,0.9519139443125052,0.505448611009689,0.9965345859527588,59.78135276864279,0
754,0.9085660378138232,0.2861860905374802,0.9993108510971069,0.9835907220840463,0.3072071118014202,0.9970253705978394,0.9131778620538265,0.5016546419688638,0.9985936880111694,0.9514575458708271,0.5053492216836842,0.9966515302658081,59.78135276864279,0
755,0.9085302863802236,0.28627066669010004,0.9992937445640564,0.9834888804526564,0.3063032428423566,0.9970158338546753,0.9129351263954534,0.5018630538667955,0.9985392093658447,0.95096147344226,0.5055059875760763,0.9965730309486389,59.78135276864279,0
756,0.908460097653526,0.28635881628309,0.9992689490318298,0.9834409441266749,0.3055575944128493,0.9970449805259705,0.9126480164982032,0.501955798694066,0.9985177516937256,0.9505577286084501,0.5056912075905577,0.9965710043907166,59.78135276864279,0
757,0.9083720246950793,0.28641180765061175,0.9992683529853821,0.9833887843858636,0.30524653338250685,0.9971147775650024,0.9124210278193163,0.5017143516313466,0.9985480904579163,0.9504980927421941,0.5057250034241454,0.9966666102409363,59.78135276864279,0
758,0.9082838722637728,0.2864132920900983,0.9992706775665283,0.9832338208243968,0.30512373504184565,0.9971247911453247,0.9122090765408114,0.501132543597903,0.9985830187797546,0.950674786454156,0.5055646640913831,0.9967424869537354,59.78135276864279,0
759,0.9081935229755591,0.2863738111087256,0.9992941617965698,0.9830081207411637,0.3049932221571607,0.9972588419914246,0.9119895015444082,0.5002436240514123,0.9986667037010193,0.9509213623546426,0.5051694256918775,0.9968866109848022,59.78135276864279,0
760,0.9081170048032494,0.28632678872063066,0.9993227124214172,0.9827339933032089,0.30498110964184744,0.9974208474159241,0.9117188623973309,0.49951672837847794,0.9987397193908691,0.9511013854117628,0.5048384865125024,0.9970220327377319,59.78135276864279,0
761,0.908072599342892,0.2862524943692346,0.9993616342544556,0.9824879935809552,0.3051441269261499,0.9975839257240295,0.9114307676042837,0.4991307698545006,0.9988284111022949,0.9511855301402872,0.5046118072101051,0.9972070455551147,59.78135276864279,0
762,0.9080478804452087,0.2861788130941847,0.9993923902511597,0.9823011046364203,0.3056468126319706,0.9977317452430725,0.9111632108688361,0.49896290188743997,0.9989057779312134,0.9511487597510935,0.5044401429948357,0.9973644018173218,59.78135276864279,0
763,0.9080350682848983,0.28609108641034103,0.9994176030158997,0.9822133155096153,0.3064790836402351,0.9978485107421875,0.9110106797445395,0.4989153416383838,0.9989737272262573,0.951142540999822,0.5043477898552309,0.9974907636642456,59.78135276864279,0
764,0.9080174253100448,0.2860079790864674,0.999445915222168,0.9821501601310012,0.30780793939317996,0.9979830980300903,0.91089929001672,0.49897574526923083,0.9990284442901611,0.9511028102466046,0.504393767742884,0.997593343257904,59.78135276864279,0
765,0.9079825196947378,0.285926679770152,0.9994779229164124,0.9821133897418075,0.3091458138965428,0.9981244802474976,0.9107789964902977,0.49897169924917717,0.9990901350975037,0.9510192871093758,0.5044341938836238,0.9977063536643982,59.78135276864279,0
766,0.9079492177282069,0.28580186764399235,0.9995052218437195,0.982099842457545,0.31012202870278155,0.9982439875602722,0.9106499467577261,0.49881134856314924,0.9991429448127747,0.9509129439081472,0.5044196049372359,0.9978060126304626,59.78135276864279,0
767,0.9079269426209593,0.28557829345975627,0.9995284080505371,0.9820840018136169,0.3106234243937903,0.9983295798301697,0.9105603382700973,0.49844853650955967,0.9991843700408936,0.9508063878331873,0.5043542839231949,0.9978772401809692,59.78135276864279,0
768,0.907919128735861,0.28531838598705495,0.9995422959327698,0.9820524425733664,0.31070614712578937,0.9984028339385986,0.9105242320469455,0.49787368802797266,0.9992008209228516,0.9507685133389072,0.5041926985695253,0.9978837370872498,59.78135276864279,0
769,0.9079227958406728,0.2850779011136012,0.9995527863502502,0.982015115874155,0.31051344105175593,0.9984680414199829,0.9105298944881992,0.49729856564885133,0.9991962313652039,0.9508005522546322,0.5040111144383752,0.997821033000946,59.78135276864279,0
770,0.9079186859584998,0.28493939552988345,0.9995620250701904,0.9819889324052002,0.31067396487508525,0.9985291361808777,0.9105411796342766,0.4969317260242648,0.9991984963417053,0.9509015849658429,0.5039234331675942,0.9977779388427734,59.78135276864279,0
771,0.9078999530701418,0.2849128700438002,0.9995684623718262,0.9819766368184779,0.3109708215509145,0.9985800981521606,0.9105418579919005,0.4967901139032277,0.9992026090621948,0.9510213846252086,0.503884023144132,0.9977396726608276,59.78135276864279,0
772,0.9078830594108226,0.2849382218860447,0.9995711445808411,0.98197627067566,0.31128816945212257,0.9986152648925781,0.9105352078165334,0.49676709657623697,0.9992090463638306,0.951141297817231,0.5038591140792488,0.9977139234542847,59.78135276864279,0
773,0.9078484688486379,0.28495473521096387,0.9995777010917664,0.9819595643452244,0.311546196540197,0.9986413717269897,0.910549827984402,0.4969327648480737,0.9992067813873291,0.9512612904821132,0.5039259848140538,0.9976433515548706,59.78135276864279,0
774,0.9078147553262264,0.2849642563433877,0.9995860457420349,0.9819354954220008,0.31163322641736013,0.9986792206764221,0.9105789349192672,0.4971453859692532,0.9992150664329529,0.9513709289687028,0.5039811191104712,0.997649610042572,59.78135276864279,0
775,0.9077846180825013,0.2849742756003428,0.9996001124382019,0.981930463086992,0.3116037178607216,0.9987010955810547,0.9106083143325087,0.4974081942013336,0.9992343783378601,0.9514526923497526,0.5040590706325716,0.9977039098739624,59.78135276864279,0
776,0.9077283910342633,0.28498450205439635,0.9996063113212585,0.9819100073405682,0.31157705755460857,0.9987200498580933,0.9106563755444126,0.49761670969781463,0.9992436766624451,0.9515035833631251,0.5040683576038909,0.9977173805236816,59.78135276864279,0
777,0.9076448423521866,0.2849965606416977,0.9996121525764465,0.9818502551033391,0.3114832284904664,0.9987452626228333,0.9107657727741068,0.49769967368670914,0.9992520809173584,0.9515461467561275,0.5039993269102918,0.9977321624755859,59.78135276864279,0
778,0.9075498722848445,0.2850821940671832,0.9996224045753479,0.9817394131705882,0.3113431958925159,0.9986834526062012,0.9109003799302244,0.49792912460508837,0.9992514848709106,0.9514930503708983,0.5038967444783169,0.9977414608001709,59.78135276864279,0
779,0.9074177883920223,0.285225380034674,0.999616801738739,0.9815625236147935,0.311213145653407,0.998648464679718,0.9110445238295062,0.49832073421705375,0.9992283582687378,0.9513659221785415,0.5038340460686461,0.9977318048477173,59.78135276864279,0
780,0.9072983633904237,0.28539238941101824,0.9996094703674316,0.9813140886170532,0.3111164328597843,0.9986037015914917,0.9111711354482749,0.4988212173893342,0.9991933107376099,0.9511122590019597,0.5038543457076667,0.9977070689201355,59.78135276864279,0
781,0.9072158819153203,0.2855347579433807,0.9996026158332825,0.9810822634469902,0.311045281943821,0.9985305666923523,0.9112854344504228,0.49925001888048126,0.9991550445556641,0.9507937261036472,0.5039321723438448,0.9976637959480286,59.78135276864279,0
782,0.9071653655597149,0.28558367490768455,0.9995850920677185,0.9808951587904075,0.31116799513498966,0.9984285831451416,0.9113806656428753,0.4994523894219175,0.9990818500518799,0.9505032187416448,0.50403923931576,0.9975693821907043,59.78135276864279,0
783,0.9071531239010047,0.2856139455522812,0.9995877146720886,0.9807871608507074,0.31156996460188024,0.9982075691223145,0.9114927706264322,0.49956453272274604,0.9990200400352478,0.9503740299315687,0.5041593001002361,0.9974126219749451,59.78135276864279,0
784,0.9071507141703659,0.2857043544451398,0.9995768666267395,0.980717307045347,0.31210364614214237,0.998131275177002,0.9115047256151843,0.49981105327606246,0.9989794492721558,0.9502801724842624,0.5042894624528436,0.9973339438438416,59.78135276864279,0
785,0.9071394347009212,0.2858160592260817,0.999566376209259,0.9806173897924885,0.3126077325571154,0.9980137944221497,0.9113934040069588,0.5001115841524946,0.9989784955978394,0.9501410949797865,0.5043961661202572,0.9972487688064575,59.78135276864279,0
786,0.9071073532104499,0.2859611482847307,0.9995684623718262,0.9804640894844426,0.3129129012425743,0.9979465007781982,0.9112054279872357,0.5005765755971276,0.998971164226532,0.9496949315071114,0.504462457838513,0.9972471594810486,59.78135276864279,0
787,0.907058707305364,0.28608322285470533,0.9995826482772827,0.9803171384902236,0.3129295238426756,0.9977047443389893,0.9109310167176391,0.501014576071785,0.9989888668060303,0.9490633606910713,0.5044517971220475,0.997265100479126,59.78135276864279,0
788,0.9069949643952513,0.28613044534410775,0.9995940327644348,0.9802397830145707,0.31294481527237694,0.9976238012313843,0.9106342622212009,0.5013079728399008,0.998961865901947,0.9482573299180902,0.5044163550649374,0.9972282648086548,59.78135276864279,0
789,0.9069099000522076,0.2861935240881786,0.999600887298584,0.9802139827183323,0.3129757373105915,0.9975005984306335,0.9103758335113533,0.5015357307025368,0.9989089369773865,0.9475777943929045,0.5042864055860614,0.9971272945404053,59.78135276864279,0
790,0.9068161788440894,0.2862570200647629,0.9996069669723511,0.9801343537512287,0.3128954086984909,0.9973964691162109,0.9101074309576134,0.5015619198481246,0.9988663196563721,0.9470545053482062,0.5039037409282869,0.9970534443855286,59.78135276864279,0
791,0.9067615497679945,0.2862976534026012,0.9996151328086853,0.9799869514646992,0.3126926819483442,0.9973498582839966,0.9099649701799674,0.501437902450562,0.9988393187522888,0.9465154068810606,0.5033096926552914,0.9969869256019592,59.78135276864279,0
792,0.9067399728865858,0.28630796642530554,0.9996212720870972,0.9797832540103375,0.3123481316225872,0.9973323941230774,0.9100832570166824,0.5013029490198412,0.9988037943840027,0.9459580864225123,0.5026574560574126,0.9969335198402405,59.78135276864279,0
793,0.9067503838312065,0.28637436883790174,0.9996080994606018,0.979564519155594,0.3119953558558512,0.9971777200698853,0.9103038708368945,0.5015840956142975,0.9986764192581177,0.9455189335913894,0.5022395593779432,0.9967243075370789,59.78135276864279,0
794,0.906798876467206,0.28652875196366107,0.9995812773704529,0.9793996101333989,0.31174773119744825,0.9970840215682983,0.9106538948558633,0.502224581582206,0.998573362827301,0.9451556972094952,0.502168212618147,0.9965581297874451,59.78135276864279,0
795,0.9068438779740114,0.2867841422557833,0.9995013475418091,0.979247490564983,0.31157775719960557,0.9969623684883118,0.911006016390665,0.5030521495001661,0.9984168410301208,0.9450058142344164,0.5023841091564727,0.99634850025177,59.78135276864279,0
796,0.9068753719329842,0.28710742223830477,0.9994189143180847,0.9790849401837312,0.31146223914055626,0.9968641996383667,0.9112159098897669,0.5037994753746763,0.9982849359512329,0.9450740785825827,0.5026765806334363,0.9962202906608582,59.78135276864279,0
797,0.9068953451656168,0.287394878410158,0.9993602633476257,0.978963113966443,0.31140647757621065,0.996863603591919,0.9113141610508881,0.5042210249673756,0.9981399774551392,0.9452836627051951,0.5029074180693858,0.9960830211639404,59.78135276864279,0
798,0.9069062187558137,0.28754003984587556,0.9993008375167847,0.9788740362439845,0.31136237865402605,0.9968022108078003,0.9113858853067678,0.5042480173565096,0.9980576634407043,0.9456432291439609,0.5030448152905422,0.9959936141967773,59.78135276864279,0
799,0.9069464121546071,0.2875794143903826,0.9992448091506958,0.9788214734622418,0.31135551418576946,0.9966671466827393,0.9113946585428154,0.5042131514776325,0.9980033040046692,0.9460097977093295,0.5031402678716754,0.9959143996238708,59.78135276864279,0
800,0.9070166690008988,0.2875397744632905,0.999209463596344,0.9787951651073645,0.31133834379059955,0.9965618252754211,0.911396123114087,0.5041086588587084,0.997955322265625,0.946283303555989,0.5032105303946,0.99586021900177,59.78135276864279,0
801,0.907086128280277,0.28741671215920245,0.9991920590400696,0.9787659077417291,0.3113046998069402,0.9964554309844971,0.9113701127824336,0.5038817496526813,0.9979351162910461,0.9463693669864117,0.5032461597805935,0.995810329914093,59.78135276864279,0
802,0.907132600034987,0.2872666744958789,0.999186098575592,0.9787421936080577,0.31126057392074974,0.9963973164558411,0.9113204734666015,0.5035929793403267,0.9979296922683716,0.9463428713026509,0.5032845025970827,0.9957841038703918,59.78135276864279,0
803,0.9071579660688136,0.28706863948277084,0.9991838932037354,0.978725385098231,0.31117856360617163,0.9963281750679016,0.9112657705942797,0.5032088472729641,0.9979313611984253,0.9463521128609075,0.5033083359400435,0.9957633018493652,59.78135276864279,0
804,0.9071639974912016,0.2868829170862836,0.9991722106933594,0.9787138473419924,0.31108220276378473,0.9962138533592224,0.9112286709603816,0.5028655472255892,0.9979183673858643,0.9463652656191879,0.5033264188539418,0.9957115054130554,59.78135276864279,0
805,0.9071896161351893,0.286724612826393,0.999179482460022,0.9787085623968224,0.3110230650220601,0.9959354996681213,0.9112192363966086,0.5025687529927212,0.9979144930839539,0.9463767324175161,0.5033433522496908,0.9956446290016174,59.78135276864279,0
806,0.9072106423832128,0.28662521214712255,0.9991766810417175,0.9787040494737179,0.310972455002013,0.995799720287323,0.9112163271222803,0.5023502338500254,0.9979016780853271,0.9463958059038443,0.503373761971792,0.9956103563308716,59.78135276864279,0
807,0.9072165943327413,0.2865582037539711,0.9991837739944458,0.9786957530748285,0.31095082845006694,0.9956607222557068,0.9112146922520236,0.5020866535958793,0.9979071617126465,0.9464252846581602,0.5033877293268844,0.9955898523330688,59.78135276864279,0
808,0.9072194014276784,0.28652895206496853,0.999193012714386,0.9786490514164887,0.3109481646901088,0.9956648945808411,0.9112281146503638,0.501855748040336,0.9978993535041809,0.9464476108551033,0.5033934825942634,0.9955899119377136,59.78135276864279,0
809,0.9072243032001321,0.2864908547628496,0.9992011189460754,0.9785809034392955,0.3109138778277808,0.9956243634223938,0.9112467936107098,0.5015885404178079,0.9978877305984497,0.9464742598079507,0.5033737960315889,0.9955545663833618,59.78135276864279,0
810,0.907209910097577,0.2864690721035006,0.9992092847824097,0.9785097667149143,0.31085919340451584,0.9953476190567017,0.9112688984189723,0.5014432328087947,0.9978883862495422,0.9464950646672938,0.5033214858600076,0.9954798221588135,59.78135276864279,0
811,0.9072253335089917,0.286462363742647,0.9992161989212036,0.9784619240533745,0.3109106137639003,0.9953161478042603,0.9113142745835447,0.5014543419792543,0.9978944063186646,0.9464988453047624,0.5033361571175716,0.9954748749732971,59.78135276864279,0
812,0.9072666650726688,0.28647930849166164,0.999203622341156,0.9784574196452194,0.3110616959276656,0.9951310157775879,0.9113794423284992,0.5016000072161361,0.9978467226028442,0.9464992880821235,0.5034783056804116,0.995370626449585,59.78135276864279,0
813,0.9073248874573487,0.28654542281514145,0.9992017149925232,0.9784787183716191,0.3113087401503611,0.9950109720230103,0.9114618443307431,0.5017865186645876,0.9978196620941162,0.9464975595474251,0.5036805414018181,0.9952775835990906,59.78135276864279,0
814,0.9074086319832582,0.286662912084943,0.9991661906242371,0.9784800381887535,0.3116487065951032,0.9949666857719421,0.9115377749715541,0.5020764583633064,0.9977533221244812,0.9464575818606793,0.5039064657120482,0.9952157139778137,59.78135276864279,0
815,0.9074774923778723,0.28680483500162784,0.9991533756256104,0.9784892627171116,0.3120459119478864,0.9948251843452454,0.911580613681249,0.5023285292443779,0.997752845287323,0.9464739788146254,0.50405213094893,0.9951980113983154,59.78135276864279,0
816,0.9075153526805704,0.28692943851153074,0.999140202999115,0.9785016917047054,0.31240262445949396,0.9948058724403381,0.9116050941603532,0.5025125259444831,0.9977396130561829,0.9466051970209403,0.5040701116834372,0.9951635003089905,59.78135276864279,0
817,0.9075239300727852,0.28700407204173883,0.9991307258605957,0.9785230017843708,0.3127351105213168,0.9948533177375793,0.911595869631995,0.5026518901189172,0.997735321521759,0.9467875531741559,0.5039839290437248,0.9951556921005249,59.78135276864279,0
818,0.9074891493434005,0.2870458605743592,0.9991155862808228,0.9785527927534929,0.3130675540083933,0.9948355555534363,0.9115492275783001,0.5029938277744115,0.9977291226387024,0.9470322643007558,0.5040370992251809,0.9950961470603943,59.78135276864279,0
819,0.9074302883375267,0.28708665001960054,0.9991055727005005,0.97859659649077,0.3134277292660307,0.9949148893356323,0.9114858593259546,0.5035401412418914,0.9977352023124695,0.9473239524023882,0.5041914837700985,0.9951038360595703,59.78135276864279,0
820,0.9073806319917959,0.2870742763791768,0.9991115927696228,0.9786436359087634,0.3137538660140267,0.9950088262557983,0.9114724028678174,0.5041704745519733,0.9977311491966248,0.9475401611555198,0.5044059497969495,0.9950836300849915,59.78135276864279,0
821,0.9073453006290262,0.28703267517543996,0.9991133213043213,0.9786926195735031,0.31399580126717,0.9950395226478577,0.9115200440088915,0.5046492360887077,0.9977051615715027,0.9476998249689745,0.5045580920718968,0.995023250579834,59.78135276864279,0
822,0.9073612320990797,0.2869695510183064,0.9991373419761658,0.9787260464259564,0.31413781075250563,0.9949623346328735,0.9116049011548368,0.5048847368785317,0.9976589679718018,0.9478330810864773,0.5047133167584741,0.9948867559432983,59.78135276864279,0
823,0.9074203684216462,0.2869150425706593,0.9991350769996643,0.9787410639581233,0.31419059776124525,0.9949783682823181,0.9117215616362443,0.5048821483339586,0.9975945949554443,0.9478289314678745,0.5048243602116906,0.9948058724403381,59.78135276864279,0
824,0.9075065652529406,0.2869014853522893,0.9991113543510437,0.9787286151023146,0.3142429874056864,0.994951069355011,0.9118551867348814,0.5049308651969551,0.9975320100784302,0.9476860108829688,0.5050652679942907,0.9947198629379272,59.78135276864279,0
825,0.9076386917205091,0.2869414020152321,0.9990931749343872,0.978695063363939,0.3143485103334702,0.9949411153793335,0.91206770567667,0.505068245388213,0.997474730014801,0.9474946146919621,0.5053802898951943,0.9946760535240173,59.78135276864279,0
826,0.9077942087536773,0.28698421943755403,0.9991034269332886,0.9786561103094199,0.3144553516592301,0.9950312376022339,0.9123620050294066,0.505287519523076,0.9974501729011536,0.9472863418715348,0.5057520497412913,0.9947011470794678,59.78135276864279,0
827,0.9079309332938429,0.2870736008598693,0.9990836977958679,0.9786204468636294,0.31452064854758155,0.9951066374778748,0.912637733277821,0.5054910835765661,0.9973937273025513,0.9471388005075008,0.5060274913197477,0.9946836233139038,59.78135276864279,0
828,0.9080146834963853,0.2871884788785664,0.9990513920783997,0.9786087757065189,0.3145918193317597,0.9951527714729309,0.9127999544143683,0.5056590721720744,0.9973642230033875,0.9471177033015667,0.5062423320043659,0.994702935218811,59.78135276864279,0
829,0.9080657618386412,0.2872953060127442,0.9990370869636536,0.9785781389191044,0.3146044555164521,0.9952858686447144,0.9128706256548571,0.5057219408807304,0.9973291754722595,0.947164958431608,0.5063418547312423,0.9947212934494019,59.78135276864279,0
830,0.9081239047504613,0.2873575673216867,0.9990169405937195,0.9785242818650753,0.3145693129017242,0.9954082369804382,0.9128565192222602,0.5057113312539604,0.9972596764564514,0.9470976250512267,0.5063547406877794,0.994713306427002,59.78135276864279,0
831,0.9081765526816965,0.2873619794845583,0.9990051984786987,0.9784467362222226,0.3145363628864291,0.9955034852027893,0.9128885581379852,0.5056735504241221,0.9971979260444641,0.9469657937685656,0.5063471879277914,0.9946882724761963,59.78135276864279,0
832,0.9083012853349965,0.2873286292666483,0.9989962577819824,0.9783787812505458,0.314582012948536,0.9955424070358276,0.9130058487256376,0.5056948377972561,0.9971497058868408,0.9467815331050335,0.5064900432314196,0.994674026966095,59.78135276864279,0
833,0.9084787737755555,0.28730826434635004,0.9989513754844666,0.9783242940902718,0.3146567330473948,0.9955748319625854,0.9131616325605492,0.5057466285569331,0.9970427751541138,0.9466636748540977,0.5067208749907361,0.9945648908615112,59.78135276864279,0
834,0.9086728975886398,0.2873031000296277,0.9988948702812195,0.9783183165958957,0.31496665591285367,0.9955447912216187,0.9133093953132637,0.5058451124600005,0.9970190525054932,0.9466298279308145,0.5070402906054546,0.9945880174636841,59.78135276864279,0
835,0.9088533038184763,0.2872977043901173,0.9988422989845276,0.9783170308385584,0.31542206378210186,0.9955204129219055,0.9134045896076028,0.505968408925193,0.9969757199287415,0.9469002740723753,0.5074295089358379,0.9945414662361145,59.78135276864279,0
836,0.9089939821334119,0.2872903318632219,0.9988259077072144,0.9783235504513703,0.3158950039318632,0.9953740239143372,0.9133858595575612,0.5060222205661595,0.9969733357429504,0.9474509869303029,0.5077647226197384,0.994491696357727,59.78135276864279,0
837,0.9090289445150475,0.2872843671412697,0.9988269805908203,0.9783216572943196,0.31624799966812156,0.9952149987220764,0.9132912017050251,0.5060269548779446,0.9969886541366577,0.9481074213981636,0.507983798072452,0.9944130182266235,59.78135276864279,0
838,0.9090854326883959,0.2872580758162909,0.9988526105880737,0.9783402085304268,0.3164988969053544,0.9952051639556885,0.9131973499343516,0.5059735377629602,0.9970472455024719,0.9486869601976312,0.5081258047194712,0.9943905472755432,59.78135276864279,0
839,0.9091575259254099,0.28720409103802297,0.9988800287246704,0.9783585752759668,0.31655313145546715,0.9951869249343872,0.9131143774305078,0.5059029403186983,0.9970928430557251,0.9490898138000858,0.5081228131339668,0.9943678975105286,59.78135276864279,0
840,0.9092842397235696,0.28710846673874646,0.9989101886749268,0.9784178222928737,0.3166264877432871,0.9951422214508057,0.9130568646249324,0.5058563947677617,0.9971590042114258,0.9491872645559772,0.5080337240582424,0.9943809509277344,59.78135276864279,0
841,0.9094100197156277,0.28699732678277173,0.9989417791366577,0.9783829819588442,0.3167009665852504,0.9950291514396667,0.9129769149280738,0.505814115206401,0.9971824288368225,0.9490799733570652,0.5079388930684048,0.9942557215690613,59.78135276864279,0
842,0.9095053956622178,0.28691590967632497,0.9989671111106873,0.9782198355311447,0.3167299727598829,0.9948774576187134,0.9129241534641819,0.5057706889652075,0.9971831440925598,0.9488928346406853,0.5078619236037849,0.9940917491912842,59.78135276864279,0
843,0.9095549555051902,0.2868866210892089,0.9990034699440002,0.9779698706808553,0.316677591630391,0.9946208596229553,0.9127437671025601,0.5055721203486129,0.9971873760223389,0.9485995485669098,0.5077048653648017,0.9939082860946655,59.78135276864279,0
844,0.9095986854462403,0.28688754070372835,0.9990278482437134,0.9776866776602617,0.3166059241408396,0.9943497180938721,0.9124837432588857,0.505254637627375,0.9971204996109009,0.9483114480972298,0.5075341349556337,0.9935204386711121,59.78135276864279,0
845,0.9096242842220132,0.2869019068422774,0.9990518689155579,0.9774363835652677,0.31645297578402953,0.9940903186798096,0.9121874854678207,0.5048973475183763,0.9970747828483582,0.947886112190429,0.5072798757326039,0.9932370185852051,59.78135276864279,0
846,0.9096589400654755,0.2869135070414772,0.9990712404251099,0.9773008511179978,0.3162873628593629,0.9940552711486816,0.911927121026176,0.5046204612368632,0.9970399141311646,0.947305083274842,0.5070317643029354,0.993085503578186,59.78135276864279,0
847,0.9097155871845435,0.2869102472350713,0.9991022944450378,0.9771717162359337,0.31614235611189,0.9941655993461609,0.9117614172753841,0.5044326697077074,0.9970536231994629,0.9465832312901823,0.5068032173883351,0.9931415915489197,59.78135276864279,0
848,0.9097589963958385,0.2869409563995545,0.9991282820701599,0.9770038099516014,0.316055591617312,0.9941886067390442,0.9117757876714078,0.5044482293583102,0.9970360994338989,0.9458730277561013,0.5066752291861039,0.9931181073188782,59.78135276864279,0
849,0.9097816404842203,0.28701384294600735,0.9991511106491089,0.9768081988607142,0.31601618301300805,0.9942836761474609,0.9118020052001597,0.5045163347607571,0.997039258480072,0.9453696267945433,0.5065878771600273,0.9931253790855408,59.78135276864279,0
850,0.9097849527994799,0.28714050565447147,0.9991732239723206,0.9765910506248482,0.3160752625692461,0.994447648525238,0.911807786850703,0.5046539760771256,0.9970554113388062,0.9451874239104143,0.5067000474248617,0.9931605458259583,59.78135276864279,0
851,0.9097482391766146,0.28736431116149563,0.9991961717605591,0.9764272513843727,0.31634094317754136,0.9944605827331543,0.9117716550827034,0.5048855798585078,0.9970799684524536,0.9451558618318474,0.5070163068317235,0.993186891078949,59.78135276864279,0
852,0.9096978306770331,0.28762470114798794,0.9991663098335266,0.9764389225414829,0.3169358613945191,0.994515061378479,0.9117231851532354,0.5053973056021195,0.9970794320106506,0.9453192268099111,0.5077487599282041,0.9932175278663635,59.78135276864279,0
853,0.909705627532233,0.2878090512184872,0.99912029504776,0.9766279544149135,0.3178439693791528,0.994549572467804,0.9117082499322444,0.5060155022711985,0.997108519077301,0.9456289353824805,0.5086581479935424,0.9932856559753418,59.78135276864279,0
854,0.9096713094484247,0.28790643669310095,0.9990866184234619,0.9769175308091307,0.3187734002158758,0.9944912791252136,0.9117407600084948,0.5067298979986286,0.9971588253974915,0.9459364357448767,0.5095469298816866,0.9933761358261108,59.78135276864279,0
855,0.9095702370007841,0.2879142917337874,0.9991059899330139,0.9772151992434556,0.31941886459078134,0.99443119764328,0.9117666341009603,0.5073234296980362,0.9972339272499084,0.9464221454802021,0.5101321481523065,0.9934874176979065,59.78135276864279,0
856,0.9093331268855511,0.2879057370481039,0.9991163611412048,0.9774854779243478,0.319732596476873,0.9945871233940125,0.9116570921171286,0.5077051009450644,0.9973358511924744,0.9470281544185828,0.510523739315215,0.9937413930892944,59.78135276864279,0
857,0.9090200719379251,0.2879715490908852,0.9991257786750793,0.9776790709722618,0.3198159053212123,0.9947732090950012,0.9114366031828388,0.507848978042603,0.9974273443222046,0.9476385343642469,0.5107205595288962,0.9939348697662354,59.78135276864279,0
858,0.9087454165731166,0.2880609021300364,0.9991520643234253,0.9778171068146123,0.31979659341630506,0.995000958442688,0.9111909043221254,0.5079494061924166,0.997543454170227,0.9481762988226762,0.5109237404096698,0.9942001700401306,59.78135276864279,0
859,0.9085940945716139,0.2881770233313245,0.9991700053215027,0.9779011294955307,0.31979247785749915,0.9950568675994873,0.9109997862861278,0.5079911010605953,0.9975870251655579,0.9484976530075081,0.5110722297713874,0.994293749332428,59.78135276864279,0
860,0.9085515368552443,0.2883546735559193,0.999164342880249,0.9779393133663005,0.3198264468283883,0.9951041340827942,0.9109555312565402,0.5080559934888571,0.997594952583313,0.9485226160004032,0.5111429350716732,0.9943643808364868,59.78135276864279,0
861,0.908572279271626,0.2886290379932951,0.999170184135437,0.9779372697784795,0.31987745421273395,0.9951693415641785,0.9109978136562173,0.5081100321951371,0.9975924491882324,0.9484885334968576,0.5111321750141329,0.9943757057189941,59.78135276864279,0
862,0.9085457296598533,0.289025371982938,0.9991801977157593,0.9779405026208794,0.31998766320092364,0.9952371716499329,0.9110349161284317,0.5081999642508375,0.9976023435592651,0.9484577377637236,0.5112152014459886,0.9943960905075073,59.78135276864279,0
863,0.9085200854710177,0.2894665258271356,0.9991894364356995,0.9779381638481511,0.3201039887609939,0.9952859878540039,0.9110527350789033,0.5082814097404484,0.9976397752761841,0.9484528728893833,0.51131683588028,0.9944835901260376,59.78135276864279,0
864,0.9085103046326418,0.2898121149767015,0.9992138147354126,0.9779308182852617,0.32026056590534413,0.9954140782356262,0.9110868232590819,0.5083491348084954,0.9976907968521118,0.9484552315303265,0.5114161627633236,0.9946143627166748,59.78135276864279,0
865,0.9085060301281164,0.29001862804094974,0.999237596988678,0.9779282439322707,0.3204070386432468,0.9955224990844727,0.9111261083966217,0.5084133034660707,0.9977219700813293,0.9484520895140519,0.5114832690783914,0.9947054386138916,59.78135276864279,0
866,0.9085137758936208,0.29009932705334274,0.999268114566803,0.977878065336319,0.32056336743491065,0.9956430792808533,0.911172426882245,0.5083873782839098,0.9977796077728271,0.9484328457287388,0.5114586466834663,0.9948320388793945,59.78135276864279,0
867,0.9085269371668505,0.2901062681561427,0.9992964863777161,0.9778004714420871,0.3207071480296909,0.9957232475280762,0.9112326559566323,0.5082960469382154,0.997809648513794,0.948406676451366,0.5114210673740937,0.9949213266372681,59.78135276864279,0
868,0.908540640558516,0.29008385539054893,0.9993317723274231,0.9777104428836285,0.3208014184520361,0.9957091212272644,0.9113528075672339,0.5081791877746586,0.9978532195091248,0.9483966628710436,0.5113989937873118,0.9949686527252197,59.78135276864279,0
869,0.908566063358671,0.290048386369433,0.9993568062782288,0.9776171928360358,0.32078357679503333,0.9956430196762085,0.9114925038246889,0.5080850464957105,0.9978618025779724,0.948401556128548,0.5113918185234074,0.9949710369110107,59.78135276864279,0
870,0.9085954314186467,0.290005513599941,0.9993779063224792,0.9775535804884783,0.3208235828649433,0.9956236481666565,0.9116348113332483,0.5080137423106607,0.9978736042976379,0.9484340122767865,0.5113959255672641,0.9949995279312134,59.78135276864279,0
871,0.908619179612115,0.28995948888006684,0.9993975162506104,0.9775210817654936,0.32092050001734806,0.9957205653190613,0.9117449976149067,0.5079754051708043,0.9979016184806824,0.9484164175533121,0.5113914495422731,0.9951330423355103,59.78135276864279,0
872,0.9086372454961149,0.2899511101700013,0.9994169473648071,0.9774996581531714,0.3211860415481388,0.9958116412162781,0.9117199608257845,0.5078698254766922,0.9979407787322998,0.9483322245734086,0.5113841068177001,0.9952805042266846,59.78135276864279,0
873,0.9086320371854881,0.28997221447172644,0.9994326829910278,0.9775021899314161,0.32155354959624183,0.9958605170249939,0.9115943624859771,0.5075413442793351,0.9979621767997742,0.9482235936891473,0.5112864829245072,0.9953912496566772,59.78135276864279,0
874,0.9086087232544316,0.2900198428403766,0.999457061290741,0.9775160352389025,0.3219008701188226,0.9960684180259705,0.9114428758621224,0.5070867765517466,0.9980478882789612,0.9481173015776143,0.5111453618322104,0.9956100583076477,59.78135276864279,0
875,0.9085613744599486,0.2900817550363997,0.9994884133338928,0.9775205651919054,0.3220967025983904,0.9962027072906494,0.9112945085480106,0.5065621563366486,0.9981368780136108,0.9480563515708567,0.5109767261005587,0.9957877993583679,59.78135276864279,0
876,0.9085107445716865,0.2901410715920587,0.9995196461677551,0.9775185357956666,0.32217389203253277,0.99640291929245,0.9111975573358089,0.5061285949888688,0.9982284903526306,0.9480729273387372,0.5108348642076769,0.9959824085235596,59.78135276864279,0
877,0.9084827928316034,0.2901762425899508,0.9995455145835876,0.9775051133973265,0.3221430324372794,0.9965155124664307,0.9111767127400361,0.5057251197951185,0.9983136057853699,0.9481466554460078,0.5106751038914639,0.9961405396461487,59.78135276864279,0
878,0.908497977824439,0.2901998871848699,0.9995636940002441,0.9775160465921682,0.3221928718544191,0.9966672658920288,0.9111891417276299,0.5053723340942751,0.9983952045440674,0.9483141643660417,0.5105561869485041,0.9963070154190063,59.78135276864279,0
879,0.9085232161340268,0.29020176331202213,0.9995818734169006,0.9775352988924306,0.3222379883130394,0.996792197227478,0.9112176327478325,0.504808746633076,0.9984790682792664,0.9486292061351602,0.5101151863733931,0.9964699745178223,59.78135276864279,0
880,0.9085575739542651,0.29020626488186085,0.9995927810668945,0.977668415932429,0.322452091035389,0.9968757629394531,0.911233087380728,0.5042057888848446,0.9985492825508118,0.9491255964551661,0.5095081187429886,0.9965862035751343,59.78135276864279,0
881,0.9085676499775486,0.29021683477220106,0.9996134042739868,0.9778936335018711,0.32281823527245324,0.9970550537109375,0.9112374981244413,0.5036788667951315,0.9986423254013062,0.9497641523679106,0.5089056236403333,0.9967620372772217,59.78135276864279,0
882,0.9086226111366642,0.2902289756706785,0.9996306896209717,0.9783272033646,0.32341603012312053,0.9972044229507446,0.9112488031387337,0.5034093544596722,0.9987295269966125,0.9504362798872457,0.5084992022741412,0.9969190955162048,59.78135276864279,0
883,0.9087117229189199,0.2902369314715978,0.9996426701545715,0.978820721308391,0.32408546691849144,0.9972991943359375,0.9112654271579932,0.50331571556273,0.9988068342208862,0.9510348212151307,0.5083520923342028,0.9970542788505554,59.78135276864279,0
884,0.9088186366217484,0.290239446219944,0.9996535778045654,0.9792370938119442,0.32470323642094956,0.9973715543746948,0.9112950591813958,0.5033962414378216,0.9988722801208496,0.951425010249729,0.50847430740084,0.9971676468849182,59.78135276864279,0
885,0.9089031616846728,0.2902325831708456,0.9996577501296997,0.9794409644036074,0.3250286749431067,0.9972296357154846,0.9113261046863745,0.5034079920677916,0.9989072680473328,0.9516042868296313,0.5085099651699978,0.9971619248390198,59.78135276864279,0
886,0.90897951523463,0.2902239702996756,0.999667227268219,0.9794869877043232,0.32531001738139587,0.9970304369926453,0.9113502246992935,0.5033956170082097,0.9989262223243713,0.9516579508781441,0.5085160817418783,0.9970924854278564,59.78135276864279,0
887,0.9090241023472384,0.2902215705031443,0.9996796250343323,0.9793838518006468,0.32558449960890296,0.9968774318695068,0.9113484450748996,0.503390124865941,0.9989528059959412,0.9516189013208669,0.5085145405360635,0.997056782245636,59.78135276864279,0
888,0.9091075318200256,0.290207875626428,0.9996874332427979,0.9793359864325758,0.32591656418073767,0.9969384074211121,0.911336112590064,0.5033922536032545,0.9989863038063049,0.951554082688832,0.5085119264466426,0.9971142411231995,59.78135276864279,0
889,0.909202558653696,0.29012121189208284,0.9997006058692932,0.9793063969839195,0.32618012882414343,0.9969645142555237,0.9113192019008461,0.5034032804625379,0.9990238547325134,0.9515134692192085,0.5085212361244933,0.9971745610237122,59.78135276864279,0
890,0.9093114307948529,0.28996773986589364,0.99971604347229,0.9793030307406478,0.32634179081235637,0.9969313144683838,0.9113079820360463,0.5034106146721617,0.9990598559379578,0.9514743685722359,0.5085333387056991,0.9972206950187683,59.78135276864279,0
891,0.9094165932564515,0.2897951290720987,0.9997295141220093,0.9792900880177823,0.32639966976074974,0.9968985319137573,0.9113600055376696,0.5034288707233614,0.9990906119346619,0.9514534643718182,0.5085463183266781,0.9972594976425171,59.78135276864279,0
892,0.909551850387029,0.28964208421253046,0.9997450113296509,0.9792810905547378,0.3265398258254644,0.9968747496604919,0.9114715854326891,0.5034532433464418,0.9991248250007629,0.9514562033471614,0.508568215937842,0.9973041415214539,59.78135276864279,0
893,0.909680624802908,0.28956251485007173,0.9997557401657104,0.9792539619264157,0.3267791186060227,0.9968307018280029,0.9116034337452488,0.5034936609722322,0.9991395473480225,0.9514479211398541,0.5085998943873817,0.9973176121711731,59.78135276864279,0
894,0.9097800056139635,0.2895546796776002,0.9997686147689819,0.9792167686280758,0.327001648289817,0.9968575835227966,0.9117171367009489,0.5035346859977363,0.9991640448570251,0.9514342120715558,0.5086278716723128,0.9973576664924622,59.78135276864279,0
895,0.9098459709258313,0.289554182972227,0.999781608581543,0.9791748750777479,0.3271319468816124,0.9969519972801208,0.9117783080963868,0.5035572789964227,0.9991891384124756,0.9514235116186603,0.5086367612793337,0.997416079044342,59.78135276864279,0
896,0.9098936489650189,0.2895519804386868,0.999789297580719,0.9791581914538436,0.32711066234679476,0.9970347285270691,0.9118135543096642,0.5035857983997893,0.9991776347160339,0.9514197480110902,0.5086401473908201,0.9974023103713989,59.78135276864279,0
897,0.9099246575718842,0.2895571291446688,0.9997966289520264,0.9791664339247211,0.32699562254406184,0.9971226453781128,0.9118790910357528,0.5036331926073351,0.9991819858551025,0.9514347258068274,0.508649791990008,0.9974125027656555,59.78135276864279,0
898,0.9099620779355375,0.289558461734227,0.9998034238815308,0.9792399463199443,0.32688698740232586,0.9971896409988403,0.911957400185722,0.503688596543812,0.9991844296455383,0.9514654846418479,0.5086610856510347,0.9974337220191956,59.78135276864279,0
899,0.9099776915141522,0.28956798286665075,0.9998123049736023,0.9793305510566356,0.32680404753912085,0.9972404837608337,0.9120229425884435,0.5037250007901877,0.999206006526947,0.9514934448968805,0.5086642730803721,0.9974798560142517,59.78135276864279,0
900,0.9099951556750714,0.2895788749059044,0.9998186826705933,0.9794253678548911,0.3268568302903859,0.9973556995391846,0.9120583363941744,0.5036572757221408,0.9992240071296692,0.9515063223384683,0.5086573561032617,0.9975544214248657,59.78135276864279,0
901,0.9100189152218053,0.28958865148680574,0.9998277425765991,0.9795044774100902,0.3270305210635778,0.9974935054779053,0.9120631331489207,0.5034897526105249,0.9992561936378479,0.9515141333852503,0.5086371870267963,0.9976674914360046,59.78135276864279,0
902,0.9100488651366468,0.28961897322109786,0.9998338222503662,0.9795921274593906,0.32725885652360487,0.9975907802581787,0.9120677368981505,0.5032582254636859,0.9992867112159729,0.9514895393734895,0.5086204324449816,0.9977602958679199,59.78135276864279,0
903,0.9100786447525031,0.28965508086340797,0.999840259552002,0.9796535968780525,0.32745014769690406,0.9976679682731628,0.9120537695430582,0.5029879694893251,0.999316394329071,0.9513701995213834,0.5085930284999669,0.9978471994400024,59.78135276864279,0
904,0.9101021289825446,0.2896893421808881,0.9998412132263184,0.9797317442439859,0.32758911024956505,0.9976862072944641,0.9120056231816617,0.5027823476564321,0.9993299245834351,0.9512004823911765,0.5085649376823793,0.9978973865509033,59.78135276864279,0
905,0.9100999406405865,0.28971533122516835,0.9998434782028198,0.9798056057521283,0.32764320714133155,0.9977322220802307,0.9119240187463313,0.5026824360802064,0.9993462562561035,0.9510217138699131,0.5085625960713345,0.997962236404419,59.78135276864279,0
906,0.9100794763792137,0.289723112469628,0.9998385906219482,0.9798613417716262,0.32773787067050053,0.9978339076042175,0.9117516846883872,0.502619632652828,0.999353289604187,0.9508113520486021,0.5085771509579253,0.9979992508888245,59.78135276864279,0
907,0.9100347615423664,0.2897229407514847,0.9998369216918945,0.9799044387681151,0.3278440407344276,0.9978951215744019,0.9115043594723664,0.502663788341341,0.9993703365325928,0.9506333328428731,0.5086041688919072,0.9980570673942566,59.78135276864279,0
908,0.9099835100628089,0.2897178431351982,0.9998290538787842,0.9799491876647594,0.32794139924503535,0.9980031251907349,0.9112338026364651,0.5027459859848027,0.999369204044342,0.9505082993280328,0.5086387651307246,0.9980710744857788,59.78135276864279,0
909,0.9098896327472875,0.28970770750726993,0.9998168349266052,0.9799712158384786,0.3279886146386467,0.9981170892715454,0.9109699555805758,0.5028255752154763,0.9993714690208435,0.9503858969325119,0.5086823105812077,0.9980897903442383,59.78135276864279,0
910,0.9097711131686265,0.28971021374066697,0.9998063445091248,0.9799948987506693,0.3281069412117915,0.9982219934463501,0.9107690084548231,0.5029225973855886,0.9993729591369629,0.9503129039491933,0.5087423977397741,0.9980977773666382,59.78135276864279,0
911,0.9095936559495479,0.2897277034464339,0.999801754951477,0.9800238666080301,0.32827859549295363,0.9983255863189697,0.9106659293174751,0.5030159581275218,0.9993802905082703,0.9502908473923101,0.5088264913786029,0.9981274008750916,59.78135276864279,0
912,0.9093772002628878,0.2897500055176873,0.9997994303703308,0.9800996326264889,0.3285385668277743,0.9984208345413208,0.9106253754524966,0.5030468248185662,0.9993910193443298,0.950290745212919,0.5088817193394619,0.99815833568573,59.78135276864279,0
913,0.9091584540548786,0.2897940703800749,0.9997942447662354,0.980003876345499,0.3286873031230203,0.9985113739967346,0.9106182484399712,0.5030336294855394,0.9993941187858582,0.9503062736420411,0.5088729120436173,0.9981874227523804,59.78135276864279,0
914,0.909013353642964,0.28982836433819387,0.9997859001159668,0.9798122303826476,0.32874021076020765,0.9985759854316711,0.9106954847063344,0.5030985730034969,0.9993998408317566,0.9503939577511386,0.5089026774678915,0.9982091188430786,59.78135276864279,0
915,0.9088887770970671,0.28996380170186387,0.9997877478599548,0.9794812571434756,0.32857611207734994,0.9986201524734497,0.910803451424554,0.5032536188761397,0.9994118809700012,0.9505423988614771,0.5089559327988402,0.9982553124427795,59.78135276864279,0
916,0.908791797501701,0.2902387508324217,0.9997929930686951,0.979121787207468,0.32840845414570424,0.9986493587493896,0.9109036894071677,0.5034795517013191,0.999424159526825,0.9507224758466093,0.5090271064213349,0.9983001947402954,59.78135276864279,0
917,0.9086949371156245,0.2906293514229005,0.9997982978820801,0.9788286458878298,0.3282688487143746,0.998654305934906,0.9109864660671786,0.5037007558913462,0.9994387030601501,0.9508834396089834,0.5090868075688684,0.9983469843864441,59.78135276864279,0
918,0.9085905807358886,0.2911617642357238,0.9998021125793457,0.9787405133247384,0.32826135555903146,0.9986543655395508,0.91105984506153,0.5038952685537796,0.9994546175003052,0.951036989688874,0.5091120941298353,0.9983859062194824,59.78135276864279,0
919,0.9084908508119136,0.29175835705938813,0.9998070597648621,0.9786173701286324,0.32823373164449443,0.9986042976379395,0.9111001321247654,0.5039796091261368,0.9994699954986572,0.9511356836273563,0.5090300100190304,0.9984022974967957,59.78135276864279,0
920,0.9084059823127028,0.2922910664762772,0.9998112916946411,0.9783601420266296,0.3281363121100837,0.9986265897750854,0.9111533817790811,0.5040690558297298,0.9994896650314331,0.9511305689811713,0.5089667552993415,0.9984365105628967,59.78135276864279,0
921,0.9083195499011456,0.2927651589825042,0.999821126461029,0.9779475019091659,0.3278734740756809,0.9986236691474915,0.9111702186720719,0.5041341923532036,0.9995142817497253,0.9510226476760145,0.5088767011960351,0.9984861016273499,59.78135276864279,0
922,0.9082135927109499,0.29316641745113214,0.9998287558555603,0.9775278170903532,0.32756699834551156,0.9985031485557556,0.9111543950580423,0.5041606993902301,0.9995309114456177,0.9508615618660345,0.5087919746126451,0.9984905123710632,59.78135276864279,0
923,0.9081216199057451,0.29343097834360055,0.9998347759246826,0.9772070646286019,0.3273143328371505,0.9985101819038391,0.9111309874625442,0.5041126183101112,0.9995499849319458,0.9507007031213677,0.5087183770679296,0.9985243082046509,59.78135276864279,0
924,0.9080490044185101,0.2936210305917833,0.9998366832733154,0.9771010875701912,0.32722060311408296,0.9984626770019531,0.9111101967947832,0.5040476180258255,0.9995580911636353,0.950607978162312,0.5086698872702466,0.9985312819480896,59.78135276864279,0
925,0.9080215720903314,0.2937214445500149,0.9998350143432617,0.9771473918642325,0.3272316157817843,0.9983546733856201,0.9111075770287294,0.5039317976860778,0.9995608329772949,0.9506070642244255,0.508572618166606,0.9985138177871704,59.78135276864279,0
926,0.9080292894726716,0.293724121082397,0.9998335838317871,0.9771604821795516,0.327201462927319,0.998313307762146,0.9111270393644068,0.5038040989921211,0.9995673894882202,0.950619442122324,0.5084649210884462,0.9985159635543823,59.78135276864279,0
927,0.90807516801925,0.29366997452009314,0.9998372197151184,0.9771689346858441,0.32720206748871605,0.9982248544692993,0.9111471034231647,0.5037126285689222,0.9995787739753723,0.9505952852112914,0.508369005861737,0.9985224008560181,59.78135276864279,0
928,0.9081150236583899,0.2936097468648641,0.9998425841331482,0.977197332041605,0.327319654680434,0.9981254935264587,0.9111752680369793,0.5037007331848149,0.9995872378349304,0.9505354676927847,0.5083268738928299,0.9985176920890808,59.78135276864279,0
929,0.9081491941497446,0.2935408524104529,0.9998460412025452,0.9772475759188342,0.32757807629449054,0.9980442523956299,0.9111864992550448,0.5036917045002895,0.9995941519737244,0.9504592361904334,0.508316312517439,0.9985189437866211,59.78135276864279,0
930,0.9082080778621499,0.2934806148211163,0.9998481273651123,0.9772661271549414,0.3278674199467616,0.9979696869850159,0.9111348418962395,0.5036857951255076,0.999595582485199,0.9503002535729188,0.508325006280627,0.9985054731369019,59.78135276864279,0
931,0.9082855922835221,0.2934422876153676,0.9998548030853271,0.9772667686144518,0.32813127126012553,0.9979782700538635,0.9110357704616735,0.5036719952310839,0.9996057152748108,0.9501321315765388,0.5083357975596478,0.9985231757164001,59.78135276864279,0
932,0.908365814458757,0.293413898774556,0.9998605847358704,0.9772569906143923,0.32829114936646986,0.9979375004768372,0.9109197656313586,0.5036721768833347,0.999609112739563,0.9499810423169825,0.5083451469739282,0.9985118508338928,59.78135276864279,0
933,0.9084424007506605,0.29339929137911136,0.9998643398284912,0.9772300833747508,0.32838784654935227,0.9979411959648132,0.910806704135169,0.5037094922292804,0.9996172785758972,0.9498466906093423,0.5083762066704891,0.9985297918319702,59.78135276864279,0
934,0.908513131595794,0.29336210233824617,0.999869704246521,0.9772357401393716,0.3284992859477091,0.9979152679443359,0.9107538717133666,0.5037644136519663,0.999627947807312,0.9497807054292595,0.5084094830921722,0.9985500574111938,59.78135276864279,0
935,0.908555604162671,0.29332574776240783,0.9998734593391418,0.9772688774835504,0.3285633041745143,0.9979300498962402,0.9107335351762326,0.5037823631649929,0.999630868434906,0.9497842022350864,0.5084175524257482,0.9985500574111938,59.78135276864279,0
936,0.9085875806354349,0.29327023313159056,0.9998764395713806,0.9772827994255799,0.32850495974222843,0.9979321360588074,0.9106916217576897,0.503787253584181,0.9996297359466553,0.9497616546494628,0.5084169507026677,0.9985377192497253,59.78135276864279,0
937,0.9086085302489153,0.29318428323382445,0.9998747110366821,0.9772949360665828,0.3283537626266482,0.9979305863380432,0.9106338194438397,0.503784795602163,0.9996151328086853,0.949752799102239,0.5083805549712412,0.9984964728355408,59.78135276864279,0
938,0.9086108463151121,0.2930595434847334,0.9998707175254822,0.9772935339382725,0.3281448284784956,0.9979047179222107,0.9105562397411899,0.5037760762941274,0.9996045231819153,0.9497194942973917,0.5083214697383702,0.9984666109085083,59.78135276864279,0
939,0.908614567347936,0.29293918893450804,0.9998655915260315,0.9772926852816635,0.3280115936483658,0.9979208707809448,0.9104735084942416,0.5038063100406106,0.9995883703231812,0.9496633296921146,0.5082706099464784,0.998428225517273,59.78135276864279,0
940,0.9086241126060493,0.2928279226734527,0.9998611807823181,0.9773051823888514,0.328012063389733,0.9979271292686462,0.9104256488028035,0.5039199079786032,0.9995682239532471,0.9496270446550286,0.5082442107654757,0.9983750581741333,59.78135276864279,0
941,0.9086299879210343,0.2927592169670834,0.9998556971549988,0.9773234185718364,0.32804341259456843,0.9978899359703064,0.9103998201234007,0.5040599874087747,0.9995575547218323,0.9496434047108613,0.5082404641878041,0.9983499646186829,59.78135276864279,0
942,0.9085787818545394,0.2927288129216151,0.99985271692276,0.977343664282845,0.32807868719100974,0.9979196786880493,0.9103848480042964,0.5042975942293807,0.9995532631874084,0.9497049734705978,0.5082954225086034,0.9983490109443665,59.78135276864279,0
943,0.908496198200045,0.29272118068876746,0.9998523592948914,0.9773523069563375,0.32804636728195946,0.9979673624038696,0.9103839993476875,0.5045555744852342,0.9995551705360413,0.9497966596058445,0.5083310604095463,0.9983656406402588,59.78135276864279,0
944,0.9084124338059206,0.29272006381125704,0.9998463988304138,0.977350768588839,0.327951469591686,0.9979668259620667,0.9103805593081891,0.5047126696223309,0.9995425939559937,0.9499103143101655,0.5083490893954327,0.9983426928520203,59.78135276864279,0
945,0.9083571178572526,0.2927271965004151,0.9998459219932556,0.9773596610341762,0.32790473671186565,0.9979828596115112,0.910371539138613,0.5046994033313936,0.9995381832122803,0.9500389439719071,0.5083319658324836,0.9983314275741577,59.78135276864279,0
946,0.9083343744277961,0.29272634926296437,0.9998394846916199,0.977383704412552,0.3278348502658665,0.9980542063713074,0.9103800569261831,0.5045682589213057,0.9995264410972595,0.9501596575691594,0.5082718673206514,0.9982996582984924,59.78135276864279,0
947,0.9083527042752227,0.2927150925000511,0.9998257756233215,0.9774194671994171,0.3277283041250141,0.9981318116188049,0.9103866957482845,0.5043169174875536,0.9994995594024658,0.9502651918502089,0.5081483295985635,0.9982133507728577,59.78135276864279,0
948,0.9083567375228526,0.29270125570751393,0.9998084306716919,0.9774483016559063,0.3275431635833924,0.9982127547264099,0.9104739654631849,0.5041456875346959,0.9994489550590515,0.9503479883784347,0.5080988094920208,0.9981004595756531,59.78135276864279,0
949,0.9083579409690137,0.2927040358384453,0.9997969269752502,0.977517417498998,0.32757671248345177,0.9983012080192566,0.910643316450574,0.5041322424298245,0.99942946434021,0.950491754781633,0.5082962768418453,0.9980710744857788,59.78135276864279,0
950,0.9083639752297181,0.29268356873875595,0.9997798204421997,0.9776042898496,0.32778143882751487,0.9983091950416565,0.9108447858265476,0.5041864173752926,0.9994062185287476,0.9506580261957085,0.5086400792712261,0.9980602860450745,59.78135276864279,0
951,0.9083681475548524,0.2926582367647264,0.9997687935829163,0.9776844098454438,0.3280973760854633,0.99828040599823,0.9110144830885395,0.5042376943996978,0.9994118213653564,0.9508539863995151,0.5090122818946843,0.9980887174606323,59.78135276864279,0
952,0.9083656697046196,0.2925849031834378,0.9997634291648865,0.977742742924464,0.3283472046965647,0.998238205909729,0.9111530695642751,0.5042801414217272,0.9994171261787415,0.9510965545972195,0.5092890092304778,0.9981181621551514,59.78135276864279,0
953,0.9083628455797839,0.2924674550692243,0.9997559189796448,0.9777921069236037,0.32848091636385257,0.9981582164764404,0.9112237322898145,0.5042982101440434,0.9994294047355652,0.951353263287318,0.5094038929258078,0.9981571435928345,59.78135276864279,0
954,0.908361134074984,0.2923271954059603,0.999748706817627,0.9778207654044749,0.3283683331239794,0.9980427622795105,0.9113919167291558,0.504249663580032,0.9994428753852844,0.9517461004711341,0.5093044525101076,0.998185932636261,59.78135276864279,0
955,0.9083700265203211,0.2922414143880211,0.9997445940971375,0.9778743329502295,0.3283025423685712,0.9979680180549622,0.9117186807450801,0.5041197708674844,0.9994588494300842,0.9522816027913783,0.5090861434028267,0.9982213973999023,59.78135276864279,0
956,0.9084037826174789,0.29213642506372384,0.999737024307251,0.9779056225504201,0.32822739652224975,0.9978971481323242,0.9122619486990436,0.503942728042603,0.9994618892669678,0.9527425567309069,0.5087989937691466,0.9982165694236755,59.78135276864279,0
957,0.9084346578234725,0.29196715354919456,0.9997124671936035,0.977852540356773,0.3279722389720738,0.9976851344108582,0.9128235805602307,0.5037209505126594,0.9994421601295471,0.9530398845672614,0.5084739185514908,0.9981396198272705,59.78135276864279,0
958,0.9084637363751737,0.2916987368038725,0.9996829032897949,0.9777362744013476,0.32756860199428767,0.9973538517951965,0.9132626141820642,0.5035243999390379,0.9994123578071594,0.9531111234710338,0.508227850709643,0.9980103373527527,59.78135276864279,0
959,0.9084892585164032,0.2913889643691837,0.9996815323829651,0.977620686803546,0.32718208006450133,0.9972407817840576,0.9134681678953632,0.5034085143180125,0.9993886947631836,0.952988701207298,0.5081567366917932,0.9979172945022583,59.78135276864279,0
960,0.9085046194848568,0.2910988699822201,0.9996736645698547,0.9775369876906993,0.32682130876041615,0.9971647262573242,0.9134882489840197,0.5032738191740858,0.9993681311607361,0.9528786994162067,0.5080939474559969,0.9978606700897217,59.78135276864279,0
961,0.9085201422373461,0.2909325347060251,0.9996652007102966,0.9775062515622102,0.32657726889564903,0.9970887303352356,0.9134193687211907,0.5031008692014789,0.9993669986724854,0.9527935243788227,0.507976319108691,0.9978578090667725,59.78135276864279,0
962,0.9085260061990654,0.29085462292035447,0.9996547102928162,0.9775164780162637,0.3264768648715249,0.9969796538352966,0.9134132010596145,0.50298190400714,0.9993561506271362,0.9527218313444237,0.5078831967853368,0.997820258140564,59.78135276864279,0
963,0.9085042391504567,0.2908069377853759,0.999650239944458,0.9775104920069385,0.32635258351053537,0.9968879222869873,0.9133898417154955,0.5028790178753084,0.999338686466217,0.9526706706909913,0.5077566930225921,0.9977504014968872,59.78135276864279,0
964,0.9084630438259678,0.2907892323675612,0.9996377825737,0.9774966154779714,0.32618719481286573,0.996808648109436,0.9133550098964154,0.5028501408440731,0.9993189573287964,0.9525669586090822,0.5076612716629396,0.9977012276649475,59.78135276864279,0
965,0.9084233868689772,0.29079490474292236,0.9996253848075867,0.9774649824414943,0.32604323540415103,0.9967620968818665,0.9132952008928579,0.5028502061253506,0.9992902278900146,0.9524428532237106,0.5076148737044566,0.9976294040679932,59.78135276864279,0
966,0.908354253995987,0.2908310535408204,0.9996097683906555,0.977399150530498,0.32585052649180124,0.9967062473297119,0.9131455903961552,0.5029395534878689,0.9992655515670776,0.9523436285200582,0.5075838111695793,0.9975683689117432,59.78135276864279,0
967,0.9082774690219342,0.2909303066276371,0.9995999336242676,0.9773229701178422,0.3256706467696601,0.9966803193092346,0.9129631121953337,0.5031080586569654,0.9992451667785645,0.9522707206862322,0.5076001428422479,0.9975188374519348,59.78135276864279,0
968,0.9081946866852904,0.29111716576984975,0.9995957612991333,0.9772648044994906,0.3255293624741693,0.9967125058174133,0.9127976468631207,0.5033677901540488,0.9992392063140869,0.9522328376770027,0.5076798427672617,0.9975045323371887,59.78135276864279,0
969,0.9081017091160737,0.29135106858753046,0.9995797872543335,0.9772340485027866,0.3254538277784986,0.9966898560523987,0.9126599005290448,0.5036817249797644,0.9992421269416809,0.9522395389420653,0.5077899524143767,0.9975271224975586,59.78135276864279,0
970,0.9080244245983313,0.2915615113008592,0.9995751976966858,0.9772290899640046,0.32542269002823626,0.9966951012611389,0.9125802375021443,0.5039639274279281,0.9992534518241882,0.952236371380943,0.5078985123407278,0.997566282749176,59.78135276864279,0
971,0.9079828716459736,0.29169213062240984,0.9995759129524231,0.9772368158612941,0.3254383632114958,0.9967228770256042,0.9125457406044014,0.5041087950978964,0.9992644786834717,0.9522111955143164,0.5079645656404045,0.9976024627685547,59.78135276864279,0
972,0.9079643175715499,0.2917233180432095,0.9995738863945007,0.9772340598560523,0.3254490565686001,0.9967503547668457,0.9124885655584797,0.5041773801758179,0.9992602467536926,0.9521635969479887,0.507960194633121,0.9975992441177368,59.78135276864279,0
973,0.9079766670862841,0.29169271531559193,0.9995771050453186,0.9772281703494852,0.32546854586828344,0.996765673160553,0.9124473673956743,0.5041561240241645,0.9992654919624329,0.9520762647901271,0.5079667596589955,0.9976058602333069,59.78135276864279,0
974,0.9080087343851733,0.29166857401529966,0.9995796084403992,0.9772281731878016,0.32548950115839664,0.9968046545982361,0.9124320518402833,0.5042616185687842,0.999268651008606,0.9519883706456147,0.5080394744873051,0.997611403465271,59.78135276864279,0
975,0.9080370267232267,0.29165342875889394,0.9995900392532349,0.977225928079515,0.32548891930353097,0.9968851804733276,0.9124292333920805,0.5044624805450443,0.9992934465408325,0.9519226295607439,0.5081757959865392,0.9976804852485657,59.78135276864279,0
976,0.9080647428830472,0.29163030357587927,0.9996023178100586,0.9772223290942972,0.32552733449708876,0.9969533681869507,0.912428898470743,0.504826026303428,0.9993312954902649,0.9518747868992041,0.508444794586727,0.997780978679657,59.78135276864279,0
977,0.9080792069435127,0.29160762542770047,0.9996067881584167,0.9772294759750373,0.3256103637672608,0.996993899345398,0.9124302381560924,0.5055152859006613,0.9993503093719482,0.9518326435770315,0.5089069093976706,0.9978466033935547,59.78135276864279,0
978,0.908092555545626,0.2915763727256232,0.9996141791343689,0.9772263793718255,0.32570536789439997,0.9970393180847168,0.9124296335946954,0.5062919429370338,0.999371349811554,0.9517892655872171,0.5093787511189782,0.9979192614555359,59.78135276864279,0
979,0.908098376932599,0.29156927551542033,0.9996165037155151,0.9772092927069898,0.3257827574298498,0.9970508813858032,0.912440538406373,0.5070094948723207,0.9993779063224792,0.9517450304258446,0.5097657896223526,0.9979580640792847,59.78135276864279,0
980,0.9081018169720976,0.2915771490051635,0.999613344669342,0.977189915520805,0.325824042161306,0.9969949722290039,0.9124577357655488,0.5075871802511673,0.9993760585784912,0.9517567895707637,0.5099824099313649,0.9979591369628906,59.78135276864279,0
981,0.9080919282776976,0.2915939532575156,0.999618649482727,0.9771635503995995,0.3258127626918613,0.9969824552536011,0.9124782681465157,0.5078350532622569,0.9993881583213806,0.9518081943194079,0.5099840079035082,0.9979783892631531,59.78135276864279,0
982,0.9080714214415785,0.29160305289995125,0.9996331930160522,0.977138363179707,0.32581886507215985,0.9970080256462097,0.91249457143602,0.5078498125076298,0.99941486120224,0.9518724878629057,0.5099072967256822,0.9980355501174927,59.78135276864279,0
983,0.908004005750021,0.29159765584128267,0.9996524453163147,0.97713099207197,0.3257942440963929,0.9970874786376953,0.9124942166464678,0.5078640495027819,0.9994518160820007,0.951899122624171,0.5098692859922141,0.9981292486190796,59.78135276864279,0
984,0.9079111757732581,0.2915820663883575,0.9996673464775085,0.9771036363783345,0.3256770599456063,0.9971752166748047,0.9124693274497994,0.5078773725600474,0.9994716644287109,0.9519253373146065,0.5098314540726803,0.9981899857521057,59.78135276864279,0
985,0.9078219447817129,0.2916207441261839,0.9996882081031799,0.9770484368006396,0.32539452683357994,0.9972921013832092,0.91247198127565,0.507950067520142,0.9995068907737732,0.9520100724129458,0.5097883485612419,0.9982897043228149,59.78135276864279,0
986,0.9077164701053081,0.2916553006285715,0.9997040629386902,0.9769627735728317,0.3249474707103913,0.997393012046814,0.912481435707638,0.5080817824318299,0.9995375871658325,0.952141653923762,0.5097532215572542,0.9983774423599243,59.78135276864279,0
987,0.9075936561539067,0.29171368337812903,0.9997119903564453,0.9768649112610597,0.3244747774941583,0.9974411129951477,0.912534884044103,0.5083155915850689,0.9995607137680054,0.9522927999496467,0.5097122050466996,0.9984557628631592,59.78135276864279,0
988,0.9074444600514011,0.29216608688944884,0.9997024536132812,0.9767648719605954,0.3241904406320484,0.997366726398468,0.9126274983088183,0.5086544610205155,0.9995644688606262,0.9523587964829952,0.5097997954913551,0.9984864592552185,59.78135276864279,0
989,0.9072953292301731,0.2928478703612375,0.999699592590332,0.9766612393515458,0.3240961148625331,0.9973794221878052,0.9127073287963875,0.5089335867336822,0.9995744228363037,0.9522871602149244,0.509935129256476,0.9985413551330566,59.78135276864279,0
990,0.9071982843535294,0.2936254285630728,0.9996805191040039,0.9765799471310215,0.3241698472272785,0.9972425103187561,0.9127483481452586,0.5091261948857992,0.9995617270469666,0.9521349299521681,0.5100909471511845,0.9985378384590149,59.78135276864279,0
991,0.907175282637279,0.2943429663067775,0.9996651411056519,0.9764742141678227,0.32428483026368304,0.9970237016677856,0.9127537863595153,0.5091780906631838,0.9995394945144653,0.9519557044619612,0.5102171784355531,0.9984911680221558,59.78135276864279,0
992,0.9071820179621386,0.29478930149759586,0.9996475577354431,0.9762780410902848,0.32431752624965876,0.9968351125717163,0.9127082540875397,0.5091294646263127,0.999520480632782,0.9517828226089486,0.5102742853618807,0.9984554052352905,59.78135276864279,0
993,0.9072019145602279,0.29490869669687203,0.9996206760406494,0.9760546684265144,0.32428271997542635,0.9965956211090088,0.9126664570399701,0.5090742678869342,0.9994899034500122,0.9516803168115169,0.5102697809537255,0.9983892440795898,59.78135276864279,0
994,0.9071952643848609,0.29504675524575397,0.9996064901351929,0.9758228546097173,0.3242590115183878,0.9964720606803894,0.9126418176151465,0.5091006074632921,0.9994790554046631,0.9516468360310517,0.5103139479955041,0.9983630776405334,59.78135276864279,0
995,0.9071915149688727,0.29510085923331153,0.99958735704422,0.9756137700307945,0.32421247306324213,0.9962921142578125,0.9126433616592778,0.5090932363555549,0.9994720816612244,0.9516988339878272,0.5103399867103218,0.9983425140380859,59.78135276864279,0
996,0.9072107559158695,0.295131101494744,0.9995795488357544,0.9754910043307721,0.32417543445314706,0.996086835861206,0.9126644333203642,0.5090346137682601,0.9994693398475647,0.9518004343623214,0.5103485953240172,0.99832683801651,59.78135276864279,0
997,0.9073110364732296,0.29509523794764586,0.9995760917663574,0.9754205175808506,0.3241656309082397,0.9958504438400269,0.9127477889969243,0.5089445653415865,0.9994576573371887,0.9519298445610781,0.5103476104282201,0.9982777833938599,59.78135276864279,0
998,0.9075034260749824,0.29491319542839434,0.9995696544647217,0.9753603878475379,0.32416435366585167,0.9956330060958862,0.9128991024834777,0.5088151863643104,0.999439001083374,0.9520568677357273,0.5103137663432534,0.9982073903083801,59.78135276864279,0
999,0.9077300883474811,0.2946789136954719,0.9995812773704529,0.9753234670275742,0.32418160211472313,0.9955241680145264,0.9130927466210873,0.508703436170306,0.9994484782218933,0.9521638523964663,0.5102707573345734,0.9982126355171204,59.78135276864279,0
1000,0.9080028193337585,0.2942351017679489,0.9995909929275513,0.9752909966877537,0.3242139049938749,0.9953345656394958,0.9133050044377652,0.5085518956184392,0.9994486570358276,0.9522866890543991,0.5101647490546821,0.998179018497467,59.78135276864279,0
1001,0.908238779930842,0.2936880702064153,0.9995957612991333,0.9752673024222973,0.3242501886118029,0.9951332807540894,0.9134827454884854,0.5083795246623816,0.9994415044784546,0.9524053022975021,0.5100283622741704,0.998132050037384,59.78135276864279,0
1002,0.9084015744073058,0.29320288981710185,0.9996024966239929,0.9752472355252229,0.32426383807545645,0.9948813915252686,0.9135829636028843,0.5082216944013327,0.9994417428970337,0.9524892455055607,0.5098941468057183,0.9980907440185547,59.78135276864279,0
1003,0.908513565858206,0.29284267624219285,0.9996065497398376,0.9752370828673961,0.3242844726358144,0.9946503639221191,0.9136419636862626,0.5081267300106235,0.9994367361068726,0.9525522901898347,0.5097773983365017,0.9980480670928955,59.78135276864279,0
1004,0.9085696992420021,0.2926384536992938,0.9996167421340942,0.9752389504795991,0.32430374196597533,0.9946388602256775,0.9136562120346803,0.5081024822734654,0.999453067779541,0.9525696266265151,0.5096947806222103,0.9980881214141846,59.78135276864279,0
1005,0.9085645022846411,0.29270849625269596,0.9996248483657837,0.9752403440929602,0.324350049098333,0.994615375995636,0.9136443251655223,0.5081458091735844,0.9994663596153259,0.9525720335188375,0.5096233118148081,0.9981133937835693,59.78135276864279,0
1006,0.9085955591428856,0.2927014004616513,0.9996349811553955,0.9752448485011154,0.3243793845176699,0.994604229927063,0.9136416713396716,0.5080381206103738,0.9994832873344421,0.9525816298666462,0.5095198949178064,0.9981496334075928,59.78135276864279,0
1007,0.9086303001358402,0.2926466990084877,0.9996479153633118,0.9752531080018914,0.3244048286051979,0.994602382183075,0.9136271874109911,0.5078337788581853,0.9994993805885315,0.9525846271287834,0.5094426387832283,0.9981804490089417,59.78135276864279,0
1008,0.9086666107177743,0.292561783677056,0.9996491074562073,0.9752603088106436,0.32434983196712697,0.994469165802002,0.9136167821430031,0.5075803370702838,0.999494731426239,0.952592523325058,0.5093360372952057,0.9981458783149719,59.78135276864279,0
1009,0.9086970204398752,0.29247393068813166,0.9996516704559326,0.9752661358742495,0.3242658646333788,0.9943861365318298,0.9136061157499048,0.5073586901028955,0.9994990825653076,0.9526187295005443,0.5092003629321148,0.9981433749198914,59.78135276864279,0
1010,0.9087111013276243,0.29243915989285446,0.9996500611305237,0.9752669561476942,0.32414429670288475,0.9943403601646423,0.9136224076861434,0.5072248237473628,0.9995041489601135,0.9526830145290928,0.5090655287106836,0.9981451630592346,59.78135276864279,0
1011,0.9087127361978811,0.2924742499987287,0.9996464252471924,0.9752639106341778,0.32404295745350087,0.9942999482154846,0.9136632680892952,0.50715997957048,0.9995078444480896,0.9527736533255812,0.5088849720500769,0.9981536269187927,59.78135276864279,0
1012,0.9087206380707884,0.2924323053587053,0.9996383190155029,0.9752636693772823,0.32390018588020714,0.9941720962524414,0.9137144344193602,0.5070813298225407,0.9994993805885315,0.9528681493940816,0.5086963801156912,0.9981228709220886,59.78135276864279,0
1013,0.9087137494768422,0.29237078485034784,0.9996374845504761,0.9752673818951569,0.32378270370619666,0.9940589070320129,0.9137683198565536,0.5070256420544219,0.9994939565658569,0.9529392690885643,0.5085602317537584,0.9981021285057068,59.78135276864279,0
1014,0.9087301435924718,0.29227831675892807,0.9996287226676941,0.9752853030250194,0.323659039679028,0.9938406944274902,0.913848641372863,0.5069728181475689,0.9994767904281616,0.9529742513384146,0.5084435230209718,0.9980587363243103,59.78135276864279,0
1015,0.9087798964409609,0.29216179961249966,0.9996241927146912,0.9753139842124221,0.32358661435899305,0.993649423122406,0.9139589525404438,0.5069515847024467,0.9994631409645081,0.9529827464194534,0.5083889478728889,0.9980223178863525,59.78135276864279,0
1016,0.9088606635729479,0.2920535206794741,0.999613881111145,0.9753467355455678,0.32353584681238473,0.9933589100837708,0.9141079641523823,0.5069307457833068,0.9994419813156128,0.9529930722145815,0.5083849940981188,0.99796462059021,59.78135276864279,0
1017,0.908966365314666,0.2919800863379526,0.9996083974838257,0.9753733731451497,0.3235319313548863,0.9931508898735046,0.9143029309454426,0.5068735338392716,0.9994270205497742,0.9529901033356084,0.5083502644584297,0.9979199171066284,59.78135276864279,0
1018,0.9090842122123363,0.29188954262506417,0.999594509601593,0.9753911410059255,0.32347404672986013,0.9928883910179138,0.9144884149233508,0.5068030187061858,0.999391496181488,0.9529902679579606,0.508279281003135,0.9978154897689819,59.78135276864279,0
1019,0.9091674799010875,0.291832167477835,0.999570369720459,0.9753909480004092,0.32338695015226115,0.992624819278717,0.9146288661729729,0.5067572224707835,0.9993506669998169,0.9529881789570771,0.5082045282636374,0.9976928234100342,59.78135276864279,0
1020,0.9092261223565972,0.2917983602909817,0.9995608329772949,0.9753956539290299,0.3232978057293667,0.9925951361656189,0.914720521086739,0.5066984182312378,0.9993292093276978,0.9529896123068681,0.5080893578983492,0.9976326823234558,59.78135276864279,0
1021,0.9092523001489192,0.2917812367280327,0.9995432496070862,0.9754117358298537,0.32322838050978553,0.9926012754440308,0.9147574390683864,0.5066571122124086,0.9993130564689636,0.9529911393211008,0.507966586521694,0.9976065754890442,59.78135276864279,0
1022,0.9092475317773372,0.29176985082172235,0.9995260238647461,0.9754481230463308,0.3231813637983234,0.99256831407547,0.9147428785051626,0.5065772050902961,0.9992979168891907,0.9530063867568977,0.507765372594198,0.9975659251213074,59.78135276864279,0
1023,0.9092478723753075,0.2917634333883015,0.9994996786117554,0.9754912228811362,0.32318573764392333,0.992561399936676,0.9147360097794314,0.5064874064354673,0.9992856383323669,0.953019320964814,0.5075493256251022,0.9975460171699524,59.78135276864279,0
1024,0.9092962912150799,0.29174177277655855,0.9994693994522095,0.9755245390392493,0.3231902079922815,0.9924426674842834,0.9147996419952037,0.5063680069787166,0.999256432056427,0.9530663007781627,0.5072838436989561,0.9974679350852966,59.78135276864279,0
1025,0.9094266437348872,0.29171354004314987,0.9994612336158752,0.975545111156646,0.3231936920256845,0.9924228191375732,0.9149609463555479,0.5062667812619894,0.9992440938949585,0.9531420724732544,0.5070530800592336,0.9974412322044373,59.78135276864279,0
1026,0.9096026108378463,0.29166539084343707,0.9994639158248901,0.9755601996467234,0.32320716267540367,0.9924595355987549,0.9151592708769307,0.5061749418576562,0.9992414712905884,0.953218496981122,0.506889417057946,0.9974343776702881,59.78135276864279,0
1027,0.9097593369938086,0.29167197999500116,0.9994657635688782,0.9755739143916546,0.32322174594515873,0.992451548576355,0.9153297401609881,0.5061330681755434,0.9992281198501587,0.9532946490106136,0.5068168895585201,0.9974254369735718,59.78135276864279,0
1028,0.9098348645936882,0.2918007686024623,0.9994462728500366,0.9755901552381978,0.32323296155248393,0.9924294352531433,0.9154246733302169,0.5061478416124984,0.9992050528526306,0.9533683799562008,0.506800608975547,0.997398853302002,59.78135276864279,0
1029,0.9097979068756111,0.29207185052690077,0.9994328618049622,0.9756006740388424,0.3232495798951106,0.9924951791763306,0.9154064257939665,0.5062434474627181,0.9992032051086426,0.9534254613376807,0.5068767865498864,0.997433066368103,59.78135276864279,0
1030,0.909746155852364,0.2923617959022524,0.9994062185287476,0.9756062286240721,0.3232400360561555,0.9924502968788147,0.915412488437835,0.5063220915340246,0.9991978406906128,0.9534960048539305,0.506921938487462,0.9974660873413086,59.78135276864279,0
1031,0.9098030754498081,0.2925611989838739,0.9993650913238525,0.9756305104210271,0.32321569323539756,0.9924432039260864,0.9154983702160071,0.5063469211260482,0.9991959929466248,0.9535621489797327,0.5069539944330855,0.9975087642669678,59.78135276864279,0
1032,0.9099648963837405,0.2925748839264827,0.9993282556533813,0.9756720633733849,0.3231629629929863,0.9922552108764648,0.9156368204525547,0.5062613657542642,0.9991472959518433,0.953595385664986,0.5069552262624109,0.9974502921104431,59.78135276864279,0
1033,0.9101905084791645,0.292437682549159,0.9993188381195068,0.9757573491051093,0.3231011203357154,0.9921448230743408,0.9157844384511319,0.5059990116528106,0.9991210699081421,0.9536064948354457,0.5068594529515225,0.9974184036254883,59.78135276864279,0
1034,0.9104360228493108,0.29221597171965125,0.9993041753768921,0.9758808783122479,0.32304763226282057,0.9919673204421997,0.9159330839202526,0.5056732268560504,0.9990820288658142,0.9536111780575351,0.5067325972375419,0.9973347783088684,59.78135276864279,0
1035,0.9106257898466935,0.2920181978316536,0.9993016719818115,0.9760223513557804,0.3230318058104745,0.9916974902153015,0.9160257804961438,0.5053807071277078,0.9990584850311279,0.9536226164726992,0.5066071635200868,0.997250497341156,59.78135276864279,0
1036,0.9107718155497604,0.29183584167843796,0.9993107914924622,0.9761506801559819,0.32303263885634315,0.99148029088974,0.9160989522933967,0.5051918058168324,0.9990336298942566,0.9536397996402929,0.5065202542713714,0.9971538782119751,59.78135276864279,0
1037,0.9108957336062484,0.29170320005643957,0.9993143081665039,0.9762656773839686,0.3230578998724622,0.9913706183433533,0.9161515973863155,0.5051141438030066,0.999017059803009,0.9536624465669912,0.5064976584343687,0.9970950484275818,59.78135276864279,0
1038,0.9109827847707846,0.2916291171596166,0.9993116855621338,0.9763392011324573,0.3230694872992382,0.9912054538726807,0.9161695327077601,0.5050628355571205,0.9990092515945435,0.953635391734896,0.5064870658374971,0.9970386028289795,59.78135276864279,0
1039,0.9110145057950709,0.29159595568974833,0.9993030428886414,0.97639605828694,0.32302586095673724,0.990952730178833,0.9161271538053247,0.5049873306637722,0.9989954829216003,0.9535332180204854,0.5064941644668584,0.9969753623008728,59.78135276864279,0
1040,0.9110393637702586,0.29156424885704424,0.9993026852607727,0.9764264907155726,0.3232030527932306,0.9908793568611145,0.9160946692739221,0.5049243115243461,0.9989848732948303,0.953407335849036,0.5065839063553587,0.9969382286071777,59.78135276864279,0
1041,0.9110749051684431,0.29153461825279986,0.9993079900741577,0.9764750401179003,0.32355431857563227,0.9906909465789795,0.9160662435349971,0.5048660863013499,0.9989640116691589,0.9533000900631867,0.5067099673407423,0.9968639016151428,59.78135276864279,0
1042,0.9110748256955835,0.2915455244836356,0.9993182420730591,0.9764917010352733,0.3239561205818542,0.990445613861084,0.9160271741095052,0.5048334371475951,0.9989820718765259,0.9532139414832713,0.5068280100822453,0.9968712329864502,59.78135276864279,0
1043,0.9110171170461753,0.2916023362250557,0.9993441104888916,0.9764821841603242,0.32427465489932494,0.9903619885444641,0.9159514960788553,0.5048347143899831,0.9990315437316895,0.9531629113923944,0.5069228950000948,0.9969529509544373,59.78135276864279,0
1044,0.9109291661353346,0.29168109382901897,0.9993493556976318,0.9764437959307724,0.3244942994344805,0.9903209805488586,0.9158629604748325,0.5048211585907713,0.9990451335906982,0.9531032726878219,0.5070683416866125,0.9969794154167175,59.78135276864279,0
1045,0.9108332565852582,0.2917495270570122,0.9993728399276733,0.9763883465812327,0.324548878840038,0.9905105829238892,0.9157789605004455,0.5048180364427116,0.9990906119346619,0.9530103632381991,0.5072651420320787,0.997077465057373,59.78135276864279,0
1046,0.9107613762219755,0.29176469927742393,0.9993715286254883,0.976325159981138,0.3246590097745262,0.990413248538971,0.9157429082053056,0.5048802722068064,0.9990776777267456,0.9529034949484333,0.5075256171680635,0.9970166087150574,59.78135276864279,0
1047,0.9107343526113608,0.29180852430207416,0.9993912577629089,0.9763143318040037,0.32481931930496605,0.9903932213783264,0.9157447729791922,0.50500195934659,0.9991120100021362,0.9528240902083267,0.5078257123629256,0.9970612525939941,59.78135276864279,0
1048,0.910712298892794,0.2919305917762577,0.999415934085846,0.9763218022528156,0.3250041405359907,0.9905354976654053,0.9157585019157053,0.5051519757225404,0.9991591572761536,0.9527667874381663,0.508092372190385,0.9971470236778259,59.78135276864279,0
1049,0.9106771945953378,0.2921102103732883,0.9994267821311951,0.9763424027533766,0.325162497304735,0.9906377196311951,0.9157438533646728,0.5053451912743708,0.9991861581802368,0.9527188851719818,0.5083267830667045,0.9972036480903625,59.78135276864279,0
1050,0.9106544114294512,0.2922822038332623,0.9994280338287354,0.9763743678728747,0.3253482864016581,0.9905985593795776,0.915739263807025,0.5055274338949298,0.9991838932037354,0.9526898804165076,0.5085746731076926,0.9971826672554016,59.78135276864279,0
1051,0.9106540821847469,0.29238661556016854,0.9994458556175232,0.976421188740504,0.3256136306694578,0.9906495809555054,0.9157210929053178,0.5056660317239311,0.9992153644561768,0.9526671738851645,0.5087622205416366,0.9972430467605591,59.78135276864279,0
1052,0.9106604428518394,0.29238646087192377,0.9994576573371887,0.976487080256145,0.32588708542642164,0.9907390475273132,0.9156949321428943,0.5057760874430343,0.9992395639419556,0.9526403631482813,0.5088630318641667,0.9972861409187317,59.78135276864279,0
1053,0.9106634543055587,0.2923778678689687,0.9994825124740601,0.9765595566658755,0.3261605061235885,0.9908661246299744,0.9156647182646259,0.5058928870019462,0.9992876052856445,0.9526225186529622,0.5089490981329059,0.9974069595336914,59.78135276864279,0
1054,0.9106596623148244,0.29236433903376285,0.9995091557502747,0.9766300831522268,0.32637700864246943,0.9908098578453064,0.9156363634836113,0.5059883395830794,0.9993353486061096,0.9526119317327234,0.5090065087590903,0.9975071549415588,59.78135276864279,0
1055,0.9106558901923052,0.29231790133885,0.9995296597480774,0.976683131286077,0.3264815963449935,0.9908034205436707,0.915622756594704,0.5060777351969769,0.9993677139282227,0.95254971867516,0.5090510532969524,0.9975680708885193,59.78135276864279,0
1056,0.9106611722991588,0.2922387463705882,0.9995468258857727,0.9767120310238437,0.326466120424725,0.9907984733581543,0.9156382367724472,0.506119481154851,0.9993919730186462,0.952457181044988,0.5090624604906359,0.9976065754890442,59.78135276864279,0
1057,0.9106893681344539,0.2921278050967627,0.9995535612106323,0.9767302984283092,0.32644295976275517,0.9906917810440063,0.9155988693237311,0.5061013726961049,0.999392569065094,0.9523050529616227,0.5090701977411911,0.9975687861442566,59.78135276864279,0
1058,0.9107124322936656,0.29205205326988604,0.9995590448379517,0.9767487049102791,0.3264282700561344,0.9906080961227417,0.9155238781656545,0.506078402201335,0.9993924498558044,0.9521467487017321,0.5090600308917822,0.9975469708442688,59.78135276864279,0
1059,0.9107216908818206,0.29202910548164757,0.9995608329772949,0.9768074353535978,0.32648160344078453,0.9904230833053589,0.9154406473750167,0.5061063511031019,0.9993857741355896,0.9520308687573396,0.5090595739228388,0.9975168704986572,59.78135276864279,0
1060,0.9107214496249252,0.2920701915309545,0.9995760917663574,0.9768833063897641,0.326602379480998,0.9906495809555054,0.9153622360456565,0.506171700500307,0.9994171261787415,0.9519778660365521,0.5090424730664211,0.99760502576828,59.78135276864279,0
1061,0.9107146887552178,0.2921246105716344,0.9995937943458557,0.9769711494445809,0.3267486152194798,0.9906604290008545,0.9153182818776093,0.5062658417792552,0.999455451965332,0.9519734467778895,0.5090176491510305,0.9976951479911804,59.78135276864279,0
1062,0.9107093300138209,0.2922543287277224,0.9996063709259033,0.9770510281835291,0.32687239561762155,0.9907763600349426,0.9153215005284272,0.5063901061103462,0.999488353729248,0.9520132371357517,0.5089821134294786,0.9977821707725525,59.78135276864279,0
1063,0.910720436345964,0.2924520941007708,0.9996174573898315,0.977102872871218,0.3269485079106833,0.9909073114395142,0.9153175921667197,0.5064936507315867,0.9995169639587402,0.9520317088989992,0.5089596055802849,0.9978557229042053,59.78135276864279,0
1064,0.9107243333544057,0.29271881211371675,0.9996238946914673,0.9771162810779761,0.32696401647159057,0.991097092628479,0.915319482485454,0.5066145999091016,0.9995424151420593,0.9520390487852559,0.5089710496720817,0.9979429244995117,59.78135276864279,0
1065,0.9107226133346564,0.2929762857300897,0.9996154308319092,0.9771329930850446,0.32697201768557255,0.9910916686058044,0.9152902790478306,0.506718422685351,0.9995465278625488,0.9520392559823543,0.5090073914754962,0.9979615211486816,59.78135276864279,0
1066,0.9107234534763162,0.2931583623091382,0.9996069073677063,0.9771470484279459,0.3269703757195248,0.9911366701126099,0.9151778221130379,0.5067592149689089,0.9995469450950623,0.9520337468101872,0.5089983684676038,0.9979740381240845,59.78135276864279,0
1067,0.9107217079117191,0.29323553471338204,0.9996030330657959,0.9771622674805786,0.32695634450231303,0.9911890625953674,0.9150032088870101,0.5067383363133389,0.9995500445365906,0.9520213774272381,0.508961243288858,0.9979966282844543,59.78135276864279,0
1068,0.9107153444063103,0.29327653987067104,0.9996037483215332,0.9771976016816647,0.32693968642325655,0.9911763668060303,0.9148225614002781,0.5067457613490881,0.9995565414428711,0.9519956395739608,0.5089071733610975,0.9980114102363586,59.78135276864279,0
1069,0.9107126593589789,0.29330316044035437,0.9996046423912048,0.9772378461701537,0.3269417073045461,0.9912875294685364,0.914690159616017,0.5067753962108071,0.9995700716972351,0.9519437750180569,0.5088621377944951,0.9980663061141968,59.78135276864279,0
1070,0.910715077604567,0.293328255414963,0.9996135830879211,0.9772704044977831,0.32695870740073096,0.9915060997009277,0.9146448799542025,0.506834861778078,0.999588131904602,0.9518767822356459,0.5088495498611818,0.9981301426887512,59.78135276864279,0
1071,0.9107224316824059,0.29334554927689716,0.9996200799942017,0.9772898696717769,0.32697888924962026,0.99169921875,0.9146329050972355,0.5068894198962625,0.999605119228363,0.9517899013700947,0.5088527685119997,0.9981920123100281,59.78135276864279,0
1072,0.9107360130264652,0.2933489822206045,0.9996255040168762,0.9773063773200633,0.3270002248741334,0.9919509887695312,0.9146136783418208,0.5069474890118557,0.9996141195297241,0.9516996031715764,0.5088660461562025,0.9982357025146484,59.78135276864279,0
1073,0.9107312616847818,0.2933583273774104,0.99961918592453,0.9773024632817231,0.32700552826836016,0.9920772910118103,0.914567464873905,0.5070413209143143,0.9996078014373779,0.9515948692957568,0.5089131820769541,0.9982351660728455,59.78135276864279,0
1074,0.910728939941952,0.29335476670946414,0.999617338180542,0.9773003742808396,0.3269922165643604,0.9921955466270447,0.9145097477095474,0.5071525715646293,0.9996064901351929,0.9515016788528087,0.5089837965511145,0.9982461333274841,59.78135276864279,0
1075,0.910733469894955,0.29334386757441955,0.999622642993927,0.9772802619707025,0.3269829792635784,0.9923793077468872,0.9144594328744078,0.5072781159764248,0.9996209144592285,0.9514128821236754,0.5090647510119851,0.9982960820198059,59.78135276864279,0
1076,0.9107497902143576,0.29332864852178686,0.9996227025985718,0.9772309093248284,0.3269782917840143,0.9924975037574768,0.914406379063925,0.5073786321140474,0.9996246695518494,0.9513484807241538,0.5091554522514348,0.9983119368553162,59.78135276864279,0
1077,0.9107749263445544,0.2932825528440024,0.9996224641799927,0.9771524667739876,0.326979994773865,0.9926412105560303,0.9143367807070422,0.5074326850119095,0.9996273517608643,0.9513025368962977,0.5092255671819055,0.9983359575271606,59.78135276864279,0
1078,0.9107953026181183,0.2932300979182836,0.9996033906936646,0.9770677061308006,0.3269881591910411,0.9926086068153381,0.9142771249725712,0.5074745842388702,0.999591588973999,0.9512766911869965,0.5092981599626092,0.9982725381851196,59.78135276864279,0
1079,0.9107782556897125,0.29318695125125727,0.9995969533920288,0.976979627495721,0.32697306502433077,0.9927343726158142,0.9142273863156644,0.5075194409915383,0.9995653629302979,0.9512635838417788,0.5093312291871938,0.9982253313064575,59.78135276864279,0
1080,0.9107469149998264,0.2931638360023501,0.9995794892311096,0.9768873793738236,0.3269493125733878,0.9928074479103088,0.9141894578933724,0.5075569379897349,0.9995251893997192,0.9512654571306146,0.5093579746427994,0.9981465339660645,59.78135276864279,0
1081,0.910677924042657,0.2930713565576647,0.9995790123939514,0.9767870988164636,0.3268980085849764,0.9929720163345337,0.9141698508035576,0.5075870326587136,0.9995083808898926,0.9512642253012892,0.5093436099234085,0.9981309771537781,59.78135276864279,0
1082,0.9105985278175,0.2929295457544783,0.9995715022087097,0.9766919584501366,0.32683495254743694,0.9928728938102722,0.9141504111744116,0.5075864735103793,0.9994733333587646,0.9512856375603456,0.5093171142396477,0.9980626702308655,59.78135276864279,0
1083,0.910520533720653,0.29268958880787826,0.9995712041854858,0.9766144241605494,0.3267716524146854,0.992940366268158,0.9141398810205013,0.507586518923442,0.9994582533836365,0.9513465790521538,0.5092929516519823,0.9980472326278687,59.78135276864279,0
1084,0.9104552751495733,0.2924182315667473,0.9995754957199097,0.9765664821579351,0.3266980491933371,0.9929875135421753,0.9141705206462322,0.5075458827472872,0.9994584918022156,0.9514379756791258,0.50922042131424,0.9980382323265076,59.78135276864279,0
1085,0.9104112585385647,0.29203064526830425,0.9995806813240051,0.9765242508479535,0.32658889180138023,0.9930580854415894,0.914246048246112,0.5074204092934023,0.9994694590568542,0.9515608038221094,0.5090471818333584,0.9980606436729431,59.78135276864279,0
1086,0.9103960338092993,0.2916507550648283,0.9995848536491394,0.9764471224376141,0.32647117830458167,0.993160605430603,0.9143248909995677,0.5072480780737745,0.9994779825210571,0.9516722446396244,0.5088583344504951,0.9980800151824951,59.78135276864279,0
1087,0.9103960111027679,0.29121813319978285,0.9995853304862976,0.976347071783884,0.32634882416043987,0.9931119084358215,0.9144379354658588,0.5070363708904815,0.9994820952415466,0.9517330073174983,0.5086708693277272,0.9980698227882385,59.78135276864279,0
1088,0.910383201780774,0.2908722204821453,0.9995768666267395,0.9762540260950732,0.3262294303803219,0.9930657744407654,0.914638042449952,0.5068300196102692,0.999469518661499,0.951879560947419,0.5083718952678503,0.9980430006980896,59.78135276864279,0
1089,0.9103605122793297,0.2906687855720522,0.9995811581611633,0.9761935273806263,0.3261560031345915,0.9929785132408142,0.9148582333610179,0.5066457192103072,0.9994717240333557,0.9520610712823421,0.5080754359563195,0.9980279207229614,59.78135276864279,0
1090,0.9103150651568466,0.2906326296783631,0.999600350856781,0.9761729666164951,0.3261090559618816,0.9930744767189026,0.9150641305106034,0.5064423765454977,0.999503493309021,0.9522435863812772,0.5077753180549263,0.9981155395507812,59.78135276864279,0
1091,0.9102877037865783,0.2905784618286862,0.9995971918106079,0.9761763669195637,0.3260888017359237,0.9928836822509766,0.9151845006715691,0.5061793157032561,0.9995070099830627,0.9523807309922726,0.5075463510694962,0.998138964176178,59.78135276864279,0
1092,0.9102780024210619,0.2906806085790909,0.9995984435081482,0.9761765939848772,0.32609073321024606,0.9928616285324097,0.9151657621065783,0.5060868859291081,0.999521017074585,0.952365784418016,0.5075617915108095,0.9981915950775146,59.78135276864279,0
1093,0.9103173727080943,0.2909008292924793,0.9995717406272888,0.9761752060481488,0.3261235966568904,0.9923991560935974,0.9151065434728357,0.5062966375123891,0.9994746446609497,0.9522132391021374,0.507866623855773,0.9980747103691101,59.78135276864279,0
1094,0.9103633874938609,0.2912915675413043,0.9995825290679932,0.9761736137526383,0.32614513238271103,0.9921146631240845,0.9150947956811821,0.5068824915658864,0.9994776248931885,0.9520846803983061,0.5082832404545379,0.9980325102806091,59.78135276864279,0
1095,0.9104216751598184,0.29182024371056353,0.9995986223220825,0.9761729013352175,0.3261764815875465,0.9919261336326599,0.9151013748986387,0.5076247311773758,0.9994994401931763,0.9519759530112865,0.5087740307762513,0.9980424642562866,59.78135276864279,0
1096,0.9104904333750414,0.2923471643811183,0.9996112585067749,0.9761720895767219,0.3262299370198025,0.9918990135192871,0.915134202866328,0.5082568554651175,0.9995137453079224,0.9519102573394783,0.5091833954765688,0.9980554580688477,59.78135276864279,0
1097,0.9105399847030647,0.2927145361900332,0.9996224045753479,0.9761732476098205,0.32631271367981346,0.9917799830436707,0.9151464870997845,0.5085783260209225,0.9995322823524475,0.9518728341375087,0.5094601171357295,0.9980846643447876,59.78135276864279,0
1098,0.9105552236239123,0.2929668681962152,0.9996221661567688,0.976154736110143,0.3263977751845408,0.9915145635604858,0.9151138634908775,0.5086717946188795,0.9995317459106445,0.9518057221458079,0.5096337965556558,0.9980645179748535,59.78135276864279,0
1099,0.9105544686317452,0.29301119560287137,0.9996271729469299,0.9761025706926989,0.32646396472340566,0.9913917183876038,0.9150747401373733,0.5085838578996208,0.9995385408401489,0.9517364672252118,0.5097087366240369,0.9980798363685608,59.78135276864279,0
1100,0.9105385882513872,0.29295245238712875,0.999620795249939,0.9760374625523893,0.3264949988751187,0.9912869334220886,0.9150459652855291,0.5084882804325653,0.9995301961898804,0.9516779752004721,0.5097436876524066,0.9980676174163818,59.78135276864279,0
1101,0.9105247684887484,0.29277366825512496,0.9996290802955627,0.9759663911092857,0.32649747530619333,0.9913313388824463,0.9150337406567172,0.5083792720522204,0.999538242816925,0.9516592905634933,0.5097287524314158,0.9980863928794861,59.78135276864279,0
1102,0.9105515707106825,0.29257781590734233,0.999639630317688,0.9759022224517104,0.32650240830012756,0.9914965629577637,0.915043791135153,0.5082313900902162,0.9995540976524353,0.9516411480449503,0.5096790620258881,0.9981346130371094,59.78135276864279,0
1103,0.9105722279775719,0.2922995459465756,0.9996551871299744,0.9758855984324508,0.32649090602284414,0.9916438460350037,0.9150556212379826,0.508077925159818,0.9995803236961365,0.9516884627796363,0.5095943326041816,0.9982028603553772,59.78135276864279,0
1104,0.9106017407916849,0.2919827472595944,0.9996705651283264,0.9759180630956386,0.32646327501251604,0.9916967749595642,0.9150564159665797,0.5079359156744825,0.9996042847633362,0.9518096588906796,0.5094876544816158,0.9982458353042603,59.78135276864279,0
1105,0.9106328175181442,0.2916624475093117,0.9996787309646606,0.9759713354564856,0.32642420700618224,0.99178546667099,0.9150491016251708,0.5078110978716899,0.9996196627616882,0.9519652525583912,0.5093950458935332,0.9982595443725586,59.78135276864279,0
1106,0.9106484282584425,0.291453411181768,0.9996767640113831,0.97602893624987,0.3263574143250786,0.9919157028198242,0.9150430843943649,0.5077335834503178,0.9996179342269897,0.9521026213963835,0.5092951939219524,0.9982274770736694,59.78135276864279,0
1107,0.9106288069770457,0.2913650515533631,0.9996336102485657,0.9760630641664785,0.3262902384712585,0.9919883012771606,0.9150382592564545,0.5076982095128018,0.999536395072937,0.9521950852303285,0.5091806536629091,0.9980888962745667,59.78135276864279,0
1108,0.9105911340032312,0.2914553114346098,0.9996106624603271,0.9760604358854755,0.32620652374767145,0.9922093749046326,0.9150317708651232,0.5076864191464019,0.9994970560073853,0.9522090242022567,0.509092001687913,0.9980647563934326,59.78135276864279,0
1109,0.910529241675423,0.29155227258091904,0.9995882511138916,0.9760499738511593,0.3259924706958592,0.9923804998397827,0.915038262094771,0.5076163694972088,0.9994537830352783,0.9522334450767161,0.5089255315916883,0.9980056285858154,59.78135276864279,0
1110,0.9104654221307671,0.2916214437711809,0.9995787739753723,0.976035191899255,0.3256409750098277,0.9925711750984192,0.9150435555548903,0.507524566990989,0.9994412660598755,0.9522677092325128,0.5087549998646694,0.9979680776596069,59.78135276864279,0
1111,0.910421482154302,0.291632630995342,0.9995728135108948,0.9760169472013209,0.3252383967240654,0.9927261471748352,0.9150762160619108,0.5074365025474916,0.9994403719902039,0.9523207545280464,0.5086013532820206,0.9979517459869385,59.78135276864279,0
1112,0.9103957556542903,0.2915832187448232,0.9995710253715515,0.9759727063633155,0.32489292394547264,0.9929473400115967,0.915162004175641,0.5074322138513842,0.9994473457336426,0.9524234504926781,0.508498725436983,0.9979720115661621,59.78135276864279,0
1113,0.9103858584449412,0.29148418562752887,0.9995788335800171,0.97592127890814,0.32445504835673766,0.9931751489639282,0.9152893963314245,0.5072732142039712,0.9994655847549438,0.9525579412778227,0.5083218160129733,0.9980171918869019,59.78135276864279,0
1114,0.9103077167556406,0.2913974807375955,0.9995818734169006,0.9757514879817062,0.3239592668556034,0.993316113948822,0.9153601583980386,0.5070439662252157,0.9994752407073975,0.952698210875194,0.508090734481812,0.9980332851409912,59.78135276864279,0
1115,0.9101508146240606,0.2913421264716559,0.9995582103729248,0.9755090929213033,0.3232459056945077,0.993283748626709,0.9153712079638534,0.5066364152090894,0.999469518661499,0.9528349524452582,0.5076620181401574,0.9980069994926453,59.78135276864279,0
1116,0.9099666533016031,0.2913335107621695,0.9995375275611877,0.9752479422660109,0.32249379016104224,0.9933380484580994,0.9152652280671263,0.5061397382191253,0.9994649887084961,0.9528629751432517,0.5071935568537035,0.9979857802391052,59.78135276864279,0
1117,0.9098210987590616,0.29135832332429457,0.9995201826095581,0.975064816929046,0.3218961443219869,0.9934595823287964,0.9151197671890267,0.5056865101768862,0.9994728565216064,0.9528113092694972,0.5067816887583055,0.9980289340019226,59.78135276864279,0
1118,0.9097632552896231,0.29133938891547073,0.9994881749153137,0.975038485867637,0.3215203583240511,0.9934698939323425,0.9150319312300007,0.5053762112345017,0.9994539618492126,0.9527735241821841,0.5065168397767205,0.9979932904243469,59.78135276864279,0
1119,0.9097696074417664,0.2913095291171756,0.9994761347770691,0.9751286080905374,0.321329740541322,0.993523359298706,0.9149587920733866,0.5051628138337819,0.9994670748710632,0.9527117908000952,0.5063595644065313,0.9980406165122986,59.78135276864279,0
1120,0.909840155215491,0.29126874392940894,0.9994632601737976,0.9753351835977468,0.3213242909737996,0.9936463832855225,0.9149003497191842,0.5050463179747265,0.9994631409645081,0.9526261091232303,0.5063098626477377,0.998056948184967,59.78135276864279,0
