frame_id,left_shoulder_x,left_shoulder_y,left_shoulder_visibility,right_shoulder_x,right_shoulder_y,right_shoulder_visibility,left_hip_x,left_hip_y,left_hip_visibility,right_hip_x,right_hip_y,right_hip_visibility,fps,low_visibility
0,0.908958110071364,0.2878204286098482,0.9990465044975281,0.9833198587099716,0.30809513940697636,0.9966784715652466,0.9016923038732443,0.5138407264436995,0.9992207288742065,0.9479765196641291,0.5213144677025936,0.9987902045249939,59.78114801305433,0
1,0.9089900127479011,0.28886284146990115,0.99903404712677,0.9833800111498159,0.30866681039333355,0.9968335628509521,0.902656985180719,0.5105691552162173,0.999229907989502,0.9486751428672249,0.5177868647234786,0.9987912178039551,59.78114801305433,0
2,0.9090161323547368,0.2897714717047557,0.999011754989624,0.98341304915292,0.30901206391198305,0.9969127178192139,0.9034243140901842,0.5082407167979652,0.9992547631263733,0.9492018904004781,0.5152561025960111,0.998814046382904,59.78114801305433,0
3,0.9090364688918711,0.29054631931441194,0.9989253878593445,0.9834189727192841,0.30913089996292503,0.9968402981758118,0.9039942906016403,0.5068554111889434,0.9992536902427673,0.9495567622638892,0.5137221813201909,0.9988026022911072,59.78114801305433,0
4,0.9090589313280022,0.29121320020584857,0.9988922476768494,0.98340129852295,0.3088892031283608,0.9968450665473938,0.9043075754528961,0.5067239659173153,0.9992650151252747,0.9497048514229918,0.513592084248861,0.9988141059875488,59.78114801305433,0
5,0.9090482649349039,0.291809270779292,0.9988068342208862,0.9833604551496968,0.30865324395043536,0.9967248439788818,0.9042954416502097,0.507667944544838,0.9992455244064331,0.9495899506977634,0.5145744170461386,0.9987851977348328,59.78114801305433,0
6,0.9091001976104017,0.29199534370785696,0.9987444281578064,0.9832843315033694,0.3082847297191622,0.9966842532157898,0.9048547432536178,0.507715551626115,0.9992404580116272,0.9497879658426566,0.5144310111091255,0.9987787008285522,59.78114801305433,0
7,0.909039102849507,0.292229269232069,0.998669445514679,0.9831303443227504,0.3078913816383909,0.99663245677948,0.9055167152768098,0.5072109273501809,0.999239981174469,0.9501156296048853,0.5135102499099009,0.998773992061615,59.78114801305433,0
8,0.9089110749108458,0.2924986353942328,0.9985997676849365,0.9829637266340718,0.3074330332733338,0.9965371489524841,0.9062092389379236,0.5062994446073263,0.9992451071739197,0.9504912580762598,0.5119266424860277,0.9987788796424866,59.78114801305433,0
9,0.9087488367444001,0.2927681065741042,0.9985443949699402,0.9828238884607958,0.3070218506313508,0.9964837431907654,0.9066202895981932,0.5053792028200063,0.9992519617080688,0.9507908083143697,0.5103051605678743,0.9987940192222595,59.78114801305433,0
10,0.9086122626350047,0.2929391974494573,0.998453676700592,0.9827334142866597,0.3066301104568302,0.9964598417282104,0.9068644869895216,0.5047162969907129,0.9992507696151733,0.9509881451016389,0.5091518532662168,0.9988182783126831,59.78114801305433,0
11,0.9085126065072566,0.2930455321357366,0.9983904361724854,0.9827188764299674,0.30638887910615853,0.9963954091072083,0.9069315734363745,0.5046480468341287,0.9992448687553406,0.9510613367671066,0.5089553821654551,0.9988231062889099,59.78114801305433,0
12,0.9085301558176683,0.2930065478597371,0.9983495473861694,0.9827438053630655,0.30629207974388506,0.9963756203651428,0.9070305824279793,0.5048527064777559,0.9992546439170837,0.95115842138018,0.5093213717142745,0.9988462328910828,59.78114801305433,0
13,0.9084966523306717,0.29305988408270356,0.9983016848564148,0.9827447845822297,0.30636549563634985,0.9962736368179321,0.9070352826799672,0.5053414191518515,0.9992364048957825,0.9512792059353428,0.5098911126454675,0.9988284111022949,59.78114801305433,0
14,0.9084898715927495,0.29313323469389074,0.9982028603553772,0.9827393804277701,0.3064135525907792,0.9961286783218384,0.907233533405123,0.5058727065722152,0.9991923570632935,0.9514628364926301,0.5103984162921001,0.9987766146659851,59.78114801305433,0
15,0.9084975350470778,0.29320592397735257,0.9981222748756409,0.9827659158479607,0.30646452449616957,0.9959942102432251,0.9075417149634596,0.5063375092688065,0.9991496801376343,0.951673320361547,0.5108843445777898,0.9987332820892334,59.78114801305433,0
16,0.9085197562263134,0.29328948543185307,0.9981078505516052,0.9828343476567958,0.30648323609715444,0.9959551095962524,0.907996356487275,0.5064062731606624,0.9991479516029358,0.9519263477552512,0.5110793142091664,0.9987354874610901,59.78114801305433,0
17,0.9085261935279489,0.29335087253933884,0.9981008172035217,0.9829431431634092,0.3064677715301516,0.9959911704063416,0.9084412824539919,0.5061567198662535,0.9991397857666016,0.95220020271483,0.5109798766317826,0.9987369179725647,59.78114801305433,0
18,0.9085416339692622,0.2932982927276977,0.9980916380882263,0.9830682760193241,0.3064742627597993,0.995992124080658,0.9087115639732005,0.5058298508326217,0.9991285800933838,0.9524552027384448,0.5108787247112823,0.998732328414917,59.78114801305433,0
19,0.9085727759769991,0.29310492106846425,0.9980778098106384,0.9831707051822125,0.3065019633088795,0.99591463804245,0.908796253658477,0.505627728643872,0.9991409182548523,0.9526538820493797,0.5108101254417787,0.9987384080886841,59.78114801305433,0
20,0.9086495751426341,0.29283937386104064,0.9980661273002625,0.9832205687250417,0.306603007373356,0.9959180355072021,0.9088127669833963,0.5055794517199202,0.9991538524627686,0.9527953210331152,0.5107959650811699,0.9987556338310242,59.78114801305433,0
21,0.9087331011181794,0.292561688593456,0.9980650544166565,0.9832462725185221,0.30675148963928245,0.9959100484848022,0.9088226159413663,0.5056501910800029,0.9991747140884399,0.9528555330776041,0.510861164047605,0.9987795948982239,59.78114801305433,0
22,0.90881086247308,0.29241840754236514,0.998054563999176,0.9832530248732801,0.30693329090163846,0.9959169030189514,0.9088663572356822,0.5056301695959913,0.9991832971572876,0.9528739367212575,0.5108818837574554,0.9987868666648865,59.78114801305433,0
23,0.908892390273867,0.2924476918720066,0.9980276823043823,0.9832528999873578,0.3071841327917011,0.9958802461624146,0.9089709662255794,0.5055833771115261,0.9991854429244995,0.9529071223168154,0.5109497904777531,0.9987790584564209,59.78114801305433,0
24,0.9089694817860929,0.29260107165291216,0.9980019927024841,0.983258281435286,0.307493967669351,0.9958505034446716,0.9091107419558941,0.5055641475177951,0.9991885423660278,0.952953999950773,0.5110723120825635,0.9987756013870239,59.78114801305433,0
25,0.9090673440978649,0.29280231680188884,0.998034656047821,0.9832682268960143,0.30777331760951476,0.9959257245063782,0.9092298150062569,0.5056251287460332,0.999214231967926,0.9530140871093394,0.5112121161960423,0.9988005757331848,59.78114801305433,0
26,0.9092439753668655,0.293016470613934,0.9980344176292419,0.9832787598882411,0.3080066215424313,0.995963990688324,0.9093388148716526,0.5057517772629152,0.9992318153381348,0.9530716311363954,0.5113443249747871,0.9988217949867249,59.78114801305433,0
27,0.9094324764751259,0.2931750033582962,0.9980015754699707,0.9832883136613035,0.30812362687928363,0.995995283126831,0.9094173141888218,0.5058819169089912,0.9992316961288452,0.9530959753763115,0.5114135486739027,0.9988235235214233,59.78114801305433,0
28,0.9096205915723535,0.29322189660299414,0.9979516863822937,0.9833062319528496,0.30812957882881187,0.9960311055183411,0.9094655797595077,0.505924020494734,0.9992221593856812,0.953094252518246,0.5113778823897956,0.9988247156143188,59.78114801305433,0
29,0.909780925228483,0.29308765275137794,0.9979534149169922,0.9833306499889927,0.3081123871462688,0.9961296916007996,0.9094823201497403,0.5059050236429491,0.9992186427116394,0.9530685969761448,0.5113424914223812,0.998831033706665,59.78114801305433,0
30,0.9098617377735327,0.2927593021165759,0.997953474521637,0.9833668498765863,0.30809754275140333,0.9962141513824463,0.9094801914124269,0.5057970001584011,0.9992105960845947,0.9530534801029031,0.5112637451716836,0.9988322257995605,59.78114801305433,0
31,0.9098862750189652,0.2922993940966472,0.9979721307754517,0.9834103953270694,0.30808183834666325,0.996250569820404,0.909429677895138,0.5056829282215667,0.9992159008979797,0.9530448828424734,0.5111689766248071,0.9988378882408142,59.78114801305433,0
32,0.9098921673638487,0.29174244829586593,0.9980306625366211,0.9834539237476538,0.3080715352580663,0.9963246583938599,0.9093712085769297,0.5055817110197889,0.9992295503616333,0.9530469576517748,0.5110841393470769,0.9988520741462708,59.78114801305433,0
33,0.9098608862786073,0.2912567130156928,0.9980645775794983,0.9834864395005372,0.3080731616133738,0.9963362216949463,0.9093014314061127,0.5054871808914916,0.9992242455482483,0.9530447636331838,0.511015804041,0.9988384246826172,59.78114801305433,0
34,0.9098191147758855,0.29090733755202547,0.9981042742729187,0.9835081242379695,0.30806257611229326,0.996330738067627,0.9092276578857793,0.5054274371692117,0.9992189407348633,0.9530409290677033,0.5109755340076633,0.9988288283348083,59.78114801305433,0
35,0.9097642586344772,0.2907213384196874,0.9981374144554138,0.9835267180488232,0.30803719730604284,0.9963356256484985,0.9091279875664491,0.5054635774521605,0.9992138147354126,0.9530364927791422,0.5109926887920928,0.9988172054290771,59.78114801305433,0
36,0.9097144036065972,0.29065467346282253,0.9981707334518433,0.9835451415606915,0.3079943713687717,0.9963432550430298,0.90902765875771,0.5055280157497954,0.9992027282714844,0.9530494951066524,0.5110196442831134,0.9987987875938416,59.78114801305433,0
37,0.9096903318450571,0.2906766363552641,0.998159646987915,0.9835639312153779,0.30793754259745304,0.9963064193725586,0.9089515720094961,0.5056199942316332,0.9991912245750427,0.9531138823145919,0.5110842074666708,0.998786449432373,59.78114801305433,0
38,0.909683184964317,0.29067466230619543,0.9981430172920227,0.9835833566529418,0.30787941387721496,0.9963105916976929,0.9088875991957536,0.5056983402797157,0.9991863369941711,0.9531989040828894,0.5111642054149087,0.9987926483154297,59.78114801305433,0
39,0.9096821149190275,0.29067111015319846,0.9981088042259216,0.9835937874657775,0.3078084275836038,0.9963051080703735,0.9088359872500109,0.5057337369237631,0.9991785883903503,0.9533136089642851,0.5112367130461197,0.9988008737564087,59.78114801305433,0
40,0.9096829777672184,0.2903893433866049,0.9980999231338501,0.9836041700272342,0.3077285318147571,0.9962807297706604,0.9087878068288174,0.5056917525473099,0.9991804361343384,0.9534399339130953,0.511242963018872,0.9988085031509399,59.78114801305433,0
41,0.9096773323558633,0.28994927945591176,0.9980884790420532,0.9836199198450369,0.30766058393887136,0.996240496635437,0.9087386670566747,0.5056497170811611,0.9991762638092041,0.9535382702237091,0.5112501269295107,0.9988101124763489,59.78114801305433,0
42,0.9096695042791827,0.28950359565871125,0.9980988502502441,0.9836278046880458,0.3076147593203048,0.9962294697761536,0.9086980479104185,0.5057172661735903,0.9991825222969055,0.9536003498804009,0.5113304314159216,0.9988187551498413,59.78114801305433,0
43,0.909657625924974,0.289194722970327,0.9980770349502563,0.9836237941469473,0.30759335557619755,0.9961879253387451,0.9086793434052247,0.5058834524381732,0.9991599917411804,0.9536443154017138,0.5114641359874185,0.9987963438034058,59.78114801305433,0
44,0.9096456993193861,0.28908580683526564,0.998056948184967,0.9836089724586131,0.30759537220001243,0.9961857795715332,0.9086385653132492,0.5060938568342304,0.9991330504417419,0.9536450022742868,0.5116014395441332,0.9987767338752747,59.78114801305433,0
45,0.909622904800234,0.2891921230724882,0.9980489015579224,0.983585598922912,0.3076480187120894,0.9962140917778015,0.908575478054229,0.5063096994445442,0.9991220831871033,0.9536362148466573,0.5117433951014568,0.9987676739692688,59.78114801305433,0
46,0.9095770461218705,0.2892571957338427,0.9980471730232239,0.9835729485466375,0.30775983134905527,0.9962552189826965,0.9084758957227079,0.5064456150645306,0.9991074800491333,0.953630433196114,0.5118232199123931,0.9987543821334839,59.78114801305433,0
47,0.9095213470004861,0.28914860884348575,0.9980508089065552,0.9835673542249779,0.3078182169369291,0.9962802529335022,0.9083711504936226,0.5064860894566494,0.9990910887718201,0.9536027369045084,0.5118699272473657,0.9987400770187378,59.78114801305433,0
48,0.9094472044990184,0.2888473116216208,0.9980525374412537,0.9835604684693481,0.30775925517082237,0.9963170289993286,0.9082888563474028,0.5064633204823452,0.9990631341934204,0.9535638661611656,0.511865669772739,0.9987169504165649,59.78114801305433,0
49,0.9093607124828165,0.2884690378393448,0.998080849647522,0.983558722904751,0.3076077671278093,0.9963808059692383,0.9082359416144242,0.5064321273849128,0.9990502595901489,0.9535242205574406,0.5118608219282972,0.998711884021759,59.78114801305433,0
50,0.9092875151407158,0.28812501827875797,0.9980971813201904,0.983539697669802,0.30740737773123267,0.9963902235031128,0.9082313662483587,0.5063874494461791,0.999049961566925,0.9534960303987784,0.5118344511304587,0.9987107515335083,59.78114801305433,0
51,0.9092335842904598,0.2879301366351902,0.9980891942977905,0.9835102274304353,0.3072780611969178,0.9963719844818115,0.9082601638067345,0.5064108428500952,0.99905925989151,0.953478932380677,0.5118870110738849,0.9987283945083618,59.78114801305433,0
52,0.9091988063993917,0.2879503497055601,0.9980882406234741,0.9834790683927997,0.3072528739770256,0.9963757395744324,0.9082898667880475,0.5064888454618912,0.9990795850753784,0.953484725384486,0.5119941064289643,0.9987603425979614,59.78114801305433,0
53,0.9092019512539826,0.28799836834271775,0.9980524182319641,0.9834533901441672,0.30724479754765854,0.996311604976654,0.9083203219232112,0.506566288925353,0.9990807175636292,0.9535164237022408,0.5121124699002225,0.9987606406211853,59.78114801305433,0
54,0.9091854095458992,0.28804875413576786,0.9980143904685974,0.9834361161504481,0.3072432577610018,0.9962547421455383,0.9083412573451095,0.5065690108707976,0.9990758299827576,0.9535665199870162,0.5121578176816308,0.9987625479698181,59.78114801305433,0
55,0.9091340331804192,0.2880917787551882,0.9980113506317139,0.9834368512744003,0.3072720496427448,0.9961666464805603,0.9083555567832228,0.5066435620898296,0.9990782737731934,0.9536268228576305,0.512233450299218,0.9987627863883972,59.78114801305433,0
56,0.9090494399979008,0.28810705599330744,0.9980117678642273,0.9834355995768601,0.307319270712989,0.9960899949073792,0.9083404768080946,0.5068613063721434,0.999081015586853,0.9536553592908958,0.5124479191643856,0.9987648725509644,59.78114801305433,0
57,0.9089761291231435,0.2880994819459463,0.9979904890060425,0.9834253560929078,0.3073962075369701,0.9959829449653625,0.9082955263909847,0.5072915554046635,0.9990575313568115,0.9536106728372127,0.5128172976630079,0.9987198710441589,59.78114801305433,0
58,0.908891589868637,0.28805928003220355,0.997991144657135,0.9834117492040007,0.30748702088991825,0.9959439635276794,0.9082328819093257,0.5078298932030092,0.999051034450531,0.9534931551842469,0.51329570441019,0.998710036277771,59.78114801305433,0
59,0.9088121993201127,0.28798634665352985,0.9979590177536011,0.9833914779481443,0.3075566206659592,0.995942234992981,0.9081702913556788,0.5083019790195287,0.9990354776382446,0.9533185050601058,0.5137359812146145,0.9987037777900696,59.78114801305433,0
60,0.9087151913415825,0.2879056121621815,0.9979465007781982,0.983365930262067,0.3076075599307108,0.9958771467208862,0.9081227892921093,0.5085472123963497,0.9990205764770508,0.9531179950350814,0.5139868259429936,0.9986778497695923,59.78114801305433,0
61,0.9086178257351838,0.2878051726591022,0.9979168772697449,0.9833412198793329,0.3076286372684299,0.9958637952804565,0.9081130538667959,0.5086192318371368,0.9990111589431763,0.9529501795768746,0.514061033725739,0.9986724257469177,59.78114801305433,0
62,0.9085074294181104,0.2877169776530495,0.9979221820831299,0.9833176703680137,0.3076188890706928,0.9958403706550598,0.9080979000954408,0.5086027156739011,0.9990146160125732,0.9528222907157179,0.5140945258594698,0.9986701607704163,59.78114801305433,0
63,0.9084247691290727,0.2876545687516533,0.9979410767555237,0.9832912172589992,0.3075906974928722,0.9958606362342834,0.9080876282283246,0.5085200270016992,0.999023973941803,0.9527292847633371,0.5140600743747896,0.9986796379089355,59.78114801305433,0
64,0.9083484240940647,0.2876392347472057,0.9979864358901978,0.9832692032768622,0.30753322868120125,0.9959070086479187,0.9080898818515604,0.5084270607857481,0.999047577381134,0.9526405362855829,0.5140401579084855,0.998708188533783,59.78114801305433,0
65,0.9082894921302802,0.28774496203377153,0.9980328679084778,0.9832445837202535,0.3074397274426054,0.9959157109260559,0.9080570737520861,0.5083703370321369,0.9990723729133606,0.9525218009948738,0.5140275103705274,0.9987378120422363,59.78114801305433,0
66,0.9082593520482389,0.287963044075739,0.9980650544166565,0.9831823309262602,0.3072574635346733,0.9959143400192261,0.9079896807670601,0.5082451871463235,0.9990882873535156,0.9523923851194844,0.5139750412532266,0.998767077922821,59.78114801305433,0
67,0.9082434745061971,0.28822623689969407,0.9980787634849548,0.9830527362369363,0.30702433273905827,0.9958880543708801,0.9079096771421894,0.5080632851237346,0.9990963339805603,0.9522855991408946,0.513889380863735,0.9987871646881104,59.78114801305433,0
68,0.9082051742644545,0.28850141877219815,0.9980707168579102,0.9828195912497392,0.30677086114883445,0.9958439469337463,0.9078308457419993,0.5077482263247176,0.9991028904914856,0.9522197331701014,0.513707938648406,0.9988096356391907,59.78114801305433,0
69,0.9081545585677744,0.28872475311869694,0.9980627298355103,0.9825224479039518,0.3065446061747417,0.9958081245422363,0.9077916400773192,0.5072934514000307,0.999119222164154,0.9521953264872242,0.5134334479059496,0.9988369345664978,59.78114801305433,0
70,0.9080478549003609,0.2888697045189996,0.9980490207672119,0.9822421925408508,0.306325789008822,0.9957633018493652,0.9078111563410085,0.5067958434422815,0.999137818813324,0.9522095379375284,0.5130456827935723,0.9988706111907959,59.78114801305433,0
71,0.9078854180517659,0.2889790364674162,0.9980645775794983,0.9820483951341547,0.3061349860259467,0.995709240436554,0.9078489258175813,0.5063770016034448,0.9991682171821594,0.9522498306773965,0.5126264208839058,0.9989061951637268,59.78114801305433,0
72,0.907711327075959,0.28901126838865754,0.9981009364128113,0.9819241052582159,0.30588181245894686,0.9956584572792053,0.9079023429325656,0.505794241314843,0.9992004036903381,0.9523022259984705,0.5120873195784437,0.9989356398582458,59.78114801305433,0
73,0.9075140981447136,0.28895098112878365,0.9981446266174316,0.9818439767474227,0.305585392883846,0.9956777691841125,0.9079422893978308,0.505121577353705,0.999229907989502,0.952346466836476,0.5115058195023314,0.998962938785553,59.78114801305433,0
74,0.9072965128081193,0.288797872407096,0.9981979727745056,0.9817793085461579,0.3052943888164704,0.9956738948822021,0.9079155978702371,0.5041000559216458,0.9992563128471375,0.9523578910600579,0.5107050083932426,0.9989852905273438,59.78114801305433,0
75,0.9071016283262351,0.2886219237531937,0.9982376098632812,0.9816979680742544,0.3050965382939296,0.9955922365188599,0.9078244141169964,0.5030707035745897,0.9992756247520447,0.9523329053606313,0.50999433086032,0.9989926815032959,59.78114801305433,0
76,0.9069158945764821,0.2884694650059657,0.99826979637146,0.9816257726578493,0.3049779179550355,0.9955458045005798,0.907677460284461,0.5023070772488916,0.9992913007736206,0.9522998418126796,0.5094695630527681,0.9990031123161316,59.78114801305433,0
77,0.9067804274104898,0.2883667236282714,0.9982842803001404,0.9815432769911638,0.30493853063810467,0.9954542517662048,0.9075388624554597,0.5019568375178749,0.9993075132369995,0.9522768003599992,0.5092397417340964,0.9990189075469971,59.78114801305433,0
78,0.9067214926083891,0.2883056075800035,0.9982888698577881,0.9814203126089922,0.304908294053305,0.9953568577766418,0.9074676973479142,0.5018605220885508,0.9993174076080322,0.9522720603715814,0.5092044217245923,0.9990251064300537,59.78114801305433,0
79,0.9067054589589444,0.28830112162090504,0.9983015656471252,0.9812809995242536,0.3048583297502429,0.9952898025512695,0.9074439576693951,0.5019718777565733,0.9993299245834351,0.9522804475965962,0.5093081508364,0.9990367293357849,59.78114801305433,0
80,0.9066906429472431,0.2882962822914126,0.9983106255531311,0.9811696097964341,0.3048118792829062,0.9952115416526794,0.9073618309838438,0.5019629001617436,0.9993396997451782,0.9522626655442382,0.5093442201614384,0.9990481734275818,59.78114801305433,0
81,0.9066572984059659,0.2883071416900274,0.9983161091804504,0.981098745550429,0.30479664887700786,0.9951586723327637,0.9071662596293865,0.5019832565670925,0.999348521232605,0.952203293641409,0.5094394882520044,0.9990623593330383,59.78114801305433,0
82,0.9066098445937754,0.28832595121292864,0.9983257055282593,0.9810643082573308,0.3048306476502194,0.9951037764549255,0.9069249260993238,0.5020075781004774,0.9993540048599243,0.9521399651254934,0.5095208116940093,0.9990764260292053,59.78114801305433,0
83,0.9065498227164868,0.2883417478629523,0.9983443021774292,0.9810402478490565,0.3048900947684336,0.9950172305107117,0.9066360536075782,0.5020296800704234,0.9993505477905273,0.9520459004810886,0.5095816481681101,0.999067485332489,59.78114801305433,0
84,0.906460194360643,0.28834691643714927,0.998368501663208,0.9810063980874569,0.30497375698316687,0.9949551820755005,0.9063468433561787,0.5020842836016705,0.9993607997894287,0.9519223457291021,0.509642601013184,0.9990759491920471,59.78114801305433,0
85,0.9063504139582323,0.2883527690456029,0.9984011054039001,0.9809575790450694,0.3050550435270585,0.9950045943260193,0.9060981869697579,0.5022178405807136,0.9993690848350525,0.9518011070433126,0.5097168485323592,0.9990886449813843,59.78114801305433,0
86,0.9062433696928486,0.28835102348100594,0.998433530330658,0.9808886987822404,0.30512625404766647,0.9950485825538635,0.9058624874977845,0.5024257415816902,0.9993802309036255,0.9516707885833021,0.5098333812895279,0.9991077780723572,59.78114801305433,0
87,0.9061581747872496,0.2883061738241289,0.9984629154205322,0.980808187098731,0.3051595304693497,0.9951249361038208,0.9056788257190167,0.502657356716338,0.9993910193443298,0.9515642608915064,0.5099527126266847,0.9991248846054077,59.78114801305433,0
88,0.9060881279763728,0.2881639557225366,0.998498797416687,0.9806902607282011,0.30517448272023906,0.9951974153518677,0.9055794534229105,0.5028030361448019,0.999400794506073,0.9515001007488803,0.5100092859495258,0.9991380572319031,59.78114801305433,0
89,0.9060124612989887,0.2879198974087127,0.9985261559486389,0.9805559459186743,0.3051709135373436,0.9952719211578369,0.9054661393165595,0.5028333522024613,0.9994094967842102,0.9514182664099201,0.5100054258391975,0.9991547465324402,59.78114801305433,0
90,0.9058901639211753,0.2875822668983825,0.9985340237617493,0.9804041215351658,0.3051751568203883,0.9953305721282959,0.9053372371764418,0.5028536035901029,0.9994116425514221,0.9512836677687516,0.5100211699803674,0.9991647601127625,59.78114801305433,0
91,0.9057570326895948,0.2872614931492581,0.9985511302947998,0.9802385057721827,0.30518339219547475,0.9953871965408325,0.9052259184065327,0.5028969957714993,0.9994149208068848,0.9511074537322642,0.5100628080822176,0.9991769194602966,59.78114801305433,0
92,0.9056134337470653,0.28702876539457434,0.9985726475715637,0.9800962521916352,0.3052069885390148,0.9954232573509216,0.9051478732199902,0.5029558227175762,0.9994180202484131,0.9509182458832158,0.5101094075611663,0.9991877675056458,59.78114801305433,0
93,0.9054870066188638,0.28688722848892234,0.9985687136650085,0.9799807525816425,0.3052285370372593,0.9954485297203064,0.9051295887856263,0.5030111273129785,0.9994143843650818,0.9507446658043641,0.5101546588398166,0.9991910457611084,59.78114801305433,0
94,0.9053883893149247,0.28681469247454716,0.9986016154289246,0.9798931564603541,0.3052287413960414,0.9954856038093567,0.9051293929417935,0.503043183258602,0.9994187951087952,0.9505732343310409,0.5101798233531775,0.9992010593414307,59.78114801305433,0
95,0.9053183056059345,0.2867903028215683,0.9986105561256409,0.9798408519654055,0.30521300009318786,0.9955060482025146,0.9051143413498295,0.5030235931986858,0.9994187951087952,0.9504149839991622,0.5101595577739537,0.9992097020149231,59.78114801305433,0
96,0.9052682462192724,0.2867671166147507,0.9986497759819031,0.9798092246055611,0.3051920476413911,0.9956130385398865,0.9051100413004565,0.5030102701414203,0.9994264841079712,0.950281915210543,0.5101389771416078,0.9992308020591736,59.78114801305433,0
97,0.9052624276706158,0.28676708113579547,0.9986863136291504,0.9797878946576808,0.3051938045592537,0.9956507682800293,0.9051204607600265,0.502989340396155,0.9994341135025024,0.9501643918809444,0.5101152488163544,0.9992443919181824,59.78114801305433,0
98,0.9052524254435592,0.28677372989200434,0.9987196326255798,0.9797863619668151,0.30524026496069795,0.9956944584846497,0.9051414643015188,0.5029701335089551,0.9994425773620605,0.9500849786258887,0.5100959738095605,0.9992583990097046,59.78114801305433,0
99,0.9052235171908432,0.2867657088098074,0.9987504482269287,0.979786089488439,0.30532647598357454,0.9957460165023804,0.9051547078859246,0.5029587405068539,0.9994524121284485,0.9500314933913101,0.5100973333631247,0.9992706775665283,59.78114801305433,0
100,0.9051934991564077,0.28675288103875685,0.998786985874176,0.979784431911651,0.3054149420488451,0.995846152305603,0.9051576086453036,0.5029349781218033,0.9994584321975708,0.9499930852935434,0.5101065976279127,0.9992800354957581,59.78114801305433,0
101,0.9051628822372081,0.2867242779050557,0.9987949132919312,0.9797847867012033,0.30548654851459345,0.9958359599113464,0.9051506774766112,0.5028188058308197,0.9994596242904663,0.9499730723244811,0.510049836976188,0.9992803335189819,59.78114801305433,0
102,0.9051439478283845,0.2866817726975398,0.9988240003585815,0.979790267490206,0.30552825757435415,0.9958056211471558,0.9051651018006468,0.5025962278956463,0.9994662404060364,0.9499830092702601,0.509888228915987,0.9992883205413818,59.78114801305433,0
103,0.9051522158441098,0.28660947368258544,0.9988527894020081,0.9798007635843193,0.3055449369407838,0.9957810640335083,0.9051903003738048,0.502261164642516,0.9994726181030273,0.9499832448505228,0.5095963080724084,0.9992932677268982,59.78114801305433,0
104,0.9051377177238472,0.2864962220191958,0.9988767504692078,0.9798078849202118,0.3055571161565329,0.9957659244537354,0.905219543547858,0.5018739530018401,0.9994778037071228,0.9499658033961349,0.5092414958136426,0.9992991089820862,59.78114801305433,0
105,0.9050914077531731,0.28636458090373473,0.9989141225814819,0.9798091252644865,0.3055716341450103,0.9958493709564209,0.9052331305685506,0.5014681305204123,0.9994899034500122,0.9499185738109414,0.5088929278509962,0.9993113875389099,59.78114801305433,0
106,0.9050290783246365,0.2862509886423749,0.9989471435546875,0.9797804242088689,0.30563249758311706,0.995907187461853,0.9052119311832254,0.5011140022959032,0.9995027780532837,0.9498153924942024,0.5086311215446113,0.9993231892585754,59.78114801305433,0
107,0.9049715995788582,0.28616948922475205,0.9989467263221741,0.9797291642143621,0.30571295533861453,0.9959481954574585,0.9051754730088377,0.5007932753789996,0.9995079040527344,0.9496734596434102,0.5084222299712049,0.9993300437927246,59.78114801305433,0
108,0.904935266290393,0.2861196455501377,0.9989359378814697,0.979660011473157,0.3057975371678673,0.9959964752197266,0.9051423129581277,0.5005344776880177,0.9995114803314209,0.949475498426529,0.5082389882632667,0.9993365406990051,59.78114801305433,0
109,0.9049368387176885,0.2861167235033855,0.9989338517189026,0.9795954227447516,0.30586887115523953,0.9960659742355347,0.9050581540380214,0.5003304595039009,0.999518871307373,0.9492118500527889,0.5080463630812513,0.9993483424186707,59.78114801305433,0
110,0.9049549046016883,0.28615619029317607,0.9989342093467712,0.9795471344675344,0.30594039530981176,0.9961358308792114,0.9049309321812228,0.5001499411605657,0.9995198845863342,0.9488985623632167,0.5077846532776247,0.9993509650230408,59.78114801305433,0
111,0.9049942266373415,0.2862436019238974,0.9989413022994995,0.9795055815151767,0.3060740459532967,0.9962055683135986,0.904754212924413,0.4999840472425737,0.9995157122612,0.9485684945469819,0.5075250438281471,0.9993424415588379,59.78114801305433,0
112,0.9050436474028095,0.28639362255732237,0.9989372491836548,0.9794562629290997,0.3063046208449775,0.9962739944458008,0.904571800004869,0.499888760702951,0.9995116591453552,0.9482831387292778,0.5073404340516957,0.9993343949317932,59.78114801305433,0
113,0.9051002547854476,0.28655851738793536,0.9989215731620789,0.9793961786088498,0.3065272413548972,0.9963404536247253,0.9044447739919034,0.4998462796211247,0.9995078444480896,0.9481027466910235,0.5072467241968431,0.9993278384208679,59.78114801305433,0
114,0.9051215818950116,0.2866742568356653,0.9989135265350342,0.9792986625716809,0.30669951864651296,0.9963948130607605,0.9043956512496593,0.49982106685638467,0.9995008111000061,0.9480143302962901,0.5072205776260017,0.9993172883987427,59.78114801305433,0
115,0.9050999823070714,0.28682759688014103,0.9989067912101746,0.9791833985419508,0.3068151133401056,0.9964302182197571,0.9043791719845371,0.4999543201355711,0.9994996190071106,0.9479925575710486,0.5073033315794813,0.9993150234222412,59.78114801305433,0
116,0.9050591985384631,0.2870337707655773,0.9988905191421509,0.979080537954967,0.3069046466123493,0.9964675903320312,0.904384252570925,0.5002602721963614,0.9994956851005554,0.9479900087629054,0.5074043699673247,0.9993069171905518,59.78114801305433,0
117,0.9050297623588932,0.2872703813371207,0.9988791942596436,0.979000091552735,0.30705784048352947,0.9965301752090454,0.9043831314359401,0.5007672891730358,0.9994956851005554,0.9479817350705473,0.5076044996579492,0.9993129372596741,59.78114801305433,0
118,0.9049936816805892,0.28749639363515966,0.9988700747489929,0.9789655861400431,0.3072488435677122,0.9965994954109192,0.9043797680309847,0.5013109388805574,0.9994952082633972,0.9479763025329235,0.5078276197115584,0.9993184804916382,59.78114801305433,0
119,0.9050489635694602,0.2876365397657669,0.9988734126091003,0.9789692248616908,0.3073970590318955,0.9966397285461426,0.9043974024908891,0.501729025727227,0.9994953870773315,0.947969473543622,0.5080186923344934,0.9993173480033875,59.78114801305433,0
120,0.9051889805566705,0.2876656296707337,0.9988627433776855,0.9789833596774518,0.3074744457290289,0.9966392517089844,0.9044683433714374,0.501932385421935,0.9994897246360779,0.9479672085671205,0.5081097171420147,0.9993035197257996,59.78114801305433,0
121,0.9053622853188295,0.28776194084258333,0.998843789100647,0.9789937762987053,0.3075051705042524,0.9966623783111572,0.9045755948339197,0.502141995089395,0.9994828104972839,0.9479683580852698,0.508199274539948,0.9992949366569519,59.78114801305433,0
122,0.9055069940430784,0.28802871562185767,0.9988279342651367,0.9789984112694158,0.307518609932491,0.9966963529586792,0.904680061907996,0.5024477044741317,0.9994750022888184,0.9479680685769951,0.5083181716146927,0.999286949634552,59.78114801305433,0
123,0.9055880109469103,0.28846581776936875,0.9987765550613403,0.9789981132461919,0.3075806455952783,0.9966862201690674,0.9047455617359714,0.5028753819919772,0.9994581341743469,0.9479657070977354,0.5085388166563856,0.9992656707763672,59.78114801305433,0
124,0.9055648389316748,0.28894694504283747,0.9987205266952515,0.9789933846110397,0.30768757490884713,0.9966644644737244,0.9047896294366753,0.5032442723001757,0.9994427561759949,0.9479644099871325,0.5087599158287053,0.9992498159408569,59.78114801305433,0
125,0.9055186169488098,0.2894071184453513,0.9986781477928162,0.978987693786622,0.30780519474120394,0.9966707825660706,0.9048211688087109,0.5035409444854377,0.9994338154792786,0.9479694508370906,0.5090038804780874,0.9992465972900391,59.78114801305433,0
126,0.905526436510541,0.2897232089723862,0.9986274242401123,0.9789900126911353,0.30788960627147155,0.9966705441474915,0.9049301402909422,0.5037182314055311,0.9994248151779175,0.9480027783484694,0.5091892168635418,0.9992436766624451,59.78114801305433,0
127,0.9056149153482353,0.28991891372771517,0.9985728859901428,0.9789985730534516,0.307939539353053,0.9966830015182495,0.9051576540583663,0.5038338246799654,0.9994227290153503,0.9480562210083016,0.5093290124620714,0.9992474317550659,59.78114801305433,0
128,0.9057334831782757,0.2900634294464477,0.998513400554657,0.9790103776114336,0.30797280867894516,0.9967142343521118,0.9054384884380167,0.5039037380899706,0.9994179606437683,0.948121198586056,0.5094107162384763,0.9992490410804749,59.78114801305433,0
129,0.9058685983930322,0.2901983630089535,0.9984632730484009,0.9790258208910632,0.30802208043280127,0.9967315793037415,0.9057156699044371,0.5039687951405847,0.999416172504425,0.9481748228981389,0.5095434359141763,0.9992555975914001,59.78114801305433,0
130,0.9060103183700932,0.2903085634821939,0.9984393119812012,0.9790484365962808,0.30808281188919456,0.9967494010925293,0.9059875181743084,0.5039888932591396,0.9994177222251892,0.9482327557745441,0.50966185047513,0.9992642402648926,59.78114801305433,0
131,0.9061101930482054,0.29044384615761915,0.9984168410301208,0.9790667238689612,0.30814248181524756,0.9967755079269409,0.9061953141575776,0.5040441041901002,0.9994232058525085,0.9483081187520715,0.5098055118606208,0.9992777705192566,59.78114801305433,0
132,0.9061924502963119,0.29055062787873426,0.9983929991722107,0.9790918968972714,0.3081759115060173,0.9968145489692688,0.9063503231321071,0.504106462001801,0.9994231462478638,0.9484022600310198,0.5099207900819328,0.9992849826812744,59.78114801305433,0
133,0.90627446061089,0.290630679754984,0.9983521699905396,0.9791169705845069,0.3081973620823454,0.9968249797821045,0.9065104495911379,0.5041532857077466,0.999423086643219,0.9485093866075796,0.5099960565567021,0.9992908835411072,59.78114801305433,0
134,0.9063195870036178,0.29073174510683353,0.9983471035957336,0.9791339124952052,0.30822052700178987,0.9968737363815308,0.9066680499485569,0.5042179283641638,0.9994286298751831,0.9486068799382172,0.5100296451931912,0.9993047714233398,59.78114801305433,0
135,0.9063305769647878,0.2909026231084554,0.998317301273346,0.9791417348952528,0.30825076784406413,0.9969103336334229,0.906799793243409,0.5043392181396489,0.9994294047355652,0.9486767905099058,0.5101077357927962,0.9993107914924622,59.78114801305433,0
136,0.9063341333752595,0.29112151407060194,0.9982914328575134,0.979143713201796,0.3082671037742072,0.99693363904953,0.9069063351267868,0.5044872817539038,0.9994311928749084,0.9487305084864306,0.5101723784492134,0.9993188977241516,59.78114801305433,0
137,0.9063687352907097,0.2913371310347605,0.9982792735099792,0.9791450103123991,0.30827119094984895,0.9969419836997986,0.9069937524341409,0.5046306962058662,0.9994337558746338,0.9487954094296418,0.5101981872604011,0.9993257522583008,59.78114801305433,0
138,0.9064422732307804,0.29152045505387464,0.9982349872589111,0.9791527362096886,0.30827093550137136,0.9969377517700195,0.9070531214986536,0.5047571999686109,0.9994295835494995,0.9488680249168766,0.5102479486238393,0.9993273615837097,59.78114801305433,0
139,0.9065721403984803,0.29163918182963444,0.9981815814971924,0.9791695248513003,0.30828145855949063,0.9969534277915955,0.9071222515333274,0.5048234774952847,0.9994249939918518,0.9489571423757651,0.5103221024785727,0.9993314743041992,59.78114801305433,0
140,0.9068335010891877,0.2916770478089653,0.998142421245575,0.9792014615876342,0.3083029204890844,0.9969884753227234,0.9072215074584604,0.5048572222391768,0.9994180202484131,0.9490420080366597,0.5104406674702966,0.9993318319320679,59.78114801305433,0
141,0.9071386172657929,0.29168876863661286,0.9981197118759155,0.9792516912732814,0.3083177904287977,0.9970426559448242,0.9073179903484533,0.5048745700291228,0.9994133710861206,0.9491119725363601,0.5105737107140682,0.9993358850479126,59.78114801305433,0
142,0.9074531112398427,0.291650203012285,0.9980984330177307,0.979301991916839,0.3083182842958544,0.9970958828926086,0.9073841685340525,0.5048779192424959,0.9994075298309326,0.9491489756675002,0.5106683373451237,0.9993379712104797,59.78114801305433,0
143,0.9077193254516245,0.2915826638539635,0.9980670213699341,0.9793482479595012,0.30830600715818884,0.9971514344215393,0.9074219891003208,0.5048708631878811,0.999394416809082,0.949167558125088,0.5107177836554395,0.9993341565132141,59.78114801305433,0
144,0.9078707013811391,0.2915606484526682,0.9980552792549133,0.9793794410569334,0.3082876446701234,0.9972047209739685,0.9074373160089773,0.5048657740865439,0.9993836283683777,0.9491762462116431,0.5107508159819107,0.9993295669555664,59.78114801305433,0
145,0.9078999019804463,0.29160499288922287,0.9980282187461853,0.9793951766831541,0.3082676246052699,0.997235119342804,0.9074345798719504,0.5048845949627108,0.9993667602539062,0.9491748440833327,0.5108101538249428,0.9993202686309814,59.78114801305433,0
146,0.9079362778436577,0.2916570476123267,0.9980099201202393,0.9794050540242885,0.3082613661175685,0.9972828030586243,0.9074348722185415,0.504894023849851,0.9993565678596497,0.949168781439464,0.5108912388483687,0.9993181228637695,59.78114801305433,0
147,0.9079445174762188,0.2917368482975735,0.9979894161224365,0.9794155955314645,0.3082514745848522,0.9973273277282715,0.9074443976084399,0.5049004781813853,0.9993467926979065,0.9491631729262223,0.5109838928495138,0.9993165135383606,59.78114801305433,0
148,0.9080023708797644,0.29185228972207955,0.997980535030365,0.9794193619773509,0.3082448513734911,0.9973426461219788,0.9074561539150428,0.5048906803131108,0.9993466138839722,0.9491598123595835,0.5110550011907309,0.9993217587471008,59.78114801305433,0
149,0.9080771406491606,0.29196762754803635,0.9979487061500549,0.9794220810844794,0.3082442581653597,0.9973635077476501,0.9074669366791143,0.5048854776791168,0.9993399977684021,0.9491566902115238,0.5111108365513033,0.9993252754211426,59.78114801305433,0
150,0.9081482234455298,0.2920941455023632,0.9979149103164673,0.9794371667362403,0.308263699213664,0.9973735809326172,0.9074740949131201,0.5048673039390932,0.9993307590484619,0.9491674133709507,0.5111293537276136,0.9993258118629456,59.78114801305433,0
151,0.9081886325563711,0.2922286561557227,0.9979302287101746,0.9794465729168491,0.308294155767986,0.9974111914634705,0.9074724543662306,0.504870848996299,0.9993271827697754,0.9491869211196907,0.511148313681285,0.9993246793746948,59.78114801305433,0
152,0.9082166183562512,0.2923055802072799,0.997960090637207,0.9794834483237501,0.30833277390116764,0.9974595904350281,0.9074740920748037,0.5048459512846815,0.9993232488632202,0.949234034333911,0.5111353227070403,0.9993225336074829,59.78114801305433,0
153,0.9082100675219588,0.29234360797064673,0.9979785084724426,0.9795224524679647,0.3083515408493226,0.9974873661994934,0.9074778244608932,0.5047655162357153,0.9993171095848083,0.9492898384730029,0.5110850220634828,0.9993183016777039,59.78114801305433,0
154,0.9082156164305558,0.2923688888549807,0.9979921579360962,0.9795837090128952,0.30836853952634924,0.9974962472915649,0.9074918457439974,0.504635870456696,0.9993091225624084,0.9493516711961663,0.51100671575183,0.9993094205856323,59.78114801305433,0
155,0.908229955605099,0.2923879367964611,0.9980030655860901,0.9796583255132048,0.3083871901035311,0.997512936592102,0.9075117991084152,0.5045179469244825,0.9993000030517578,0.9494020655041657,0.5109368903296339,0.9993022680282593,59.78114801305433,0
156,0.9082394270669853,0.29248832662900315,0.9980036020278931,0.9797292266573232,0.3084271677902769,0.9975150227546692,0.9075297713279731,0.5044429500897729,0.9992899298667908,0.949428203560058,0.5109402423813234,0.9992954730987549,59.78114801305433,0
157,0.9082394781566809,0.2927353694325404,0.9979925155639648,0.9797507240658723,0.30846524096670636,0.9975104331970215,0.9075408436003193,0.5044365950993134,0.9992697238922119,0.9494184369132641,0.5110228033292865,0.9992799162864685,59.78114801305433,0
158,0.908228774865469,0.29310372329893586,0.9979727864265442,0.979744669936953,0.308499146075476,0.9975151419639587,0.9075605017798295,0.50444921993074,0.9992557168006897,0.9493990483738135,0.5111318713142763,0.9992713928222656,59.78114801305433,0
159,0.9082044590087172,0.2936596756889709,0.9979724884033203,0.979700602236249,0.3085666980062215,0.9975502490997314,0.907583171413059,0.5045080724216646,0.9992504715919495,0.9493614662261244,0.5113380750020349,0.999273955821991,59.78114801305433,0
160,0.908186302298592,0.294230986209143,0.9979720115661621,0.9796651743707211,0.30866735747882323,0.9975875616073608,0.9076263194992436,0.5046104107584276,0.999249279499054,0.9493283515884771,0.5115842506999065,0.9992801547050476,59.78114801305433,0
161,0.9081938522202635,0.29470097734814626,0.9979313611984253,0.97964913788296,0.3087756789865951,0.9976114630699158,0.9077030306770695,0.5047680167924794,0.9992294311523438,0.9493149235135041,0.5118229871704469,0.9992755055427551,59.78114801305433,0
162,0.908267645608812,0.2950036738600052,0.9978821277618408,0.9796507358551033,0.30884427541778225,0.997623085975647,0.9078092546690086,0.5048954117865794,0.9992032647132874,0.9493391570590799,0.5119924233073284,0.9992620348930359,59.78114801305433,0
163,0.9084001921472102,0.29512358563286945,0.9978147745132446,0.9796449655578258,0.3088485428265165,0.9976191520690918,0.9079141247840162,0.5050645215170728,0.9991790056228638,0.9493773693130138,0.5121366381645207,0.9992483854293823,59.78114801305433,0
164,0.9085821395828618,0.295095693497431,0.9977614283561707,0.9796324911571692,0.3087977383817948,0.9976354837417603,0.9080172606876926,0.5052186704817276,0.9991706609725952,0.9494279424349474,0.5122600311324714,0.9992501735687256,59.78114801305433,0
165,0.9087700134231939,0.2951037387053175,0.9976848363876343,0.9796017465137307,0.30876023286864895,0.9976503252983093,0.9080978262992139,0.5054211871964596,0.9991490244865417,0.9494674063864216,0.5124786609695076,0.9992435574531555,59.78114801305433,0
166,0.9089791632833943,0.29512346074694706,0.9976303577423096,0.9795653734888358,0.30874481371470885,0.9976814985275269,0.9081769358544131,0.5056386760302956,0.9991392493247986,0.9494881005514244,0.5127134834017076,0.9992455244064331,59.78114801305433,0
167,0.9091481169064848,0.29515344472158545,0.9976025223731995,0.9795284242857079,0.3087575875577475,0.9977200031280518,0.9082532894043702,0.5057769701594402,0.9991324543952942,0.9495089394705643,0.5128726505097893,0.9992508888244629,59.78114801305433,0
168,0.9092862492515934,0.2951704419794539,0.9975654482841492,0.9794990164893023,0.30877181319963387,0.9977021217346191,0.908349329517002,0.5057214924267364,0.9991268515586853,0.9495529958180027,0.5128673116366073,0.9992491602897644,59.78114801305433,0
169,0.9094240523519977,0.29517131901922705,0.9975680112838745,0.9794730969837742,0.3087821318989711,0.9976986646652222,0.9084824891317467,0.5055799938383561,0.9991304874420166,0.9496056721324021,0.5128000009627574,0.999250590801239,59.78114801305433,0
170,0.9095309348333457,0.2951559906914123,0.9976111650466919,0.9794677751404907,0.30878705212048146,0.9977213740348816,0.9086488173121505,0.5053805964333675,0.9991390109062195,0.9497067360650933,0.5127029532477974,0.9992544651031494,59.78114801305433,0
171,0.9096195981616073,0.2951805847031732,0.997637152671814,0.9794454773267118,0.3087938030560814,0.9977593421936035,0.9088128180730918,0.5052583586601987,0.999152421951294,0.9498115465754562,0.5127121720995226,0.9992642402648926,59.78114801305433,0
172,0.9097916682561246,0.2952195491109578,0.9976585507392883,0.9794099330902108,0.3087914188702904,0.9977985620498657,0.9089815162477047,0.5052442579042348,0.9991660714149475,0.9499246676762906,0.5128085414568587,0.9992769956588745,59.78114801305433,0
173,0.9100190003712979,0.29526376440411545,0.9976686239242554,0.979366410346259,0.3087799520719622,0.9978349208831787,0.909096368721554,0.5052995653379535,0.9991726875305176,0.9500272160484684,0.5129337339174184,0.9992894530296326,59.78114801305433,0
174,0.9102899119967514,0.2952674471196677,0.9977120161056519,0.9793288849648982,0.30877226307278616,0.9978869557380676,0.9091714308375412,0.505332328024365,0.9991851449012756,0.9501049461818885,0.5130264844213217,0.9993047714233398,59.78114801305433,0
175,0.9105779244786225,0.295224794319698,0.9977111220359802,0.9793020004317882,0.30876747483298916,0.9979017376899719,0.9092247202282867,0.505290425959088,0.9991825819015503,0.9501425680660073,0.5130494095030289,0.9993080496788025,59.78114801305433,0
176,0.9107975846245183,0.29515589702697054,0.997719407081604,0.9793075436637524,0.3087783285549711,0.9979082942008972,0.9092772489502325,0.5051937869616921,0.9991874098777771,0.950200333481744,0.5129903554916386,0.9993128180503845,59.78114801305433,0
177,0.9109253400848033,0.29510353860400995,0.9977337121963501,0.979308471793221,0.30879386266072617,0.9979168176651001,0.9093126768157602,0.5051181373142065,0.9991859793663025,0.9502517552602866,0.5129662156105046,0.999313473701477,59.78114801305433,0
178,0.910998537426904,0.2950643031370075,0.9977737665176392,0.979292537484851,0.3087870634737471,0.9979517459869385,0.9093577918552224,0.5050679984546846,0.9991949796676636,0.9503366464660289,0.5129386044683915,0.9993209838867188,59.78114801305433,0
179,0.9110410951432735,0.29506925883747304,0.997823178768158,0.9792677305993587,0.30876421786489966,0.9979977011680603,0.9093941052754728,0.505056963080452,0.9992056488990784,0.9504281509490249,0.5129103688966665,0.999331533908844,59.78114801305433,0
180,0.9110690667515717,0.2950886814367206,0.9978339672088623,0.9792374940145592,0.3087376483849119,0.998016893863678,0.9094224515415381,0.5050537926810132,0.9992009401321411,0.9505099114917581,0.5128738369260519,0.999331533908844,59.78114801305433,0
181,0.9110723194621866,0.29510655715352035,0.9978368282318115,0.9792140126228341,0.30871278331393315,0.9980239868164062,0.9094303619293947,0.505018151941754,0.99919193983078,0.9505516773178471,0.5128096767834259,0.9993277788162231,59.78114801305433,0
182,0.9110719731875835,0.2951032845746906,0.9978199005126953,0.9792027132851745,0.3086921629451572,0.9980122447013855,0.9094413036391856,0.5049409468968713,0.999175488948822,0.9505795893215006,0.5127027659189137,0.999318540096283,59.78114801305433,0
183,0.9110683798789985,0.29519009022485665,0.9978340864181519,0.9791772762934374,0.30867152270816645,0.998024582862854,0.9094461145855139,0.5048740080424721,0.9991714358329773,0.9505964148612257,0.5126005950428194,0.9993155002593994,59.78114801305433,0
184,0.911062975724539,0.2953373023441862,0.997826874256134,0.9791421918641962,0.30864973295302645,0.9980275630950928,0.909452208450863,0.5048253820056011,0.9991617798805237,0.9506200154622403,0.512509527660552,0.9993101954460144,59.78114801305433,0
185,0.911065754436312,0.29551379737399897,0.9977971911430359,0.9791086713473011,0.30864977268945626,0.9980199337005615,0.9094566050029944,0.5048082470893864,0.9991446137428284,0.950642060665858,0.5124513989403139,0.9993036389350891,59.78114801305433,0
186,0.9110716042064493,0.2956640294619971,0.9977884292602539,0.9790913689704177,0.3086814639114201,0.9980044364929199,0.9094599854378481,0.5048617635454454,0.9991292357444763,0.9506610802241742,0.5124664193107973,0.9992960095405579,59.78114801305433,0
187,0.9110761171295536,0.2957158684730532,0.9978042244911194,0.9791013371376772,0.3087249284698852,0.9980214238166809,0.9094666327748987,0.50484916142055,0.9991267323493958,0.9506713435763412,0.5124436049234303,0.9992978572845459,59.78114801305433,0
188,0.9110792279243477,0.29564707761719133,0.9978235363960266,0.9791332880655932,0.30877366662025474,0.9980514645576477,0.9094846106710895,0.5047372976938888,0.99912428855896,0.9506794299398157,0.5123356751033242,0.9993017911911011,59.78114801305433,0
189,0.9111140824499592,0.2956009067240218,0.997864842414856,0.9791661586080287,0.30881482362747215,0.9980928301811218,0.9095087448755907,0.5045441020102732,0.9991265535354614,0.9506890688623708,0.5121662162599113,0.9993047714233398,59.78114801305433,0
190,0.9111665231840959,0.2955381941227688,0.9978979229927063,0.9792120428312401,0.3088597442422597,0.9981260895729065,0.9095351128351128,0.5042740475563781,0.9991327524185181,0.9506923669860484,0.5119866246268867,0.9993123412132263,59.78114801305433,0
191,0.9112516329402023,0.2954795800504233,0.9979078769683838,0.9792833583695556,0.30894090731938706,0.9981274008750916,0.9095677591505513,0.5039950751122979,0.9991330504417419,0.9506920490946096,0.5118258538700289,0.9993120431900024,59.78114801305433,0
192,0.9113586403074727,0.29537389108112905,0.9979544878005981,0.9793933601606467,0.309042967501141,0.9981524348258972,0.9096247156461088,0.5037889281908675,0.9991545081138611,0.950721794650669,0.511730029469445,0.9993258714675903,59.78114801305433,0
193,0.9114554893402833,0.29524423252968585,0.9979656338691711,0.9795072249003827,0.3091251452763878,0.9981383681297302,0.909687490690323,0.5036302152134127,0.9991649389266968,0.9507682692436953,0.5116459812436789,0.9993308186531067,59.78114801305433,0
194,0.9115795209294282,0.2951044071288338,0.9979701042175293,0.9796413580576586,0.3092596814745951,0.9981098175048828,0.9098147352536528,0.503539153507778,0.9991774559020996,0.9508390029271452,0.51158181542442,0.9993337392807007,59.78114801305433,0
195,0.9117340218453187,0.29501806128592745,0.9979742169380188,0.9797717105774659,0.3094068169593813,0.9980865716934204,0.9099842650549761,0.503519435723623,0.9991903901100159,0.9509166706176039,0.511534378642128,0.9993401169776917,59.78114801305433,0
196,0.9119765957196561,0.2949243131138032,0.9979448914527893,0.9799147872697747,0.30962033356939067,0.9980517029762268,0.9101859359514153,0.5035794093495327,0.9991931319236755,0.9509849775405165,0.5115715009825574,0.999337911605835,59.78114801305433,0
197,0.9122665978613361,0.29481391537757173,0.9979016184806824,0.98007338103794,0.30987329568181743,0.998019814491272,0.910369833310446,0.5036827723185225,0.9991855621337891,0.9510288068226412,0.5116435374532431,0.999330997467041,59.78114801305433,0
198,0.912533533005488,0.29461257940246965,0.9978804588317871,0.9802358065332694,0.31006541990098524,0.9980144500732422,0.9105102192787904,0.5037840945380079,0.9991880059242249,0.9510709387915484,0.5117143506095527,0.9993295073509216,59.78114801305433,0
199,0.9127167009171993,0.29440439882732594,0.9978509545326233,0.9803582997549156,0.3101555492196767,0.9979845881462097,0.9105648284866703,0.5038627215794158,0.9991904497146606,0.9510935601733987,0.5117700894673669,0.9993292093276978,59.78114801305433,0
200,0.9127957082930073,0.29422937404541766,0.9978376626968384,0.9804580949601681,0.3101880919365658,0.9979845881462097,0.9105844497680671,0.503883642809732,0.9991914629936218,0.9511118389311298,0.5117860549972175,0.9993318319320679,59.78114801305433,0
201,0.9127380507332946,0.2941620094435558,0.9978525042533875,0.9805171830313555,0.31015044734591557,0.9980026483535767,0.9105614792732972,0.5038807846250992,0.9991971254348755,0.9511219688824252,0.5117727716763818,0.9993399381637573,59.78114801305433,0
202,0.9126226391111107,0.2941594237372991,0.9978969693183899,0.9805531586919519,0.31013365018935457,0.998031497001648,0.9105218393462052,0.5038840231441319,0.9992149472236633,0.9511297203245626,0.5117789790743877,0.9993524551391602,59.78114801305433,0
203,0.9124586525417517,0.2941688583010721,0.9979281425476074,0.9805721896035339,0.31011367837588016,0.9980412721633911,0.9104690778823132,0.5039344344820299,0.9992296695709229,0.9511310089202162,0.5118361768268408,0.999361515045166,59.78114801305433,0
204,0.91228568270093,0.29414686702546644,0.9979698061943054,0.9805784424146025,0.3100475597949257,0.9980530738830566,0.9104279506774182,0.5039266802015763,0.9992474317550659,0.9511342616308311,0.5117809289977668,0.999370813369751,59.78114801305433,0
205,0.9121358650071288,0.2941213789440339,0.9980299472808838,0.9805746390706025,0.30996517766089693,0.9980728030204773,0.9103980234691083,0.5038870913641798,0.9992636442184448,0.9511374178386877,0.5116567100797385,0.9993799924850464,59.78114801305433,0
206,0.9119793744314293,0.29409823956943715,0.9980669617652893,0.9805737222943995,0.3098663120042713,0.9980630874633789,0.9103920488130486,0.5038278869220192,0.9992721676826477,0.9511618756112605,0.5114611075038006,0.9993816018104553,59.78114801305433,0
207,0.9118427974837175,0.2940874809310552,0.9980936646461487,0.9805799013092411,0.3097576711859025,0.9980580806732178,0.9103988550958186,0.5037704677808856,0.9992777705192566,0.9512001162483587,0.5112522812116718,0.9993801116943359,59.78114801305433,0
208,0.9117172587485548,0.29409408285504324,0.9981096982955933,0.9805897843270083,0.3096564483074917,0.9980316162109375,0.910404821236929,0.5037268116360623,0.999278724193573,0.951246088459379,0.5110552509625756,0.999371349811554,59.78114801305433,0
209,0.9116137850852247,0.29411280580929366,0.9981055855751038,0.98060166835785,0.3095655725115824,0.998014509677887,0.9104051164218365,0.5037754064514528,0.9992812871932983,0.9512858731406083,0.5109834358805706,0.999365508556366,59.78114801305433,0
210,0.9116050629388726,0.2941103733721236,0.9981192946434021,0.9806104472705304,0.30949674050013254,0.9980046153068542,0.9104233157067079,0.5037845004172556,0.9992865920066833,0.9513323562485838,0.5108680781863988,0.9993617534637451,59.78114801305433,0
211,0.9116615340823226,0.2940449161188945,0.9981562495231628,0.9806146224339811,0.30943302739234224,0.9980100989341736,0.9104516335896091,0.5037899386315123,0.9992875456809998,0.9513807665734071,0.510780961740585,0.9993627071380615,59.78114801305433,0
212,0.9117777120499391,0.29387710349900403,0.9982196092605591,0.9806126072293244,0.3093504011631014,0.9979854822158813,0.910508641174862,0.5037387382416503,0.9992966651916504,0.9514359916959498,0.510654313223703,0.9993595480918884,59.78114801305433,0
213,0.911927555288588,0.2936683580988932,0.998253583908081,0.9806090706870677,0.30925773580869065,0.9979250431060791,0.9105824686232075,0.5036478269667857,0.9992979168891907,0.9514775815464209,0.5105276391619732,0.9993451833724976,59.78114801305433,0
214,0.9120576183001208,0.29348225394884764,0.998248279094696,0.9806032095636648,0.30914633898508004,0.9978533387184143,0.910661098502932,0.503509484586262,0.9992880821228027,0.9515049429166893,0.5103507013547992,0.9993237853050232,59.78114801305433,0
215,0.912132816655296,0.29338741302490257,0.998292088508606,0.9806107452937542,0.3090604486919587,0.9978148341178894,0.9107211203802207,0.5033924125489738,0.9992901682853699,0.9515103101730353,0.5101981163024907,0.9993106722831726,59.78114801305433,0
216,0.9121817463920237,0.29337905702136835,0.9983299970626831,0.9806573277428045,0.3090242104870935,0.9977914690971375,0.9107666469755635,0.5033123521577748,0.9992973208427429,0.9515168581690114,0.5100736334210354,0.999302327632904,59.78114801305433,0
217,0.912179941222782,0.2934078034900486,0.9983643293380737,0.9807427184922362,0.3090009675139475,0.997786819934845,0.910791598615193,0.5032960715748018,0.9993027448654175,0.9515237098648441,0.5100014919326423,0.999290943145752,59.78114801305433,0
218,0.9122071351323816,0.29341393851098585,0.9984084367752075,0.9808842341105152,0.30897844263485524,0.9977707862854004,0.9108157101131628,0.5032838242394587,0.9993144273757935,0.9515340072768083,0.5099162062009179,0.9992842674255371,59.78114801305433,0
219,0.9122461108934319,0.2934235533078514,0.9984350800514221,0.9810829701877783,0.3090118850980489,0.9977552890777588,0.9108429607890909,0.5032852547509334,0.9993255138397217,0.9515483549663006,0.5098599990208947,0.9992809891700745,59.78114801305433,0
220,0.912288413161324,0.29342922426405427,0.9984177947044373,0.9812994627725519,0.30909484766778517,0.9977239966392517,0.9108749571300696,0.5032602066085456,0.9993271827697754,0.9515684559231721,0.5097801259585794,0.9992694854736328,59.78114801305433,0
221,0.9123245676358549,0.29343541037468707,0.9984148144721985,0.9814897520201555,0.3092418412367505,0.9977131485939026,0.9109035049166005,0.5032396969341101,0.9993335604667664,0.9515831527255838,0.5097086088997982,0.9992620944976807,59.78114801305433,0
222,0.9123419551622307,0.2934566651071824,0.9984099864959717,0.98164055744807,0.3094615226700195,0.9977012872695923,0.910917106128875,0.5032424671309339,0.9993395209312439,0.9515979829288672,0.5096695281210404,0.9992572069168091,59.78114801305433,0
223,0.9123466185161053,0.29348470909254915,0.9983776807785034,0.9817492933500389,0.3096980807327091,0.9976744055747986,0.9109176312174123,0.5032745230765574,0.9993405938148499,0.9516150837852848,0.5096623642104017,0.9992483854293823,59.78114801305433,0
224,0.9123803547450482,0.293509288912728,0.9983544945716858,0.981836057844617,0.30988132811728003,0.9976458549499512,0.9109243864104869,0.503309011459351,0.9993415474891663,0.9516570568084725,0.5096541160628913,0.9992430210113525,59.78114801305433,0
225,0.9124318758646655,0.29352413898422625,0.998338520526886,0.9819086392720549,0.30998036833036535,0.997657835483551,0.9109426850364329,0.5032991341182167,0.9993415474891663,0.9517265189261671,0.5096097758838113,0.9992445111274719,59.78114801305433,0
226,0.9124905154818588,0.29352860649426804,0.998298168182373,0.9819620450337736,0.31003358250572594,0.9976527690887451,0.9109645457494835,0.5033611570085803,0.9993318319320679,0.9517981949306678,0.5096727183886941,0.9992357492446899,59.78114801305433,0
227,0.9125513888540729,0.2935209217525666,0.9982396960258484,0.9819885407175344,0.3100572157473794,0.9976301789283752,0.9109835454395846,0.5034775393349789,0.9993209838867188,0.9518494606018074,0.5098191272644774,0.9992225766181946,59.78114801305433,0
228,0.9125967479887471,0.29349940873327734,0.998136579990387,0.9820031495321373,0.3100904808157969,0.9975640177726746,0.910994572298868,0.5036379184041708,0.9992968440055847,0.9518766800562548,0.5100172758102421,0.9991959929466248,59.78114801305433,0
229,0.9126336375872302,0.2934499950636003,0.9980687499046326,0.9820282345726384,0.31012465698378455,0.9975206255912781,0.9110015971320023,0.5037810915992378,0.9992783069610596,0.9518800945509055,0.5101889570554101,0.9991751909255981,59.78114801305433,0
230,0.9126364929335464,0.29339324434598313,0.99801105260849,0.9820554994401485,0.3101468497798559,0.9974676370620728,0.9109930594762173,0.5038306656337923,0.9992622137069702,0.9518787520272399,0.5102486383347288,0.9991558194160461,59.78114801305433,0
231,0.9126120294843408,0.29333823777380463,0.9979763627052307,0.9820723732312528,0.3101418685345425,0.9974129796028137,0.9109749254726236,0.503927052021027,0.9992520809173584,0.9518799895331981,0.5103693263871334,0.9991388916969299,59.78114801305433,0
232,0.9125771664437802,0.29331235800470645,0.9979372620582581,0.9820857558931632,0.31019031575747924,0.9973611831665039,0.9109519493012208,0.5043295281273983,0.9992347955703735,0.9518806934356697,0.5108535658745543,0.9991186857223511,59.78114801305433,0
233,0.9125493594578342,0.2933224737644198,0.9979079365730286,0.9820915943100347,0.3102450015999024,0.997312605381012,0.9109318199611852,0.5048902261824839,0.9992205500602722,0.9518947459402546,0.5114961890947256,0.9990966320037842,59.78114801305433,0
234,0.9125245894704553,0.2933635016282402,0.997873842716217,0.982095372109187,0.3103215254488448,0.997266948223114,0.9109226777440034,0.5054477311315995,0.9992086887359619,0.9519616166750597,0.5121081187611538,0.9990834593772888,59.78114801305433,0
235,0.9125136676288794,0.2933869603134339,0.9978585243225098,0.9820979209173302,0.3103895570550649,0.9972437620162964,0.9109349846839913,0.5058265101341979,0.9991960525512695,0.9520676902362286,0.5124832278206239,0.9990793466567993,59.78114801305433,0
236,0.9124934020496558,0.29338780187425184,0.9978638291358948,0.9820975689660943,0.3104400762489866,0.9972134828567505,0.9109474590846478,0.5059131440662206,0.999189555644989,0.9521855059124182,0.5125161012013757,0.9990777969360352,59.78114801305433,0
237,0.9124775755973097,0.2933583103475119,0.9978787899017334,0.9820974298885898,0.31046708992549377,0.9971943497657776,0.9109626298859013,0.5058877553258627,0.9991872906684875,0.9522886191095632,0.5124431224096393,0.9990793466567993,59.78114801305433,0
238,0.9124685554277336,0.29329930884497535,0.9978973269462585,0.9821138495490673,0.3105040419669381,0.9971920251846313,0.9109788480259131,0.5058871422495165,0.9991849064826965,0.9523520270983387,0.5124255305244814,0.9990829229354858,59.78114801305433,0
239,0.9124588710921158,0.29324042797088645,0.9979053735733032,0.9821337972368521,0.31052050987879465,0.9971870183944702,0.9109706452914654,0.5058708928880241,0.9991816878318787,0.9523689122427086,0.5123984160877414,0.9990870356559753,59.78114801305433,0
240,0.9124442764690952,0.2932052938711078,0.9979135394096375,0.9821540571394428,0.31054602066675846,0.9971864819526672,0.9109286353701644,0.5059070047878087,0.9991737604141235,0.9523708309446071,0.5123841507094251,0.9990861415863037,59.78114801305433,0
241,0.9124324264980506,0.2931816776593529,0.9979178309440613,0.9821671985444577,0.3105722708361492,0.9971936941146851,0.9108742986406606,0.5060382854370848,0.9991592764854431,0.9523435291789835,0.5124241596176515,0.9990807771682739,59.78114801305433,0
242,0.9124280725206655,0.29315135024842787,0.9979432821273804,0.9821757305236097,0.3106140778178263,0.9972187280654907,0.9108201832998374,0.5062093990189692,0.9991469383239746,0.9522963279769542,0.5124988953272506,0.9990750551223755,59.78114801305433,0
243,0.9124291141827908,0.2931090650104343,0.9979541301727295,0.9821808196249471,0.3106585045655571,0.9972229599952698,0.9107854110854021,0.50636922461646,0.999132513999939,0.9522505743162981,0.5125542169525514,0.9990691542625427,59.78114801305433,0
244,0.9124317225955789,0.2930607128710976,0.9979804158210754,0.9822086578323734,0.3107363084952039,0.9972131252288818,0.9107770863033483,0.5064702005613422,0.9991301894187927,0.9522128133546746,0.5125732762472974,0.9990682601928711,59.78114801305433,0
245,0.9124324037915191,0.2930104136466982,0.998022198677063,0.9822658669380923,0.3108389774958295,0.9972179532051086,0.9107789964902977,0.5064795159158257,0.9991317391395569,0.9521883953185316,0.5125485119365515,0.9990697503089905,59.78114801305433,0
246,0.9124524621736444,0.29296134057499135,0.9980554580688477,0.9823351105054228,0.3109270901907061,0.9972224831581116,0.9107919335365303,0.5064601529212229,0.9991315007209778,0.9521787535576601,0.5124156673749292,0.9990711212158203,59.78114801305433,0
247,0.9124833544095364,0.2929312884807589,0.9980835914611816,0.9824044136773981,0.31100688094184537,0.9972308874130249,0.910816791511718,0.5064516379719692,0.999134361743927,0.9521744421550213,0.5122626991499042,0.9990774989128113,59.78114801305433,0
248,0.9125159127371659,0.29290429325330847,0.9981074333190918,0.9824740460940777,0.3110792466572355,0.9972474575042725,0.9108484103566132,0.5064611576852348,0.9991307854652405,0.9521811320668183,0.5121372597558163,0.9990791082382202,59.78114801305433,0
249,0.9125409552029209,0.2928895893551057,0.9981001019477844,0.9825281614349011,0.31112912864912146,0.9972328543663025,0.9108779458772576,0.5064942836761479,0.9991155862808228,0.9521946935426628,0.512056566420056,0.9990714192390442,59.78114801305433,0
250,0.9125540739014043,0.2928853176888968,0.9980846643447876,0.9825701969010499,0.31116166427021963,0.9972207546234131,0.9108928442001349,0.5064755905242198,0.9990975856781006,0.952204590752012,0.5119203385852636,0.9990636706352234,59.78114801305433,0
251,0.9125474691390999,0.2928700532232015,0.9980722665786743,0.9826021194458016,0.31117731900442236,0.9972139596939087,0.9108943258013051,0.5064146234875637,0.9990877509117126,0.9522089759508776,0.5117681423823043,0.9990630745887756,59.78114801305433,0
252,0.9125450764383596,0.29282676747867065,0.9980700016021729,0.9826167850267327,0.3111630479494733,0.9972249865531921,0.9108990743046722,0.5062983490171891,0.9990839958190918,0.9522054621151523,0.511512126241412,0.9990684390068054,59.78114801305433,0
253,0.9125380941799717,0.29273996892429555,0.9980672597885132,0.9826200036775506,0.3111440993490676,0.9972255825996399,0.9109063545862841,0.5061182351339435,0.9990823864936829,0.9522019511177433,0.5111983815828963,0.9990716576576233,59.78114801305433,0
254,0.912529925505321,0.29264102379481016,0.9980796575546265,0.9826219734691446,0.31113471019835726,0.9972310662269592,0.9109185877300452,0.505947760173253,0.9990881085395813,0.9522071225302569,0.5109343216532757,0.9990770220756531,59.78114801305433,0
255,0.9125270843505866,0.2925441634087338,0.9980675578117371,0.9826299661681773,0.31113954668953325,0.9972213506698608,0.9109319505237405,0.5057705697559179,0.9990895986557007,0.9522230540003103,0.5107178290685022,0.9990779757499695,59.78114801305433,0
256,0.9125193016869688,0.2924688330718451,0.9980280995368958,0.9826359152793893,0.31113768617312143,0.9971945881843567,0.9109409337952031,0.5055499616123384,0.9990822076797485,0.9522448153722861,0.5104566358384636,0.9990727305412292,59.78114801305433,0
257,0.9125032510076257,0.2924265818936487,0.9980567097663879,0.9826598593166904,0.3111655981767748,0.9972153902053833,0.9109405194010061,0.5053618323235288,0.9990891218185425,0.9522674566223516,0.5102525552113855,0.9990787506103516,59.78114801305433,0
258,0.9124870612507782,0.2924170877252309,0.9980899691581726,0.9826995389802122,0.31121300089926973,0.997225821018219,0.9109394067809702,0.5052756383305508,0.9990975856781006,0.9522858034996766,0.5101666933014284,0.9990841150283813,59.78114801305433,0
259,0.9124719301859546,0.2923989324342639,0.9981105327606201,0.9827388752074476,0.3112607938902721,0.9972043633460999,0.9109376839229046,0.505255324499948,0.9991025328636169,0.9522917185510916,0.5101535604113628,0.9990825653076172,59.78114801305433,0
260,0.9124626914660143,0.29239049553871177,0.9981297254562378,0.9827789238521039,0.3113024731477104,0.9971954226493835,0.9109305058206838,0.5053108022326519,0.9991051554679871,0.952285948253814,0.5102244161424188,0.9990779757499695,59.78114801305433,0
261,0.9124646669342412,0.29234873113178095,0.9981513023376465,0.9828274987992794,0.31132975646427724,0.9972152709960938,0.9109298019182123,0.5053427616755172,0.999104917049408,0.9522761730920708,0.5102698604265853,0.9990724325180054,59.78114801305433,0
262,0.9124713625226709,0.29228523373603843,0.9981746673583984,0.9828746375583476,0.31133651591482636,0.9972286224365234,0.9109710000810176,0.5053196095284966,0.9991077780723572,0.9522667385282979,0.5102428907439827,0.9990684390068054,59.78114801305433,0
263,0.9124822701726648,0.29221734404563926,0.9982103705406189,0.9829314748446154,0.31135060815584115,0.9972498416900635,0.9110411490712854,0.5052438889231005,0.9991199374198914,0.9522645757311874,0.5101456329936077,0.9990724325180054,59.78114801305433,0
264,0.9124971514656438,0.29216689580962796,0.9982244968414307,0.982986719835373,0.31137069492113045,0.9972502589225769,0.9111191318148666,0.5051493531181703,0.9991259574890137,0.9522732354345783,0.5100011626879378,0.9990704655647278,59.78114801305433,0
265,0.9125078178587421,0.2921394450323924,0.998247504234314,0.9830194626535695,0.3113990255764555,0.9972540140151978,0.9111798434030449,0.5050601675396877,0.999127984046936,0.952280004819235,0.5098489466167636,0.9990661144256592,59.78114801305433,0
266,0.9125234058925091,0.29211981381688823,0.9982621669769287,0.9830381302606499,0.3114316037722999,0.9972492456436157,0.9112025414194387,0.5049713055292769,0.9991260766983032,0.9522818014735275,0.509695498716264,0.9990594387054443,59.78114801305433,0
267,0.9125421898705627,0.2920813688210081,0.9982731342315674,0.9830647848901303,0.31146666691416813,0.997218668460846,0.9111942904336119,0.504892950966245,0.999122142791748,0.952279726664226,0.509572023437137,0.9990443587303162,59.78114801305433,0
268,0.9125697726295116,0.2920337290990923,0.9982918500900269,0.983099892025903,0.311500117892311,0.9971892833709717,0.9111878275871285,0.5048344958396189,0.9991158843040466,0.9522743139948171,0.5094954712050306,0.9990240335464478,59.78114801305433,0
269,0.9126064890906931,0.2919858296712242,0.9983065128326416,0.9831431479681114,0.31152849679901506,0.9971765279769897,0.9111832749275941,0.5047942002614343,0.9991104006767273,0.9522692788214918,0.5094640084675384,0.9990143179893494,59.78114801305433,0
270,0.9126449511164718,0.29195120930671714,0.9983018040657043,0.98318484283629,0.31157578882716974,0.9971380233764648,0.9111765679858986,0.5047752601759778,0.9991016387939453,0.952268907002041,0.5094624928065712,0.9990050792694092,59.78114801305433,0
271,0.9126711941900716,0.29193963465236505,0.9983047842979431,0.9832200322832387,0.3116328389871691,0.9971140027046204,0.9111640339805973,0.5047524684951423,0.99909907579422,0.9522706695965366,0.5094849211829053,0.998997688293457,59.78114801305433,0
272,0.9126916158766981,0.2919241388638817,0.9982900619506836,0.9832453472273699,0.3116790694849834,0.9970797896385193,0.9111541197413497,0.5046966161046713,0.9990916848182678,0.9522725088255753,0.509479763961974,0.9989883899688721,59.78114801305433,0
273,0.9126959045728056,0.29192049872307574,0.9982789754867554,0.9832670660245995,0.3117087440831323,0.9970444440841675,0.9111433057557976,0.504656675316039,0.9990794062614441,0.9522753982316887,0.5094758470853173,0.9989744424819946,59.78114801305433,0
274,0.9126950701077787,0.2919217319715593,0.9982522130012512,0.9832845500537335,0.31171329106603374,0.9970004558563232,0.9111248566990814,0.5045944537435263,0.9990676641464233,0.9522755401475096,0.5094507194700699,0.9989601373672485,59.78114801305433,0
275,0.9126935771533428,0.29192519471758915,0.9982501268386841,0.9833065555209213,0.3117216981592635,0.9969852566719055,0.9110948074431654,0.5045092134248647,0.9990665316581726,0.9522747624488112,0.5094005437124347,0.998954713344574,59.78114801305433,0
276,0.912700636046274,0.29193269213040696,0.998237669467926,0.9833255126362763,0.3117584472610839,0.9969722032546997,0.9110533396403002,0.5043962058566869,0.9990611672401428,0.9522717396418261,0.5093569017591935,0.9989503622055054,59.78114801305433,0
277,0.9127228118124471,0.29191646263712956,0.9982463717460632,0.9833544237273089,0.3118035026959013,0.9969377517700195,0.9110106769062231,0.5042493882633394,0.9990603923797607,0.9522718304679515,0.5092965336073016,0.9989420771598816,59.78114801305433,0
278,0.9127532527560287,0.29186905139968533,0.9982492327690125,0.9833850491614577,0.3118456573713396,0.9969292283058167,0.9109920376823071,0.5040743152300521,0.9990629553794861,0.9522734624998918,0.509177869274503,0.9989433288574219,59.78114801305433,0
279,0.9127814514296403,0.2918204835483008,0.9982335567474365,0.9834100745973141,0.31188327074050926,0.9969249367713928,0.9109689394632983,0.5039453109105432,0.9990580677986145,0.9522444208463041,0.509049963383448,0.9989427924156189,59.78114801305433,0
280,0.9127982542628341,0.29177540682611036,0.9981995820999146,0.98342289811089,0.31190548482395375,0.9968875646591187,0.910934820061639,0.5038311765307476,0.9990455508232117,0.9521909129051943,0.5088949487322857,0.9989284873008728,59.78114801305433,0
281,0.9127960630825595,0.2917553143841882,0.9981763958930969,0.9834248224894213,0.31191783433868797,0.9968617558479309,0.9108793536822009,0.5037529127938412,0.9990395903587341,0.9521264831225086,0.5087088914144611,0.9989233613014221,59.78114801305433,0
282,0.9127896598407208,0.29176127626782394,0.9981629252433777,0.9834182546252305,0.3119277968293147,0.9968686699867249,0.9108083134605779,0.5037055185862954,0.9990324378013611,0.9520595868428556,0.5085504736219137,0.9989213943481445,59.78114801305433,0
283,0.9127801940554672,0.2917652328809105,0.9981523752212524,0.9834136281694693,0.31192417939504014,0.9969000220298767,0.910729768730346,0.5037249184790116,0.9990243911743164,0.9519898380552028,0.5084762090728401,0.9989206194877625,59.78114801305433,0
284,0.9127611092158734,0.2917939438706355,0.9981289505958557,0.9834095466704603,0.31191722977729097,0.9969301223754883,0.910651039509547,0.5037519619578411,0.9990151524543762,0.9519209038643618,0.5084408294586912,0.9989196062088013,59.78114801305433,0
285,0.9127369579814737,0.29183768090747675,0.9980942606925964,0.9834188336417796,0.31189155720529127,0.9969354271888733,0.9105700396356137,0.5038261243275237,0.9990167617797852,0.9518467698778432,0.5084754228591923,0.9989246129989624,59.78114801305433,0
286,0.9127136270205187,0.29190056238855655,0.9980630874633789,0.9834075768788664,0.3118093794300445,0.9969408512115479,0.9105071226755785,0.5039059065637138,0.9990198612213135,0.9517894444011514,0.5085334664299379,0.9989298582077026,59.78114801305433,0
287,0.9126912582488294,0.2919741925739109,0.998028039932251,0.9833680277778997,0.311673164367676,0.9969515800476074,0.9104703976994476,0.503970685459319,0.9990203976631165,0.9517604538372593,0.5085726153282897,0.9989343881607056,59.78114801305433,0
288,0.9126621683438626,0.2920479476451876,0.9980006814002991,0.9833156665166226,0.3115364824022568,0.9969910979270935,0.910461400236403,0.5040163851919632,0.9990291595458984,0.9517550042697369,0.5086003769011729,0.9989477396011353,59.78114801305433,0
289,0.9125933079492485,0.29213599363962833,0.9979664087295532,0.9832412345068804,0.3114455682890759,0.996994137763977,0.9104630549748746,0.5040527269953776,0.9990339279174805,0.9517474259649011,0.5086620677085154,0.9989545345306396,59.78114801305433,0
290,0.9125083770070765,0.29224405969892253,0.9979358315467834,0.9831457620575322,0.3113885025183363,0.9969499111175537,0.9104589195478537,0.5040405165581481,0.9990372061729431,0.9517264394533074,0.5086410272689097,0.9989482760429382,59.78114801305433,0
291,0.9124088145437702,0.2923162125405814,0.9979188442230225,0.9830653355235153,0.31136861869267074,0.9969262480735779,0.9104561152912329,0.5040223655246556,0.9990485906600952,0.9517069260279345,0.5085650909514658,0.9989580512046814,59.78114801305433,0
292,0.9123153743289772,0.29235733832631816,0.9979170560836792,0.9829991942360295,0.3113216686816445,0.9969450831413269,0.9104624362218955,0.5039456855683104,0.99905925989151,0.9516931005886631,0.5083954674857007,0.9989714622497559,59.78114801305433,0
293,0.9122206597101129,0.29236059671356585,0.9979317784309387,0.9829594975426091,0.3112514444759916,0.9969210028648376,0.9104535352616091,0.5038317214874998,0.9990750551223755,0.9516871997288303,0.5081779218855362,0.9989805817604065,59.78114801305433,0
294,0.9121191246168963,0.29234469930330936,0.9979503750801086,0.982902319658371,0.3111795513402851,0.9969384670257568,0.9104525418508628,0.5036132307279682,0.9990872740745544,0.9516932595343824,0.5078552989732655,0.9989946484565735,59.78114801305433,0
295,0.9119686938467487,0.29233368095897516,0.9979683756828308,0.9827603527477817,0.31109843225706213,0.9969908595085144,0.9104455766223732,0.5033801907584785,0.9990994334220886,0.9516999437695465,0.5075723358563018,0.999016523361206,59.78114801305433,0
296,0.9117356254940949,0.29231919703029474,0.99797123670578,0.9824994405110685,0.3108883258842289,0.9970033764839172,0.9103456395012999,0.503149991943723,0.9991124868392944,0.9516855790501557,0.5073206878843766,0.9990385174751282,59.78114801305433,0
297,0.9114021857579557,0.2924156330880667,0.9979919195175171,0.9821641842524218,0.3105546037356061,0.9970207810401917,0.910010150500707,0.5029919204257788,0.9991273283958435,0.9516221057801028,0.5071800209227066,0.9990646839141846,59.78114801305433,0
298,0.9109839002291369,0.29258495994976613,0.9979944229125977,0.981871221746718,0.31019701560338364,0.9970143437385559,0.9095445842969992,0.5029377284504122,0.9991477131843567,0.9515332210631605,0.5072159227870764,0.9990935325622559,59.78114801305433,0
299,0.9104382168679017,0.2927918093545099,0.9979778528213501,0.9815547154063278,0.3099152530942647,0.996931791305542,0.9088883740561357,0.5029111022040962,0.999161422252655,0.951395341328213,0.5073659647078745,0.9990999698638916,59.78114801305433,0
300,0.9096728052411768,0.29300221942719984,0.9979173541069031,0.9811543765522193,0.3096961691266017,0.9968553781509399,0.9081597413335536,0.5028667166119534,0.9991540908813477,0.95122383038203,0.5074850746563506,0.999096691608429,59.78114801305433,0
301,0.9087885958807816,0.2931608813149591,0.9978311061859131,0.9807362897055497,0.3095189063321979,0.9966123104095459,0.9074806230408813,0.5028771162033085,0.9991267323493958,0.9510596990585335,0.5076161452702117,0.9990667104721069,59.78114801305433,0
302,0.9079500635464993,0.29331884213856313,0.9978122711181641,0.9803202748298652,0.30928748987969923,0.9964718222618103,0.906934905619849,0.502955189773015,0.9991065859794617,0.9509151010286248,0.5077429442178639,0.999053418636322,59.78114801305433,0
303,0.9073901091303151,0.29331932607151234,0.9978049993515015,0.9799690899394815,0.3090117204756966,0.9963088631629944,0.9065118119830184,0.5029256883121677,0.9990854263305664,0.9507276472591226,0.5077652136484786,0.9990358352661133,59.78114801305433,0
304,0.9071840615499595,0.29307390394664967,0.9978197813034058,0.9797253041040338,0.30885589548519704,0.9962515830993652,0.9061769161905568,0.5029195745786035,0.9990865588188171,0.9505109872136805,0.5077966196196424,0.9990410208702087,59.78114801305433,0
305,0.9070861708550233,0.29265538425672644,0.9978688955307007,0.9794209429195957,0.30882417446091087,0.9962502121925354,0.9057917424610691,0.502740771997543,0.9991087317466736,0.9502843362944474,0.507837051437015,0.9990550875663757,59.78114801305433,0
306,0.9067473979223348,0.292193766151156,0.9979282021522522,0.979009517601559,0.3088236976237526,0.9962303638458252,0.9054433987254196,0.5022383389018835,0.999130368232727,0.950086176395417,0.5075853977884569,0.9990746974945068,59.78114801305433,0
307,0.9061756985528135,0.29180268730436076,0.9979630708694458,0.9785374346233557,0.3088507169768926,0.9960854053497314,0.9050972319784626,0.5016092218103867,0.9991558194160461,0.94992691846121,0.5072057218778705,0.9990964531898499,59.78114801305433,0
308,0.9055688267662418,0.29160874372436907,0.9979985952377319,0.9780333808490216,0.3088623129186179,0.9959843158721924,0.9047433279809506,0.5007240020093467,0.9991788268089294,0.9497598239353732,0.5066241849036448,0.99910968542099,59.78114801305433,0
309,0.9048545729546327,0.2914438219297502,0.9980528950691223,0.9775743229048601,0.308903142100289,0.996006429195404,0.9041775919142231,0.4997399520306365,0.9992049336433411,0.9495073755582181,0.5059796117600945,0.9991245269775391,59.78114801305433,0
310,0.9040940772919435,0.29124002371515567,0.998114824295044,0.9772820643016278,0.3089929279826939,0.9960399866104126,0.9032097373689931,0.49901104399136176,0.999237060546875,0.949073825563704,0.5055141817955747,0.9991426467895508,59.78114801305433,0
311,0.903181760084062,0.2910749174299696,0.9981858730316162,0.9768709114619671,0.30906641767138554,0.9960872530937195,0.9021863852228444,0.4983669803256084,0.9992707967758179,0.9486367532185154,0.505108427433741,0.999167263507843,59.78114801305433,0
312,0.9021168549855558,0.29090629021326725,0.9982659220695496,0.9760962440854035,0.30910681117148653,0.9961655139923096,0.901448187373934,0.4976695009640289,0.9993072748184204,0.9481988804680967,0.5044261784780597,0.9991931319236755,59.78114801305433,0
313,0.9010852149554669,0.2907056340149473,0.9982855319976807,0.9750305187134523,0.30911591507139685,0.996128261089325,0.9010424017906196,0.4971369575886503,0.9993264079093933,0.9477849375633974,0.5037270074798952,0.9992052316665649,59.78114801305433,0
314,0.900247236092886,0.2904676255725681,0.9983084201812744,0.9737472420647038,0.3091790307135811,0.9960780739784241,0.9006859745298121,0.4967046238127213,0.9993443489074707,0.9472573796908068,0.5030459250722616,0.9991986155509949,59.78114801305433,0
315,0.8994284612791885,0.29027442421231975,0.9983130693435669,0.9723625779151925,0.3093003162315916,0.996006190776825,0.9000928487096521,0.4965853989124302,0.9993596076965332,0.9464789260001417,0.5026954838207793,0.9992034435272217,59.78114801305433,0
316,0.8985995565141958,0.2900880305539997,0.9983329176902771,0.9708566268285124,0.30942092764945284,0.9960246086120605,0.8993658820788073,0.49699972215152965,0.9993676543235779,0.9454341701098858,0.5028932179723471,0.9992125034332275,59.78114801305433,0
317,0.8976083937145423,0.29001994785808405,0.9983810186386108,0.9694169589451389,0.30954132193610806,0.9960925579071045,0.8985977258001062,0.49763280437106217,0.9993741512298584,0.9442999334562401,0.5033435935065864,0.9992157816886902,59.78114801305433,0
318,0.8962679704030362,0.29003822519665695,0.9984268546104431,0.9680793909799492,0.30973058513232665,0.99617600440979,0.8976242002986734,0.4982203968933654,0.999370813369751,0.9431579737436212,0.50373801730928,0.9992191195487976,59.78114801305433,0
319,0.8948846601304561,0.29007144059453716,0.9984819293022156,0.9669195441972649,0.30967145306723487,0.996268093585968,0.896829165163495,0.49860880062693685,0.9993924498558044,0.9423080171857569,0.5039232061022808,0.9992486238479614,59.78114801305433,0
320,0.8934797360783538,0.2901348556791035,0.9985321760177612,0.9659780490966078,0.30931081090654666,0.9962765574455261,0.8961530867077062,0.49880285773958516,0.9994066953659058,0.9415935561770492,0.503702356701806,0.9992559552192688,59.78114801305433,0
321,0.8922889289401834,0.29019516422635055,0.9985307455062866,0.964927222047534,0.3087556376343684,0.9962977766990662,0.8954881117457443,0.49875290620894697,0.9994093775749207,0.9408948194412965,0.5031897340502062,0.9992720484733582,59.78114801305433,0
322,0.8912596929641003,0.2902584870656334,0.9985485076904297,0.9636955601828446,0.30817262757392183,0.9963173866271973,0.8946812748909004,0.4986464437984289,0.9994166493415833,0.9400297005971281,0.5026540614309769,0.99928218126297,59.78114801305433,0
323,0.890276769797008,0.29032299064454603,0.9985882639884949,0.9624362673078273,0.3077568326677597,0.9964022040367126,0.89347015959876,0.4988298231647132,0.9994282722473145,0.938742915789287,0.5022725831894652,0.9993010759353638,59.78114801305433,0
324,0.8889645536740628,0.29038079437755426,0.9986096024513245,0.9611027212370017,0.3077112734317782,0.9963646531105042,0.8916667614664358,0.49920216202735945,0.9994298815727234,0.9371624305134736,0.502159831069765,0.9992959499359131,59.78114801305433,0
325,0.8875908028511781,0.29041113881837777,0.9985936284065247,0.9596207482474199,0.3077414844717301,0.9963684678077698,0.8900800517627179,0.4997114184356875,0.9994099736213684,0.9355417319706515,0.5021108644349239,0.9992817640304565,59.78114801305433,0
326,0.8861995538075772,0.29046560894875323,0.9985899925231934,0.9581193923950203,0.3075086289928075,0.996351957321167,0.8890712261199958,0.49990290829113593,0.9993921518325806,0.9342133487973902,0.5016562910307025,0.9992619156837463,59.78114801305433,0
327,0.8849313315891091,0.29050216646421545,0.9985672831535339,0.9566145283835282,0.3071626722812655,0.9963424205780029,0.8884942304520387,0.4997379978497827,0.9993715882301331,0.9334394591195251,0.5009784868785316,0.9992378354072571,59.78114801305433,0
328,0.8836346694401339,0.2905298428876062,0.9985803365707397,0.9553130723181232,0.30684684997513206,0.9964132905006409,0.8878131650743037,0.4991524290470854,0.9993583559989929,0.9327319633393069,0.5002390415895557,0.9992367625236511,59.78114801305433,0
329,0.8823948303858447,0.29051177274613177,0.9985583424568176,0.9540811379750578,0.3065076938697272,0.9963814616203308,0.8869043134507686,0.4985765800589611,0.9993293285369873,0.9319903850555427,0.49961331344786186,0.9992075562477112,59.78114801305433,0
330,0.8811316319874363,0.29048757326035296,0.9985812306404114,0.9529001003219975,0.3063259039606369,0.9964314699172974,0.8855657549131492,0.4982042255855746,0.999309241771698,0.9310115377108263,0.49943255668594766,0.9991939067840576,59.78114801305433,0
331,0.8799427407128477,0.2903978980722884,0.9985724091529846,0.9517479198319578,0.30629484000660145,0.9964697957038879,0.8840668911025644,0.497853673639752,0.9992959499359131,0.9297672822361908,0.4992625301792512,0.9991967678070068,59.78114801305433,0
332,0.8788915759041203,0.2902876110303972,0.9985878467559814,0.950497508049012,0.3061567119189674,0.9965348839759827,0.8827436055455896,0.4973998609043307,0.9992877244949341,0.9285857393628083,0.4986872147946134,0.9991852045059204,59.78114801305433,0
333,0.8780060665948057,0.29015514680317495,0.9986145496368408,0.9491582001958583,0.3056083122889204,0.9966073036193848,0.8814827203750617,0.4966885149478916,0.9992919564247131,0.9274749727476219,0.49773955912817136,0.9991885423660278,59.78114801305433,0
334,0.8768985413369685,0.2900699788615819,0.9986311793327332,0.9475868088858476,0.3048837057181769,0.9966979622840881,0.8802926199776793,0.49588314976011044,0.9992906451225281,0.9263041587102987,0.49675999794687586,0.9992002248764038,59.78114801305433,0
335,0.8757190732728874,0.2900409329505196,0.9986034631729126,0.9461617327871785,0.3039433700697765,0.9967206716537476,0.879307048661369,0.4950085651306883,0.9992672801017761,0.9254148517336171,0.49579781010037416,0.9991932511329651,59.78114801305433,0
336,0.8744839855602817,0.29008611185210115,0.9986063241958618,0.9450897318976273,0.3029378908021112,0.9967926740646362,0.8784397585051407,0.49424976678121696,0.9992535710334778,0.9247327077956434,0.49504977322760124,0.9991849660873413,59.78114801305433,0
337,0.8730466564496365,0.29015235815729434,0.9985733032226562,0.944221184367226,0.3022441509224122,0.9967004060745239,0.8773606306030644,0.49361409743626955,0.9992198944091797,0.923737375509172,0.49452219832511213,0.9991382360458374,59.78114801305433,0
338,0.8716006165459049,0.29023535194851124,0.998583197593689,0.9434050264812659,0.30179557771909826,0.9967643022537231,0.8763460715611783,0.4932182558945251,0.9992084503173828,0.922734147026426,0.4940840048449384,0.9991321563720703,59.78114801305433,0
339,0.8704348717417043,0.29027992345037934,0.9986451864242554,0.9424215356508898,0.30129131532850745,0.9968981742858887,0.8752629700161169,0.4927772468044648,0.999222993850708,0.9214711870465968,0.49357317175184023,0.9991529583930969,59.78114801305433,0
340,0.8693843285242724,0.2903253861836027,0.9986950159072876,0.9413043572789155,0.3009793559710187,0.9970005750656128,0.8742978317396988,0.49264190736271124,0.9992430210113525,0.9200020602771221,0.4936256181626097,0.9991651177406311,59.78114801305433,0
341,0.8685125027384084,0.2903476470992681,0.9987066388130188,0.9401371791249237,0.3007726130031406,0.9970551133155823,0.8734371293158765,0.4928022410188406,0.9992488622665405,0.9185143794332239,0.4941483423823406,0.9991815090179443,59.78114801305433,0
342,0.8676595773015711,0.29032203980854604,0.9987601637840271,0.9393269902183903,0.3006010949611666,0.9972119331359863,0.8723809832618357,0.49336187186695324,0.9992551207542419,0.917222650278183,0.4948147152151384,0.9992051124572754,59.78114801305433,0
343,0.8664823060943974,0.29035886270659333,0.9987682104110718,0.9386066538946978,0.3006676052297867,0.9973100423812866,0.8710327261970163,0.49431235449654753,0.9992229342460632,0.9157875350543437,0.4957016110420231,0.9992005825042725,59.78114801305433,0
344,0.8653728223982318,0.2904356632913864,0.998797595500946,0.937797251201812,0.30056012244451635,0.9974126219749451,0.8696972898074566,0.4952641129493718,0.9992274641990662,0.9143591324488329,0.4965445583774934,0.9991816878318787,59.78114801305433,0
345,0.8645106923012513,0.2904756594271889,0.9987963438034058,0.936806085563842,0.3002570342449917,0.9974818229675293,0.8686210598264429,0.49574256936709127,0.9992114901542664,0.9131798914500653,0.4967367322671985,0.9991655349731445,59.78114801305433,0
346,0.8639121055603034,0.29047658188002473,0.9988245368003845,0.9356758793195095,0.29963350579852177,0.9975714683532715,0.8679904398464028,0.49544256783667107,0.9991795420646667,0.9122405818530499,0.49632058399064244,0.9991269111633301,59.78114801305433,0
347,0.8634087273052767,0.29045934620357716,0.9988114833831787,0.9343460571198243,0.2989232000850498,0.9975757002830505,0.8675285379091905,0.49468914667765346,0.9991528391838074,0.9114482913698476,0.49561820001829276,0.9990941882133484,59.78114801305433,0
348,0.8629481508618317,0.2903902998992377,0.9987897276878357,0.9333744105838602,0.29835153193700903,0.9975278377532959,0.8669678285008392,0.4939201318082359,0.9991253018379211,0.9109215480940691,0.49478479084514476,0.9990621209144592,59.78114801305433,0
349,0.8624040683110562,0.2903322066579549,0.9987778067588806,0.9327878270830434,0.2980636698859081,0.9975385665893555,0.8664680151712334,0.4933965745426364,0.9991075992584229,0.9106015704926997,0.4942506693658379,0.9990392923355103,59.78114801305433,0
350,0.861931463082632,0.29033417928786526,0.9986798763275146,0.9322968238875986,0.2979323012488231,0.9974334239959717,0.8658822831653421,0.49332090502693576,0.9990530014038086,0.9100189549582353,0.4942156119006025,0.9989985227584839,59.78114801305433,0
351,0.8615876947130483,0.2902541955312095,0.9986128211021423,0.9319563451267432,0.29793786860647675,0.9973363280296326,0.8653082648913072,0.4934657741160624,0.9990197420120239,0.9095099029086893,0.49433238875298313,0.9989500045776367,59.78114801305433,0
352,0.8614128686132891,0.2901460542565303,0.998544454574585,0.9316506783167529,0.29789038499196396,0.9972133636474609,0.8648354581424175,0.49351270142055736,0.9989665150642395,0.908982163383848,0.4943295901729951,0.9988704323768616,59.78114801305433,0
353,0.8612421523957032,0.2900535733926866,0.9984480738639832,0.9313664209275025,0.2978463655426391,0.9970703721046448,0.864400023505802,0.49360889338311736,0.9989057183265686,0.9084846065157942,0.4943846989245646,0.9987928867340088,59.78114801305433,0
354,0.8611071932883496,0.2899315612656732,0.9983969330787659,0.931130060127804,0.2977726587227415,0.9970210790634155,0.8641488552093513,0.4936988211813431,0.9988452196121216,0.908122346514748,0.49446932900519636,0.998706579208374,59.78114801305433,0
355,0.8609402804147637,0.2898126499993463,0.9983901381492615,0.930958080859412,0.2976232029142837,0.9970157146453857,0.8641284846124202,0.4938044959590553,0.9988257884979248,0.9079453036898666,0.4945507390158521,0.9986686706542969,59.78114801305433,0
356,0.8607070758229217,0.28974672868138296,0.9984029531478882,0.9307118058204658,0.29740716446013704,0.9970411658287048,0.8641828099886584,0.4937429683549068,0.998812198638916,0.9078139435677309,0.4944565849644801,0.998648464679718,59.78114801305433,0
357,0.8605185264632822,0.2896893648874194,0.998370349407196,0.9305370450019843,0.29717165089788916,0.9970554113388062,0.8642289156005503,0.49355400460107024,0.9987818002700806,0.9077590789113734,0.49429545374143735,0.9986356496810913,59.78114801305433,0
358,0.8604194578670328,0.28962626059850083,0.9983532428741455,0.9304665781202778,0.29699746767679874,0.9971033334732056,0.86423032624381,0.49331620335578963,0.9988003969192505,0.9075880448023486,0.49413415789604226,0.9986595511436462,59.78114801305433,0
359,0.8603631286394036,0.2895489547933853,0.9983842372894287,0.9304784735043852,0.2969444720518024,0.997186005115509,0.8642037965002521,0.4931286105087829,0.998820424079895,0.9073887070020048,0.49411327498299773,0.9987016320228577,59.78114801305433,0
360,0.860326344058628,0.2893805177438829,0.9984452128410339,0.9305318281764083,0.2969715481712707,0.9972893595695496,0.8641776783125747,0.49295457913762086,0.9988534450531006,0.9072036799930399,0.4942142608619876,0.9987288117408752,59.78114801305433,0
361,0.8602354044005991,0.28923235195023694,0.9984787106513977,0.9305447425161096,0.29712602921894643,0.99733567237854,0.8641684452692675,0.4929208216213049,0.9988716244697571,0.9070548954464148,0.49444225146656984,0.9987326860427856,59.78114801305433,0
362,0.8601331710815436,0.2891657125382199,0.9984967708587646,0.9305810303915122,0.2973402284440543,0.9973437786102295,0.8641459516116557,0.4928536925997057,0.9988833665847778,0.9069390438851863,0.49469828037988617,0.9987189173698425,59.78114801305433,0
363,0.8601088069734126,0.28919810198602247,0.9984531998634338,0.9307382135164177,0.29757790622257074,0.9973389506340027,0.8641263956115366,0.4929157566456571,0.9988691806793213,0.906931956609091,0.4951302011807764,0.9986962676048279,59.78114801305433,0
364,0.8601149178686603,0.28920210117385525,0.9984669089317322,0.9310005704561877,0.2977539542175477,0.9973435997962952,0.8640924578621281,0.49309003920782224,0.998889148235321,0.9069021400951212,0.4956209645384838,0.9987013936042786,59.78114801305433,0
365,0.8601984381675727,0.28934216783160277,0.99844890832901,0.9312810472079693,0.29784896402131966,0.9973464608192444,0.8641617269743064,0.4933163722356165,0.9988743662834167,0.9068774949936647,0.4960704758053738,0.9986810684204102,59.78114801305433,0
366,0.860496205942972,0.28959185310772506,0.9983859062194824,0.9317040074439283,0.29795739764259,0.9972554445266724,0.864367169993265,0.49352247658230053,0.9988197684288025,0.9070280421347853,0.49635736715225987,0.9986040592193604,59.78114801305433,0
367,0.8610129413150613,0.2899540180251714,0.9982962012290955,0.9323934941064752,0.29817886011941114,0.9971393346786499,0.8647073847906936,0.49383828469685187,0.9987755417823792,0.9074114702996761,0.49674852972938943,0.9985144138336182,59.78114801305433,0
368,0.8617211182912198,0.29030902470861186,0.9982510209083557,0.9332318192436589,0.29836495007787456,0.9970871210098267,0.8652934233347582,0.49404379725456277,0.9987647533416748,0.9080150950522657,0.49708947255497926,0.9984898567199707,59.78114801305433,0
369,0.8625402195113052,0.29054689407348655,0.9982911944389343,0.9340893938427887,0.29845650565056603,0.99715656042099,0.865999741213663,0.4943815583274482,0.9987813234329224,0.908740543183827,0.4975935178143642,0.9984962344169617,59.78114801305433,0
370,0.8632831516720008,0.2905932352656412,0.9983000755310059,0.9350052844910401,0.29838638362430414,0.9971913695335388,0.8667527862957553,0.49494144604319656,0.9987826347351074,0.9096203701836729,0.49824997640791435,0.9984875917434692,59.78114801305433,0
371,0.8639055348577961,0.29078083237012253,0.9982608556747437,0.9358005693980633,0.2981223095031014,0.9972061514854431,0.8675844981556853,0.49566821257273397,0.9987203478813171,0.9105908274650582,0.4988692104816441,0.9984360933303833,59.78114801305433,0
372,0.8644381392569775,0.29109943054971266,0.9982296228408813,0.936546220665887,0.2979029204164235,0.9972315430641174,0.8683640502748042,0.49643723595710065,0.9987058043479919,0.9116393866993139,0.4993217516513102,0.9984359741210938,59.78114801305433,0
373,0.8649369705291028,0.29141398554756553,0.9981564879417419,0.937334154333388,0.29777309724262807,0.9971277713775635,0.8691337931723828,0.49695312267258096,0.9986643195152283,0.9126257328760063,0.4996129231793544,0.9983879327774048,59.78114801305433,0
374,0.8653441014743993,0.291657857951664,0.9981855750083923,0.9379825648807351,0.29767728561446805,0.9971741437911987,0.8700142900149035,0.4969950403485983,0.9986900091171265,0.9134455323219307,0.49954802365530143,0.9984162449836731,59.78114801305433,0
375,0.8655810639971786,0.2917782564957939,0.998237133026123,0.9384299374762044,0.29763917979739984,0.9972721934318542,0.870841031982786,0.4969529339245391,0.9987002611160278,0.9140323570796428,0.4996532031467987,0.9984613060951233,59.78114801305433,0
376,0.8657649641945255,0.2916454559280761,0.9983043670654297,0.9389522501400547,0.297622648023424,0.9974018335342407,0.8715724774769381,0.4969431984992258,0.9987148642539978,0.9145426721799947,0.5000070390247168,0.9985113739967346,59.78114801305433,0
377,0.8660189708073941,0.29145439465840683,0.9983465671539307,0.9395168962932776,0.29758899268649897,0.9974933862686157,0.8722761245000937,0.4971730978715992,0.9987362623214722,0.9151358859879637,0.5006030102570855,0.9985526204109192,59.78114801305433,0
378,0.8664289230392099,0.29126217109816444,0.998425304889679,0.9400917830921363,0.29756964672179476,0.9975811243057251,0.872806058043526,0.4976832043556944,0.9987779259681702,0.9157516757647204,0.5014213252635233,0.9986081123352051,59.78114801305433,0
379,0.867091113612766,0.2910608067398982,0.9984791874885559,0.9406732576234007,0.29755888666425456,0.9976878762245178,0.8732629986036398,0.4981279671192173,0.9988093972206116,0.9162396419615979,0.5021185392425178,0.9986599087715149,59.78114801305433,0
380,0.8680071007637757,0.29095997412999497,0.998535692691803,0.9411954170181646,0.2975653594448455,0.9977719187736511,0.873985043593816,0.498442683901106,0.9988486766815186,0.9165895410946445,0.5025634453410198,0.9987146258354187,59.78114801305433,0
381,0.8688608464740579,0.2909668669814158,0.998619794845581,0.9416462665512456,0.29758204448790804,0.9978742599487305,0.8747378190358487,0.49869640242485813,0.9988990426063538,0.9167451234090904,0.5029326507023406,0.9987742900848389,59.78114801305433,0
382,0.8697644755953841,0.2909114389192493,0.9987134337425232,0.9421079698063086,0.29757616491544836,0.9979968667030334,0.8756272821199332,0.49873452669098306,0.9989649057388306,0.9169526554289327,0.5030847276960104,0.9988494515419006,59.78114801305433,0
383,0.8705683747927355,0.29087554415067063,0.9987936615943909,0.9425885478655505,0.29760846921375844,0.9981048703193665,0.8765458322706683,0.49870552903129983,0.9990248084068298,0.9174239465168552,0.5032220255760924,0.9989229440689087,59.78114801305433,0
384,0.8711915016174323,0.2908844365960078,0.9988669753074646,0.9431018715813053,0.2976864732447127,0.9982028007507324,0.8771887762205949,0.49872718538556815,0.9990795850753784,0.9180252892630447,0.503484135582334,0.998993992805481,59.78114801305433,0
385,0.8716874775432412,0.29086890249025277,0.998902440071106,0.9438035857109803,0.29784787552697345,0.9982821941375732,0.8774845401446032,0.49877726889791985,0.9991195797920227,0.9186814455758965,0.5037804728462587,0.9990474581718445,59.78114801305433,0
386,0.8721755686260412,0.29084130695888,0.9989506602287292,0.9445739899362844,0.29801630406152657,0.9983569383621216,0.8778184992926468,0.4987582521779201,0.9991469383239746,0.9193273867879603,0.5039152616546272,0.9990857243537903,59.78114801305433,0
387,0.8724962387766164,0.2907852629820508,0.9989894032478333,0.945381578944979,0.29815859595934574,0.9984228014945984,0.8780783358074377,0.49858958664394604,0.9991724491119385,0.9198412838436316,0.5038741003899352,0.9991164207458496,59.78114801305433,0
388,0.8728102644284572,0.29068711400032066,0.9990345239639282,0.9460911268279673,0.2982352929455896,0.9984918236732483,0.8786033931232642,0.4982387835071204,0.9992126226425171,0.9204418318612243,0.5035396842729483,0.9991633296012878,59.78114801305433,0
389,0.8731319875944235,0.2906132482347037,0.9990630149841309,0.9466708472796856,0.29827570347558907,0.9985305070877075,0.8793152400425509,0.4977518490382607,0.9992456436157227,0.9211764960061943,0.5030723639896941,0.9991973042488098,59.78114801305433,0
390,0.873438701743172,0.29059492406390985,0.9990795850753784,0.947136893158868,0.2982810054506577,0.9985721707344055,0.8801715402376091,0.49751076386088455,0.9992782473564148,0.9219474082901371,0.5027602740696503,0.9992353320121765,59.78114801305433,0
391,0.8738580147425341,0.2906141082445783,0.9990826845169067,0.9475494424502062,0.29830777645111106,0.9985927939414978,0.8808529802731113,0.4976821399870377,0.999293327331543,0.9226030792508815,0.5028102539834527,0.9992566108703613,59.78114801305433,0
392,0.8742963898749586,0.2906411063103451,0.9990969896316528,0.9479160223688405,0.2983175289063229,0.9985947608947754,0.8813391526540127,0.49808944974626856,0.999291718006134,0.9231619948432566,0.5030930269332163,0.9992672204971313,59.78114801305433,0
393,0.8746915289333895,0.29061564377376037,0.9990479946136475,0.9482609686397379,0.29832427274613177,0.9985687136650085,0.8816955628849218,0.4984589474541804,0.9992811679840088,0.9235435184978311,0.5033998347464066,0.9992704391479492,59.78114801305433,0
394,0.8750599509193792,0.29055809265091326,0.9990500211715698,0.9486261038553155,0.29831364041283037,0.9985936880111694,0.8822316442217153,0.4985993561290563,0.9992964267730713,0.9239115232513071,0.5034874195144294,0.999291181564331,59.78114801305433,0
395,0.8754729486647114,0.29049113250914094,0.9990779757499695,0.9490543461981281,0.2982934159891948,0.998593270778656,0.8828777557327641,0.498518166087923,0.9993172883987427,0.9243511614345377,0.5033843006406515,0.9993159770965576,59.78114801305433,0
396,0.8758726801191066,0.29045024230366684,0.9990649819374084,0.9495829883075904,0.29827623565991745,0.9985904693603516,0.8835920095443732,0.4985263830139528,0.9993095993995667,0.9248338795843586,0.5033273583366762,0.9993259906768799,59.78114801305433,0
397,0.8763332480476023,0.2904500748429982,0.9990650415420532,0.950050544171107,0.2982711962291175,0.9986124634742737,0.8841157470430654,0.49868616745585526,0.999312698841095,0.9252112791651779,0.503460248311361,0.9993417263031006,59.78114801305433,0
398,0.876752138137818,0.2904525399208071,0.9990444183349609,0.9505040872664686,0.29828009860856214,0.9986221194267273,0.8843990308897842,0.498918351672945,0.9993072152137756,0.9255150982311802,0.5036952836172925,0.9993546009063721,59.78114801305433,0
399,0.8770747525351394,0.290428827206294,0.9990439414978027,0.9508366556394676,0.29827672668865773,0.9986445903778076,0.8845212715012694,0.4991007617541726,0.999301016330719,0.9257081094242285,0.5038488422121324,0.9993586540222168,59.78114801305433,0
400,0.8773744957787657,0.29040163045837786,0.999037504196167,0.9512083189828063,0.2982710103193921,0.9986612200737,0.8846731242679422,0.49920485417048177,0.9992984533309937,0.9258872809864234,0.5039444168408715,0.9993688464164734,59.78114801305433,0
401,0.8776580464272279,0.2903791481540319,0.9990299344062805,0.9515999725886761,0.2982747866993861,0.998671293258667,0.8847765071051468,0.49926867229597954,0.9993046522140503,0.9260775248209643,0.5040629307429,0.9993786215782166,59.78114801305433,0
402,0.8779091551190337,0.2903753050736021,0.9990147352218628,0.952034220809029,0.29829699368703955,0.9986435770988464,0.8848117220969435,0.49933388971147125,0.9993009567260742,0.926272738547553,0.5042108382497519,0.999372661113739,59.78114801305433,0
403,0.8781626281284157,0.29036653467587087,0.9989950060844421,0.9524086401576095,0.2983179021449318,0.9985970258712769,0.8848906272933603,0.4992813411213107,0.9992876052856445,0.9265958837100445,0.5043085785139179,0.9993557333946228,59.78114801305433,0
404,0.8784230294681737,0.29035545105025906,0.9989621043205261,0.9527357078733907,0.298358541159403,0.9985350370407104,0.8850634012903493,0.49920850282623697,0.9992614984512329,0.9269572439647864,0.5043365132241027,0.9993231296539307,59.78114801305433,0
405,0.878683683418093,0.290328675792331,0.998919665813446,0.9529228891645166,0.2983824128196355,0.9984700679779053,0.8852913408052361,0.49924029480843357,0.9992257952690125,0.927285259678251,0.5043381111962458,0.9992759823799133,59.78114801305433,0
406,0.8789464065006808,0.29028468614532854,0.9988999366760254,0.953073339802879,0.2984312176704409,0.998454749584198,0.8855133482388095,0.4994864336081918,0.9991978406906128,0.9275286708559316,0.5044312902859283,0.9992581605911255,59.78114801305433,0
407,0.8791824096725107,0.2902311029888337,0.9988908171653748,0.9532337160337546,0.29848169428961646,0.9984622001647949,0.8856819470723477,0.4999429498400011,0.99916011095047,0.9276394787288855,0.5046542258489704,0.9992395043373108,59.78114801305433,0
408,0.8793466488520312,0.29019288221995054,0.9988935589790344,0.9534406803903133,0.29853645818574115,0.998471200466156,0.8857664607820064,0.5004995252404898,0.9991391897201538,0.9276624917984015,0.5049938190551035,0.9992274641990662,59.78114801305433,0
409,0.8794516041165314,0.290158427896954,0.9989137053489685,0.9537430377233603,0.29859674828393146,0.9984851479530334,0.8858157822063999,0.5008635180337093,0.9991337656974792,0.927806700978961,0.5052583132471361,0.9992208480834961,59.78114801305433,0
410,0.8795061962945128,0.29015935460726444,0.998909056186676,0.9541087349255888,0.2986873530206229,0.9984748363494873,0.8858477416492652,0.5010433338937309,0.9991293549537659,0.9279722741671979,0.5054199951035641,0.9992111921310425,59.78114801305433,0
411,0.8795406279109781,0.290156899463563,0.9989207983016968,0.9544419873328444,0.2987643636408309,0.9984622001647949,0.8858552518345069,0.5010596485365009,0.9991337656974792,0.9281112012409036,0.505442028953916,0.9992085099220276,59.78114801305433,0
412,0.8795852207002193,0.29012650677136037,0.9989508986473083,0.9547785350254612,0.29883052195821513,0.9984560012817383,0.8858596114885247,0.5009212295214339,0.9991568922996521,0.9282247282209858,0.5052731860251658,0.999220073223114,59.78114801305433,0
413,0.8796493524596812,0.29007399649847143,0.9989932775497437,0.9550976157188423,0.29887525098664447,0.9984658360481262,0.8858774503072109,0.5007209323701408,0.9991874694824219,0.9282856384913134,0.5050065829640347,0.9992372989654541,59.78114801305433,0
414,0.8797041206132805,0.29000556752795287,0.9990307688713074,0.9553522637912213,0.29889615234874567,0.9984983205795288,0.8859165083794374,0.5005106358301076,0.9992155432701111,0.928311330931528,0.5047584431512019,0.9992551803588867,59.78114801305433,0
415,0.8797712297666647,0.2899422517844611,0.9990514516830444,0.9555629747254516,0.29892117352712744,0.9985274076461792,0.8859635932104936,0.5003181483064383,0.9992266893386841,0.9283530059314917,0.5045791665712996,0.9992609024047852,59.78114801305433,0
416,0.8798510829607653,0.2899205869152435,0.9990764260292053,0.9557832593009592,0.2989568951584046,0.9985498785972595,0.8860292832056689,0.500094056129456,0.9992415904998779,0.928392736684709,0.5044277452287224,0.9992677569389343,59.78114801305433,0
417,0.8799341320991523,0.2899276259399598,0.9990928173065186,0.9559551988329215,0.29900692900021897,0.9985638856887817,0.8860947943869097,0.49985437875702304,0.9992473721504211,0.9284312299319684,0.5043001458758403,0.999267578125,59.78114801305433,0
418,0.880009421280453,0.2899473820413864,0.999113917350769,0.9561470179330742,0.29909699445679094,0.9985582232475281,0.8861760326794224,0.49958556606656074,0.9992631077766418,0.9284955036072512,0.5041542564119615,0.999272346496582,59.78114801305433,0
419,0.880114722819556,0.28994263779549395,0.9991326332092285,0.9563966024489639,0.29921360526766116,0.9985795617103577,0.8862872152101433,0.49930456848371635,0.999274730682373,0.9285680963879548,0.5040370907102316,0.9992804527282715,59.78114801305433,0
420,0.8802474680401038,0.28990262462979294,0.9991621971130371,0.9567129470053181,0.29931318334170776,0.9986035823822021,0.8864129072143925,0.49906922380129537,0.9992908239364624,0.9286441405614224,0.5039640182540535,0.9992935061454773,59.78114801305433,0
421,0.8804337524232417,0.2898467296645757,0.9991940855979919,0.9570425635292423,0.299376516115098,0.9986239075660706,0.8865304901486358,0.49893412277812094,0.9993054270744324,0.9287334283192961,0.5039531361489074,0.999304473400116,59.78114801305433,0
422,0.8806773963428686,0.28979693282218233,0.9992163181304932,0.9574004014333097,0.2993886910733725,0.998629629611969,0.8866601586341865,0.49881114278520894,0.9993188381195068,0.9288390392348886,0.5039031335285736,0.9993137717247009,59.78114801305433,0
423,0.8809422339711878,0.2897288359346846,0.9992268085479736,0.9576469603038977,0.2993703527109966,0.9986340403556824,0.8867807076090866,0.4987026907148819,0.9993283748626709,0.9289388372784576,0.5038435317221146,0.9993232488632202,59.78114801305433,0
424,0.8811642697879254,0.28964707681110946,0.9992541074752808,0.9577479050272995,0.2993666501272295,0.9986476898193359,0.8868894066129418,0.4986306585016709,0.9993531107902527,0.929019871212188,0.5038074113073807,0.999342143535614,59.78114801305433,0
425,0.8813135141418101,0.28949306976227557,0.9992837905883789,0.9577923473857706,0.2993681118601847,0.9986668825149536,0.8869810615267079,0.49851327141126034,0.9993762373924255,0.9290722012519844,0.5037536394028441,0.9993584156036377,59.78114801305433,0
426,0.8814061085383105,0.289274437086923,0.9993128776550293,0.9578400481314894,0.29936643441518174,0.9986723065376282,0.8870780269304919,0.49827697305452295,0.9993978142738342,0.929161835284461,0.5035979832921713,0.9993693828582764,59.78114801305433,0
427,0.8814846589451751,0.2890263739086335,0.9993389844894409,0.9578902380807066,0.29937000501723543,0.9986703991889954,0.8871655435789205,0.49798219260715343,0.9994184374809265,0.9292944811639339,0.503391373725165,0.9993805885314941,59.78114801305433,0
428,0.8815569934390848,0.28877344443684555,0.9993619918823242,0.9579601429757626,0.2993162402084898,0.9986876249313354,0.8872612714767463,0.49768809335572417,0.9994384050369263,0.9294532878058305,0.5031705413545885,0.999394953250885,59.78114801305433,0
429,0.8816340792746777,0.28855304207120647,0.9993817210197449,0.9580222850754154,0.2992716786407291,0.9986848831176758,0.8873524410384049,0.4974472309861869,0.999454915523529,0.9295882980028796,0.5030021724246801,0.9994047284126282,59.78114801305433,0
430,0.8817344733646945,0.28843857702754816,0.9993953108787537,0.9580709054356537,0.2992932753903528,0.9986855387687683,0.887426484198798,0.4973475975649701,0.9994648098945618,0.9296616287458519,0.5029543127332419,0.9994108080863953,59.78114801305433,0
431,0.8818136141413742,0.28840578595797245,0.9994122385978699,0.9581104829197845,0.29937075291361154,0.9986858367919922,0.8874662404968632,0.4973454759234478,0.9994741678237915,0.929723725432442,0.5029761620930266,0.9994149804115295,59.78114801305433,0
432,0.8818708260854093,0.2884322901566826,0.9994319677352905,0.9581480962889543,0.29949620224180695,0.9986861348152161,0.8874926510311316,0.4973688906147371,0.9994836449623108,0.9298173983891812,0.5030116041501367,0.999415934085846,59.78114801305433,0
433,0.8819183111190803,0.2884803556260611,0.9994360208511353,0.9581856018021001,0.29966088845616323,0.9986705780029297,0.8874987221899493,0.49742233327456925,0.9994881749153137,0.9299184225854427,0.5031111353919624,0.9994161128997803,59.78114801305433,0
434,0.8819491380736948,0.2884914321558818,0.9994267225265503,0.9582700956435439,0.2997637916178933,0.998652458190918,0.8875023892947613,0.4974729730969387,0.9994879961013794,0.9300145279793519,0.5032143195470178,0.9994140267372131,59.78114801305433,0
435,0.882064450354804,0.28851426073483083,0.999415934085846,0.9584311530703598,0.2998648271674204,0.9986528754234314,0.8875175799642298,0.4975426906631111,0.9994832873344421,0.9300902599380139,0.5033390976133805,0.9994084239006042,59.78114801305433,0
436,0.8822836961065026,0.28855334719022135,0.9994186758995056,0.9586219617298679,0.3000124366510485,0.998660147190094,0.887542401041304,0.49762415318262054,0.99949049949646,0.93014814456304,0.5035056415058322,0.9994133114814758,59.78114801305433,0
437,0.8825963366599318,0.28864019541513375,0.9994111061096191,0.9587823947270719,0.30017704055422856,0.9986571073532104,0.8875794439088738,0.49780299691926905,0.9994866847991943,0.9302505481810805,0.5037736977849692,0.9994140267372131,59.78114801305433,0
438,0.8829527525674736,0.2887631683122546,0.9994039535522461,0.9588877558708199,0.3003532673631398,0.9986678957939148,0.8876214566684911,0.49807359065328366,0.9994884133338928,0.9303888025737952,0.5041096437545054,0.9994202852249146,59.78114801305433,0
439,0.8832973951385142,0.28888635408310687,0.999387800693512,0.9589263285909387,0.30052651961644516,0.9986585378646851,0.88765607561384,0.4983893618697216,0.9994878768920898,0.9305456053643008,0.5044667976243159,0.9994251728057861,59.78114801305433,0
440,0.883579537982033,0.2889698332264312,0.9993861317634583,0.9589527135803594,0.30065451633362567,0.9986729621887207,0.8876879697754276,0.4986587507384168,0.9994973540306091,0.9307308140255164,0.5047678181103301,0.9994361996650696,59.78114801305433,0
441,0.8838166055225197,0.28902925338063945,0.9993875026702881,0.9590215143703287,0.30072642933754723,0.9986832141876221,0.8877180786359885,0.49897526701291445,0.9995067119598389,0.930920995417096,0.5050392973990672,0.9994478821754456,59.78114801305433,0
442,0.88395415033613,0.2890626830714092,0.9993811845779419,0.9591065389769426,0.30078723175185096,0.9986822605133057,0.8877339788845614,0.4993014037609104,0.9995076060295105,0.931077162424724,0.505307481402443,0.9994560480117798,59.78114801305433,0
443,0.884014819349562,0.2891033277625132,0.9993645548820496,0.9591854186285117,0.3008380120708831,0.9986834526062012,0.8877471089363105,0.49964956442515096,0.999502420425415,0.9311933403923405,0.5056178002130421,0.9994580745697021,59.78114801305433,0
444,0.8840204335394367,0.2891418025607157,0.9993430972099304,0.9592486109052394,0.3008721783047633,0.9986841082572937,0.8877617887088237,0.49994236940429365,0.999487578868866,0.9312759382384171,0.5058889758019225,0.9994544386863708,59.78114801305433,0
445,0.884001601310004,0.28916539890425574,0.9993225932121277,0.9592906690779194,0.3009487532434012,0.9986922144889832,0.887776522409349,0.5001178454785125,0.9994727373123169,0.9313357898167208,0.5060568082900279,0.9994511604309082,59.78114801305433,0
446,0.8839949766794847,0.2891890278884345,0.999278724193573,0.9593298889341816,0.30106862386067734,0.9986390471458435,0.8877873818079637,0.500184107394446,0.9994201064109802,0.9313969271523619,0.5061810839743845,0.999407172203064,59.78114801305433,0
447,0.8839856471334192,0.2892045392876582,0.9992517828941345,0.9593694011370348,0.3013012565317611,0.9986088871955872,0.8878034495172054,0.500221621422541,0.9993937015533447,0.9315002617381876,0.5062695372672312,0.9993858933448792,59.78114801305433,0
448,0.8839778729847506,0.2892730675992514,0.9992101788520813,0.9594276575815117,0.30162577118192424,0.9985589981079102,0.887820760409038,0.5003143946329757,0.9993526935577393,0.9316219375247055,0.5063888231913253,0.9993556141853333,59.78114801305433,0
449,0.8839709191095269,0.28937186797459946,0.9991839528083801,0.9595152678943822,0.3019415807156338,0.9985072016716003,0.887849430243175,0.5004264598801027,0.9993342757225037,0.9317818482716886,0.5065019045557299,0.9993352890014648,59.78114801305433,0
450,0.8839761416117358,0.28947998370443095,0.9991430640220642,0.9596134509359094,0.302152155410676,0.998446524143219,0.8878901118323924,0.5005703937439696,0.9992936253547668,0.9319895960035786,0.5066046175502599,0.9992951154708862,59.78114801305433,0
451,0.8839901969546371,0.28957737769399394,0.9991067051887512,0.9597001586641591,0.3022633492946627,0.9984053373336792,0.887931650593168,0.5007117873146425,0.9992436766624451,0.9321935489064178,0.5066541177885877,0.9992491006851196,59.78114801305433,0
452,0.8840024272600816,0.2896513442198438,0.9990690350532532,0.9598051962398355,0.30227167407671635,0.9983513951301575,0.8879420303163081,0.500890121573494,0.9992013573646545,0.9323217840421774,0.5067182438714168,0.9992080926895142,59.78114801305433,0
453,0.8840062050592339,0.2897000923043208,0.9990626573562622,0.9599145423798342,0.302283721310752,0.9983179569244385,0.8879778101330719,0.5010013551939105,0.9991992115974426,0.9324171514738182,0.5067267162459241,0.9991954565048218,59.78114801305433,0
454,0.8840001026789354,0.2898142479714896,0.9990546703338623,0.9600136280059822,0.3023290875412171,0.9982815384864807,0.888018449147543,0.5011528333028161,0.9991922378540039,0.9324999678702589,0.5068342572166811,0.9991843700408936,59.78114801305433,0
455,0.8840165081478308,0.2899459586257029,0.9990411996841431,0.9601116719700049,0.3023907187439149,0.998245120048523,0.8881813912164604,0.5012722923642117,0.9991880059242249,0.9326307943889081,0.5070098893983028,0.9991718530654907,59.78114801305433,0
456,0.8840869097482598,0.2900671178386327,0.9990162253379822,0.960191882791974,0.3024285492442905,0.9981764554977417,0.8884794541767673,0.5012628492854894,0.9991901516914368,0.9328134769485118,0.5070103179840819,0.9991708993911743,59.78114801305433,0
457,0.8842384616533921,0.29016199566069123,0.9989956617355347,0.9602455099423733,0.30241970930780704,0.9981083869934082,0.8888596097628283,0.5010745355061126,0.9991864562034607,0.933029166289739,0.5067396050407778,0.9991474151611328,59.78114801305433,0
458,0.884413951919193,0.290168140615736,0.9989813566207886,0.960343023141226,0.30237962802251206,0.9980184435844421,0.8891895640464063,0.5007985262643727,0.9991812109947205,0.9332126095181427,0.5063196704501202,0.9991104006767273,59.78114801305433,0
459,0.8845578942980091,0.2901076376438143,0.9989790916442871,0.9604699015617378,0.30231519965898446,0.9980035424232483,0.8894250875427616,0.5004311800003056,0.9991944432258606,0.9333578206243976,0.5058324791136246,0.999116837978363,59.78114801305433,0
460,0.8846363027890531,0.290066548756191,0.9989879131317139,0.9605895394370677,0.30228557898884756,0.9980085492134094,0.8894986481893636,0.5001590904735388,0.9992133378982544,0.9334779353368857,0.5055417986143207,0.9991268515586853,59.78114801305433,0
461,0.8846590575717752,0.29004676710991656,0.9989813566207886,0.960707054251717,0.3022983996641071,0.9979736804962158,0.8895096495037994,0.4999960150037497,0.9992201924324036,0.9335635446366817,0.5055075912248526,0.999126136302948,59.78114801305433,0
462,0.8846521661395126,0.2900687044575103,0.998929500579834,0.9607997394743427,0.3023197168395635,0.997838020324707,0.8895038281168263,0.4998281172343667,0.9992049932479858,0.9336117903391528,0.505469850131444,0.9990940093994141,59.78114801305433,0
463,0.8846643056188317,0.29012555309704396,0.9989041686058044,0.9608560885701869,0.30234009453228566,0.9977365136146545,0.8895144434202292,0.4996348576886317,0.9992037415504456,0.9336549781617671,0.5053647245679587,0.999075710773468,59.78114801305433,0
464,0.8846763287271779,0.29017233990487623,0.998889684677124,0.960918278921219,0.30236741900444053,0.9976778030395508,0.8895192827497217,0.49944216438702216,0.9992070198059082,0.9336862053189966,0.5052435511634468,0.9990642070770264,59.78114801305433,0
465,0.8846849032810763,0.2902009870324818,0.9988689422607422,0.9609620713052304,0.3023928872176581,0.9976202249526978,0.8895218343961814,0.4992292551767262,0.999218225479126,0.9337035616238919,0.5051064264206664,0.9990683794021606,59.78114801305433,0
466,0.8847162524859118,0.2902132059846608,0.9988523125648499,0.9609952909605852,0.3024224383490428,0.9975962042808533,0.8895568336759302,0.4990281675543108,0.9992278218269348,0.9337814421880821,0.504920519533612,0.9990732669830322,59.78114801305433,0
467,0.8847562954539352,0.2902155830746608,0.9988417625427246,0.9610320443198801,0.30248991932187785,0.9975878000259399,0.8896023176965266,0.49886512614431877,0.9992431998252869,0.9338933428128567,0.5047477597282051,0.9990879893302917,59.78114801305433,0
468,0.8848164961451583,0.2902533780960812,0.9988264441490173,0.9610709037099574,0.3026402223677864,0.9975727796554565,0.8896528056689678,0.49869470369248203,0.9992480278015137,0.9340212259973806,0.504574659324828,0.9990900754928589,59.78114801305433,0
469,0.8848882033711395,0.2903131133034118,0.9988256096839905,0.9611298896017537,0.30283321795009455,0.9975689053535461,0.8896965639931822,0.49857000226066267,0.999258816242218,0.9341363992009852,0.5044608854112175,0.9990987777709961,59.78114801305433,0
470,0.8849652608235683,0.29042172715777465,0.9988341331481934,0.961215243453072,0.3030522919836501,0.9975846409797668,0.8897174000740058,0.49848364790280697,0.999269962310791,0.9342020693279455,0.5044390105065849,0.9991054534912109,59.78114801305433,0
471,0.8850246128581826,0.29054000406038216,0.9988612532615662,0.9613050137247366,0.3032442757061552,0.9976367950439453,0.8897160944484537,0.4984015141214647,0.9992836117744446,0.9342009198097962,0.5044884965533306,0.9991125464439392,59.78114801305433,0
472,0.8850843395505639,0.29063669982410634,0.9988754391670227,0.961384106250037,0.30339847717966373,0.9976826310157776,0.8897243142127998,0.498305847247442,0.9992877244949341,0.9341983482951217,0.5045328679538913,0.9991089105606079,59.78114801305433,0
473,0.8851525953837811,0.2906928743634908,0.998897910118103,0.9614431006567826,0.30354142614773366,0.9977547526359558,0.8897524788266143,0.49822959587687576,0.9992961883544922,0.9341964778446024,0.5045881952558249,0.999117374420166,59.78114801305433,0
474,0.8852725284440184,0.290724419412159,0.9989189505577087,0.961494899931409,0.3036911402429856,0.9978246092796326,0.8898012155578257,0.4981489919480827,0.9992951154708862,0.9341846392268234,0.5046270773524334,0.9991170763969421,59.78114801305433,0
475,0.8854348205384761,0.2907150430338726,0.9989341497421265,0.9615446896780112,0.3037805968806859,0.9978833794593811,0.8899050213041767,0.4980901607445312,0.9993017911911011,0.9341922146933427,0.50465206305186,0.9991238713264465,59.78114801305433,0
476,0.8856252119654708,0.2906976271243325,0.9989534616470337,0.9615990349224643,0.30381841318947955,0.997948169708252,0.890111650739398,0.497996697823207,0.9993114471435547,0.9342657980464761,0.5046035590625948,0.9991342425346375,59.78114801305433,0
477,0.8857830081667226,0.29068180776777747,0.9989712238311768,0.9616630048978905,0.3037859073707038,0.9980069398880005,0.890352782748995,0.49800177557127856,0.9993321299552917,0.9343829921313702,0.5046450353804093,0.99915611743927,59.78114801305433,0
478,0.885945677757264,0.2907018973713832,0.9989985227584839,0.9617307356425702,0.30379017903691274,0.9980819821357727,0.890562227794103,0.4980660889829912,0.9993525743484497,0.9345168187504731,0.5047458523795723,0.9991763830184937,59.78114801305433,0
479,0.8861401166234705,0.29075421889623027,0.9990197420120239,0.9617821148463666,0.30384729447818964,0.9981417059898376,0.8907199189776474,0.49821774306751476,0.9993654489517212,0.9346383043697909,0.5050321675482254,0.9991907477378845,59.78114801305433,0
480,0.8863651241574975,0.2908325919083189,0.9990278482437134,0.9618724584579476,0.30394916733106003,0.998195469379425,0.8907754137402497,0.4984668223630819,0.9993769526481628,0.9346948322795694,0.5054699892089485,0.9992061257362366,59.78114801305433,0
481,0.8865734594208861,0.2908702592055005,0.9990362524986267,0.9619650556927644,0.3040429339522409,0.998240053653717,0.8908131661869237,0.4986852208773299,0.9993875622749329,0.9347127136730019,0.5058721360706151,0.9992190003395081,59.78114801305433,0
482,0.8867437725975407,0.29083797335624717,0.9990450143814087,0.9620777538844525,0.30409522567476566,0.9982670545578003,0.8908803860346484,0.4988751993292858,0.9993886947631836,0.9347246090571093,0.5061816544759845,0.9992162585258484,59.78114801305433,0
483,0.8868331313133248,0.2907705832095376,0.9990304112434387,0.9622086201395316,0.30409829815228806,0.9982700943946838,0.8909343537830179,0.49915812129066145,0.9993729591369629,0.9347268541653958,0.5064607801891513,0.999193012714386,59.78114801305433,0
484,0.8869054970287149,0.29070640036038015,0.9990174174308777,0.9623233590807242,0.3040888862950464,0.9982653856277466,0.8909924370901932,0.49935145179430684,0.9993615746498108,0.9347489305904941,0.5065220566022968,0.9991738200187683,59.78114801305433,0
485,0.8870072904087255,0.2906487768604644,0.9990090131759644,0.9623835228738339,0.3040720948151182,0.9982783794403076,0.8910842963627414,0.4994940261046096,0.9993447065353394,0.9348380735942303,0.5065271740867981,0.9991542100906372,59.78114801305433,0
486,0.8871376202220015,0.2906255906536468,0.9990062713623047,0.9624287400926871,0.3040641077927183,0.9983033537864685,0.891196733429319,0.4995516666344238,0.9993241429328918,0.9349532439595184,0.5063908667791461,0.9991333484649658,59.78114801305433,0
487,0.8872639678773433,0.29060452750750976,0.9990003108978271,0.9624441095760898,0.3040516220387961,0.9983070492744446,0.891335254623777,0.49944067852837737,0.9993146061897278,0.9350619089035769,0.5061228473981225,0.9991233348846436,59.78114801305433,0
488,0.8873666099139629,0.2905908624331159,0.9990053772926331,0.9624500104359226,0.3040528212274827,0.9983265995979309,0.8914408116113579,0.4993043470950358,0.9993111491203308,0.935134260427385,0.5059009563355223,0.9991146922111511,59.78114801305433,0
489,0.887423149177007,0.29056551342918785,0.9990199208259583,0.9624746782439104,0.3040488106863842,0.9983506202697754,0.891492216360002,0.49920884058589066,0.9993147253990173,0.9351639378638502,0.5057778244926819,0.9991206526756287,59.78114801305433,0
490,0.887448049726941,0.29051273635455566,0.9990432262420654,0.9625360341299155,0.3040240804354352,0.9983798265457153,0.8915055337406347,0.49914305550711535,0.9993224740028381,0.9351963031859631,0.5057297320592975,0.9991309642791748,59.78114801305433,0
491,0.8874824813434063,0.2904232314654761,0.9990594983100891,0.9626417670931142,0.3039507794947854,0.9983949661254883,0.8915444782802043,0.49904451767603597,0.999333381652832,0.935282454604195,0.5057191962287544,0.9991443753242493,59.78114801305433,0
492,0.8875466471626652,0.29033255151339965,0.9990832209587097,0.9627937929970886,0.3038546499751865,0.9984216690063477,0.8916386820021137,0.4989032688595004,0.9993500709533691,0.9353911365781519,0.5056408530189882,0.9991635680198669,59.78114801305433,0
493,0.8876208549454105,0.2902576980136692,0.9991138577461243,0.9629708613668178,0.3037410633904596,0.9984645843505859,0.8916992828959517,0.4987111928917117,0.9993724822998047,0.9354847073555,0.5054668897674202,0.999192476272583,59.78114801305433,0
494,0.8876991612570633,0.2902675824505945,0.9991348385810852,0.9631131660370607,0.30364978597277714,0.9984917640686035,0.8916737011500775,0.49863052226248283,0.9993907809257507,0.9355301005499711,0.505512254578727,0.9992173910140991,59.78114801305433,0
495,0.8877876542863399,0.2903189588160744,0.999157726764679,0.9632481251444144,0.30357964123998393,0.9985252618789673,0.8915868060929442,0.49865718540691234,0.9994101524353027,0.9355258856500905,0.5057631872949151,0.9992433786392212,59.78114801305433,0
496,0.8878963362602967,0.2903750510442827,0.9991771578788757,0.9633598639851533,0.30354386000406197,0.9985523819923401,0.8914648010617218,0.4987787206967676,0.9994176626205444,0.9355016293979834,0.5061727790605458,0.9992565512657166,59.78114801305433,0
497,0.8880049359230775,0.2904301427659537,0.9991980195045471,0.9634404012135105,0.30348290148235524,0.9985468983650208,0.8913948706218181,0.4988488313697637,0.9994295835494995,0.935483878567106,0.5065515864463084,0.9992677569389343,59.78114801305433,0
498,0.8881011917477569,0.29047579992385164,0.9992127418518066,0.9634927567981546,0.3034124686604457,0.9985384345054626,0.8914342295555849,0.4988710383574172,0.9994387626647949,0.9354860413642163,0.5067650590624132,0.9992761015892029,59.78114801305433,0
499,0.8881728762672068,0.29051240994816757,0.9992194771766663,0.9635134310949425,0.3033345370065601,0.9985154867172241,0.891485029742832,0.49882863816760875,0.9994409084320068,0.9354955894606461,0.5067678406125027,0.9992755651473999,59.78114801305433,0
500,0.8882594420796357,0.29056756978943254,0.9992296099662781,0.9634997958228709,0.30323799593108064,0.9985102415084839,0.8916025275275827,0.49882379316148345,0.9994402527809143,0.9355061224528729,0.5068284102848601,0.9992753863334656,59.78114801305433,0
501,0.8883643689609716,0.2906133007435574,0.9992208480834961,0.9635079389526737,0.30314883447828767,0.9985190629959106,0.8917908696901238,0.4988370012669341,0.9994226694107056,0.9355118303071892,0.5069016416867578,0.9992669224739075,59.78114801305433,0
502,0.8884749100321823,0.2906337777773541,0.9992104172706604,0.963525803316208,0.3030726455506827,0.9985239505767822,0.8920088467143839,0.4989097629274645,0.9994077682495117,0.9355414367857441,0.5070066565559028,0.9992595314979553,59.78114801305433,0
503,0.8885504064105814,0.2906411886215212,0.9992161989212036,0.9635708246912282,0.30301394774800283,0.9985183477401733,0.892241727738154,0.49881091146242096,0.9994043707847595,0.9356234839984356,0.5069999836740045,0.9992571473121643,59.78114801305433,0
504,0.8885785965692435,0.29063214148793926,0.9992115497589111,0.9636252919832874,0.3029359366212575,0.9985353946685791,0.8924541104407545,0.49852833009901537,0.9994003772735596,0.9358263157662898,0.506873346510388,0.999258279800415,59.78114801305433,0
505,0.8885714241436558,0.2906073118959157,0.9991865158081055,0.9636870225270597,0.3028739208266851,0.9985270500183105,0.8925728939828426,0.49818030851227935,0.9993763566017151,0.9361264904340116,0.5066597064336145,0.9992340207099915,59.78114801305433,0
506,0.8885685517674408,0.29060421245438733,0.9991686940193176,0.9637821799232854,0.3028072629656113,0.9985154867172241,0.8928043132736577,0.49786593232836085,0.9993384480476379,0.936525259699141,0.5063363540740244,0.9991904497146606,59.78114801305433,0
507,0.8885641949517393,0.29065124193827335,0.9991530179977417,0.9638949178514034,0.302774026280358,0.9984749555587769,0.8930548912002934,0.4976878265539809,0.9993096590042114,0.9368790161041994,0.5060324640501117,0.9991504549980164,59.78114801305433,0
508,0.8885721479143421,0.2907437795684453,0.9990816712379456,0.9640136020524169,0.30275839283352834,0.9984107613563538,0.8932649010703684,0.4977286926337655,0.9992787837982178,0.9371189616975337,0.50590687706357,0.9991238117218018,59.78114801305433,0
509,0.8885847613925033,0.2908043478216446,0.9990719556808472,0.9641269700867796,0.30278547462962946,0.9984220266342163,0.8934010324024025,0.4978086394923078,0.9992784261703491,0.9372006257375088,0.505911645435152,0.999128520488739,59.78114801305433,0
510,0.8886238052731477,0.2906559989565897,0.9990770816802979,0.9642048421360205,0.30276950342314607,0.9984416365623474,0.8934318480037514,0.4976605829738439,0.9992862343788147,0.9372204343477892,0.5058930573009313,0.9991400837898254,59.78114801305433,0
511,0.8886985722042273,0.2902907700765703,0.9990953803062439,0.9642129001163309,0.302754905961809,0.9984426498413086,0.8933707475662238,0.49728907431874997,0.9993054866790771,0.9372466064634783,0.5057597671236315,0.9991658329963684,59.78114801305433,0
512,0.8887858419191277,0.2899351162569866,0.9991320371627808,0.9642199022429339,0.30278214528447134,0.9984490871429443,0.8933687522297821,0.49702692457607855,0.9993228912353516,0.937333461784182,0.5055137305032644,0.99918532371521,59.78114801305433,0
513,0.8888970414797472,0.28975613202367534,0.9991501569747925,0.9641763624690836,0.3028569306646077,0.9984440207481384,0.8933645600364329,0.4970299388681143,0.9993358254432678,0.9374168827420196,0.5052989834830879,0.9992083311080933,59.78114801305433,0
514,0.8890186037336083,0.28978842354956147,0.9991434812545776,0.9640837141445713,0.30263514745803133,0.9983928799629211,0.8933863327616745,0.4973069088799617,0.9993426203727722,0.9374782812027712,0.505113692510696,0.9992225766181946,59.78114801305433,0
515,0.8890656601815004,0.29017128263201053,0.9991425275802612,0.9638890056383049,0.30215649945395356,0.998342752456665,0.8934775590896613,0.4978941239061814,0.9993481636047363,0.9374755677722757,0.50501903465816,0.9992228150367737,59.78114801305433,0
516,0.8890687028567004,0.29060410743667986,0.9991478323936462,0.9636527810777944,0.3014040731248404,0.9983177781105042,0.8936567136219576,0.4983583816460204,0.999352216720581,0.937469925199237,0.5048797442799526,0.9992241859436035,59.78114801305433,0
517,0.8890152147838054,0.29100514451662723,0.9991188049316406,0.9634369214375822,0.30030151208241807,0.9982662200927734,0.893898785114289,0.4985311627388005,0.999345064163208,0.937485235077995,0.5047159677460085,0.9992157816886902,59.78114801305433,0
518,0.8888837524822787,0.2914568554787411,0.9991234540939331,0.963294310229166,0.29928816074416775,0.9982365965843201,0.8941528853915994,0.49864252976008866,0.9993484616279602,0.937651197115581,0.5046202540397648,0.9992170333862305,59.78114801305433,0
519,0.8887659850574683,0.29198404578935555,0.9990648627281189,0.9632075684411192,0.2986398906934831,0.9980363845825195,0.8943284267470957,0.4987222154935205,0.9993079304695129,0.9378785377457035,0.5046582761264986,0.9991622567176819,59.78114801305433,0
520,0.8886547883351651,0.29250721278644765,0.9989650845527649,0.9631835108711614,0.2982508199555536,0.9979203939437866,0.8944230845996319,0.4987068374951685,0.9992786049842834,0.9381263710203632,0.5046387314796452,0.9991248846054077,59.78114801305433,0
521,0.8885404467582709,0.2930650980699632,0.998853325843811,0.963220431691125,0.29822613227935085,0.9978899955749512,0.8945049075853264,0.49880712656747767,0.9992431402206421,0.938378430548169,0.5047236028171724,0.9990834593772888,59.78114801305433,0
522,0.8884903987248746,0.293399193457195,0.9988166093826294,0.9632749330429811,0.2981994705540796,0.9979907274246216,0.8946021255992714,0.4988183719771253,0.9992191195487976,0.9385843447276532,0.5046984666869758,0.9990704655647278,59.78114801305433,0
523,0.8884932852926716,0.2935175044195995,0.9987619519233704,0.9632532738503964,0.29794537453424386,0.9980876445770264,0.8947125531378254,0.49907467336881767,0.9991909861564636,0.9386941421599623,0.5049564157213489,0.9990466237068176,59.78114801305433,0
524,0.8885100569043847,0.29344896475474064,0.998741090297699,0.9631130014147085,0.2976222790422896,0.9981653094291687,0.8948289979071851,0.49955502720106254,0.9991515278816223,0.9388424072946828,0.5055009382111689,0.9989889860153198,59.78114801305433,0
525,0.8884700735410063,0.2934971210502445,0.9986124634742737,0.9629015780630573,0.297496557235718,0.9981712698936462,0.8948818388439367,0.5002208579154246,0.9990769028663635,0.938932657241822,0.5063536450976421,0.9988964796066284,59.78114801305433,0
526,0.8883046734900708,0.2936886605762302,0.9985062479972839,0.962684943562463,0.29742906207130093,0.9981860518455505,0.8947792478970127,0.5008926689624791,0.9990204572677612,0.9389877972148721,0.5071788543746589,0.9988486766815186,59.78114801305433,0
527,0.8880072519892745,0.29388998094059193,0.9983339905738831,0.9626357924370545,0.29797567640032113,0.9980518221855164,0.8945046606517981,0.5015352708952772,0.9989281296730042,0.9389990965525317,0.5080296681040813,0.9987508058547974,59.78114801305433,0
528,0.8876909045946038,0.29392964073589894,0.9982810616493225,0.9627057001704269,0.29895593296913897,0.9980097413063049,0.8941790177708588,0.5017814153716682,0.998887836933136,0.9389197343871715,0.5084698484057476,0.9986960291862488,59.78114801305433,0
529,0.8873524382000885,0.29381818146932714,0.9982569813728333,0.962811538151333,0.30017034212748234,0.9980074167251587,0.8938377556346718,0.5018427031380794,0.9988757967948914,0.9387970282917938,0.5085652726037166,0.9986739158630371,59.78114801305433,0
530,0.8870101883297882,0.2934078191007889,0.9982641935348511,0.96285214878264,0.30114352561178687,0.9979992508888245,0.8934835337457211,0.5016181270281478,0.9988887310028076,0.9385183198111405,0.5082632501920068,0.9986752867698669,59.78114801305433,0
531,0.8865574740228206,0.2929256501651948,0.9982848167419434,0.9628629230317624,0.3019174536069237,0.9979926943778992,0.8929527316774648,0.5010302747998923,0.9988936185836792,0.938196900345031,0.5076092793827969,0.9986655116081238,59.78114801305433,0
532,0.8859959784008216,0.2924638546648482,0.9982607364654541,0.9627526516006114,0.3020578069346294,0.9979974627494812,0.8921302244776779,0.5002134655203142,0.9988934993743896,0.9377684224219557,0.506526112556458,0.998668372631073,59.78114801305433,0
533,0.8853526796613428,0.29211457996141366,0.9982136487960815,0.9622996080489393,0.302126711323148,0.9977484345436096,0.8911789031255819,0.4995074314730512,0.9988926649093628,0.937288925761269,0.5055787818772456,0.9986584782600403,59.78114801305433,0
534,0.8846790563492555,0.29189757506052677,0.9981680512428284,0.9615464182127097,0.30222523354348707,0.9974508285522461,0.8904133864811495,0.498957230931237,0.9988866448402405,0.9368841648101813,0.5048717828024005,0.9986530542373657,59.78114801305433,0
535,0.8839655632064464,0.29187528434253895,0.9980738162994385,0.960393945376079,0.3021922352768128,0.9970934987068176,0.8899281933194122,0.4987595691567379,0.9988765716552734,0.9366557626497185,0.5044071049917316,0.9986441731452942,59.78114801305433,0
536,0.8831850630896438,0.29191398762521314,0.9980337619781494,0.9590643218585431,0.30194562389737106,0.9969478845596313,0.8895523150761929,0.49899794516109325,0.9988829493522644,0.936437646547954,0.5043042983327597,0.9986604452133179,59.78114801305433,0
537,0.8824833943730316,0.2918984932558879,0.9979391098022461,0.9578887593178529,0.3016620775063835,0.9967000484466553,0.8891495154017501,0.4993245857102534,0.9988453388214111,0.9362652699152636,0.5043389144397921,0.9986353516578674,59.78114801305433,0
538,0.8819517039117366,0.29187073026384647,0.9979465007781982,0.9569260336103902,0.30130195759591627,0.9966568946838379,0.8888136347134916,0.49959827746663815,0.9988337159156799,0.9359755885033388,0.5042878417741689,0.998638391494751,59.78114801305433,0
539,0.8816197060403377,0.2917490033876331,0.9980524182319641,0.9560840839431407,0.30098351552372915,0.9966883659362793,0.8885021777380088,0.49980047628993124,0.9988737106323242,0.9354700644811001,0.5042464023544679,0.9986902475357056,59.78114801305433,0
540,0.8813526005972007,0.29158919907751557,0.9981238842010498,0.9553455540112095,0.3008389643260413,0.9966853260993958,0.8880957308269689,0.4998180199237101,0.9989047050476074,0.9346855765297307,0.5041277607282006,0.9987351894378662,59.78114801305433,0
541,0.8810259898503628,0.2913690734477272,0.998190701007843,0.9544540019262412,0.3008597095807396,0.9966831207275391,0.8874805683181407,0.49982711956614584,0.9989328384399414,0.9337037432761428,0.5040969309352697,0.9987765550613403,59.78114801305433,0
542,0.8805207354681839,0.29113022344453016,0.9982597827911377,0.9536084078607113,0.30108197813942345,0.9967349171638489,0.8865454963275372,0.49996226458322474,0.998956561088562,0.9325743885267356,0.5043209904716133,0.9988065361976624,59.78114801305433,0
543,0.8799390083267582,0.29096543646994116,0.998279869556427,0.9529083058947616,0.30141169400442236,0.9967827200889587,0.8855217695236214,0.5002422588212153,0.9989527463912964,0.931527115049817,0.5046371760822481,0.9988118410110474,59.78114801305433,0
544,0.8793485448473982,0.29102249940236435,0.9983312487602234,0.9522295452299581,0.30175950271742713,0.9968583583831787,0.8845394906543558,0.5008547064803899,0.9989603757858276,0.930568510577793,0.5054017844654268,0.9988241195678711,59.78114801305433,0
545,0.8787797235307246,0.2911440063090554,0.9983747601509094,0.951513398261298,0.3020155869779135,0.9969615936279297,0.8836326939719071,0.5015606426057365,0.9989848732948303,0.9297098403885259,0.5063520102273854,0.9988671541213989,59.78114801305433,0
546,0.8781030490284881,0.2914472690650397,0.9983829259872437,0.950638773895446,0.30219708595957095,0.9970255494117737,0.8829011122385668,0.5021684311685112,0.9989713430404663,0.9290163091250836,0.5071059351875673,0.9988835453987122,59.78114801305433,0
547,0.8774297350928905,0.2918006564889638,0.9983506798744202,0.9497011786415471,0.3023082159814383,0.9970614314079285,0.8821433896110179,0.5027265264874416,0.9989619255065918,0.928384375004542,0.5078036330995109,0.9988983273506165,59.78114801305433,0
548,0.8767912643296385,0.29207238980702016,0.9983420968055725,0.948774783384233,0.3023234946387158,0.9971204996109009,0.8812996801875893,0.5031002334186013,0.9989739656448364,0.9277328337941858,0.5082902652876722,0.9989298582077026,59.78114801305433,0
549,0.8760327242669612,0.2924322954245978,0.9983189105987549,0.9480645117305582,0.302523861328761,0.9971264004707336,0.8803890290714452,0.5033062611307421,0.9989283680915833,0.9269069120997482,0.508501061371395,0.9989070296287537,59.78114801305433,0
550,0.8752100297382907,0.29278710768336363,0.998296856880188,0.9473707959765487,0.302861110085533,0.997140645980835,0.8793333002499178,0.5035238124075394,0.9988844990730286,0.9258432870819462,0.5088135912304836,0.9989043474197388,59.78114801305433,0
551,0.8743241287413105,0.292995462814967,0.9983195662498474,0.9466610834712081,0.3033240579423453,0.997205913066864,0.8781853829111379,0.503531206221808,0.9988768696784973,0.9245665839740216,0.5090086147898724,0.9989103674888611,59.78114801305433,0
552,0.873415512698038,0.29321958621343003,0.9983887672424316,0.9460510611534126,0.304018386772701,0.9973176121711731,0.8772149596895498,0.5034065360114692,0.9988818168640137,0.9234408764612114,0.5089894675073173,0.9989193677902222,59.78114801305433,0
553,0.8725772556804483,0.29355338641575424,0.9984630346298218,0.9456084540912091,0.30488697687784855,0.9974350929260254,0.8760900752885008,0.5034023466564364,0.9988995790481567,0.9223352869351712,0.5090971617471608,0.9989374876022339,59.78114801305433,0
554,0.8718804944129224,0.29392808817681837,0.9984883069992065,0.9452054528963005,0.3055960536003115,0.9975014925003052,0.8749671237809324,0.5034899711608891,0.9989083409309387,0.9214124509266453,0.5091940391631358,0.9989373087882996,59.78114801305433,0
555,0.8710732829003114,0.29423348392759074,0.9984950423240662,0.9447088837623603,0.3062143865085786,0.9975149631500244,0.8738782462619608,0.503569807325091,0.9989144802093506,0.9203874695868727,0.5093380610148116,0.9989405870437622,59.78114801305433,0
556,0.8702792638824106,0.29434874228068786,0.9985177516937256,0.9438295619828367,0.3065199099835898,0.9975399971008301,0.8731018134525851,0.5036430841400514,0.9989047050476074,0.9193769892056791,0.5095043750036334,0.9989237785339355,59.78114801305433,0
557,0.8694784357434234,0.2942226756186715,0.9985648393630981,0.9426764845848091,0.3065285938126703,0.9975770711898804,0.8725903800555646,0.5036263323965531,0.9989203214645386,0.9183847932588494,0.509456643036434,0.998924195766449,59.78114801305433,0
558,0.8686878879865018,0.2940315377144589,0.9985287189483643,0.9416441434905649,0.306457572040104,0.9975405335426331,0.8719930620420554,0.5034081879116244,0.9988934993743896,0.917373282568796,0.509226413000198,0.9989045262336731,59.78114801305433,0
559,0.8679596526282182,0.2939454501583465,0.9985151290893555,0.9408048618407483,0.30647147695223514,0.997494101524353,0.8711679293995819,0.5029663613864357,0.9988713264465332,0.9162451624870307,0.5089656824157356,0.9988716840744019,59.78114801305433,0
560,0.8672196808315467,0.2936562384877889,0.9985328316688538,0.9401605044092458,0.3064509303796862,0.9975184798240662,0.8699803437505456,0.502325949214754,0.9988508820533752,0.9149200575692321,0.5086182639712382,0.9988231062889099,59.78114801305433,0
561,0.8663971168654313,0.29312730119341923,0.9985690712928772,0.9394741115115945,0.30642432542074316,0.9975408911705017,0.8686769661449258,0.5015260151454385,0.9988695383071899,0.9135175744692492,0.5081964475767957,0.9988213777542114,59.78114801305433,0
562,0.8656215185210825,0.2926149268945061,0.9985924959182739,0.9387263286681411,0.3063662293411439,0.997571587562561,0.867737667901176,0.5009733977771945,0.9988699555397034,0.9122393897601544,0.5078951631273546,0.9988018870353699,59.78114801305433,0
563,0.864984781969162,0.29228980910210406,0.9986040592193604,0.9380482009478985,0.30633820664315026,0.9975777864456177,0.8672351326261255,0.5008291516985216,0.9988758563995361,0.9112479601587576,0.507735859780085,0.9987906217575073,59.78114801305433,0
564,0.8645401284808212,0.292328708228611,0.9985659718513489,0.9376927670978372,0.30638267454646906,0.9975044131278992,0.8667911234356115,0.5009536658014574,0.9988781809806824,0.9105724238214046,0.5075899135498777,0.9987467527389526,59.78114801305433,0
565,0.8644538010869715,0.2923754851023358,0.9985551834106445,0.937601449943725,0.3062046113468354,0.9974939823150635,0.8664972753751852,0.5004658202330275,0.998894453048706,0.9102416748092295,0.5064190313929607,0.9987351298332214,59.78114801305433,0
566,0.8645192980766303,0.29209823693547954,0.9985131621360779,0.9376319646835335,0.3058665096759799,0.9973948001861572,0.8661115595272616,0.49948480725288436,0.9988656640052795,0.9100275635719306,0.5047149743352621,0.998671293258667,59.78114801305433,0
567,0.8646425917035065,0.2917202313741051,0.9984866380691528,0.9375627012479881,0.30549438510622323,0.9970554709434509,0.8658444796289724,0.4985577960809076,0.9988806843757629,0.9100041730063309,0.5030068215869726,0.9986407160758972,59.78114801305433,0
568,0.864715911093213,0.29114997103100754,0.9984545707702637,0.9373681942621874,0.30509699668203105,0.9968844652175903,0.8657706777254748,0.49806639552116433,0.9988818764686584,0.9100582826705212,0.501854831264133,0.9986168742179871,59.78114801305433,0
569,0.8647205716087711,0.2903883556524915,0.998415470123291,0.9371532655897602,0.3048865539687023,0.9967597723007202,0.8657931429999222,0.498134553432465,0.9988638162612915,0.9100600679715481,0.5017325480779016,0.998568058013916,59.78114801305433,0
570,0.8646834123702283,0.2896875384308045,0.9984279274940491,0.9369859894116727,0.304802579539163,0.996726930141449,0.8658660451571154,0.4989422531354999,0.9988498687744141,0.9100954844838105,0.5024745066960656,0.9985162019729614,59.78114801305433,0
571,0.8646006101653696,0.2888526632672267,0.9984375238418579,0.9368960658709216,0.30455386070978097,0.9966592788696289,0.8660040015266062,0.49926375349362734,0.9988464117050171,0.910128715492431,0.5028250416119897,0.9984849095344543,59.78114801305433,0
572,0.8646678612345747,0.28817645708719913,0.9984007477760315,0.9369329923675181,0.30424013308116393,0.9965642094612122,0.8662499246143167,0.49925814072291097,0.9987553358078003,0.9101282755533862,0.5031271832329891,0.9983847737312317,59.78114801305433,0
573,0.8647993434043164,0.28789462220101153,0.9984531402587891,0.9370299549329856,0.30393934391793775,0.9966626167297363,0.8665476668448682,0.4992224446364815,0.9987465143203735,0.9102099282400956,0.5033472010067535,0.9983626008033752,59.78114801305433,0
574,0.8650337117058897,0.2877653567563922,0.9984828233718872,0.9373185833295195,0.3036550439539412,0.9967057108879089,0.8669562538464871,0.49905195690336723,0.998733401298523,0.9104588258834119,0.5033706880751114,0.9983426928520203,59.78114801305433,0
575,0.8653957389649898,0.28766173833892483,0.9985066056251526,0.937742179348356,0.30352035306748915,0.9967257976531982,0.8674841523170478,0.49895103204818037,0.9987365007400513,0.9108745824723025,0.503444685822442,0.9983505010604858,59.78114801305433,0
576,0.865810380095528,0.28766753560020836,0.9985311627388,0.9383066864240744,0.30346391172636145,0.9967055320739746,0.8680141369501757,0.4992002277147206,0.9987690448760986,0.9113896006629587,0.5036582208815079,0.9983930587768555,59.78114801305433,0
577,0.8663083996091577,0.28763619207200575,0.998539388179779,0.9389402696064547,0.30345988557452275,0.9966970086097717,0.8686987445468002,0.49937468483334535,0.9987780451774597,0.9121247302918215,0.5038636922836308,0.9984167814254761,59.78114801305433,0
578,0.8669700565792272,0.28765381659780254,0.9985653758049011,0.9394988247326449,0.30346836930229576,0.9967367649078369,0.869505010900044,0.49954637033598803,0.9987921714782715,0.9130102083796554,0.504067386899676,0.998430609703064,59.78114801305433,0
579,0.8674820491245822,0.2877902005399979,0.9985852241516113,0.9400579872585486,0.30351451181230116,0.9967515468597412,0.8703018398511985,0.49966004490852395,0.9988174438476562,0.9142110149065661,0.5041794407935374,0.9984704852104187,59.78114801305433,0
580,0.86790890069235,0.2879908993130641,0.9986270070075989,0.9408080208869214,0.30353475894246806,0.9968409538269043,0.8710303618794403,0.4995760917663578,0.9988425970077515,0.915422527563005,0.5040616080874493,0.9985146522521973,59.78114801305433,0
581,0.8685865799585986,0.288267642259598,0.998677670955658,0.9414863614808953,0.3035403901622411,0.9969528913497925,0.8717714917092103,0.4997348600909827,0.9989017248153687,0.9164571194421686,0.5040044387181604,0.9985784292221069,59.78114801305433,0
582,0.8695457662854882,0.2885379010722753,0.9987037181854248,0.9420827825864164,0.3034911936237701,0.9970181584358215,0.8725750588235408,0.5000126745019644,0.9989373087882996,0.9171306462514975,0.5039590114638923,0.998616099357605,59.78114801305433,0
583,0.8707946226710372,0.28878927798498266,0.9986798763275146,0.9426984815370476,0.303406765063604,0.9969969391822815,0.8738203985350479,0.5003559745493393,0.9989566206932068,0.9178332317443129,0.5040295663334079,0.998637318611145,59.78114801305433,0
584,0.8723440737951377,0.28899197493280704,0.9986277222633362,0.943219843364898,0.30330587142989773,0.9969985485076904,0.8753870668865392,0.5006761196113771,0.9989718198776245,0.9185889136223574,0.5041660297484629,0.9986602067947388,59.78114801305433,0
585,0.8736969459624524,0.28917500802448837,0.998629093170166,0.9438781681514928,0.30326289506185644,0.9970483183860779,0.8768127361933398,0.500910858313243,0.9990054368972778,0.919487899258024,0.5043628783453082,0.9987100958824158,59.78114801305433,0
586,0.8747270447867264,0.2892798015049528,0.9985966086387634,0.944939613342286,0.3032405348051165,0.9970522522926331,0.8780475400743037,0.5009160297257564,0.9990342259407043,0.9205262973195039,0.5045361064729241,0.9987528920173645,59.78114801305433,0
587,0.875655807199933,0.28934253397442067,0.9985617995262146,0.9460574757485171,0.30327164133389817,0.9969875812530518,0.8790098769324174,0.5010287903604057,0.9990525841712952,0.9215255152611512,0.5048145964032131,0.998774528503418,59.78114801305433,0
588,0.8763063862210235,0.28934260635148934,0.9985425472259521,0.9469655865714671,0.30328744933718754,0.9969945549964905,0.8798213232131238,0.5011524898665296,0.9990753531455994,0.9224596789905011,0.5050690117336459,0.9987961053848267,59.78114801305433,0
589,0.8769115408261624,0.28933876469021774,0.9985575675964355,0.9477563273339051,0.3032923184690024,0.9970741271972656,0.8809419018881669,0.5013507235617869,0.9990997910499573,0.9235816172191083,0.5053944530941195,0.998841404914856,59.78114801305433,0
590,0.8776658688272756,0.2893377443154655,0.998543381690979,0.9483207464218147,0.3032744172073548,0.9971178770065308,0.8821508997962596,0.501177800553186,0.999103844165802,0.9247167252358943,0.5055400842712043,0.9988558292388916,59.78114801305433,0
591,0.8783219371523183,0.2892731484912693,0.9985122084617615,0.9487350128945857,0.3032167596476421,0.9971833229064941,0.8830682947522125,0.5004402342296785,0.9991337060928345,0.9256218047369101,0.5050607408796042,0.9989088177680969,59.78114801305433,0
592,0.8790743890262793,0.28916203266098406,0.9985313415527344,0.9493791120392943,0.30315151952561903,0.9972601532936096,0.8839878496669595,0.49938970804214516,0.9991824626922607,0.9264569225765418,0.5042327415375487,0.9989762902259827,59.78114801305433,0
593,0.8799909381639397,0.2890673776467644,0.9985529184341431,0.9500935446648379,0.3030922923769272,0.9973363280296326,0.8846986066727418,0.49837234474363823,0.9992246031761169,0.9271301286561155,0.5032485382897518,0.9990269541740417,59.78114801305433,0
594,0.8808253066880369,0.28901273012161277,0.9985417723655701,0.9508818529901059,0.3030350350198294,0.9974104762077332,0.8851924538612373,0.4977259238560998,0.9992547035217285,0.9278052165394746,0.5024073095548724,0.9990696907043457,59.78114801305433,0
595,0.8819140451295043,0.28900402074768455,0.9985688924789429,0.9517597698030025,0.3029954632123314,0.9974807500839233,0.8858921357563571,0.49757568892978526,0.9992753863334656,0.9284806506974363,0.5020260555403577,0.999106764793396,59.78114801305433,0
596,0.8829539929117483,0.28905997673670475,0.9986016750335693,0.9525021513303129,0.30301364972477896,0.9975384473800659,0.8865164830571136,0.49749224810373255,0.9992895126342773,0.929106981981369,0.5019690224102569,0.999135434627533,59.78114801305433,0
597,0.8837116559346523,0.28899011157807875,0.9986549019813538,0.9531775372368957,0.30302790233067134,0.9976123571395874,0.8869839679627198,0.4972036381562555,0.9993116855621338,0.9296098096030105,0.501736958821615,0.9991734623908997,59.78114801305433,0
598,0.8843358045532597,0.2888570967174714,0.9987037181854248,0.953946232795716,0.3032170477367585,0.9976585507392883,0.887543073722295,0.496911622229077,0.9993407726287842,0.9303777019182848,0.5015210963430863,0.9992127418518066,59.78114801305433,0
599,0.8848930199941006,0.28871619559469697,0.9987466931343079,0.9547460448174256,0.3035419285297396,0.9976518154144287,0.8879951068333224,0.4966699367477785,0.9993621110916138,0.9312780896822619,0.5013624798683898,0.9992417693138123,59.78114801305433,0
600,0.8853139479955044,0.2886047235557013,0.9987203478813171,0.9556161676134389,0.3039002588817054,0.9975794553756714,0.888262073198955,0.4966029837017971,0.9993683099746704,0.932200096902394,0.501383327302479,0.9992541670799255,59.78114801305433,0
601,0.8858443498611457,0.2885648210843407,0.9987683892250061,0.9564405963534408,0.3041725087733498,0.9975979328155518,0.888494565373376,0.4965899742784958,0.9993817806243896,0.9329779148101813,0.5014951087179642,0.9992675185203552,59.78114801305433,0
602,0.8863741414887572,0.28858684074311053,0.998812198638916,0.9570943741571343,0.3043181825251809,0.9975700378417969,0.8886897194953198,0.49650904820078934,0.9993873834609985,0.9335083024842405,0.5014889949844001,0.9992597103118896,59.78114801305433,0
603,0.8868171232087279,0.28859596734955223,0.998837411403656,0.957638825689044,0.30433322985967026,0.9975248575210571,0.888879128864834,0.4963013983908158,0.9993848204612732,0.9337956962131326,0.5012956687382293,0.9992505311965942,59.78114801305433,0
604,0.8873133261998501,0.2886282333305906,0.9988991618156433,0.9581613966396885,0.30438177358536517,0.997511625289917,0.8893674725577951,0.49608406850269904,0.9993957281112671,0.9342812242962073,0.5009971885454091,0.9992625713348389,59.78114801305433,0
605,0.888004212152391,0.2886832356452944,0.9988804459571838,0.9586329516910379,0.30455013258116614,0.9974203705787659,0.8898946926707321,0.4958329030445648,0.999396800994873,0.9346332720347821,0.5007403890291853,0.9992559552192688,59.78114801305433,0
606,0.888681698413123,0.28874389472461903,0.9989189505577087,0.959043727034615,0.3048153406097778,0.9973776340484619,0.8903060810906553,0.4956011985029497,0.9994146823883057,0.9349065139180146,0.5005711487361366,0.9992675185203552,59.78114801305433,0
607,0.88928961186182,0.2887920297327498,0.9989625811576843,0.9594384573754818,0.3051066100597384,0.9973947405815125,0.8905384739240018,0.49542402653467127,0.9994239211082458,0.935133772236961,0.5004531996590755,0.9992642998695374,59.78114801305433,0
608,0.8898030916849778,0.28880085263933475,0.9989928007125854,0.9598476631300799,0.3053909071854185,0.9973715543746948,0.8907035362152833,0.49532562636193816,0.9994374513626099,0.935412458011083,0.5003609203156975,0.999268651008606,59.78114801305433,0
609,0.8901286096799947,0.28876404251371135,0.9989967346191406,0.960169820558458,0.3056441275846393,0.9973647594451904,0.8907857991400225,0.49530517771130556,0.9994330406188965,0.9356460542905906,0.500257368598666,0.9992519617080688,59.78114801305433,0
610,0.8904346142496389,0.28871423573721045,0.9990146160125732,0.9604874224889854,0.30576287564777216,0.9973772764205933,0.8910061915715543,0.49538201661337034,0.9994370341300964,0.9360229883875173,0.5000945216133486,0.9992529153823853,59.78114801305433,0
611,0.8907891313234972,0.28867778465861393,0.998990535736084,0.9607626398404446,0.3059239770684926,0.997336745262146,0.89125372682299,0.4954426586627964,0.9994319677352905,0.9363891794568023,0.4998660215309692,0.9992337822914124,59.78114801305433,0
612,0.8911509485471824,0.2886129787990027,0.9989418387413025,0.9610886573791512,0.3061699299585254,0.9972898960113525,0.8915366956165865,0.49548952778180483,0.9994184374809265,0.9367764081273768,0.49967727490833863,0.9992053508758545,59.78114801305433,0
613,0.8914668758710232,0.2885308606284007,0.9989391565322876,0.9614966313044238,0.3064832517078947,0.9973328113555908,0.8917699711663389,0.4955297722702938,0.9994179010391235,0.9370376978601735,0.49957095867111606,0.999207615852356,59.78114801305433,0
614,0.8917979569662191,0.2884075442949933,0.998960018157959,0.9619293610254931,0.3068429515475321,0.9973828792572021,0.8919740830148976,0.4955894251664483,0.9994214177131653,0.9372145732243864,0.4996446796825958,0.9992198348045349,59.78114801305433,0
615,0.8921486479895462,0.28828398386637394,0.9989811182022095,0.9622226925123313,0.30717335286594594,0.9974088072776794,0.892184461866107,0.49563910421871044,0.9994200468063354,0.9372882672718601,0.4998028959546775,0.9992254972457886,59.78114801305433,0
616,0.8926413456598925,0.2881855368614199,0.9990140795707703,0.9625657484644943,0.30738324494588964,0.9974371194839478,0.8925644897279292,0.4956597813538147,0.9994240403175354,0.9374216539519181,0.49992852551596545,0.9992413520812988,59.78114801305433,0
617,0.8930863965125319,0.28815626246588594,0.9990451335906982,0.9629243810971586,0.30746861724626473,0.9974479675292969,0.8930617173512784,0.4956742638633369,0.9994348883628845,0.9376772528602971,0.5000164679118569,0.9992581605911255,59.78114801305433,0
618,0.8934994425092432,0.28815281249228,0.999013364315033,0.9633765050343113,0.3075713274024784,0.997428297996521,0.893554593835559,0.4958317322390424,0.9994273781776428,0.9380001879873737,0.5001566835812163,0.9992533326148987,59.78114801305433,0
619,0.8938047687212634,0.28816245567230975,0.9989907741546631,0.9637547277268916,0.30778707634835045,0.9974197149276733,0.8938929041226712,0.4960516464142576,0.999423086643219,0.9382541264806482,0.5003112668082832,0.9992515444755554,59.78114801305433,0
620,0.8939294133867544,0.2881918251514437,0.9989433288574219,0.9640196590196526,0.308149474007743,0.9974099397659302,0.8940019550777625,0.49630034111795013,0.9993853569030762,0.9383701568558109,0.5004647544452125,0.9992184638977051,59.78114801305433,0
621,0.8940007289250699,0.288252400500434,0.9989003539085388,0.9641209415027081,0.30859661102294944,0.9973399639129639,0.8939356009165453,0.4966244882061372,0.9993454217910767,0.9383808431171242,0.500707104092553,0.9991699457168579,59.78114801305433,0
622,0.8941556044987278,0.2883090830984572,0.9988626837730408,0.9642291296096083,0.3089955420721147,0.9972043037414551,0.8938906873975488,0.49691158816927994,0.9993158578872681,0.9383561753091365,0.5009497858229142,0.9991140365600586,59.78114801305433,0
623,0.8942501630101892,0.2883417052882061,0.998806357383728,0.964463827155886,0.3091834031400229,0.9970811605453491,0.8938712051936566,0.4971068458897731,0.9992813467979431,0.9383394093740562,0.5012043969971797,0.9990682005882263,59.78114801305433,0
624,0.8944838841756193,0.28834822064354326,0.998712420463562,0.964767881802151,0.3092412409328281,0.9969748854637146,0.8938600193886537,0.49727015977814126,0.9992334246635437,0.9383334034965158,0.5014406243960067,0.9989900588989258,59.78114801305433,0
625,0.894840325628009,0.28833402338482106,0.9986392259597778,0.9649435849416831,0.3092147438299091,0.9969735145568848,0.8938526567958658,0.49734860516729845,0.9991787075996399,0.9383213434900564,0.501642002945855,0.9988965392112732,59.78114801305433,0
626,0.8952090995652342,0.28833312789599125,0.9984619617462158,0.9651527518317821,0.30915424369630384,0.9967861771583557,0.8938582255726776,0.4973181344213944,0.9991058707237244,0.9383076542899729,0.5017402682985583,0.9987903833389282,59.78114801305433,0
627,0.8956527142297661,0.2883580511524566,0.9983245730400085,0.9654268366949907,0.30927147893678597,0.9965656995773315,0.8938743216650834,0.49737624327341756,0.9990600347518921,0.9382971156211134,0.5018384853998824,0.998705267906189,59.78114801305433,0
628,0.8960458494368061,0.2884195148944857,0.998258113861084,0.9656685505594534,0.3094994383198877,0.996367335319519,0.8938840230305997,0.4975784733181912,0.9990274310112,0.9382768755867374,0.5019341565313797,0.9986292123794556,59.78114801305433,0
629,0.896261822609675,0.28850011882327875,0.9982675313949585,0.9659886558850614,0.3097680920646307,0.9963729977607727,0.893875976403555,0.49784111834707756,0.9990323185920715,0.9382471470605767,0.5020325410933726,0.9986197352409363,59.78114801305433,0
630,0.896381684712002,0.28858430612654934,0.9982157945632935,0.9662993436767949,0.30999451308023385,0.9963459372520447,0.8938799699147549,0.4980772506623045,0.9990093111991882,0.9382886829830358,0.5020797422954019,0.998582661151886,59.78114801305433,0
631,0.8964074963615062,0.2886519247577306,0.9982025623321533,0.9664609574136287,0.31004723764601233,0.9962821006774902,0.8938868272872206,0.49818338240895993,0.9990251064300537,0.9383687887872976,0.502086991355533,0.9985814690589905,59.78114801305433,0
632,0.8964112940288733,0.2886644772120887,0.998181939125061,0.9666188813391194,0.3099355257692794,0.9962140917778015,0.8939019214539308,0.4981171545528234,0.9989925026893616,0.938478078160968,0.5021378965604877,0.9985123872756958,59.78114801305433,0
633,0.89647981950215,0.28867439145133633,0.9982381463050842,0.9667451410066521,0.30976251619202777,0.9962091445922852,0.8939156503904441,0.49799413198516523,0.999003529548645,0.9385809359096353,0.5022338713918417,0.9985257387161255,59.78114801305433,0
634,0.8966089543842142,0.2887146870295209,0.9982234835624695,0.9667639817510341,0.30959155729838805,0.9960964322090149,0.8939376359894169,0.4979300413812914,0.9989915490150452,0.9386258238837839,0.5023933847745263,0.9985112547874451,59.78114801305433,0
635,0.8967732162702658,0.28877302578517394,0.9982426762580872,0.966719797679357,0.30938799608321443,0.995993971824646,0.894045000984556,0.49785982427142955,0.9990049600601196,0.9386399728911271,0.502439481871469,0.9985280632972717,59.78114801305433,0
636,0.8969562053680428,0.28884235875947156,0.9983077645301819,0.9667824790591293,0.30898228855360144,0.995988667011261,0.8942114057995032,0.4978017579941526,0.9990364909172058,0.9386668205261238,0.5023826218786698,0.9985790252685547,59.78114801305433,0
637,0.8971166582334617,0.28890640536944096,0.9983619451522827,0.9667211685861868,0.3084527935300557,0.9960756897926331,0.8943708567392266,0.4977311066218789,0.9990605711936951,0.938678009169443,0.5022286375363672,0.9986262321472168,59.78114801305433,0
638,0.8972493949390601,0.28896256713640145,0.9983578324317932,0.96658932595026,0.30814270036561175,0.996087908744812,0.8944744354202641,0.4977034543241777,0.9990559816360474,0.9386860501198548,0.5021284761882967,0.99863201379776,59.78114801305433,0
639,0.8972872524034416,0.28902491927146934,0.9983786940574646,0.9662883083025622,0.3080722278072723,0.9960916042327881,0.8944989158993684,0.4977265511240282,0.9990396499633789,0.9386856669471385,0.5020968630200344,0.998614490032196,59.78114801305433,0
640,0.8972702707563135,0.2890027491819293,0.9984368681907654,0.9659117204802384,0.30828145997864886,0.9961434006690979,0.8944796721140551,0.4977639587152576,0.999055027961731,0.9386781397319982,0.5021078217597239,0.9986304044723511,59.78114801305433,0
641,0.897205571333568,0.28882374366124497,0.9984895586967468,0.965451053210668,0.3086049542540598,0.9962109327316284,0.8944981325240369,0.4977665543556217,0.9990729093551636,0.938719278290159,0.5020804121380764,0.9986478090286255,59.78114801305433,0
642,0.8971454444385718,0.28847190737724326,0.9985240697860718,0.9649303498722266,0.30874689845811776,0.9962120652198792,0.8945235042344963,0.49775286657469653,0.9990682601928711,0.9387775574411672,0.5020447742371337,0.9986276626586914,59.78114801305433,0
643,0.8970788632120412,0.2880714308647885,0.998558521270752,0.9643175403277087,0.30870326501982576,0.9962288737297058,0.8945373154821857,0.49775021984463685,0.9990460276603699,0.9388424867675426,0.5020004879860656,0.9985898733139038,59.78114801305433,0
644,0.8970209445272179,0.2877554027807147,0.9985859394073486,0.9638416369756071,0.3087302361215867,0.9962924122810364,0.8945498892239169,0.49776250833556807,0.9990096092224121,0.9389106319064193,0.5019653098923824,0.9985526204109192,59.78114801305433,0
645,0.8969495012646638,0.2875975299449196,0.9985942244529724,0.9634982432637904,0.3087942586058665,0.9963445663452148,0.8945611970765257,0.49778852860132894,0.9989767670631409,0.9389833183515647,0.5019581175985794,0.9985355734825134,59.78114801305433,0
646,0.8968866183644256,0.2875639782065439,0.9986029863357544,0.9634082402501796,0.3088929497060324,0.9963727593421936,0.8945982002076656,0.49780368237268396,0.9989600777626038,0.9390595072791698,0.5019380734080363,0.9985288381576538,59.78114801305433,0
647,0.89685686997005,0.28758117414656165,0.9986413717269897,0.9634933187848054,0.30900176933833556,0.9964321851730347,0.8946494516872231,0.4978126188119257,0.9989488124847412,0.9391301927112405,0.501908986341386,0.9985239505767822,59.78114801305433,0
648,0.896869673615411,0.2875805028847288,0.9986726641654968,0.963620446977162,0.3090681589785079,0.9964950680732727,0.8947211958113179,0.4977906970750722,0.9989456534385681,0.9391996037392396,0.501782317956289,0.9985304474830627,59.78114801305433,0
649,0.8969230793771297,0.28752634355000106,0.9987103343009949,0.9638015996842165,0.3090732934929078,0.9965803623199463,0.8947895963986722,0.49775851056689346,0.9989522099494934,0.939250432309651,0.5015873908996586,0.9985492825508118,59.78114801305433,0
650,0.8970142829985853,0.2874487042427065,0.9987427592277527,0.9640358487765002,0.30909459080014934,0.9965922236442566,0.8948601399149221,0.4977252156961536,0.9989709258079529,0.9392830843017222,0.5013921459515893,0.9985679388046265,59.78114801305433,0
651,0.8971022395860588,0.2873565767492569,0.9987934231758118,0.9642428102947425,0.3091124438104178,0.9966875910758972,0.8949166536331183,0.49769742574010617,0.9989972710609436,0.9393048513503309,0.5012577403159373,0.998610258102417,59.78114801305433,0
652,0.8971741000811266,0.2872972687085472,0.9988323450088501,0.964385804675875,0.3091834457147692,0.9967101812362671,0.8949652711550402,0.4976946867647629,0.999022901058197,0.9393169113567904,0.5012140217281528,0.9986403584480286,59.78114801305433,0
653,0.8972333698045648,0.2873797246388029,0.9988700151443481,0.9644682237080173,0.30927946879750234,0.9967745542526245,0.8949941141264786,0.49771452375820746,0.9990497827529907,0.9393111637660443,0.5012505934351971,0.9986807703971863,59.78114801305433,0
654,0.8972624341646838,0.28767126940545606,0.9988955855369568,0.964519128912972,0.3093415214901881,0.9968172311782837,0.8950078969910038,0.49772171321369396,0.999068021774292,0.9393010763894952,0.5012534913562596,0.9987117052078247,59.78114801305433,0
655,0.8972756067911791,0.288150998808089,0.9989201426506042,0.9645396130425598,0.30938696577435476,0.9968098402023315,0.8950026375906815,0.49775680615788453,0.9990935921669006,0.9392814920062118,0.5012690850666596,0.9987472891807556,59.78114801305433,0
656,0.8972855806350715,0.2887160962536224,0.9989502429962158,0.964545721099491,0.30952420830726646,0.9968146681785583,0.8949959618704667,0.49780653346152576,0.999115526676178,0.939259140264421,0.5012945248967129,0.9987706542015076,59.78114801305433,0
657,0.8972796599070239,0.2891877123287748,0.9989594221115112,0.9645270620073598,0.3097171712489357,0.9967911839485168,0.8949908784457622,0.4978349748111911,0.9991245865821838,0.939242933477675,0.5013207537787305,0.9987843036651611,59.78114801305433,0
658,0.8972710371017463,0.2894727956681027,0.9989807605743408,0.9645113036746078,0.30991694331169156,0.9967676401138306,0.894985877332234,0.49783033842132246,0.9991351366043091,0.9392267465591437,0.5013345479965214,0.998795747756958,59.78114801305433,0
659,0.8972568540346062,0.28960506830896676,0.998999834060669,0.9645115988595153,0.3100993264289132,0.9967408776283264,0.8949591148467299,0.49780275566237353,0.9991481304168701,0.9392146383013052,0.501371522744497,0.9988092184066772,59.78114801305433,0
660,0.8972162093435022,0.28964913742882886,0.9990091323852539,0.9645277006285539,0.31017993319602266,0.996722936630249,0.8949050335657036,0.4977576079822726,0.9991559386253357,0.9391993426141292,0.5014203162420368,0.9988241791725159,59.78114801305433,0
661,0.8971549187387746,0.28971690507162207,0.9990111589431763,0.9645632931164341,0.31018940181959265,0.9966742992401123,0.8948413474219193,0.49774036946750866,0.999176025390625,0.939186496394022,0.5014941465286986,0.9988501667976379,59.78114801305433,0
662,0.8970949734960291,0.2897864835602899,0.9990094900131226,0.9646187084061767,0.310235142707825,0.9966536164283752,0.8947806188038425,0.49775007934797416,0.9991961717605591,0.9391738630476459,0.5015921053432286,0.9988800883293152,59.78114801305433,0
663,0.8970469974336177,0.28983724401110716,0.9990114569664001,0.964674475647155,0.3103266812506179,0.9966731071472168,0.894737138634637,0.49776325339362776,0.999210774898529,0.9391657851991206,0.5016764515922187,0.9989081025123596,59.78114801305433,0
664,0.8970230619112658,0.2898675217514949,0.9990217089653015,0.9647207827795128,0.3104393780231478,0.9966945648193359,0.8947219564801178,0.49777022429875006,0.9992249011993408,0.9391585389773058,0.5017167358171376,0.9989339113235474,59.78114801305433,0
665,0.8970109423001614,0.28987681014197236,0.9990304112434387,0.9647534035501033,0.31058453520139084,0.9967212677001953,0.8947136402130134,0.49782769311042097,0.9992390871047974,0.9391447192146672,0.5018076158705216,0.998960554599762,59.78114801305433,0
666,0.8969945311546332,0.28985620964141146,0.9990345239639282,0.9647657303583062,0.31070326055799236,0.9967344403266907,0.8947099872997836,0.4978995081924261,0.9992538094520569,0.9391309335118256,0.5019046550705324,0.99898761510849,59.78114801305433,0
667,0.8969720091138575,0.2898253514653163,0.9990439414978027,0.9647652222996674,0.3107701582568035,0.9967554807662964,0.8947100128446314,0.4980119622889023,0.9992698431015015,0.939122072287969,0.5020044474374684,0.9990193843841553,59.78114801305433,0
668,0.8969459533691413,0.28979201969646295,0.9990564584732056,0.9647590745063064,0.31077889459473773,0.9967809319496155,0.8947039842605597,0.49823706916400406,0.9992879629135132,0.9391138440086735,0.5021565953890487,0.999049961566925,59.78114801305433,0
669,0.8969281457719356,0.2897619931470783,0.9990633726119995,0.9647460437956318,0.3107738721938363,0.996802806854248,0.894703544321515,0.4985449569565913,0.9993022084236145,0.9391109829857243,0.5023160207839243,0.9990772008895874,59.78114801305433,0
670,0.8969233887536192,0.2897462490059083,0.9990560412406921,0.9647324142001932,0.31075496900649324,0.9968109130859375,0.8947193338757476,0.4988611113457457,0.9993075132369995,0.9391118259657004,0.502471043950036,0.9990950226783752,59.78114801305433,0
671,0.8969177688871118,0.2897373012134009,0.9990560412406921,0.9647144050825217,0.3107686042785647,0.9968225955963135,0.8947433857690728,0.49916223826862555,0.999310314655304,0.9391054652986079,0.5026566272690187,0.99910968542099,59.78114801305433,0
672,0.8969148198763537,0.28972456568763394,0.9990765452384949,0.9646938414800743,0.3108047303699314,0.9968608617782593,0.8947680677686426,0.49935431707473066,0.9993158578872681,0.9390887050401604,0.5028116504351302,0.99912428855896,59.78114801305433,0
673,0.8969074402536673,0.2897178346202489,0.9990964531898499,0.9646731359618059,0.31083451708157883,0.9969101548194885,0.8947829178401409,0.49945413782483095,0.9993268251419067,0.9390688566934502,0.5029319695064003,0.999142587184906,59.78114801305433,0
674,0.8968983775093449,0.28973267333848157,0.9991044402122498,0.9646522544679195,0.3108571242718472,0.9969164133071899,0.8947836189042961,0.4995370407899225,0.9993396401405334,0.9390417933464057,0.5030483206113183,0.9991608262062073,59.78114801305433,0
675,0.8968917670704077,0.28976047322863646,0.9990912675857544,0.9646306151435498,0.31088482765924386,0.9969143271446228,0.8947764436403918,0.499609116997038,0.9993456602096558,0.9390040408997316,0.5031390672638306,0.9991724491119385,59.78114801305433,0
676,0.8968848075185512,0.2897986258779256,0.9991078972816467,0.9646385198547733,0.31080676544280306,0.9969596266746521,0.8947755722772515,0.49959338420913374,0.9993536472320557,0.938977865945726,0.5031626820564274,0.9991868138313293,59.78114801305433,0
677,0.8968808168456675,0.2898259588650297,0.9991326332092285,0.9646608488900328,0.3106946902615686,0.997001051902771,0.8947788845925111,0.49953292665027477,0.999363362789154,0.9389318937347056,0.5031524556023739,0.9992012977600098,59.78114801305433,0
678,0.8969042556626463,0.28986042454129196,0.9991388916969299,0.9646837796483729,0.3105879695642565,0.9970386028289795,0.8948084257897884,0.499435636259261,0.9993631839752197,0.9388717554864436,0.5031291501862666,0.9992073774337769,59.78114801305433,0
679,0.8969442503792906,0.28987728130249774,0.9991584420204163,0.9646986779712503,0.310505848555338,0.997151255607605,0.8948508813267669,0.4992740225224272,0.9993553757667542,0.9387967387835193,0.5031067445164639,0.9992154240608215,59.78114801305433,0
680,0.8970005171639586,0.289820350351788,0.9991669654846191,0.964715554600671,0.31045088171958946,0.9972516894340515,0.894891608329047,0.49901183162416773,0.9993473291397095,0.9387009342511502,0.503082735197885,0.9992251396179199,59.78114801305433,0
681,0.8970559551602325,0.2895820211796536,0.9991750717163086,0.9647270384288977,0.3104434765520553,0.9973454475402832,0.8949251061394109,0.4986415945348289,0.999343991279602,0.9386080475080589,0.5030584221794496,0.9992372393608093,59.78114801305433,0
682,0.8970825274785368,0.2891892748219629,0.9991934299468994,0.9647530913352975,0.31039485619181706,0.9974386692047119,0.8949435779026584,0.4982151758103147,0.9993378520011902,0.9385515167599641,0.5030321280161543,0.999243974685669,59.78114801305433,0
683,0.897049750600543,0.2886967772529241,0.9992046356201172,0.9647720342590703,0.3103546713079728,0.9975165724754333,0.8949424283845091,0.4977826859269827,0.9993326663970947,0.9385211496126092,0.5029815548942207,0.9992450475692749,59.78114801305433,0
684,0.8969986779349197,0.2881812183629901,0.9992125630378723,0.9647696358816972,0.3103086338156748,0.9975502490997314,0.8949701587359118,0.4972064353170853,0.9993323087692261,0.9385443925857552,0.5027001812344509,0.9992444515228271,59.78114801305433,0
685,0.8969008298147301,0.2877312671570553,0.9992235898971558,0.9647404806954529,0.31027067559106036,0.9975336194038391,0.8950061343965083,0.49651811520258626,0.9993399381637573,0.9385873874028532,0.5020988611947926,0.9992465972900391,59.78114801305433,0
686,0.8967813707533345,0.2873398391973407,0.9992186427116394,0.9646541334333882,0.3102222056615923,0.9974743127822876,0.8951055521056772,0.49574835385595095,0.999337911605835,0.9386520016761062,0.501178173791795,0.9992344379425049,59.78114801305433,0
687,0.8966563400768106,0.28697993641807945,0.9992173314094543,0.9645429650942493,0.3101977549848105,0.997409999370575,0.8952343293598728,0.49505049841744597,0.9993456602096558,0.9387100310552695,0.5002438638891497,0.9992218017578125,59.78114801305433,0
688,0.8965478908447999,0.28671556853112745,0.9992124438285828,0.9644399682680773,0.3101430350825902,0.9972848296165466,0.895348006770725,0.4947470100153064,0.9993560910224915,0.9387333875610723,0.49964974465824347,0.9992174506187439,59.78114801305433,0
689,0.8964400092760729,0.2865519708111175,0.9992198944091797,0.9643665438606634,0.31000043238912334,0.9972174763679504,0.8954152833847779,0.494805624087652,0.9993692636489868,0.938729887916929,0.4994772161756247,0.9992167353630066,59.78114801305433,0
690,0.8963641893296023,0.28646025061607383,0.9992322325706482,0.9643377321107055,0.30979840812229,0.9971993565559387,0.8954452588444671,0.4949772045725872,0.9993816614151001,0.9387152989705412,0.49955044899668055,0.9992204308509827,59.78114801305433,0
691,0.8963029980659492,0.28642758868989515,0.9992389678955078,0.9643507202466337,0.30961645642916386,0.9971638917922974,0.8954421679178881,0.4951595309234805,0.9993891716003418,0.9386888486998429,0.49968292173885204,0.9992144703865051,59.78114801305433,0
692,0.8962640308198482,0.28641914186023554,0.9992374777793884,0.9643505357560666,0.3095101302578338,0.9970591068267822,0.895479857921601,0.4952246120997842,0.9993929266929626,0.9386828939119982,0.49972260140237396,0.9991987347602844,59.78114801305433,0
693,0.8962413100969231,0.2864691856361573,0.9992371797561646,0.9643502490861083,0.3094487488269808,0.996924102306366,0.8955208432106752,0.4952016912755516,0.9993935823440552,0.9386744868187684,0.4997208544186187,0.9991788268089294,59.78114801305433,0
694,0.8962445032028932,0.28658677566619173,0.9992347955703735,0.9643553098042814,0.30936612827437293,0.9967865943908691,0.8955541082790927,0.4952176128114977,0.9993909597396851,0.9386623984291448,0.49973400008110813,0.9991549253463745,59.78114801305433,0
695,0.8962503927094603,0.28675187627474485,0.999216616153717,0.9643641114234932,0.3092453011444639,0.9966603517532349,0.8955705903825313,0.4952726945990612,0.999374508857727,0.9386536110015149,0.49974466505504833,0.9991154670715332,59.78114801305433,0
696,0.8962516330537349,0.28693510804857547,0.999208390712738,0.9643758847599945,0.30915992174829776,0.9965327978134155,0.8955722820191163,0.49535264997255274,0.9993688464164734,0.9386518682752345,0.49977182490485095,0.9990888237953186,59.78114801305433,0
697,0.8962631963548212,0.28706559113093805,0.9991914629936218,0.9643845359484362,0.30913239433651907,0.9963704347610474,0.8955592796916061,0.4954043300378895,0.999360978603363,0.938647667566936,0.4997689880075913,0.9990487694740295,59.78114801305433,0
698,0.8962819831711912,0.2871476738225848,0.999170184135437,0.9643466983522695,0.3091553818611874,0.9961963891983032,0.8955465384892063,0.49539341245378804,0.9993568062782288,0.9386458311762136,0.4997212021123799,0.9990224838256836,59.78114801305433,0
699,0.8962960385140926,0.28737149777866566,0.9991757869720459,0.9642498152596618,0.30917357546942603,0.9961844086647034,0.8955081020082752,0.49538091250828376,0.999359130859375,0.9386394534792226,0.4996427709148048,0.9990116953849792,59.78114801305433,0
700,0.8963159322738655,0.2877293456168404,0.9991645812988281,0.9640640616416939,0.3091539030983337,0.9961701035499573,0.8954488635063178,0.4954586837972918,0.9993532299995422,0.9386293916475212,0.4995763429573608,0.9989977478981018,59.78114801305433,0
701,0.8963145727203012,0.2881466079325905,0.9991524815559387,0.9638489683469144,0.30920168047859575,0.996211051940918,0.8953853079250889,0.495707533189229,0.9993470907211304,0.9386264256068646,0.49960796322141415,0.9989897608757019,59.78114801305433,0
702,0.8962742799804332,0.28852280690556503,0.9991134405136108,0.9636666490918121,0.30930712251436165,0.9962469935417175,0.8953377349036088,0.49608341852823934,0.9993317127227783,0.9386326869328825,0.49972875345320966,0.9989855885505676,59.78114801305433,0
703,0.8962205449740099,0.2887404447510131,0.9990790486335754,0.9635620372635985,0.30941991437049166,0.9962189793586731,0.8953040440877287,0.4964839376154404,0.9993281960487366,0.9386395471436644,0.49985378980636636,0.9989840388298035,59.78114801305433,0
704,0.8961635260354912,0.2887763693219142,0.9990324974060059,0.9635313153266915,0.30949785028185184,0.9961915016174316,0.8952969653265823,0.49682798272087497,0.9993180632591248,0.9386494642212284,0.4999781577360066,0.9989780783653259,59.78114801305433,0
705,0.8961149141902022,0.2887942422003975,0.998988687992096,0.9635304382869183,0.30955768057278255,0.9961897730827332,0.895291793914069,0.4971216548056834,0.9993049502372742,0.9386556460743867,0.500132969447545,0.9989731907844543,59.78114801305433,0
706,0.8960825886045192,0.28880054184368703,0.998948335647583,0.963500897089641,0.3095671704837256,0.9961921572685242,0.8952851607686005,0.4973585307598118,0.9992955327033997,0.9386560519536343,0.50028879018057,0.9989736676216125,59.78114801305433,0
707,0.896057191349212,0.28880136779376464,0.9989142417907715,0.9634635363306325,0.30963650061970693,0.9962313771247864,0.8952830462228691,0.4975373347600305,0.9992862939834595,0.9386617512930014,0.5004587201845083,0.9989795088768005,59.78114801305433,0
708,0.8960248231887825,0.2888018872056691,0.9989053606987,0.9634241688819166,0.3097090479873478,0.9962537288665771,0.8952904116539735,0.49763038612547417,0.9992849230766296,0.938672289961861,0.5005759909039456,0.99898761510849,59.78114801305433,0
709,0.8959920775322694,0.28879927595456467,0.9988927841186523,0.9634032277833855,0.30976472865967547,0.9962613582611084,0.8952990855489465,0.4976379317896711,0.999285101890564,0.9386853008043206,0.5006028044791453,0.9990002512931824,59.78114801305433,0
710,0.8959669868151354,0.2887944408825468,0.9988669157028198,0.963396574769702,0.3097813228766126,0.9962708353996277,0.895309405667442,0.49761099332854897,0.9992847442626953,0.9386966796148399,0.5005946329661782,0.9990159869194031,59.78114801305433,0
711,0.8959537943204251,0.288822956028439,0.9988471865653992,0.963376306352162,0.3097749863352097,0.9962743520736694,0.8953155108860569,0.4975995804582327,0.9992830753326416,0.9387020071347562,0.50060438542139,0.9990286231040955,59.78114801305433,0
712,0.8959438034466343,0.28887013026646224,0.9988313317298889,0.9633436401685087,0.30972766876220725,0.996349036693573,0.8953132260413404,0.4975885692096896,0.9992703795433044,0.9387018850871502,0.5006088983444945,0.9990392327308655,59.78114801305433,0
713,0.8959444988341566,0.28891930977503477,0.9988210201263428,0.9633062595412852,0.3096703361897244,0.9963806867599487,0.8953085399809345,0.4975730592296241,0.9992568492889404,0.9387015757106607,0.5006098236356467,0.999036967754364,59.78114801305433,0
714,0.8959435479981566,0.28898324285234744,0.9988085627555847,0.963276860259829,0.30953895619937377,0.9964346885681152,0.8953038766270599,0.4976607504345125,0.999241828918457,0.9387018737338846,0.5007006611142844,0.9990383386611938,59.78114801305433,0
715,0.8959365799313508,0.2890409146036423,0.9987984299659729,0.9632568614823486,0.309348964974994,0.9965131282806396,0.8952973002479196,0.4978124229680928,0.9992324709892273,0.9386990978604279,0.5008444871221274,0.9990531802177429,59.78114801305433,0
716,0.8959063206400197,0.28908988123848345,0.9987688660621643,0.9632563080106471,0.30911028101330734,0.9965759515762329,0.8952974137805765,0.49797118987355954,0.9992311596870422,0.9387057451974786,0.5009916538283943,0.9990774393081665,59.78114801305433,0
717,0.8958449732689638,0.28914751467250666,0.9987310171127319,0.9632621322359365,0.3088993458520801,0.9966241121292114,0.8952978281747734,0.49811639530318164,0.9992221593856812,0.938718673728762,0.5011271720840822,0.9990936517715454,59.78114801305433,0
718,0.8957598493212753,0.2891912034579688,0.9987190961837769,0.963266869386038,0.3087349079904105,0.9966441988945007,0.895324437391191,0.49819092523484043,0.9992229342460632,0.938739580767496,0.501194034303938,0.9991068840026855,59.78114801305433,0
719,0.8956720176197241,0.2892071789219268,0.9987000226974487,0.9632726027852021,0.3086383129869191,0.9966893196105957,0.8953665296236681,0.49818649178459573,0.9992141127586365,0.9387611917087018,0.5011906879288813,0.9991168975830078,59.78114801305433,0
720,0.8955849834850864,0.2892245919931505,0.9987080693244934,0.9632766473860975,0.30860652100472247,0.9966951608657837,0.8954125784692317,0.49825564452580084,0.9992126226425171,0.9387770891189582,0.5012863959584921,0.9991253614425659,59.78114801305433,0
721,0.8955051813806814,0.2892310136840459,0.9986762404441833,0.9632694068409156,0.30860964315278216,0.9966473579406738,0.8954389606203359,0.49839029851413946,0.9992024302482605,0.9387795925140389,0.5014903148015344,0.9991278648376465,59.78114801305433,0
722,0.8954168245905929,0.28925215488388445,0.9986552000045776,0.9632658930051903,0.3086395519120355,0.9966168403625488,0.8954416740508314,0.49864219767706774,0.9991956353187561,0.9387829928171074,0.5018286449568616,0.999131977558136,59.78114801305433,0
723,0.8953283173697343,0.28928419663792587,0.9986244440078735,0.9632572049186351,0.30869659781456016,0.9966018199920654,0.8954212949389511,0.4990293880303705,0.9991786479949951,0.938793185211364,0.5022738803000681,0.9991291165351868,59.78114801305433,0
724,0.8952529373623084,0.2893186566375553,0.99858558177948,0.9632487382207606,0.3087786450272517,0.9965481758117676,0.8953999422845393,0.49951279021444817,0.9991559982299805,0.9388131300608324,0.5027388646489102,0.9991170167922974,59.78114801305433,0
725,0.8952058099565059,0.2893261015415194,0.9985311031341553,0.9632412393887846,0.3088382581869764,0.9964657425880432,0.8953862984975186,0.49991417782647307,0.9991267323493958,0.9388508427710768,0.5030405691691812,0.9990910887718201,59.78114801305433,0
726,0.8951825130553479,0.28930965775535245,0.9984462857246399,0.9632635968072082,0.3088965046973458,0.9963480234146118,0.8953617243539727,0.5002417961756392,0.9990875720977783,0.9388900399208077,0.503241047972725,0.9990512132644653,59.78114801305433,0
727,0.8951858565920883,0.2892712638491678,0.9983793497085571,0.9633017977078764,0.30891041102863515,0.9962217211723328,0.8953198109354299,0.500455920185362,0.9990454316139221,0.9389139413833626,0.5033389358293447,0.9989962577819824,59.78114801305433,0
728,0.8951953592754552,0.2892332843371802,0.9983221888542175,0.963327246052879,0.30890826668058147,0.9961103200912476,0.8952615090778904,0.5006024525279094,0.9990215301513672,0.938920214062646,0.5034012595812484,0.9989604949951172,59.78114801305433,0
729,0.895205858207885,0.28920398581595674,0.9983168244361877,0.9633862262680424,0.3088689233575551,0.99607914686203,0.8952027985027865,0.5007073056130187,0.999022901058197,0.9389172082855596,0.503443783237821,0.9989548325538635,59.78114801305433,0
730,0.8952116767565417,0.2891932669140046,0.9983068704605103,0.9634492085093551,0.3088347869259973,0.9959681034088135,0.89514560358865,0.5008138673646113,0.9990273714065552,0.9389082164991478,0.5035001805850441,0.9989501237869263,59.78114801305433,0
731,0.8952097750845417,0.2891757984956108,0.998280942440033,0.9634991713932589,0.3088015133426305,0.9958520531654358,0.8951115352766861,0.500833040192014,0.999025285243988,0.9389074615069806,0.5034905388241726,0.9989350438117981,59.78114801305433,0
732,0.8952011295727329,0.28918041359810626,0.998289942741394,0.9635467075166256,0.30878611405690537,0.9958204627037048,0.895087020737785,0.5008355464254111,0.9990337491035461,0.9389103452364611,0.503482458137331,0.998936116695404,59.78114801305433,0
733,0.8951999459947866,0.28923944632212345,0.9983105063438416,0.9635621962093179,0.308775766974404,0.995818018913269,0.895082286426,0.5008700489997868,0.999042809009552,0.9389102345421207,0.5034836700984414,0.9989390969276428,59.78114801305433,0
734,0.8952072631745118,0.2893416171982177,0.9983024001121521,0.963536290895372,0.30878276768184865,0.99581378698349,0.8950485984484362,0.5009651950427467,0.9990507364273071,0.9388907409849628,0.503512575512841,0.9989413619041443,59.78114801305433,0
735,0.895219374270667,0.289465360698246,0.9983489513397217,0.9635246821812229,0.30879107969147845,0.9958329200744629,0.8949755515371057,0.5010917867933005,0.9990715980529785,0.9388460914293932,0.5035559648559211,0.9989635348320007,59.78114801305433,0
736,0.8952331486202428,0.28959536694345045,0.9984084367752075,0.9635074365706678,0.3087808802014308,0.9958763122558594,0.8948730343864084,0.5012499349457881,0.999087929725647,0.9387906136966895,0.5036365446590245,0.9989785552024841,59.78114801305433,0
737,0.8952394752275383,0.2896947491736641,0.9984523057937622,0.9635115492911573,0.3087566977455505,0.995903730392456,0.894776764370147,0.5013777727172493,0.9991030097007751,0.9387439233916154,0.5037177318618415,0.9989901185035706,59.78114801305433,0
738,0.895231777713413,0.2897638068312693,0.9984856247901917,0.9635444993064525,0.308736256190709,0.99589604139328,0.8946830687068765,0.5014416774113977,0.9991140365600586,0.9387098408880695,0.5037976219540554,0.9990008473396301,59.78114801305433,0
739,0.8952130306334729,0.28981483692214627,0.9985242486000061,0.963571591036661,0.30872710545857773,0.995849072933197,0.8946126671064476,0.5014999764306209,0.9991133809089661,0.938670754432679,0.5039334041731702,0.9989912509918213,59.78114801305433,0
740,0.8951993187268583,0.2898422238372623,0.9985904097557068,0.9635782241821298,0.3087412544659208,0.9959231019020081,0.8945456629707706,0.5015533140727456,0.9991253614425659,0.9386243138994497,0.5040845785822191,0.9990039467811584,59.78114801305433,0
741,0.8951896003314433,0.28985224451337566,0.9986392259597778,0.9635618045216522,0.3087261234010972,0.9959478974342346,0.8944783466202879,0.5015846178645182,0.9991231560707092,0.9385643147286922,0.5042103812808086,0.9990003705024719,59.78114801305433,0
742,0.8951821412358972,0.2898484440076921,0.9986844062805176,0.9635245374270855,0.3086660163743158,0.9959954619407654,0.894424620128814,0.5016116471517658,0.9991254210472107,0.9385075143405377,0.5043013578369508,0.9990045428276062,59.78114801305433,0
743,0.8952130760465358,0.2898365585576923,0.9987198710441589,0.9635010759035754,0.3085380224954517,0.9960290193557739,0.8944100084758948,0.501612382275718,0.9991126656532288,0.9384696029481441,0.5043215070452013,0.9989879727363586,59.78114801305433,0
744,0.8952925290380213,0.2898095604919254,0.9987437725067139,0.9634990266391217,0.3083786609626954,0.9960366487503052,0.8944072893687665,0.501568232263838,0.9990884065628052,0.9384412850652429,0.5042924994514106,0.9989571571350098,59.78114801305433,0
745,0.8953975722903305,0.2897666749500095,0.9987567663192749,0.9634987484841127,0.30824119278362844,0.9960343837738037,0.8944223097392499,0.5015211843308952,0.9990699887275696,0.9384139095033925,0.5042766673224317,0.9989323019981384,59.78114801305433,0
746,0.8955883554049908,0.2897300294467383,0.9987878799438477,0.9635016804649723,0.3081948061784111,0.9960418939590454,0.8944924502145684,0.5014606657482333,0.9990706443786621,0.938427788870676,0.5042635997136438,0.9989193081855774,59.78114801305433,0
747,0.8958341110320325,0.28968631795474487,0.9988065361976624,0.9635456885610316,0.3081477341197788,0.9959996938705444,0.8946251727285847,0.5014056591760548,0.9990761280059814,0.9384778652872365,0.5042601312909811,0.9989078044891357,59.78114801305433,0
748,0.8961415319215691,0.28963133692741416,0.998829185962677,0.9636877576510119,0.3080539220855352,0.9960179924964905,0.8948516590254655,0.5013447574206765,0.9990739226341248,0.938589709145683,0.5042301302864443,0.9989065527915955,59.78114801305433,0
749,0.8965087674912959,0.28958184662319386,0.9988467693328857,0.9638838824771708,0.3079228699207308,0.996058464050293,0.8951371368907755,0.5012770068077819,0.9990682601928711,0.9387593581562959,0.5041764350164508,0.9989103674888611,59.78114801305433,0
750,0.8968579116321752,0.2895376171384541,0.9988479018211365,0.9640889423234129,0.3077243651662557,0.9960629343986511,0.8953968229747962,0.5012039996328812,0.9990630149841309,0.9389303667204728,0.5041296084721887,0.9989141821861267,59.78114801305433,0
751,0.8971109872772587,0.2895107382819768,0.9988735318183899,0.9642644723256437,0.3075336217880251,0.996120810508728,0.8955981731414802,0.5011505853562133,0.9990658164024353,0.9390657118388592,0.5041024060476398,0.9989334940910339,59.78114801305433,0
752,0.8972923386664625,0.28951627725646634,0.998892068862915,0.96438145069849,0.3074438983485815,0.9961745142936707,0.8957221791857772,0.5011169598216106,0.9990689754486084,0.9391581699961715,0.5041601317269466,0.9989458918571472,59.78114801305433,0
753,0.8973748059499839,0.28953319504147507,0.9989144206047058,0.9644567313648413,0.3074137043385281,0.9962256550788879,0.8957682507378721,0.5011096029054556,0.9990713596343994,0.939201406070165,0.5042744846571063,0.9989570379257202,59.78114801305433,0
754,0.8974147297087177,0.28955904216993444,0.9989525675773621,0.964533732050942,0.3074311912059786,0.9963043332099915,0.8958013228007733,0.5010997624624347,0.9990816116333008,0.9392706297692806,0.5043684471221201,0.9989702701568604,59.78114801305433,0
755,0.8974313991410399,0.28959284509931316,0.998971164226532,0.964605751491729,0.307501330262139,0.996351420879364,0.8958256528491073,0.5011148594674615,0.9990880489349365,0.9393783978053509,0.5044433361008058,0.998981237411499,59.78114801305433,0
756,0.897430346125649,0.2896298964818321,0.9989931583404541,0.9646845999218177,0.30752663952963716,0.9963967800140381,0.8958317807742535,0.501173215253013,0.9990947842597961,0.9395015126182926,0.5045281506720047,0.9989933371543884,59.78114801305433,0
757,0.8974046423321685,0.28966767873082866,0.9990194439888,0.964775360765912,0.30754432507923696,0.996465802192688,0.8958493669827787,0.5012808896246415,0.9991056323051453,0.9396077678317124,0.5046798473312745,0.9990058541297913,59.78114801305433,0
758,0.8973704746791302,0.2897020691917058,0.9990372061729431,0.9648868242899585,0.30755699674288456,0.996508777141571,0.8958341280619311,0.501427823588962,0.9991177320480347,0.9396675683203205,0.5049039153825673,0.9990168213844299,59.78114801305433,0
759,0.8973370393117277,0.28973431388537113,0.9990328550338745,0.9649817404292886,0.30757179004805457,0.9965110421180725,0.8957938268071137,0.5015774284090319,0.9991142153739929,0.9396772469793055,0.5051327376138601,0.9989933371543884,59.78114801305433,0
760,0.8973211333865219,0.28974873537109036,0.9990225434303284,0.9650530190694907,0.30758387276104543,0.9965179562568665,0.895751669293359,0.501678063755944,0.9991024136543274,0.939673270498004,0.505291098640079,0.9989644885063171,59.78114801305433,0
761,0.8973220161029278,0.2897443728787561,0.9990025758743286,0.9651280726705286,0.30756175234204275,0.9965444207191467,0.8957134229796281,0.5017424027125045,0.9990796446800232,0.9396661264555802,0.5053641341981437,0.9989471435546875,59.78114801305433,0
762,0.8973436469123484,0.28973308205604575,0.998975396156311,0.9652372882479721,0.30753073380107,0.9965688586235046,0.8956938613028761,0.5017952124277755,0.9990664720535278,0.9396854270072218,0.5054008989107045,0.9989426136016846,59.78114801305433,0
763,0.8973597401664378,0.2897220892565593,0.9989485144615173,0.9653846479597553,0.3074600001176201,0.996568500995636,0.8957368050302785,0.50177827619371,0.9990506768226624,0.9397369424502062,0.5053593431200304,0.9989262819290161,59.78114801305433,0
764,0.8973843597230464,0.2897197008132937,0.9989327192306519,0.9655812240782247,0.30733562651134694,0.9965532422065735,0.8958430176689518,0.5017053229468214,0.9990416169166565,0.9398088966097158,0.5052458473614287,0.9989160299301147,59.78114801305433,0
765,0.897456245762962,0.2897268051192876,0.9989242553710938,0.9657661602610642,0.3072142033349903,0.9965537190437317,0.8960361480712898,0.501568192527408,0.9990336298942566,0.9398860874630164,0.5050539629799983,0.9989097118377686,59.78114801305433,0
766,0.8975667641276411,0.28972757146472045,0.9989250898361206,0.9659256821586981,0.3070964728082932,0.9965850710868835,0.8963169654210416,0.5014166491372248,0.9990353584289551,0.9399649444080541,0.5048371808869502,0.9989125728607178,59.78114801305433,0
767,0.8977071756408335,0.2897341506821771,0.9989352822303772,0.9660315854208817,0.30701773507254493,0.9966236352920532,0.8966299238659093,0.5012953196253099,0.9990460872650146,0.9400394587289727,0.5046450098355615,0.9989209175109863,59.78114801305433,0
768,0.8978385669844499,0.28975740500858876,0.9989479780197144,0.9661109192030779,0.3070223856539956,0.9966870546340942,0.896892033872151,0.5012674303281879,0.9990608096122742,0.940107498850142,0.504554424967085,0.9989398717880249,59.78114801305433,0
769,0.8979372694378815,0.28978707960673766,0.9989555478096008,0.9661751900400443,0.3070171049663001,0.9967390894889832,0.8970773844491876,0.5012347385996868,0.9990695118904114,0.9401713581312277,0.5044300300734388,0.99895179271698,59.78114801305433,0
770,0.8979956564449136,0.28982280123801485,0.9989516735076904,0.9662707306089864,0.30699483269736905,0.9967573285102844,0.8972107796441948,0.501193565981729,0.9990689158439636,0.9402326629275375,0.5043211267108013,0.9989449977874756,59.78114801305433,0
771,0.898058718159086,0.28985047198477265,0.9989686012268066,0.966384708881379,0.30697127892857534,0.9968064427375793,0.8972965365364446,0.5011187820207509,0.9990647435188293,0.9402793816157757,0.504204752899352,0.9989340901374817,59.78114801305433,0
772,0.8981200740450912,0.2898824257510051,0.9989576935768127,0.9665095550673356,0.3069488377798174,0.9968007206916809,0.8973614204497571,0.5010524477277487,0.9990488290786743,0.9403174320856738,0.5041263131868275,0.998909056186676,59.78114801305433,0
773,0.8981843448820576,0.28992797931035386,0.9989463090896606,0.9665967566626421,0.3069259907518117,0.9967969059944153,0.8974096604755954,0.5009804140953795,0.9990319609642029,0.94034021525156,0.5040655788921179,0.9988865852355957,59.78114801305433,0
774,0.8982505911872507,0.28998127863520695,0.9989234209060669,0.9666446504138773,0.30691478649775217,0.9968059062957764,0.8974308229628071,0.5009389689990457,0.9990314245223999,0.9403464368411482,0.5040395203090853,0.9988804459571838,59.78114801305433,0
775,0.8983228575615663,0.29003006219863914,0.9989293813705444,0.966658660343716,0.3068927980604628,0.9968213438987732,0.8974270394870221,0.5009085422470461,0.999023973941803,0.9403413931528734,0.5040067065329783,0.9988685250282288,59.78114801305433,0
776,0.8983846221651357,0.29006965955098496,0.9988824725151062,0.9666797007833217,0.3068677186965945,0.9968143105506897,0.8974306895619354,0.5008880268959777,0.9990015625953674,0.9403389947755003,0.5039717299597608,0.998847484588623,59.78114801305433,0
777,0.898467441399893,0.290085995481128,0.998872697353363,0.9666992766516557,0.30684341135479176,0.9968129396438599,0.8974424997965502,0.5008960706847059,0.9989997148513794,0.9403411291894466,0.5039591022900176,0.9988440871238708,59.78114801305433,0
778,0.8985537318956291,0.29009968893868604,0.998846173286438,0.9667373242832373,0.3068336163248337,0.9968265891075134,0.8974492918877383,0.5009121809686937,0.9990078806877136,0.9403425029345929,0.5039614807991759,0.9988555312156677,59.78114801305433,0
779,0.8986141482989001,0.29010556283451283,0.9987829327583313,0.966781417528789,0.306806978725252,0.9968196153640747,0.8974726994832364,0.5008798780895418,0.9989917874336243,0.9403696315629149,0.5039064089457198,0.9988474249839783,59.78114801305433,0
780,0.8986593740327025,0.2901060141268233,0.9987449049949646,0.9668333558809197,0.30677764898254783,0.9968215227127075,0.8975069608007166,0.5008239944775903,0.9989805817604065,0.9404152177629024,0.5038109592029031,0.9988342523574829,59.78114801305433,0
781,0.898695383753096,0.29010831458228,0.9986993074417114,0.966891635031928,0.30672527069137234,0.9968306422233582,0.897545828705743,0.5007469597316927,0.9989830255508423,0.9404843988872718,0.5037074855395729,0.9988411068916321,59.78114801305433,0
782,0.8987463882991253,0.2901099891889665,0.9986425638198853,0.9669568652198436,0.3066597353844418,0.9967895746231079,0.8975810209910082,0.500666717688243,0.9989801049232483,0.9405633693649662,0.503615104016804,0.9988313317298889,59.78114801305433,0
783,0.8988234202067065,0.2901146709918978,0.9986119270324707,0.967002071085431,0.30660447336378577,0.996765673160553,0.8976104259490975,0.5006400460288642,0.9989893436431885,0.9406400691895266,0.5035822845640641,0.9988375306129456,59.78114801305433,0
784,0.8989117287454158,0.290123848688035,0.9985687136650085,0.9670496469452275,0.306574827148801,0.9967157244682312,0.8976231018702197,0.500639100869497,0.9989855289459229,0.9407003436769765,0.5035975036166968,0.9988370537757874,59.78114801305433,0
785,0.8989983598391222,0.29013567453339006,0.9985166192054749,0.9670979011626478,0.3065569315637864,0.9967126846313477,0.897642408098494,0.5006350988433479,0.9989733695983887,0.9407600221179788,0.5036018916538787,0.9988323450088501,59.78114801305433,0
786,0.899066022464208,0.2901448351996288,0.9984803795814514,0.967169037887029,0.306557730549858,0.9966747164726257,0.8976562789508282,0.5006522962025237,0.9989553689956665,0.9407983507428859,0.5036243966647561,0.9988130331039429,59.78114801305433,0
787,0.8991077343622851,0.29015069206555705,0.9984110593795776,0.9672446165766042,0.30655089446476547,0.996587336063385,0.897664095674243,0.5006738929521474,0.9989243149757385,0.9408219939186466,0.5036542869749527,0.998773455619812,59.78114801305433,0
788,0.899140431767419,0.29015072044872126,0.9983956217765808,0.9673129291761496,0.30654876005081927,0.9965793490409851,0.8976807338850846,0.5007099253790723,0.9989110231399536,0.9408357938130704,0.5037007672446119,0.9987621307373047,59.78114801305433,0
789,0.8991495143799563,0.29015010453405854,0.9983944892883301,0.9673845966657011,0.30653136542865234,0.996574342250824,0.897704876604535,0.5007728565306895,0.9989078044891357,0.9408459067344672,0.5037721849623185,0.9987607002258301,59.78114801305433,0
790,0.8991406843775802,0.2901554249581839,0.9983893036842346,0.9674425579252706,0.3065771786939533,0.9965699911117554,0.8977389165333347,0.5008320098831545,0.9989153146743774,0.9408597719101686,0.5038507353691831,0.9987715482711792,59.78114801305433,0
791,0.8991506099700934,0.2901544897329242,0.9983417391777039,0.9674925463540223,0.3066757534231461,0.9965364933013916,0.8977776340075909,0.5008631717591063,0.9988970160484314,0.9408754081953147,0.5039248892239165,0.9987481236457825,59.78114801305433,0
792,0.8991702482813888,0.29014962343942574,0.9982501268386841,0.967564006646475,0.30678535217330594,0.9964532852172852,0.8978188605535604,0.5008807239078343,0.9988594651222229,0.9408895855858219,0.5039990629468649,0.9987046718597412,59.78114801305433,0
793,0.8992051993097585,0.29013334711392746,0.9981669187545776,0.9676225582758593,0.3068811382566182,0.9963442087173462,0.8978573538008198,0.5008818734259837,0.9988263845443726,0.9408975271951593,0.5040432271503271,0.9986632466316223,59.78114801305433,0
794,0.8992589456694475,0.29011067464238144,0.9981344938278198,0.9676713886715125,0.3069675678298589,0.9962848424911499,0.8978956597191954,0.500893198308491,0.9988170862197876,0.9409028405234935,0.5040893128940042,0.9986475110054016,59.78114801305433,0
795,0.8993108868598946,0.29007151864823866,0.9981223344802856,0.9677391392844071,0.3070226992879598,0.996225893497467,0.8979352797780726,0.5009078099614102,0.9988222718238831,0.9409097007342755,0.5041212808518187,0.9986476302146912,59.78114801305433,0
796,0.899369818823679,0.2900149368104483,0.9980947971343994,0.967833726179033,0.30710151791572593,0.9961743354797363,0.8979882200558987,0.5008725325266524,0.9988104701042175,0.9409162458919351,0.504119197527568,0.9986326098442078,59.78114801305433,0
797,0.8994661683128001,0.2899323134195239,0.9981344938278198,0.9679810319628042,0.3071818138871877,0.9961537718772888,0.8980406693049847,0.500773702348982,0.9988389015197754,0.9409208695093798,0.5040905589149116,0.9986556768417358,59.78114801305433,0
798,0.8995853265126553,0.2898245382876625,0.9981600046157837,0.9681511123975126,0.3072298183327632,0.9961322546005249,0.8980887305168886,0.5006345283417479,0.9988510012626648,0.9409304970786693,0.5040264754068288,0.998664379119873,59.78114801305433,0
799,0.8997017116773705,0.28969404527119247,0.9981770515441895,0.9682901671954572,0.3071895057246801,0.9961868524551392,0.8981243371963509,0.5004922151565556,0.9988408088684082,0.9409354414258693,0.503926277160645,0.9986658692359924,59.78114801305433,0
800,0.8997911470276977,0.28958199989228045,0.9982402324676514,0.9683958831287574,0.3071056178637916,0.9962701797485352,0.8981290942146672,0.5004010427565806,0.998837947845459,0.9409293986502154,0.5038434238660907,0.9986676573753357,59.78114801305433,0
801,0.899826475552151,0.28950273564883666,0.9983076453208923,0.9684718222845176,0.30701724120548823,0.9963375329971313,0.8981012134324944,0.5003843193962464,0.998833179473877,0.9409185364132843,0.5037900862239659,0.9986609816551208,59.78114801305433,0
802,0.8998277272496912,0.28946372582798935,0.9983667731285095,0.9685372454779496,0.30694552120708307,0.9963926672935486,0.8980606425376173,0.5003871520360315,0.99884033203125,0.9409048642430995,0.503760139147441,0.998668372631073,59.78114801305433,0
803,0.8998202795074106,0.2894574985617685,0.998431384563446,0.9686008663404564,0.3069215487866177,0.9964454770088196,0.8980188767115282,0.5003931635902046,0.9988577961921692,0.9408962811742517,0.5037554956617813,0.9986853003501892,59.78114801305433,0
804,0.8998224962325331,0.289452047575088,0.9984895586967468,0.9686431771232976,0.3069379868961518,0.9964752197265625,0.8979893071310867,0.5003974125498821,0.9988820552825928,0.9408982396125801,0.5037655574934827,0.9987050890922546,59.78114801305433,0
805,0.8998292656171897,0.2894333246208375,0.9985397458076477,0.9686589382943661,0.30692915547461763,0.9965196847915649,0.8979787769771765,0.5003926016035538,0.9988952279090881,0.9409038509641382,0.503765619936444,0.9987180829048157,59.78114801305433,0
806,0.8998427703267059,0.28941132766859895,0.9985784888267517,0.968664989584969,0.3069312033199131,0.9965234398841858,0.8979772982143228,0.5003950028192433,0.9989113211631775,0.9409061783836009,0.5037642830894111,0.9987311959266663,59.78114801305433,0
807,0.8998589884667176,0.28939602772394835,0.998619794845581,0.9686772851716912,0.3069530839011785,0.9965416789054871,0.897975072974251,0.5004126429557805,0.9989365935325623,0.9409073279017501,0.503772860481626,0.9987589716911316,59.78114801305433,0
808,0.8998769351414279,0.28937834643182325,0.9986569881439209,0.9686824395543061,0.3069852789243065,0.9965725541114807,0.8979686612174632,0.5004268742742997,0.9989475607872009,0.9409063571975352,0.5037788237844198,0.998775064945221,59.78114801305433,0
809,0.8998932214010337,0.28935156265894596,0.9986871480941772,0.9686968610400253,0.30701234085219276,0.9965884685516357,0.8979625673521141,0.5004299339793982,0.9989659190177917,0.9409121814228247,0.503774518058414,0.9987929463386536,59.78114801305433,0
810,0.8999062890098215,0.28932300068083283,0.9987238049507141,0.9687178532282519,0.30704868691308185,0.9965925812721252,0.8979614916301916,0.5004207577024191,0.9989902377128601,0.9409387849626094,0.5037594153767544,0.9988141059875488,59.78114801305433,0
811,0.8999139836856305,0.2892866319134124,0.9987507462501526,0.9687375908806217,0.3070711990197502,0.9965877532958984,0.8979642504737498,0.5003965156418941,0.9990165829658508,0.9409759442011523,0.503733146758307,0.9988385438919067,59.78114801305433,0
812,0.8999220246360423,0.28925443121365163,0.9987713694572449,0.9687462647755949,0.3071176778702511,0.9965789914131165,0.8979585255895349,0.5003828207651778,0.9990406036376953,0.9410099898065847,0.5037205758548922,0.9988633394241333,59.78114801305433,0
813,0.8999319928033018,0.2892363099824817,0.9987955093383789,0.9687541240737559,0.30718289528574283,0.9966164231300354,0.897942332994371,0.500410085632688,0.9990572333335876,0.9410344333875755,0.5037492967787247,0.9988880157470703,59.78114801305433,0
814,0.8999514636539284,0.28922910349709674,0.9988002181053162,0.9687541836784007,0.30724006749334815,0.9966254830360413,0.8979133566220608,0.5004695284934275,0.999064564704895,0.9410427042416172,0.5037977127801808,0.9989024996757507,59.78114801305433,0
815,0.8999761513301312,0.28921482108888197,0.9988091588020325,0.9687698795681916,0.3072720411277955,0.9966080188751221,0.897884184405918,0.5005375998360774,0.9990836381912231,0.9410407372883396,0.5038438921882997,0.9989230632781982,59.78114801305433,0
816,0.8999939163525906,0.2891914376190733,0.9988100528717041,0.9687910562469854,0.30729739155088176,0.9966045022010803,0.897857104028975,0.5005914086387275,0.9990928769111633,0.9410467601957784,0.5038715714500068,0.9989351630210876,59.78114801305433,0
817,0.9000029904501786,0.28914296059381417,0.998826801776886,0.9688097465605972,0.30729220736594454,0.9966269135475159,0.8978343719527844,0.5006243075643271,0.999112069606781,0.9410526866004588,0.5038695903051471,0.9989567995071411,59.78114801305433,0
818,0.9000126747857964,0.28908874733107454,0.9988459944725037,0.9688352431569788,0.3072986503442131,0.9966174960136414,0.8978162634940381,0.5006476073038014,0.9991327524185181,0.9410587549209602,0.5038757749966217,0.9989756941795349,59.78114801305433,0
819,0.9000284047353843,0.2890449294022154,0.9988294839859009,0.9688642649423516,0.30731842347553817,0.9966269731521606,0.8978032583282115,0.5006868470282786,0.9991340637207031,0.9410651581627989,0.503900405906496,0.9989829063415527,59.78114801305433,0
820,0.9000484120278138,0.2890249135948365,0.9988072514533997,0.9688903859683453,0.3073424285366424,0.9966185688972473,0.897792333648319,0.5007372640428093,0.9991344213485718,0.9410700826417839,0.5039302678335285,0.9989864230155945,59.78114801305433,0
821,0.9000808880442672,0.2890157969225023,0.9987819194793701,0.9689082304636646,0.3073677704447794,0.9966235756874084,0.8977889134770356,0.5007797649928506,0.9991254806518555,0.941066937787193,0.503955185413361,0.9989877939224243,59.78114801305433,0
822,0.9001119562557773,0.28899980159032934,0.9987577199935913,0.9689266795203808,0.30738121129217627,0.9966270327568054,0.8977935172262653,0.5007994629087906,0.9991127252578735,0.9410784783817481,0.5039585488183163,0.9989829659461975,59.78114801305433,0
823,0.9001370838710248,0.288976753041858,0.9987403750419617,0.9689420177823029,0.3073809955801285,0.9966443777084351,0.8978023216837936,0.5008084745634174,0.9991009831428528,0.9410963427452821,0.5039588099434267,0.9989824295043945,59.78114801305433,0
824,0.9001579454966961,0.2889350127606167,0.9987435936927795,0.968963583310446,0.3073953815868925,0.9966735243797302,0.8978133229982292,0.5008114661489218,0.9991059899330139,0.9411164408638372,0.5039726978256593,0.9989904165267944,59.78114801305433,0
825,0.900168736775717,0.2888772629556204,0.9987374544143677,0.9689824240548277,0.30742902982802645,0.9966754913330078,0.897825927961441,0.500810095242092,0.999099850654602,0.9411455137389054,0.5039869688806085,0.9989876747131348,59.78114801305433,0
826,0.9001731333278482,0.28880748578480336,0.9987421631813049,0.9689974415869949,0.307498158443542,0.9966962933540344,0.8978541890780138,0.5008012851079309,0.9990977644920349,0.9411777144386663,0.5039942860603337,0.9989877939224243,59.78114801305433,0
827,0.9001866408756809,0.2887363320305236,0.9987439513206482,0.9690022525333231,0.3075927581105916,0.9966897368431091,0.8978870482671836,0.5007843715803968,0.9991011619567871,0.9412021636962898,0.5040010440917246,0.9989898800849915,59.78114801305433,0
828,0.9002117401077642,0.2886752486228945,0.9987508654594421,0.9690067796480096,0.3077615045365836,0.9967009425163269,0.897921942529225,0.5007827452250893,0.9991011023521423,0.9412257302375074,0.5040309060187571,0.9989893436431885,59.78114801305433,0
829,0.900240722156707,0.2886399640923457,0.9987657070159912,0.9690126294181469,0.3079413104624978,0.9966604709625244,0.8979351747603651,0.5007429122924809,0.9991126656532288,0.9412336122421999,0.5040516938482016,0.9989932179450989,59.78114801305433,0
830,0.9002659235681814,0.28861826658248924,0.9987658262252808,0.9690078468549826,0.3081463461830505,0.9966199398040771,0.8979132941790997,0.5006819679623562,0.9991110563278198,0.9412202749933523,0.5040563174656463,0.9989891052246094,59.78114801305433,0
831,0.9002803649221155,0.28861899602980867,0.9987747669219971,0.9689985201472335,0.3083337602161228,0.996556282043457,0.8978609981991003,0.5006171124322077,0.9991129636764526,0.9412011617705943,0.5040497013500762,0.9989838600158691,59.78114801305433,0
832,0.9002846082051602,0.2886850606827511,0.998795747756958,0.968984972862971,0.3084804969174524,0.9964876770973206,0.8977925238155191,0.5005678875105726,0.9991211891174316,0.9411782054674066,0.5040379535584227,0.9989884495735168,59.78114801305433,0
833,0.9002416020347965,0.28883572561400295,0.9988085627555847,0.9689689505667921,0.3085579318659649,0.996439516544342,0.897720947152093,0.5005505822953727,0.9991343021392822,0.9411585955392754,0.504040658473969,0.9989985823631287,59.78114801305433,0
834,0.9001892294202539,0.2890198287509739,0.9988155364990234,0.9689796368281055,0.30859558497156436,0.9963164925575256,0.8976762181236637,0.500517777034215,0.9991413950920105,0.9411454853557413,0.5040487221309121,0.9989937543869019,59.78114801305433,0
835,0.900096793969473,0.28921249650773573,0.9988137483596802,0.9690068534442364,0.3086386493274146,0.9961824417114258,0.8976527963365835,0.500405779906682,0.9991452693939209,0.941136817137401,0.5040173587344946,0.998980700969696,59.78114801305433,0
836,0.9000028513726741,0.2894085915315721,0.9988119006156921,0.9690576110567374,0.30887516481535804,0.9960209131240845,0.8976498274576103,0.5002325276533767,0.9991492629051208,0.9411294006166011,0.5039617759840833,0.9989668130874634,59.78114801305433,0
837,0.8999311952363884,0.2896621170498078,0.9988347887992859,0.9690281379790541,0.3093123336633049,0.9958924651145935,0.8976929727054784,0.5000801881154382,0.999160647392273,0.9411253333091743,0.5039332083293373,0.9989657402038574,59.78114801305433,0
838,0.8999017647334514,0.28993125188918367,0.9988227486610413,0.9689287883894793,0.3098680646646593,0.995753288269043,0.8977564857119613,0.4999711868308843,0.9991660714149475,0.9411196509997057,0.5039246763501852,0.9989604353904724,59.78114801305433,0
839,0.8999011544954217,0.2901753116221657,0.9988014101982117,0.9687613277208246,0.31041351670310635,0.9956894516944885,0.8978275968914948,0.49990086328415684,0.9991824626922607,0.9411150358972102,0.5039344713801432,0.9989780187606812,59.78114801305433,0
840,0.8999531183924001,0.2903022993178597,0.9988095164299011,0.9686225085031427,0.31073493191174123,0.9955704212188721,0.8979046855654043,0.499757445993878,0.9991920590400696,0.9411164039657237,0.5038735185350695,0.9989644885063171,59.78114801305433,0
841,0.8999455514408301,0.2903296748797101,0.9987919926643372,0.9684994958695919,0.3109086766129451,0.9954388737678528,0.8979265831765681,0.4995869270392831,0.9991976022720337,0.941111365954082,0.5037869158245273,0.9989491105079651,59.78114801305433,0
842,0.8999419893537256,0.2903082895846596,0.9987977743148804,0.9684055759793243,0.31101843856629896,0.9953503608703613,0.89790427684784,0.4994183367206941,0.9992048144340515,0.9411089704150253,0.5036960159029283,0.9989339709281921,59.78114801305433,0
843,0.8998313319115419,0.29033361730121454,0.9988244771957397,0.9682797023228243,0.31126370600291686,0.9952219724655151,0.8978701546078643,0.49932756878080864,0.9992105960845947,0.9411138040678849,0.5036499784106304,0.9989150166511536,59.78114801305433,0
844,0.8996929668244869,0.2903578423318411,0.9988561868667603,0.968164781729381,0.3116014103094739,0.995137095451355,0.8978410221281513,0.4993050368059253,0.9992238283157349,0.9411270987419863,0.5036643998963497,0.9989156723022461,59.78114801305433,0
845,0.8994636109897076,0.2903910364423482,0.9988389015197754,0.9680934605144327,0.31198496903691997,0.994881272315979,0.897783245359149,0.4993212918440505,0.9992203116416931,0.9411295425324221,0.5037294058572682,0.9988769292831421,59.78114801305433,0
846,0.8991801142692573,0.2904114297458106,0.9988667964935303,0.9681295383544204,0.3121469404016225,0.9948614835739136,0.8976950077783501,0.4993118359929043,0.9992263317108154,0.9411252169382012,0.5037732266244438,0.9988716840744019,59.78114801305433,0
847,0.8988545253163299,0.2904468136174341,0.998900294303894,0.9684071796281004,0.3121193448702497,0.9949542284011841,0.8975171531949733,0.49930739118939393,0.9992270469665527,0.9410749418394915,0.5038132071495061,0.9988583922386169,59.78114801305433,0
848,0.8985808747155333,0.29044169613293264,0.9989415407180786,0.9687791126114988,0.3119245866934461,0.9950513243675232,0.8973179942085637,0.4993121865249819,0.9992321133613586,0.941006609371731,0.5038409687223893,0.9988454580307007,59.78114801305433,0
849,0.8983446501550227,0.2903846999009453,0.9989719986915588,0.9692005997612372,0.31186868747075425,0.9951967000961304,0.8971069852511095,0.49928562414078526,0.9992379546165466,0.9409338207471946,0.5038439858527415,0.9988388419151306,59.78114801305433,0
850,0.8982261192230959,0.2901713337217061,0.9990202784538269,0.9695437153180448,0.31193703413009666,0.9954031109809875,0.8969567900612248,0.49913435606729456,0.9992625713348389,0.9408918732688548,0.5037977326483958,0.99886155128479,59.78114801305433,0
851,0.8981682686578667,0.28984359474409216,0.999046266078949,0.9697474922452661,0.31210873666263783,0.9955116510391235,0.896848224458241,0.49886470181601433,0.9992738962173462,0.9408524689220255,0.5037211946078712,0.998855710029602,59.78114801305433,0
852,0.8980919633592884,0.28950121147292024,0.9990614056587219,0.9697941456522268,0.31221790824617685,0.995590329170227,0.8967484122230901,0.49849799133482475,0.9992798566818237,0.9408139018785393,0.5034621301151462,0.9988418817520142,59.78114801305433,0
853,0.8978963891665148,0.2892704265458246,0.9990851283073425,0.9698606587591633,0.31257255020595753,0.9956397414207458,0.8966000931603576,0.4982692017441708,0.9992934465408325,0.9407527787344804,0.5031736862091795,0.9988461136817932,59.78114801305433,0
854,0.8975609171958203,0.2891540257703693,0.9990864992141724,0.9699204251879745,0.3130860867954438,0.9957218170166016,0.8964590657325026,0.49818788681711507,0.9992995858192444,0.9406912128130602,0.5028961527915232,0.9988404512405396,59.78114801305433,0
855,0.8972097975867143,0.28918826863879277,0.9990952014923096,0.9699971732639139,0.3138888904026579,0.9958532452583313,0.896321600391752,0.4983480771382654,0.999305009841919,0.9406498273213711,0.5028040721302944,0.99884033203125,59.78114801305433,0
856,0.8969279896645326,0.289260302271162,0.9991108179092407,0.9700833984783724,0.3149195256687348,0.9959638714790344,0.8962356959070485,0.49862113595008883,0.9993072152137756,0.940661983830589,0.5029036913599291,0.9988259673118591,59.78114801305433,0
857,0.8968256286212384,0.28932116287095233,0.9991138577461243,0.9701724903924133,0.31584369142850266,0.9959864616394043,0.8962046958151325,0.4988156102952507,0.9993085265159607,0.9407093979063496,0.5030526603971213,0.9988127946853638,59.78114801305433,0
858,0.896830910728092,0.28935322023573395,0.9991214275360107,0.9702725552377254,0.31648082676387995,0.9958906769752502,0.8961942877088283,0.49879934532301806,0.9993108510971069,0.940794493470874,0.5030328659784231,0.9987941980361938,59.78114801305433,0
859,0.8968571878614887,0.2893341013363432,0.9991350769996643,0.970373559565772,0.31705202800887,0.9959648251533508,0.8961637956755508,0.49870446040516847,0.9993200302124023,0.9408887227376309,0.5029213882627945,0.99880051612854,59.78114801305433,0
860,0.89684588000888,0.28926512031328133,0.9991234540939331,0.9704941028640393,0.3173135802859355,0.9960643649101257,0.8961227422668827,0.4985041930561978,0.9993157982826233,0.9409662825720658,0.5026610096295678,0.9987969398498535,59.78114801305433,0
861,0.8968081304005221,0.28918715034212406,0.9991103410720825,0.9705635167303547,0.3175075863088883,0.9961409568786621,0.8960428209531882,0.49838149689492767,0.9993048310279846,0.9409912200201133,0.502440208480472,0.998778223991394,59.78114801305433,0
862,0.8967491246405109,0.2891205606006443,0.9990867972373962,0.9705703599112383,0.31770915786425297,0.9961729645729065,0.8959366594042104,0.4983823285216381,0.9992833137512207,0.9409635180518748,0.5023242036501571,0.9987367391586304,59.78114801305433,0
863,0.8966943224271147,0.2890526453653974,0.9990744590759277,0.9705113314446957,0.3178225769883113,0.996260941028595,0.8958331091063372,0.49840661883354226,0.9992694854736328,0.9408851322673624,0.5022180335862301,0.9987096786499023,59.78114801305433,0
864,0.896663719699497,0.28898436540649075,0.9990590214729309,0.9704677746409469,0.318081088009335,0.9962411522865295,0.8957339809054428,0.4984407666183657,0.9992602467536926,0.9408040557588857,0.5021601631527859,0.9986832737922668,59.78114801305433,0
865,0.8966765602429715,0.28891152143478416,0.9990481734275818,0.9704006456193477,0.3184860249360405,0.9962429404258728,0.8956541106814437,0.4984284525825867,0.9992365837097168,0.9407411132540029,0.502140357380822,0.9986333250999451,59.78114801305433,0
866,0.8967177243459798,0.28886040761357284,0.9990301728248596,0.9703557179087692,0.31887092902546865,0.9961524605751038,0.8955772689410625,0.4983503775937221,0.9992143511772156,0.9406986094656453,0.5020989378293359,0.9985869526863098,59.78114801305433,0
867,0.8967665859631138,0.28884134973798503,0.9990188479423523,0.9702997463090086,0.3193959366707577,0.9961478114128113,0.8954974100703291,0.4983224741050179,0.9991838932037354,0.9406446757770728,0.5021413309233533,0.9985374808311462,59.78114801305433,0
868,0.8967923607145044,0.2888537020910356,0.9990131855010986,0.9700516121728087,0.3198234282788779,0.9961785674095154,0.8954381885982703,0.49835757272584136,0.9991525411605835,0.94057469708579,0.5022238265900388,0.998488187789917,59.78114801305433,0
869,0.8967932320776447,0.28888613269442626,0.9990170001983643,0.9696898006257565,0.32009908415022376,0.996088981628418,0.8954069642793572,0.49850376447041866,0.999133288860321,0.940471998282842,0.5023585217339656,0.9984520077705383,59.78114801305433,0
870,0.8967772892543255,0.28892414058957805,0.9990123510360718,0.9693313695135578,0.32037306825319956,0.9960069060325623,0.8954032290549512,0.49870439228557445,0.9991153478622437,0.9403847030230938,0.502487162748973,0.9984132647514343,59.78114801305433,0
871,0.8967559025401168,0.28895520028613886,0.9989826679229736,0.969000254358565,0.320623964071274,0.995969295501709,0.8954254275276554,0.4988569560505099,0.9990711808204651,0.9403186582383664,0.5025864754404344,0.9983394145965576,59.78114801305433,0
872,0.8967447479565944,0.288981358210246,0.9989687204360962,0.9688189285142089,0.32086366840771297,0.9959831833839417,0.8954426305634643,0.4989139267376495,0.9990487098693848,0.9402457362129581,0.502596877870106,0.9982993006706238,59.78114801305433,0
873,0.8967508219537288,0.28900650427455016,0.9989752769470215,0.9687723914782214,0.32115814799354214,0.9959605932235718,0.8954576140358341,0.4988423458167489,0.9990572929382324,0.9401634165218905,0.5024818948337013,0.9983011484146118,59.78114801305433,0
874,0.8967660324914122,0.28902684223084246,0.9989712834358215,0.968711495399476,0.3213608903544293,0.9959423542022705,0.8954682917821982,0.49857630190395213,0.9990561008453369,0.9400817837033961,0.5022009412447616,0.998289167881012,59.78114801305433,0
875,0.8967853557495851,0.2890516789186571,0.9989473819732666,0.9686881048338762,0.32147916725703674,0.9959256052970886,0.8954670996893028,0.4982664954094664,0.9990484118461609,0.9400120689755402,0.5018793060666042,0.9982718229293823,59.78114801305433,0
876,0.8968136821474355,0.28906706401280013,0.9989462494850159,0.9686777932303301,0.32152541620390784,0.995932936668396,0.8954842828568965,0.49791248355593043,0.9990484714508057,0.9399926775977732,0.5014955231121612,0.9982628226280212,59.78114801305433,0
877,0.8968431495484859,0.2890821085089731,0.9989279508590698,0.9686601559321093,0.321568507523764,0.9958183765411377,0.8955071000825798,0.49765410735493654,0.999050498008728,0.9400041216895703,0.5011878183909829,0.9982607364654541,59.78114801305433,0
878,0.8968750351951243,0.2891088426113131,0.9989326000213623,0.9686373954727544,0.32161729250635446,0.9957506656646729,0.8955262161436541,0.4975841542085016,0.999066174030304,0.940005288237618,0.5010322076933729,0.9982847571372986,59.78114801305433,0
879,0.8969033928144554,0.28913712643441725,0.9989283084869385,0.9686210865066173,0.3216572787080495,0.9956831336021423,0.8955312144188661,0.4975309315181918,0.9990641474723816,0.9399926378613433,0.5009049262319296,0.99828040599823,59.78114801305433,0
880,0.8969237236749565,0.2891688800993422,0.9989248514175415,0.9686240553855905,0.32167309096881347,0.9956209659576416,0.895524598303296,0.4973508971078059,0.9990571141242981,0.9399781056812839,0.5007069678533649,0.9982656240463257,59.78114801305433,0
881,0.8969303483054758,0.28921029965082823,0.9989420771598816,0.9686545985085632,0.3217072941008071,0.9957477450370789,0.8955185498510096,0.4970838682992122,0.9990641474723816,0.9399726419221794,0.5004600456782754,0.9982895851135254,59.78114801305433,0
882,0.8969233774003537,0.2892456877799263,0.9989628791809082,0.9686595343408138,0.3217551750796185,0.9958764314651489,0.8954943475269144,0.49689756546701747,0.9990810751914978,0.9399045790944788,0.5002543216659914,0.9983275532722473,59.78114801305433,0
883,0.8969026321456552,0.28927922674587814,0.9989425539970398,0.9686457287697573,0.32179454536665075,0.995933473110199,0.8954608866146639,0.4968534381616687,0.9990661144256592,0.939812035787674,0.5001511460258852,0.9983259439468384,59.78114801305433,0
884,0.8968850686436615,0.2892997137137824,0.9989240765571594,0.9686341314088739,0.3218139637084237,0.9960068464279175,0.8954239686330167,0.496934050605411,0.9990456700325012,0.9397003480366305,0.5001882002467205,0.998325526714325,59.78114801305433,0
885,0.8968888691493451,0.2892853972457706,0.9989123344421387,0.9686963671729686,0.3218065741516297,0.9961024522781372,0.8953972657521573,0.4970172842343652,0.9990460276603699,0.9396045605341601,0.5002815184139073,0.9983416795730591,59.78114801305433,0
886,0.8969055385816672,0.2892552954810009,0.9989162087440491,0.9687891034852898,0.32178818328040015,0.9962002635002136,0.8953903232301992,0.49701725301288463,0.9990372061729431,0.9395475274040592,0.500362248647781,0.998338520526886,59.78114801305433,0
887,0.8969211039089029,0.28923044318244595,0.9989322423934937,0.968893405937014,0.3217520245483946,0.9963148832321167,0.8954111820175541,0.49696269773301666,0.9990434646606445,0.9395387797128594,0.5004396750813442,0.998358964920044,59.78114801305433,0
888,0.8969351138387416,0.28921278317769394,0.9989365339279175,0.9690491443588627,0.3216055021399546,0.9963566660881042,0.8954221407572436,0.49700069001742814,0.9990556240081787,0.9395081883385075,0.5005995404152647,0.9983807802200317,59.78114801305433,0
889,0.8969248533248909,0.28920637425922235,0.998937726020813,0.96919999519984,0.32143246985617163,0.9964522123336792,0.8954227254504256,0.4971737890016469,0.9990556240081787,0.9394903608730869,0.5009334740184606,0.9983839988708496,59.78114801305433,0
890,0.8968947842007599,0.2892134331521536,0.9989651441574097,0.9693528016408293,0.32132110141572523,0.9965971112251282,0.8954142417226527,0.4973654207729162,0.9990749955177307,0.9394794106483466,0.5013014361971905,0.9984157681465149,59.78114801305433,0
891,0.8968668750354228,0.2892219608738311,0.9989786148071289,0.9695067888214484,0.32112378165835453,0.9967183470726013,0.8954034447669991,0.4975206440403352,0.9990987777709961,0.9394787237757736,0.5015877570424765,0.9984492063522339,59.78114801305433,0
892,0.8968416537557337,0.2892271620886669,0.999003529548645,0.9695979612214232,0.3205850479148686,0.9967657923698425,0.895403376647405,0.4975998756431402,0.9991185665130615,0.9394864610263287,0.5017575337773281,0.9984656572341919,59.78114801305433,0
893,0.896868035906838,0.2893012222789585,0.9990256428718567,0.9697703889438092,0.31978024755205453,0.99676114320755,0.8954433827173149,0.4975433193501976,0.9991321563720703,0.9395056821051105,0.5017189468656271,0.9984682202339172,59.78114801305433,0
894,0.8967849640619194,0.2894533375898999,0.9990547895431519,0.9695948021752501,0.31889797108513995,0.9967932105064392,0.8954835988226398,0.4974986570222041,0.9991541504859924,0.9395093406949732,0.5016814158076336,0.9984867572784424,59.78114801305433,0
895,0.8966189395813722,0.2896199155421486,0.9990723133087158,0.9689707727659324,0.31918206385203796,0.9968479871749878,0.8953678693090174,0.4980585035823645,0.9991830587387085,0.9394762260573258,0.5023902484348846,0.9985363483428955,59.78114801305433,0
896,0.8964322152591895,0.2897647463140036,0.9990655183792114,0.9681799752371659,0.32061798941521447,0.9967799186706543,0.8950466173035765,0.49903439198221516,0.9992100596427917,0.939412468955631,0.5035787026087447,0.9985924363136292,59.78114801305433,0
897,0.8962263947441471,0.2899740721498219,0.999002993106842,0.967241891792843,0.3225575671309519,0.9966503381729126,0.8946140380132773,0.5001178852149423,0.9992316961288452,0.9393331777481814,0.5048194385710221,0.9986604452133179,59.78114801305433,0
898,0.8960803179513848,0.29002150325548104,0.998936116695404,0.9664752682050077,0.32420637068294367,0.9963446259498596,0.8942060612496883,0.5009831019810271,0.9992464184761047,0.9392393884204691,0.5058467217854096,0.9987090229988098,59.78114801305433,0
899,0.8960186668804722,0.28923706497464885,0.9989309310913086,0.9662189568792079,0.3251160965079356,0.9961108565330505,0.8939658204714465,0.5012712705703013,0.9992729425430298,0.9391361702056165,0.5062533815701806,0.9987654089927673,59.78114801305433,0
900,0.8959827650161023,0.28805791338284836,0.9989309310913086,0.9660604681287501,0.3251628180344902,0.9959059953689575,0.893915894485656,0.5011132728485838,0.9992958307266235,0.9390232194037671,0.5063137553987054,0.9988096952438354,59.78114801305433,0
901,0.896119986261641,0.28679740145092947,0.9989533424377441,0.9659888886270077,0.3252490574405309,0.9957588911056519,0.8939295382726767,0.5009699180012661,0.9993209838867188,0.9389170010884611,0.5065233366830013,0.9988515973091125,59.78114801305433,0
902,0.8964476188023892,0.28587289225487506,0.998948872089386,0.9660382923625772,0.3252773852575396,0.995521605014801,0.8939360351789573,0.5008665039425808,0.9993414878845215,0.9388306367964979,0.5067492013885866,0.9988977909088135,59.78114801305433,0
903,0.8968776521228615,0.28601017168590026,0.9989323616027832,0.9660890670049767,0.32521486140432837,0.995476484298706,0.8939189598673873,0.5007627294177105,0.9993623495101929,0.9387636326608211,0.5068920311473668,0.9989490509033203,59.78114801305433,0
904,0.8973987726938164,0.2868533503441586,0.9989147782325745,0.9662028011821573,0.32516360424813795,0.9954681396484375,0.8939655366398047,0.5005609861442024,0.9993768334388733,0.9387107519876396,0.5068303289867586,0.9989846348762512,59.78114801305433,0
905,0.8978412321635663,0.2878852841399967,0.9989035725593567,0.9665163840566371,0.32513614779426964,0.9955131411552429,0.894096127578191,0.5002699040231254,0.9993884563446045,0.9386417837370018,0.5066162745157882,0.9989978671073914,59.78114801305433,0
906,0.8981856022562307,0.28944846420061043,0.9988416433334351,0.9669552700860168,0.3251919405800958,0.9954984188079834,0.8942706159182964,0.4999536474545801,0.999384880065918,0.9386092168944231,0.5062474239440196,0.9989984035491943,59.78114801305433,0
907,0.8983756332170403,0.29121199675968734,0.9988102316856384,0.9673980502855217,0.3251671691735588,0.9955787062644958,0.8944353943779363,0.4996788785571148,0.9993861317634583,0.9386174735568826,0.5058202942212426,0.9990161657333374,59.78114801305433,0
908,0.8983175442332321,0.2929502285662154,0.9988217353820801,0.9674741654168999,0.3242493669191999,0.9956269264221191,0.8945345878601081,0.4995177345616481,0.9993961453437805,0.9386485729898733,0.5054278742699401,0.999023973941803,59.78114801305433,0
909,0.8981150927997779,0.294396336589541,0.998803436756134,0.967307842913129,0.32283777282351567,0.9956600666046143,0.8945321639378874,0.4995170363358093,0.9993924498558044,0.9386768312681297,0.5052977970668252,0.9990221858024597,59.78114801305433,0
910,0.8979348370007113,0.29506884728159244,0.9988005757331848,0.9669927869524282,0.3211899428140552,0.9957383871078491,0.8945359020006096,0.4995443466163821,0.9993729591369629,0.9387460180691317,0.5052413259233751,0.9989637732505798,59.78114801305433,0
911,0.8978280850819187,0.29522872964541136,0.9988182187080383,0.9667590203739357,0.3198116364933198,0.9958283305168152,0.8945668992542092,0.49960884735697836,0.9993733763694763,0.9388123552004504,0.5053111485072549,0.9989497065544128,59.78114801305433,0
912,0.8978316954204022,0.2951413620085946,0.998827338218689,0.9666689861388441,0.31916798438344707,0.9958483576774597,0.8946313659350085,0.49964454060509134,0.9993759393692017,0.9388957080386942,0.5052703533853807,0.9989376068115234,59.78114801305433,0
913,0.8978830377260851,0.29496959845225035,0.9988617300987244,0.9667566957927893,0.3191689167703904,0.9959514737129211,0.8947112815720701,0.49965932255699563,0.9993876814842224,0.9389861481530333,0.5051808101790296,0.9989495277404785,59.78114801305433,0
914,0.8978872923623955,0.29493838690576124,0.9988923072814941,0.9667847922870099,0.31907826378231985,0.9960561990737915,0.8947785950842365,0.4996200360002976,0.9994061589241028,0.9390575885772713,0.5050422066733955,0.998974084854126,59.78114801305433,0
915,0.8978894466445566,0.2949151822498869,0.998924195766449,0.966816757406508,0.31915641966320246,0.996168315410614,0.894838648183006,0.4995957016944889,0.9994223713874817,0.939100432963599,0.5049606788726084,0.9989904761314392,59.78114801305433,0
916,0.8978808947971897,0.294896531672705,0.9989430904388428,0.9668277927807407,0.31905575877144243,0.9962460398674011,0.8948898883092979,0.49957365081423843,0.9994358420372009,0.9391455905778074,0.5048380465734577,0.9990140199661255,59.78114801305433,0
917,0.8978171064740144,0.2949038020202094,0.9989579916000366,0.9668703192756297,0.31887433926264475,0.9962935447692871,0.8949187823704318,0.4995152907712123,0.9994444251060486,0.939173809119634,0.5046062838463561,0.9990203380584717,59.78114801305433,0
918,0.8977236804508035,0.2949279518354509,0.998977780342102,0.9669239010129663,0.3186109207925345,0.9963640570640564,0.8949408701487958,0.49944553488776844,0.9994447231292725,0.9391829456601832,0.5043437991823473,0.9990101456642151,59.78114801305433,0
919,0.8976114165215272,0.2949804762999219,0.999018669128418,0.9670085225786489,0.31834142548697364,0.996486485004425,0.8949540938649866,0.499385747171584,0.9994553923606873,0.9391840298970547,0.5041176194236396,0.9990203976631165,59.78114801305433,0
920,0.8974697391192125,0.2950770869141536,0.9990454316139221,0.9670126665206191,0.31817568058059353,0.9965616464614868,0.8949426157133927,0.4993550976117456,0.9994552731513977,0.9391733862104877,0.5040048701422559,0.9989956617355347,59.78114801305433,0
921,0.8973655785833093,0.2951631985959555,0.9990749955177307,0.9669572909673062,0.31815822493462365,0.9966309070587158,0.894915734018599,0.4993329743544265,0.99946528673172,0.9391297726404106,0.5039688064938505,0.9989979267120361,59.78114801305433,0
922,0.8972886375018536,0.29525701914514835,0.9991011619567871,0.966819629782723,0.31813652742476717,0.9966740012168884,0.8948466749418357,0.49935248352232475,0.9994722008705139,0.9390404877208536,0.5039992758205962,0.9989929795265198,59.78114801305433,0
923,0.8972087616012216,0.2953551638694039,0.9990960359573364,0.9666761046364202,0.31814093816848055,0.9966438412666321,0.8947523434956874,0.49936707956450366,0.9994651079177856,0.9389404455820727,0.5039898895082024,0.9989698529243469,59.78114801305433,0
924,0.8971444652194076,0.2954558942999161,0.9990940093994141,0.9665598330043619,0.3181009221644631,0.9966145753860474,0.8946665099688946,0.49935824246633664,0.9994528889656067,0.9388594031333931,0.5039202968279525,0.9989307522773743,59.78114801305433,0
925,0.8971597580682671,0.2955437231631508,0.9990912079811096,0.9665278139568518,0.3181687408969518,0.9965981245040894,0.894615434464955,0.49932426923797285,0.9994485378265381,0.9388040900230415,0.503822417486282,0.9989070892333984,59.78114801305433,0
926,0.8971945359593353,0.29563799500465415,0.9990680813789368,0.9664799485887807,0.3183061863694875,0.9965152740478516,0.8945976353826984,0.49927474629311375,0.99944007396698,0.9387829105059313,0.5037211463564922,0.9988863468170166,59.78114801305433,0
927,0.8972792880875731,0.2956839516049342,0.9990488886833191,0.9664945999781299,0.31852692933309673,0.9963963031768799,0.8946138279778624,0.49922011012122786,0.9994397163391113,0.938768787043436,0.503646084240505,0.9988859295845032,59.78114801305433,0
928,0.8973125077429279,0.29577197915031816,0.9990397095680237,0.9663354896363765,0.31859947386242116,0.9963483214378357,0.89463853552228,0.49920912016005786,0.9994320273399353,0.9387512519246064,0.5036420169330782,0.998872697353363,59.78114801305433,0
929,0.8972734723772329,0.29587714445023333,0.9990255236625671,0.9660708875883202,0.31852494676907883,0.996298611164093,0.8946529257865186,0.49922755360603377,0.9994275569915771,0.9387322181747081,0.5036526833261766,0.998868465423584,59.78114801305433,0
930,0.8971423308054614,0.2959765422911873,0.9990418553352356,0.9658313365209678,0.3183387489545916,0.996372401714325,0.8946468234062203,0.49924967828251104,0.9994264245033264,0.9387176859946486,0.503645221392314,0.9988676905632019,59.78114801305433,0
931,0.8970151742299405,0.2960168619950615,0.9990593791007996,0.9656816749345696,0.31820350175812157,0.9964586496353149,0.8946209578287042,0.49927142688206305,0.9994280338287354,0.9387042465664099,0.5036241213480636,0.998884379863739,59.78114801305433,0
932,0.8968910262698226,0.2960184060391928,0.9990832209587097,0.9656390462602895,0.3180980029560273,0.9965848922729492,0.8945797994023286,0.4992905528772449,0.9994335174560547,0.9386947751045234,0.5035941316967922,0.9988959431648254,59.78114801305433,0
933,0.8968206360226593,0.2959188904081075,0.9991037845611572,0.9658069979576847,0.31819790034067086,0.9967078566551208,0.8945413714363469,0.49928671121597334,0.9994336366653442,0.9386950617744816,0.5035517215728764,0.9989032745361328,59.78114801305433,0
934,0.8967836612746837,0.29580684786751177,0.9991261959075928,0.9659734027726318,0.3183503903093795,0.9968153238296509,0.8945280313491828,0.4993101159731551,0.9994344711303711,0.9387110556874965,0.503548051629748,0.9989057779312134,59.78114801305433,0
935,0.8968117208707908,0.2957150751636144,0.99913489818573,0.9661833218165814,0.31860378100758535,0.9968726634979248,0.8944937473251713,0.4993792956783662,0.9994343519210815,0.9387028699829472,0.5036091747738071,0.9989120364189148,59.78114801305433,0
936,0.8968101569584446,0.29577150089400184,0.9991311430931091,0.9664169294493546,0.3188688244138448,0.9969028830528259,0.8944298653375542,0.49946162672269956,0.9994259476661682,0.9386807027317237,0.5036877819470001,0.998911440372467,59.78114801305433,0
937,0.8967817709559494,0.2959239766711283,0.9991249442100525,0.9665537164324813,0.3190613332248872,0.9968922734260559,0.8943427403767912,0.49953581463722996,0.999424397945404,0.9386523962020882,0.5037522003764202,0.9989218711853027,59.78114801305433,0
938,0.8967198530832934,0.29617038227262976,0.9991255402565002,0.9665439384324217,0.31907850645837355,0.9969652891159058,0.8942520277840758,0.49960049561091874,0.9994145631790161,0.9386277567772646,0.5037910938262944,0.9989139437675476,59.78114801305433,0
939,0.8966344680104944,0.29646696079345003,0.9991368651390076,0.9664907654126492,0.3190062571139565,0.9970462322235107,0.8941839905012229,0.49963253310748545,0.9994032979011536,0.9386179163342439,0.5037883037612556,0.9989050030708313,59.78114801305433,0
940,0.8965804747172772,0.29669662032808597,0.9991351366043091,0.96645626567659,0.3190172215302788,0.9970564246177673,0.8941477366856173,0.49966032590184933,0.9993874430656433,0.9386148509525125,0.5037799903324676,0.9988880157470703,59.78114801305433,0
941,0.8966854924247385,0.29683567370687236,0.9991233944892883,0.9666084306580687,0.3192164344447002,0.9970296621322632,0.894121706485749,0.4996930729775206,0.9993815422058105,0.9385991096496589,0.5038007355871659,0.9988909363746643,59.78114801305433,0
942,0.8968228868075787,0.29690076055980885,0.9991077184677124,0.9668788654463639,0.3194663084688643,0.996981143951416,0.8941130950337373,0.4996803388709118,0.9993864893913269,0.9385819832483935,0.5037920957519899,0.9989138841629028,59.78114801305433,0
943,0.8969591543788008,0.29685150157837664,0.9990801811218262,0.9671557148297636,0.31972503945941044,0.9968807101249695,0.8941061638650447,0.4997531998725169,0.9993937015533447,0.9385609115873071,0.5038593638510935,0.9989343285560608,59.78114801305433,0
944,0.8970518935294386,0.29678020590827603,0.999090313911438,0.9673078343981796,0.31974330686387586,0.9969466328620911,0.8941148093768536,0.499913049595697,0.9993928670883179,0.938553126085373,0.503978170099713,0.998933732509613,59.78114801305433,0
945,0.8971014562107276,0.2967736564931418,0.9990414977073669,0.9673453682944896,0.3195745419888272,0.9968599081039429,0.8941459627378561,0.5001039788836529,0.9993622899055481,0.9385620242073429,0.5041317003113888,0.9988949298858643,59.78114801305433,0
946,0.8970715630622145,0.2967735131581627,0.9990289807319641,0.9672783840270278,0.3193736814317252,0.9968582391738892,0.8941648999849963,0.5002825912975133,0.9993254542350769,0.9385690603937429,0.5042861104011539,0.9988324046134949,59.78114801305433,0
947,0.8970326469058089,0.29684351313681856,0.999011218547821,0.9672139173462286,0.3190718307381587,0.9967981576919556,0.8941848987624766,0.5003935524395537,0.9993288516998291,0.938576831704095,0.5044059753417973,0.9988378286361694,59.78114801305433,0
948,0.8969411168779653,0.29692714554922944,0.9990074634552002,0.9671176047552207,0.318706939617793,0.9967904090881348,0.894210616747539,0.5003898881730584,0.9993259906768799,0.9385849663189486,0.5044240469024299,0.9988182187080383,59.78114801305433,0
949,0.8968262189910533,0.29700827314740164,0.9990094304084778,0.9669870308467328,0.3184232853707816,0.9968728423118591,0.8942275387900223,0.5004029046921508,0.9993060827255249,0.938576417309898,0.5044446701095222,0.9987781643867493,59.78114801305433,0
950,0.8966468033336464,0.297107347420284,0.9990072250366211,0.9668030965895887,0.3181364323411672,0.9969056248664856,0.8942441145579028,0.5004146241006402,0.9992897510528564,0.9385641472680235,0.5044174705232897,0.9987412691116333,59.78114801305433,0
951,0.8965132463546034,0.2971873638175785,0.9990056753158569,0.966660814625877,0.3180688108716695,0.996971070766449,0.8942550874891743,0.5004205760501684,0.9992787837982178,0.9385360649653851,0.5043755003384185,0.9987323880195618,59.78114801305433,0
952,0.8964047687394285,0.29720217841012164,0.9990120530128479,0.9665754465829766,0.3181626825105579,0.9970075488090515,0.8942427493277058,0.500453665142968,0.9992702007293701,0.93848603963852,0.5043586747986935,0.9986996650695801,59.78114801305433,0
953,0.8963213534582236,0.29723160465558396,0.998969554901123,0.9665340043249592,0.3182175670351304,0.9968911409378052,0.8942300790832164,0.5004978321847465,0.9992511868476868,0.9384608779634755,0.504365322135744,0.9986782670021057,59.78114801305433,0
954,0.8963098213786178,0.2971672160284862,0.9989230036735535,0.9665334026018786,0.3182562461921149,0.9967793226242065,0.8942228725978314,0.5005300697826207,0.999224066734314,0.9384753193174097,0.504376127606347,0.9986400604248047,59.78114801305433,0
955,0.8963210611116326,0.2969580321084888,0.9988831281661987,0.966634983108158,0.31840954366184443,0.9967235326766968,0.8942089563324345,0.5005651002838503,0.9991978406906128,0.9385258271580658,0.5044258322034567,0.9986034035682678,59.78114801305433,0
956,0.89623872155235,0.29668268703279066,0.9988402128219604,0.9665045539538074,0.318223419643584,0.9965535402297974,0.8941993457930436,0.5005921125411992,0.9991787672042847,0.9386636699949,0.5044719094321846,0.9985868334770203,59.78114801305433,0
957,0.8960947025389906,0.29637171257109896,0.9988203048706055,0.9662143559682945,0.31784443344388713,0.9964984655380249,0.8941925877616526,0.5006161445663093,0.9991706013679504,0.9388150090263011,0.5045199082011272,0.9985812902450562,59.78114801305433,0
958,0.895942531880879,0.29598365936960513,0.9987694025039673,0.9659110903739937,0.31750049619447646,0.9964711666107178,0.8941720355124709,0.5006514191627507,0.9991366267204285,0.938921721208664,0.5045764219193236,0.9985392689704895,59.78114801305433,0
959,0.8957687815030424,0.29553844673293,0.9987514615058899,0.9651220355715078,0.31619909263792517,0.9965385794639587,0.894109649317606,0.500659545262655,0.9991192817687988,0.93900599933806,0.5045390526453658,0.9985381364822388,59.78114801305433,0
960,0.8956497368358437,0.2950105468432111,0.9987073540687561,0.9642329017321276,0.31460781182561626,0.996528148651123,0.8940214316050218,0.5006254286993121,0.9990967512130737,0.9388730667886288,0.5044374920073014,0.9985288977622986,59.78114801305433,0
961,0.8955591235842031,0.29452686366580805,0.9987261295318604,0.9635858166785476,0.31334008773167954,0.9966557025909424,0.8938627555256805,0.5005772284099037,0.9990963339805603,0.9384780100413739,0.5043150782585148,0.9985350966453552,59.78114801305433,0
962,0.8954886112894338,0.2942244126683192,0.9987597465515137,0.9630806417692283,0.31236953252837796,0.9968292117118835,0.8936983545621243,0.5005431004932952,0.9991267919540405,0.9379550303731653,0.50437229020255,0.9985869526863098,59.78114801305433,0
963,0.8954709143865683,0.29403146959486487,0.9987677931785583,0.9629478000459225,0.31211086539995125,0.9969483613967896,0.8935862070038213,0.5005332288287938,0.9991417527198792,0.9374558812096013,0.5045740831465952,0.9986200332641602,59.78114801305433,0
964,0.8955258159410393,0.29382940275328523,0.998766303062439,0.9632089052881521,0.31279622373126825,0.9970419406890869,0.8935379385948189,0.5005743276505248,0.9991444945335388,0.9370995930262982,0.5049007194382807,0.9986312389373779,59.78114801305433,0
965,0.8955810694467461,0.29353224663507393,0.9987448453903198,0.9632657368977873,0.3131796249321531,0.9970515966415405,0.8935317680949264,0.5006233567283271,0.9991568922996521,0.9370007628486278,0.5051648673557104,0.9986480474472046,59.78114801305433,0
966,0.8956237634023038,0.29318239433424836,0.9987630248069763,0.9633045054617391,0.3135400641532174,0.997160792350769,0.8935604918570752,0.5007217498052692,0.9991723299026489,0.9370037317276009,0.5053914217721852,0.9986705183982849,59.78114801305433,0
967,0.8956345546813246,0.2929180633454098,0.9987899661064148,0.9633122994786224,0.3138419276192077,0.9972996711730957,0.8935438649994993,0.500880048388527,0.9991897940635681,0.9369372668720435,0.5055834253629052,0.998698890209198,59.78114801305433,0
968,0.8956201559021366,0.29280613575662906,0.998794436454773,0.9633018828573688,0.3139611851601376,0.9974143505096436,0.8935046082451237,0.5010558991205128,0.9991943836212158,0.9368055576369883,0.5058602974528361,0.998711109161377,59.78114801305433,0
969,0.8956136192594263,0.29273301646822997,0.9988173842430115,0.9632947104317809,0.3142131169637047,0.9975488781929016,0.8934676675569451,0.5011979994319739,0.9992074966430664,0.9366808874266497,0.5061188113121764,0.9987338185310364,59.78114801305433,0
970,0.8956083768890025,0.29267166625885754,0.9988366961479187,0.9633058536620374,0.3147288660208387,0.9976792931556702,0.8934463915370766,0.5012786558696205,0.9992095828056335,0.9365729377383285,0.506345893655505,0.9987387657165527,59.78114801305433,0
971,0.8956006538300295,0.2926203239531746,0.9988488554954529,0.9633215467135119,0.3152714783237096,0.9977491497993469,0.893412371476492,0.5012941360473637,0.9992181062698364,0.9365152432805024,0.5064596193177363,0.9987489581108093,59.78114801305433,0
972,0.8955958201771699,0.2925779734339035,0.9988262057304382,0.9633255714461925,0.31564509159042753,0.9977670311927795,0.8933809995651253,0.5013016008195428,0.9992148280143738,0.9365260345595232,0.5065165814899267,0.9987433552742004,59.78114801305433,0
973,0.8956099776994622,0.2925679045064111,0.9987432956695557,0.9633008156503957,0.3158825650101619,0.9976636171340942,0.893327625024887,0.5013038459278292,0.9991864562034607,0.9364928688321802,0.5065662718954544,0.9986971020698547,59.78114801305433,0
974,0.8956449542726798,0.2925929597445899,0.9986578822135925,0.9633123988196972,0.31590692202250187,0.9975945949554443,0.8932738786651983,0.5012845425378714,0.9991360306739807,0.9364739202317744,0.506568429015932,0.9986352920532227,59.78114801305433,0
975,0.8957019050916042,0.2925985157489779,0.9986153841018677,0.9633589472089503,0.31594483199573725,0.9975640773773193,0.893233537673951,0.5013154631569275,0.9991105794906616,0.9364825941267474,0.5065614240510127,0.998611330986023,59.78114801305433,0
976,0.8957598351296931,0.29258718093236313,0.9985640048980713,0.9634322978201374,0.3161632957912629,0.9974920153617859,0.893238822619121,0.50119332756315,0.9990960955619812,0.936525123459953,0.5064663773491274,0.9986054301261902,59.78114801305433,0
977,0.8957915504773466,0.29260766931942556,0.9985076189041138,0.9634894955725904,0.31640894356228083,0.99742591381073,0.8932469231741775,0.5010300136747818,0.9990631341934204,0.9365628361701973,0.5064086914062504,0.9985731244087219,59.78114801305433,0
978,0.8957923054695136,0.2926910916964215,0.9985954761505127,0.9635330977894019,0.3167313635349276,0.9975557923316956,0.893258438223885,0.5009757649330869,0.9991282820701599,0.9365754893847882,0.5065054496129358,0.9986639022827148,59.78114801305433,0
979,0.8957380822726665,0.29281392977351256,0.9986070394515991,0.9634550100281134,0.3167117167086831,0.9975932836532593,0.8932437584513716,0.5007569094498956,0.9991532564163208,0.9364993969599413,0.5064464069548111,0.9986955523490906,59.78114801305433,0
980,0.895630033243271,0.2929330581710454,0.9986584186553955,0.9633418860889624,0.3162852284454166,0.9977124333381653,0.8932165446735572,0.5003026170389997,0.9991812109947205,0.936390990302677,0.5061019715808691,0.9987356662750244,59.78114801305433,0
981,0.8954761908167891,0.2930246861208055,0.9987180233001709,0.9631939388456806,0.3155820014930909,0.9978285431861877,0.8931812047958382,0.4997894863287612,0.9992159008979797,0.9362690250078844,0.5055587603932339,0.9987875819206238,59.78114801305433,0
982,0.8953144607089822,0.29307668123926456,0.9987753033638,0.9630539786247988,0.31497557106472224,0.9979385733604431,0.8931647595905129,0.4991845914295745,0.9992419481277466,0.9361785565103811,0.504887441794078,0.9988254904747009,59.78114801305433,0
983,0.8951926657131748,0.2930679931527095,0.998820960521698,0.9629653947693969,0.3146039687451865,0.9980207681655884,0.8931661304973427,0.49870544246264903,0.9992655515670776,0.936135079179492,0.5043826926322215,0.998862087726593,59.78114801305433,0
984,0.8951184777986443,0.2930552703993663,0.9988556504249573,0.9629560141336357,0.31456769506136606,0.9980725646018982,0.8931762945084352,0.4985548655192061,0.9992877244949341,0.9361333279382622,0.5042012788000565,0.9988952875137329,59.78114801305433,0
985,0.8950878693943939,0.2930068203381132,0.9989033341407776,0.9629455095245733,0.3144168825376604,0.9981420040130615,0.893186617465247,0.4984556464921865,0.999316394329071,0.9361289938290921,0.5040732253165476,0.998935341835022,59.78114801305433,0
986,0.8950775549525314,0.292935717673529,0.9989506602287292,0.9629514018694567,0.314211862427848,0.9982302188873291,0.8931956319581902,0.49830716706457634,0.9993364810943604,0.936130242688316,0.5039127838043944,0.9989662766456604,59.78114801305433,0
987,0.8950605704670866,0.29289715914499215,0.9989986419677734,0.9629549639565611,0.31406344828151544,0.9983060956001282,0.8932021345411035,0.49816471905935417,0.9993553161621094,0.936118580046155,0.5037663210005991,0.9989951252937317,59.78114801305433,0
988,0.8950273224285678,0.2929278129623052,0.9990370869636536,0.9629542543774567,0.3139538779145198,0.9983690977096558,0.8932020692598259,0.49806522329648373,0.9993687272071838,0.9361049759955641,0.5036362665040156,0.9990158081054688,59.78114801305433,0
989,0.8949968360719234,0.2929590088980541,0.9990740418434143,0.9629491283780061,0.3139203758466814,0.9984310269355774,0.89319662253062,0.4979800965104788,0.9993782639503479,0.9360715463047943,0.5035323585782736,0.9990370869636536,59.78114801305433,0
990,0.8949708229019535,0.2929464748927527,0.9991046190261841,0.9629628942126327,0.3138854035309385,0.9984892010688782,0.893193463484447,0.49794172105335094,0.9993825554847717,0.9360326954296664,0.503468737715767,0.9990503191947937,59.78114801305433,0
991,0.8949542329424911,0.2928752558571954,0.9991330504417419,0.9629756127085013,0.3138124800863723,0.9985299706459045,0.8931741061664771,0.49793057072730335,0.9993914365768433,0.9359413924671363,0.5034431502932598,0.9990618228912354,59.78114801305433,0
992,0.8949392239252733,0.2927778434185757,0.9991478323936462,0.963026307878041,0.31384963080996586,0.998542308807373,0.8931492623828714,0.4979384101572495,0.9993921518325806,0.9359527599243898,0.5034372210502629,0.9990575313568115,59.78114801305433,0
993,0.8949382674126405,0.29269238171123346,0.9991547465324402,0.9630962326413116,0.31396199975694955,0.9985378980636597,0.8931280346143821,0.49795168070566126,0.9993871450424194,0.9360343813896187,0.5034505355925791,0.9990465641021729,59.78114801305433,0
994,0.8949308253469929,0.2926627922625771,0.9991589784622192,0.9631637561888928,0.3141363646302907,0.9985151886940002,0.8931097217968539,0.4979805109046758,0.9993831515312195,0.9361963272094734,0.5034453414735344,0.9990370273590088,59.78114801305433,0
995,0.8949319777034586,0.2926693232286547,0.9991416335105896,0.9632492264111845,0.314420058613732,0.998437225818634,0.8931018341155286,0.4980112640630635,0.9993690252304077,0.9363793304988324,0.50343097959246,0.9990167617797852,59.78114801305433,0
996,0.8949450595038285,0.2926782128356754,0.9991315603256226,0.9634227695919226,0.31487527205830557,0.9983683228492737,0.8931409830138805,0.4980943188780834,0.9993585348129272,0.9365553515298033,0.5034442600749792,0.998998761177063,59.78114801305433,0
997,0.8949527882394344,0.2926306071735566,0.9991421103477478,0.9636145007042665,0.31530535504931523,0.9982808232307434,0.8932125852221542,0.49818356831868527,0.9993689656257629,0.9367182567006073,0.5034300599779405,0.9990108013153076,59.78114801305433,0
998,0.8949547523543955,0.2925157887595043,0.9991469979286194,0.9639324716159283,0.3159571006184535,0.9982456564903259,0.8933824953578774,0.4982750827357887,0.9993833303451538,0.93703751053129,0.5034044839086991,0.9990283250808716,59.78114801305433,0
999,0.8949549056234821,0.292348167725972,0.9991400837898254,0.9642749968029212,0.31655856966972373,0.9981807470321655,0.8935818842479167,0.4983658151967189,0.9993924498558044,0.9373428963479549,0.5033839430127829,0.9990299344062805,59.78114801305433,0
1000,0.8949486329441987,0.2920433878898623,0.9991337060928345,0.9646731388001223,0.31739860915002394,0.9981104731559753,0.8937796127228517,0.49834746831939375,0.9994012713432312,0.9376190645354142,0.5033300291924254,0.999028205871582,59.78114801305433,0
1001,0.8949499158632195,0.29171339245069616,0.999120831489563,0.9650348879042134,0.31826418070566115,0.9980643391609192,0.8939243696984798,0.4982575788384396,0.9994030594825745,0.937792136555627,0.5032752354939782,0.9990206956863403,59.78114801305433,0
1002,0.8949396326428375,0.29144631964819795,0.9991276860237122,0.9653124184835533,0.3189717786652704,0.9980607032775879,0.8940070498557324,0.4981965479396642,0.9994176030158997,0.937841855344319,0.5032794191723782,0.9990372657775879,59.78114801305433,0
1003,0.8949126487686527,0.2912550582772212,0.9990867972373962,0.965382723581224,0.31914090258734595,0.9979651570320129,0.8940105750447235,0.4981718829699929,0.9993997812271118,0.9378299855050595,0.5033008967127124,0.9989935755729675,59.78114801305433,0
1004,0.8948910435040799,0.2910633754162564,0.9990184307098389,0.9653755000659405,0.31900470455487595,0.9978936314582825,0.8940086478278757,0.49817236406462573,0.9993500113487244,0.9378340982255489,0.5032889842987065,0.998915433883667,59.78114801305433,0
1005,0.8949053173973454,0.29088299615042573,0.9989786148071289,0.9652985987209146,0.3185584970882963,0.9978403449058533,0.8939769665400195,0.4982157037371685,0.9993129968643188,0.9378118827229461,0.5032699619020738,0.9988638758659363,59.78114801305433,0
1006,0.894942638419924,0.29063902724356905,0.9989446401596069,0.965295802979243,0.31828572210811457,0.9977539777755737,0.8939633085614167,0.49820056415739555,0.9993115067481995,0.9378099640210477,0.503208799021585,0.9988572597503662,59.78114801305433,0
1007,0.8950084504627054,0.2904359542188193,0.9988793134689331,0.9653481159891408,0.3184284496875039,0.9976556301116943,0.8939747611681628,0.49815970233508555,0.9992879033088684,0.9377873227709823,0.5031421212922963,0.9988301396369934,59.78114801305433,0
1008,0.8950660455794569,0.2903245886166893,0.9988476037979126,0.9654300808906564,0.31883409477415564,0.9975346922874451,0.8940137454441622,0.49816082488922886,0.9992853999137878,0.9377450942993171,0.5031384768940158,0.998832106590271,59.78114801305433,0
1009,0.895097352209546,0.29034273397354876,0.9988309741020203,0.9654759140241722,0.31934300490788076,0.9974876642227173,0.8940619599251528,0.49815559387207076,0.9992892742156982,0.937692358380273,0.5031765472321288,0.9988475441932678,59.78114801305433,0
1010,0.8951121341614503,0.29033136935461157,0.9987971782684326,0.9655398726463326,0.31990209505671574,0.9973991513252258,0.8941064221518387,0.49808470408121785,0.9992806911468506,0.9376169329597844,0.5031776456605824,0.9988495111465454,59.78114801305433,0
1011,0.8951250570161009,0.29029298538253445,0.9987480044364929,0.9656015066873467,0.32030449594770183,0.9973226189613342,0.8941376209259041,0.4979956462269741,0.9992867708206177,0.9375416437784838,0.5031771120570959,0.9988702535629272,59.78114801305433,0
1012,0.8951208052181069,0.2902615950221109,0.9987077713012695,0.965642968813579,0.3204284069083988,0.9972792267799377,0.8941517614182979,0.4979594874949686,0.9992926716804504,0.9374791185061144,0.5031795813923794,0.9988957047462463,59.78114801305433,0
1013,0.8951106326920654,0.2902513302507857,0.9986623525619507,0.9656730010395966,0.3205107989765351,0.9972280263900757,0.894161400340853,0.49796799534843117,0.9992896318435669,0.9374794562657682,0.503175741150266,0.9989056587219238,59.78114801305433,0
1014,0.8951146318798981,0.29024993379910813,0.9985970258712769,0.9657292337644676,0.32049773278690546,0.9971452951431274,0.8941915886742735,0.49804838214601826,0.9992753267288208,0.9376825661886313,0.5031808103833884,0.9988975524902344,59.78114801305433,0
1015,0.8951281110445666,0.29025992893037367,0.9985507726669312,0.9657875668434879,0.3205036875747501,0.9970117807388306,0.8942363148643864,0.49813597259067394,0.9992733001708984,0.9380171497662869,0.5031787667955675,0.9988871216773987,59.78114801305433,0
1016,0.895147417272841,0.29023066021147254,0.9985215663909912,0.9658578662645256,0.3205972200348266,0.9968665838241577,0.89427475702195,0.498189679213933,0.9992836117744446,0.938348971662068,0.5031621796744215,0.9988909363746643,59.78114801305433,0
1017,0.895166890961784,0.29015744158199874,0.9985054731369019,0.9659168606712712,0.32071186956905207,0.9968075752258301,0.8943131764729824,0.49820720865612983,0.9992928504943848,0.9386248872393661,0.50313318059558,0.9989041686058044,59.78114801305433,0
1018,0.8951765951656168,0.2900857840265549,0.9985107183456421,0.9659429731823157,0.320795597065063,0.99678635597229,0.8943368622234897,0.4982498997733711,0.9993038773536682,0.9387606212071018,0.5031033328601295,0.9989177584648132,59.78114801305433,0
1019,0.8951458193006977,0.2900774464720774,0.9985213875770569,0.9659338394800829,0.3208433559962684,0.9968035221099854,0.8943434527942119,0.49827822333290506,0.9993132948875427,0.9387904973257163,0.5030616351536346,0.9989311099052429,59.78114801305433,0
1020,0.8951058614821669,0.29012372664042907,0.9985225200653076,0.965931523413886,0.3208672744887219,0.9968363642692566,0.8943420251210539,0.4983044053827017,0.9993149638175964,0.9388344912301934,0.5030205391702203,0.9989374876022339,59.78114801305433,0
1021,0.8950489390464064,0.2902345302559083,0.9985384941101074,0.9659035149074744,0.32084569334983853,0.9968613386154175,0.8943175049055196,0.49838568766911867,0.9993298053741455,0.9388395547866829,0.5030076901117965,0.9989684224128723,59.78114801305433,0
1022,0.895020042146956,0.2903577529248739,0.9985066652297974,0.9658618909972062,0.32081463649159414,0.9967530965805054,0.8942754041580934,0.49847909382411454,0.9993213415145874,0.9388070503870654,0.5030062113489427,0.998957633972168,59.78114801305433,0
1023,0.8950586801483524,0.2904583456970399,0.9985036849975586,0.9658179680506397,0.3207656471502216,0.9967280030250549,0.894249461946034,0.4985608614626389,0.9993271231651306,0.9387865293593641,0.5029970095271159,0.9989720582962036,59.78114801305433,0
1024,0.8951475591886617,0.29052899990763004,0.9984977841377258,0.9657927467709503,0.32075935460272315,0.9966863989830017,0.8942416650908341,0.4986264407634739,0.9993270635604858,0.9387753520693105,0.5029722508930028,0.9989697337150574,59.78114801305433,0
1025,0.8952611713182366,0.290585191476913,0.9984961748123169,0.9657978670937681,0.3208273024786089,0.9967261552810669,0.8942588056836817,0.49866217090970033,0.9993270039558411,0.9387702913511374,0.5029368570872719,0.9989845156669617,59.78114801305433,0
1026,0.8953960168929335,0.29062613419124084,0.9985327124595642,0.9658192311014455,0.3209190155778615,0.9968006610870361,0.8942954738934843,0.4986791199161897,0.9993379712104797,0.9387672770591018,0.5029108808154156,0.9990050792694092,59.78114801305433,0
1027,0.8955105770201918,0.2906483241489958,0.9985724091529846,0.9658559362093616,0.32105345669246876,0.9968772530555725,0.8943420904023314,0.49871588179043397,0.999352753162384,0.9387603175072451,0.5029017357599171,0.9990322589874268,59.78114801305433,0
1028,0.8956008212906981,0.29063926991962274,0.9985854625701904,0.9659199402445846,0.3212300751890458,0.9968833327293396,0.8943837086359667,0.49877283544767514,0.9993508458137512,0.9387272426060275,0.5029252540497556,0.9990292191505432,59.78114801305433,0
1029,0.8956636190414436,0.29065559023902554,0.9986231923103333,0.9659367487544113,0.321230722325189,0.9969437718391418,0.8944559182439538,0.4988417923450474,0.9993587732315063,0.9386784292402729,0.5030039832705547,0.9990404844284058,59.78114801305433,0
1030,0.8956843955176225,0.29068395069667297,0.9986317753791809,0.965886924948012,0.32108197467667743,0.9969724416732788,0.8945388424964185,0.49888926460629457,0.9993450045585632,0.9386312195232944,0.5031166672706608,0.9990219473838806,59.78114801305433,0
1031,0.8956799421991628,0.2907242675622307,0.9985998868942261,0.9657891194025684,0.32085085908571903,0.996841549873352,0.894626180330913,0.49893852358772683,0.9993270039558411,0.9385957632746023,0.5032542887188143,0.9989833235740662,59.78114801305433,0
1032,0.8956690430641182,0.290768018790654,0.9985477328300476,0.9656675628253399,0.3205954829851789,0.9967288374900818,0.8947159307343626,0.4989891520568307,0.9993118047714233,0.9385787362144115,0.5033997126988006,0.9989383816719055,59.78114801305433,0
1033,0.8956654923302794,0.290818227188928,0.998513400554657,0.9655848571232395,0.32045288454918663,0.9966333508491516,0.8947930364381707,0.4990331729253137,0.9992989897727966,0.9385838111241666,0.5035045714605426,0.9989134669303894,59.78114801305433,0
1034,0.8956778475216465,0.29085415034067086,0.9984976649284363,0.9655758227620814,0.3204849617821832,0.9966456294059753,0.8948364711943133,0.4990538699286329,0.9992914795875549,0.9385884744780412,0.5035626178696047,0.9989013671875,59.78114801305433,0
1035,0.8957012976918903,0.2909115446465357,0.9985050559043884,0.9655686318874367,0.32045472945485814,0.996723473072052,0.8948671221733095,0.49907154270580856,0.9992867112159729,0.9385733859879636,0.503596514463425,0.9988955855369568,59.78114801305433,0
1036,0.8957366645336154,0.2909814438649587,0.9985184669494629,0.9655835798808515,0.3204343127352853,0.9967932105064392,0.8948821382863185,0.49907812050410694,0.9992835521697998,0.9385496420519698,0.5035990093435563,0.9988844990730286,59.78114801305433,0
1037,0.8957839480468212,0.2910638479959398,0.9985317587852478,0.9656206667423257,0.3204237116234645,0.9968739151954651,0.8948815195333396,0.4990736033235278,0.999268114566803,0.9385172426700596,0.5035701025099983,0.9988502264022827,59.78114801305433,0
