frame_id,left_shoulder_x,left_shoulder_y,left_shoulder_visibility,right_shoulder_x,right_shoulder_y,right_shoulder_visibility,left_hip_x,left_hip_y,left_hip_visibility,right_hip_x,right_hip_y,right_hip_visibility,fps,low_visibility
0,0.912522449379876,0.2881033654723851,0.9992837309837341,0.9747681149414613,0.3217484716858184,0.9967188239097595,0.9070683036531725,0.5088313803786327,0.9997133612632751,0.9477908299082802,0.5143280483427505,0.9993064403533936,59.7820823244552,0
1,0.9124632690634052,0.288073886718069,0.9992256760597229,0.9748351999691559,0.321767670767648,0.996682345867157,0.9071560289178581,0.5088091024330688,0.9996691942214966,0.9477948035512653,0.5141280634062634,0.9992241263389587,59.7820823244552,0
2,0.9123956177915852,0.28806010314396463,0.9991468787193298,0.9748901171343672,0.3217645947422301,0.9965704679489136,0.907248850379672,0.5087508048330038,0.9996246695518494,0.9478074567658562,0.5138881547110424,0.9991243481636047,59.7820823244552,0
3,0.912319495564416,0.28806201475007215,0.9990920424461365,0.9749328664370953,0.3217392436095649,0.9964938163757324,0.9073467680386142,0.5086564875784378,0.9995926022529602,0.9478287895520536,0.5136083222570877,0.9990452527999878,59.7820823244552,0
4,0.9122429632005244,0.28810109410967166,0.9990730881690979,0.9749800648008082,0.3217238386472069,0.9964803457260132,0.9074518254825055,0.5085727487291613,0.9995762705802917,0.9478664454959695,0.5133564472198491,0.9989931583404541,59.7820823244552,0
5,0.9121318232445497,0.2881513010887875,0.9990472793579102,0.9749939640363066,0.32163156781877816,0.9964723587036133,0.9075599085716981,0.5083823573021665,0.9995618462562561,0.9479067524274197,0.5129609704017644,0.9989616274833679,59.7820823244552,0
6,0.9120104426429392,0.2881265665803639,0.9990390539169312,0.9749645420483188,0.32148303304399783,0.9964889287948608,0.9076409368287957,0.5081367918423247,0.9995511770248413,0.9479349425860821,0.512526392936707,0.9989389777183533,59.7820823244552,0
7,0.9119093219439196,0.28800053113982815,0.9990441799163818,0.9749208603586478,0.3213322091670266,0.9965466260910034,0.9076871786798757,0.5079154428981603,0.99954754114151,0.9479391972223925,0.5121781371888664,0.9989346265792847,59.7820823244552,0
8,0.9118312767573773,0.287818701494308,0.9990674257278442,0.9748919180461346,0.3212286191327234,0.9966270327568054,0.9076948165893562,0.507793471926735,0.9995555877685547,0.9479504908834192,0.5120075628871014,0.9989446401596069,59.7820823244552,0
9,0.9117922073318854,0.2876316834063759,0.9990827441215515,0.974872617494493,0.32117174069086735,0.9966887831687927,0.9076984326044726,0.507706999778748,0.9995580911636353,0.9479677336556579,0.511926494893574,0.998950183391571,59.7820823244552,0
10,0.9117866130102257,0.2875088027545386,0.999086320400238,0.974866151809693,0.3211578740960078,0.9967470765113831,0.9077072200321024,0.507701212451572,0.9995571970939636,0.9479830662409472,0.5119101774124877,0.9989476203918457,59.7820823244552,0
11,0.911777785846166,0.2874938632760732,0.9990796446800232,0.9748572309811918,0.32115117992673625,0.9968001842498779,0.9077136630103709,0.5077656280426757,0.9995520114898682,0.9479967355728158,0.5119804825101584,0.9989379048347473,59.7820823244552,0
12,0.911780808653151,0.28752115226927283,0.9990691542625427,0.9748764520599735,0.3211837850865866,0.9967995882034302,0.9077161408606037,0.507854629130591,0.9995452761650085,0.9480013989266902,0.51213565610704,0.998920738697052,59.7820823244552,0
13,0.9117900047983449,0.2875854855492004,0.9990720152854919,0.9749138383638298,0.32126531856400653,0.9968060851097107,0.9077072257087352,0.5079408543450497,0.9995425939559937,0.9479924695832397,0.5123047715141664,0.9989063143730164,59.7820823244552,0
14,0.9117610028811871,0.28767615982464406,0.9990904331207275,0.9749646839641398,0.321372700589044,0.996842086315155,0.9076833952040907,0.5080095898537413,0.9995485544204712,0.94798459325518,0.5124765634536748,0.998906672000885,59.7820823244552,0
15,0.9117033964111699,0.28778460479918,0.9991053342819214,0.9750199374698465,0.32145638551030864,0.9968782663345337,0.9076577793984194,0.5080218144825531,0.9995542168617249,0.9479798901648756,0.5125138986678355,0.9989140033721924,59.7820823244552,0
16,0.9116109978585023,0.28790180456070696,0.9991158843040466,0.975059151649476,0.32146741946538315,0.9969428181648254,0.9076373775800077,0.5079987276168101,0.9995567202568054,0.9479769439924338,0.5123888197399326,0.9989228248596191,59.7820823244552,0
17,0.9115197857220976,0.28799548177492074,0.9991225600242615,0.9750703743525921,0.321411572751545,0.9969790577888489,0.9076402953692853,0.5079095931280231,0.9995545148849487,0.9479756809416279,0.5121457860583355,0.9989233613014221,59.7820823244552,0
18,0.9114293229012269,0.288064914090293,0.9991248250007629,0.97509123881658,0.3213509605044413,0.9970036745071411,0.9076342100188852,0.5078216592470809,0.9995499849319458,0.9479729646728161,0.5119221806526189,0.9989196062088013,59.7820823244552,0
19,0.9113689093362725,0.2881160350072954,0.999130368232727,0.9751060009002693,0.3213193288871222,0.9970231652259827,0.9076135016623005,0.5078683523904713,0.999549925327301,0.947967299393246,0.511890672502064,0.9989230036735535,59.7820823244552,0
20,0.9113068921225419,0.2881450255711876,0.9991395473480225,0.975124120712281,0.3213171107428417,0.9970641732215881,0.9075735324905039,0.5080653343881883,0.9995540976524353,0.9479619378135324,0.512070803415208,0.998935341835022,59.7820823244552,0
21,0.9112540142876768,0.2881683764003574,0.9991345405578613,0.9751413038798749,0.32132715270632817,0.9970808625221252,0.9075320590110059,0.5083951155344649,0.9995492696762085,0.9479636890547624,0.5123956657591324,0.9989327788352966,59.7820823244552,0
22,0.9112063589550208,0.28819252905391535,0.9991365075111389,0.9751441109748121,0.3213162322839104,0.9971199035644531,0.9074946868987317,0.5087308060555236,0.9995443224906921,0.9479598374593834,0.5127093564896361,0.9989315867424011,59.7820823244552,0
23,0.9111807005746031,0.288200446537563,0.999132513999939,0.9751567045847583,0.32133304647036987,0.9971479773521423,0.9074613253275561,0.5089821049145293,0.9995390772819519,0.9479475589025597,0.5129615976696926,0.9989282488822937,59.7820823244552,0
24,0.9111481706301379,0.2882078318368823,0.9991303086280823,0.9751861918540236,0.3213718959263395,0.9971594214439392,0.9074047832261956,0.5091297002065753,0.9995332360267639,0.9479250964664285,0.5131254394849145,0.9989238381385803,59.7820823244552,0
25,0.9110959711528968,0.2881842170442856,0.9991406202316284,0.975224937711444,0.3214129181135271,0.997209370136261,0.9073169572012773,0.5092295748846876,0.9995356798171997,0.9478909373283394,0.5132567286491398,0.9989312887191772,59.7820823244552,0
26,0.9110323105539602,0.28806878129641234,0.9991642832756042,0.9752633458092106,0.3214509927091147,0.9972537159919739,0.9072117266200845,0.5092675685882573,0.9995439648628235,0.9478505367324475,0.5132996156102139,0.9989427924156189,59.7820823244552,0
27,0.910964284624373,0.2879039176872801,0.9991780519485474,0.9752881612096521,0.32145148799532963,0.9972847104072571,0.9071167281695782,0.5092820581935705,0.9995483756065369,0.9478141835757672,0.5133221376509898,0.9989483952522278,59.7820823244552,0
28,0.9109132999465587,0.2877526382605237,0.9991956353187561,0.9752806339945119,0.32141070422672113,0.9973239302635193,0.9070497013273701,0.5092678439049498,0.9995564818382263,0.9477779524666929,0.5133168299992883,0.99896240234375,59.7820823244552,0
29,0.9108932699475978,0.2876295887288595,0.9991945028305054,0.9752649381047211,0.3213813886755992,0.9973204135894775,0.9070115316481825,0.5092707815624422,0.9995578527450562,0.9477355536960428,0.5133548265411745,0.9989641308784485,59.7820823244552,0
30,0.9109007801328394,0.2875652057783947,0.9991880059242249,0.9752445731844228,0.3213663725625904,0.9973370432853699,0.9069891571998604,0.5092733275322691,0.9995516538619995,0.9476777513821928,0.5134070118268335,0.9989582896232605,59.7820823244552,0
31,0.9108956002053767,0.2875364805970876,0.999193012714386,0.9752290788150977,0.3213497854414443,0.9973408579826355,0.9069570586794906,0.5092383452824187,0.9995518922805786,0.9476192139443904,0.5134334337143676,0.9989597797393799,59.7820823244552,0
32,0.9108803357396814,0.2874924554711299,0.999192476272583,0.975224767412459,0.3213469982147219,0.9973050951957703,0.9069160960969478,0.5091626644134526,0.9995490908622742,0.9475561806133823,0.5134196508498423,0.9989504218101501,59.7820823244552,0
33,0.9108406702677416,0.287467154718581,0.9991874694824219,0.9752205127761485,0.32130252605392845,0.9972671866416931,0.906876220589593,0.5090789113725939,0.9995473027229309,0.9474982846350904,0.5133841406731383,0.9989433288574219,59.7820823244552,0
34,0.9107913999330438,0.287451729888008,0.9991849660873413,0.9752224541845783,0.3212342006819591,0.9972244501113892,0.9068410311426442,0.5089261702128823,0.9995443224906921,0.9474350355920345,0.513297782057808,0.9989330768585205,59.7820823244552,0
35,0.9107501137824293,0.28742115838187104,0.9991734027862549,0.9751748925163639,0.32113865585554235,0.9971713423728943,0.9068159943535222,0.5087288901919413,0.999540388584137,0.9473560736292892,0.513177403381893,0.9989267587661743,59.7820823244552,0
36,0.9107273135866445,0.287382347243173,0.9991896152496338,0.9750299624034344,0.32100856304168723,0.9971609115600586,0.9067944600468597,0.5085163173221411,0.9995474815368652,0.9472690820693977,0.5130266859417874,0.9989405274391174,59.7820823244552,0
37,0.9107147143000656,0.28734563787778244,0.9991980791091919,0.9748483356975381,0.3208606697264174,0.997136652469635,0.906781074546633,0.5082918689364483,0.9995487928390503,0.9471993304434284,0.5128518371354971,0.9989474415779114,59.7820823244552,0
38,0.9107115439006268,0.28731855324336486,0.9992026686668396,0.9746566414833078,0.32072932947249666,0.9971007704734802,0.9067687562533794,0.5081119849568325,0.9995459914207458,0.9471508974120738,0.5126741301445739,0.9989491105079651,59.7820823244552,0
39,0.9106727526301437,0.2873317272890184,0.9991951584815979,0.9745138287544258,0.3206386097839903,0.9970782995223999,0.9067522003537141,0.5080161662328815,0.9995412826538086,0.9471330415634889,0.5125211704344981,0.9989498853683472,59.7820823244552,0
40,0.9106048572631116,0.2873524384839196,0.9991979002952576,0.9744482721601222,0.32060601455824744,0.9970541596412659,0.906707547959828,0.5079412488710316,0.9995431303977966,0.9471264254479188,0.5123862482252579,0.9989674687385559,59.7820823244552,0
41,0.9105201477096202,0.28737708358537606,0.9991872310638428,0.9744100769360867,0.32060907000587124,0.9970276951789856,0.9066257051059186,0.5079268415768945,0.9995405077934265,0.9471157505398712,0.512313266595205,0.9989730715751648,59.7820823244552,0
42,0.9104413390159615,0.28738476265044466,0.999184250831604,0.9743462006251025,0.3206036388874056,0.9970213174819946,0.9065299800464093,0.5079219256128588,0.9995419383049011,0.9470963733536863,0.512273612476531,0.9989834427833557,59.7820823244552,0
43,0.9103905927567262,0.2873732078643074,0.9991832971572876,0.9743038359142493,0.3205863989534835,0.9970211982727051,0.9064439109393536,0.5079225699106856,0.9995423555374146,0.9470624810173405,0.5122871200243636,0.9989891052246094,59.7820823244552,0
44,0.9103818706103741,0.2873581619489763,0.999183177947998,0.9742702983674556,0.32062177147184123,0.9970278739929199,0.9063702736582082,0.5079354445139571,0.9995430111885071,0.9470223983128873,0.5123280371938437,0.9989960789680481,59.7820823244552,0
45,0.9103712297621235,0.28736006362097627,0.9991708993911743,0.9742640625862856,0.32070323541050894,0.9970535635948181,0.9063117277054566,0.507941067218781,0.9995409846305847,0.9469891985257474,0.5123475023678375,0.9990092515945435,59.7820823244552,0
46,0.9103625416755683,0.28737047456559706,0.9991618990898132,0.9742646870158974,0.32081447612671654,0.9970411062240601,0.9062611262003588,0.5079345589592348,0.9995404481887817,0.9469685270672761,0.5123397225425361,0.9990172982215881,59.7820823244552,0
47,0.9103216784341003,0.28740139518465335,0.9991627931594849,0.974271027814775,0.3209561535290312,0.997058093547821,0.9061779096013031,0.5079567432403569,0.9995399713516235,0.9469559561638613,0.5123501703852703,0.9990276098251343,59.7820823244552,0
48,0.9102531614757727,0.2874250738393695,0.9991685152053833,0.9742582355226798,0.3210687169006895,0.9970802664756775,0.9060942615781519,0.507930437723796,0.9995426535606384,0.9469495784668703,0.5122938723791217,0.9990401268005371,59.7820823244552,0
49,0.9101757350422095,0.28743855016572156,0.9991761445999146,0.9742408479963037,0.32111649428095157,0.9971165060997009,0.9060297324543914,0.5078517964908058,0.9995458722114563,0.9469436747687211,0.5121298829714461,0.9990555047988892,59.7820823244552,0
50,0.9100891805830464,0.2874510203089035,0.9991806745529175,0.9742237755230503,0.32115353714852135,0.9971581697463989,0.9059929819334128,0.507773475987571,0.9995474219322205,0.9469413870856883,0.5119407233737767,0.9990673065185547,59.7820823244552,0
51,0.9099882017998476,0.2874622117905392,0.9991956949234009,0.9742122377668117,0.3211379902703424,0.9971818327903748,0.9059795112836937,0.5076692246255424,0.9995484352111816,0.9469388297625958,0.5116748355683831,0.9990705251693726,59.7820823244552,0
52,0.9098766105515624,0.2874652828489034,0.9992054104804993,0.9742055620465968,0.32110453787304133,0.9971956014633179,0.9059678827013296,0.5075577100118005,0.9995492696762085,0.9469221319471095,0.5113945319539028,0.9990790486335754,59.7820823244552,0
53,0.9096861566816066,0.28750888222739834,0.9992111921310425,0.9741771732057852,0.32108780741691617,0.9972146153450012,0.9059151609738676,0.5074915744009476,0.9995502233505249,0.9468918215660829,0.5112018358139769,0.9990828633308411,59.7820823244552,0
54,0.9094487002917706,0.28756408322425137,0.9992168545722961,0.9741076656750278,0.32108985951968627,0.9972583055496216,0.905847736767361,0.5074285098484589,0.9995529055595398,0.9468362728754687,0.5110613107681279,0.9990946054458618,59.7820823244552,0
55,0.9092342427798688,0.28760202725728373,0.999222457408905,0.9739895917120441,0.32109310371535194,0.9972866177558899,0.9057867867606034,0.5073222262518751,0.9995551705360413,0.9467532379286637,0.5109237035115564,0.9990978240966797,59.7820823244552,0
56,0.9090698333013633,0.2876310547192894,0.9992413520812988,0.9738483826319384,0.32108818491299973,0.9973133206367493,0.9057534251894277,0.5072303669793269,0.9995598793029785,0.9466605413527724,0.5108597874641423,0.9990979433059692,59.7820823244552,0
57,0.9089869402703792,0.2876358358632953,0.9992583990097046,0.9737329908779697,0.32105208720479717,0.9973142147064209,0.9057416660445085,0.5071286246890118,0.9995636940002441,0.9465730843089883,0.510794614042555,0.9990947842597961,59.7820823244552,0
58,0.9089263592447561,0.2876690271354859,0.9992696642875671,0.9736709168979107,0.32100616466431414,0.9973019957542419,0.9057123490742283,0.5070727751368571,0.9995666146278381,0.9465097870145533,0.5107553544498629,0.999086856842041,59.7820823244552,0
59,0.9088398218154914,0.28775520267940724,0.9992823004722595,0.9736363916170038,0.32095843411627295,0.9973073601722717,0.9056628062611541,0.5070819060007735,0.9995731711387634,0.9464550841422316,0.510746212232681,0.9990865588188171,59.7820823244552,0
60,0.9087486153557195,0.2878468448207494,0.999293327331543,0.973627998715356,0.32092380239850027,0.9972832798957825,0.9055870374043791,0.5071461087181459,0.9995806217193604,0.9463838849748891,0.5107955081122266,0.9990888237953186,59.7820823244552,0
61,0.9086945028532125,0.28791209487687996,0.9993067383766174,0.9735952786036908,0.3208913235437305,0.9972704648971558,0.9055141466004515,0.5072492190769744,0.9995861053466797,0.946273536909195,0.5108879407246911,0.999088704586029,59.7820823244552,0
62,0.9086616351490937,0.2879484466144019,0.9993132948875427,0.9735062235877635,0.32086122745559353,0.9972537159919739,0.9054164063362856,0.5073942513692951,0.9995895624160767,0.9461387764839906,0.51100519441423,0.9990857839584351,59.7820823244552,0
63,0.9086287873131895,0.28793979116848556,0.999319314956665,0.9733935395876574,0.3208148408503762,0.9972309470176697,0.9052924201602035,0.5075239908127561,0.999591588973999,0.9460084665389296,0.5111028693971184,0.9990764856338501,59.7820823244552,0
64,0.9085443615913398,0.2879613822414764,0.9993258118629456,0.9732888227417363,0.3207757714248841,0.9972254633903503,0.9051332757586532,0.5076986778350108,0.9995974898338318,0.9459206518672769,0.511210421721141,0.9990780353546143,59.7820823244552,0
65,0.9084370164644158,0.2879972897824789,0.9993383884429932,0.9732065711702628,0.3207284495944071,0.9972391724586487,0.9049816926320402,0.5078611544200357,0.9996076822280884,0.9458664882750746,0.5112976375080295,0.9990955591201782,59.7820823244552,0
66,0.908328660896847,0.288033723831177,0.9993383288383484,0.9731707005273735,0.3206388936156321,0.997207760810852,0.9048625429471342,0.507975002129873,0.9996086359024048,0.945845286051433,0.5113790517761598,0.9990962147712708,59.7820823244552,0
67,0.9082638933545075,0.2880338827768964,0.999339759349823,0.9731757527305973,0.3205317741348632,0.9971797466278076,0.9048187647547048,0.5080293700808575,0.9996080994606018,0.9458370066824421,0.5114390509469173,0.9990894198417664,59.7820823244552,0
68,0.908227083228884,0.28800454026176836,0.9993402361869812,0.9731764254115884,0.3204396239348823,0.9971698522567749,0.9047905405362455,0.5080300143786843,0.9996041059494019,0.9458342648687825,0.5114579371043618,0.9990768432617188,59.7820823244552,0
69,0.9082037323997142,0.28795181853430635,0.9993429780006409,0.9731764906928662,0.3203744349025547,0.9972105026245117,0.9047760963439949,0.507986704508464,0.9996066093444824,0.9458323035921377,0.5114321935744517,0.9990894198417664,59.7820823244552,0
70,0.9081807250068309,0.28790935164406206,0.9993429780006409,0.9731688811665498,0.3203565293834325,0.9972134232521057,0.9047521466300609,0.507980482918876,0.9996093511581421,0.9458251169749676,0.5114207835424518,0.9990954995155334,59.7820823244552,0
71,0.9081918001174935,0.28788142686798485,0.9993507862091064,0.9731652197383707,0.3203616638978325,0.9972264170646667,0.9047265081178583,0.5079964257421952,0.9996157288551331,0.9458116094271349,0.511438091595968,0.9991111159324646,59.7820823244552,0
72,0.9082241257031767,0.28787095064208645,0.9993485808372498,0.9731687988553736,0.3203508484931222,0.997226357460022,0.9047116438547778,0.5080442315056215,0.9996195435523987,0.9457982494717561,0.5114899760200868,0.9991182684898376,59.7820823244552,0
73,0.9082785419055401,0.2878474096457166,0.9993530511856079,0.9731989900271105,0.32033839537983877,0.9972039461135864,0.904708161240533,0.5081034018879849,0.9996265172958374,0.945785343647004,0.5115594296228322,0.9991306662559509,59.7820823244552,0
74,0.9083350556237364,0.287815020197914,0.999356210231781,0.9732333932604116,0.32031897845722407,0.9971951842308044,0.904696600777763,0.5081638438361036,0.9996330738067627,0.9457743253026698,0.5116226389294583,0.9991435408592224,59.7820823244552,0
75,0.9083767221087509,0.2877604890437355,0.9993635416030884,0.9732556030863816,0.3202990733441855,0.9972209930419922,0.9046871066093453,0.5082106363205687,0.9996403455734253,0.9457672862779534,0.5116670557430817,0.9991634488105774,59.7820823244552,0
76,0.9084010237739208,0.28770419245674517,0.999366819858551,0.9732666242690321,0.32028730000768413,0.9972667694091797,0.9046790571439842,0.508257042794001,0.9996455907821655,0.9457572045780371,0.5116978429612664,0.9991779327392578,59.7820823244552,0
77,0.9083922051248103,0.28765817199434573,0.9993746876716614,0.9732805831091753,0.3202821881998156,0.9972994923591614,0.9046706869488679,0.5083130002021794,0.9996525049209595,0.9457587060474222,0.5117366682915465,0.9991897344589233,59.7820823244552,0
78,0.9083399942943036,0.2876320154893968,0.999381422996521,0.9732977634384526,0.3202416868436907,0.9973124861717224,0.9046810695103243,0.5083499210221432,0.9996562600135803,0.9457906796818696,0.511773078214555,0.9991909861564636,59.7820823244552,0
79,0.9082473261015762,0.28758016086760047,0.999390184879303,0.9733288117817478,0.32015185696738135,0.9973363876342773,0.9046885513124019,0.5083037217458093,0.9996615052223206,0.9458404978116361,0.5117181227320721,0.9991979002952576,59.7820823244552,0
80,0.9081343469165628,0.28750171547844316,0.9994052648544312,0.9733658092362548,0.31994427669616,0.9973722696304321,0.9047224919001269,0.5081214053290235,0.9996703863143921,0.9459089892251159,0.5115114876202178,0.9992159605026245,59.7820823244552,0
81,0.9080272402082178,0.2873561793849584,0.9994123578071594,0.973391987028577,0.31965265529496356,0.9974043965339661,0.9047927345548366,0.5077361407734102,0.9996746182441711,0.9459825186502374,0.5111659140813922,0.999222993850708,59.7820823244552,0
82,0.9079749811263319,0.2871519866443818,0.9994068741798401,0.9734081115041467,0.31936090616952834,0.9974392652511597,0.9048801036108116,0.5072759872391115,0.99967360496521,0.9460347834087561,0.5107906233696715,0.9992254972457886,59.7820823244552,0
83,0.9079574999355142,0.28694000414439635,0.9994006156921387,0.9734376271565763,0.31913426802271916,0.9975000023841858,0.9049528666905002,0.5068959764071878,0.9996705055236816,0.9460623803592871,0.5105077595937824,0.999228835105896,59.7820823244552,0
84,0.9079700566473469,0.28677461828504314,0.9993999004364014,0.9734772954668325,0.31898523370424936,0.9975016713142395,0.9050128034182965,0.5066634274664383,0.9996639490127563,0.9460806449254362,0.5103781194913959,0.9992114901542664,59.7820823244552,0
85,0.9079939694631675,0.2866813455309189,0.9994096159934998,0.9735261031559543,0.31893300300552757,0.997506856918335,0.9050320159821291,0.5065832819257468,0.9996699690818787,0.9460905790328987,0.5103527733257843,0.9992157220840454,59.7820823244552,0
86,0.9080111072176986,0.2866909688427337,0.9994165301322937,0.973598315602258,0.31888991594314603,0.9975401163101196,0.9050596611840391,0.5066164135932926,0.9996784329414368,0.9461197796322058,0.5103636384010319,0.9992335438728333,59.7820823244552,0
87,0.9080154470035016,0.2867219206832706,0.9994194507598877,0.9736756512096958,0.3188508933498748,0.9975707530975342,0.9051097148940683,0.5066422053745818,0.9996808171272278,0.9461610856510352,0.5103703935941064,0.9992431998252869,59.7820823244552,0
88,0.9080186826842179,0.2867016948404768,0.9994214177131653,0.973741116977874,0.31882646679878257,0.9975964426994324,0.9051642219225574,0.5066126074109762,0.9996751546859741,0.9461988948640376,0.5103314149947398,0.9992403388023376,59.7820823244552,0
89,0.9080223072142836,0.2866516084898088,0.9994246363639832,0.9738466285523921,0.31881070846603055,0.9976087212562561,0.9052023206438344,0.5065470905531024,0.9996680617332458,0.9462285723005031,0.5102427800496423,0.9992320537567139,59.7820823244552,0
90,0.9080264994076328,0.2865862122603827,0.9994253516197205,0.9739595850308744,0.3187953659466337,0.9976359605789185,0.9052260858672013,0.5064426575388231,0.9996621608734131,0.9462653653962279,0.5101355768385392,0.999226987361908,59.7820823244552,0
91,0.908033504372552,0.28655830451420394,0.9994199275970459,0.9740538966088075,0.31878520477385774,0.9976450800895691,0.9052550310180307,0.5062987265132726,0.9996577501296997,0.9463209992363346,0.5100051306542901,0.9992188811302185,59.7820823244552,0
92,0.9080556545938772,0.28657682594798883,0.9994038939476013,0.9741262424559829,0.3187840538365503,0.9976481199264526,0.9053260229882748,0.5060895369166423,0.9996476173400879,0.9464029130481546,0.5098233024279281,0.99920254945755,59.7820823244552,0
93,0.9080882299514051,0.28661861589976745,0.9994005560874939,0.9741496273449497,0.3188130458196007,0.9976645708084106,0.905446824573336,0.505821491990771,0.9996508359909058,0.9464888459160221,0.5096234281857812,0.9992097616195679,59.7820823244552,0
94,0.9081354879197627,0.2866694700150265,0.9993937611579895,0.9741438116346095,0.31887896288008943,0.9976674318313599,0.9055757664498836,0.5055300990740462,0.9996525645256042,0.9465774269331078,0.5094246608870374,0.9992141127586365,59.7820823244552,0
95,0.908207351253147,0.28671790588469753,0.999388575553894,0.974166447208042,0.3189418869359155,0.9976562857627869,0.9056843803042465,0.5052801115172254,0.9996560215950012,0.9466635897046052,0.5092365514664428,0.9992209076881409,59.7820823244552,0
96,0.9082974337396175,0.28675067850521657,0.9993797540664673,0.9742122292518623,0.31892489819299635,0.9976662397384644,0.9057463776497621,0.5051178506442482,0.9996607899665833,0.9467594424883532,0.5091420951343723,0.9992316365242004,59.7820823244552,0
97,0.9083863241331925,0.28680875897407554,0.9993827939033508,0.9743296248572222,0.318877560751779,0.9976951479911804,0.9057644861085082,0.5051390386763077,0.9996703863143921,0.9468720981052952,0.5093018753188001,0.9992514848709106,59.7820823244552,0
98,0.9084839026133228,0.28683833565030803,0.9993832111358643,0.9745769245283953,0.31873491690272404,0.9977067708969116,0.9057559058779769,0.5054206791378206,0.9996792674064636,0.9469840640113475,0.5096609109923957,0.9992673397064209,59.7820823244552,0
99,0.90855645281928,0.28695860363188264,0.9993781447410583,0.9748682521638424,0.318515764815467,0.997683584690094,0.905745622657595,0.506052292528607,0.9996851682662964,0.9470730679375793,0.5102105254218696,0.9992697238922119,59.7820823244552,0
100,0.9085952980177749,0.2871645731585369,0.9993612170219421,0.975176964487349,0.31832757166453796,0.9975994825363159,0.9057251470429564,0.5069371149653484,0.9996834397315979,0.9471414344651365,0.5108180698894323,0.9992517828941345,59.7820823244552,0
101,0.9086308195477448,0.2873976102897101,0.9993464350700378,0.9754189678600864,0.3180924086343677,0.9975106716156006,0.9057199415706461,0.5077803021385561,0.9996829628944397,0.9471896716526584,0.5112712837400895,0.9992358684539795,59.7820823244552,0
102,0.90883242232459,0.2875869373480481,0.9993199706077576,0.9756183794566571,0.31789539825348656,0.9973591566085815,0.9057425884973442,0.5083418971016298,0.9996808767318726,0.9472574222655531,0.5114792556989765,0.9992154836654663,59.7820823244552,0
103,0.9091614144189024,0.287717633304142,0.9992758631706238,0.9757748558407746,0.31778694476400127,0.9972673058509827,0.9057847772325796,0.5085583925247197,0.9996734857559204,0.9473732823417308,0.511556290444874,0.9991990923881531,59.7820823244552,0
104,0.9096789388429558,0.28770995991570636,0.999232828617096,0.9759478710946591,0.3177255292733513,0.9972282648086548,0.9059035465830856,0.5085373606000632,0.9996702671051025,0.9475035355204635,0.5115333767164325,0.9991952180862427,59.7820823244552,0
105,0.9102555456615636,0.2877166356359212,0.9992058873176575,0.9761381319590985,0.3176376280330479,0.9971486330032349,0.9060789744059252,0.5084857032412579,0.9996702671051025,0.9476147379193995,0.5115304958252684,0.9991956353187561,59.7820823244552,0
106,0.910701411111015,0.28778642132168747,0.9991816878318787,0.9763402938842782,0.31744115977060255,0.9971100091934204,0.9062800748007646,0.5084822206270131,0.9996702075004578,0.9477298174585623,0.5115486951101398,0.9992045760154724,59.7820823244552,0
107,0.9109329041980568,0.28789509194237867,0.9991451501846313,0.9764804953620555,0.31704522598357454,0.9970741271972656,0.9065011427516037,0.5084792545863565,0.9996671676635742,0.9478786303883515,0.5115274105753221,0.9992120862007141,59.7820823244552,0
108,0.911058391843524,0.28799174087388196,0.9990609884262085,0.97666602191471,0.31662517927941847,0.9970254898071289,0.906709381512234,0.5084346759886973,0.999646008014679,0.9481185674667366,0.5114415855634784,0.9991905689239502,59.7820823244552,0
109,0.9111093821979711,0.28809340085302104,0.9989734888076782,0.9769219529061098,0.3162660201390587,0.9969821572303772,0.9069330380076461,0.5083719037827996,0.9996206760406494,0.9484657503309712,0.5113381601515274,0.9991685748100281,59.7820823244552,0
110,0.9112072927611222,0.2881344414892653,0.9989110231399536,0.9772596018654967,0.31610055054937114,0.9970298409461975,0.9072726368904122,0.5082784295082097,0.9996121525764465,0.9488414015088771,0.5112308150246034,0.9991856217384338,59.7820823244552,0
111,0.911351890791031,0.2881933039142974,0.9988546371459961,0.9776891413189124,0.3159980447519396,0.9970550537109375,0.9076719511122937,0.5082237805638998,0.9996108412742615,0.9492444481168483,0.5111828843752547,0.9992039799690247,59.7820823244552,0
112,0.9115653094791238,0.288289512906756,0.9988269805908203,0.9781090106282923,0.31589255162647817,0.9970207214355469,0.9080428821699968,0.5083061797278272,0.9996115565299988,0.9495968137468618,0.5113709824425837,0.9992032647132874,59.7820823244552,0
113,0.9118265140624282,0.2883688622996923,0.9987634420394897,0.9784608625230342,0.3158105100904195,0.9969666004180908,0.9084468285242725,0.5085091931479322,0.9996039867401123,0.9499728253909527,0.5117094914118453,0.9991982579231262,59.7820823244552,0
114,0.9120513257526224,0.28841187698500526,0.9987457990646362,0.9787304004033415,0.3157900089309332,0.9970351457595825,0.908841788768769,0.508621658597674,0.999595046043396,0.9502991551444652,0.5119942057700388,0.9991973638534546,59.7820823244552,0
115,0.9124208121072686,0.2884356578191124,0.9987200498580933,0.9789140366372616,0.3155970800490609,0.9971039295196533,0.9094018056279145,0.5084476300648285,0.9995995759963989,0.9505759505998528,0.5119709287370959,0.9992250800132751,59.7820823244552,0
116,0.9128412462416157,0.2883997573739009,0.9986806511878967,0.9790498472395406,0.31522205471992515,0.9970825910568237,0.910165761198317,0.5080503906522482,0.9995848536491394,0.9508081532659993,0.5116694228989741,0.9992179274559021,59.7820823244552,0
117,0.9132122936702918,0.2883735185577758,0.9986618161201477,0.9791790956542613,0.3145621617635094,0.9970915913581848,0.9109125761758721,0.5076067901792984,0.9995875954627991,0.9510376141184861,0.5112414303280063,0.9992265105247498,59.7820823244552,0
118,0.9134872442200078,0.28849692855562503,0.9986593127250671,0.9793634414672859,0.3137744168440504,0.9971213936805725,0.9114262262980151,0.5073215904689974,0.99958336353302,0.9513044187000828,0.5108384518396291,0.9992231726646423,59.7820823244552,0
119,0.9136557266825729,0.2887989793504989,0.9985957145690918,0.979696092151461,0.3131336342720761,0.997055172920227,0.9116729299227404,0.5072749257087712,0.9995793700218201,0.9516276121139534,0.5105789247013277,0.9992200136184692,59.7820823244552,0
120,0.9136761739140472,0.2892125859147029,0.998543918132782,0.9801110341435395,0.3127558799017046,0.9969530701637268,0.9116494570459647,0.5073820551236474,0.9995725154876709,0.9518933494885771,0.5104545439992636,0.999209463596344,59.7820823244552,0
121,0.9137594501177477,0.28961672385533677,0.9985065460205078,0.9805264416195105,0.31240612836111187,0.9968271851539612,0.9117053122747519,0.5072810394423353,0.9995713233947754,0.9521593054135649,0.5102227926254277,0.9991985559463501,59.7820823244552,0
122,0.9138709306716926,0.2899694953645981,0.9984831213951111,0.9808930243764613,0.31203270951906864,0.9967480897903442,0.911912659804027,0.5070904379799257,0.9995762705802917,0.9523911987032216,0.5100376747903375,0.9992018342018127,59.7820823244552,0
123,0.9139584160986408,0.2902571913741886,0.998519778251648,0.9811750678789057,0.31142684959229994,0.9968389272689819,0.9121526791935882,0.5068929308936714,0.9995956420898438,0.9525456740742646,0.5099428267706012,0.9992343783378601,59.7820823244552,0
124,0.9139767374311182,0.29056812468029225,0.9985541105270386,0.9814210363796787,0.3107139524959385,0.9968550801277161,0.9123221210071026,0.5067051393645154,0.9996128678321838,0.9527301901862743,0.509765051660084,0.9992566108703613,59.7820823244552,0
125,0.9139804187275122,0.2908543816634589,0.9985930919647217,0.9816951042129888,0.310142170815241,0.9969001412391663,0.9124431383042115,0.5066082676251733,0.9996278285980225,0.9529476023855671,0.5096262948853633,0.9992806315422058,59.7820823244552,0
126,0.9140201466424132,0.29103997633570744,0.9986449480056763,0.981971536363875,0.3098300624461403,0.9969802498817444,0.9125545280320311,0.5068770675432119,0.9996476769447327,0.9531851637931105,0.5097798563185196,0.999309241771698,59.7820823244552,0
127,0.9140974198068899,0.29107986035801137,0.9987260699272156,0.9822419200624747,0.30978463519187227,0.9970765113830566,0.9127877979051506,0.5073632654689612,0.9996695518493652,0.9534613121123549,0.5100449777784806,0.9993389248847961,59.7820823244552,0
128,0.9141726635751277,0.2910499814010804,0.9987868070602417,0.9824393561908185,0.3098611377534415,0.997104823589325,0.913038441113064,0.5080400194440573,0.9996835589408875,0.9536635194505971,0.510419314815885,0.9993472099304199,59.7820823244552,0
129,0.9142237106959032,0.29104498454502675,0.9988570809364319,0.9825238074575159,0.3098773019654413,0.9971102476119995,0.9132898620196759,0.5087899508930391,0.9997010827064514,0.953759017444793,0.510810426303319,0.9993540644645691,59.7820823244552,0
130,0.9142352399371927,0.2910700724238443,0.9988994598388672,0.9826052274022792,0.3098694114457996,0.9971261024475098,0.9135097634224673,0.5093749193918141,0.999708354473114,0.9538071240697596,0.5110414084934056,0.9993568062782288,59.7820823244552,0
131,0.9142126951898855,0.29109517875171864,0.9989269375801086,0.9826979495230184,0.3098222911357882,0.9971665143966675,0.9136901242392411,0.5096125233741038,0.9997113943099976,0.9538574190366843,0.511072138945262,0.9993593096733093,59.7820823244552,0
132,0.9142079324949363,0.2911493295714971,0.9989616870880127,0.9827929564884739,0.30972563368933564,0.9972108006477356,0.9138503330094482,0.510016262531281,0.9997129440307617,0.9539816521462947,0.5111940077372964,0.9993595480918884,59.7820823244552,0
133,0.9142058037576228,0.29120754202206955,0.9989799857139587,0.9828788070451654,0.3096203080245429,0.9972792863845825,0.9140800266038811,0.5106886284691952,0.9997069239616394,0.9541409810384123,0.5112996555510025,0.9993581771850586,59.7820823244552,0
134,0.9142063856124886,0.29132346312205015,0.9989908933639526,0.9829288437252961,0.30950626730918906,0.9972706437110901,0.9144718959217987,0.5116215830757509,0.9996845126152039,0.9543408637955083,0.5114718363398602,0.9993170499801636,59.7820823244552,0
135,0.9141935649372289,0.29153634962581476,0.9989986419677734,0.9829278815360304,0.3094088037808739,0.9970992803573608,0.9149733384450284,0.5126980089005974,0.9996688961982727,0.954545886743637,0.5117357571919763,0.9992396831512451,59.7820823244552,0
136,0.9141714998653965,0.29184085698354834,0.9989720582962036,0.9829272287232543,0.3093698549838296,0.9969863295555115,0.9155069447699055,0.5135790705680852,0.9996424913406372,0.954706183501653,0.5119941944167732,0.999179482460022,59.7820823244552,0
137,0.9141472861880355,0.2921940641743799,0.9989826679229736,0.9828661226090939,0.30935568468911334,0.9969639778137207,0.9159246370905928,0.5140023089590531,0.9996377229690552,0.9547838284855805,0.5121688473792307,0.9991529583930969,59.7820823244552,0
138,0.9141584180650264,0.29251217416354613,0.9989795088768005,0.9827807801110412,0.3092768192291262,0.9969776272773743,0.9161749964668645,0.51412669533775,0.9996281862258911,0.954809784889222,0.5122326612472539,0.9991326928138733,59.7820823244552,0
139,0.9141928752263393,0.29282943975357806,0.9989469051361084,0.982632688113622,0.30904848518825734,0.9969393610954285,0.9163018124444151,0.5141037248429803,0.9996007084846497,0.9546718767711102,0.5121630515371054,0.9990720152854919,59.7820823244552,0
140,0.9142429119064702,0.29318775591396173,0.9989190101623535,0.9824823254630687,0.3087250107810613,0.9969478249549866,0.9164153678076615,0.5140578519730346,0.9995965361595154,0.954417878673191,0.5120451847712203,0.9990627765655518,59.7820823244552,0
141,0.9142751012529653,0.293503040359134,0.9989174604415894,0.9823771913846342,0.30840232542582946,0.9970027208328247,0.9164468844731657,0.5140296760059543,0.9996031522750854,0.9541017668587828,0.5118924776713057,0.99906325340271,59.7820823244552,0
142,0.9142823020617175,0.29375331458591303,0.9988919496536255,0.9823328086308079,0.30809722202164813,0.9970044493675232,0.9164307401293807,0.5141950959251045,0.9995613098144531,0.9538027786073238,0.5117449930736001,0.9990113973617554,59.7820823244552,0
143,0.9142840164048339,0.2939203793094274,0.9988683462142944,0.9823075845128022,0.30789725553421776,0.9969213604927063,0.9164218193008793,0.5144860375495188,0.9995291233062744,0.9536162756738216,0.5116871481850038,0.9989410042762756,59.7820823244552,0
144,0.9142733017603564,0.2938872731867293,0.9988820552825928,0.9822310606638599,0.3077292726153421,0.9967875480651855,0.9164341489473986,0.5147994075502672,0.9995179176330566,0.9535404273441868,0.5116261527651836,0.9988613128662109,59.7820823244552,0
145,0.9142270741008585,0.2938064833482109,0.9988739490509033,0.9820604551406142,0.3075033014728912,0.9967077374458313,0.9164470150357209,0.5148959926196511,0.999480664730072,0.9535056409381693,0.5113806724548344,0.9987857341766357,59.7820823244552,0
146,0.9141434686524536,0.29372022407395526,0.9988585710525513,0.9818291493824558,0.3072615592252643,0.9965994358062744,0.9164425021126165,0.5146639432225912,0.9994483590126038,0.9534452869778596,0.5109941647166302,0.9987245202064514,59.7820823244552,0
147,0.9140343666076668,0.2936082170123148,0.9988632798194885,0.9816136019570495,0.3070025316306525,0.9965393543243408,0.9164347166106822,0.5141307200704306,0.9994592666625977,0.9534478045645223,0.5105130076408391,0.9987379312515259,59.7820823244552,0
148,0.9138732041631433,0.2935057225681489,0.9988704919815063,0.9814755575997497,0.3066141889208841,0.9964866042137146,0.916492720444998,0.5138073819024227,0.9994783997535706,0.9535407196907778,0.5101190635136199,0.9987690448760986,59.7820823244552,0
149,0.9137024283409126,0.2934522983573734,0.99886155128479,0.9814180476324907,0.30611729054223946,0.9963149428367615,0.9166334072748827,0.5137601948919754,0.9994890093803406,0.9537305179096411,0.5100213885307316,0.9987523555755615,59.7820823244552,0
150,0.9134693543116259,0.29339315493901597,0.998779296875,0.9813853502273567,0.30559481609435335,0.996105432510376,0.9168048557781046,0.5140354604948139,0.9994437098503113,0.9539255953970417,0.5101946336882459,0.9986763000488281,59.7820823244552,0
151,0.913134421621051,0.29342623409770807,0.9987806081771851,0.9813861165727895,0.3051506805987587,0.9959281086921692,0.916954213664646,0.5143082766305836,0.9994553923606873,0.9541154617354991,0.5103645040875393,0.9986571669578552,59.7820823244552,0
152,0.9127757208687927,0.2935098182587399,0.9987602829933167,0.9813786234174464,0.3048437918935506,0.9956868290901184,0.9170353185562867,0.5143971187727796,0.9994481801986694,0.9543219691231145,0.5103233570144294,0.9986069798469543,59.7820823244552,0
153,0.9124798746336081,0.2936372714383264,0.998744010925293,0.9813912283806582,0.30468462336631075,0.9956892728805542,0.9170426925023405,0.5144341275805523,0.9994379281997681,0.9545323990640193,0.5105014301481705,0.9985762238502502,59.7820823244552,0
154,0.9122644662857062,0.2937869230906171,0.998731255531311,0.9813994538216372,0.3046088601861684,0.9956371784210205,0.917023400465648,0.5147039237476534,0.9994381666183472,0.9546838856878742,0.5111924949146456,0.9985423684120178,59.7820823244552,0
155,0.9122055910882503,0.29392527682440645,0.9986369609832764,0.9815335784639638,0.304553514435178,0.9953177571296692,0.9170794458616355,0.5151759811810088,0.9993298053741455,0.954797926403228,0.5123659429096044,0.9982724189758301,59.7820823244552,0
156,0.9122410161154617,0.2940637213843212,0.9985918402671814,0.9817658151899072,0.30454388402757215,0.9947549700737,0.9171686342784344,0.5156716931433909,0.9992499947547913,0.9547877680687684,0.5135919025966104,0.9979235529899597,59.7820823244552,0
157,0.9122674919310078,0.294297957704181,0.9984187483787537,0.9820210848535817,0.30456075923783466,0.9940515160560608,0.9172611804235556,0.5160989619436722,0.998943030834198,0.9547315126373662,0.5147968559038075,0.997313916683197,59.7820823244552,0
158,0.912314917360034,0.2945688068866732,0.9983841776847839,0.9822246460687554,0.30453223131951856,0.9939411878585815,0.9174107455071956,0.5162608680270971,0.9989287853240967,0.9548378189404813,0.5154210556121104,0.9972214698791504,59.7820823244552,0
159,0.9123786120187676,0.29481259839875384,0.9983139038085938,0.982332842690605,0.3044344399656571,0.9938777089118958,0.9176710219610312,0.5163642537026183,0.9988616704940796,0.9551200440951764,0.5157882031940283,0.9970893859863281,59.7820823244552,0
160,0.9124068958418717,0.2949592825912296,0.9982441067695618,0.9823199482191184,0.3042883305322559,0.9938313364982605,0.917936835970198,0.5163703135081704,0.9987767338752747,0.9555548117274337,0.5160559472583593,0.9969595670700073,59.7820823244552,0
161,0.9124058655330121,0.2950018176010679,0.9981103539466858,0.9823304698580795,0.30407375239190626,0.9936073422431946,0.9183056099074236,0.5162899522554311,0.998660683631897,0.9560127996263058,0.5162136128970559,0.9967816472053528,59.7820823244552,0
162,0.9123724216506601,0.2950718431245716,0.9980011582374573,0.9823409517606108,0.3037970406668529,0.9934919476509094,0.9186473204976044,0.515958808717274,0.998396098613739,0.956303644747962,0.5161235502788003,0.9964244961738586,59.7820823244552,0
163,0.912304531960261,0.2952232176349279,0.9976199865341187,0.9823561963580912,0.30336940430459547,0.9931007623672485,0.9189624928292781,0.5155891435486935,0.9980180263519287,0.9564173448653457,0.5161554132189073,0.9957805275917053,59.7820823244552,0
164,0.9121522364162271,0.2954607804616295,0.9976029396057129,0.9823791100865327,0.3026829390298755,0.9931390881538391,0.9192328623362958,0.5149914139793037,0.9980832934379578,0.9564956086022521,0.5159025845073523,0.9958069920539856,59.7820823244552,0
165,0.9119371005467013,0.2957809312003002,0.9974910616874695,0.9823972582817087,0.30181571983155775,0.9931079745292664,0.9194964539437074,0.5145295262336735,0.9978405833244324,0.9566706191925783,0.5155102610588078,0.9954552054405212,59.7820823244552,0
166,0.9116661293166032,0.296093692382177,0.997478723526001,0.9824021657307951,0.3007094703969504,0.9931591153144836,0.9197710497038712,0.5136033608799893,0.9978446960449219,0.956940466449375,0.5143329302469893,0.9953806400299072,59.7820823244552,0
167,0.91135060787201,0.29633850710732623,0.9975762367248535,0.9824201152438218,0.29969759356407916,0.9933186769485474,0.9202025447572988,0.5125886655989151,0.9979960322380066,0.9575500346365436,0.5128332745461242,0.9955552816390991,59.7820823244552,0
168,0.911103254272825,0.29652049995604035,0.9976430535316467,0.9824453762599408,0.2987548680532549,0.9933314323425293,0.9207372296424146,0.5114994957333523,0.9981358051300049,0.9583236858958297,0.511366636980148,0.9956797957420349,59.7820823244552,0
169,0.9109253968511316,0.29669931247120834,0.9977730512619019,0.9824864864349374,0.2980195170357116,0.9934462904930115,0.9213205973307299,0.5112028746377858,0.9982759952545166,0.9592545713697169,0.5106863152413146,0.995881974697113,59.7820823244552,0
170,0.910723200866155,0.29696942652974834,0.9978340268135071,0.9825219739051101,0.2975422640641533,0.9934276342391968,0.9217246458643966,0.5117681792804177,0.9983954429626465,0.9601416048549478,0.5107674570310687,0.9960203766822815,59.7820823244552,0
171,0.9105606079101569,0.297321901434944,0.9979422092437744,0.9825392422221964,0.29736131003924804,0.9935683012008667,0.9219313519341613,0.513028618835268,0.9985160827636719,0.9607651914869044,0.5115133325258895,0.9962141513824463,59.7820823244552,0
172,0.9104558342979074,0.2976505089373818,0.9980355501174927,0.9825270970662443,0.2972797581127714,0.9937068223953247,0.9220802556900758,0.51401679572605,0.9986132979393005,0.9610801906812766,0.5119793670518062,0.9963510632514954,59.7820823244552,0
173,0.9103899711654307,0.29788202331179686,0.9981434345245361,0.9825167514029012,0.297365473849433,0.9938639402389526,0.9223426097915294,0.5147608291535155,0.9987114667892456,0.96138540336064,0.5122768595105129,0.9965254068374634,59.7820823244552,0
174,0.9103937404496336,0.2979966728460224,0.9982510805130005,0.9825295465333129,0.29734886686007206,0.9939547181129456,0.922681079024361,0.5150252722558526,0.9988018274307251,0.9615754087766019,0.5123409004438495,0.996661901473999,59.7820823244552,0
175,0.9104135036468514,0.29814088344573997,0.9982672929763794,0.9825658315703991,0.29732670528548133,0.9940409660339355,0.9229534353528711,0.5152985340073,0.9988541603088379,0.9617187238874898,0.5124809883889703,0.9967269897460938,59.7820823244552,0
176,0.9103962977727261,0.29835122114136126,0.9983122944831848,0.9826504332678667,0.29728649911426386,0.9942434430122375,0.9231177880650483,0.5157140152794979,0.9989088773727417,0.9619316572234752,0.5126805248714633,0.996840238571167,59.7820823244552,0
177,0.9104110144433528,0.2985386422702247,0.9983777403831482,0.9827734317098353,0.297327518463135,0.994427502155304,0.9232685622714822,0.5160193897428971,0.9989719390869141,0.9621565966379082,0.5128443865549001,0.9969474077224731,59.7820823244552,0
178,0.9104418442362838,0.29862847214653404,0.9984591603279114,0.9828913211822516,0.2972107047126409,0.9945147633552551,0.9234819696063095,0.5160912388846992,0.9990308284759521,0.9624719534601491,0.5128493564469478,0.9970149993896484,59.7820823244552,0
179,0.9105248507999246,0.2986128457954954,0.9985706806182861,0.9830020495823459,0.2969543394588291,0.9948298335075378,0.9239631351970499,0.516095598538717,0.9990880489349365,0.9629759277616237,0.5129056203932993,0.9971480965614319,59.7820823244552,0
180,0.9106047494070878,0.2985389048144933,0.9985920786857605,0.9830750879787271,0.29666782418886845,0.99500572681427,0.9244955494290313,0.5163108961922787,0.9990368485450745,0.963505651269641,0.5132336502983461,0.9970883131027222,59.7820823244552,0
181,0.9106454395112544,0.2985043128331505,0.9986224174499512,0.9831051202047446,0.29642153921581477,0.9951218962669373,0.9248933281217311,0.5167106333233066,0.998981237411499,0.9638888154711049,0.5137088979993552,0.9970001578330994,59.7820823244552,0
182,0.9105969355219894,0.2985383896600635,0.9986971020698547,0.9830618869690675,0.2962745825449628,0.9953417778015137,0.9251209610984447,0.5172415432475866,0.9990454912185669,0.9641771543593642,0.5141829167093553,0.9971562027931213,59.7820823244552,0
183,0.9105058340799249,0.2986332490330653,0.9987764954566956,0.9829613594781793,0.2963249981403353,0.9955196976661682,0.9251954016231363,0.5177269663129538,0.9990983605384827,0.964298327763876,0.5144943367867247,0.997261643409729,59.7820823244552,0
184,0.9103738921029234,0.29874992512521314,0.9988647103309631,0.982831435544151,0.2963234399046219,0.9957996010780334,0.9250979395139793,0.5181323999450325,0.9991536736488342,0.9642615204765691,0.5146888806706387,0.9973953366279602,59.7820823244552,0
185,0.9101965682847166,0.29890148128782024,0.9989132881164551,0.9827150390261703,0.29624815072332134,0.9960012435913086,0.9250367198671621,0.518434081758772,0.9991711378097534,0.9642471302123304,0.5149238166354955,0.9974616765975952,59.7820823244552,0
186,0.909955649148851,0.2990892359188627,0.9988946318626404,0.9826122266905657,0.2961237856319975,0.9960510730743408,0.9249571476663869,0.5186382049605964,0.9991401433944702,0.9642404516537992,0.5151405930519108,0.9974145293235779,59.7820823244552,0
187,0.9097130185081853,0.2992695087478277,0.9989026188850403,0.9825626214345304,0.2959759803045366,0.9961181282997131,0.924895195733934,0.5186788354601184,0.9991765022277832,0.9642471529188619,0.5151483416557316,0.9974827170372009,59.7820823244552,0
188,0.9095122672262653,0.29941793708574227,0.9989244937896729,0.9825165754272832,0.29584738328343374,0.9961114525794983,0.9248630092257553,0.518550228504908,0.9991992712020874,0.9642264899753398,0.5149302283922835,0.9975022673606873,59.7820823244552,0
189,0.9094050923983263,0.2994874190716519,0.9988892078399658,0.9824976807548893,0.29579479069936865,0.9959543943405151,0.9248859087626147,0.5183271794092092,0.9991124868392944,0.96419439145497,0.5145103136698409,0.9973033666610718,59.7820823244552,0
190,0.9093968556040817,0.2994769102051147,0.9988446831703186,0.9824772079785673,0.29575783723876614,0.9959053993225098,0.9249065688678204,0.5180990695953374,0.9990254640579224,0.9641150832176216,0.5140374132565093,0.9971504807472229,59.7820823244552,0
191,0.9094107605162128,0.29941745599110947,0.998808741569519,0.9823878322328847,0.2956219755467917,0.9958797097206116,0.9248744646708178,0.5176250735918685,0.9989818334579468,0.9639995552244649,0.5133463030769716,0.9970550537109375,59.7820823244552,0
192,0.9094308557964514,0.2992871403694155,0.9987215995788574,0.9822496260915492,0.29544275573321777,0.9958072304725647,0.924671513693674,0.5169677195094884,0.9988721609115601,0.9638532343364905,0.5124583670071197,0.9968321323394775,59.7820823244552,0
193,0.9094502329826363,0.2990323816026963,0.9986546635627747,0.9821065607525061,0.2952812299841929,0.9956983327865601,0.9242562821933209,0.5162791013717656,0.9988366961479187,0.9636058154560279,0.5115986977304735,0.9967104196548462,59.7820823244552,0
194,0.9094905541056686,0.2986676409131007,0.9986481666564941,0.981996933619182,0.2951507781233109,0.9956002235412598,0.923793670677004,0.5156613134202508,0.9988583326339722,0.9633562167485562,0.5110216907092507,0.9967042803764343,59.7820823244552,0
195,0.909532050291698,0.29814539494968617,0.9986933469772339,0.9819751977920541,0.29517408212025986,0.995660126209259,0.9234226487931758,0.5153953234354659,0.9989252090454102,0.9630750389326195,0.5108908727055508,0.9968195557594299,59.7820823244552,0
196,0.9095611600648796,0.297493256273724,0.9987243413925171,0.9820043274334508,0.2952593323730289,0.9957183599472046,0.9232294531095603,0.515196610064734,0.9989707469940186,0.9628245887302225,0.5109441053299681,0.9968838095664978,59.7820823244552,0
197,0.9095737451598764,0.2968579289459049,0.998764157295227,0.9820264606248772,0.2954725850196114,0.9958497881889343,0.9231081292742782,0.5148080303555447,0.9990155696868896,0.9625792673655926,0.5108645728656228,0.9969878196716309,59.7820823244552,0
198,0.9095664932614289,0.29634157106989933,0.9988229274749756,0.9820648091179992,0.2958752484548662,0.9960284233093262,0.9228537054288962,0.5144654171807429,0.9990804195404053,0.9622873351687484,0.5108257617269247,0.9971385598182678,59.7820823244552,0
199,0.9095780026345034,0.29597999226479327,0.9988577365875244,0.9820447223527099,0.2963214899812428,0.9961264729499817,0.9222955192838405,0.5141333682196485,0.9991317987442017,0.9618321941012435,0.5107678203355702,0.9972253441810608,59.7820823244552,0
200,0.9096431505112428,0.29608766663642183,0.9988995790481567,0.9819409222829918,0.29662460656393164,0.9962099194526672,0.9215488093239927,0.5138454976535983,0.9991734623908997,0.9613111331349335,0.510710267793565,0.9972587823867798,59.7820823244552,0
201,0.9098373027074912,0.2965286771456403,0.9989410638809204,0.981816408180056,0.2968434464363827,0.9963052272796631,0.920854222206843,0.5137453732036413,0.9992239475250244,0.9607670619374238,0.5107555332637972,0.9973536729812622,59.7820823244552,0
202,0.9100810658364076,0.2971662141027907,0.998910129070282,0.9816982490675799,0.2970143059889478,0.9963354468345642,0.9203854174841025,0.5135290878159663,0.9992529153823853,0.9603518020539065,0.5106849556877504,0.997411847114563,59.7820823244552,0
203,0.9102957816351036,0.2979806576456345,0.9989107251167297,0.981633024556297,0.29725391666094486,0.996394157409668,0.920039029348465,0.5139333690915793,0.9992814064025879,0.960028841381982,0.5109117513611208,0.9974827766418457,59.7820823244552,0
204,0.9104338657288332,0.2987624350048249,0.9988926649093628,0.9816256534485599,0.29775825994355365,0.9962579607963562,0.9196391474632998,0.5148816477684752,0.9993113279342651,0.9595463077227283,0.5114678513436095,0.9975622296333313,59.7820823244552,0
205,0.9105074434053337,0.29925379440898014,0.9988352060317993,0.9816538095474252,0.29842843328203494,0.9959773421287537,0.9191309951600581,0.515919339089167,0.9993215203285217,0.9590126077334094,0.5119957044011074,0.9975799918174744,59.7820823244552,0
206,0.9105185241926292,0.2995607824552629,0.9987503886222839,0.9817284941673287,0.29911689815067133,0.995715856552124,0.9185338332539521,0.5167522288504105,0.9993323087692261,0.9583743328139903,0.5123860750879564,0.997575581073761,59.7820823244552,0
207,0.910558053425381,0.2997475635437741,0.9987782835960388,0.981832010405405,0.29969457217625234,0.9958158135414124,0.9180316499301372,0.5171136856079106,0.999355673789978,0.9577111573446372,0.512568124702999,0.997631311416626,59.7820823244552,0
208,0.9105839218412135,0.2998437739553908,0.9988049268722534,0.9819565131550752,0.30011067503974576,0.9959878921508789,0.9177853975977224,0.5168763512656807,0.9993842244148254,0.957205982435318,0.5124504310744153,0.9977233409881592,59.7820823244552,0
209,0.9105838423683538,0.2999715876011624,0.9987781047821045,0.9820002856708716,0.3002755343914034,0.9959185719490051,0.9176028796604708,0.51682513384592,0.9993838667869568,0.9566116162708835,0.5124716134298419,0.9976876974105835,59.7820823244552,0
210,0.9105560580889391,0.3001242464496978,0.99872225522995,0.9818897587912431,0.3003958208220348,0.9957183003425598,0.9172019703047624,0.5170852570306691,0.9993528723716736,0.9556702716009965,0.5126952330271407,0.9975669384002686,59.7820823244552,0
211,0.910639527298156,0.3001684929643361,0.9986759424209595,0.9816583366621117,0.30049358237357393,0.9954656958580017,0.9167573792593827,0.5167501398495269,0.9993234276771545,0.9545002778371182,0.5126155813535058,0.9974032044410706,59.7820823244552,0
212,0.910801223346166,0.30005012949307786,0.998726487159729,0.9813371556145811,0.30059105441683837,0.9956873059272766,0.916362038680486,0.515664046718961,0.9993448853492737,0.9534237640244627,0.5116974739801321,0.9975037574768066,59.7820823244552,0
213,0.9110138387907126,0.2999566169012163,0.9986297488212585,0.9808850260007957,0.30065552819342867,0.9951845407485962,0.9161069393157966,0.5142730616387872,0.9993628859519958,0.95271860134034,0.5104025488808046,0.9974435567855835,59.7820823244552,0
214,0.9112402399381009,0.29980229054178537,0.998680591583252,0.9804842869440723,0.30063380797704087,0.9948214292526245,0.9161292200996769,0.5129737910770238,0.999406635761261,0.9525774405116134,0.5090515613555913,0.9975189566612244,59.7820823244552,0
215,0.9114053845405585,0.2995415798255378,0.998704731464386,0.9801776096934371,0.3006635308265689,0.9944809079170227,0.9162766649609528,0.5122314294179284,0.9994314908981323,0.9527079548154566,0.5080790604863852,0.9975380897521973,59.7820823244552,0
216,0.9114520180793043,0.29927530600911123,0.998668909072876,0.9800080628622154,0.30085017283757554,0.9941403269767761,0.9161513987041662,0.5124739493642538,0.9994352459907532,0.9528183284259986,0.5079289617992586,0.9974896907806396,59.7820823244552,0
217,0.9114873664719726,0.29890449841817246,0.9986598491668701,0.9800025508517318,0.30133683340890094,0.993994414806366,0.915898107347035,0.5123261639050078,0.9994397759437561,0.9527199353490564,0.5078571467172536,0.9974837899208069,59.7820823244552,0
218,0.9114890382403427,0.2986144111269998,0.9986612796783447,0.9800838970002682,0.30216039930071176,0.9938067197799683,0.9154102915809276,0.5121532167707175,0.99944669008255,0.9523805805615024,0.5080001439367026,0.9974684119224548,59.7820823244552,0
219,0.9116364376885558,0.29832027355829893,0.9987264275550842,0.9801167306445902,0.30317249468394714,0.9937210083007812,0.9149076626414352,0.5120456133569994,0.9994717240333557,0.951795399188996,0.5085409624235975,0.9974917769432068,59.7820823244552,0
220,0.9118718845503678,0.29796133154914517,0.9987245202064514,0.9801502539998017,0.30410950808298043,0.99366295337677,0.9144384633927125,0.5116296694392254,0.9994643330574036,0.9512439966201789,0.5084155428977244,0.9974714517593384,59.7820823244552,0
221,0.9122215622947337,0.2975303771949952,0.9987598061561584,0.980181540761676,0.3050134593532201,0.9935887455940247,0.9140498524620427,0.5117179126966571,0.9994525909423828,0.950579986685799,0.5087132084937327,0.9974143505096436,59.7820823244552,0
222,0.9126597926730209,0.29704497541700114,0.9988439679145813,0.9801893007187624,0.30571119558243554,0.9938933253288269,0.9137454572178076,0.5121578063283652,0.9994961619377136,0.9500203558376865,0.5092120795022878,0.9975882768630981,59.7820823244552,0
223,0.9130454801377803,0.29657444925535315,0.9988481998443604,0.980198147751037,0.3062206705411278,0.9939286708831787,0.9134518589292262,0.5123228544280647,0.9994794726371765,0.9495999444098707,0.5094444780122671,0.9975072145462036,59.7820823244552,0
224,0.9133176917121532,0.2963735773449855,0.998822808265686,0.9801283904484348,0.3066218509560542,0.9937905073165894,0.9129230663889938,0.5127358237902327,0.9994831681251526,0.9489636392820456,0.510064698400952,0.9975080490112305,59.7820823244552,0
225,0.9135551991916846,0.29620246802057565,0.9986847043037415,0.9799892164412006,0.30684665696961566,0.9933617115020752,0.9124767865453456,0.5128446732248583,0.9994114637374878,0.9482313933826636,0.5104738104911082,0.9972674250602722,59.7820823244552,0
226,0.9136118377958032,0.2960263093312584,0.9985572695732117,0.97983000108174,0.30689024641400314,0.9924924969673157,0.9121044845808128,0.5128776374317355,0.9993277788162231,0.947761535644532,0.510449818202428,0.9968021512031555,59.7820823244552,0
227,0.9136896871385127,0.2958826067901795,0.9984347820281982,0.9797219151542309,0.30699931014151827,0.9917263984680176,0.9118873136384154,0.5136597298440483,0.9991981387138367,0.9473380503200356,0.5112630724906926,0.9963765740394592,59.7820823244552,0
228,0.9139333707945696,0.2954059072903227,0.9983965158462524,0.9797118760290607,0.3071264142081853,0.9913002848625183,0.9119394506726953,0.5146547896521436,0.9991061091423035,0.947198723043715,0.5122922573770801,0.9960469603538513,59.7820823244552,0
229,0.9143351884115317,0.29467995393843904,0.9983760118484497,0.9797907414890479,0.3072894840013416,0.9912197589874268,0.9120152904873811,0.5153636705307738,0.9990426898002625,0.9471288777533039,0.5131811811810452,0.9959467649459839,59.7820823244552,0
230,0.9148098060062961,0.2936690620013648,0.998369038105011,0.9798601156189335,0.3074899883497331,0.9910925626754761,0.9119959133011961,0.5157745934668045,0.999006986618042,0.9469769029390251,0.51379953963416,0.9959275722503662,59.7820823244552,0
231,0.9154140693800797,0.29243302487191725,0.9983465671539307,0.9798898583366765,0.3076323299180896,0.9911856055259705,0.9120246853147242,0.5150553073201865,0.9989527463912964,0.9468295006524956,0.5135455216680258,0.9959044456481934,59.7820823244552,0
232,0.9158913805371247,0.29132602470261737,0.9983296990394592,0.97987924587159,0.3077061630430678,0.9912329912185669,0.9121421859377914,0.5140930925096788,0.9988939762115479,0.9467847602708006,0.5130727291107182,0.9958530068397522,59.7820823244552,0
233,0.9162590957823261,0.29064851715451223,0.9983544945716858,0.9798467726934532,0.30779847360792634,0.9915432929992676,0.9123006122452879,0.5132976713634676,0.9988163709640503,0.9467908967108962,0.5126104326475238,0.9958657026290894,59.7820823244552,0
234,0.9164875348409024,0.29030442663601486,0.9983860850334167,0.9798229194822774,0.30790038335891023,0.9918974041938782,0.9125057771092376,0.5129168856711619,0.9987311363220215,0.9468130582854869,0.5121612406912308,0.9959014058113098,59.7820823244552,0
235,0.9165355818612242,0.2902747364271257,0.9984484314918518,0.979822482381549,0.3080521978083114,0.9923998713493347,0.9127193519047335,0.5125938966160734,0.9987631440162659,0.9468565895443879,0.5118691722551986,0.9960922002792358,59.7820823244552,0
236,0.9167544983682185,0.29014862577120487,0.9985461831092834,0.9798224000703729,0.3082369480814255,0.9929671883583069,0.9128810933658063,0.5119303947403322,0.9988557696342468,0.9469842059271684,0.511870262168703,0.9963937401771545,59.7820823244552,0
237,0.9172538575671976,0.2898543633165816,0.9986211061477661,0.9798435682342174,0.3084484580017274,0.9934320449829102,0.9131047243163707,0.5100511653082715,0.9989394545555115,0.947271026316144,0.5116216880934583,0.9966671466827393,59.7820823244552,0
238,0.9177867032232747,0.289491490239189,0.9986904859542847,0.9799597689083652,0.30884046639714946,0.9938883781433105,0.9130171906380433,0.507873810472943,0.9990116953849792,0.9476052579425639,0.5112437066577733,0.9969121217727661,59.7820823244552,0
239,0.9182229382651201,0.2891516983509066,0.998762845993042,0.9802250294458307,0.30956595000766596,0.9943172335624695,0.9125402598153984,0.5061180194218957,0.9990781545639038,0.9479642709096281,0.511117239793142,0.9971429109573364,59.7820823244552,0
240,0.9184176410947535,0.28898706038792954,0.9988262057304382,0.9805310482070568,0.31048373381296823,0.994710385799408,0.9118298916589653,0.5054528571310501,0.9991463422775269,0.9482682120232363,0.5114479831286842,0.9973649382591248,59.7820823244552,0
241,0.9182950400170833,0.28900159682546367,0.9988818168640137,0.9808163273902174,0.31136004130045597,0.995097815990448,0.9111052751541145,0.5056264854612809,0.9992110729217529,0.9485107717059915,0.5121026550020494,0.9975817799568176,59.7820823244552,0
242,0.9183813191595539,0.28882983043080307,0.9989202618598938,0.9810501223518743,0.3119819689364663,0.9954091906547546,0.9106033614703595,0.5057469265801571,0.9992684721946716,0.9486791690190641,0.5128450677508404,0.9977710247039795,59.7820823244552,0
243,0.9185344349770326,0.28845541392053897,0.9989504218101501,0.9812041918436695,0.3122148102238067,0.9957084655761719,0.9105169631185993,0.5053608303978333,0.9993188381195068,0.9488292251314443,0.5132198873020358,0.9979456663131714,59.7820823244552,0
244,0.9186605527287446,0.2879612261340734,0.9989878535270691,0.9813188569886352,0.312190971204213,0.9960200190544128,0.9105069438616442,0.5046673303558717,0.9993636608123779,0.948871192477999,0.5132245251110625,0.9981083273887634,59.7820823244552,0
245,0.9190442335037966,0.2874486063207901,0.9989607930183411,0.9813703582400375,0.3121703366438551,0.9962927103042603,0.9105249983923782,0.5039486658005491,0.9993962049484253,0.9488693390573781,0.5131328361374996,0.9982542395591736,59.7820823244552,0
246,0.9196501629693175,0.28702899104072954,0.9989542961120605,0.9813237133480261,0.31220093369483976,0.9965937733650208,0.9105449290502647,0.503308372838157,0.9994298815727234,0.9488520934468232,0.5131261660939175,0.9984058141708374,59.7820823244552,0
247,0.9202708601951606,0.2868360337756931,0.9989470839500427,0.9812293705486125,0.3123113243352802,0.9968727231025696,0.9105862861587896,0.5028109380177094,0.999461829662323,0.948863108952841,0.5131581737881619,0.9985450506210327,59.7820823244552,0
248,0.9208776922453026,0.2866798965703876,0.9989302754402161,0.9811511437098193,0.3124292138076966,0.9970946907997131,0.9106807566824421,0.5022626405670534,0.9994897246360779,0.9489051557722553,0.5131318143435891,0.9986653327941895,59.7820823244552,0
249,0.9212313635008682,0.2865584166277025,0.9989030361175537,0.9810822577703575,0.3125240135760537,0.997286856174469,0.9107455213864653,0.5018191706566587,0.9995187520980835,0.9489277317410431,0.512988266490755,0.9987753033638,59.7820823244552,0
250,0.9211863449641643,0.2864219120570594,0.9988512992858887,0.9810559806369608,0.3125920111224767,0.9973880052566528,0.9107544337000173,0.5013196014222648,0.9995232224464417,0.9489735081082306,0.5126064221064254,0.9988505244255066,59.7820823244552,0
251,0.9210155549503515,0.28622076341084096,0.9988400340080261,0.9810221195220955,0.31264669980321635,0.997437596321106,0.9106843159312301,0.5009764801888242,0.9995311498641968,0.949075000626701,0.5120953917503361,0.9989080429077148,59.7820823244552,0
252,0.9207001640683136,0.28593900657835486,0.998842716217041,0.9809155861536669,0.3127010634967261,0.9974663853645325,0.9105398569788259,0.5005911730584648,0.9995455145835876,0.9492195844650276,0.5115733373732798,0.9989618062973022,59.7820823244552,0
253,0.9203226850146347,0.2856819132963819,0.9988743662834167,0.9806576484725598,0.31276194964136417,0.9975125789642334,0.9105095380828502,0.5002258774780096,0.9995664954185486,0.9494079039210372,0.5110251960300267,0.999010443687439,59.7820823244552,0
254,0.9200740513347452,0.2854278414022357,0.9988868236541748,0.9803162131990713,0.31281076300711885,0.9974475502967834,0.9105968077977505,0.4998758633931482,0.999582827091217,0.9495822361537396,0.5106264068966825,0.9990448355674744,59.7820823244552,0
255,0.919986423991976,0.2852314909299217,0.9988496899604797,0.9799858558745619,0.3128577768802645,0.9972490668296814,0.9107030999092836,0.49975118608701835,0.999563992023468,0.9497072356087829,0.5104072406178433,0.9990206956863403,59.7820823244552,0
256,0.9195575288363872,0.2851392073290691,0.9988498091697693,0.9797849456469225,0.31291815922373845,0.997231662273407,0.9106075848851893,0.5001724674588162,0.9995714426040649,0.9498002387228474,0.5103147455624175,0.9990401268005371,59.7820823244552,0
257,0.9189292703356069,0.285136843011493,0.9988377094268799,0.9797874064672569,0.3129598597685499,0.9972580671310425,0.9103445382345297,0.5010527216252831,0.9995730519294739,0.949879950001127,0.510475147338141,0.9990526437759399,59.7820823244552,0
258,0.9181357082866495,0.2852197771980651,0.9988239407539368,0.9797644331341706,0.312960736808323,0.9972921013832092,0.9099190604119081,0.502345042569297,0.9995676875114441,0.9499283745175324,0.5110854392959963,0.9990500211715698,59.7820823244552,0
259,0.917435892990658,0.28530908624331175,0.9987907409667969,0.9796251654624947,0.31294705612318885,0.997318685054779,0.9095870369956613,0.503577794347491,0.9995551705360413,0.9499471102442067,0.511766374111176,0.9990421533584595,59.7820823244552,0
260,0.9169098820005153,0.28536861425354393,0.9987435936927795,0.9794539440245863,0.3129314453828905,0.9973338842391968,0.9093952264104579,0.5043941196941197,0.9995337128639221,0.9499447232200993,0.5124069281986785,0.9990244507789612,59.7820823244552,0
261,0.9165576185498926,0.2854974894296558,0.998698890209198,0.9792300831703921,0.31290695496967885,0.9973457455635071,0.9093155094555454,0.5047921737035119,0.9995102286338806,0.9499489267667143,0.5127784978775756,0.9990012049674988,59.7820823244552,0
262,0.9160344685826991,0.28572983259246487,0.9986236095428467,0.9790430636633018,0.312882517065321,0.9973043203353882,0.9092091776075825,0.5048171679178878,0.999483585357666,0.9499751982234781,0.5125421484311427,0.9989718794822693,59.7820823244552,0
263,0.915554392905463,0.2859846083890827,0.9985619783401489,0.9789729856309444,0.3128782780397509,0.9972780346870422,0.9091587123416727,0.5043448493594219,0.9994502663612366,0.9500107680048269,0.5117097355070572,0.9989309310913086,59.7820823244552,0
264,0.9152183220500045,0.28620440193585006,0.9985059499740601,0.9788533704621459,0.3128330792699544,0.9972814321517944,0.9091663048380905,0.5038060631070822,0.9993991851806641,0.9500373232932325,0.510780913489206,0.9989046454429626,59.7820823244552,0
265,0.9150163900284547,0.2863011856873833,0.9984763860702515,0.978718680994852,0.3127095514819738,0.9972976446151733,0.9092376317296716,0.5029101627213619,0.999363899230957,0.9500634074211127,0.5096225596609574,0.9988862872123718,59.7820823244552,0
266,0.9147192012696046,0.2863053764615743,0.998407781124115,0.9784804610978998,0.31248513147944523,0.9973064661026001,0.909326096375784,0.5020203647159399,0.999327540397644,0.9500754390444083,0.5086154937744145,0.9988747835159302,59.7820823244552,0
267,0.9142863693691443,0.28630253672599815,0.9983128905296326,0.9781243630817966,0.31219688341731144,0.9971796274185181,0.9093855477514728,0.5015087780498326,0.9993234276771545,0.9500559625171487,0.5080177954265054,0.9988592267036438,59.7820823244552,0
268,0.9137644313630612,0.286264186813718,0.9982563853263855,0.9777861861955559,0.3119437311376847,0.9971070289611816,0.9094048426264816,0.5012580496924268,0.9993122220039368,0.9500414672352027,0.5076679530597872,0.9988162517547607,59.7820823244552,0
269,0.9132419512385421,0.2862729472773418,0.998210608959198,0.9775580877349498,0.3118407953353158,0.9970927238464355,0.909398195289431,0.5014590819676721,0.9993000626564026,0.9500274942034774,0.5076753241675245,0.9987923502922058,59.7820823244552,0
270,0.9128796600160152,0.2863449198859081,0.998142659664154,0.9773696973210297,0.3118304808934532,0.9970812201499939,0.9094085778508875,0.5020062185469132,0.999271810054779,0.9500138674463552,0.507994047233037,0.9987607598304749,59.7820823244552,0
271,0.9125731871241622,0.286458872613453,0.9980499148368835,0.977237820625306,0.3118364030406591,0.9970510005950928,0.9094107718694784,0.5025179471288412,0.9992413520812988,0.9500087357702717,0.50822278999147,0.998726487159729,59.7820823244552,0
272,0.9123290833972757,0.28660476207733177,0.9980027675628662,0.9770370409602218,0.31181897435869516,0.9970917701721191,0.9094064008621949,0.5030005971590682,0.9992197155952454,0.9500094567026418,0.5084285821233481,0.9987232685089111,59.7820823244552,0
273,0.912084979670389,0.2867878093605952,0.9980069398880005,0.9767949950127383,0.3117582727046242,0.9971625208854675,0.9093835893131446,0.5034601347787043,0.9992043972015381,0.9500104444367553,0.5086137765929817,0.9987263083457947,59.7820823244552,0
274,0.9118427180108577,0.28694694950467087,0.9980319142341614,0.9765937413488123,0.31165208702995684,0.9972593784332275,0.9093482494354256,0.5037457715897337,0.9991922378540039,0.9500114662306657,0.5086958266439896,0.9987555742263794,59.7820823244552,0
275,0.9116737331662867,0.2871070078441077,0.9980087876319885,0.9764477213223783,0.3115419986702149,0.9972911477088928,0.909311601093838,0.5039959379604889,0.9991621375083923,0.9500051907130658,0.5088209850447523,0.9987614750862122,59.7820823244552,0
276,0.911539915062133,0.2872299977711271,0.9979937672615051,0.9763325992084693,0.311383108297984,0.9972955584526062,0.9092913099697666,0.5040922817729773,0.9991560578346252,0.9499945697330301,0.5088890989621484,0.9987887740135193,59.7820823244552,0
277,0.9113778330030903,0.2872812733763742,0.9979627728462219,0.9762585361798612,0.31115650279181367,0.997287929058075,0.9092973555837367,0.5040654171080821,0.9991374015808105,0.9499792513393228,0.5088518687656951,0.9988022446632385,59.7820823244552,0
278,0.9112270275751757,0.28727890338216533,0.9979079961776733,0.9762115989412589,0.3109515947954998,0.9972410798072815,0.9093135339873185,0.5039231777191167,0.9991261959075928,0.9499677675110961,0.5087278825896131,0.9988154768943787,59.7820823244552,0
279,0.9111031634466997,0.28726476288977143,0.9978949427604675,0.9761789611407696,0.3108011242889225,0.9972371459007263,0.909292161464692,0.5038684038888844,0.9991191029548645,0.9499562439464395,0.5087301873025444,0.9988318681716919,59.7820823244552,0
280,0.9109322967983435,0.2872570043518432,0.9979063868522644,0.9761873852638979,0.3107261175201055,0.9972307682037354,0.9091415972936727,0.5039126305353079,0.9991114735603333,0.9499403862726128,0.508848899886722,0.9988276362419128,59.7820823244552,0
281,0.9107580270086023,0.28730697716985454,0.9979332685470581,0.9762013611339395,0.3107324796063562,0.9972790479660034,0.9088934149060938,0.5040736170042133,0.9991087317466736,0.9499171660059982,0.5090902447700505,0.9988413453102112,59.7820823244552,0
282,0.9105752933593031,0.28740698099136375,0.9979649782180786,0.9762107219014857,0.3107650194849289,0.9972885251045227,0.9086234683082225,0.5042528907457992,0.9991168975830078,0.9498925719942373,0.5093320125625251,0.9988495707511902,59.7820823244552,0
283,0.9104037398383737,0.2875365103994099,0.9979711771011353,0.9762105970155633,0.31074565507116797,0.997292160987854,0.908410793259031,0.5042858691442584,0.9991196990013123,0.9498781930832643,0.5094398061434432,0.9988596439361572,59.7820823244552,0
284,0.9102525625910085,0.2876503680433548,0.9980075359344482,0.9762066091809962,0.31069962467466106,0.9973383545875549,0.9082417431331824,0.5040861765543624,0.9991427659988403,0.9498562585739869,0.5093490566526144,0.9988939166069031,59.7820823244552,0
285,0.9101661528859827,0.2877073855627153,0.9980446100234985,0.9761869226183217,0.3106384021895275,0.9973959922790527,0.9081219292822346,0.5037658810615544,0.99915611743927,0.9498144388198859,0.5092112336839952,0.9989268779754639,59.7820823244552,0
286,0.9100779266584494,0.28771938596453006,0.9980631470680237,0.9762338598569242,0.3106030168987458,0.9974560141563416,0.9079987151282182,0.5034571375165671,0.9991589188575745,0.9497655630111702,0.5090723378317701,0.9989469051361084,59.7820823244552,0
287,0.9100191422871189,0.287714508317766,0.9980902671813965,0.9763301497414008,0.3105883172580176,0.9975045919418335,0.9079090441976282,0.5032497729573935,0.9991587400436401,0.9497183447792424,0.5089855704988756,0.9989631772041321,59.7820823244552,0
288,0.9099811457452327,0.28772639802524047,0.9981114864349365,0.976452691214426,0.3106405933698021,0.9975520968437195,0.9078736305236824,0.5032146147319253,0.999162495136261,0.9496845659755533,0.5090091540699917,0.9989840388298035,59.7820823244552,0
289,0.9099198012124932,0.28777470900898916,0.9981235861778259,0.9765831856500542,0.3107335340409054,0.9975858330726624,0.9078517187209364,0.503246849491483,0.9991605877876282,0.9496750519389205,0.5090865719886057,0.9989939332008362,59.7820823244552,0
290,0.909854451815288,0.2878394850662779,0.9981287121772766,0.9767026901245125,0.3108774664856141,0.9976175427436829,0.9078066065197907,0.5032602122851785,0.9991607069969177,0.9496677830105744,0.5091249715714231,0.9990021586418152,59.7820823244552,0
291,0.909784708704268,0.2879112859567009,0.9981545209884644,0.9767799576123564,0.3110766935916176,0.997620701789856,0.9077486764817018,0.5032414056005936,0.9991713166236877,0.9496588423138581,0.5091701802753271,0.9990091323852539,59.7820823244552,0
292,0.9097184425308598,0.2879656936441152,0.9981901049613953,0.976897134667352,0.31132637461026536,0.997627854347229,0.907694461799804,0.5033227176893329,0.9991894364356995,0.9496575083051417,0.509459081150237,0.9990217089653015,59.7820823244552,0
293,0.9096803097497856,0.28798923889795963,0.9982672333717346,0.9770181888625743,0.3115794218721846,0.9976692199707031,0.9076569988614044,0.5034757994470146,0.9992173314094543,0.949654732431685,0.5098846043859213,0.99904465675354,59.7820823244552,0
294,0.9096920092900601,0.2879974742730461,0.9983572959899902,0.9771114247185851,0.31178771172251046,0.9977123737335205,0.9076546430587775,0.5036764286813286,0.9992448091506958,0.9496664206186938,0.5103655741328289,0.9990687370300293,59.7820823244552,0
295,0.9096726065590276,0.28801345541363693,0.9984098076820374,0.9771654605865487,0.31194874786195326,0.9977456331253052,0.9075551288468505,0.5038684918766934,0.999259889125824,0.9496769621258698,0.5106897410892309,0.9990800023078918,59.7820823244552,0
296,0.9096176851363416,0.2880022937343236,0.9984096884727478,0.9772269782565897,0.31206804797762944,0.9977046847343445,0.9073842366536466,0.5038994068191169,0.999239444732666,0.949687458219983,0.5107116841134575,0.9990541934967041,59.7820823244552,0
297,0.9095543452671604,0.28806758068856764,0.9984410405158997,0.9772765494528279,0.3121474512985777,0.9975787401199341,0.9071569556281688,0.5038829928352724,0.999238133430481,0.9496578687713266,0.5105300574075612,0.999032199382782,59.7820823244552,0
298,0.9095068744250714,0.2881776435034618,0.9984597563743591,0.9773141968817946,0.3122271427086424,0.9974002838134766,0.9070604727381759,0.5037986664544972,0.9992278814315796,0.9497215832982753,0.5103536730720888,0.9989996552467346,59.7820823244552,0
299,0.9094876448313401,0.2883028927303498,0.9984299540519714,0.9772564484959565,0.3122703191779911,0.9972080588340759,0.9071048214322052,0.5037580274400261,0.9991436004638672,0.9498590174175452,0.510328727109092,0.9988729953765869,59.7820823244552,0
300,0.9094867110252388,0.288379334268116,0.9983407855033875,0.9771026401292718,0.31225123717671377,0.9969738721847534,0.9073239252680831,0.5038305521011357,0.9990435838699341,0.9500257003875013,0.5109541189102904,0.9987179636955261,59.7820823244552,0
301,0.9094986972354715,0.28852033331280685,0.9983702301979065,0.9769014290400921,0.3122262756029768,0.9967148303985596,0.9073820511500048,0.5040419272014077,0.9989801049232483,0.9500022927920031,0.5119168133962726,0.998595654964447,59.7820823244552,0
302,0.9096372610046757,0.2886520028114321,0.9983727931976318,0.9766809429441188,0.31219274089449955,0.9963002800941467,0.9072683794157854,0.5040510126522613,0.9988685846328735,0.9497196560814275,0.5128548854873298,0.9984104037284851,59.7820823244552,0
303,0.9098827895664041,0.28892071190334523,0.9983488321304321,0.9764995489801687,0.3121763921919326,0.9959447383880615,0.9069864011946186,0.5040247639020288,0.9988049268722534,0.949244331745875,0.513558685779572,0.9983000755310059,59.7820823244552,0
304,0.910193914458866,0.2891627039228169,0.9982455372810364,0.9763717055320748,0.31215438672474477,0.9953961968421936,0.9070377747217822,0.5034308830897017,0.998694121837616,0.9489267553601953,0.5133468962851029,0.9980900287628174,59.7820823244552,0
305,0.9104944354011906,0.2893260901882537,0.9982619285583496,0.9762407030378076,0.31205515066782663,0.9952428340911865,0.907411339737121,0.5020927048864823,0.9986878037452698,0.948826818239122,0.5122351504507523,0.9980805516242981,59.7820823244552,0
306,0.9105698664983122,0.28964123839423794,0.9982438683509827,0.9762343508856645,0.31198592980702744,0.9949526190757751,0.9075298195793522,0.5022339906011313,0.9986757636070251,0.9489420765922192,0.5115985160782228,0.9980218410491943,59.7820823244552,0
307,0.9105409185091662,0.29008199771245347,0.9982160925865173,0.9762976027670369,0.3118773627848855,0.9945859909057617,0.9069101100876226,0.5034908027875995,0.9986380338668823,0.9491448714619599,0.5110286133629939,0.9979429841041565,59.7820823244552,0
308,0.910621711186001,0.2902582003956752,0.9978383183479309,0.9757548854464584,0.3116718374547507,0.9942188262939453,0.9068479537963874,0.5046191158748813,0.998519778251648,0.9490297663779493,0.5103165393783937,0.9977573156356812,59.7820823244552,0
309,0.9106853802998868,0.2908513943354291,0.9977151155471802,0.9736942989485613,0.31117146497681053,0.9941721558570862,0.9087031228201737,0.5077089667320256,0.9985243678092957,0.9486858191944312,0.5093948841094975,0.9976871013641357,59.7820823244552,0
310,0.9070474987938298,0.2911407181194853,0.9977123737335205,0.9715519036565515,0.3107874677294779,0.9944776296615601,0.9069626104264039,0.5121442051160907,0.9985806345939636,0.948800186316173,0.5129922145888923,0.9977013468742371,59.7820823244552,0
311,0.9060195287068692,0.2920621718679158,0.9978188872337341,0.9695145459402184,0.31083115083830726,0.9949432015419006,0.9075018508093704,0.5156978340375995,0.9986867308616638,0.9476483379091543,0.5173724265325641,0.9978467226028442,59.7820823244552,0
312,0.9072229408082515,0.2958942197618033,0.997951090335846,0.9654662921315156,0.3102532838072098,0.995345413684845,0.908413591839019,0.5195238419941498,0.9987999796867371,0.9455105350131088,0.5231317906152638,0.9980232119560242,59.7820823244552,0
313,0.9174616507121502,0.3015837754522054,0.998091995716095,0.9560936746143167,0.3092282854375388,0.9957379102706909,0.9162320154053831,0.5210280929292956,0.9988774657249451,0.9394040788922998,0.5235588976315093,0.9981492161750793,59.7820823244552,0
314,0.9293271132877903,0.30655114849408494,0.9980603456497192,0.9490144479842421,0.30943357234909447,0.9960638284683228,0.9242057119097036,0.518411816585632,0.9987918734550476,0.9347371004876643,0.5201647962842673,0.9980780482292175,59.7820823244552,0
315,0.941811987331936,0.3097042569092344,0.9979215264320374,0.9443411713554754,0.30709894923936776,0.9961287379264832,0.9337334292275572,0.5080428904011141,0.9986719489097595,0.9310573793592913,0.5050150383086436,0.9979752898216248,59.7820823244552,0
316,0.9623544887890899,0.3030492535659247,0.99798583984375,0.9594602821365243,0.29664196901851253,0.9963701963424683,0.9551047484080004,0.48718997173839185,0.9984825253486633,0.9502646582467223,0.47746415791057445,0.9976810812950134,59.7820823244552,0
317,0.9577694927889211,0.30455289284388254,0.9980763792991638,0.9567051421082217,0.2972793560179456,0.996624231338501,0.9525264501571663,0.473877613979673,0.9986010789871216,0.9498135333969487,0.4588648165975302,0.9978315234184265,59.7820823244552,0
318,0.9046554224831724,0.32685433966772925,0.9981556534767151,0.9095835600580495,0.3196594388712023,0.9969032406806946,0.8995882783617299,0.4813553875400911,0.9987154603004456,0.9037281870841987,0.46707357679094624,0.9979886412620544,59.7820823244552,0
319,0.7876397702429035,0.38011348105612286,0.0,0.7918282955411888,0.37604899396972086,0.0,0.7782790462176011,0.5204365513627496,0.0,0.7835229748771311,0.5131884018580123,0.0,59.7820823244552,1
320,0.6575190484050726,0.43816660770348176,0.0,0.6641302652775302,0.4398126278131731,0.0,0.6395208246651155,0.5684537975088003,0.0,0.6472154869919737,0.5724663422221234,0.0,59.7820823244552,1
321,0.5273983265672415,0.49621973435084066,0.9983036518096924,0.5364322350138715,0.5035762616566254,0.9972079992294312,0.5007626031126299,0.6164710436548511,0.9988353848457336,0.5109079991068163,0.6317442825862345,0.9981880784034729,59.7820823244552,0
322,0.4755751537898234,0.5190776657490508,0.9984435439109802,0.48539012055548447,0.5284614028438693,0.9974825978279114,0.4445710593745826,0.6332705579106775,0.9989457726478577,0.45475560710543717,0.6520661385286427,0.9983677864074707,59.7820823244552,0
323,0.46821108696952735,0.5220419509070264,0.998566210269928,0.4781487446928785,0.5315798530502929,0.997730553150177,0.4357225639479504,0.6330493811577091,0.9990441799163818,0.4455236352625351,0.6518344623701918,0.9985295534133911,59.7820823244552,0
324,0.4831359116804036,0.514998623303005,0.9986624121665955,0.4927964551108228,0.5240657414708823,0.9979520440101624,0.4508352804751627,0.6241942388670789,0.9991296529769897,0.4595182012943998,0.6417366578465422,0.9986749887466431,59.7820823244552,0
325,0.4833208166417625,0.5146530412492303,0.998753011226654,0.49279465703737213,0.5240112287657606,0.998151957988739,0.4503756747359325,0.6215357326325921,0.9992079138755798,0.4578004649707253,0.6405429726555238,0.998805820941925,59.7820823244552,0
326,0.48354421910785533,0.5141543291863945,0.9988442659378052,0.4927618503570561,0.5239581295422149,0.9983324408531189,0.45018575021198853,0.6193624933560694,0.999279797077179,0.4562033698672344,0.6394996586300083,0.9989237785339355,59.7820823244552,0
327,0.48371800780296365,0.5136103544916429,0.998939037322998,0.49279346494447657,0.5237990788051065,0.998496949672699,0.4497088577066153,0.6181192681902936,0.9993491172790527,0.45486402937344184,0.6388922759464815,0.9990308284759521,59.7820823244552,0
328,0.4838043266818641,0.5130819962138226,0.999004602432251,0.49281040259770026,0.5236381065277831,0.998642086982727,0.4489391290006187,0.6168872259912042,0.9994075894355774,0.45321618091492466,0.6387105867976239,0.9991257190704346,59.7820823244552,0
329,0.4838105525289267,0.5127329570906507,0.9990668892860413,0.49281814836320464,0.5234323371024363,0.9987736940383911,0.4483158659367338,0.6157533923784897,0.9994623064994812,0.4525232613086704,0.638390047209604,0.9992120265960693,59.7820823244552,0
330,0.48385633315358884,0.5124244235810783,0.9991306066513062,0.4928310272239507,0.5232645017760145,0.9988923072814941,0.44800080713771673,0.6145845083963308,0.9995104670524597,0.4516513063794095,0.6374312696002784,0.99928879737854,59.7820823244552,0
331,0.48399917568479306,0.5122242853755047,0.9991686940193176,0.4928288034030373,0.5230465162368052,0.9989959001541138,0.4473159057753431,0.6139476696650192,0.9995507001876831,0.4502877124718261,0.6366655968484429,0.9993557929992676,59.7820823244552,0
332,0.48420597541899946,0.5120539778754829,0.9991787672042847,0.49282155292374785,0.5228591419401627,0.9990829825401306,0.44674762799626344,0.6139758995601114,0.9995793104171753,0.4497799802394144,0.636267639341809,0.9994096159934998,59.7820823244552,0
333,0.48446722399620823,0.5119926475343255,0.9992097020149231,0.4928131486688345,0.5227460747673403,0.9991644024848938,0.4462625256606514,0.6145240636098958,0.999615490436554,0.44997156092098817,0.6362879247892476,0.9994657635688782,59.7820823244552,0
334,0.4846530954043074,0.5118044529642382,0.9992311000823975,0.4928524181956341,0.5227975078991485,0.9992408156394958,0.44582850450561196,0.6149693074680516,0.9996493458747864,0.44978818013554567,0.6366320025353209,0.9995174407958984,59.7820823244552,0
335,0.4847335176808497,0.511597213290987,0.9992628693580627,0.49293974893433745,0.5228680457387656,0.9993098974227905,0.4453638068267281,0.6151103888239184,0.9996803998947144,0.44980164936610667,0.6369206678299681,0.9995641708374023,59.7820823244552,0
336,0.4847069992905575,0.5113674799601241,0.9993143081665039,0.4930634456021449,0.5229238555544903,0.9993760585784912,0.44502115817297105,0.6151569769496015,0.9997097253799438,0.44964054226875344,0.6372058476720542,0.9996070265769958,59.7820823244552,0
337,0.4845649415538429,0.5112215053467528,0.9993585348129272,0.49318682579767176,0.5229703216325674,0.9994341731071472,0.44445564207576604,0.6151833051726936,0.9997351765632629,0.4494500571773169,0.6376125954446343,0.9996446967124939,59.7820823244552,0
338,0.4845530844870072,0.51108706848962,0.9993982315063477,0.4932727799529125,0.5230476316951574,0.9994866847991943,0.44428661607560693,0.6152261921337678,0.9997552037239075,0.4494072000185652,0.6379677795228509,0.9996778964996338,59.7820823244552,0
339,0.4846946526141398,0.51106132495971,0.9994217157363892,0.4932751769111274,0.5231646356128515,0.9995319247245789,0.4443541098208658,0.6153904483431867,0.9997711777687073,0.44933883349100784,0.638281316984268,0.9997068047523499,59.7820823244552,0
340,0.4848974304539821,0.5110248923301701,0.9994288682937622,0.49323177337646523,0.5232982550348559,0.999569296836853,0.4446624205225994,0.6154320296787086,0.9997872114181519,0.44902568629809825,0.6382954688299275,0.9997331500053406,59.7820823244552,0
341,0.4850755291325709,0.5110339068231132,0.9994423389434814,0.49317973994073455,0.523376998447237,0.9996032118797302,0.4446101032552269,0.6154078245162968,0.9998030066490173,0.44822003585951703,0.6380786668686644,0.9997564554214478,59.7820823244552,0
342,0.4851706198283608,0.5110365123975849,0.9994643330574036,0.49307497058595967,0.5234590002468658,0.9996346831321716,0.4442939375128068,0.6153856090136942,0.9998160600662231,0.447264773505075,0.6378259687196646,0.9997764229774475,59.7820823244552,0
343,0.4851543917542416,0.5110561535471966,0.9995018243789673,0.4929309132553286,0.5235051654634026,0.9996681809425354,0.4437623307818462,0.6151520212491359,0.9998292326927185,0.4462676332110454,0.6374920266015194,0.9997966289520264,59.7820823244552,0
344,0.4851913920470651,0.5110977008229215,0.9995270371437073,0.49276462197303805,0.5235742699532286,0.9996967911720276,0.44334306745302143,0.6148393608274918,0.9998405575752258,0.44552535102480967,0.6371772885322576,0.9998146295547485,59.7820823244552,0
345,0.48523679091816896,0.5111419757207238,0.9995472431182861,0.4925751161007658,0.5236587467647738,0.999722421169281,0.4430107006004882,0.6144847813106724,0.9998496174812317,0.44469859344618695,0.6368688941001897,0.9998306632041931,59.7820823244552,0
346,0.48526482922690295,0.5111259449095957,0.9995628595352173,0.49241772435960357,0.5237276412191849,0.9997453093528748,0.44282385139238306,0.6141874364444193,0.9998601675033569,0.44435111397788674,0.6367527473540537,0.9998460412025452,59.7820823244552,0
347,0.4852657232965746,0.5110417689595907,0.9995863437652588,0.4923025454793662,0.5237312089829222,0.9997670650482178,0.44268152259645044,0.6130717907633105,0.999870240688324,0.4438380797704064,0.6356895793051952,0.9998599290847778,59.7820823244552,0
348,0.4852610954216552,0.510917527335031,0.9996088147163391,0.49219000339508095,0.5237130891709105,0.9997866749763489,0.44262794511658843,0.6115820805231735,0.9998790621757507,0.44380124551909345,0.6343459203129729,0.9998724460601807,59.7820823244552,0
349,0.48533428566796477,0.5108167131741845,0.999631404876709,0.4920138759272443,0.5236736365727019,0.9998050332069397,0.44260769656726323,0.6101070670854483,0.9998865723609924,0.44253917251314473,0.6328483706428896,0.9998824596405029,59.7820823244552,0
350,0.4854446379911336,0.5107595069067823,0.9996463656425476,0.4918396614846733,0.523621383167449,0.9998217225074768,0.4425132487501421,0.6091073609533769,0.9998934268951416,0.4411851196062001,0.631744679950533,0.9998928308486938,59.7820823244552,0
351,0.48560092988468395,0.510747367427463,0.9996617436408997,0.4916974121616004,0.5236007968584702,0.999836266040802,0.4423485327334635,0.6087985322588971,0.9998974800109863,0.4401074860777177,0.6310691521281293,0.9998999238014221,59.7820823244552,0
352,0.48577433966455047,0.5107937909307938,0.9996501207351685,0.49161391315006114,0.5236187548864459,0.9998407959938049,0.4421818455060327,0.60926708153316,0.9999004006385803,0.4388892451922103,0.6311294010707316,0.9999053478240967,59.7820823244552,0
353,0.48591236273447713,0.5108179705483578,0.9996477365493774,0.4915712262902945,0.5236369229498368,0.9998491406440735,0.44212333645139457,0.6094289223353073,0.9998995661735535,0.4380538775807339,0.6307952404022221,0.9999080896377563,59.7820823244552,0
354,0.4859894230252224,0.5107720323971344,0.9996512532234192,0.4915898271969391,0.5236423838706248,0.9998587369918823,0.441903962975457,0.6094778747785664,0.9998961687088013,0.43847876077606596,0.6306407820610778,0.9999106526374817,59.7820823244552,0
355,0.4860383697918487,0.5107047387531829,0.9996694326400757,0.49157461807841385,0.5236494597934546,0.9998701214790344,0.44116853674252865,0.6096316916602003,0.9998997449874878,0.43761228947412434,0.6305369394166134,0.999917209148407,59.7820823244552,0
356,0.4860382420676099,0.5106081905819125,0.9996799826622009,0.4915710006441393,0.5236247607639861,0.9998781085014343,0.4401533121154425,0.6095159536316286,0.9999021887779236,0.4366644436404822,0.6305413813818074,0.9999187588691711,59.7820823244552,0
357,0.4860363858086726,0.5105163369859972,0.999684751033783,0.49158397316932717,0.5236641026678543,0.9998838901519775,0.43928631004833074,0.6092326669465933,0.9999048113822937,0.43632873608952516,0.6304567654927576,0.9999193549156189,59.7820823244552,0
358,0.4860456273669292,0.5105330007416866,0.9996741414070129,0.49158881533713605,0.5237727023306351,0.9998889565467834,0.439194629589717,0.6089947762943454,0.9998997449874878,0.43572294570150866,0.6303040328479954,0.9999162554740906,59.7820823244552,0
359,0.486041271970386,0.5105957190195723,0.999676525592804,0.49159673282078376,0.523811879612151,0.9998932480812073,0.43845655520757076,0.6087974536986582,0.9998929500579834,0.4359369505019418,0.6301836626870296,0.9999046921730042,59.7820823244552,0
360,0.48603703862144876,0.5106534276689806,0.9996687173843384,0.491600015333721,0.5238019738878528,0.9998968243598938,0.4373826469693869,0.6087305261975248,0.9998871088027954,0.43626255648476775,0.6298767328262334,0.9998957514762878,59.7820823244552,0
361,0.48610018548511363,0.5107642412185673,0.9996668696403503,0.4915824348018287,0.5236193849926907,0.9999014139175415,0.4361005368686861,0.6088603507904784,0.9998816251754761,0.43547150350752367,0.6289506214005611,0.9998927116394043,59.7820823244552,0
362,0.4861922164758051,0.5108740897405719,0.9996631145477295,0.49157805811791233,0.5233198602994287,0.9999030232429504,0.4349921743075056,0.6088553581918994,0.9998728632926941,0.43400020826430585,0.6277540922164923,0.9998741149902344,59.7820823244552,0
363,0.4862855914093203,0.5109373671667921,0.9996600151062012,0.4915882192906883,0.5230892073540465,0.9999074339866638,0.4347335866519386,0.6090636281740103,0.9998720288276672,0.4324748374166946,0.6266422243345356,0.9998707175254822,59.7820823244552,0
364,0.4863437485127226,0.5109722642671499,0.9996666312217712,0.49160668963477766,0.5230006717500236,0.999911904335022,0.4352616710322247,0.6092815115338285,0.9998756051063538,0.4313903635456452,0.6260240588869372,0.9998766779899597,59.7820823244552,0
365,0.4863230586051945,0.5109779040018722,0.999651312828064,0.49163392469996536,0.5230503564789186,0.9999136328697205,0.43478190615063655,0.6094218549274268,0.9998705387115479,0.431372572978338,0.6261057314418617,0.9998679757118225,59.7820823244552,0
366,0.4862328781968075,0.5109757781028752,0.9996446371078491,0.491646093981607,0.5232430696487431,0.9999174475669861,0.43402036031087277,0.6094139927909492,0.9998707175254822,0.43146879190490395,0.6264319277945024,0.999872088432312,59.7820823244552,0
367,0.48615031724884433,0.5109673312732156,0.9996407628059387,0.491633779945828,0.5234106637182694,0.9999213814735413,0.4329901394389928,0.609082386607216,0.9998722672462463,0.4316148601827171,0.6265322140284952,0.9998759627342224,59.7820823244552,0
368,0.4860983845733464,0.5109282050813951,0.9996450543403625,0.49161856515067004,0.5235212700707577,0.9999253749847412,0.43244992267517846,0.6086022740318666,0.9998719096183777,0.4315033498264498,0.6264427985463829,0.9998790621757507,59.7820823244552,0
369,0.4860927292278838,0.5108498306501483,0.999657392501831,0.4916035078820732,0.5236604525929409,0.9999304413795471,0.43290942339670124,0.6083286432992849,0.9998767375946045,0.4312002375012356,0.626250272705442,0.9998854398727417,59.7820823244552,0
370,0.4861208455903193,0.5107608522687643,0.999656081199646,0.4915900542622525,0.5238220436232435,0.9999334812164307,0.43386450693720896,0.6081373038746066,0.9998774528503418,0.43091590489660025,0.6261034636270437,0.9998854994773865,59.7820823244552,0
371,0.48614371390569816,0.5107006657691233,0.9996559619903564,0.49158522202855104,0.524026337124053,0.9999356865882874,0.43487208230154895,0.6082168760753819,0.9998767971992493,0.4307837358542854,0.626063105605898,0.9998825192451477,59.7820823244552,0
372,0.4861135837577642,0.5107043016524546,0.9996562600135803,0.49159620347477184,0.5242207986967908,0.999937891960144,0.4354873853070399,0.6084836437588652,0.9998777508735657,0.4308559199174249,0.6260661766642621,0.9998842477798462,59.7820823244552,0
373,0.4860446623393472,0.510708039715177,0.999658465385437,0.491613382384891,0.5244577158065074,0.9999400973320007,0.43555869091124794,0.6087164566630414,0.9998798370361328,0.43106785700434763,0.6261636132285714,0.9998883605003357,59.7820823244552,0
374,0.4860110935710729,0.5107261396589737,0.9996581077575684,0.4916270474592848,0.524673944427854,0.9999423027038574,0.4352061564014075,0.608860001677559,0.9998826384544373,0.43098612768309497,0.6261696134294787,0.9998947978019714,59.7820823244552,0
375,0.4859575558276407,0.5107571113677256,0.9996609091758728,0.49162442911238935,0.5248894776616781,0.9999450445175171,0.4342925364062903,0.6088808292434335,0.9998864531517029,0.43076299627622006,0.6261177318436764,0.9999001026153564,59.7820823244552,0
376,0.48588316923096103,0.5107681978316538,0.9996725916862488,0.4916369290578937,0.5250528625079568,0.9999483227729797,0.4325948698180066,0.6088549608276009,0.9998921155929565,0.43051118084362605,0.6261151149159392,0.9999061822891235,59.7820823244552,0
377,0.4858034295695173,0.5107637076150807,0.9996820092201233,0.49168309285527223,0.5251330477850782,0.9999514222145081,0.4310371194567003,0.608806329114097,0.9998939633369446,0.4303386112054192,0.6261639197667445,0.9999111890792847,59.7820823244552,0
378,0.4857229618799122,0.5107043555804665,0.9996935129165649,0.4917601687567579,0.5251306863058185,0.9999544024467468,0.43015437041010207,0.6087857200985868,0.9998968243598938,0.4303343835331148,0.6263006528218593,0.9999161958694458,59.7820823244552,0
379,0.48566650208972784,0.5105979726428082,0.9996959567070007,0.4918392882460644,0.5251306408927559,0.9999561309814453,0.4303872046016515,0.6087807331766406,0.9998940825462341,0.43046550807498785,0.6265001410529732,0.9999192953109741,59.7820823244552,0
380,0.4856967713151663,0.5105000024750124,0.9997005462646484,0.4918985522928696,0.5251522120975317,0.999957799911499,0.43122490672838154,0.6087549130121872,0.999891459941864,0.4305109878381097,0.6266460418701176,0.9999215006828308,59.7820823244552,0
381,0.4857455108846941,0.5104312527747386,0.9997039437294006,0.49192237002509026,0.5251386421067379,0.999959409236908,0.4321714554514207,0.6087160507837936,0.9998905658721924,0.4305360799744019,0.626706358932314,0.9999239444732666,59.7820823244552,0
382,0.4858077565828963,0.5103891463506793,0.9997079372406006,0.4919385824884691,0.525081296761831,0.9999611377716064,0.43281560000919195,0.6087130024319609,0.9998896718025208,0.43054250166529734,0.6267399759519674,0.9999260902404785,59.7820823244552,0
383,0.4858723836285731,0.5103949876058673,0.9997115731239319,0.49195718623343004,0.5250100947561722,0.9999626874923706,0.4331682281834742,0.6086167835053948,0.999889075756073,0.4305504290830525,0.6266472027415326,0.9999279975891113,59.7820823244552,0
384,0.4859193464120233,0.5103901369231092,0.9997087717056274,0.4919835967676984,0.5249453215371999,0.9999637603759766,0.433161556720734,0.6084424569493254,0.9998864531517029,0.4306302453790396,0.6266222283953717,0.9999292492866516,59.7820823244552,0
385,0.48592454620770087,0.5103799757503332,0.99970543384552,0.4920058576833638,0.5249072341691884,0.9999644756317139,0.43258238974071717,0.6083147554170523,0.9998843669891357,0.4307677958692827,0.6267621148200268,0.999930202960968,59.7820823244552,0
386,0.4859093001910622,0.5103606297856289,0.9997028708457947,0.4920269861107785,0.524909147194454,0.999965250492096,0.4317384348029185,0.6081927816073105,0.999885618686676,0.4309275348981225,0.6270156559490028,0.9999327659606934,59.7820823244552,0
387,0.48587318261464474,0.510342155184065,0.999701738357544,0.4920494329361692,0.524924428690048,0.9999659657478333,0.4308990098181228,0.608217455091931,0.9998879432678223,0.43105501504171495,0.6273081728390291,0.9999359846115112,59.7820823244552,0
388,0.4858376738570989,0.5103013004575461,0.9997017979621887,0.4920636046500437,0.5249363808404836,0.9999663233757019,0.43052910055433036,0.6083708717709502,0.9998903870582581,0.431123766161147,0.6275448061171037,0.99993896484375,59.7820823244552,0
389,0.4858137567838037,0.5102485219637557,0.9997068643569946,0.49207097433862274,0.5249552925427758,0.9999672174453735,0.43034719569342517,0.6084181382542571,0.9998934268951416,0.43118907724108047,0.6275855189278017,0.9999422430992126,59.7820823244552,0
390,0.4858933587869012,0.5101883865538102,0.9997135996818542,0.4920782858417152,0.5250031692641126,0.9999682307243347,0.4305314222971602,0.6083732077053621,0.9998968243598938,0.43112841532343943,0.6275638540585841,0.9999456405639648,59.7820823244552,0
391,0.4860395434356875,0.5101415855543958,0.9997217655181885,0.49208204093433605,0.5251145873750964,0.999969482421875,0.43075351062275147,0.6082819955689571,0.9999008178710938,0.4310197319303244,0.6275823059536167,0.9999490976333618,59.7820823244552,0
392,0.48618970882324986,0.5100870359511607,0.999727189540863,0.49208636227108227,0.525240574564253,0.9999703168869019,0.43098101303690994,0.6081851181529823,0.9999048113822937,0.43074497154780833,0.6275673451877781,0.9999521374702454,59.7820823244552,0
393,0.4863651068437671,0.5102226734161381,0.9997243285179138,0.4920896731671837,0.5253277137165981,0.9999698996543884,0.431226594107492,0.608231589907692,0.9999066591262817,0.43013953594934407,0.627432451361702,0.9999533295631409,59.7820823244552,0
394,0.4865306516488397,0.5104340258098788,0.9997183680534363,0.4920815640971778,0.5254428244772416,0.9999692440032959,0.4316893191564654,0.6083629557064607,0.999906599521637,0.42943812835784223,0.627244889736176,0.9999524354934692,59.7820823244552,0
395,0.48664474061557267,0.5107613262676062,0.9997067451477051,0.4920513984702886,0.5255604443095984,0.9999681115150452,0.4321930337519876,0.6084588539032714,0.9999027252197266,0.42884997526804636,0.6270252466201787,0.9999460577964783,59.7820823244552,0
396,0.48679198679469926,0.5110944708188379,0.9997009038925171,0.49199671972365644,0.5257210135459904,0.9999672174453735,0.4327960369132817,0.6085160005660288,0.9998984336853027,0.4283308372611095,0.6268345117568974,0.999940037727356,59.7820823244552,0
397,0.48691677763348573,0.5113441404842199,0.9996957182884216,0.4919318954149886,0.5259666159039457,0.9999661445617676,0.43333578961236174,0.6084811176572532,0.999893844127655,0.42813094315074773,0.626743336518606,0.9999330639839172,59.7820823244552,0
398,0.48699638673237433,0.5114298491250905,0.9996973872184753,0.4918525148005716,0.5262209177017216,0.9999661445617676,0.433586996226084,0.6084367008436299,0.9998929500579834,0.42811048030853305,0.6267079512278244,0.9999313354492188,59.7820823244552,0
399,0.48717852717354226,0.5115110107830596,0.9996955990791321,0.4917419694718864,0.5263915430931823,0.9999656677246094,0.4337520131043029,0.6083995926947825,0.9998920559883118,0.4280407698381518,0.6266431155658909,0.9999309182167053,59.7820823244552,0
400,0.4874013052100231,0.511471441813878,0.9996933937072754,0.49162575744447296,0.5265497565269475,0.9999653100967407,0.43412960001400575,0.6083125784283598,0.9998903870582581,0.42802381657418787,0.6266183767999927,0.9999297261238098,59.7820823244552,0
401,0.4875848690668746,0.511586725711823,0.9996840953826904,0.4915385132744203,0.5266417094639373,0.9999632835388184,0.43453818701562463,0.6082161579813281,0.9998858571052551,0.42801962863831333,0.6266025844074437,0.9999247789382935,59.7820823244552,0
402,0.48770537262871194,0.5118607282638554,0.9996776580810547,0.49150314501353715,0.5266354538145523,0.9999633431434631,0.43487423942202647,0.6081231208074666,0.9998854398727417,0.4280076878411433,0.6265487330300472,0.9999269247055054,59.7820823244552,0
403,0.48772633785293257,0.5123584327243627,0.9996803998947144,0.4915260729335607,0.5265929273196633,0.9999640583992004,0.4350238570145202,0.6080791410945716,0.9998847246170044,0.42802404222034307,0.6264879249391107,0.9999287128448486,59.7820823244552,0
404,0.4876656021390646,0.5129093016896933,0.9996870756149292,0.4915674527486169,0.5265353123346969,0.9999650716781616,0.4348871182827726,0.6080893278121953,0.9998846650123596,0.4280242678664983,0.6264112251145504,0.9999294877052307,59.7820823244552,0
405,0.4876455437569395,0.513411124547323,0.9996940493583679,0.4915760684581034,0.526482496942793,0.9999661445617676,0.43460124731063876,0.6081951771463672,0.999884843826294,0.4278962512811028,0.6263346813973931,0.9999309778213501,59.7820823244552,0
406,0.48763658319200825,0.5137040217717492,0.9997037053108215,0.491563173986617,0.5264616778918679,0.999967098236084,0.4343064129352573,0.608305380457924,0.9998855590820312,0.4277187018167409,0.6262981636183608,0.9999310374259949,59.7820823244552,0
407,0.4876311492352262,0.5139268267722361,0.9997082352638245,0.4915379853475666,0.5264552945182441,0.9999678134918213,0.43386407125563886,0.608477924551283,0.9998834133148193,0.4273530301593602,0.626273773965382,0.9999294281005859,59.7820823244552,0
408,0.4876166638873876,0.5140652855237329,0.9997100830078125,0.4915193361895429,0.5265372225216461,0.9999678134918213,0.43330281972885165,0.608711114951543,0.9998806715011597,0.4269553139096218,0.6262443576540271,0.9999241232872009,59.7820823244552,0
409,0.48759213089942965,0.5142012266885672,0.9997120499610901,0.4915180930069518,0.5268311869530455,0.9999682307243347,0.43275821634701356,0.6089617042314444,0.9998807907104492,0.42664441040584056,0.6262174731209169,0.9999228715896606,59.7820823244552,0
410,0.48755545985131077,0.514248459112077,0.9997078776359558,0.4915265824113577,0.527468826089587,0.9999678134918213,0.432356253975914,0.6092000972656981,0.9998793005943298,0.4264946111610961,0.6262877980868027,0.9999203681945801,59.7820823244552,0
411,0.48755410881269584,0.514267396359217,0.999697744846344,0.49153963157108893,0.5282364203816372,0.999966561794281,0.4322687061060046,0.6094091194016598,0.9998759627342224,0.42641484027817167,0.6264286722455711,0.9999142289161682,59.7820823244552,0
412,0.48758603987239696,0.5142575672694619,0.9996857047080994,0.4915505562509813,0.5289242409524467,0.9999653100967407,0.43248373837698106,0.6094426569484535,0.9998714327812195,0.4264273700259984,0.6265903853234795,0.9999079704284668,59.7820823244552,0
413,0.4876435881569276,0.5144504450616386,0.9996705055236816,0.49153695220039045,0.5293433836528237,0.9999629855155945,0.43278046023278044,0.6097067452612382,0.9998653531074524,0.4263484094824113,0.6268175130798708,0.9999008774757385,59.7820823244552,0
414,0.487698621693112,0.5147399675278441,0.9996537566184998,0.4915267257463368,0.5296020905176803,0.9999598860740662,0.43290902035576995,0.6102527408372793,0.9998602867126465,0.4262713037786033,0.627161650430589,0.9998945593833923,59.7820823244552,0
415,0.48773338823091456,0.5150289762587779,0.9996353387832642,0.49152655828566816,0.5296873251597092,0.999955415725708,0.4328374096325469,0.6108856768835162,0.9998489618301392,0.4262272076947352,0.627518066338131,0.9998798966407776,59.7820823244552,0
416,0.4877337004457205,0.5152244596254262,0.9996239542961121,0.49153690962564417,0.5297413780575712,0.999951958656311,0.4325975066139588,0.6114670407204406,0.9998342990875244,0.4262388774326873,0.6278612755593804,0.9998606443405151,59.7820823244552,0
417,0.48773807571047867,0.515296924681891,0.9996179342269897,0.4915561633450648,0.529701343604497,0.9999508857727051,0.43234254348845746,0.6118619158154447,0.9998266100883484,0.4262153463704249,0.6281055155254551,0.9998489618301392,59.7820823244552,0
418,0.48773758042426374,0.5152384354954678,0.9996214509010315,0.4915751247178945,0.5296113065310891,0.9999514222145081,0.43216914931933115,0.6118337880997435,0.999819815158844,0.4262519351073677,0.6281958960351495,0.9998398423194885,59.7820823244552,0
419,0.4877288994334997,0.5152378224191216,0.9996159076690674,0.4915839547202705,0.5295276783761528,0.9999513030052185,0.43216565535182083,0.6117131568136673,0.99981689453125,0.42647377224195604,0.6282289936428984,0.9998370409011841,59.7820823244552,0
420,0.4877058877831417,0.5152374307314559,0.9996094703674316,0.49160737224987616,0.5294287431807749,0.9999507665634155,0.43213250381606005,0.6115882056100033,0.9998135566711426,0.42682247218631597,0.6282711596716023,0.9998332262039185,59.7820823244552,0
421,0.4876776536305749,0.5152365934281127,0.9996005892753601,0.49163282485235343,0.5292578226044069,0.9999499917030334,0.4320274846894404,0.6114753314426972,0.9998072385787964,0.4271859029928846,0.6283017056328914,0.9998269081115723,59.7820823244552,0
422,0.48765118774913646,0.5152521218572348,0.999598503112793,0.49165555125191135,0.5289617095674792,0.9999503493309021,0.4318316295033413,0.6114524205525722,0.9998006820678711,0.427443060136977,0.6282787833895007,0.9998206496238708,59.7820823244552,0
423,0.4876340045815426,0.5152900105430971,0.9995982646942139,0.4916744161219828,0.5285856581869584,0.9999509453773499,0.4316130677858992,0.611484947658721,0.9997949004173279,0.42751327015104784,0.6282156932921641,0.9998170137405396,59.7820823244552,0
424,0.4876292787847069,0.5152824066934135,0.9995973706245422,0.49168487815629913,0.5282484633581983,0.9999515414237976,0.43150575813793035,0.6112795670827235,0.9997895359992981,0.42743952359472037,0.628106188206446,0.9998145699501038,59.7820823244552,0
425,0.48765518267949465,0.5152445804505126,0.9996013045310974,0.4916793391818096,0.5280409767514187,0.9999526739120483,0.4315660865533923,0.6108205006236127,0.9997952580451965,0.42719844835145165,0.6278901724588308,0.9998214244842529,59.7820823244552,0
426,0.48769923193114184,0.5151451173282809,0.9996066689491272,0.4916861809435349,0.5279816360700702,0.999954342842102,0.43166606057257917,0.6102804825419477,0.9997997283935547,0.4268687083607632,0.6276512373061411,0.9998272061347961,59.7820823244552,0
427,0.4877443781920846,0.5149787068367009,0.9996071457862854,0.49172085239773744,0.5281287970997042,0.9999554753303528,0.4318043845040461,0.6098307740120665,0.9998028874397278,0.4265470433802835,0.6274731953938808,0.9998315572738647,59.7820823244552,0
428,0.4877734539054693,0.514786765688942,0.9995900392532349,0.49177871147791585,0.5283623508044656,0.9999552369117737,0.43193743768192505,0.6096347343354003,0.9998028874397278,0.42631643868628033,0.6273939552761265,0.9998353719711304,59.7820823244552,0
429,0.48777291888282454,0.5145765684899835,0.9995723366737366,0.49187132148515655,0.5285765301613585,0.9999550580978394,0.43203261778468216,0.6096567256110059,0.9998042583465576,0.4262495267958871,0.6274123645964128,0.9998427629470825,59.7820823244552,0
430,0.4877622638429918,0.5143399266969594,0.9995704293251038,0.4919692817188449,0.528732103960855,0.9999560713768005,0.4321625899700895,0.6096704006195073,0.9998095631599426,0.4262859154315225,0.6274478861263826,0.999851644039154,59.7820823244552,0
431,0.48777307357106925,0.5141638120015466,0.9995782971382141,0.4920362773395724,0.5287973114422393,0.9999575018882751,0.43231757623808764,0.609645355315436,0.9998136758804321,0.4262726675896421,0.6274184840066097,0.9998568892478943,59.7820823244552,0
432,0.48779546221097353,0.5140544601849152,0.9995723962783813,0.49208330682345836,0.5288601858275281,0.9999567866325378,0.432432476963316,0.609630425771078,0.9998089075088501,0.42625387367748113,0.6273691739354821,0.9998528361320496,59.7820823244552,0
433,0.48783423787071634,0.514007755688259,0.9995697140693665,0.49211841821670566,0.5289349612735571,0.9999566674232483,0.43255613673301,0.6096370787847615,0.9998058676719666,0.426240546362741,0.6273225858097989,0.9998511075973511,59.7820823244552,0
434,0.48786950253305017,0.5140007705915546,0.9995679259300232,0.49213911096255025,0.5290094841094248,0.9999565482139587,0.43268412777355775,0.609664156323388,0.9998039603233337,0.4262386219842097,0.6273048434938708,0.9998500347137451,59.7820823244552,0
435,0.4879137178262079,0.5139959766751248,0.9995660781860352,0.4921591480573022,0.5290677121707376,0.9999563694000244,0.4328030574889413,0.6097049798284263,0.9997981190681458,0.4262505400748483,0.6273160463287722,0.9998450875282288,59.7820823244552,0
436,0.48797047989709075,0.5139815466744564,0.9995701909065247,0.49217377106348714,0.5291006054197043,0.9999567270278931,0.4329234233924324,0.6097278708503364,0.9997943043708801,0.42626281011672285,0.6273034328506111,0.9998410940170288,59.7820823244552,0
437,0.48802456969306623,0.5139747148468384,0.9995736479759216,0.4921846247854691,0.5291069462185819,0.9999571442604065,0.43302332503455065,0.6097449915749691,0.9997920393943787,0.4262597021602452,0.6272765795389816,0.99983811378479,59.7820823244552,0
438,0.4880607568082359,0.5139472910336089,0.9995782971382141,0.4922027275675823,0.5291046869187133,0.9999575018882751,0.43306801290739183,0.609732099941799,0.9997907280921936,0.4262414375940962,0.6272293556304209,0.9998344779014587,59.7820823244552,0
439,0.48809223231815196,0.513916509492057,0.9995809197425842,0.4922272506214328,0.5291627418427245,0.9999576210975647,0.43308269835653795,0.6096593226705284,0.9997878670692444,0.4262194534142816,0.6271877941631141,0.9998297095298767,59.7820823244552,0
440,0.4881072257246294,0.5138790096555441,0.999584972858429,0.49225980611074577,0.5292760985238216,0.9999578595161438,0.43305485305332037,0.6095683546293355,0.9997881054878235,0.42618040669532087,0.6271751551401052,0.9998283982276917,59.7820823244552,0
441,0.48811720382599644,0.5138209036418373,0.999583899974823,0.49230025353885876,0.5294049240293961,0.9999579787254333,0.43302820410047294,0.609382461933863,0.9997867345809937,0.4261996377082102,0.62707569485619,0.999826967716217,59.7820823244552,0
442,0.4881491306282229,0.5136772053582332,0.9995915293693542,0.49234778540475066,0.5295264124870305,0.9999586343765259,0.43301462275641345,0.6090827754565653,0.9997870922088623,0.42630551400638794,0.6269206943966099,0.9998246431350708,59.7820823244552,0
443,0.488183255706515,0.51343465986706,0.9995985627174377,0.4924294764087318,0.5296001065345042,0.9999589920043945,0.4329584184147066,0.6086903498286298,0.9997882843017578,0.4264352648031147,0.6266987096695678,0.9998229742050171,59.7820823244552,0
444,0.48821378038043106,0.5131607084047232,0.999596357345581,0.492518341257459,0.5296266277631128,0.9999582767486572,0.43288864408220595,0.6082706082434886,0.9997811317443848,0.4265429959410716,0.6264227628707891,0.9998159408569336,59.7820823244552,0
445,0.48822882913407867,0.512910419986362,0.9996036887168884,0.49262014599073545,0.5296847593216674,0.9999588131904602,0.4328423454647976,0.6079242456526988,0.999782919883728,0.42664483899161965,0.626221793038505,0.9998165369033813,59.7820823244552,0
446,0.4882396289280486,0.5127177720978151,0.9996141195297241,0.4927217719100775,0.5297448635101323,0.9999593496322632,0.4328494966030124,0.6076611564272931,0.9997867941856384,0.4266991359846936,0.6261322242873061,0.9998175501823425,59.7820823244552,0
447,0.48827408041272885,0.5125949553080971,0.9996193647384644,0.4928050694011511,0.5298109026182269,0.9999599456787109,0.4329544348376141,0.6074550974936717,0.999791145324707,0.42673720632280654,0.6260939978417901,0.99982088804245,59.7820823244552,0
448,0.4884755171480637,0.5125129364785699,0.9996176958084106,0.4928467160179505,0.5298916129838858,0.9999598860740662,0.43320067581676336,0.6073009428523841,0.9997921586036682,0.42672621352332013,0.6261293263662434,0.9998213648796082,59.7820823244552,0
449,0.4888162712256118,0.5124526165780572,0.9996041655540466,0.49286862923985475,0.529965079966046,0.999958336353302,0.43346397933505865,0.6071857611338303,0.9997902512550354,0.42664045946938683,0.6261800499189474,0.9998182058334351,59.7820823244552,0
450,0.48930191142218493,0.5124568456695198,0.999588668346405,0.492858686617443,0.5301335340454469,0.9999557733535767,0.4338133846010484,0.6071304622150607,0.9997847676277161,0.42649858764239756,0.6261980703898844,0.9998122453689575,59.7820823244552,0
451,0.48980635688418467,0.5126771330833438,0.9995758533477783,0.49284758454277444,0.5305269644373943,0.9999532103538513,0.434239330745879,0.6071787476539616,0.9997771382331848,0.42639379983856596,0.626227648485275,0.9998041391372681,59.7820823244552,0
452,0.4902208177816304,0.5130965709686284,0.999549388885498,0.4928484757741296,0.5309718847274785,0.999950110912323,0.43467112666084684,0.6072672037851248,0.9997616410255432,0.42635148621740826,0.6262349287668869,0.9997887015342712,59.7820823244552,0
453,0.4904683430989587,0.513574009849912,0.999505877494812,0.4928499289921356,0.5313655989510677,0.9999452233314514,0.43498571997597135,0.6074614382925492,0.9997502565383911,0.4263560445535754,0.6262352296284273,0.9997786283493042,59.7820823244552,0
454,0.49059317651249157,0.513999325888498,0.9994875192642212,0.4928426629021058,0.5317144592603051,0.9999427199363708,0.4352347197986788,0.60775599593208,0.9997313618659973,0.42638098767825566,0.6262509226799017,0.9997557997703552,59.7820823244552,0
455,0.4906175235907241,0.5142505963643396,0.9994840621948242,0.4928250397954672,0.5319947316533047,0.9999419450759888,0.4353851775328322,0.6080309549967453,0.9997278451919556,0.42636074338640517,0.6263104904265636,0.9997512102127075,59.7820823244552,0
456,0.49059875096593625,0.5142800353822258,0.9994757175445557,0.49280239570708545,0.5322766474315103,0.9999405145645142,0.43545119819187017,0.6083683116095411,0.9997256994247437,0.4262480962844125,0.6264767618406392,0.999750018119812,59.7820823244552,0
457,0.49051583239010443,0.5142667889595036,0.9994738101959229,0.4927825473603752,0.5325909540766766,0.9999403953552246,0.43539352218310073,0.6088023753393269,0.9997299313545227,0.4260567355723611,0.6267431605429881,0.9997561573982239,59.7820823244552,0
458,0.49041385310036834,0.5142869750658675,0.9994717836380005,0.4927699821335933,0.5327831818943936,0.9999411702156067,0.43525914209229644,0.6093600108509977,0.9997372627258301,0.4257605331284663,0.627001407600585,0.9997664093971252,59.7820823244552,0
459,0.490205736387344,0.5142668372108827,0.9994800686836243,0.49276946130253063,0.5328047587758024,0.9999430179595947,0.43483239554223596,0.6099114900543581,0.999747097492218,0.42546792115484,0.6272649651481996,0.9997780919075012,59.7820823244552,0
460,0.4898682946250556,0.5141221086184188,0.9994822144508362,0.4927846846126379,0.5327318140438628,0.9999443292617798,0.4342553572995326,0.6103945686703642,0.9997537732124329,0.4252821164471766,0.6275430378459754,0.9997870922088623,59.7820823244552,0
461,0.48948924030576474,0.5138702449344458,0.9995013475418091,0.4928068376722794,0.5326436814807715,0.9999471306800842,0.43367816578774254,0.6106305207524986,0.9997642636299133,0.4251935538791478,0.627789281663441,0.9997977018356323,59.7820823244552,0
462,0.4891276515665512,0.513581718717303,0.999514102935791,0.4928300082683567,0.5325843578293215,0.999949038028717,0.4331275125344598,0.6107411299433032,0.9997721314430237,0.425179040148145,0.6280352955772768,0.9998070597648621,59.7820823244552,0
463,0.48885518596285904,0.5133680389040997,0.9995255470275879,0.49284394014449384,0.5325444227173219,0.9999507069587708,0.43266621657780274,0.6107832221757803,0.999778687953949,0.42521233927635954,0.6282334895361043,0.9998135566711426,59.7820823244552,0
464,0.48868158885410895,0.5133163560004466,0.9995377659797668,0.49284647901852974,0.5324320509320217,0.9999524354934692,0.4324016698769164,0.6108291092373082,0.9997851848602295,0.42522909385817426,0.6282860409645812,0.9998200535774231,59.7820823244552,0
465,0.4885027820155738,0.5133842258226309,0.999550998210907,0.4928662705989115,0.5322912307012653,0.9999541640281677,0.43217904794783857,0.6108270514579052,0.9997932314872742,0.4252814011914393,0.6282974254517333,0.9998284578323364,59.7820823244552,0
466,0.48831431638626865,0.5134558904738658,0.9995592832565308,0.49289371428035594,0.5321215760140197,0.9999549984931946,0.43201916984149424,0.6108438514527825,0.9997978806495667,0.42534170122373705,0.6282461512656444,0.9998337030410767,59.7820823244552,0
467,0.48815730781782285,0.5134670308658058,0.9995664358139038,0.49292289784976456,0.5319813944044571,0.9999555945396423,0.43193232445489826,0.610836145423708,0.9998044371604919,0.42541818391709135,0.6281627104395917,0.9998400807380676,59.7820823244552,0
468,0.4880645502181284,0.5135129150890173,0.9995729327201843,0.49292472998301223,0.5319066047668461,0.9999560117721558,0.43193070235706543,0.6108252888634096,0.9998071193695068,0.425477919124422,0.6280443015552708,0.9998406171798706,59.7820823244552,0
469,0.48807418062573427,0.5136104935691475,0.999576210975647,0.4928898584275022,0.5319605129105709,0.9999555945396423,0.4320281190531598,0.6108044243994218,0.9998080730438232,0.42551762149447525,0.6279290204956423,0.999840259552002,59.7820823244552,0
470,0.4881658568268734,0.5137563489732293,0.9995679259300232,0.4928288133371448,0.5321431784402761,0.99995356798172,0.43219192680858465,0.6107222437858586,0.9998083114624023,0.42555460191908373,0.6278336445490524,0.9998378753662109,59.7820823244552,0
471,0.48828048791204215,0.5139040521212991,0.999562680721283,0.4927347912674862,0.5324630907603677,0.9999521374702454,0.4322530059587391,0.6106185600871137,0.9998084902763367,0.42557202208609846,0.6278077278818408,0.9998353719711304,59.7820823244552,0
472,0.4883945073400229,0.5140053743407844,0.9995686411857605,0.4926168989567533,0.5328368459429065,0.9999527931213379,0.4322223351115275,0.6105115016301478,0.9998088479042053,0.42555994646889855,0.6278485371952971,0.9998364448547363,59.7820823244552,0
473,0.48843891138122236,0.5140172526949932,0.999579131603241,0.49248517978759077,0.533147840272813,0.9999534487724304,0.43209593636649035,0.6104038698332656,0.9998078346252441,0.42554550937243907,0.6279837744576595,0.9998354911804199,59.7820823244552,0
474,0.488403887975784,0.5140341378393631,0.9995755553245544,0.4923210058893481,0.5333265633810138,0.9999518990516663,0.4319893533275244,0.6102867126464848,0.9997889995574951,0.42552825666609295,0.6281201271783743,0.9998123049736023,59.7820823244552,0
475,0.4883396029472355,0.5140423348971779,0.9995722770690918,0.4921689572788424,0.5333463918595092,0.9999508261680603,0.4319754966667724,0.6101607055891132,0.9997729659080505,0.42552113674935876,0.6281756304559258,0.999793291091919,59.7820823244552,0
476,0.4882669037296662,0.513935370104654,0.9995743036270142,0.4920703598431182,0.5332260784648717,0.9999501705169678,0.4320593419529146,0.6099675070671813,0.999760091304779,0.4255285617851079,0.628056094759987,0.9997773170471191,59.7820823244552,0
477,0.4882029706523536,0.513732697282519,0.9995724558830261,0.49200064227694595,0.5329860051472987,0.9999493360519409,0.43209913231077685,0.6097933962231595,0.9997439384460449,0.4255174767403379,0.6277736510549278,0.9997588992118835,59.7820823244552,0
478,0.4881320113227485,0.513514910425459,0.9995779395103455,0.49192802253223644,0.5327134132385258,0.9999493956565857,0.4321520513012299,0.6096329745792213,0.9997358918190002,0.4255046489692873,0.6274690117154809,0.9997478723526001,59.7820823244552,0
479,0.4879396657149001,0.5133059308642437,0.9995821118354797,0.4918491726829896,0.5324066877365117,0.99994957447052,0.4320874001298636,0.6095246757779808,0.9997345805168152,0.42550247481891124,0.6272401923225044,0.9997448325157166,59.7820823244552,0
480,0.4877024193604791,0.5131698648134871,0.9995882511138916,0.4917413521380655,0.5321812090419592,0.9999496340751648,0.4319078851313821,0.6094940304756169,0.9997361302375793,0.42550989985466037,0.6271717690286187,0.9997435808181763,59.7820823244552,0
481,0.487459976048697,0.5131405875796367,0.9995959401130676,0.4916367984953385,0.5320296429452447,0.9999504685401917,0.4316642894631344,0.6095276247887389,0.9997432827949524,0.42552678216071393,0.6272254756518778,0.9997485280036926,59.7820823244552,0
482,0.48724896283376823,0.5130957081204373,0.9996033906936646,0.49155834033375734,0.5319096644719445,0.9999512434005737,0.43146720102855174,0.6094194026220416,0.9997501373291016,0.4255590140819553,0.6272354040827075,0.9997546672821045,59.7820823244552,0
483,0.4871329054945995,0.5130620173045571,0.9996111989021301,0.4915134168806534,0.5318423481214618,0.9999525547027588,0.4313878942103616,0.6091940488134117,0.9997591376304626,0.4256092324143368,0.6271779139836635,0.999764621257782,59.7820823244552,0
484,0.48710452374957897,0.513088581107912,0.9996123313903809,0.49141859724408143,0.5318408154305962,0.9999532103538513,0.4314607935292384,0.6088738696915768,0.9997641444206238,0.4256595046747302,0.6270707306407752,0.9997715353965759,59.7820823244552,0
485,0.4870846881752926,0.5131573563530336,0.9996123313903809,0.4912768162432175,0.531875420184363,0.9999539852142334,0.43156627672059233,0.60858018057687,0.9997702240943909,0.42565274522418106,0.6269879284359166,0.9997789859771729,59.7820823244552,0
486,0.48707784641356733,0.5131346015703115,0.9996083974838257,0.49112768400283124,0.5319458927427023,0.9999544024467468,0.43161905237606624,0.6083327844029385,0.9997748136520386,0.4255687253815791,0.6269036417915712,0.9997847080230713,59.7820823244552,0
487,0.48705135072980643,0.5130617874009273,0.9996082186698914,0.49100348921049247,0.5320170805567791,0.9999552369117737,0.43162553225244826,0.6081417117800036,0.9997800588607788,0.4254524792943685,0.6268248841876081,0.9997916221618652,59.7820823244552,0
488,0.4870215484074188,0.5129356696492153,0.9996114373207092,0.4909244562898367,0.5320753001031426,0.9999563097953796,0.4316266250042692,0.6079216627847586,0.9997853636741638,0.42534928236688924,0.6266946026257112,0.9997990131378174,59.7820823244552,0
489,0.4869893250011266,0.5127746207373487,0.999610424041748,0.49091063368888166,0.531986636774881,0.999956488609314,0.4316208816709976,0.6077501944133219,0.9997851252555847,0.42529729008674655,0.6265508816355756,0.9998006820678711,59.7820823244552,0
490,0.48698293169339535,0.5126588259424486,0.9996128082275391,0.49090669410569365,0.531797860349928,0.9999569058418274,0.4316353755337855,0.6076761086781824,0.9997789859771729,0.4252820979981199,0.6264239918617981,0.9997963309288025,59.7820823244552,0
491,0.48700804937453535,0.5126390457153325,0.9996143579483032,0.4909021826017475,0.531605890819005,0.999957263469696,0.43163552454539744,0.6077735282125932,0.9997707009315491,0.42524995406468746,0.6263946465083536,0.9997881650924683,59.7820823244552,0
492,0.48702648423966943,0.5126176902226043,0.9996166229248047,0.49092680073919787,0.5314151048660283,0.9999579787254333,0.43152695610409725,0.607921821730478,0.999769389629364,0.4251855370544255,0.6263400259472081,0.9997867345809937,59.7820823244552,0
493,0.48703723294394397,0.5126075091816135,0.9996251463890076,0.4909868822211315,0.5313195586204533,0.9999591112136841,0.43137394672348417,0.6080320789700469,0.9997729659080505,0.4251646385306407,0.6262759736606058,0.9997886419296265,59.7820823244552,0
494,0.4870232840379083,0.5124674354280748,0.9996340274810791,0.49112140848523134,0.5312979618708297,0.9999603033065796,0.43120043902170124,0.6079894219126025,0.9997758269309998,0.42523287165732643,0.626153877803258,0.9997897148132324,59.7820823244552,0
495,0.48699157436688784,0.5122537158784416,0.9996466040611267,0.49129813341867395,0.5312302964074276,0.9999616146087646,0.43103209847495705,0.6078248506500612,0.9997804760932922,0.4253560914879757,0.6259984146981017,0.9997925162315369,59.7820823244552,0
496,0.4870554989292512,0.512034220354898,0.999657392501831,0.4914788759890061,0.5312262546448485,0.9999624490737915,0.431027554330372,0.6075493210837959,0.9997801184654236,0.42558401255380574,0.6258485260463901,0.999789297580719,59.7820823244552,0
497,0.4872106100831717,0.5118885182199029,0.9996680021286011,0.4916369773092728,0.531268261727833,0.999963104724884,0.4311634543396181,0.6073173312913809,0.9997857809066772,0.4258446764378324,0.6257589941933046,0.9997926950454712,59.7820823244552,0
498,0.4873947855972112,0.5118701685042613,0.9996734261512756,0.49174426708902674,0.5313297226315457,0.9999631643295288,0.4313301245371504,0.6071744816643856,0.9997904300689697,0.4260416002500628,0.6257061333883381,0.9997959136962891,59.7820823244552,0
499,0.48755735726583616,0.5119288251513531,0.9996809959411621,0.4917944130443395,0.5314153830210373,0.9999635815620422,0.4314700251533875,0.6071507760456635,0.9997962117195129,0.42614226965677204,0.6256969996861055,0.9998003840446472,59.7820823244552,0
500,0.48764312976882607,0.511959308669681,0.9996865391731262,0.4918291810013003,0.5314747095108037,0.9999638199806213,0.4314951854092738,0.6072099748111912,0.9997946619987488,0.4261475787276317,0.6257057558922545,0.999795138835907,59.7820823244552,0
501,0.48763370939663514,0.5121024421283181,0.9996892213821411,0.4918407670089181,0.5314274089676998,0.9999639391899109,0.4313592825617113,0.6074123382568364,0.999794065952301,0.42605054378509555,0.6257240800630484,0.9997934103012085,59.7820823244552,0
502,0.48761742313702944,0.5122740410623101,0.9996888637542725,0.49183570203327037,0.5313432528859097,0.9999632835388184,0.43124089354560524,0.6076087015015743,0.9997904896736145,0.4260031183560693,0.625726855936505,0.9997898936271667,59.7820823244552,0
503,0.48761483601161454,0.5124559686297466,0.999686598777771,0.49183040147735996,0.5312168626558218,0.9999620914459229,0.43123082887558745,0.6078290144602463,0.9997892379760742,0.42603945590200915,0.6257830120268327,0.9997878074645996,59.7820823244552,0
504,0.4876429906913216,0.5126594645636426,0.9996787905693054,0.49182630152929435,0.5311259116445273,0.9999606609344482,0.43135400045485756,0.607962202458155,0.9997948408126831,0.42615151405334506,0.6258589937573393,0.99979567527771,59.7820823244552,0
505,0.48769610552560755,0.5128287417548048,0.9996611475944519,0.491822019928978,0.5309993000257587,0.9999586939811707,0.4315049038046886,0.6081987874848507,0.9998021721839905,0.4261861684776491,0.6259264435086936,0.9998053312301636,59.7820823244552,0
506,0.48776492476463357,0.5129437588510064,0.9996422529220581,0.4918245006175272,0.5308861846015571,0.9999561905860901,0.43161415060361263,0.6085649161111746,0.9998025894165039,0.4261457522710168,0.6259930559567048,0.9998068809509277,59.7820823244552,0
507,0.48784686412130124,0.5131213523092728,0.9996247291564941,0.49183928682690614,0.5307586193084721,0.9999548196792603,0.43163114360400645,0.6091280891781766,0.9998039603233337,0.4260384908744271,0.6260591149330144,0.9998114705085754,59.7820823244552,0
508,0.4879166398729601,0.5132856681233364,0.9996104836463928,0.4918659570671267,0.5306465994744078,0.9999537467956543,0.4315930306911472,0.6096499902861463,0.9998070001602173,0.4259285501071388,0.6260472763152355,0.999816358089447,59.7820823244552,0
509,0.48793879860923445,0.5135978800909864,0.999600887298584,0.4919071112360277,0.5305895947274712,0.9999531507492065,0.4314782449177337,0.610180224691119,0.9998082518577576,0.4258777626923156,0.6261789231073294,0.9998197555541992,59.7820823244552,0
510,0.48792428771654806,0.5139607588450118,0.9995967149734497,0.4919661964688986,0.530572720936367,0.9999534487724304,0.43140583237012264,0.6105164090792343,0.999811589717865,0.4259009488991332,0.6263534483455481,0.9998251795768738,59.7820823244552,0
511,0.4878957711514976,0.5142925182978316,0.999591588973999,0.49202487724168,0.5307843600000658,0.9999536871910095,0.43143151771454624,0.6107408915247241,0.9998155236244202,0.42590736775171223,0.6265846065112528,0.9998315572738647,59.7820823244552,0
512,0.48792293667793313,0.5145532318523955,0.9995874166488647,0.49209970661572083,0.53122376544135,0.9999536275863647,0.43150310998871244,0.6108277525220603,0.9998189806938171,0.4259100499607271,0.6268248671577095,0.9998371601104736,59.7820823244552,0
513,0.4880456654798421,0.5148463930402487,0.9995825290679932,0.49218383005687205,0.5317157024428962,0.9999525547027588,0.4315262976146883,0.6107274095217392,0.9998169541358948,0.4259141782919569,0.6268929328237267,0.9998358488082886,59.7820823244552,0
514,0.4882774012429377,0.5153068729809356,0.9995747208595276,0.492357296603067,0.5322464193616598,0.9999511241912842,0.4314127039341703,0.6108731400398986,0.9998144507408142,0.4257248157546637,0.6269074309439892,0.9998342990875244,59.7820823244552,0
515,0.4885790291286654,0.5159560839335128,0.9995771050453186,0.4926197770096011,0.5326888419332962,0.999950110912323,0.43104448346864643,0.6113172088350574,0.9998141527175903,0.42541218371618394,0.6269892993427464,0.9998319149017334,59.7820823244552,0
516,0.4888962464673182,0.5165167677970164,0.9995763301849365,0.49304353906994813,0.5329941965284806,0.9999494552612305,0.4306303972289679,0.6117924451828007,0.9998180866241455,0.4250788589318597,0.6270566298848111,0.9998360872268677,59.7820823244552,0
517,0.48915747091883743,0.5168209671974187,0.999575138092041,0.49363159849530214,0.5334787198475434,0.9999474287033081,0.4303652601582667,0.6118345771517077,0.9998173117637634,0.42485940030642955,0.6271580826668517,0.9998303651809692,59.7820823244552,0
518,0.48938142685663166,0.5169121708188743,0.9995821118354797,0.4942488400709065,0.5340101066089815,0.9999474883079529,0.43021189882641786,0.6114908740634015,0.9998220205307007,0.42479630737077656,0.6272433712368926,0.9998329281806946,59.7820823244552,0
519,0.4895448386669162,0.5169846529052375,0.9995967149734497,0.4948351326442904,0.5345024608430413,0.9999480247497559,0.4301124796980907,0.6108113555681143,0.9998292326927185,0.4249045905612767,0.6271760463714605,0.9998383522033691,59.7820823244552,0
520,0.4896977146466577,0.5172852788652696,0.9996028542518616,0.4953473238717946,0.5350637265614105,0.999947726726532,0.4300058966591248,0.6104497994695396,0.9998341798782349,0.42496380068007006,0.6271535016241533,0.9998412728309631,59.7820823244552,0
521,0.4898561892055334,0.5177694019817175,0.9996016025543213,0.49573685299782566,0.5355097112201513,0.9999472498893738,0.429839311611085,0.6104188135692057,0.9998365640640259,0.4249962057386129,0.6271300542922251,0.9998449087142944,59.7820823244552,0
522,0.49008843018895143,0.5183446151869642,0.9995982050895691,0.49614696843283557,0.5357984588259747,0.9999463558197021,0.4297738061064769,0.6105965574582423,0.9998412728309631,0.4251800009182525,0.6271273380234132,0.9998499155044556,59.7820823244552,0
523,0.49031475895927107,0.518847056797573,0.9995694756507874,0.4965463720616844,0.5360434622991657,0.9999427795410156,0.42985575823556843,0.6106071159953168,0.9998372197151184,0.42552271201497066,0.6271450377645952,0.9998499751091003,59.7820823244552,0
524,0.49050004567418815,0.5194116915975302,0.9995274543762207,0.49683295403208094,0.5365557812509087,0.9999369382858276,0.42992294402349596,0.6106854847499308,0.9998382329940796,0.4258710812954679,0.6271816208249053,0.9998543858528137,59.7820823244552,0
525,0.49063558095977455,0.5198898599261333,0.999496579170227,0.4970124704497205,0.5372037234760471,0.9999313950538635,0.4300177154086889,0.6107107117062528,0.9998251795768738,0.42609651173864127,0.6272199125516987,0.999841570854187,59.7820823244552,0
526,0.4907332204637077,0.5203042143867134,0.999468982219696,0.4970533095654991,0.5379169469787966,0.9999282360076904,0.430126508076986,0.6106634338696802,0.9998218417167664,0.42629148988496723,0.627232690652212,0.9998387694358826,59.7820823244552,0
527,0.49081599996203507,0.5209137456757686,0.9994509816169739,0.49702059371130847,0.5384531787463601,0.9999265074729919,0.4302177883329849,0.6106849511464442,0.999813437461853,0.4264627836999442,0.6271961984180274,0.9998335838317871,59.7820823244552,0
528,0.49093812987917984,0.5214908974511288,0.9994324445724487,0.4971871872742975,0.5387781773294726,0.9999242424964905,0.4303496593520758,0.6107287151472913,0.9998112916946411,0.4268507290454141,0.6271274657476522,0.9998347759246826,59.7820823244552,0
529,0.4911738336086277,0.5220272881644117,0.9993932843208313,0.49745777107420464,0.5389758461997627,0.9999212026596069,0.43051242828369174,0.610791581017631,0.9998127222061157,0.4272893454347341,0.6270848541032705,0.9998379945755005,59.7820823244552,0
530,0.49145968755086306,0.52256890421822,0.9993695616722107,0.49780219935235565,0.5393952074505037,0.9999232888221741,0.4306917006061194,0.611044015203204,0.9998199939727783,0.4277050537722455,0.6271853815941589,0.9998475313186646,59.7820823244552,0
531,0.49177564751534275,0.5228361373855959,0.9993162751197815,0.49810480503808924,0.5399219762711303,0.999922513961792,0.4309072664805824,0.6109218114898323,0.9998242855072021,0.42795202136039767,0.6274630881491167,0.999854326248169,59.7820823244552,0
532,0.49205505564099306,0.5228526109740852,0.9992567896842957,0.4983119581426897,0.5404409737814044,0.9999226927757263,0.4311208029588067,0.6105144478025896,0.9998289942741394,0.42815253990037133,0.6278106910841811,0.9998631477355957,59.7820823244552,0
533,0.4923675145421713,0.5229189481054037,0.9992371797561646,0.498387265773047,0.5407879239036928,0.999926745891571,0.4312862995125002,0.6099841225714915,0.9998353123664856,0.4281810124715173,0.6281021861802969,0.9998734593391418,59.7820823244552,0
534,0.49260645962896843,0.5231701391083858,0.9992199540138245,0.49844969738097455,0.541002648217338,0.9999256134033203,0.4312914751824882,0.6096817538851789,0.9998319149017334,0.42807093120756634,0.6282341537021461,0.9998735189437866,59.7820823244552,0
535,0.49281670791762255,0.5237720041047964,0.999193549156189,0.49847919174603095,0.5410496024858389,0.9999242424964905,0.43118448200679993,0.6099942468461541,0.9998115301132202,0.42787108534858376,0.6282911868322468,0.9998573660850525,59.7820823244552,0
536,0.49295879971413425,0.5245885877382191,0.999184250831604,0.4985441906111585,0.5409810798508785,0.9999240040779114,0.43104696699551204,0.6110580251330426,0.9998118281364441,0.4277383585770928,0.6283399689765208,0.9998594522476196,59.7820823244552,0
537,0.49302818519728564,0.5253266436713087,0.9991388320922852,0.49862530969438135,0.5409545813288013,0.9999206066131592,0.43101673182987066,0.6121755384263543,0.9998100996017456,0.42769955027671125,0.6284298840023228,0.9998637437820435,59.7820823244552,0
538,0.4930323348158886,0.5257615844408675,0.9990954995155334,0.49873611189070244,0.5409415619713924,0.999915361404419,0.43108713201114146,0.6131559440067842,0.999806821346283,0.42774027018320027,0.6285152605601725,0.9998639225959778,59.7820823244552,0
539,0.49310008117130866,0.5258829480125795,0.9990533590316772,0.4988258268151969,0.5409270070848016,0.9999085664749146,0.43123514311654265,0.6137726988111227,0.9997932314872742,0.4277114314692364,0.6285907995133178,0.9998553395271301,59.7820823244552,0
540,0.4931651552518213,0.5259487174806146,0.9990243911743164,0.49877136661892885,0.5409642401195712,0.9999076724052429,0.43137666724977075,0.6140141004607795,0.9997800588607788,0.4275244871775312,0.6286225176992876,0.9998527765274048,59.7820823244552,0
541,0.4932172993818923,0.5259294992401491,0.9990048408508301,0.498559361412412,0.5411013052577069,0.9999076128005981,0.43153211048671214,0.6139834892182128,0.9997756481170654,0.427288251263755,0.6286856872694837,0.9998550415039062,59.7820823244552,0
542,0.4932865131469004,0.5258676835468841,0.9990257024765015,0.4982804570879259,0.5412760632378719,0.9999099969863892,0.4316576747667225,0.6137124214853564,0.9997766613960266,0.4270680305503667,0.6286800390198122,0.9998591542243958,59.7820823244552,0
543,0.49330510979607034,0.5257805812926524,0.9990622997283936,0.4979684409641088,0.5414835044315888,0.9999135732650757,0.4317477473190856,0.6133910417556767,0.9997802972793579,0.4269279851799923,0.62865500223069,0.9998649954795837,59.7820823244552,0
544,0.49329480103084056,0.5256282573654543,0.9990618824958801,0.4977385132085713,0.5416692665645059,0.9999131560325623,0.4320840977487113,0.6131561284973512,0.9997811317443848,0.4268820527054018,0.6285204660324828,0.9998680949211121,59.7820823244552,0
545,0.49327170565014833,0.5254974365234379,0.9990624189376831,0.497600322677976,0.5419486363728845,0.9999150037765503,0.43237975523585404,0.613139547052838,0.9997855424880981,0.4268720235143393,0.6287639084316441,0.9998751282691956,59.7820823244552,0
546,0.49315156113533787,0.5254140155656002,0.9990477561950684,0.4974982270172668,0.5422428193546481,0.9999148845672607,0.4324560520194829,0.6133049414271405,0.9997824430465698,0.4268624612263274,0.6293002565701807,0.9998805522918701,59.7820823244552,0
547,0.49288944545246344,0.5253348549207055,0.9990835785865784,0.49743804903257505,0.5426783533323383,0.9999188184738159,0.4322170260406679,0.6135478331929166,0.9997869729995728,0.42685417192322905,0.6300433278083806,0.9998872876167297,59.7820823244552,0
548,0.4925514005479363,0.5252413948376977,0.9991135597229004,0.49734308038439107,0.5432272354761765,0.9999215006828308,0.43173632593382005,0.6136018633842473,0.9997825622558594,0.4266671893142522,0.6307093160493038,0.9998870491981506,59.7820823244552,0
549,0.4919918307236266,0.5251735902967911,0.9991515874862671,0.4971154644375759,0.5437967663719545,0.999925434589386,0.4310583160037089,0.6139825582504277,0.9997876286506653,0.42635420674369484,0.631539472511837,0.9998919367790222,59.7820823244552,0
550,0.49144352901549604,0.5250812854085654,0.9991928935050964,0.4967333050001239,0.5442613079434353,0.9999301433563232,0.43084111383983104,0.6146856489635655,0.9997982978820801,0.4260358682700569,0.6323033372561142,0.9998999834060669,59.7820823244552,0
551,0.49103989203771,0.5249781864030025,0.9992409944534302,0.4961576788198384,0.5443414137476971,0.9999351501464844,0.4308764750049231,0.6154288819858011,0.9998081922531128,0.42575052806309327,0.63314190648851,0.9999082684516907,59.7820823244552,0
552,0.4908258290517902,0.5248960767473498,0.9992675185203552,0.4954323470592503,0.544044449215844,0.9999392628669739,0.43104698402541053,0.6160415921892444,0.9998159408569336,0.425492285262971,0.6337183657146641,0.9999154210090637,59.7820823244552,0
553,0.4905777800650828,0.524760830970038,0.9992843866348267,0.4945938246590755,0.5436474993115384,0.9999426603317261,0.431132759366717,0.6164485045841768,0.9998212456703186,0.42530632160958826,0.6340144333385291,0.9999207854270935,59.7820823244552,0
554,0.4902284741401676,0.5245145559310918,0.9992814064025879,0.49366506792250175,0.5427533671969463,0.9999448657035828,0.431212017933528,0.616425786699568,0.9998123049736023,0.4251746421768555,0.6338502253804893,0.9999183416366577,59.7820823244552,0
555,0.4897232935542156,0.5241123125666668,0.9992998242378235,0.4928079843521122,0.54180273555574,0.9999462962150574,0.4311883023806984,0.6164381532442007,0.9998077750205994,0.4251296066102531,0.6338106024832958,0.9999145865440369,59.7820823244552,0
556,0.48928306500117025,0.523791298979805,0.9992861151695251,0.4920292695363367,0.5406384184246975,0.9999442100524902,0.43122114879744433,0.6166821718215947,0.9997919201850891,0.42510278310094596,0.6337498653502697,0.9999013543128967,59.7820823244552,0
557,0.4889164524418971,0.5231983462969466,0.9992752075195312,0.4914074298881353,0.5391698848633544,0.9999419450759888,0.43117161591847775,0.6165946750413809,0.9997745752334595,0.4249439225310374,0.6331180703072325,0.9998873472213745,59.7820823244552,0
558,0.4887416447911948,0.5226554785455981,0.9992259740829468,0.49092063449678003,0.5379146848406116,0.9999319314956665,0.4311210896287649,0.6163235022908171,0.9997001886367798,0.42449362363134147,0.6318063735961919,0.9998016357421875,59.7820823244552,0
559,0.4883927376497364,0.5218818216096791,0.9992093443870544,0.4905993824913393,0.5363979623431255,0.9999261498451233,0.4307918506009241,0.6159439285596215,0.9996762275695801,0.42393018660091253,0.6300905176571443,0.99977046251297,59.7820823244552,0
560,0.4878834202176052,0.5208713752882825,0.9990938901901245,0.49042098578952653,0.5346563089461558,0.9999081492424011,0.43045402850423575,0.6149229180245177,0.9996167421340942,0.4235999683539076,0.6282218496004746,0.9997243285179138,59.7820823244552,0
561,0.48731733645711667,0.5195218296278095,0.9990233182907104,0.49047340665544825,0.5329361841792156,0.9998924136161804,0.4298347816580821,0.61284104131517,0.9995627403259277,0.42380604147911105,0.6264619969186334,0.9996735453605652,59.7820823244552,0
562,0.48683986635435234,0.518286628382547,0.9990147948265076,0.4906316541490105,0.5312043258122039,0.9998825192451477,0.42928477412178434,0.6102182098797394,0.9995377063751221,0.42439957034020237,0.624369981743041,0.9996394515037537,59.7820823244552,0
563,0.48649264659200436,0.5165881656465081,0.9990422129631042,0.490824496462232,0.5298402820314684,0.9998824596405029,0.42923197292146265,0.607355055354891,0.9995433688163757,0.42512929581460535,0.6222038354192466,0.9996366500854492,59.7820823244552,0
564,0.4864424452895214,0.5152756883984524,0.9990518689155579,0.49113674532799534,0.5291827491351542,0.9998754858970642,0.42949050948733414,0.605135784262703,0.9995537996292114,0.4258057460898448,0.6201527487664,0.9996349215507507,59.7820823244552,0
565,0.4864320755004887,0.5141998075303582,0.9990664124488831,0.4918110171953841,0.5284984821364997,0.9998693466186523,0.4297892848650618,0.6037166629518786,0.9995731115341187,0.4262853349958151,0.6183454422723684,0.9996533393859863,59.7820823244552,0
566,0.4869510134061181,0.5133768518765772,0.9990257024765015,0.4925959550199059,0.5282461018789386,0.9998576045036316,0.43007313353674786,0.6022041894140703,0.9995867013931274,0.42640670282500165,0.6166547792298458,0.9996671080589294,59.7820823244552,0
567,0.4879184620721003,0.5125442998749873,0.9989945888519287,0.493560312759309,0.5278557084855584,0.9998447299003601,0.43005087404024067,0.6005032090913687,0.9995928406715393,0.42627859257516443,0.6150399191038954,0.9996615648269653,59.7820823244552,0
568,0.48917589159238944,0.5117023189862573,0.9988871216773987,0.4945389302003956,0.5271744472639905,0.9998266100883484,0.4297542004358204,0.5981014938581563,0.999593198299408,0.4261851026898342,0.6129576450302492,0.9996640086174011,59.7820823244552,0
569,0.4903658926486973,0.5104102180117657,0.9988730549812317,0.49550220228376884,0.5265979227565588,0.9998270869255066,0.42945574578784795,0.5950210520199373,0.999613344669342,0.4266706194196432,0.6116540659041636,0.9996848702430725,59.7820823244552,0
570,0.4913602968057001,0.5090337196985885,0.9988977909088135,0.49649943908055666,0.5259203002566387,0.9998292922973633,0.4288632344631925,0.592034981364296,0.9996313452720642,0.4275298217932386,0.6102899085907714,0.9997057914733887,59.7820823244552,0
571,0.49196440691039717,0.5075842000189286,0.9989496469497681,0.497710037799109,0.5248879109110155,0.9998375177383423,0.42825407641274627,0.5885972721236097,0.999657928943634,0.4285797959282288,0.6080022397495457,0.999730110168457,59.7820823244552,0
572,0.49275178426788,0.506234447161357,0.9989362955093384,0.4988024021898001,0.5231750664256871,0.9998325109481812,0.42779951861926524,0.5848588858331958,0.9996545910835266,0.42950644095738766,0.6039915028072544,0.9997329115867615,59.7820823244552,0
573,0.49379387072154496,0.5050072073936467,0.998912513256073,0.4997572274435138,0.5212488940783914,0.9998219609260559,0.4276015417916438,0.5808477770714537,0.999659538269043,0.429536030406044,0.598619006928944,0.999730110168457,59.7820823244552,0
574,0.49498834354536914,0.504226957048689,0.9989298582077026,0.5005176195076537,0.5188239074888688,0.9998243451118469,0.42737819183440473,0.5761758798644661,0.999676525592804,0.42877948284149203,0.591806068306878,0.9997479915618896,59.7820823244552,0
575,0.49623904057911505,0.5033178953897389,0.9989699721336365,0.5010885113761543,0.5168100084577292,0.9998270869255066,0.42757540941238437,0.5718018213907883,0.9996981620788574,0.427828574464435,0.5856594386554905,0.9997657537460327,59.7820823244552,0
576,0.49746108338946426,0.5024065091496427,0.9989641904830933,0.5013988727614997,0.5153803314481467,0.9998165965080261,0.4278449047179453,0.567691822846731,0.9997067451477051,0.4263295744146623,0.5795233249664311,0.9997702240943909,59.7820823244552,0
577,0.4984674340202699,0.5011777821041293,0.9989773035049438,0.5016696027347023,0.5140088370868142,0.9998162984848022,0.42799886777287477,0.5638993637902401,0.9997137784957886,0.42486868727774885,0.574510066282182,0.9997727274894714,59.7820823244552,0
578,0.49939647600764364,0.49948733335449624,0.9989705085754395,0.5020430797622322,0.5118202198119395,0.9998103380203247,0.42795324183645733,0.5598908918244503,0.9997105598449707,0.42386521469979094,0.5696730556942173,0.9997486472129822,59.7820823244552,0
579,0.5001419881979629,0.49767202422732437,0.9989599585533142,0.5025014309656056,0.50915406147639,0.9998076558113098,0.4275995649042587,0.5556606650352482,0.9997090101242065,0.423150833163943,0.5652413879122057,0.9997392892837524,59.7820823244552,0
580,0.5005364687669849,0.49574056977317493,0.9989648461341858,0.5031162415231981,0.5062008159501216,0.9998044967651367,0.4270245205788389,0.5513747646695096,0.999697744846344,0.4228797398862388,0.5610508918762211,0.9997174739837646,59.7820823244552,0
581,0.5007572117305942,0.4930628907112852,0.9988786578178406,0.5036797835713345,0.5034805351779579,0.9997809529304504,0.4268038783754625,0.5477964480717982,0.9996643662452698,0.42301700938315656,0.5579948680741451,0.9996655583381653,59.7820823244552,0
582,0.5008925454957148,0.49022949167660346,0.998833417892456,0.5040592636380881,0.5007082876704992,0.9997782111167908,0.4267713115328838,0.5437667625291012,0.9996221661567688,0.4232336069856375,0.554295176551456,0.9996230006217957,59.7820823244552,0
583,0.5009564700580783,0.48715944517226484,0.9988067746162415,0.5041915575663253,0.4978314808436806,0.9997758865356445,0.4267814840589254,0.5401936542420165,0.9995949864387512,0.42355577718643944,0.5513724457649962,0.999588131904602,59.7820823244552,0
584,0.5010552122479397,0.4837294320265456,0.9988298416137695,0.5042548179626469,0.494071388528461,0.9997831583023071,0.4265390875793642,0.5361814300219222,0.9995929598808289,0.4237751052493144,0.5479576502527513,0.9995895624160767,59.7820823244552,0
585,0.5011067021460764,0.4800592008091158,0.9988042116165161,0.5042185102190294,0.48992073252087587,0.9997776746749878,0.42607072421482667,0.5328654419808164,0.9995675683021545,0.42403904596964553,0.5446659553618662,0.999578058719635,59.7820823244552,0
586,0.5010226226988297,0.47627503673235616,0.9988023638725281,0.504181870392391,0.4857878159909025,0.999770998954773,0.42551115155220065,0.5297013123830164,0.9995444416999817,0.4243252589589077,0.5413670710154946,0.999563455581665,59.7820823244552,0
587,0.5009051703271415,0.471754705622083,0.9987818598747253,0.5041756658327017,0.48175495862960854,0.9997521638870239,0.4248970363821306,0.5264148485092894,0.9995436668395996,0.4244666000207269,0.538038259460813,0.9995195269584656,59.7820823244552,0
588,0.5008746527490165,0.4670528982366838,0.9986960887908936,0.5042147835095727,0.4776554831436706,0.999752402305603,0.42480775288173167,0.5229979015531998,0.9994063973426819,0.42467413771720197,0.5343434839021597,0.9994169473648071,59.7820823244552,0
589,0.500979758444287,0.46243316077050745,0.9986961483955383,0.5042335561343606,0.47308944236664585,0.9997527003288269,0.42520081855001934,0.5204675481432964,0.9994202256202698,0.4248474822157909,0.5316761930783594,0.9994320273399353,59.7820823244552,0
590,0.5008957144759953,0.45785638406163204,0.9987091422080994,0.5043054705574403,0.46835123215402913,0.999752402305603,0.42555474951153743,0.5185575570378989,0.9994392395019531,0.42497077300435054,0.5305093611989706,0.9994484186172485,59.7820823244552,0
591,0.5003523854982289,0.45304430098760734,0.9987372159957886,0.5044479852630983,0.4634211219492417,0.9997600317001343,0.42574797783579177,0.5171424689747042,0.9994736313819885,0.4254520947024939,0.5311655033202403,0.9994845986366272,59.7820823244552,0
592,0.49937630125454535,0.4485222995281223,0.998778760433197,0.504084320295425,0.4579356937181386,0.999771773815155,0.42692176359040435,0.5148871796471736,0.9995113611221313,0.4259468686012998,0.5315637900715786,0.9995242357254028,59.7820823244552,0
593,0.49774026303064295,0.44426527761277734,0.998852014541626,0.5032720069090529,0.45313735093389274,0.9997861981391907,0.4282389964376181,0.5125460511162172,0.9995505809783936,0.4274822743166064,0.5314252064341595,0.9995639324188232,59.7820823244552,0
594,0.4958435155096512,0.439632268179031,0.9989270567893982,0.5016992461113707,0.44827042732919997,0.9998001456260681,0.42972520277613724,0.5106148776553929,0.9995810389518738,0.4294130064192276,0.5308491474106203,0.9995989799499512,59.7820823244552,0
595,0.4943147571313953,0.43534217987741775,0.9989858269691467,0.49891234721456296,0.44330028976712943,0.9998101592063904,0.4315781011467892,0.5101564725240075,0.9996007680892944,0.4310876244590399,0.5303725344794141,0.9996193051338196,59.7820823244552,0
596,0.49310172171819816,0.4319443631739847,0.9989936351776123,0.4956247480142688,0.43907954579307956,0.9998127818107605,0.4332208860488168,0.5110652304831009,0.9996153712272644,0.4320648951189862,0.5304116833777659,0.9996379017829895,59.7820823244552,0
597,0.4919043580691024,0.4274912873903914,0.9989813566207886,0.49229416818845884,0.43497963888304614,0.9998182058334351,0.4347685334228337,0.5123690111296522,0.999634861946106,0.4321753992920834,0.5314450320743384,0.9996590614318848,59.7820823244552,0
598,0.49027894650186854,0.42236942620504503,0.9989692568778992,0.48942485593614166,0.42995987052009255,0.9998269081115723,0.4365723360152475,0.5128759259269355,0.9996435642242432,0.4319196059590298,0.5316275471732734,0.9996739625930786,59.7820823244552,0
599,0.48783953984578493,0.41609013506344417,0.9990193247795105,0.4876750083196735,0.42325046800431787,0.9998380541801453,0.4374654974256246,0.5130708302770346,0.9996628761291504,0.43309430990900344,0.5352906414440705,0.9996968507766724,59.7820823244552,0
600,0.4847254781495961,0.4093269521281836,0.9990339875221252,0.4871466202395307,0.42241430282592807,0.9998396039009094,0.4371653937158134,0.5146013668605263,0.999680757522583,0.43542691071828243,0.5408713363465814,0.9997153282165527,59.7820823244552,0
601,0.4817184294973105,0.40361050622803857,0.9990657567977905,0.48676429050309356,0.4280340529623489,0.9998430013656616,0.43693379703022217,0.5172913102876577,0.9997001886367798,0.4381321924073359,0.5466757558640984,0.9997374415397644,59.7820823244552,0
602,0.47968377953483987,0.3993699962184546,0.9990997910499573,0.4877279670465564,0.43852149162973714,0.9998344779014587,0.43762716650962863,0.5227499746140984,0.9997186064720154,0.4413036065442225,0.5515955601419726,0.9997534155845642,59.7820823244552,0
603,0.47992507616678914,0.40577894733065684,0.9989970922470093,0.4890120568729586,0.45737399515651556,0.9997802376747131,0.440234550407955,0.5326800488290336,0.9997243285179138,0.4447406686487656,0.5586173449243823,0.9997596144676208,59.7820823244552,0
604,0.4796068682557064,0.4125770997433439,0.9988935589790344,0.4898307578904292,0.47223395109176675,0.9996815919876099,0.44334250404721254,0.5412790832065405,0.9997341632843018,0.446648580687387,0.5632815758387253,0.9997643828392029,59.7820823244552,0
605,0.47766182678086455,0.4171498857793357,0.9988207221031189,0.49247691744849836,0.48063206105005213,0.999610424041748,0.4456198925063727,0.5459298434711641,0.9997395873069763,0.4485132112389522,0.5700879806563972,0.9997767210006714,59.7820823244552,0
606,0.4529249199799133,0.4251052879151847,0.9988698363304138,0.474327446449371,0.5009575273309439,0.9996159672737122,0.42442157580739004,0.5483811753136776,0.9997537136077881,0.4282945380324413,0.5791122657912122,0.9997931718826294,59.7820823244552,0
607,0.4590991558063602,0.4199707586140863,0.9989352822303772,0.4895015344733288,0.5045705948557178,0.9996272921562195,0.43452546639101886,0.5446869262627198,0.9997645020484924,0.442817656766801,0.5805986466861912,0.9998068809509277,59.7820823244552,0
608,0.5503510917936056,0.38771545886993436,0.9989269971847534,0.5938065818377909,0.46640450897670965,0.9995803236961365,0.5310711165269221,0.5348130663235986,0.9997576475143433,0.5503578356334146,0.5670103544280647,0.9998077154159546,59.7820823244552,0
609,0.6729610787024579,0.3538346136846242,0.0,0.7247331757394101,0.4133145359773488,0.0,0.6578969461104232,0.5263977594791901,0.0,0.6865782170068655,0.5489810932250254,0.0,59.7820823244552,1
610,0.7955710656113101,0.3199537684993141,0.9988958239555359,0.8556597696410293,0.36022456297798794,0.9991294145584106,0.7847227756939243,0.5179824526347815,0.9997435808181763,0.8227985983803165,0.5309518320219861,0.9997528195381165,59.7820823244552,0
611,0.9181810525201624,0.28607292331400397,0.9986510872840881,0.9865863635426484,0.3071345899786271,0.998782217502594,0.9115486052774254,0.509567145790373,0.9997089505195618,0.9590189797537675,0.5129225708189469,0.9996744990348816,59.7820823244552,0
612,0.9288256409622382,0.2838883073556993,0.9984670877456665,0.9981876327877961,0.3035597829591663,0.9985303282737732,0.9229922621023096,0.5087768776076185,0.999663770198822,0.9705396181061161,0.5111537660871237,0.9996048212051392,59.7820823244552,0
613,0.907939913726989,0.29055206548599993,0.9982941746711731,0.9762073698497962,0.31397676893642995,0.9982795119285583,0.9018421967824308,0.5101263523101811,0.9996259808540344,0.9472464067595353,0.5140010232017158,0.9995298981666565,59.7820823244552,0
614,0.908024191856385,0.2907478951272513,0.9980260133743286,0.9763527796382004,0.3140220415024533,0.9979684352874756,0.9021615045411253,0.5099272273835687,0.9995768666267395,0.9472680801437022,0.513645864668347,0.9994487166404724,59.7820823244552,0
615,0.9080688499269038,0.29071384810266065,0.9979041218757629,0.976318109603156,0.31403560865493074,0.9976893067359924,0.9024290300550922,0.5097095909572787,0.9995229840278625,0.947276935690926,0.5133607018561595,0.9993395805358887,59.7820823244552,0
616,0.9079682798612694,0.2910630461715519,0.9978323578834534,0.9763442930721109,0.31393919814200655,0.9975051879882812,0.9025433744703029,0.5095328546705704,0.9994927048683167,0.9472959155128122,0.5130930117198403,0.9992710947990417,59.7820823244552,0
617,0.9077513076010213,0.29170618596531117,0.9978216290473938,0.9763599180039912,0.31394602571214975,0.9973055124282837,0.9025193679900404,0.5094865276699979,0.9994720816612244,0.9473059745061972,0.5129757268088209,0.9992157220840454,59.7820823244552,0
618,0.9075468977292387,0.292406913780031,0.9978407621383667,0.9763491409165527,0.3139664019857137,0.9971509575843811,0.9025807437442604,0.5094320461863567,0.9994602203369141,0.9473090881393078,0.5127436944416595,0.9991814494132996,59.7820823244552,0
619,0.9073952748661958,0.2929986502443043,0.9978235960006714,0.9763512526239675,0.3139350343318215,0.9970887899398804,0.9026773430052264,0.5094265824272524,0.9994297623634338,0.9473072858083824,0.51257184005919,0.9991384148597717,59.7820823244552,0
620,0.9073650297664468,0.2932763638950532,0.997636079788208,0.9763630231221525,0.31385291474206134,0.9969433546066284,0.9028011957804369,0.5093580314091277,0.9993627667427063,0.947304010391236,0.5124245399520515,0.9990511536598206,59.7820823244552,0
621,0.9073951556569062,0.2932360484486537,0.9975153803825378,0.9763853578340448,0.31369214682352,0.996793806552887,0.9029060573804953,0.5092540865852723,0.9992919564247131,0.9472990206309735,0.5123807390530908,0.9989597201347351,59.7820823244552,0
622,0.9074161705516641,0.2931849772021886,0.9973946809768677,0.9764089272135787,0.3134683313823884,0.9966392517089844,0.9029618416513723,0.5091640211287003,0.9992192387580872,0.9473093322345196,0.5123679382460462,0.9988629817962646,59.7820823244552,0
623,0.9074397966975265,0.2931510068121413,0.9972987174987793,0.9764248813901637,0.3132693526290714,0.9965119957923889,0.9029518479392649,0.5091136012758531,0.9991567730903625,0.9473054579326092,0.5123972892761235,0.9987824559211731,59.7820823244552,0
624,0.9074654976526904,0.29312872318994454,0.9971932172775269,0.9764343954267963,0.3131114045778913,0.99642413854599,0.902960297607241,0.509016002927508,0.99907386302948,0.9472884535789498,0.5123550409362434,0.9986986517906189,59.7820823244552,0
625,0.907484187966302,0.2930816099757242,0.9971057176589966,0.9764356499626531,0.31299238971301513,0.9963616728782654,0.9029663119997304,0.5088589872632712,0.9989935159683228,0.9472613646870576,0.512255708376567,0.9986226558685303,59.7820823244552,0
626,0.907499761808487,0.29302015332948617,0.9970478415489197,0.9764339356195367,0.3129491394474395,0.9962961077690125,0.9029705808276229,0.5086942286718463,0.9989283680915833,0.9472336797487175,0.5121385284832549,0.9985566139221191,59.7820823244552,0
627,0.9075123781249644,0.292959972506478,0.9970131516456604,0.9764336063748322,0.31290386688141625,0.9962509274482727,0.9029719999858319,0.5085219144821171,0.998887836933136,0.947212287357876,0.512026809510731,0.9985124468803406,59.7820823244552,0
628,0.9075253066562479,0.2929106964951472,0.996968150138855,0.9764363936015545,0.3128398429779782,0.9962042570114136,0.9029732261385244,0.5084090516680766,0.9988400340080261,0.9472035879180554,0.5119602907271616,0.9984621405601501,59.7820823244552,0
629,0.9075320221128925,0.29288274475506393,0.9969390034675598,0.9764405886332201,0.31279273544039066,0.9961152076721191,0.9029713102749424,0.5083936850229903,0.9987942576408386,0.9471985300381986,0.5119844220933464,0.99840247631073,59.7820823244552,0
630,0.9075358254568924,0.29287208403859843,0.9968522191047668,0.9764456124532799,0.3127236933935259,0.9959974884986877,0.9029673678534379,0.5083624578657608,0.9987369775772095,0.9471946387063896,0.5119651868229824,0.99833083152771,59.7820823244552,0
631,0.9075367876461582,0.2928527380738942,0.9967566728591919,0.9764515842710231,0.3126582886491506,0.9958872199058533,0.9029687444369006,0.5082792128835409,0.9986761808395386,0.9471961373374582,0.5118922704742073,0.998266339302063,59.7820823244552,0
632,0.9075325613930119,0.29283642485028244,0.9966530799865723,0.9764532872608738,0.31261749210811823,0.9957796931266785,0.9029733907608766,0.5082090667315895,0.9986186027526855,0.947205242656527,0.5118109697387336,0.9982081651687622,59.7820823244552,0
633,0.9075262915520449,0.29283113139016315,0.996578574180603,0.9764581209137334,0.31260453235535424,0.9956802129745483,0.9029819539615094,0.5081109205881759,0.9985818266868591,0.9472253294218161,0.5117178672835945,0.998173177242279,59.7820823244552,0
634,0.9075136752355674,0.2928063855284739,0.9964650273323059,0.9764656821886706,0.31258842349052457,0.9955995678901672,0.9029867876143689,0.5080240312076754,0.998539388179779,0.9472525346846815,0.5116484619322281,0.9981465339660645,59.7820823244552,0
635,0.9074915278525588,0.29275574002947147,0.9963552951812744,0.9764747279030943,0.31257891513052466,0.9954254627227783,0.9029767257826676,0.5079659024874373,0.9984768033027649,0.9472763964108066,0.511624029704503,0.9980796575546265,59.7820823244552,0
636,0.9074713729676753,0.29268086382320974,0.9963128566741943,0.9764819570950107,0.31257128147851876,0.9952566623687744,0.9029564971015573,0.5078753914151877,0.9984161257743835,0.9472971672103526,0.5115782590139484,0.9980041980743408,59.7820823244552,0
637,0.9074569599969055,0.2926134296825956,0.9963116645812988,0.9764905969301868,0.31256764559518746,0.9951334595680237,0.9029353175844471,0.5077795159249083,0.9983772039413452,0.9473138848940539,0.5115281740824386,0.9979448318481445,59.7820823244552,0
638,0.9074533752032696,0.2925342321395876,0.99630206823349,0.9764962934312373,0.3125716036274322,0.9950188398361206,0.9029186793736057,0.5077167238507956,0.9983521103858948,0.9473266289347702,0.5114850032897227,0.9978781342506409,59.7820823244552,0
639,0.9074632497060874,0.29247378309567795,0.9963259100914001,0.976504638081506,0.31256273246946814,0.9950217604637146,0.9029118447076714,0.5076485758736025,0.9983689188957214,0.9473406048048117,0.511443294229962,0.9978768825531006,59.7820823244552,0
640,0.90747561625072,0.29242462203616215,0.9963629245758057,0.9765114017895298,0.3125696366741546,0.9950351119041443,0.9028985528718865,0.5076585071427485,0.9984046816825867,0.9473363388152357,0.5115614363125396,0.9978976845741272,59.7820823244552,0
641,0.9074892912592214,0.29237505367824035,0.9963964223861694,0.976514711266473,0.3125936587651573,0.9950575828552246,0.9028691791352779,0.5077112373851599,0.9984375834465027,0.9472992789177676,0.5118073735918321,0.9979081153869629,59.7820823244552,0
642,0.9075015669777287,0.2923211923667365,0.9964576959609985,0.9765143735068192,0.31262761496362257,0.99513840675354,0.9028374723025738,0.5077899297078454,0.99848872423172,0.9472499064036786,0.5121041479564853,0.9979456067085266,59.7820823244552,0
643,0.9075071187246421,0.29227476034845645,0.996540904045105,0.9765132154737208,0.3126654610747385,0.9951871633529663,0.9028078629857025,0.507850357464382,0.9985416531562805,0.9472034091041209,0.5123483850842434,0.9979867935180664,59.7820823244552,0
644,0.9075157812663495,0.29219557557787235,0.9966272115707397,0.9765097555660074,0.3126976262955441,0.9951939582824707,0.9027912957327714,0.5078251560529077,0.9985997676849365,0.9471771660305213,0.5124391828264513,0.9980295300483704,59.7820823244552,0
645,0.907524452323006,0.2921039788495929,0.9967043399810791,0.9765059465453746,0.3126984550839381,0.9952123165130615,0.9027889200619296,0.5076356274741041,0.9986539483070374,0.9471722869645989,0.5123652787435626,0.9980717897415161,59.7820823244552,0
646,0.9075340344792329,0.2919815097536361,0.9967583417892456,0.9765181371143894,0.31270631296294105,0.9952134490013123,0.9027865812892013,0.5073855717976892,0.9987025856971741,0.9471731781959541,0.5123000854537605,0.9981158971786499,59.7820823244552,0
647,0.9075539991969162,0.29179231609616985,0.9968070387840271,0.9765416213444309,0.31272220611572293,0.995198667049408,0.9027813502720432,0.5071119893164866,0.9987448453903198,0.9471696586835959,0.5122611920038863,0.9981549382209778,59.7820823244552,0
648,0.9075774635587428,0.2915538535231638,0.996846079826355,0.9765731692314155,0.31272828578948997,0.995139479637146,0.9027767096246999,0.5068621777352837,0.9987812042236328,0.947167030402593,0.5121815318153022,0.998189389705658,59.7820823244552,0
649,0.907610686052414,0.291323617810295,0.9968634843826294,0.976599369730269,0.31268879061653526,0.9951127767562866,0.9027768515405208,0.5066085997081943,0.9988035559654236,0.9471667465709512,0.5119774937629704,0.9982127547264099,59.7820823244552,0
650,0.9076658629235774,0.2911389413334077,0.9968875646591187,0.9766108194986988,0.31263810538110304,0.9951387643814087,0.9027705873761864,0.5064393140020829,0.9988287687301636,0.9471494669005992,0.5117410478137792,0.9982394576072693,59.7820823244552,0
651,0.9077411890029915,0.29100809920401827,0.9968951344490051,0.976591782910484,0.3125500622249787,0.9951730370521545,0.9027587572733569,0.5063206553459172,0.9988471269607544,0.9470945681844447,0.5114791308130541,0.99826979637146,59.7820823244552,0
652,0.9078249023074203,0.2909047958396732,0.9969269037246704,0.9765653610229501,0.312422892877034,0.9951750040054321,0.9027465127763301,0.5062351822853093,0.9988603591918945,0.9470115956806009,0.5111624229521983,0.9982796311378479,59.7820823244552,0
653,0.9079323581286847,0.29079415968486266,0.9969745874404907,0.9765372020857682,0.31228697583788945,0.9952049255371094,0.9027398228645331,0.5060366306986132,0.9988725781440735,0.9468941461472291,0.5106782657759534,0.9982921481132507,59.7820823244552,0
654,0.9080300018900924,0.29068449707258337,0.9970096349716187,0.9765170074644551,0.3121942920344219,0.995220959186554,0.9027354915936796,0.5057618646394644,0.9988765120506287,0.9467769549006515,0.5101365816025512,0.9982947111129761,59.7820823244552,0
655,0.908104306175596,0.290610221170244,0.997062087059021,0.976494530836742,0.31211635186558706,0.9953001737594604,0.9027198780150648,0.5054407261666802,0.9988831281661987,0.9466950240589331,0.5096692300978165,0.9983081221580505,59.7820823244552,0
656,0.9081622731117982,0.29057051880019075,0.9970335364341736,0.9765129259654461,0.312168618043264,0.9953608512878418,0.9026923491841279,0.5052425123396378,0.9988690614700317,0.9466511607170113,0.5095516897383194,0.9983106851577759,59.7820823244552,0
657,0.9081730530375534,0.29055105930282976,0.9970665574073792,0.9765640894571949,0.31227951816150146,0.9954299926757812,0.9026187317711973,0.505197834400904,0.9988743662834167,0.946631990727925,0.5097447747275947,0.9983269572257996,59.7820823244552,0
658,0.9081271234012793,0.29054633208683583,0.9971038103103638,0.9766309261322029,0.31238954833575683,0.9954398274421692,0.9025288252603447,0.5052441103117811,0.9988824129104614,0.946634008770898,0.5100504358609521,0.998343288898468,59.7820823244552,0
659,0.9080762550944381,0.29054370522499107,0.9971182942390442,0.9766998915445245,0.31245350553875906,0.9954811930656433,0.9024556023733964,0.5052317494437812,0.9988787174224854,0.9466288998013459,0.5102179078828725,0.9983428120613098,59.7820823244552,0
660,0.9080246800468089,0.2905376837367105,0.9971634149551392,0.976741069839115,0.3124633303710395,0.9955267906188965,0.9024111060869133,0.5051952884310772,0.9988954663276672,0.946621911866325,0.5102822071030031,0.9983681440353394,59.7820823244552,0
661,0.9079700169109169,0.2905355010713852,0.9971926808357239,0.976733414899736,0.31237036273593016,0.995531439781189,0.9023911385309136,0.5051464977718539,0.9989047646522522,0.9466287493705757,0.5102772883006509,0.9983878135681152,59.7820823244552,0
662,0.9079273513385235,0.2905163651420959,0.9972513318061829,0.9767216869762974,0.3122697401614418,0.995537281036377,0.9024071267672955,0.5050657306398668,0.9989109635353088,0.9466471416609636,0.5102687875429794,0.9983973503112793,59.7820823244552,0
663,0.9078880434944523,0.2904897019976664,0.9972805380821228,0.9767106147039512,0.31214574263209416,0.9955458045005798,0.9024093775522148,0.5049833513441544,0.9989129304885864,0.9466723118509573,0.5102589187167944,0.9984052777290344,59.7820823244552,0
664,0.9078418981461306,0.290463861964998,0.9973243474960327,0.9766965253012528,0.3120230904647285,0.9955729842185974,0.9024083273751402,0.5049069637344001,0.9989125728607178,0.9467004679498225,0.510235536666144,0.9984163641929626,59.7820823244552,0
665,0.9077792877242687,0.2904412107808252,0.9973419308662415,0.9766803014846084,0.3119071282091598,0.9956362843513489,0.9024114949362625,0.50484882082258,0.9989138841629028,0.9467248831476491,0.5102127563385741,0.9984369874000549,59.7820823244552,0
666,0.9076955119768786,0.29043721443130877,0.9973495602607727,0.9766523128464116,0.3118153342178892,0.9956885576248169,0.9024129368010029,0.5048418073427113,0.9989134073257446,0.9467416263761983,0.5102459192276005,0.9984464645385742,59.7820823244552,0
667,0.9076008087112798,0.2904586678459533,0.9973488450050354,0.976634675548191,0.3117514068172094,0.9957394003868103,0.9024195727847879,0.504881166276478,0.9989134073257446,0.9467617812610816,0.5103308359781905,0.9984542727470398,59.7820823244552,0
668,0.9075198514120928,0.29046583743322485,0.9973370432853699,0.9766311333293014,0.31172449815840975,0.9958127737045288,0.9024326290403101,0.5049031007857554,0.9989213347434998,0.9467814621471231,0.5104161103566491,0.9984700679779053,59.7820823244552,0
669,0.9074705498559141,0.29046471062160695,0.997343122959137,0.9766395631290625,0.3117206735270366,0.9957872629165649,0.9024404769852056,0.5049159101077493,0.9989400506019592,0.9467984579858333,0.5104872726258782,0.9984765648841858,59.7820823244552,0
670,0.90744188569841,0.2904563588755474,0.9973626732826233,0.9766596101579219,0.31172587048439776,0.9957530498504639,0.9024645544233784,0.5048975263323107,0.998960554599762,0.9468350978124717,0.5104983051617944,0.998484194278717,59.7820823244552,0
671,0.9074090123176584,0.29043933465367294,0.9973419904708862,0.9766700239408592,0.311733268556141,0.995660126209259,0.90249784787496,0.5048733154932662,0.9989745020866394,0.9468831930841726,0.5104984328860332,0.9984820485115051,59.7820823244552,0
672,0.9073331497964412,0.29043492390995956,0.9973341822624207,0.976663725716728,0.31174632623082144,0.9955863356590271,0.9025212895302553,0.504914175896418,0.9989954829216003,0.9469307377224884,0.5105733644394652,0.9984899163246155,59.7820823244552,0
673,0.9072419575282513,0.29044973566418625,0.9973555207252502,0.9766497129485728,0.3117627246039257,0.9955897331237793,0.9025399713289177,0.5050143514360704,0.9990100860595703,0.9469683312234433,0.5106831476801922,0.9985054135322571,59.7820823244552,0
674,0.9071497803642644,0.29046465811275324,0.9973634481430054,0.9766298163504835,0.3117979126317163,0.9955722093582153,0.9025378794897178,0.5051691901116148,0.9990171194076538,0.9469888408978788,0.5108409382048111,0.9985098838806152,59.7820823244552,0
675,0.9070724419185101,0.2904793378852665,0.9973668456077576,0.9766127864519764,0.3118447349185038,0.9955417513847351,0.9025128455389121,0.5053581084523886,0.9990245699882507,0.9469865333466311,0.5110626816749577,0.9985140562057495,59.7820823244552,0
676,0.9070220873469406,0.2904885964734216,0.9973450899124146,0.9766016602516182,0.3118795908632735,0.9955044388771057,0.90249708720616,0.5055403397196819,0.999033510684967,0.9469872883387982,0.5112832954951699,0.9985143542289734,59.7820823244552,0
677,0.9070075636818302,0.29049837873095585,0.9973526000976562,0.976594845453899,0.3119081570988612,0.9955180883407593,0.902483400844393,0.5057423682439899,0.9990365505218506,0.9469781688281476,0.5115428850764324,0.998515248298645,59.7820823244552,0
678,0.9069940618106305,0.29050200184186326,0.997401237487793,0.9765920922869735,0.3119111898399537,0.9955476522445679,0.9024732964379455,0.5059124401637489,0.9990494847297668,0.9469639999525895,0.5117734017826266,0.9985228776931763,59.7820823244552,0
679,0.9069883000283022,0.29050759190604825,0.997431218624115,0.9765886494091587,0.31189487093970913,0.9955640435218811,0.902472649301802,0.5060224958828521,0.9990622401237488,0.9469444127309898,0.5119081139564519,0.9985191822052002,59.7820823244552,0
680,0.9069787320636575,0.29051351547241233,0.9974696040153503,0.9765792460668663,0.3118867306482227,0.9955418705940247,0.9024676936013366,0.5061504102888565,0.9990713000297546,0.9469234858240408,0.5119717830703376,0.9985045194625854,59.7820823244552,0
681,0.9069754254250306,0.2905194801943645,0.9975127577781677,0.9765673137846456,0.3118788443860556,0.9955351948738098,0.9024632459595098,0.5062922182537264,0.9990903735160828,0.9469054256166738,0.5119996610141939,0.9985073208808899,59.7820823244552,0
682,0.9069592668896638,0.2905244515055704,0.9975613951683044,0.9765534060341979,0.3118683071363543,0.9955470561981201,0.9024635524976828,0.5064115921656295,0.999110221862793,0.946900066875277,0.5119866899081643,0.9985134601593018,59.7820823244552,0
683,0.9069276821045656,0.2905312024411703,0.9975917935371399,0.9765432618913205,0.3118647989772617,0.995560348033905,0.9024621361777903,0.5065317153930669,0.9991265535354614,0.946897677012853,0.5119886114483793,0.9985206127166748,59.7820823244552,0
684,0.9068871452694856,0.29055171211560593,0.9975847601890564,0.9765341849554161,0.3118590300991424,0.9954859614372253,0.9024592666398918,0.5066509019760862,0.9991316795349121,0.9469034927231933,0.5119950090135852,0.9985049366950989,59.7820823244552,0
685,0.9068509822800053,0.29058947165807114,0.9975867867469788,0.9765202317919058,0.31186057556243196,0.9954531788825989,0.9024449870699935,0.5068157627469021,0.9991317987442017,0.9469101968265722,0.5120355827467786,0.9984824061393738,59.7820823244552,0
686,0.90682739019394,0.29062966931433926,0.9976257681846619,0.9764989046823419,0.31185301854496933,0.9954855442047119,0.9024181280817312,0.5070269420033413,0.9991430044174194,0.9469099924677902,0.5120940378734048,0.9984855055809021,59.7820823244552,0
687,0.9068133774257849,0.29067294228644625,0.9976697564125061,0.9764443039894112,0.3118328792708263,0.9955517053604126,0.9023588924180901,0.5072411979947775,0.9991568326950073,0.9468800567445309,0.5121531600043892,0.9984960556030273,59.7820823244552,0
688,0.9067935943603522,0.29070624709129356,0.9977015256881714,0.9763781286421284,0.3118199365479608,0.9955911040306091,0.9022941447439654,0.5073831989651638,0.9991623163223267,0.946834081695194,0.5121868423053201,0.9984917044639587,59.7820823244552,0
689,0.906758680230096,0.29072474581854707,0.9977118372917175,0.9763090383438845,0.31181712093807423,0.9956041574478149,0.9022261074611126,0.5074335052853542,0.9991583228111267,0.946769955612365,0.51218916404815,0.9984747171401978,59.7820823244552,0
690,0.9067221283912666,0.2907549199603855,0.9977287650108337,0.9762509834198732,0.3118338386217756,0.9956246614456177,0.9021719949586058,0.5074583178474794,0.9991596937179565,0.9467096385501688,0.5121875831059051,0.9984686970710754,59.7820823244552,0
691,0.9066952410198401,0.29079626429648653,0.9977652430534363,0.9762215075038736,0.31186850156102885,0.9956180453300476,0.9021417214756927,0.5075025047574728,0.9991647005081177,0.9466740801220856,0.5121937365758991,0.9984608292579651,59.7820823244552,0
692,0.9066863826342999,0.2908297677834831,0.9977937340736389,0.9762057945841842,0.311892621573948,0.9956490397453308,0.9021434954234538,0.5075193388121473,0.9991578459739685,0.9466637571652738,0.5121941821915768,0.9984443187713623,59.7820823244552,0
693,0.9066741069157926,0.29090891139847913,0.9978146553039551,0.9761745276905249,0.311915654511679,0.9956597685813904,0.902125883670081,0.5076430354799548,0.9991593360900879,0.9466449987320681,0.5122283895810449,0.9984418153762817,59.7820823244552,0
694,0.9066650924228494,0.29101615008853754,0.9978180527687073,0.9761449041820716,0.3119609483650755,0.9956896305084229,0.9020849977220815,0.5078488843781612,0.9991545081138611,0.946596611113776,0.5123031536738082,0.9984306693077087,59.7820823244552,0
695,0.9066486500558406,0.29112303115072724,0.9978216290473938,0.9761167821430033,0.3120129335494271,0.9956711530685425,0.9020215499968763,0.5081288218498234,0.9991431832313538,0.9465199339957472,0.5124193174498426,0.9984089136123657,59.7820823244552,0
696,0.9066319068272917,0.29120811820030235,0.9978211522102356,0.9761047192982273,0.3120641495500295,0.9957036972045898,0.9019499790100832,0.5084433073089241,0.9991299510002136,0.9464398281914854,0.512573185421172,0.9983936548233032,59.7820823244552,0
697,0.90662378640402,0.291252801815669,0.9978033900260925,0.976101775964102,0.3120945294698082,0.9956963658332825,0.901887550240472,0.5087197252682281,0.9991264939308167,0.946385099774316,0.5127236871492299,0.998383641242981,59.7820823244552,0
698,0.9066194608097992,0.29124804337819443,0.9977716207504272,0.976082228478932,0.3120814334778561,0.9957200884819031,0.9018551678884604,0.5088719867524651,0.9991042613983154,0.9463523370879046,0.512827887421563,0.9983544945716858,59.7820823244552,0
699,0.9066006058738352,0.2912496129671735,0.9977693557739258,0.9760545009658459,0.31204701747213115,0.9957507848739624,0.9018411097072427,0.5090034121558784,0.9990895986557007,0.9463393886884062,0.5128856102625533,0.998334527015686,59.7820823244552,0
700,0.9065657201267432,0.2912571884336928,0.9977409839630127,0.9760121674764732,0.3120175259453912,0.995750367641449,0.9018191751979653,0.5091154774030053,0.9990732669830322,0.9463075371015647,0.5129396801903139,0.9983100295066833,59.7820823244552,0
701,0.9065142586117706,0.29126677200907775,0.9977290034294128,0.9759555629321515,0.3119934783095407,0.9957566261291504,0.9017931960877926,0.5092969792229793,0.9990561008453369,0.9462680390902936,0.5130401367232917,0.998285174369812,59.7820823244552,0
702,0.9064692372367503,0.2912761327766239,0.9977285265922546,0.9759026311692744,0.3119922464802154,0.9957692623138428,0.90175900005159,0.5095092739377707,0.9990442991256714,0.9462310728572672,0.5132211446762089,0.9982704520225525,59.7820823244552,0
703,0.9064388530594969,0.2912891507148745,0.9977439045906067,0.9758214240982427,0.3120045704501018,0.995803952217102,0.9017191472507665,0.5097212195396428,0.9990383982658386,0.9462077929860078,0.5134469582920986,0.9982610940933228,59.7820823244552,0
704,0.9063980011712944,0.29130206789289226,0.9977560639381409,0.9757265874317722,0.31200192939667504,0.9958553910255432,0.9016861887205223,0.5098588920774918,0.9990481734275818,0.9461911349069512,0.5136458675066634,0.998270571231842,59.7820823244552,0
705,0.9063526732581011,0.2913144940421697,0.9977558255195618,0.975648970831009,0.3119853195689976,0.9958663582801819,0.9016725165503372,0.5099174862816225,0.9990423917770386,0.9461892303966348,0.5137538370631994,0.9982578158378601,59.7820823244552,0
706,0.9063065023649314,0.29132358375049794,0.9977530837059021,0.9755993655749737,0.311976343393326,0.9958754777908325,0.901665253298624,0.5099212839489895,0.9990314245223999,0.9461915294329333,0.5137954070454556,0.9982404708862305,59.7820823244552,0
707,0.9062670242218751,0.2913315721920561,0.9977481365203857,0.975562030360813,0.3119648453735172,0.9958825707435608,0.9016637887273524,0.509898145993551,0.9990341663360596,0.9461984662782585,0.5137965026355928,0.9982390999794006,59.7820823244552,0
708,0.9062511097817202,0.2913333674271904,0.997739851474762,0.9755481311253147,0.3119633453232904,0.9958746433258057,0.9016501648085465,0.5098477005958562,0.9990381002426147,0.9462052016031183,0.5137866990906855,0.998242974281311,59.7820823244552,0
709,0.9062517909776604,0.29132174310230097,0.9977114796638489,0.9755289469446462,0.31193872292836533,0.995883584022522,0.9016263371422185,0.5097402703194396,0.9990285634994507,0.9462086302893509,0.5137487224170144,0.99823397397995,59.7820823244552,0
710,0.9062469630014336,0.29130268806502957,0.9976925253868103,0.9755043955076317,0.3118883555843719,0.9958991408348083,0.9015971337045949,0.5096420929545452,0.9990166425704956,0.9462057210150226,0.5137009677432837,0.9982196688652039,59.7820823244552,0
711,0.9062421179953084,0.2912771815345403,0.9976713061332703,0.9754973422913332,0.311829460518701,0.9959166049957275,0.9015729569253476,0.5094715498742607,0.9990051984786987,0.9461999649093272,0.5136339465777083,0.9982083439826965,59.7820823244552,0
712,0.9062384565671292,0.29125037931260633,0.9976332783699036,0.9755114771070942,0.31179041379974026,0.9958907961845398,0.9015612715766551,0.5091762287276136,0.9990023970603943,0.9462011399723242,0.5135058675493518,0.9982019662857056,59.7820823244552,0
713,0.9062353060359054,0.29123509355953786,0.9976434707641602,0.9755221094403956,0.31176876170294654,0.9959025979042053,0.901565128848667,0.5088271697362268,0.9990139603614807,0.9462057635897689,0.5133625098637177,0.9982180595397949,59.7820823244552,0
714,0.9062317127273204,0.29123010947590805,0.9976358413696289,0.9755416398956671,0.3117711685952689,0.9958840608596802,0.9015667722338729,0.5085357938494005,0.9990175366401672,0.9462094817842763,0.513236692973546,0.998219907283783,59.7820823244552,0
715,0.9062291270210637,0.29122992072786624,0.9976149797439575,0.9755291513034283,0.3117579959687735,0.9958982467651367,0.9015644249461954,0.50832307054883,0.9990126490592957,0.9462108016014107,0.5131438175837203,0.9982210397720337,59.7820823244552,0
716,0.9062282783644547,0.29123443081265427,0.9975793361663818,0.9754889068149393,0.31174039840698264,0.9958853721618652,0.9015596225148161,0.508289510295505,0.9990090727806091,0.9462112074806585,0.5131259872799832,0.9982104897499084,59.7820823244552,0
717,0.9062288091296249,0.29122479472841556,0.9975664019584656,0.9754421569052204,0.3117227497554963,0.9959011077880859,0.9015561767986849,0.5083205671537494,0.9990125298500061,0.9462194215683717,0.5131600584302634,0.9982171058654785,59.7820823244552,0
718,0.9062297088759294,0.2912049605732875,0.997567892074585,0.9753991706030718,0.31170968640418306,0.9959379434585571,0.9015533526738492,0.5082803482101081,0.9990233778953552,0.9462322621118462,0.5131336308660965,0.9982397556304932,59.7820823244552,0
719,0.9062313068480726,0.2911825449693773,0.997555136680603,0.9753679434458422,0.3117051025231682,0.9959747195243835,0.9015503667649776,0.5081512729326888,0.999026894569397,0.9462479580016371,0.5130653239431839,0.998252809047699,59.7820823244552,0
720,0.9062327657427114,0.2911708950996401,0.9975433349609375,0.9753836336590003,0.31172540358134704,0.9959908723831177,0.9015620492753535,0.507975524380094,0.9990388751029968,0.9462643890153801,0.5129664313225524,0.9982734322547913,59.7820823244552,0
721,0.9062352152097801,0.29115066216105534,0.9975286722183228,0.9753986852509642,0.3117443919181826,0.9959635734558105,0.9015748529207146,0.5077972468875708,0.9990442991256714,0.9462747687385202,0.5128662217231028,0.9982814192771912,59.7820823244552,0
722,0.906239364828383,0.2911352770669122,0.9975386261940002,0.9754248204685401,0.31177037386667183,0.995964527130127,0.9015936681202488,0.5076671810377216,0.9990613460540771,0.9462800025939948,0.5128039490608947,0.9983112812042236,59.7820823244552,0
723,0.9062436989375531,0.2910865062759038,0.9975444078445435,0.9754547022637875,0.3117977394944148,0.9960042238235474,0.9016179783003677,0.5075873448735195,0.9990612268447876,0.9462902772994276,0.5127916023844769,0.9983238577842712,59.7820823244552,0
724,0.9062444681213023,0.291015399353845,0.9975422024726868,0.9754726006871186,0.31181151384399075,0.9959901571273804,0.9016429214250481,0.5074813195637299,0.9990679025650024,0.9463081132797976,0.5127421362059461,0.9983423948287964,59.7820823244552,0
725,0.9062400148028426,0.2909344931443535,0.9975223541259766,0.9754725098609933,0.3117898929686776,0.9959288835525513,0.9016622333299554,0.5073162771406632,0.9990576505661011,0.9463286570140301,0.5126754073869619,0.9983347654342651,59.7820823244552,0
726,0.9062306880950936,0.29085098561786493,0.9974984526634216,0.9754772526877274,0.31175209227062434,0.9958943724632263,0.9016991456349698,0.5071280314808804,0.9990304112434387,0.9463491042455044,0.5125725099018645,0.9983083009719849,59.7820823244552,0
727,0.90625491312572,0.2907681635447913,0.9974491000175476,0.9754724871544619,0.31170827008429053,0.9958854913711548,0.9017477603185752,0.5069074375288831,0.9989922046661377,0.9463622967402148,0.5124330861227857,0.9982733130455017,59.7820823244552,0
728,0.9063073481832239,0.29072232899211725,0.9974185228347778,0.9754703073274529,0.3116790183952879,0.9959123134613037,0.9018044925871358,0.5066226947875254,0.9989708065986633,0.9463665002868297,0.5122153021040421,0.998254656791687,59.7820823244552,0
729,0.9063686586561664,0.2906899154186251,0.9973708391189575,0.9754725183759425,0.31167067800249393,0.9958972930908203,0.9018551934333082,0.506341988132114,0.9989354014396667,0.9463680897440236,0.511999314739591,0.998222291469574,59.7820823244552,0
730,0.9064203812962495,0.290674815575282,0.9973304867744446,0.975469220252265,0.31167694500514465,0.995843231678009,0.9018875559171048,0.5061060048284989,0.9989145398139954,0.9463687283652177,0.5117736260096236,0.9982036352157593,59.7820823244552,0
731,0.906450203486852,0.290686083691461,0.9972964525222778,0.9754659760565993,0.31168495473407587,0.9958651065826416,0.9018979952448898,0.505972836698805,0.9989048838615417,0.9463687141736357,0.5116184807959061,0.9982195496559143,59.7820823244552,0
732,0.906462904952822,0.2907378829660872,0.9972730278968811,0.9754726148787007,0.3117232194968635,0.995878279209137,0.9018981655438748,0.5059916802815032,0.9988889694213867,0.9463718930880236,0.5115930324509034,0.9982274770736694,59.7820823244552,0
733,0.906497396173932,0.2908221454847429,0.9972482919692993,0.9754849757467005,0.31175798461550785,0.9959075450897217,0.9019143070493433,0.506064165206183,0.9988820552825928,0.946389107477098,0.5116400292941506,0.9982495903968811,59.7820823244552,0
734,0.9065402802966898,0.29091533308937456,0.9972352981567383,0.9755192739622941,0.3118424869719008,0.9959377646446228,0.9019424603098922,0.5060595302354726,0.9988760948181152,0.9464237491289782,0.5116643650191175,0.9982667565345764,59.7820823244552,0
735,0.9065739285378236,0.29099467396736167,0.9972254633903503,0.9755801246279769,0.3119588607833501,0.9959446787834167,0.9019720809800292,0.5060248715536939,0.9988691806793213,0.9464608147030792,0.5116991031737559,0.9982738494873047,59.7820823244552,0
736,0.9065888722737638,0.2910419972169969,0.9972078800201416,0.9756604745274506,0.3120880041803635,0.995880126953125,0.9019926445824766,0.505968760876429,0.9988683462142944,0.9464906794684281,0.5116984560376125,0.9982829689979553,59.7820823244552,0
737,0.9066070743969517,0.29105995950244745,0.9972153306007385,0.9757390306109481,0.31219873399961584,0.9958755970001221,0.9020100434621181,0.5059158120836534,0.998868465423584,0.9465076639538728,0.5116742565518337,0.9983015656471252,59.7820823244552,0
738,0.9066325709933334,0.2910787378038681,0.9972004890441895,0.9757825760614312,0.3122782040209999,0.9958476424217224,0.9020183795974376,0.5059172369184952,0.9988616704940796,0.9465106271562129,0.5116809265954159,0.9983091950416565,59.7820823244552,0
739,0.9066579398654764,0.29109112705503215,0.997218132019043,0.9758016892841892,0.31227662449791344,0.9958904385566711,0.902028095154536,0.5059385384832114,0.9988542795181274,0.9465112969988876,0.5116873241606217,0.9983266592025757,59.7820823244552,0
740,0.9066760227793746,0.2911106844743095,0.9972392916679382,0.9758135562851323,0.31229322864895803,0.9959574341773987,0.9020354265258432,0.505946775277456,0.9988552331924438,0.9465158042453592,0.5116977180753439,0.9983527064323425,59.7820823244552,0
741,0.9066814780235297,0.2911383069696883,0.9972202181816101,0.975827824501765,0.3123183846473696,0.9959271550178528,0.9020409782727568,0.5059526364008589,0.9988490343093872,0.9465183672450845,0.5116939686593559,0.9983580708503723,59.7820823244552,0
742,0.9066668748855597,0.29117819099199227,0.9972242712974548,0.9758451779683439,0.31234749158223496,0.9959728121757507,0.9020321936834432,0.5059661638169066,0.9988411664962769,0.9465252416474486,0.5116794364792965,0.9983750581741333,59.7820823244552,0
743,0.9066574658666345,0.29121353086971125,0.9972314834594727,0.9758651057879139,0.3123786662306107,0.9960170388221741,0.9020201081321361,0.5059835229601183,0.9988164901733398,0.9465189122018367,0.5116562502724789,0.9983809590339661,59.7820823244552,0
744,0.9066522036279958,0.2912327093737468,0.9971798658370972,0.975887460368021,0.3124144148258938,0.9959845542907715,0.9020140994162793,0.5059939509346375,0.9987855553627014,0.9465025947207504,0.51162581500553,0.9983708262443542,59.7820823244552,0
745,0.906648638702575,0.2912521262963615,0.9971617460250854,0.9759287238121042,0.31243951689629357,0.9959553480148315,0.9020130151794077,0.506014276118506,0.9987908005714417,0.9464877758707326,0.511672709669386,0.99838787317276,59.7820823244552,0
746,0.9066381653149931,0.2913031350998654,0.9971534609794617,0.9759756780806049,0.3124738094352543,0.9959213733673096,0.9020170172055569,0.5060798866408216,0.9988067746162415,0.9464816394306372,0.5118547905059092,0.9984126687049866,59.7820823244552,0
747,0.906624152546838,0.2913761167299182,0.9971250891685486,0.9760111769040434,0.31248403730846613,0.9958469867706299,0.902024774324327,0.5061567312195192,0.9988107681274414,0.9464901174817774,0.5120775955063961,0.9984176158905029,59.7820823244552,0
748,0.9065989341054651,0.2914654016494753,0.9971161484718323,0.9760397303672073,0.3125438392162325,0.9957892894744873,0.9020280241966255,0.506236729167757,0.9988229274749756,0.9465158581733711,0.5122888088226323,0.998430609703064,59.7820823244552,0
749,0.9065725462777281,0.2915366902237849,0.9971022605895996,0.9760853307587768,0.3126202637241003,0.9957603216171265,0.9020373083296283,0.5062923261097504,0.9988459348678589,0.9465422147796274,0.5124178159804575,0.9984533786773682,59.7820823244552,0
750,0.9065569440523791,0.2915815327848709,0.9970959424972534,0.9761438057536178,0.31276128973279704,0.9956890344619751,0.9020604860214967,0.5063042725835531,0.9988859295845032,0.9465655939919616,0.5124406218528752,0.9984972476959229,59.7820823244552,0
751,0.9065431583495374,0.2915893821489246,0.9971038103103638,0.9762053347769246,0.3129131850742161,0.9956759810447693,0.902096473035359,0.5063055157661442,0.9989188313484192,0.9466070674714595,0.5124525967098422,0.9985346794128418,59.7820823244552,0
752,0.9065255522727974,0.29156246781349204,0.9971206188201904,0.9762505832172583,0.3130478773798264,0.9956998825073242,0.9021504180771971,0.5063195256959828,0.9989544153213501,0.9466758342016319,0.512501370339167,0.998579204082489,59.7820823244552,0
753,0.9065052583104096,0.291520246437618,0.9971067309379578,0.9762679820968998,0.31312932996522835,0.9957036375999451,0.9022052344821756,0.5063069973673143,0.9989774227142334,0.9467511631193621,0.5125423158918112,0.9986096620559692,59.7820823244552,0
754,0.9064829321134666,0.2914331243151712,0.9971053004264832,0.9762844585237057,0.31322090824445115,0.995700478553772,0.9022737599554523,0.5062691966692611,0.9989916086196899,0.946821814491636,0.5125731996127542,0.9986329674720764,59.7820823244552,0
755,0.9064717576617294,0.29127786840711345,0.9971129298210144,0.9763092341877173,0.3132595065094178,0.9956690073013306,0.9023462136586514,0.5062109345481512,0.9990043640136719,0.9468710053534742,0.5125790039698287,0.9986531734466553,59.7820823244552,0
756,0.9064609266462789,0.29108251560302034,0.9971497654914856,0.976327422119323,0.313295452367692,0.9956838488578796,0.9024093889054805,0.5061539070946834,0.999030351638794,0.9468900163968412,0.5125705145654229,0.9986891746520996,59.7820823244552,0
757,0.906444586458661,0.29084938764572166,0.9971684217453003,0.9763401548067736,0.3132886616956623,0.9957285523414612,0.9024629848343994,0.5061097939809167,0.9990397691726685,0.9469006629217246,0.5125649912016736,0.9987035393714905,59.7820823244552,0
758,0.9064190189043688,0.2906381118865242,0.9972133040428162,0.9763491238866542,0.313328856513614,0.9957143068313599,0.9025058036758793,0.5061460790180028,0.9990500807762146,0.9469147835459035,0.5125980774561568,0.9987055659294128,59.7820823244552,0
759,0.9063703900291814,0.2905275793302629,0.9972981214523315,0.9763616153172092,0.31345031942640056,0.9957207441329956,0.9025263757932761,0.5062274336814884,0.999078631401062,0.9469236220632288,0.5126543981688367,0.9987221360206604,59.7820823244552,0
760,0.9063092612084895,0.290494827997117,0.9973297715187073,0.9763978152048027,0.313641782317843,0.9956842660903931,0.9025415891692758,0.5064096110207698,0.9990978837013245,0.946944855508351,0.5127648001625429,0.9987310171127319,59.7820823244552,0
761,0.9062378605206814,0.29055184693563574,0.9973857402801514,0.9764237999916084,0.313794560375668,0.9956510663032532,0.9025368321509595,0.5064358881541665,0.9991148114204407,0.9469302977834437,0.5127495953014922,0.9987406134605408,59.7820823244552,0
762,0.9062427140417562,0.29061442613601707,0.9974198937416077,0.9764968696094702,0.3138829441297625,0.9955848455429077,0.9025570977301832,0.506352958225069,0.9991288781166077,0.9469034870465604,0.5126960334323706,0.9987425208091736,59.7820823244552,0
763,0.9063132263365252,0.2907671786489943,0.997414767742157,0.976581519558317,0.31384366750717185,0.9955675005912781,0.9026003934088214,0.506171788488116,0.999120831489563,0.9468506262415939,0.5125043420564565,0.9987474083900452,59.7820823244552,0
764,0.9063920577367154,0.2910677591959638,0.997488260269165,0.9766591645422443,0.3137940991492501,0.9955150485038757,0.9026577841667909,0.5059725670587453,0.9991464018821716,0.9467970757257378,0.512232241176424,0.9987728595733643,59.7820823244552,0
765,0.906475084168571,0.291351975429626,0.9974405169487,0.976717982973372,0.3137252855868569,0.9955742359161377,0.9026798265320921,0.5059179124378026,0.9991250038146973,0.946755664689201,0.5120798008782528,0.9987674355506897,59.7820823244552,0
766,0.9065743940217161,0.29146630849157085,0.9974600672721863,0.9767557666415269,0.3136419370060878,0.9955506324768066,0.9026403001376568,0.5060988437561766,0.9991403222084045,0.9466978112856554,0.512144769941058,0.9987784028053284,59.7820823244552,0
767,0.906724467163995,0.29135274887084983,0.9974431991577148,0.9767262850488942,0.3134341580527172,0.9956158399581909,0.9025829576310666,0.5062205110277452,0.9991239905357361,0.9465930007752926,0.5122353633244836,0.9987660646438599,59.7820823244552,0
768,0.9069556054614847,0.2910173336664838,0.9974871873855591,0.9766646680377786,0.31319443384806345,0.9956537485122681,0.9024493836221248,0.5064066790399101,0.9991211295127869,0.9464562137921659,0.5124763959930061,0.9987518787384033,59.7820823244552,0
769,0.9071426703816377,0.29068896316346693,0.9975193738937378,0.9765803274654214,0.31296745084580946,0.9957361817359924,0.9022718753133507,0.5065727404185708,0.999109148979187,0.9463103328432363,0.5126514775412427,0.9987400770187378,59.7820823244552,0
770,0.9072173862230217,0.29050753230140347,0.9975089430809021,0.9764882638340913,0.3128237185024082,0.9957771301269531,0.9021101650737587,0.5066221129326598,0.9990684986114502,0.9462103247642525,0.512680550416311,0.9986961483955383,59.7820823244552,0
771,0.9071919776144489,0.2904236997876851,0.9974589943885803,0.9764215946197518,0.31275318633942406,0.9957543015480042,0.9019784955751335,0.5066615768841338,0.9990435838699341,0.9461691294397634,0.5126756883802872,0.9986796975135803,59.7820823244552,0
772,0.9070943991343188,0.2903953776473093,0.9974101781845093,0.9763976108460207,0.31273839587257046,0.9957770109176636,0.9018967066492359,0.5066430228097103,0.9990219473838806,0.9461453954378771,0.5126048127810164,0.99866783618927,59.7820823244552,0
773,0.9070014811697468,0.29035856042589486,0.9973598718643188,0.9763985560053878,0.3126955543245591,0.9957922101020813,0.9018987019856778,0.5064776057288765,0.9990003108978271,0.9461321887515847,0.5123986005783085,0.9986557960510254,59.7820823244552,0
774,0.9069255732354672,0.29032186950956096,0.9973745942115784,0.9763792526154298,0.31261582601638094,0.9958209991455078,0.9018963887577972,0.506298042479016,0.9990021586418152,0.946102616332827,0.51214269229344,0.9986667633056641,59.7820823244552,0
775,0.9068617054394321,0.29028430155345397,0.9973570108413696,0.9763628329549525,0.3125296547299342,0.9958498477935791,0.9019095216478628,0.5061564530645102,0.9990095496177673,0.9460796713829047,0.5119148407663622,0.998685359954834,59.7820823244552,0
776,0.906828062874931,0.29024238813491116,0.9973992705345154,0.9763497852143795,0.3124473960626695,0.9959043860435486,0.9019517557961607,0.5060650195394247,0.9990244507789612,0.9460757459912988,0.5117555118742447,0.998706042766571,59.7820823244552,0
777,0.9068305861382264,0.29022318692434423,0.9974299669265747,0.9763488116718482,0.3123960040864493,0.9959396123886108,0.9020134097053898,0.5060616078830904,0.9990396499633789,0.9460867331141525,0.5117060173125498,0.9987237453460693,59.7820823244552,0
778,0.9068384085382741,0.29023525260743666,0.9974703788757324,0.9763546841485169,0.3123568537689393,0.9959532022476196,0.9020779388291502,0.5060953270821349,0.9990546703338623,0.9461193198249461,0.5117332679884778,0.9987365007400513,59.7820823244552,0
779,0.9068360044842683,0.2902445495128634,0.9975053071975708,0.976367326009842,0.31231878059250995,0.9959714412689209,0.9021167357762662,0.5060913960138961,0.9990643858909607,0.9461639268057694,0.5117599027497433,0.9987462162971497,59.7820823244552,0
780,0.9068468525296174,0.29023481834502474,0.9975261092185974,0.9763698095367076,0.31225507599966895,0.9959426522254944,0.902167581376576,0.5060699496950426,0.9990687370300293,0.9462304569426044,0.5117720876421251,0.998738706111908,59.7820823244552,0
781,0.9068587280455097,0.2902157959483921,0.9975579977035522,0.9763644735018421,0.312198021582195,0.995904266834259,0.9022335693949752,0.5060523691631502,0.9990766048431396,0.946300665537517,0.5117915584927517,0.9987249970436096,59.7820823244552,0
782,0.9069064883958733,0.2901874113650551,0.9975891709327698,0.9763713479042061,0.31216727268128197,0.995846152305603,0.9023306823912127,0.5060328472228282,0.9990859031677246,0.9464035800525128,0.5118056308655516,0.9987056851387024,59.7820823244552,0
783,0.9069696636427024,0.29017066813650605,0.9976356625556946,0.9764021862120863,0.31216139168966406,0.9958223700523376,0.9024219881920594,0.506048977375031,0.9990950226783752,0.9465018425668997,0.5118405762172885,0.998697817325592,59.7820823244552,0
784,0.9070474618957163,0.2901687820752464,0.9976759552955627,0.9764415423075365,0.31216075306847,0.9957661032676697,0.9025014525368107,0.506077056839353,0.9990996718406677,0.9465943432989582,0.511870228108906,0.9986799955368042,59.7820823244552,0
785,0.9071196828569692,0.29016662921224345,0.997732937335968,0.976484125568754,0.3121564104443507,0.9957674741744995,0.9025467832883206,0.5061228473981225,0.9991047382354736,0.9466626842816679,0.5119082274891085,0.9986798763275146,59.7820823244552,0
786,0.9071804341815775,0.2901795648393179,0.9977726936340332,0.9765405172393443,0.3121591451622193,0.995720624923706,0.9025565783182787,0.5061746864091786,0.9991099238395691,0.9467072572026942,0.5119674631527497,0.9986675381660461,59.7820823244552,0
787,0.9072142300151651,0.29021275611150854,0.9978224635124207,0.9766060880252301,0.3121711100850789,0.9957356452941895,0.9025490397498728,0.5062295283590048,0.9991207122802734,0.9467235349473506,0.5120411799067547,0.9986733198165894,59.7820823244552,0
788,0.9072408505848483,0.2902551194032036,0.9978404641151428,0.9766733759925487,0.31219218316532343,0.9957464337348938,0.902538941020058,0.5062700765473507,0.9991298317909241,0.9467451373736072,0.5121200680732731,0.9986788630485535,59.7820823244552,0
789,0.9072609572183525,0.2902922814800628,0.997890293598175,0.9767368095261718,0.3122333103702184,0.9957892298698425,0.9025193169003448,0.5063042952900845,0.9991493225097656,0.9467556249527711,0.5122055382955646,0.9987035989761353,59.7820823244552,0
790,0.9072860734803343,0.2903294563293459,0.9979287385940552,0.9767742809795206,0.3122730099019553,0.9958269596099854,0.9025056333768943,0.5063375177837557,0.9991572499275208,0.9467672790799829,0.5122837395895099,0.9987147450447083,59.7820823244552,0
791,0.9073258638381966,0.29035359053384713,0.9979332089424133,0.9767869909604399,0.3123088393892563,0.9958491921424866,0.9025002916653958,0.5063743960289733,0.9991562366485596,0.9467811442556843,0.5123639333815806,0.9987146854400635,59.7820823244552,0
792,0.9074064010665538,0.2903745373090111,0.9979715943336487,0.9768045941988635,0.31231670578320847,0.9958337545394897,0.9025010069211332,0.5063582658767705,0.9991551637649536,0.9467939195178812,0.512405287651789,0.9987033605575562,59.7820823244552,0
793,0.9075233084814897,0.29038344110761394,0.9979753494262695,0.9768228474117469,0.31230148956889225,0.995820164680481,0.9025133990106136,0.5062987407048547,0.999147891998291,0.9468101773943227,0.5124083870933174,0.9986833930015564,59.7820823244552,0
794,0.9076293763660256,0.2903974865164078,0.9979791045188904,0.9768336046309707,0.3122626486278718,0.9958341121673584,0.9025163082849419,0.5062181552251184,0.9991368651390076,0.9468229327883048,0.5123754796527685,0.998672604560852,59.7820823244552,0
795,0.9077185903276724,0.29040416933241364,0.9979854226112366,0.9768302270344333,0.312227078846523,0.9959040880203247,0.9025126184735986,0.506138140246982,0.9991170763969421,0.9468303578240538,0.5123333022707989,0.9986587166786194,59.7820823244552,0
796,0.9077536690802809,0.29044898776781014,0.9979931116104126,0.9768156920160573,0.31219769801412334,0.9959801435470581,0.9025025140671511,0.5060954888661706,0.9991032481193542,0.9468348707471582,0.512289282821474,0.9986613988876343,59.7820823244552,0
797,0.9077495450065258,0.2905250418753853,0.9979658126831055,0.9767907176698964,0.3121864469278429,0.9960352778434753,0.9024895429611213,0.5060573589234129,0.9990789294242859,0.9468393893468955,0.5121954424040662,0.9986519813537598,59.7820823244552,0
798,0.9077424889519109,0.2906218724591394,0.9979385733604431,0.9767683347066252,0.3121794490587146,0.9961023926734924,0.9024626782962261,0.5060121331896105,0.9990670084953308,0.9468420403344299,0.5120020139785044,0.9986552000045776,59.7820823244552,0
799,0.9077419553484243,0.2906983963080817,0.9979555010795593,0.9767307128225061,0.3121658293973834,0.9961673021316528,0.9024926083428526,0.5059105328151161,0.9990652799606323,0.9468426335425612,0.5116499690782461,0.9986600279808044,59.7820823244552,0
800,0.9077356656392422,0.2907641941592809,0.9979528784751892,0.9766893301691335,0.3121414525168285,0.9961961507797241,0.9026139492080332,0.5057834386825566,0.9990493059158325,0.9468416798682447,0.5111615317208431,0.998647928237915,59.7820823244552,0
801,0.9077418247858691,0.2907753842217584,0.9979608058929443,0.9766558976400473,0.3121018622602738,0.996309757232666,0.9027701559520911,0.5055886365118485,0.9990416765213013,0.9468304174286986,0.5106918896947592,0.998658299446106,59.7820823244552,0
802,0.9077459062848781,0.29077831620261807,0.9978870153427124,0.9766333159946268,0.3120504362242565,0.9963959455490112,0.9030236459913714,0.505389219238645,0.999019205570221,0.9468485571089253,0.5103651313554678,0.9986696243286133,59.7820823244552,0
803,0.9077733925410687,0.29076435452415855,0.9978653192520142,0.9766227063678568,0.3119392295678459,0.9964805841445923,0.9032817738396788,0.505157243637812,0.9990105032920837,0.9468794578597666,0.5100781378291905,0.9986796975135803,59.7820823244552,0
804,0.9077965986161012,0.290740102529526,0.9978741407394409,0.976623285384406,0.31180667025702363,0.9965642094612122,0.9034463876769663,0.5050198975063509,0.9990091323852539,0.9468942511649368,0.5098590510232113,0.9987162351608276,59.7820823244552,0
805,0.9078544605345962,0.29066556266375976,0.9978492856025696,0.9766200780868538,0.3116787161145894,0.9966332912445068,0.9035443464914964,0.5049503842989608,0.9989814162254333,0.9468948812711815,0.5096901030767536,0.9987235069274902,59.7820823244552,0
806,0.9079117973645535,0.2905546653838387,0.997837245464325,0.9766110948153912,0.31163368196714514,0.9966831207275391,0.9035446104549234,0.5049696110543754,0.9989548325538635,0.9468798154876353,0.5096587623868674,0.9987174868583679,59.7820823244552,0
807,0.9080122624124807,0.29043324788411484,0.9978616833686829,0.9766044190951764,0.31166664475486416,0.9967387318611145,0.9034411850429724,0.504993890013014,0.9989518523216248,0.9468528571582984,0.5097923874855046,0.998712956905365,59.7820823244552,0
808,0.9081159120514286,0.2902545687698185,0.9978839159011841,0.976613918940227,0.3117526641913825,0.9967634677886963,0.9033658873467226,0.505036674794697,0.9989553093910217,0.9468530388105492,0.5100566886720207,0.9987068772315979,59.7820823244552,0
809,0.9082064288003112,0.2900404788198927,0.997903048992157,0.9766627777190444,0.3118069100947609,0.9967959523200989,0.9033081105777203,0.5050391015552342,0.9989612698554993,0.9468652180262981,0.5102817274275284,0.998710572719574,59.7820823244552,0
810,0.9082399010658272,0.28982677062352524,0.9979091286659241,0.9767232253437959,0.31180282149996097,0.9967924356460571,0.9032772609165745,0.5050181803249182,0.9989676475524902,0.9468610911142266,0.510407490389688,0.9987010359764099,59.7820823244552,0
811,0.908257776782627,0.2896183402765367,0.9979321360588074,0.9767962041355323,0.31175206530661836,0.9967838525772095,0.9032766648701266,0.5049449177015399,0.9989901781082153,0.9468521646090924,0.5104320730481833,0.9987080097198486,59.7820823244552,0
812,0.9082456855546869,0.2894654841650102,0.997937023639679,0.9768611192703255,0.31172243044489933,0.9967840313911438,0.9032705426216133,0.5048882904506868,0.9990046620368958,0.946840689295815,0.5104720649265112,0.9987165331840515,59.7820823244552,0
813,0.9082688178334926,0.28939678555443193,0.997911274433136,0.9769052550906234,0.31170669481867863,0.9968019723892212,0.9032766393252789,0.5047783198810764,0.9990167617797852,0.9468318649700718,0.510486293406714,0.9987215399742126,59.7820823244552,0
814,0.9083115486871636,0.2893383886132924,0.9978676438331604,0.9769173207737158,0.311719487110774,0.9967954754829407,0.9032670231092552,0.5046760297956925,0.9990213513374329,0.946820122855051,0.5104947288831079,0.9987156987190247,59.7820823244552,0
815,0.908354824497587,0.28928705340340044,0.9978764057159424,0.976951826186408,0.3117570919649944,0.9967971444129944,0.9033054425602876,0.5044391836438864,0.9990313649177551,0.946846090611958,0.5104318970725654,0.9987168908119202,59.7820823244552,0
816,0.9083749850591032,0.2892467124121532,0.9978891015052795,0.9769833314986465,0.31176664289974054,0.9968193769454956,0.9033719471522748,0.5041366730417528,0.9990342259407043,0.9468873710859398,0.5103006164232894,0.9987214207649231,59.7820823244552,0
817,0.9083985005106252,0.2892068581921716,0.9978767037391663,0.9770144422849028,0.3117440839608513,0.9968171715736389,0.9034568241664349,0.5038269446009686,0.9990235567092896,0.9469325116702497,0.5101301811990289,0.9987069368362427,59.7820823244552,0
818,0.9084510547774187,0.28918224998882863,0.9979049563407898,0.977088235673451,0.3117230151380814,0.9968773722648621,0.9035833960487736,0.5036425420216156,0.9990239143371582,0.9469938306581414,0.5100115083512811,0.9987311363220215,59.7820823244552,0
819,0.9085376915477579,0.2891679789338796,0.9979196786880493,0.9771703169459397,0.31169622568857125,0.9969162940979004,0.9037025116738826,0.5037971507935302,0.9990151524543762,0.947045428412302,0.5100650333222894,0.9987359046936035,59.7820823244552,0
820,0.9086057203156613,0.2891835634197509,0.9979535937309265,0.9772406646183566,0.31168426999023996,0.9969182014465332,0.9037681988307412,0.5041456818580631,0.9990021586418152,0.9470801183155608,0.5102012966360367,0.9987350702285767,59.7820823244552,0
821,0.9086776460920066,0.2892228897128787,0.9979668259620667,0.977308890649251,0.3116806170770101,0.9969341158866882,0.9038027908120838,0.5047314805643902,0.9989721179008484,0.9471031555107663,0.5104482557092398,0.9987029433250427,59.7820823244552,0
822,0.9087534688767935,0.2892859578132629,0.9979373216629028,0.9773749950386229,0.3116852669488816,0.9968895316123962,0.9038062876179103,0.5055545469125114,0.9989457130432129,0.9471145399979182,0.5108059105418982,0.9986756443977356,59.7820823244552,0
