frame_id,left_shoulder_x,left_shoulder_y,left_shoulder_visibility,right_shoulder_x,right_shoulder_y,right_shoulder_visibility,left_hip_x,left_hip_y,left_hip_visibility,right_hip_x,right_hip_y,right_hip_visibility,fps,low_visibility
0,0.8448001359190264,0.32782094251541877,0.9998121857643127,0.9056287862005696,0.3452454386722476,0.999091625213623,0.8413415224779224,0.5074590983844938,0.9997050166130066,0.8772198259830478,0.5109209829852699,0.99915611743927,59.78221415607985,0
1,0.8447146543434693,0.32810532195227504,0.9998044967651367,0.9053066713469378,0.34490816933768154,0.9990909695625305,0.841331724609648,0.5067690099988665,0.999696671962738,0.8767532961709165,0.5107383302279885,0.9991666674613953,59.78221415607985,0
2,0.8446271845272614,0.3283709032194957,0.9998059272766113,0.9050368581499381,0.3447642560516087,0.9991277456283569,0.8413105436733795,0.506212660244533,0.9996899962425232,0.8762732786791672,0.5105779469013219,0.9991915225982666,59.78221415607985,0
3,0.844537726470403,0.32861768631708077,0.9998023509979248,0.9048193466095704,0.344813698814029,0.9991288185119629,0.8412779796691174,0.5057900491214938,0.9996629357337952,0.8757797735078001,0.5104398330052697,0.9991548657417297,59.78221415607985,0
4,0.8444496677035385,0.32886555081322105,0.9997969269752502,0.9047954054105857,0.34522405976340914,0.9990674257278442,0.8412291435968315,0.5054921592984885,0.9996168613433838,0.8751870876266851,0.5103090689295818,0.9990513920783997,59.78221415607985,0
5,0.8443475110190262,0.32904452795074124,0.9998013973236084,0.9045983666465404,0.34552782490139944,0.9990820288658142,0.8411798477172858,0.505350339980353,0.9996085166931152,0.8746607814516347,0.5101963423547294,0.9990454912185669,59.78221415607985,0
6,0.8442767205692481,0.32920696196101984,0.9997951984405518,0.9044220277241305,0.345913852964129,0.9990304708480835,0.8411317382540029,0.5053212727819174,0.999582827091217,0.8743710489500143,0.5101859626315893,0.9990127682685852,59.78221415607985,0
7,0.8442276432400665,0.3292918957415084,0.9997934103012085,0.904251694679261,0.34632088314919274,0.9990096688270569,0.8410869325910303,0.5053559059188484,0.9995677471160889,0.8742335750943145,0.5102415056455707,0.9989902377128601,59.78221415607985,0
8,0.8442209448133203,0.32928163097018315,0.9997888207435608,0.9040855878875377,0.34670773716199993,0.9989952445030212,0.8410628125781112,0.5053541688692006,0.9995495676994324,0.8741816111973361,0.5102840037572955,0.9989610314369202,59.78221415607985,0
9,0.8442257330531173,0.3293018639087679,0.9997867345809937,0.9040310354459862,0.34720029433568345,0.9989925026893616,0.8410531651406068,0.5053478791600186,0.9995325207710266,0.8741500264122379,0.5103836258252465,0.9989463686943054,59.78221415607985,0
10,0.8442274615878158,0.3293213546276095,0.9997849464416504,0.9039035155659637,0.3478194773197177,0.998988926410675,0.8410361920084279,0.5053062325432192,0.9995195865631104,0.8741069691521788,0.5105171686127077,0.9989398717880249,59.78221415607985,0
11,0.8442118990988965,0.3293524157433285,0.9997802376747131,0.9037388506389807,0.34839192742393155,0.9989750981330872,0.8410244782765713,0.5052529431524735,0.9995018839836121,0.8740575625782928,0.5106379531678704,0.9989170432090759,59.78221415607985,0
12,0.8441862322035296,0.32939791963213993,0.9997766017913818,0.9036241599491672,0.3490049980935599,0.9989688992500305,0.841010695412046,0.5051906704902653,0.9994884729385376,0.8740352903093617,0.5107532455807644,0.9989069700241089,59.78221415607985,0
13,0.8441598472141091,0.3294350405534111,0.9997802376747131,0.9034710867064347,0.3494914954616913,0.998988687992096,0.8409964300337298,0.5050829563822069,0.9994795918464661,0.8739914723805027,0.5108146610714144,0.9989029765129089,59.78221415607985,0
14,0.8441415571031123,0.32944865737642587,0.9997837543487549,0.9033180163020186,0.34961327626591665,0.9990112781524658,0.8409862688609538,0.5049376430965609,0.999474823474884,0.8739402861822226,0.5107791792778746,0.9989044666290283,59.78221415607985,0
15,0.8441118314152679,0.32944642645972144,0.9997844696044922,0.9032280870846348,0.34986016438120915,0.9990095496177673,0.8409694092614317,0.5048304739452547,0.9994649291038513,0.8738679971013757,0.5107828690892178,0.9988835453987122,59.78221415607985,0
16,0.8440616812024804,0.3294369649319424,0.9997898936271667,0.9031576684543072,0.3502602591401058,0.9990416765213013,0.8409534408932648,0.5047431872004559,0.9994584918022156,0.8737955661047079,0.5107920169830327,0.9988736510276794,59.78221415607985,0
17,0.8439397073927386,0.3294343778065275,0.9997850060462952,0.9031008311680393,0.350847152017412,0.9990386366844177,0.8409279017221367,0.5047140376908442,0.9994430541992188,0.8737367306436818,0.5108129694348293,0.9988521933555603,59.78221415607985,0
18,0.8437696070898154,0.3294303431397395,0.999781608581543,0.9029942353566495,0.3514803349971774,0.9990465641021729,0.8408917500859223,0.5047239093553456,0.9994345903396606,0.873715159438906,0.5108476933978857,0.9988380074501038,59.78221415607985,0
19,0.8435876766840624,0.32941207431611585,0.9997770190238953,0.9027276039123542,0.3519231081008914,0.9990590214729309,0.8408657397542687,0.5047225043887188,0.9994238615036011,0.8737190053576522,0.5108470604533245,0.9988284707069397,59.78221415607985,0
20,0.8434004755247214,0.32938153545061777,0.9997774958610535,0.9023860891660062,0.3520099946430754,0.9990894794464111,0.8408714589618509,0.5047185761587965,0.9994280338287354,0.873782796519144,0.5107914493197491,0.9988411068916321,59.78221415607985,0
21,0.8432217240333564,0.32934300956271967,0.9997799396514893,0.9020758583432159,0.3520095192250754,0.99912428855896,0.8409265563601547,0.5047143924803965,0.9994295239448547,0.8739388925688614,0.5106730177288967,0.9988465905189514,59.78221415607985,0
22,0.8430540249461227,0.32930951317151413,0.9997804164886475,0.9017943938573207,0.35195392370224027,0.9991576075553894,0.8410074710845954,0.5047361056009932,0.999427080154419,0.8741304136457904,0.5105279059637164,0.9988492727279663,59.78221415607985,0
23,0.8429131933621005,0.32928604739052936,0.9997814297676086,0.9014900326728827,0.35200043519338003,0.9991883039474487,0.8410747959500274,0.504838049411774,0.9994335770606995,0.8743480557487131,0.5104339378220699,0.9988622665405273,59.78221415607985,0
24,0.8428011167617078,0.3292859551452458,0.999778687953949,0.9010923419679921,0.3518555873916266,0.9992031455039978,0.8411663600376682,0.5047530844098049,0.9994321465492249,0.8745568451427285,0.5101772858982998,0.9988625645637512,59.78221415607985,0
25,0.8426603362673812,0.329305939731144,0.9997792840003967,0.9006535070283079,0.35157724363463294,0.9992106556892395,0.8412623206774401,0.5045199905123033,0.999443769454956,0.8747786652474183,0.5098066840853014,0.9988816976547241,59.78221415607985,0
26,0.8424781390598849,0.3293360954239257,0.9997742176055908,0.9002937674522407,0.35126054428872633,0.9992141127586365,0.841369120847612,0.5041937061718537,0.9994569420814514,0.8749975874310455,0.5094130039215092,0.9989079236984253,59.78221415607985,0
27,0.8423006648109079,0.3293840885162356,0.9997716546058655,0.9000403341792886,0.3509863884676073,0.9992401003837585,0.8414699264935092,0.503855319250198,0.9994605183601379,0.8751896108899805,0.5090781138056805,0.9989184141159058,59.78221415607985,0
28,0.8421572531972619,0.32944334972472444,0.9997649192810059,0.8998844027519234,0.35088193132763845,0.9992536902427673,0.8415291053908218,0.5035179654757186,0.9994685053825378,0.87528544664383,0.5088377651714147,0.9989403486251831,59.78221415607985,0
29,0.8420947421164746,0.3294906843276253,0.9997539520263672,0.8997427310262414,0.3509884022531058,0.9992478489875793,0.8415382958593829,0.5032405001776563,0.9994702339172363,0.8753098504883909,0.5087134497506283,0.998953104019165,59.78221415607985,0
30,0.8420895650273285,0.3295231461524966,0.9997484087944031,0.8994642354193195,0.3508296992097585,0.999241828918457,0.8415563475518006,0.5026845307577228,0.9994736909866333,0.8752835591634122,0.5084345908392047,0.9989641904830933,59.78221415607985,0
31,0.8420798892066599,0.329550290391559,0.9997403025627136,0.8991259904134847,0.350330418064481,0.9992329478263855,0.8415838423229406,0.5020604218755453,0.9994713664054871,0.8752770650954481,0.5080790746779673,0.9989625215530396,59.78221415607985,0
32,0.842070483026051,0.32955251279331416,0.9997310638427734,0.898805567196438,0.34957107050078284,0.9992045760154724,0.8416369983128146,0.5015245704423817,0.999474823474884,0.8753086356889641,0.5076327040081937,0.998959481716156,59.78221415607985,0
33,0.8420774255480092,0.3296086206322627,0.9997275471687317,0.8985479502450859,0.3487825081461955,0.999159038066864,0.8416856726010646,0.5012078796114244,0.9994881749153137,0.8753781772795185,0.5072302023569747,0.9989749789237976,59.78221415607985,0
34,0.8420837918917344,0.3297090487820764,0.999733567237854,0.8984357941718335,0.3482172276292531,0.9991365075111389,0.8417355134373627,0.5011092764990674,0.9995138049125671,0.8755802228337249,0.5068892950103401,0.9990133047103882,59.78221415607985,0
35,0.8420739372571316,0.3298496533007852,0.999739944934845,0.8984963979039882,0.3479768534501396,0.999121367931366,0.8417861490022576,0.5012009711492633,0.9995419979095459,0.875838824680874,0.5066602740968981,0.9990622997283936,59.78221415607985,0
36,0.8420578411647259,0.3299963076909386,0.9997427463531494,0.8985743465877722,0.3479315638542178,0.9990924000740051,0.8418310568446212,0.5013745029767358,0.9995653629302979,0.8760848754928233,0.5065673760005409,0.9990987181663513,59.78221415607985,0
37,0.8419835794539685,0.33012145899591017,0.9997464418411255,0.8986332047553296,0.34784346960839796,0.9990618824958801,0.8418704469998685,0.5015658424014141,0.9995863437652588,0.8762411049434123,0.5065531162988577,0.999134361743927,59.78221415607985,0
38,0.8417858112426038,0.3301867218244646,0.999748706817627,0.8986971889223379,0.347692729461761,0.9990329146385193,0.8418866850080952,0.5018271832239064,0.9996073842048645,0.8762835235822775,0.5066125591595971,0.999173104763031,59.78221415607985,0
39,0.8415432288533172,0.3302310648418611,0.9997497797012329,0.8986476262410489,0.3474513590335849,0.9990047812461853,0.8419113982291455,0.5021687348683679,0.999623715877533,0.8762768109639493,0.506763006959643,0.9992088675498962,59.78221415607985,0
40,0.8412298588525688,0.33024737806547283,0.999746561050415,0.8984223405520129,0.3472079152152655,0.9989486336708069,0.8419429347628646,0.5025503834088647,0.9996370077133179,0.8763114696457279,0.5069377961612886,0.9992339015007019,59.78221415607985,0
41,0.8409526717095155,0.33026075505075025,0.9997459650039673,0.8980377742222385,0.3469995075748083,0.9989205002784729,0.8419883478255507,0.5028636540685385,0.9996547698974609,0.8763379568145395,0.5070843866893227,0.9992619752883911,59.78221415607985,0
42,0.8407694981211715,0.3302731201762248,0.9997411370277405,0.8975216490881791,0.3468963943776633,0.9989010691642761,0.8420336246490485,0.5030958737645834,0.9996607899665833,0.8763395434334171,0.5071654121081038,0.9992774724960327,59.78221415607985,0
43,0.8406736510140562,0.3302842761789052,0.9997336268424988,0.8969837597438275,0.3467242930616654,0.998871386051178,0.8420635263125109,0.5031433162235082,0.9996650218963623,0.8763063947359728,0.5071266463824684,0.9992929697036743,59.78221415607985,0
44,0.8406081199646003,0.33028807384627235,0.9997317790985107,0.896525496528263,0.346408409731729,0.9988474249839783,0.8420714310237346,0.5031242058390666,0.999674916267395,0.8762075503667203,0.5070819201923555,0.9993107914924622,59.78221415607985,0
45,0.8405915981247318,0.33029513415836176,0.9997223615646362,0.8961574946131032,0.34592278088842143,0.9987884163856506,0.8420647808483677,0.5031463645753411,0.9996636509895325,0.8760393460591641,0.5070579080354604,0.999289870262146,59.78221415607985,0
46,0.8405557076136279,0.33030549259412884,0.9997085928916931,0.8959223145530345,0.3454425334930423,0.998713493347168,0.8420329831895381,0.5032185628300625,0.9996410012245178,0.875829321997507,0.5070701553708035,0.9992544054985046,59.78221415607985,0
47,0.8405384080750609,0.33032096141860623,0.9996923804283142,0.8957684181985408,0.344967203480857,0.9986402988433838,0.8420118689537055,0.5031966850871136,0.9996148347854614,0.8756446185566137,0.5069903362365,0.9992102384567261,59.78221415607985,0
48,0.8405055233410433,0.33035798441796105,0.999670147895813,0.8956690004893719,0.3445997777439302,0.9985442757606506,0.8419930991672342,0.5030324629374916,0.9995903968811035,0.8754686628069203,0.5067454888707119,0.9991693496704102,59.78221415607985,0
49,0.840476382346381,0.3304033222652619,0.9996517300605774,0.8956318838255753,0.3442915720599041,0.9984558820724487,0.8420088773682011,0.5027822284471425,0.9995723366737366,0.8753223163740982,0.5064079364140832,0.9991431832313538,59.78221415607985,0
50,0.8404630649657483,0.33043968535604956,0.999643087387085,0.895597818351928,0.34398913099652273,0.9984019994735718,0.842068635282063,0.5025250940095815,0.9995706677436829,0.8751712526593898,0.5060615085420158,0.9991382956504822,59.78221415607985,0
51,0.8404544449987872,0.3304710203693029,0.9996346831321716,0.895588295800346,0.3437660066854389,0.9983623027801514,0.8421287621770592,0.5023772262391594,0.9995681047439575,0.8750108679135649,0.5058299274671649,0.9991392493247986,59.78221415607985,0
52,0.8404759736288168,0.33049564702170264,0.9996239542961121,0.8956078886985785,0.34369048618135023,0.9983399510383606,0.8421830705233989,0.502375687871661,0.9995686411857605,0.8748817245165514,0.5057921182541625,0.9991481900215149,59.78221415607985,0
53,0.8404999943006614,0.33046537211963134,0.9996179938316345,0.895623289403462,0.3436719179153445,0.9983526468276978,0.8422282990955179,0.5023922579629084,0.9995821118354797,0.8748262751670117,0.5057492256164555,0.9991782903671265,59.78221415607985,0
54,0.8405678499312634,0.3303908663136621,0.9996181726455688,0.8956405264990678,0.3436996667158039,0.998383104801178,0.8422394962537862,0.5023838480313623,0.9995994567871094,0.8747708201408393,0.505637625853221,0.9992141723632812,59.78221415607985,0
55,0.8407049292609812,0.3302916699931738,0.9996199011802673,0.8956780745869599,0.34379777028447134,0.9984168410301208,0.8422494473911474,0.5023768345514937,0.9996144771575928,0.8747143631889713,0.5054848506337124,0.9992449283599854,59.78221415607985,0
56,0.8409332689784829,0.33007653838112266,0.9996185898780823,0.8957190031097055,0.3439256790138429,0.998441755771637,0.8422858800206872,0.5023594640550163,0.9996251463890076,0.8746445462817245,0.5052651848111838,0.9992673397064209,59.78221415607985,0
57,0.8412135470481152,0.3296961642446975,0.9996228218078613,0.8957643026397348,0.34407292519296945,0.9984731674194336,0.8423522455351701,0.5023488232067657,0.9996403455734253,0.8746037511598503,0.5050446987152104,0.9992943406105042,59.78221415607985,0
58,0.841512580712637,0.3291376942679998,0.9996240139007568,0.895801158178421,0.3442587299006329,0.9985025525093079,0.8424435598509659,0.5023561460631238,0.9996518492698669,0.8745501154945017,0.5048768378439408,0.9993143677711487,59.78221415607985,0
59,0.841758174555643,0.32840351689429537,0.9996259808540344,0.8958308100700386,0.34446003039677964,0.9985397458076477,0.8425427135967081,0.5023532481420612,0.9996622800827026,0.8744825039591115,0.5046946519897102,0.999332845211029,59.78221415607985,0
60,0.841943732329778,0.327593484095165,0.9996275901794434,0.8958552167529158,0.34463286541757154,0.9985599517822266,0.8426229669934233,0.5023383838789808,0.9996681213378906,0.8744072573525572,0.5045391094116942,0.9993420839309692,59.78221415607985,0
61,0.8420768323398778,0.32694506361371023,0.9996311068534851,0.8958815449760082,0.3447866269520353,0.9985888004302979,0.8426653146743781,0.5023226255462288,0.9996767044067383,0.8743128890082956,0.5044315883091522,0.9993572235107422,59.78221415607985,0
62,0.8421082695325223,0.32651134899684386,0.999636173248291,0.8958992674237214,0.34487705855142536,0.998609721660614,0.8426802101589391,0.502300946485429,0.9996852874755859,0.8742271576608938,0.5043497653234577,0.9993719458580017,59.78221415607985,0
63,0.8420160611470547,0.32628970628693016,0.999642014503479,0.8959320471400314,0.34492324505533517,0.9986391067504883,0.8426490965343665,0.5022873055367246,0.9996965527534485,0.87418114855176,0.5042999812534881,0.9993919134140015,59.78221415607985,0
64,0.8418372245061971,0.32623509991736666,0.9996493458747864,0.8959683577219653,0.344944326650529,0.9986661076545715,0.8425763192630956,0.5022704856736323,0.9997118711471558,0.8741368197259456,0.5042820743152078,0.9994173049926758,59.78221415607985,0
65,0.841656454971859,0.32631606573150296,0.9996522068977356,0.8960155390557796,0.34500838177544757,0.9986945390701294,0.8425014359610429,0.5022831757863366,0.9997265338897705,0.8741071962174922,0.5043792781375708,0.9994432926177979,59.78221415607985,0
66,0.8415100120362788,0.3265651279971716,0.9996561408042908,0.8960619881039581,0.34512895771435353,0.9987080097198486,0.842428916976566,0.502352961472103,0.999739408493042,0.8740992347399401,0.5046279685837887,0.9994651675224304,59.78221415607985,0
67,0.8414499504225601,0.32712792356809006,0.9996526837348938,0.8961541340464645,0.3454081401938487,0.9987035393714905,0.8423686197825848,0.5024574966657733,0.999747097492218,0.8740988175074267,0.5050070768310915,0.9994773268699646,59.78221415607985,0
68,0.8414493345078975,0.3279638460704261,0.9996479153633118,0.8963115272067849,0.3458841059889115,0.9986827373504639,0.8423397626195641,0.5026149891671685,0.9997527003288269,0.8741219157264353,0.5054957526070736,0.9994852542877197,59.78221415607985,0
69,0.8414726824987508,0.328938322407859,0.99964439868927,0.8964941785449081,0.3464168210824333,0.9986729025840759,0.8423145385015585,0.5028210793222704,0.9997612237930298,0.8741615726834258,0.5059832788649063,0.9994988441467285,59.78221415607985,0
70,0.841479054519109,0.3299051409675964,0.9996379017829895,0.8966450151943032,0.34700384594145306,0.9986481070518494,0.8422884316671468,0.5030648055530733,0.9997653961181641,0.8742029099237358,0.5064228035154801,0.9995049834251404,59.78221415607985,0
71,0.841523000172207,0.3306655216784707,0.9996292591094971,0.8967445294062304,0.3475083098525096,0.9985939860343933,0.84227569614138,0.5033276279767358,0.999771237373352,0.8742344322658726,0.506787044661386,0.9995132088661194,59.78221415607985,0
72,0.8415749583925527,0.33118893135161653,0.9996269941329956,0.8967776752653583,0.3479054726305465,0.9985561370849609,0.8422566169784189,0.503586916696458,0.9997761249542236,0.8742410739262906,0.5070297065235323,0.9995207190513611,59.78221415607985,0
73,0.8416756277992619,0.3316551021167213,0.9996286630630493,0.8967991528056923,0.348245985451199,0.9985700845718384,0.8422285006159835,0.5037994469915121,0.999785840511322,0.8742395213672101,0.5071739355723067,0.9995400905609131,59.78221415607985,0
74,0.8418304352533257,0.3320137233961199,0.999631941318512,0.8968301528976085,0.3485151586078465,0.9985995292663574,0.8422645614260726,0.5039612367039639,0.999795138835907,0.8742444884209413,0.5072641429446997,0.9995610117912292,59.78221415607985,0
75,0.8420871411051076,0.33229301656995525,0.9996271729469299,0.8968316146305637,0.3486187741869975,0.9986048936843872,0.8423602751323161,0.5040899430002489,0.9997993111610413,0.8742579789388755,0.5073234807877318,0.9995715618133545,59.78221415607985,0
76,0.8425733588990718,0.33243838094529676,0.9996054172515869,0.8968055021195191,0.34869057507742046,0.9985852241516113,0.8425536098934361,0.5042000299408327,0.9997900128364563,0.8742734931764156,0.5074228644371037,0.999558687210083,59.78221415607985,0
77,0.8432165242376788,0.3322199483712517,0.9995788931846619,0.896782684893836,0.3486364568982808,0.9985784888267517,0.8428600231806443,0.5042510373251783,0.9997789859771729,0.8742895977837706,0.507497208459037,0.9995437264442444,59.78221415607985,0
78,0.8439089144979212,0.33173499078977703,0.9995667338371277,0.8967606226603198,0.34854438049452674,0.9985752105712891,0.8431928924151837,0.5042578350929992,0.9997706413269043,0.8742900121779675,0.5075336098670964,0.999528169631958,59.78221415607985,0
79,0.8445931133769814,0.33122165288244,0.9995670914649963,0.8967182721410487,0.34844841985475483,0.9986025094985962,0.8434919147264397,0.5042572731063484,0.9997748136520386,0.8742799134481527,0.5075699828919914,0.9995369911193848,59.78221415607985,0
80,0.8451169445401153,0.3308166677043554,0.9995795488357544,0.8966680083956045,0.3483695033050721,0.9986425042152405,0.8437215941292906,0.5042809304736913,0.9997801780700684,0.8742699992089051,0.5076444603147965,0.999546468257904,59.78221415607985,0
81,0.8454410887899859,0.3305799989473255,0.9995877742767334,0.8966176112492886,0.34832053525107276,0.9986719489097595,0.8438366481236056,0.5042475092978709,0.9997817873954773,0.8742554159391501,0.5076791048049931,0.9995504021644592,59.78221415607985,0
82,0.8456521545137684,0.3304691697869985,0.999590277671814,0.8965811814580653,0.3483032697723028,0.9986977577209473,0.8438544869422919,0.5041672786076867,0.9997828006744385,0.874205805006482,0.5076789827573871,0.9995547533035278,59.78221415607985,0
83,0.8457088697524304,0.3303400590306239,0.9996176362037659,0.8965706882022684,0.348285482043312,0.9987302422523499,0.8438395687511996,0.5040617528415865,0.9997932314872742,0.8741434159733007,0.5076430496715367,0.9995739459991455,59.78221415607985,0
84,0.8456976300194157,0.3302246062528522,0.9996451735496521,0.8965756836391638,0.3482582242715929,0.9987447261810303,0.8438121818360835,0.5039634307225549,0.999803364276886,0.8740663727124539,0.5075829114232748,0.9995917677879333,59.78221415607985,0
85,0.8456248215266643,0.3301539974553247,0.999670684337616,0.8965436986514508,0.3482328099863873,0.9987486004829407,0.8437571610723229,0.5039134877068661,0.9998136162757874,0.8739906861668548,0.5075261961846128,0.9996068477630615,59.78221415607985,0
86,0.8455546782130294,0.3301478737876531,0.9996891021728516,0.8964955324218394,0.3482290832769306,0.9987534284591675,0.8436211234047306,0.5039273159844538,0.9998213648796082,0.8738631634485161,0.5075360337893172,0.9996200203895569,59.78221415607985,0
87,0.8455165056955254,0.33015748432704406,0.9997045993804932,0.8964707425662457,0.3482376124177663,0.9987357258796692,0.8433479070663459,0.5039294731049315,0.9998265504837036,0.8736874120576048,0.5075350687617352,0.9996253252029419,59.78221415607985,0
88,0.8452783766246983,0.3302869285855977,0.9997220039367676,0.8964239784649448,0.348241163151605,0.9987311959266663,0.842974898361025,0.5040158203669961,0.999832034111023,0.8734705760365448,0.507531373273759,0.9996327757835388,59.78221415607985,0
89,0.8449450220380517,0.33052814006805453,0.9997355937957764,0.8963558418410172,0.3482369936647872,0.9987066984176636,0.8426348964373278,0.5041609747069227,0.9998364448547363,0.8732886456307918,0.5075319012006128,0.9996348023414612,59.78221415607985,0
90,0.8446202845800498,0.3308297140257702,0.9997460246086121,0.8962600827217109,0.34820394288925927,0.998645007610321,0.8424013370559336,0.5043516102291292,0.9998310208320618,0.8731687721751993,0.5075346458525889,0.9996144771575928,59.78221415607985,0
91,0.844331295717331,0.3311150457177846,0.9997618794441223,0.8961566062200644,0.3481573519252598,0.9986366629600525,0.842281341552735,0.5045273616200405,0.9998295307159424,0.8731257120768237,0.5075411768186664,0.9996076822280884,59.78221415607985,0
92,0.8442148509479712,0.3312771660940991,0.999775767326355,0.8960995333535338,0.3481097164608187,0.998591423034668,0.8422767945698335,0.5046172766458424,0.9998262524604797,0.8731287433987578,0.5075456869034545,0.9995933175086975,59.78221415607985,0
93,0.8443441504523874,0.33125820472126943,0.9997870326042175,0.8961430844806497,0.34811398528871107,0.9985443949699402,0.8422966571081258,0.504623066811335,0.9998290538787842,0.8731500080653607,0.5075593250138424,0.9995935559272766,59.78221415607985,0
94,0.8441906684920908,0.3313830764520739,0.9997941255569458,0.8962574033510124,0.34817296124639996,0.9985045194625854,0.8423290508134031,0.5046261350313826,0.9998296499252319,0.8732733300754009,0.507569735958463,0.9995911121368408,59.78221415607985,0
95,0.8439203784579329,0.3316347925435932,0.9997754096984863,0.8964045700572794,0.3483119819845475,0.9984943270683289,0.8423763910929369,0.5046173873401827,0.9998224377632141,0.8734617488724852,0.5076004380271553,0.9995821714401245,59.78221415607985,0
96,0.8434959877104993,0.33210549893833374,0.9997655153274536,0.8965407837004896,0.34850859074365553,0.9985105395317078,0.8423993672643395,0.5046473713148212,0.9998171925544739,0.8736709867204946,0.5076816905112498,0.9995781183242798,59.78221415607985,0
97,0.8429564464659924,0.3327006101608279,0.999758780002594,0.8966554147856585,0.34870530593962923,0.9985408186912537,0.842397570610047,0.5047471296219603,0.9998159408569336,0.8738431504794537,0.5078283321289794,0.9995800852775574,59.78221415607985,0
98,0.8424984642437533,0.3332255610397887,0.9997550845146179,0.8967460564204632,0.34886144030661836,0.9985843896865845,0.8424002925554918,0.5048817339397615,0.9998188614845276,0.873972776390258,0.5080112616221114,0.9995891451835632,59.78221415607985,0
99,0.842302785033272,0.3334744941620602,0.999751627445221,0.8967693817047854,0.3489697348503842,0.9986085295677185,0.8424243444488169,0.5049941085633782,0.9998167157173157,0.8740341776893259,0.5081769965943841,0.9995884299278259,59.78221415607985,0
100,0.8420806243306121,0.3336420797166373,0.9997411966323853,0.896717514310565,0.34901098694120164,0.9986476898193359,0.8424497530573898,0.5050858599799024,0.9998186826705933,0.8741155976340891,0.5082835895674573,0.9995985627174377,59.78221415607985,0
101,0.8420026728085116,0.33368014863559203,0.9997289776802063,0.896601875623068,0.34902658207075965,0.998687744140625,0.8424613788014372,0.5051463586943494,0.9998194575309753,0.8741751341592705,0.5083410257384895,0.9996061325073242,59.78221415607985,0
102,0.8419572342009778,0.333707575287138,0.9997174143791199,0.8964779604048962,0.34903287036078345,0.9987293481826782,0.8424399040994197,0.505182626701537,0.9998182654380798,0.874218336173467,0.5083704448881607,0.9996091723442078,59.78221415607985,0
103,0.8419101351783396,0.33375714080674335,0.9996923804283142,0.8963815683410289,0.3490134789830165,0.9987567663192749,0.8424049928074799,0.5052238277026588,0.9998119473457336,0.8742385591779444,0.5083940284592768,0.9996063113212585,59.78221415607985,0
104,0.8418647646903998,0.33380212244533386,0.9996750354766846,0.8963889394487661,0.3490056750320255,0.9987804293632507,0.8423441818782268,0.5052725615955539,0.9998050332069397,0.8742444203013473,0.5084191731044229,0.9996035099029541,59.78221415607985,0
105,0.8418080948648006,0.33381392274584115,0.9996545910835266,0.8964349003065208,0.3490016446227122,0.9988102316856384,0.8422726052148009,0.5053067774999713,0.999797523021698,0.8742430664244158,0.5084263285001123,0.9995996952056885,59.78221415607985,0
106,0.8416844152268916,0.33385028015999596,0.9996406435966492,0.8964966677484065,0.3490115929217568,0.9988381266593933,0.8421945429983599,0.5053396480424067,0.9997873306274414,0.8742417920203442,0.5084330354418077,0.9995936751365662,59.78221415607985,0
107,0.8415571110589171,0.333857093538557,0.9996284246444702,0.8965815816606801,0.34902736260777456,0.9988508820533752,0.8421317963373101,0.5053687776838034,0.999772846698761,0.8742344521340877,0.5084352464902973,0.999580979347229,59.78221415607985,0
108,0.841464953763145,0.3338102045513337,0.9996088743209839,0.8966689620699209,0.3490729814484009,0.9988407492637634,0.8420784927549823,0.5054149400620238,0.999757707118988,0.8742125176248103,0.5084495913414732,0.9995623230934143,59.78221415607985,0
109,0.8414046367009488,0.3336833247116636,0.9995889663696289,0.8967207017399023,0.349009176095327,0.9988067150115967,0.8420497548012513,0.5053898635364719,0.9997386932373047,0.8741811088153302,0.5084261667160765,0.9995302557945251,59.78221415607985,0
110,0.8414607076417839,0.3334966784431823,0.9995783567428589,0.8967635404495973,0.3488761030492331,0.9987988471984863,0.8420456846555081,0.5053439367385142,0.9997254610061646,0.8741392152650023,0.5084027591205782,0.9995107650756836,59.78221415607985,0
111,0.8415316627139143,0.3333052822521757,0.9995516538619995,0.8967666143462779,0.3486703350430446,0.9987779855728149,0.8419828670365477,0.5052620796930226,0.9997034072875977,0.8740944152786625,0.5082733631134038,0.9994829297065735,59.78221415607985,0
112,0.8416578173637397,0.3331514455023269,0.9995113015174866,0.8967385689417529,0.34842009203774615,0.9987702965736389,0.8418876784188414,0.5051482518514001,0.9996859431266785,0.8740592797597256,0.508052161761693,0.9994630813598633,59.78221415607985,0
113,0.8418709380286087,0.33299995320183917,0.9994849562644958,0.8967170346350903,0.3481743165424894,0.9987648725509644,0.8417897565024246,0.504966673396883,0.9996813535690308,0.8740358863558095,0.5077691163335531,0.9994538426399231,59.78221415607985,0
114,0.842172406968617,0.33289503057797776,0.9994591474533081,0.8967018269357234,0.34803600254513,0.998763918876648,0.8417378096353447,0.5048115991410759,0.9996776580810547,0.874023099740347,0.5075330478804456,0.9994427561759949,59.78221415607985,0
115,0.84254881313869,0.3327721612794061,0.9994165301322937,0.8966960112253832,0.3479232546829045,0.9987207651138306,0.8417551262038101,0.5046389102935795,0.9996445178985596,0.8740199066343769,0.5073478676023941,0.9993929266929626,59.78221415607985,0
116,0.8428649022465667,0.33268183611688185,0.9994058609008789,0.896691682792846,0.34787644233022447,0.9987276196479797,0.8418362254188181,0.5045423905054732,0.9996378421783447,0.8740064132781262,0.5072821549006874,0.9993841052055359,59.78221415607985,0
117,0.8430173028083081,0.33261557420094834,0.9994126558303833,0.8967175341787801,0.3479103502773106,0.9987425208091736,0.841910484291259,0.5044630311784295,0.999640941619873,0.8739908195677264,0.5072027473222646,0.9993847012519836,59.78221415607985,0
118,0.8430513739585883,0.3325309441203166,0.9994189739227295,0.8967426476024453,0.34798496677762014,0.9987499713897705,0.8420121726535623,0.5044139283044002,0.9996465444564819,0.8739579745701388,0.507128062702361,0.999392032623291,59.78221415607985,0
119,0.8429800243604757,0.3324344442004252,0.9994188547134399,0.896809589295161,0.34806681814647883,0.9987252354621887,0.8420999248822537,0.5043499668439234,0.9996331930160522,0.8739171794482647,0.5070687844639736,0.9993652105331421,59.78221415607985,0
120,0.84287920168468,0.3323522593293874,0.9994128942489624,0.8968955987975717,0.3481471964291167,0.9986950159072876,0.8421802577518289,0.5042811547006883,0.9996172785758972,0.873882832981292,0.5070044994354252,0.999335527420044,59.78221415607985,0
121,0.8428597194807876,0.3322796012674062,0.9994198083877563,0.8969809214274096,0.3482001409644175,0.9986277222633362,0.8422488825661802,0.504197546413967,0.9996115565299988,0.873866172063919,0.5069419230733603,0.9993117451667786,59.78221415607985,0
122,0.8427835674512961,0.3322691094307675,0.9994237422943115,0.8970372421400894,0.3481846976847879,0.998569130897522,0.8422727414539889,0.5041376919973468,0.9996080994606018,0.8738642107872743,0.5068908390544714,0.9992943406105042,59.78221415607985,0
123,0.8427340785662341,0.3323009439877104,0.9994142055511475,0.8970749321438025,0.3481589144184478,0.9985204935073853,0.842283989701953,0.5040726264317834,0.9995973706245422,0.8738798584256859,0.5068388269061138,0.9992669820785522,59.78221415607985,0
124,0.8427296451159894,0.3323198528516863,0.999411404132843,0.8970784999075396,0.3481205602486931,0.9985045194625854,0.8423261273474927,0.5040013875280112,0.999592125415802,0.873894359384265,0.5067995502835232,0.9992518424987793,59.78221415607985,0
125,0.8426621300833572,0.3323904275894168,0.9994224905967712,0.8970980502310261,0.3480759589445026,0.998523473739624,0.8423688099497848,0.5039945925985068,0.9995973706245422,0.8739106967335663,0.5068065155120127,0.9992548227310181,59.78221415607985,0
126,0.8425321777661647,0.3324779641060605,0.9994305968284607,0.8971184889475512,0.3480355895700912,0.9985214471817017,0.8424066503842678,0.5040278321220765,0.9996023178100586,0.8739218711853034,0.5068092147509261,0.9992555975914001,59.78221415607985,0
127,0.8422992598442811,0.33257596407617873,0.9994359016418457,0.8971434661320284,0.3480051216625035,0.9985241889953613,0.8424104707581663,0.5040829777717595,0.9996064901351929,0.8739243916102826,0.5068129953883947,0.9992561340332031,59.78221415607985,0
128,0.8420169211569293,0.33265883723894785,0.9994447231292725,0.8971694963318969,0.34796722446169204,0.9985249042510986,0.8423770666122443,0.504140206745693,0.9996094703674316,0.8739271277473093,0.5068064388774693,0.9992532134056091,59.78221415607985,0
129,0.8417378578867238,0.33273955044292297,0.9994505643844604,0.8971901734670011,0.3479475861503967,0.9985235333442688,0.8423264934903106,0.5041949919291908,0.9996199607849121,0.8739265544073929,0.5067968510446098,0.9992636442184448,59.78221415607985,0
130,0.8415251317478368,0.3327895090693522,0.9994479417800903,0.8972223571368634,0.3479263257412686,0.9985150098800659,0.8422782932009023,0.5042251206579667,0.9996262192726135,0.8739231682959064,0.506771232400622,0.9992666244506836,59.78221415607985,0
131,0.84139332884834,0.33285912587529165,0.9994418621063232,0.897278689202809,0.3478804826736453,0.998464047908783,0.8422509375072668,0.5042735196295243,0.9996233582496643,0.8739204378355124,0.5067195211138048,0.9992530941963196,59.78221415607985,0
132,0.8413995475996116,0.3328753014405571,0.999428927898407,0.8973543814250409,0.34780126100494774,0.9984148144721985,0.8422591459183473,0.5043286312194102,0.9996145367622375,0.8739153458958587,0.506655905927931,0.999231219291687,59.78221415607985,0
133,0.8414507479894735,0.33282509871891597,0.9994145035743713,0.8974427609216606,0.3476766106628239,0.9983474612236023,0.8422698747544068,0.5043605622791112,0.999605119228363,0.8739090533483602,0.506585972649711,0.999206006526947,59.78221415607985,0
134,0.8415779499780571,0.33271878532000976,0.9993906021118164,0.8975341518719998,0.3475321659020018,0.9982724189758301,0.8422841770308365,0.5043761701810932,0.999584972858429,0.8739158794993453,0.5065371053559444,0.9991645812988281,59.78221415607985,0
135,0.8418272506623048,0.3324519892533623,0.9993728399276733,0.8976227158591868,0.3474241310641882,0.998227059841156,0.8423018824486512,0.504417839504424,0.9995724558830261,0.8739308516184496,0.5065298648107623,0.9991359710693359,59.78221415607985,0
136,0.842130362987519,0.33206934730211923,0.9993360042572021,0.8976983314468754,0.34736883356457693,0.9981446862220764,0.842313156241463,0.5045122021720527,0.9995424151420593,0.8739470697584614,0.5065665699186783,0.9990784525871277,59.78221415607985,0
137,0.8424189998990019,0.3316982431071148,0.9993119239807129,0.8977646856080925,0.34735131121817114,0.9980900287628174,0.8423219692139405,0.5046531529653644,0.9995187520980835,0.873962010656085,0.5066158005169463,0.9990344047546387,59.78221415607985,0
138,0.8426916542507361,0.33134410352934,0.9992995262145996,0.8978158462615247,0.34735131121817114,0.9980776906013489,0.8423293630282092,0.5047955456234163,0.999505877494812,0.8739706675211596,0.5066625873247786,0.999014675617218,59.78221415607985,0
139,0.8428878642263873,0.3310774947915761,0.999284029006958,0.8978463155882707,0.34734111598559814,0.9980542659759521,0.8423251963797076,0.5049006229355226,0.9994925856590271,0.8739703524680372,0.5066989915711543,0.9989926218986511,59.78221415607985,0
140,0.8430412298157108,0.3309213703586944,0.9992592930793762,0.8978645858310526,0.3473192240510671,0.9980183243751526,0.8423304046903344,0.5049341945421133,0.9994704127311707,0.8739762164297565,0.5067281864938286,0.9989561438560486,59.78221415607985,0
141,0.8432035304251179,0.33077974830354984,0.999263346195221,0.897916169393631,0.34732082628068495,0.9980295896530151,0.8423583819752655,0.5048970267886211,0.999471127986908,0.8739851088750936,0.5067402436619717,0.9989551305770874,59.78221415607985,0
142,0.8433194217227762,0.33066892623901395,0.9992853403091431,0.8979780163083765,0.3473419461931504,0.9980906248092651,0.842400042783647,0.5048270111992249,0.9994850158691406,0.8739931696937204,0.5067469960167299,0.9989798069000244,59.78221415607985,0
143,0.8433764860743576,0.3306257809911458,0.9993067383766174,0.8980944809459512,0.34737608830134103,0.9981485605239868,0.8424505023729241,0.504742679141817,0.9994969964027405,0.8740063451585323,0.5067520680881685,0.9990009665489197,59.78221415607985,0
144,0.8433907287461424,0.3306085651829132,0.9993288516998291,0.8982383580434897,0.34740831028847496,0.9982000589370728,0.8424921660196221,0.5046627095767433,0.9995107650756836,0.8740175792149142,0.5067458720434284,0.9990242719650269,59.78221415607985,0
145,0.8433637959616531,0.3306264352230801,0.9993511438369751,0.898366638592312,0.34742976654143587,0.9982461333274841,0.8425094542049233,0.5046280934697109,0.9995261430740356,0.8740236418587828,0.5067459742228194,0.9990511536598206,59.78221415607985,0
146,0.8433292820340118,0.3306177457173668,0.9993640780448914,0.8984475419634872,0.34742922726131653,0.9982877969741821,0.8425066215651382,0.5046103880518963,0.9995412230491638,0.873998681704204,0.5067489431017924,0.9990813732147217,59.78221415607985,0
147,0.8432945438793734,0.33060037380173113,0.9993680119514465,0.898497646763212,0.34742877738816424,0.9982966780662537,0.842494467894237,0.5045980158306307,0.9995515942573547,0.8739529252052314,0.5067473706744969,0.9990992546081543,59.78221415607985,0
148,0.8432750247773677,0.3305719140030091,0.999367892742157,0.8985141629264475,0.34743300364131047,0.9982827305793762,0.8424888139679325,0.5046116709709172,0.9995526075363159,0.8738957302910948,0.5067577305294223,0.9990973472595215,59.78221415607985,0
149,0.8432811839239944,0.3305100245135174,0.9993480443954468,0.8984999798593074,0.3474206754139494,0.9982292056083679,0.8425056962739861,0.5046152046748573,0.9995381236076355,0.8738487533160625,0.5067649057933267,0.9990649223327637,59.78221415607985,0
150,0.8433041260356002,0.3304167929149812,0.9993398189544678,0.8984269045648128,0.3473616171450845,0.99819415807724,0.84253782317752,0.5046232002122065,0.9995307326316833,0.8738179859660928,0.5067732646351772,0.9990454316139221,59.78221415607985,0
151,0.8433260406766625,0.3303348549774717,0.9993152618408203,0.8983196417490649,0.34727965508188546,0.998162567615509,0.842575913383848,0.504629024437496,0.9995096325874329,0.8738116480055316,0.5067870531763353,0.9990061521530151,59.78221415607985,0
152,0.8433463658605309,0.3302566692942667,0.9992856383323669,0.8982000010354185,0.3471902594679881,0.9981337785720825,0.8426025140853162,0.5046067266237172,0.999477207660675,0.8738024206388572,0.5067856482097085,0.9989549517631531,59.78221415607985,0
153,0.8433565724463696,0.330224163475491,0.9992857575416565,0.8981095921425599,0.3470985052131474,0.9981274604797363,0.8426121558461878,0.5045355955759688,0.9994774460792542,0.8738014272281109,0.5067479667209448,0.9989506602287292,59.78221415607985,0
154,0.8433541116260354,0.3302355891182312,0.9992758631706238,0.8980782628059394,0.3470317054362527,0.9981034994125366,0.8426177757126951,0.5044372848102028,0.9994730353355408,0.8737935338701528,0.506692176773435,0.9989404678344727,59.78221415607985,0
155,0.8433450772648773,0.33025691055116224,0.9992688298225403,0.8980608468963993,0.34697884463128614,0.9980890154838562,0.8425997864632386,0.5043114821116134,0.9994698166847229,0.8737769467490066,0.5066091191200986,0.9989325404167175,59.78221415607985,0
156,0.8433405217670266,0.3302579011235921,0.9992634654045105,0.8980582441602442,0.3469442171709881,0.9980869889259338,0.8425626300630122,0.5041962862014775,0.9994695782661438,0.8737560822850189,0.5065354648090549,0.998934268951416,59.78221415607985,0
157,0.8433393041292834,0.33029236679985435,0.9992749691009521,0.8980347514152534,0.3469128509362541,0.9981359839439392,0.8425309998648514,0.5041515713646303,0.9994869828224182,0.8737353171621056,0.5065122644106551,0.9989690184593201,59.78221415607985,0
158,0.8433446969304772,0.3303418826489224,0.9992786049842834,0.8979823929922929,0.34685370326042203,0.9981561899185181,0.8425280253092455,0.504164142268045,0.9994964003562927,0.8737298250198371,0.5065196411950251,0.9989850521087646,59.78221415607985,0
159,0.8433842942828231,0.3304673433303836,0.9992691278457642,0.8979101294562937,0.34676654423986186,0.9981644153594971,0.8426038651239312,0.5042155895914354,0.9994968771934509,0.8737442096074429,0.5065575639406844,0.9989845156669617,59.78221415607985,0
160,0.843447557517461,0.33062217349097867,0.9992697834968567,0.8978421177182886,0.3466873211520062,0.9981910586357117,0.8427590018226994,0.504288630826133,0.9995078444480896,0.8737664761997411,0.5066104701587136,0.9990034699440002,59.78221415607985,0
161,0.8435041677384156,0.33076428657486356,0.9992849826812744,0.8978005363827668,0.34664052015259184,0.9981975555419922,0.842920431068966,0.5043293067387176,0.9995251297950745,0.8737922395978662,0.5066510155087429,0.9990325570106506,59.78221415607985,0
162,0.8434782681011026,0.3308672209580742,0.9993005990982056,0.8978027956826353,0.34664757620720665,0.9982375502586365,0.8430404407637467,0.5043420223962697,0.9995452165603638,0.8738164617901764,0.5066847318694709,0.999068558216095,59.78221415607985,0
163,0.8433921706108827,0.33093689169202556,0.9993074536323547,0.8978122387613576,0.3466683569408601,0.9982461929321289,0.8431153496106473,0.5043223925999236,0.9995589256286621,0.8738383735929224,0.5067164670853391,0.9990933537483215,59.78221415607985,0
164,0.8432753313155408,0.330956802481697,0.9993162751197815,0.8978103739874711,0.34667910138766,0.998261570930481,0.8431374004908978,0.5042806069056197,0.9995697140693665,0.873864500295549,0.5067275251661032,0.9991133809089661,59.78221415607985,0
165,0.8431955575943,0.33098847951207866,0.999332070350647,0.8977766093753641,0.3466641533942453,0.9982800483703613,0.8431567890303482,0.5042218140193399,0.9995832443237305,0.8738896761621755,0.5067315385455181,0.9991369247436523,59.78221415607985,0
166,0.8431870341300971,0.3309937034334458,0.9993469715118408,0.8977224401065289,0.34663958918480675,0.9982910752296448,0.8431931336720792,0.5041697763261345,0.9995959997177124,0.8739055735724319,0.5067282319068913,0.9991565346717834,59.78221415607985,0
167,0.8432329694430041,0.3309751436823893,0.9993688464164734,0.897664876211258,0.34661239101773245,0.9983298182487488,0.843269708610717,0.5040967663129174,0.9996109008789062,0.8739218797002527,0.5067247464543301,0.9991826415061951,59.78221415607985,0
168,0.843258162339529,0.3309547219957627,0.9993839859962463,0.89761541570936,0.3465822693847478,0.9983473420143127,0.8433705199332471,0.5040416547230315,0.9996194839477539,0.873930474122366,0.506729588622139,0.9991945624351501,59.78221415607985,0
169,0.8432727370943349,0.33093623320261667,0.9994023442268372,0.8976091543833422,0.34656607537042555,0.9983566403388977,0.8434941428048277,0.5039670552526205,0.999629557132721,0.873949655464718,0.506720866475787,0.9992080926895142,59.78221415607985,0
170,0.843271264008114,0.3309310518559958,0.9994155168533325,0.8976153504280825,0.34657278515043743,0.9983444809913635,0.8436052487010055,0.5039147706258869,0.9996329545974731,0.8739848222051354,0.5067425881113329,0.9992045164108276,59.78221415607985,0
171,0.8432622069404245,0.3309382413114823,0.999435544013977,0.8976323803265897,0.3465782787118642,0.99833744764328,0.8436875002724791,0.5038812444323589,0.9996413588523865,0.8740263581275947,0.5067894373621263,0.999213457107544,59.78221415607985,0
172,0.8432661890983588,0.330950934262503,0.9994609951972961,0.8976292326336822,0.34658950141498046,0.998363196849823,0.8437534740992962,0.5038731864520486,0.9996548295021057,0.8740822899909253,0.5068452131180541,0.999238908290863,59.78221415607985,0
173,0.8432832615716124,0.3309654636042461,0.9994769096374512,0.8975935493196767,0.3465970428217028,0.998351514339447,0.8438212105206089,0.5038500087601802,0.9996642470359802,0.8741439864749008,0.5068820062137789,0.9992530941963196,59.78221415607985,0
174,0.8433010634921854,0.3309802895500549,0.9995003342628479,0.8975315803573253,0.3465927711554939,0.9983678460121155,0.8438641031583157,0.5038940651076185,0.9996758699417114,0.8741851363863271,0.5069718587966197,0.9992748498916626,59.78221415607985,0
175,0.8433035157975703,0.33099933039574425,0.9995234608650208,0.8974706303505677,0.346585510742097,0.9983839392662048,0.8438909820147931,0.5039697601681667,0.9996867775917053,0.8742154609589357,0.5070655771664214,0.9992956519126892,59.78221415607985,0
176,0.8432838888395408,0.3310198528426037,0.99954754114151,0.897417775222234,0.3465651401451659,0.9983857274055481,0.8438974704061242,0.5040563004357479,0.9996978640556335,0.8742423625219443,0.5071724965458828,0.9993158578872681,59.78221415607985,0
177,0.8432668021747052,0.33102739566848416,0.9995707869529724,0.8973898376737329,0.3465325775600617,0.9983649253845215,0.8438896252995451,0.5041155588059203,0.9997091293334961,0.8742581293696455,0.5072626329603653,0.9993359446525574,59.78221415607985,0
178,0.8433085055578329,0.3309772213300072,0.9995945692062378,0.89736579997199,0.34645626800400897,0.9983814358711243,0.8438968601680944,0.5040977739152459,0.9997251033782959,0.8742829646383021,0.5072969141460604,0.9993674755096436,59.78221415607985,0
179,0.8433884183565783,0.3308776546092263,0.9996198415756226,0.8973379106748679,0.3463547612939565,0.9983839988708496,0.8439098766871869,0.5040006637573247,0.9997387528419495,0.8742955809547794,0.5072623065539773,0.9993928670883179,59.78221415607985,0
180,0.8434911256744755,0.33075430279686363,0.9996400475502014,0.8973182837168383,0.34625782427333673,0.9983927011489868,0.8439171739986973,0.5039148614520123,0.9997478127479553,0.8742872107596631,0.5072266714913508,0.9994104504585266,59.78221415607985,0
181,0.8435673486618775,0.33063080623036367,0.9996553063392639,0.8973036834171848,0.34619068389847196,0.9984290599822998,0.8439172307650256,0.5038499747003832,0.9997559785842896,0.8742518197922486,0.5071807134719126,0.9994275569915771,59.78221415607985,0
182,0.8435278421356571,0.330546136413302,0.99967360496521,0.8973266851334352,0.34616097098305143,0.9984559416770935,0.84384101061594,0.5038183019274761,0.9997652769088745,0.8741905660856345,0.5071270295551848,0.9994444251060486,59.78221415607985,0
183,0.8434267554964345,0.33050954625720097,0.9996802806854248,0.8973810303778883,0.34616745937438265,0.9984859228134155,0.8437271685827352,0.5038152961503896,0.9997724890708923,0.8741014798482266,0.5071008148647493,0.9994591474533081,59.78221415607985,0
184,0.8433363891783221,0.3304779543763118,0.9996883273124695,0.8974538246790575,0.34616490772792297,0.9984949827194214,0.8435808647246594,0.5038242879368015,0.9997743964195251,0.8740001945268547,0.5071113223121284,0.9994597434997559,59.78221415607985,0
185,0.8431824161892852,0.3304620257445747,0.9996926784515381,0.8975412760462087,0.3461664475145797,0.9985084533691406,0.8434031662486856,0.5038270212355118,0.9997761249542236,0.8738993888809574,0.5071444483030414,0.9994629621505737,59.78221415607985,0
186,0.8429822297323325,0.33045952660696876,0.9996950030326843,0.8976204168228884,0.3461569022564664,0.9985047578811646,0.8431839148203539,0.5038777987162276,0.9997760653495789,0.8737971044722064,0.5071680460657396,0.9994620680809021,59.78221415607985,0
187,0.8427835163616006,0.33046527703603135,0.9996932148933411,0.897691366218386,0.3461457207089381,0.9984964728355408,0.8429602640015745,0.5039922481491457,0.9997703433036804,0.8737117335909896,0.5072274151302523,0.9994503259658813,59.78221415607985,0
188,0.8426055255390356,0.33046094434601947,0.9996828436851501,0.8977582738513046,0.34613594128972036,0.998507559299469,0.842736272584825,0.5041275421778365,0.9997544884681702,0.8736427312805546,0.5072927616891412,0.9994267821311951,59.78221415607985,0
189,0.8424968946547742,0.3304737196082163,0.9996698498725891,0.8978057106335966,0.34612192142577425,0.998485267162323,0.842532484304338,0.5042793750762944,0.9997400045394897,0.8735958706764955,0.5073607450439821,0.9994000792503357,59.78221415607985,0
190,0.8424866880689356,0.33050200059300405,0.9996436834335327,0.8978335374877574,0.3461119390669326,0.9984508752822876,0.8423452803066805,0.5044059753417973,0.9997164607048035,0.8735712681497854,0.5074166996138441,0.9993611574172974,59.78221415607985,0
191,0.842479722840446,0.33050428401856224,0.9996142387390137,0.8978465114321035,0.3460942450023836,0.9983579516410828,0.8421885967254645,0.5044821216946561,0.9996851086616516,0.8735621202559705,0.5074359973271692,0.9992989301681519,59.78221415607985,0
192,0.8425078221729831,0.3304821579229267,0.9995940923690796,0.8978446296283183,0.34606350887389437,0.9983036518096924,0.8420593653406423,0.5045492507162552,0.9996732473373413,0.8735486297380364,0.507428728398823,0.9992741942405701,59.78221415607985,0
193,0.8425556847027376,0.3304562270641329,0.9995697736740112,0.8978523384957093,0.34603413939476035,0.998262882232666,0.8419728903543389,0.5046037009784158,0.9996576905250549,0.8735373445919589,0.5074234945433485,0.9992440938949585,59.78221415607985,0
194,0.8427141933214104,0.3303876107647308,0.9995462894439697,0.8978602772667302,0.3460131216616861,0.9982101321220398,0.8419292824608946,0.5046313774018064,0.9996388554573059,0.8735136900629323,0.507462546938942,0.9992105960845947,59.78221415607985,0
195,0.8429172436396288,0.330328573783239,0.9995241165161133,0.8978648270879479,0.34599813251268324,0.9981889128684998,0.8419452110926318,0.504651180335454,0.9996289610862732,0.8735185520989561,0.5075233976046248,0.9991931319236755,59.78221415607985,0
196,0.8431113390695488,0.3302959146953767,0.9994955062866211,0.8978747924168912,0.3459989513669698,0.998161256313324,0.8419998146238787,0.5046618864649822,0.9996111392974854,0.8735408413977858,0.5075929448718121,0.999165952205658,59.78221415607985,0
197,0.8432226578394579,0.330271212827592,0.9994708895683289,0.8978915072622761,0.3460027745791847,0.9981172680854797,0.8420825714156748,0.5046365175928392,0.9995986223220825,0.8735794737225494,0.507635022912707,0.9991416335105896,59.78221415607985,0
198,0.8433186638922925,0.3302628554048995,0.999446451663971,0.8979155534789683,0.3460056341829757,0.9980712532997131,0.8421971769559957,0.5045517086982731,0.9995839595794678,0.8736267714273369,0.5076507188024979,0.9991165399551392,59.78221415607985,0
199,0.8433552895273488,0.3302303070113775,0.9994279146194458,0.8979348341623948,0.34595741544451064,0.9980441331863403,0.8423025551296424,0.504378579911732,0.9995750784873962,0.8736667292458677,0.5075973925136388,0.999099612236023,59.78221415607985,0
200,0.8434278709547867,0.33016436440604097,0.9994039535522461,0.8979360801833023,0.345873574415843,0.997989296913147,0.8423699112165548,0.5041285185586842,0.9995545148849487,0.8736916439873839,0.5075425789469769,0.999062716960907,59.78221415607985,0
201,0.8434764459019622,0.3300952797844299,0.9994056820869446,0.8979195980798638,0.3457511180923101,0.9980127811431885,0.8424166043599454,0.503827341965267,0.9995443224906921,0.8737218521890193,0.5074777915364224,0.9990476369857788,59.78221415607985,0
202,0.8434700114386429,0.33004126520383953,0.9993982911109924,0.897901770614443,0.3456288263911295,0.9980126023292542,0.8424110639662976,0.5035778340839208,0.999523937702179,0.8737409824416758,0.5074292818705245,0.9990188479423523,59.78221415607985,0
203,0.8434246154058554,0.3299940200079058,0.9993919134140015,0.8978946776617148,0.3455408981868202,0.9980139136314392,0.8423627643358147,0.5033834434690934,0.9995114803314209,0.8737539620626547,0.5073919182731996,0.9989996552467346,59.78221415607985,0
204,0.8433179259300239,0.330040792624156,0.9993929862976074,0.8979049864269446,0.3455130926200325,0.9980185627937317,0.8422933618227647,0.5032496367182054,0.9995060563087463,0.8737564824876338,0.5073691152390983,0.9989908337593079,59.78221415607985,0
205,0.8431726694107062,0.3301299711068474,0.9993905425071716,0.8979257118134278,0.345506249439149,0.9980174899101257,0.8422394990921027,0.5033148356846405,0.999505877494812,0.8737489212126965,0.5074019432067876,0.9989930391311646,59.78221415607985,0
206,0.8430460379237227,0.33029142305964543,0.9993909001350403,0.8979401418140964,0.3455225697585518,0.9979726672172546,0.8422205391384313,0.5035185019175216,0.9995158314704895,0.8737383428074073,0.5074765710603627,0.9990033507347107,59.78221415607985,0
207,0.8429355053674614,0.33046344064530897,0.9993833303451538,0.897949968065535,0.3455375390393396,0.9979530572891235,0.8422043209984196,0.5037539062045874,0.9995139241218567,0.8737207026708701,0.5075579058556334,0.9989997744560242,59.78221415607985,0
208,0.8428749243418383,0.33061465762910414,0.9993828535079956,0.8979643327849258,0.3455505371093753,0.9979532361030579,0.8422015309333808,0.5039427904855641,0.9995115995407104,0.873706792082106,0.5076193695976625,0.9989980459213257,59.78221415607985,0
209,0.8428935692423873,0.33068056191716905,0.9993885159492493,0.8979881916727346,0.34554754552387085,0.9979694485664368,0.8422258042153865,0.50397573198591,0.9995051026344299,0.8737306197484341,0.5076283159710115,0.9989959597587585,59.78221415607985,0
210,0.8428893940789366,0.3307227577481954,0.9993911385536194,0.8980437148185011,0.345567991336187,0.9979438185691833,0.8422443866729743,0.5038675864537561,0.9995040893554688,0.8737792117255082,0.507585309800648,0.9989963173866272,59.78221415607985,0
211,0.8428954084714261,0.3307403808548339,0.9994048476219177,0.8981111333483749,0.34565628284499783,0.9979627132415771,0.8422685606139053,0.503802495343345,0.9995102882385254,0.873831076281412,0.5075811062540331,0.9990072250366211,59.78221415607985,0
212,0.8429053340639394,0.33077134972526934,0.9993939995765686,0.8981670708883384,0.3457953560919992,0.9979627728462219,0.8423284320604241,0.5037964014779958,0.9995133280754089,0.8738808234532682,0.5076163212458297,0.9990190267562866,59.78221415607985,0
213,0.8429961488360458,0.33078667805308415,0.9993839859962463,0.8981989167985469,0.3459668485891254,0.9979731440544128,0.8423833761896413,0.5038391635531475,0.9995152354240417,0.8739035640444082,0.5076829478854229,0.9990319013595581,59.78221415607985,0
214,0.8431215030806412,0.33080808179719134,0.9993758797645569,0.8982146325565528,0.34612692679677715,0.9979678392410278,0.8424667205129357,0.5038782414935887,0.9995182156562805,0.8739158766610289,0.5077427114759177,0.9990415573120117,59.78221415607985,0
215,0.843252619107565,0.3308192349615554,0.9993711709976196,0.8982152314413169,0.34622893588883563,0.9979692101478577,0.8425835200718479,0.5038780995777679,0.9995162487030029,0.8739420260701868,0.507773407867977,0.9990456104278564,59.78221415607985,0
216,0.8433407545089728,0.3308195131165643,0.9993701577186584,0.8982228920573287,0.3462909814857304,0.9980031251907349,0.8427294322422579,0.5038503550347831,0.9995208382606506,0.8739701254027237,0.5077715487707233,0.9990614056587219,59.78221415607985,0
217,0.8433814644813544,0.3308105057194122,0.9993712306022644,0.8982431831814001,0.34636596696717425,0.9980400800704956,0.8428777938797367,0.503815142881303,0.9995254874229431,0.8740019883428308,0.5077625853674756,0.9990742802619934,59.78221415607985,0
218,0.843366810253689,0.3307688222044993,0.999375581741333,0.8982682284854714,0.3464536964893344,0.9980841875076294,0.8430413178035197,0.5038018737520494,0.999529242515564,0.8740354322251827,0.5077624548049204,0.9990862011909485,59.78221415607985,0
219,0.843365132808686,0.33071971081552076,0.9993737936019897,0.8982926067851846,0.34657831986745224,0.9981139302253723,0.8431460176195424,0.5037726249013632,0.9995325207710266,0.8740537336894452,0.5077737995556427,0.9990954399108887,59.78221415607985,0
220,0.8433489969798504,0.33065391722179627,0.9993782043457031,0.8983128950709396,0.34671915570894907,0.998160183429718,0.8432112023943954,0.5036826105344867,0.9995399713516235,0.8740606762114033,0.5077611860774817,0.9991123676300049,59.78221415607985,0
221,0.8433380155336296,0.3305845799900239,0.9993894696235657,0.8983399953160975,0.3468238200460164,0.9981797933578491,0.8432406414122815,0.5034612161772596,0.9995501637458801,0.8740658249173852,0.5076845004445034,0.9991288781166077,59.78221415607985,0
222,0.8433231058574866,0.33050902116866365,0.999393105506897,0.8984119863737203,0.3469124024822601,0.9981914758682251,0.8432487845420844,0.5031500543866843,0.9995529055595398,0.874073539461409,0.5075528848738902,0.9991370439529419,59.78221415607985,0
223,0.8433183374859045,0.33043661145936903,0.999392569065094,0.8985321294693728,0.3470073526813874,0.9982087016105652,0.8432399658929741,0.5028649256342936,0.9995607137680054,0.8740871633802149,0.5074245503970559,0.9991503357887268,59.78221415607985,0
224,0.8432935277620958,0.33034377012934035,0.9993863701820374,0.8986746470133471,0.3471004324299951,0.9982141256332397,0.843234451044174,0.5026804889951437,0.9995629787445068,0.8740931096531104,0.507341359342848,0.9991581439971924,59.78221415607985,0
225,0.8432348626000548,0.330277475572768,0.9993871450424194,0.8988130404835664,0.34719333052635215,0.998244047164917,0.8432274176960907,0.5025758345921838,0.9995633959770203,0.8741162021954862,0.5073019322894872,0.9991683959960938,59.78221415607985,0
226,0.8431889187721986,0.3302028846173062,0.9993858933448792,0.8989257244836724,0.3472946868056346,0.9982607364654541,0.8432315446081622,0.5025246682621188,0.9995622038841248,0.8741402313822799,0.5072922479538694,0.9991735816001892,59.78221415607985,0
227,0.8431019726253698,0.3301433807327636,0.9993874430656433,0.899029385475886,0.3473816315333051,0.9982831478118896,0.8432319873855234,0.5024522117206033,0.9995679259300232,0.874178276175545,0.507263473102025,0.9991878271102905,59.78221415607985,0
228,0.8430105050404874,0.33008761207262705,0.9993893504142761,0.899147067751204,0.34748970043091576,0.9983025193214417,0.8432513191586455,0.5023593760672074,0.9995690584182739,0.8742274159476877,0.507216709000724,0.999195396900177,59.78221415607985,0
229,0.8429394023759031,0.33004780752318275,0.9994015097618103,0.8992544554528743,0.34764779749370783,0.998325765132904,0.8432873373939884,0.5022971857161753,0.9995798468589783,0.8742798737117229,0.5071869833128797,0.9992137551307678,59.78221415607985,0
230,0.8428771580968591,0.33001240945997723,0.9994011521339417,0.8993469590232492,0.3478023651100343,0.9983373880386353,0.8433495845113488,0.502265864894504,0.9995858669281006,0.8743712533087964,0.5071644584337874,0.9992274641990662,59.78221415607985,0
231,0.8428258129528599,0.3299900931971416,0.9994114637374878,0.899406864529565,0.34790802569616436,0.9983566403388977,0.8434140653837302,0.5022550026575728,0.9995954632759094,0.8745097489584067,0.5071391520046056,0.9992431402206421,59.78221415607985,0
232,0.8428147946085256,0.3299535683223182,0.9994262456893921,0.8994383925483348,0.3479712875116442,0.9983720183372498,0.8434741326740817,0.5022482247579669,0.9996119141578674,0.8746584966069183,0.5071130593617761,0.999268114566803,59.78221415607985,0
233,0.8427476059822816,0.32991703493254554,0.9994467496871948,0.8994570317722509,0.347990691661835,0.9983906149864197,0.8434815037818189,0.502218067646027,0.9996286034584045,0.8747857213020331,0.507078695864905,0.9992907047271729,59.78221415607985,0
234,0.8426128739402414,0.32990106656437856,0.9994631409645081,0.8994708032835105,0.3479849866458351,0.9983966946601868,0.8434323753629419,0.5022566857792087,0.9996417760848999,0.8748453004019607,0.5070706747827081,0.9993076920509338,59.78221415607985,0
235,0.8424180121648885,0.329897890488307,0.9994844198226929,0.8994844130107341,0.34798722465833054,0.9984143376350403,0.8433201171102984,0.5023446196601509,0.9996526837348938,0.8748393768355966,0.5070886782237466,0.9993168711662292,59.78221415607985,0
236,0.842216298693703,0.32990914867037846,0.9995037913322449,0.8995134802091698,0.3479898188795365,0.9984326958656311,0.8431859215100613,0.5024716399964837,0.9996602535247803,0.8748117373103194,0.5071168570291432,0.9993244409561157,59.78221415607985,0
237,0.842040507566362,0.3299387409573512,0.9995240569114685,0.8995430441129783,0.3479882322606589,0.9984464645385742,0.8430588103476032,0.5026070078214013,0.9996697306632996,0.8747814155760273,0.5071521685236979,0.9993338584899902,59.78221415607985,0
238,0.8419377236139214,0.3299797021207358,0.9995384812355042,0.89956534760339,0.34797677397727994,0.9984607696533203,0.8429803081921174,0.5026871902602064,0.9996734857559204,0.8747477162451978,0.507146293208713,0.9993341565132141,59.78221415607985,0
239,0.8418965509959636,0.33003941745985144,0.9995502233505249,0.8995768512998316,0.34795758270082044,0.998467743396759,0.8429289091201062,0.5027021453494122,0.9996769428253174,0.8747057914733893,0.5071005509013226,0.9993323683738708,59.78221415607985,0
240,0.8418773781685609,0.33013456492196974,0.9995661973953247,0.8995834078107569,0.3479367778414775,0.9984713792800903,0.8428674652462921,0.5027408486320863,0.9996792078018188,0.8746392074085424,0.5070415508179442,0.9993317127227783,59.78221415607985,0
241,0.8419035332543516,0.3302267846607029,0.9995805025100708,0.8995841457730255,0.34791372219721506,0.9984869956970215,0.8428102987153197,0.5027606714339488,0.9996803998947144,0.874556930292221,0.5069721199217301,0.9993301630020142,59.78221415607985,0
242,0.841981095927103,0.3303022569134124,0.9995847940444946,0.8995890674136942,0.34789920420873766,0.9984657168388367,0.8427511595544368,0.5027937917482289,0.9996709823608398,0.8744724250975117,0.506922148522877,0.9993104338645935,59.78221415607985,0
243,0.8420995360329044,0.330355763435364,0.9995808601379395,0.8995940401440582,0.34789230993815856,0.9984170198440552,0.8427069102014821,0.5028211048671182,0.9996585845947266,0.874409667083196,0.5068994192850026,0.9992877244949341,59.78221415607985,0
244,0.8422328063419895,0.3303809861342115,0.9995764493942261,0.8995980223019926,0.3478875969137467,0.9983660578727722,0.8426800909496497,0.5028387364887059,0.999638557434082,0.8743600447972621,0.5068843307949251,0.9992507100105286,59.78221415607985,0
245,0.8423343527884717,0.3304014972278052,0.9995778799057007,0.8996017206282849,0.3478819302150184,0.9983211159706116,0.8426461986133038,0.5028674999872847,0.9996300935745239,0.8743087166831613,0.5068838198979699,0.9992321133613586,59.78221415607985,0
246,0.8423858937763039,0.3304269753751303,0.9995777010917664,0.899602813380106,0.34786764922596186,0.9982831478118896,0.8426014014652804,0.5029003534998217,0.9996182322502136,0.8742321871575862,0.5068955449830922,0.9992089867591858,59.78221415607985,0
247,0.8424081830751335,0.3304465370518823,0.9995791912078857,0.8995962057794851,0.3478419979413353,0.998252272605896,0.8425650993982958,0.5029000242551172,0.9996122121810913,0.8741402540888112,0.5068958515212654,0.9991979598999023,59.78221415607985,0
248,0.8424233396848051,0.330463284537906,0.9995768666267395,0.8995839215460284,0.3478120380923864,0.9982429146766663,0.8425430428414125,0.5028724216279533,0.999601423740387,0.8740582352592838,0.5068626801172896,0.9991868734359741,59.78221415607985,0
249,0.8424565082504643,0.3304593946252553,0.9995841979980469,0.8995682568777182,0.3477762653714137,0.998242199420929,0.8425407523200632,0.5027886629104619,0.9996015429496765,0.8740030867712845,0.5067812857173742,0.9991903901100159,59.78221415607985,0
250,0.8425276648430604,0.3304142412685216,0.9995877146720886,0.899557278269814,0.3477481092725484,0.9982358813285828,0.8425612137431198,0.5026661271140693,0.9995976686477661,0.8739836386271893,0.5066330262592864,0.9991877675056458,59.78221415607985,0
251,0.8426084887413758,0.33034517793428353,0.9995943903923035,0.899555146694184,0.34772983193397544,0.9982466697692871,0.8425848909786777,0.5025233626365666,0.9995986819267273,0.8739876321383891,0.5064618615877065,0.9991933107376099,59.78221415607985,0
252,0.8426941633224494,0.33026891521045165,0.999599814414978,0.8995574287005841,0.3477218803905308,0.9982380270957947,0.84261722507931,0.5024069519270038,0.9995977878570557,0.8739921620913922,0.5063285430272424,0.999191164970398,59.78221415607985,0
253,0.8427483552978159,0.33021691157704336,0.9996013045310974,0.8995609510512586,0.3477196168331876,0.9982510805130005,0.842643476667859,0.5023127169836139,0.9995991587638855,0.8739987810452786,0.5062393404188614,0.9991955161094666,59.78221415607985,0
254,0.8427846346582692,0.33019434838067946,0.9996006488800049,0.8995580162320825,0.34771199453444734,0.998240053653717,0.8426686667260677,0.50220571245466,0.9995980858802795,0.8740051331974219,0.5061728358268742,0.9991938471794128,59.78221415607985,0
255,0.8428428911027461,0.3301717780885245,0.9996016621589661,0.8995487264224468,0.3476953591619222,0.9982198476791382,0.8426876891227002,0.502078419639951,0.999599039554596,0.8740109858058756,0.5061198728425166,0.9991940259933472,59.78221415607985,0
256,0.8429662301426848,0.3301195928028654,0.9996002912521362,0.8995373674801426,0.3476694765545076,0.9982144832611084,0.8427041286513925,0.5019630335626153,0.9995980858802795,0.8740110482488366,0.5060798100062783,0.999193549156189,59.78221415607985,0
257,0.8431125964437219,0.3300536856764842,0.9995995759963989,0.8995291505541128,0.347642711230687,0.9982113838195801,0.842712825252897,0.5018799475261146,0.9995982050895691,0.8740076820055651,0.5061062404087615,0.9991950392723083,59.78221415607985,0
258,0.84327766157332,0.3299892729236969,0.9995975494384766,0.8995189127467935,0.34762097114608426,0.9982150197029114,0.8427196428889326,0.5018506617773151,0.9995967745780945,0.8740007338069741,0.5062176897412258,0.9991943836212158,59.78221415607985,0
259,0.8434276183446255,0.32994882691474214,0.9995959401130676,0.8995058508146384,0.3476027420588905,0.9982266426086426,0.8427219362485983,0.5018691505704611,0.9995949268341064,0.8739907798312967,0.5063726646559583,0.9991967082023621,59.78221415607985,0
260,0.8435638915924806,0.3299211462338768,0.9995927214622498,0.8994919231959758,0.3475862528596608,0.998236894607544,0.8427298097383416,0.5018766125043237,0.9995918273925781,0.8739802440007536,0.506502659547897,0.9991954565048218,59.78221415607985,0
261,0.8436923452786044,0.32989784223692786,0.999589204788208,0.8994782964388537,0.3475792039008371,0.9982330203056335,0.842733610244025,0.5018914654141384,0.9995874762535095,0.873972049781255,0.5065929265249347,0.9991905689239502,59.78221415607985,0
262,0.8438127693675821,0.32987182480948335,0.9995878338813782,0.8994678485961194,0.3475726601623357,0.9982201457023621,0.8427307350294937,0.5019215033167888,0.9995837807655334,0.8739640939803357,0.506643701167334,0.9991827607154846,59.78221415607985,0
263,0.8438893783660169,0.32984506941977026,0.999591052532196,0.8994681494576597,0.3475693847451894,0.9982146620750427,0.8427185955501744,0.5017890873409456,0.9995865225791931,0.8739587068557746,0.506531763644446,0.9991848468780518,59.78221415607985,0
264,0.8439426166670669,0.329817966336296,0.99959397315979,0.8994646838733136,0.34756222793034175,0.998202383518219,0.842703316892897,0.5013692847320016,0.9995903968811035,0.8739579944383538,0.506217391718002,0.9991855621337891,59.78221415607985,0
265,0.8439894715944933,0.32977671992211144,0.9996012449264526,0.8994497741971704,0.347549915313721,0.998176097869873,0.8426794466518228,0.500691494771413,0.9995954036712646,0.8739530841509509,0.5057325788906646,0.9991870522499084,59.78221415607985,0
266,0.8440625383740387,0.329708026988166,0.999609112739563,0.8994303714661378,0.347566617386682,0.9981711506843567,0.8426545801616857,0.49999159006845423,0.9996092915534973,0.8739224331719542,0.5052752296129865,0.9992091059684753,59.78221415607985,0
267,0.8441456102189571,0.32963388306754005,0.9996165633201599,0.8994025673185083,0.34759789847192335,0.9981817603111267,0.8426319332349875,0.49949452422914087,0.9996234774589539,0.8738757996332085,0.5050125774883093,0.9992380738258362,59.78221415607985,0
268,0.8442174394925441,0.32956374401137967,0.9996139407157898,0.8993768805549265,0.3476346589270095,0.9981727600097656,0.842615119048528,0.49932638946033703,0.999624490737915,0.8738265775498897,0.5050115443411332,0.9992473125457764,59.78221415607985,0
269,0.8442836432229912,0.3295044402281446,0.99959796667099,0.8993612158866162,0.3476666311422987,0.9981406927108765,0.8426161834171848,0.49934143253735175,0.9996158480644226,0.8737896084785469,0.5051246200289049,0.9992430210113525,59.78221415607985,0
270,0.8443457512628472,0.3294701306592853,0.9995825290679932,0.8993511256717508,0.3476827087856477,0.9981076121330261,0.8426598168554766,0.49942182643072985,0.9996079206466675,0.8737701461428695,0.5052589405150645,0.9992373585700989,59.78221415607985,0
271,0.8443926828248167,0.3294518689314527,0.9995620250701904,0.8993323189871659,0.34766779201371356,0.9980587363243103,0.8427325998033803,0.4994708328020009,0.9996001124382019,0.8737850842021767,0.5053337386676248,0.9992334246635437,59.78221415607985,0
272,0.8444384137789415,0.3294286373115724,0.9995421767234802,0.8993109010514767,0.34765692268099135,0.9980006814002991,0.842833232311976,0.4995292410964062,0.9995868802070618,0.8738170067469286,0.5053919440224062,0.9992192983627319,59.78221415607985,0
273,0.8444595194998249,0.3294172797884263,0.9995269179344177,0.8992858018193934,0.3476416369279228,0.9979286193847656,0.8429253129732048,0.4995829945518861,0.999580442905426,0.8738575918333877,0.5054279054914206,0.9992087483406067,59.78221415607985,0
274,0.8444874144735797,0.32936471984500004,0.9995192885398865,0.8992665041060681,0.34762744534583345,0.9978911876678467,0.843006108488356,0.49961476950418426,0.9995787739753723,0.8738961333320261,0.5054455513045906,0.9992062449455261,59.78221415607985,0
275,0.8445648692903072,0.32926674116225496,0.9995136260986328,0.8992549067451847,0.3476226585251947,0.9978591799736023,0.8430748922484268,0.4996168854690738,0.9995791912078857,0.873920040471214,0.5054462693986442,0.9992068409919739,59.78221415607985,0
276,0.8446890058971595,0.3291465413002743,0.9995067119598389,0.8992608416648146,0.3476285920256663,0.9978184103965759,0.8431273159526651,0.49962578926767665,0.9995704889297485,0.8739183176131482,0.5054522383780711,0.9991953372955322,59.78221415607985,0
277,0.8448443668229246,0.3290125472205029,0.999503493309021,0.8992709716161099,0.3476265654677439,0.99782395362854,0.8431807926722943,0.49963341724304966,0.9995685815811157,0.8739128765605751,0.5054595839409606,0.9991946816444397,59.78221415607985,0
278,0.8449820251691915,0.3289019408680146,0.9995003342628479,0.8992799321810412,0.34762141534260366,0.9978009462356567,0.8432302616891414,0.4996443291505182,0.9995573163032532,0.8739159476189393,0.5054651612327217,0.9991762638092041,59.78221415607985,0
279,0.8451283716020137,0.3288220961888634,0.9994956851005554,0.8992867441404441,0.34761075604529634,0.9977849721908569,0.84328556912286,0.4996423494248168,0.9995477199554443,0.8739241446767542,0.505463336195265,0.9991641044616699,59.78221415607985,0
280,0.8453170089494622,0.3287215729554497,0.9994917511940002,0.8993009101776857,0.347612703130359,0.9977832436561584,0.8433795628093546,0.49965222534679277,0.9995496869087219,0.8739498058954882,0.5054702020826798,0.99916672706604,59.78221415607985,0
281,0.845566474256062,0.3286180297533674,0.9994757771492004,0.8993367325691958,0.3476313267435349,0.9977444410324097,0.8435105056989768,0.49969985655375926,0.9995408058166504,0.8739934592019951,0.5055053631464644,0.9991491436958313,59.78221415607985,0
282,0.8459019263585417,0.32843206184250995,0.9994544982910156,0.89938771724701,0.3476625056493853,0.997731626033783,0.8436940965198341,0.4997536909012572,0.9995320439338684,0.8740506739843465,0.5055482983589177,0.9991375803947449,59.78221415607985,0
283,0.8462898163568413,0.3281611715044297,0.9994325637817383,0.8994344160670333,0.34770250888097876,0.9977092742919922,0.8439163423719866,0.49983273943265316,0.9995192885398865,0.8741110790343518,0.5056222677230839,0.9991174936294556,59.78221415607985,0
284,0.8466280301411953,0.32790648085730445,0.9994203448295593,0.8994613885879523,0.3477580235117961,0.9977092742919922,0.8441326589811422,0.49993290219988185,0.999517023563385,0.8741617202758796,0.5057077294304262,0.9991130232810974,59.78221415607985,0
285,0.8469139422689171,0.32768224108786836,0.9994127154350281,0.8994628616741733,0.34780546313240446,0.9977288842201233,0.8443305464017965,0.49999594688415566,0.9995191097259521,0.8741978520438791,0.5057617993581867,0.9991157650947571,59.78221415607985,0
286,0.8471100500651776,0.32752252902303447,0.9994098544120789,0.8994580223446808,0.3478528729506904,0.9977680444717407,0.8445071350960511,0.5000565733228415,0.9995249509811401,0.8742410313515443,0.5058001137915116,0.9991275072097778,59.78221415607985,0
287,0.8472083267711464,0.327465389456068,0.9994085431098938,0.8994608862059463,0.34788368997119745,0.9978079199790955,0.8446369653656376,0.5001063517161781,0.9995285868644714,0.8742890670186004,0.5058200472877143,0.9991364479064941,59.78221415607985,0
288,0.8472581931522921,0.32742795490083265,0.9994046092033386,0.8994633299963822,0.3479012818563555,0.9978225827217102,0.844741466499511,0.5001326629093719,0.9995256066322327,0.8743414339565103,0.5058074224562876,0.9991317987442017,59.78221415607985,0
289,0.8472739713532591,0.32740341765540015,0.9993951916694641,0.8994910802159998,0.3479250484988806,0.9977965950965881,0.8448061488923579,0.5001551338604522,0.9995113611221313,0.874392781938826,0.5057962394896012,0.999104380607605,59.78221415607985,0
290,0.8472635518936891,0.3274081207457046,0.9993753433227539,0.8995272801035934,0.3479579062688921,0.9977568984031677,0.8448353324617666,0.5002205258324037,0.9994779229164124,0.8744196607953034,0.5058078567186995,0.9990494847297668,59.78221415607985,0
291,0.8472409617333192,0.327432100261961,0.9993630647659302,0.8995749382745659,0.34800632794698105,0.9977378845214844,0.844838148071653,0.5003218366986233,0.9994592666625977,0.8744265408743002,0.5058263057754158,0.9990186095237732,59.78221415607985,0
292,0.8472176392873135,0.32747081064042616,0.9993505477905273,0.8996595002356037,0.3481183321703051,0.9977248311042786,0.8448424793425067,0.5004720375651409,0.9994316101074219,0.8744282410258346,0.5058891233943761,0.9989787340164185,59.78221415607985,0
293,0.8471882002694273,0.32753104822976276,0.9993485808372498,0.8997822120076142,0.348247853063402,0.9977267384529114,0.8448408387956172,0.5006292292049956,0.9994217753410339,0.8744231462478644,0.5059908685230078,0.9989613890647888,59.78221415607985,0
294,0.8471534365699411,0.32761280309586327,0.9993559718132019,0.8999068623497379,0.3483665486176811,0.9977575540542603,0.8448467424937665,0.5007616764023195,0.9994163513183594,0.8744240119343719,0.5060957840510781,0.9989532232284546,59.78221415607985,0
295,0.8471159253801626,0.32770756596610684,0.9993686079978943,0.900035670825414,0.34845116166841444,0.9978035688400269,0.8448603692508886,0.5008202337083366,0.9994183778762817,0.8744344399088912,0.5061717317217876,0.9989608526229858,59.78221415607985,0
296,0.8470916237149926,0.3278156873725712,0.9993814826011658,0.9001203661873234,0.3484779837585634,0.9978465437889099,0.8448782392910555,0.5008549406414944,0.9994164705276489,0.8744452169963299,0.506250932103112,0.9989606738090515,59.78221415607985,0
297,0.8470713013694406,0.3279319575854713,0.9993876218795776,0.9001607752981647,0.3484586931410293,0.9978705644607544,0.8448944545927509,0.5008832642010285,0.9994009733200073,0.8744562239873983,0.5063080872808188,0.9989421367645264,59.78221415607985,0
298,0.8470586311249513,0.3280278330757507,0.9993974566459656,0.9001714729127437,0.3484307598500027,0.9979077577590942,0.8449097644715089,0.500926670574007,0.9994009137153625,0.874464012327649,0.5063760252225971,0.9989431500434875,59.78221415607985,0
299,0.8470480214981813,0.3280937586511887,0.999406099319458,0.9001674056053169,0.3483870228131615,0.9979320168495178,0.8449161166236521,0.5009834482556301,0.9994004964828491,0.8744638987949923,0.5064576495261424,0.9989430904388428,59.78221415607985,0
300,0.8470222637766891,0.3281290857564838,0.9994089007377625,0.9001422041938426,0.34834429195949035,0.9979588389396667,0.8449338106882012,0.5010399080458146,0.9993993639945984,0.8744625250498461,0.5065166410945715,0.9989455938339233,59.78221415607985,0
301,0.8469842104684746,0.3281416822047464,0.9994163513183594,0.9001301896004457,0.34834087746483966,0.9979690909385681,0.8449641125542784,0.501071569465456,0.9994073510169983,0.874470077809834,0.5065447971934368,0.9989581108093262,59.78221415607985,0
302,0.8469386412983856,0.3281531717096059,0.999426543712616,0.9001160178865713,0.3483740062940691,0.9979954957962036,0.8449963700203675,0.5011113200868883,0.9994205832481384,0.8744795890081504,0.5065817605881469,0.9989806413650513,59.78221415607985,0
303,0.846889998231616,0.32816614849226844,0.9994349479675293,0.9001130234627504,0.3484247497149879,0.9980068802833557,0.8450295272327611,0.5011423343703865,0.9994264841079712,0.8744922081629443,0.5066098031543554,0.9989902973175049,59.78221415607985,0
304,0.8468557624589836,0.3281725077402027,0.9994309544563293,0.900119168417795,0.34846502684411573,0.9979857802391052,0.8450892936615724,0.5011529298055744,0.9994167685508728,0.8745145116533559,0.506620356014797,0.9989760518074036,59.78221415607985,0
305,0.8468424876530972,0.32817141356922364,0.999431848526001,0.9001264685676219,0.34847980453854543,0.9979678392410278,0.8451745992615116,0.5011191141037719,0.9994081258773804,0.8745553663798749,0.5065658972376873,0.9989574551582336,59.78221415607985,0
306,0.8468351647967391,0.32817152000608923,0.9994347095489502,0.9001403138751083,0.3484925329685214,0.9979501366615295,0.8452717292876477,0.5010721144222082,0.9994088411331177,0.874599681014107,0.5064672458739512,0.9989539980888367,59.78221415607985,0
307,0.8468508919080106,0.3281635414986386,0.9994431138038635,0.9001615388052812,0.3485240751788733,0.9979535341262817,0.8453723532812942,0.5009885912849794,0.99941086769104,0.8746435840924588,0.5063163609731769,0.9989504814147949,59.78221415607985,0
308,0.8468716627075565,0.32815203354472233,0.9994557499885559,0.900180467537472,0.3485674304621563,0.9979658722877502,0.8454477134205053,0.5008739658764434,0.9994231462478638,0.8746705424217958,0.506137916019985,0.998963475227356,59.78221415607985,0
309,0.8469495035353167,0.32808273321106346,0.9994702339172363,0.9002014455341165,0.3486040490014215,0.9979799389839172,0.8455048203468329,0.5006919361296158,0.9994381666183472,0.874678654330118,0.5059201547077727,0.9989822506904602,59.78221415607985,0
310,0.8470829271134883,0.3279693041528977,0.9994899034500122,0.9002339754785817,0.3486535549163821,0.9980128407478333,0.8455629973184502,0.5004834873335706,0.9994560480117798,0.8746758642650793,0.5057048315093635,0.9990071058273315,59.78221415607985,0
311,0.847236213229952,0.32783511422929335,0.9995095133781433,0.9002801946231304,0.34869394273985027,0.9980625510215759,0.8456418996765507,0.5002512108711973,0.9994744658470154,0.8746790914308464,0.5054910466784526,0.9990370869636536,59.78221415607985,0
312,0.847359478473664,0.32772180438041715,0.99952232837677,0.9003376818838581,0.34874230623245267,0.9980899691581726,0.8457196638697677,0.5000831584135695,0.9994894862174988,0.8746887019702374,0.5053572569574633,0.9990604519844055,59.78221415607985,0
313,0.8474387781960631,0.327635283981051,0.9995389580726624,0.9003987794830692,0.3488116448833832,0.9981235861778259,0.8457911638986504,0.4999584654966994,0.9995086789131165,0.8747072844278252,0.5052704867862524,0.9990910291671753,59.78221415607985,0
314,0.8474467056138182,0.32759657927921865,0.9995537400245667,0.9004632319722865,0.34888799701418227,0.9981423616409302,0.8458368267331812,0.49987830576442577,0.9995276927947998,0.874733780111586,0.5052248097601395,0.9991186857223511,59.78221415607985,0
315,0.8474525440306897,0.3275435197921029,0.9995673298835754,0.9005101947557366,0.3489390100751607,0.9981673359870911,0.8458611936796285,0.49982080147379965,0.9995460510253906,0.8747605142139261,0.5051888795126056,0.9991474151611328,59.78221415607985,0
316,0.8474719354084568,0.3274721971579963,0.9995784759521484,0.9005413452784228,0.3489806396620617,0.9981714487075806,0.8458704182079867,0.4997814538932986,0.9995640516281128,0.8747821081252332,0.5051575842357822,0.9991741180419922,59.78221415607985,0
317,0.847501456737519,0.3273907616024928,0.9995894432067871,0.9005585029011688,0.34899729632195997,0.9981927275657654,0.8458694815635688,0.49972917352403956,0.9995812177658081,0.8747870836939138,0.5051193095388871,0.9992007613182068,59.78221415607985,0
318,0.8475285910424739,0.32732342680295334,0.999600887298584,0.9005620451200583,0.34899523144676603,0.9982141852378845,0.8458353394553781,0.49969136573019524,0.9995996952056885,0.8747703518186304,0.5050985444159739,0.9992300271987915,59.78221415607985,0
319,0.8475473210925154,0.32727557562646437,0.9996102452278137,0.9005697511491328,0.3490009591692973,0.9982259273529053,0.8457752494584954,0.49966215377762246,0.9996141791343689,0.8747349580128994,0.5050776317006069,0.9992530941963196,59.78221415607985,0
320,0.8475460523650766,0.32725983006613624,0.9996145367622375,0.9005895200229833,0.3490137869403479,0.9982240796089172,0.8457044504937679,0.49966927795183136,0.9996181726455688,0.8746958658808761,0.5050705217179803,0.9992578029632568,59.78221415607985,0
321,0.847534392561232,0.3272636717274078,0.9996187090873718,0.9006221266019918,0.34902923873492675,0.9982227087020874,0.845631590911321,0.4997359996750246,0.999624490737915,0.8746619905744287,0.5050899897302904,0.9992660880088806,59.78221415607985,0
322,0.8475193551608502,0.3272712457747689,0.9996206164360046,0.9006776582627076,0.3490468675181982,0.9982114434242249,0.845576465129853,0.4998416517462053,0.9996307492256165,0.8746452132860827,0.5051233115650362,0.9992744326591492,59.78221415607985,0
323,0.8474947469575072,0.3272882884457,0.9996199607849121,0.9007354066485458,0.34905676188923096,0.9981929659843445,0.8455399899255669,0.49994737335613837,0.999632716178894,0.8746392130851752,0.5051593752134418,0.9992761611938477,59.78221415607985,0
324,0.847461016405197,0.32731870952106684,0.9996182918548584,0.9007790258952557,0.3490570925530936,0.9981706142425537,0.8455098044304628,0.5000324391183403,0.9996317625045776,0.8746265400023694,0.5051959923335488,0.9992728233337402,59.78221415607985,0
325,0.8474250719660811,0.327359892073132,0.9996198415756226,0.9008026208196375,0.34905068505378023,0.9981657266616821,0.8454893486840391,0.5000854574498681,0.999634861946106,0.874605990591504,0.5052202031725933,0.9992777109146118,59.78221415607985,0
326,0.8473685213497713,0.3274033850147613,0.9996159076690674,0.9008090723128552,0.3490464289983116,0.9981488585472107,0.8454787617638004,0.5001028378804528,0.9996325969696045,0.8745836785861432,0.505227264903841,0.9992748498916626,59.78221415607985,0
327,0.8473061975978676,0.32743722909972806,0.9996121525764465,0.9008059955778585,0.34904558459917734,0.9981314539909363,0.8454676355634423,0.5001034254119514,0.9996294975280762,0.8745644149326149,0.5052241995221096,0.9992703199386597,59.78221415607985,0
328,0.8472523462204713,0.3274569922969457,0.9996081590652466,0.9008074544724971,0.34904993999572054,0.998116135597229,0.8454568840208514,0.500112823077611,0.9996217489242554,0.8745534391630271,0.5052264503070291,0.9992601871490479,59.78221415607985,0
329,0.8472089455241256,0.3274680546351844,0.9996095299720764,0.9008078489984792,0.3490530891077862,0.9981182217597961,0.8454519879250306,0.5001001698630201,0.9996181726455688,0.8745535498573673,0.5052224795023604,0.9992560744285583,59.78221415607985,0
330,0.8471861765498214,0.3274655242760979,0.9996077418327332,0.9008086777868732,0.34905537111418616,0.9981067180633545,0.8454513095674068,0.5000792344411218,0.9996109008789062,0.8745451228959227,0.5052207992190411,0.9992454648017883,59.78221415607985,0
331,0.8471942487217138,0.3274515682742712,0.999607503414154,0.900820678188688,0.3490624981267114,0.9980868101119995,0.8454500692231322,0.5000548050517132,0.9996074438095093,0.8745304175785616,0.5052296803111126,0.9992385506629944,59.78221415607985,0
332,0.8471817941892722,0.32744999158950105,0.9996064901351929,0.900839893590837,0.34906569832847256,0.9980581998825073,0.8454328491574249,0.5000370428675701,0.9996058344841003,0.8745094594501321,0.5052613332158047,0.9992325305938721,59.78221415607985,0
333,0.8471455914633621,0.3274729592459545,0.9996077418327332,0.900856622627804,0.3490674140907472,0.9980362057685852,0.8453972424779626,0.5000237709000002,0.9996099472045898,0.8744876100903473,0.505312732287816,0.9992364048957825,59.78221415607985,0
334,0.8470921686717449,0.3275496505555655,0.9996125102043152,0.9008852896236246,0.3490927602563588,0.9980284571647644,0.8453506997653424,0.5000434688159402,0.9996193051338196,0.8744756834847593,0.5053927018528896,0.9992489814758301,59.78221415607985,0
335,0.8470233877499906,0.327689322687331,0.9996165633201599,0.9009189634096062,0.3491436257248836,0.9980199933052063,0.8452874904587162,0.5000907438141964,0.9996273517608643,0.8744771934690936,0.5054831022307991,0.9992592930793762,59.78221415607985,0
336,0.8469528044973107,0.3278799936884928,0.9996220469474792,0.9009475906689969,0.3492064121223635,0.9980069398880005,0.845222901730311,0.5001622551963447,0.999634325504303,0.8744818624996011,0.5055644029662727,0.9992680549621582,59.78221415607985,0
337,0.8469080499240338,0.3280794549556008,0.9996258616447449,0.9009760674976175,0.3492770720095864,0.99799644947052,0.8451731403668727,0.500236945492881,0.999642014503479,0.8745048557009023,0.5056235165823078,0.9992790222167969,59.78221415607985,0
338,0.8468731613386251,0.3282479700588047,0.9996330142021179,0.9009982773235874,0.34933436626479764,0.9980103373527527,0.8451392224856793,0.500291588760558,0.9996522068977356,0.8745389353661317,0.5056570314225701,0.999295711517334,59.78221415607985,0
339,0.8468467905407867,0.3283692995707197,0.9996361136436462,0.9010068121410559,0.34937535297303,0.9980006814002991,0.8451226694243301,0.5003412252380738,0.9996597170829773,0.8745788137118029,0.5056822158041459,0.9993062019348145,59.78221415607985,0
340,0.8468215437162497,0.32846345787956627,0.9996416568756104,0.9010196157864169,0.34941423081216383,0.9979947209358215,0.8451125054132378,0.5003912250200911,0.9996656775474548,0.8746209627106083,0.5057102555320381,0.9993124604225159,59.78221415607985,0
341,0.8467924538112829,0.3285309416907177,0.9996481537818909,0.9010323768570316,0.3494473695755008,0.9979962706565857,0.845093869027638,0.5004409721919473,0.9996748566627502,0.8746548891067512,0.5057397995676317,0.9993233680725098,59.78221415607985,0
342,0.8467533162661969,0.32859146311169607,0.9996569156646729,0.9010378037180227,0.34946598467372747,0.9980162382125854,0.8450678643726175,0.5004812053271706,0.9996862411499023,0.8746725093750733,0.5057667806035,0.9993391036987305,59.78221415607985,0
343,0.84671703974406,0.32863471621558804,0.9996667504310608,0.9010386268297839,0.34947313439278405,0.998039960861206,0.8450377044223611,0.5004966741516481,0.9996957778930664,0.8746861843835747,0.5057736691974462,0.9993526935577393,59.78221415607985,0
344,0.8466896499906273,0.3286510280200416,0.9996751546859741,0.9010390951519928,0.3494885975406286,0.9980559945106506,0.8450108681406301,0.5004718502362573,0.9997041821479797,0.8746932148933417,0.5057506504512972,0.9993644952774048,59.78221415607985,0
345,0.8466717061542337,0.32865773638089524,0.9996841549873352,0.9010372587612704,0.34951325541450895,0.9980875849723816,0.8449908040818721,0.5004708738554096,0.9997150897979736,0.8746970977102013,0.5057267319588439,0.9993821382522583,59.78221415607985,0
346,0.8466605998220905,0.32865917540731915,0.9996922612190247,0.90103414512816,0.34954533122834736,0.998110830783844,0.844974787462326,0.5004793405532841,0.9997230172157288,0.8746991895494014,0.5056966287749158,0.9993939995765686,59.78221415607985,0
347,0.8466603301820308,0.32865000622613116,0.9996959567070007,0.9010523500896642,0.34958200937225736,0.9981142282485962,0.8449628324735738,0.5004924989881974,0.9997257590293884,0.8747027204150252,0.5056733347120743,0.9993966221809387,59.78221415607985,0
348,0.8466605089959651,0.32863981383187457,0.99969881772995,0.9010805374100102,0.34960563977559433,0.99811190366745,0.8449447154998786,0.5005304870151343,0.999728262424469,0.8747047923860103,0.5056785714058654,0.9993972778320312,59.78221415607985,0
349,0.8466604351997382,0.3286270243780956,0.999703049659729,0.9011132490067262,0.34961251843543306,0.9981299638748169,0.8449153786613834,0.5005723152841844,0.999733030796051,0.8747074689183924,0.5056971850849337,0.9994030594825745,59.78221415607985,0
350,0.8466682348932546,0.32861628418877037,0.9997028708457947,0.9011387512797407,0.3496142327785495,0.9981385469436646,0.8448825904301241,0.500607964538393,0.9997326731681824,0.8747067877224521,0.5057279978479662,0.9994008541107178,59.78221415607985,0
351,0.8466769683928723,0.328641603390376,0.999704122543335,0.9011566071283257,0.34961217783746296,0.9981470704078674,0.8448386249088113,0.5006560825166252,0.9997330904006958,0.8747035719099506,0.505773850849697,0.9993995428085327,59.78221415607985,0
352,0.8466814387412305,0.3286988877114798,0.9997015595436096,0.9011636376380927,0.34960217419124817,0.9981458783149719,0.8447946792557133,0.500694694973174,0.9997286200523376,0.8746988092150014,0.5058118161701024,0.9993898868560791,59.78221415607985,0
353,0.8466649367695771,0.3287900331474488,0.9996996521949768,0.9011777951603851,0.34957295230456786,0.998119056224823,0.8447471743538273,0.5007199701808751,0.9997279047966003,0.874695607594082,0.5058396600541618,0.9993844628334045,59.78221415607985,0
354,0.8466245276587356,0.32890101557686235,0.9996994733810425,0.9011891768092207,0.3494945537476315,0.9981156587600708,0.8446987526757384,0.500722433839526,0.999726414680481,0.8746974695296521,0.5058389504750573,0.9993789196014404,59.78221415607985,0
355,0.8465673696427125,0.3290114118939357,0.9996991753578186,0.9011971354484565,0.3493638549532212,0.9981141090393066,0.8446564504078463,0.5006981577192038,0.9997251033782959,0.874704355285282,0.50581135068621,0.9993748068809509,59.78221415607985,0
356,0.8465122325079788,0.32910153837431066,0.999701201915741,0.9011973312922894,0.34918229636691894,0.9981377720832825,0.8446300029754645,0.5006713015692579,0.9997267723083496,0.8747123196011505,0.5057813440050402,0.99937903881073,59.78221415607985,0
357,0.8464594767207199,0.32917964742297245,0.9997003078460693,0.9011998659088506,0.34901158298764934,0.998130202293396,0.8446101631437035,0.5006484616370432,0.9997242093086243,0.8747215867042548,0.5057576554162165,0.9993724226951599,59.78221415607985,0
358,0.8464235095750725,0.32922538121541367,0.9996970891952515,0.9012004960150953,0.3488620093890602,0.9981083869934082,0.844598639579047,0.5006498722803029,0.9997177720069885,0.8747266644523264,0.5057492369697212,0.9993589520454407,59.78221415607985,0
359,0.8463880788712281,0.3292603961059028,0.9996954798698425,0.9011998573939013,0.3487612207730614,0.9980838298797607,0.8445919383139844,0.5006951349122188,0.9997125267982483,0.8747402401197533,0.5057767345791775,0.999345600605011,59.78221415607985,0
360,0.8463594203903568,0.3292997564588277,0.9996883273124695,0.9011994458380206,0.34869650148210096,0.998047411441803,0.8445947851453516,0.5007456427528749,0.9997043013572693,0.8747657140096036,0.5058086628005622,0.9993296265602112,59.78221415607985,0
361,0.8463414879072286,0.3293526882217047,0.999680757522583,0.9012075549080265,0.34866273545083576,0.9979921579360962,0.8446357392129451,0.5007961193720504,0.9996887445449829,0.8748174707094836,0.5058473916280841,0.9992994666099548,59.78221415607985,0
362,0.846308813208626,0.32940827381043236,0.9996753931045532,0.901197016239167,0.34861399020467515,0.9979456663131714,0.8447014405613861,0.5008319247336619,0.9996728897094727,0.8748796780904141,0.5058699108305436,0.9992702007293701,59.78221415607985,0
363,0.8462453002021433,0.329461448249363,0.9996721744537354,0.9011681193397166,0.3485683004061384,0.9979093670845032,0.8447713454564418,0.5008429232097811,0.9996650815010071,0.8749286731084195,0.5058603457042152,0.9992570281028748,59.78221415607985,0
364,0.8461815572920306,0.3294733195077808,0.9996584057807922,0.9011325126602543,0.3485186568328315,0.9978230595588684,0.8448327268872949,0.5008369031406588,0.9996329545974731,0.8749459215572909,0.5057991601171952,0.9992045760154724,59.78221415607985,0
365,0.8461284069787895,0.3294441061360498,0.9996520280838013,0.9011055543309173,0.3484848950590409,0.9978015422821045,0.8448681519145065,0.500818769137065,0.9996022582054138,0.874934701692491,0.5057190401213514,0.9991590976715088,59.78221415607985,0
366,0.8460783702986587,0.3293987739653817,0.9996482729911804,0.9010912832759682,0.3484652382986889,0.9977935552597046,0.8448780320939571,0.5008457075981871,0.9995737671852112,0.8748949737775901,0.5056445201238,0.9991139769554138,59.78221415607985,0
367,0.8460349355425161,0.329353125322433,0.9996451139450073,0.90110293740318,0.3484706240040918,0.9977856278419495,0.8448925671123331,0.500926568394616,0.9995511770248413,0.8748535513877875,0.5055918977374126,0.9990764856338501,59.78221415607985,0
368,0.8459836897395913,0.32931940754254685,0.9996388554573059,0.9010999514943084,0.3484713974453157,0.9977638721466064,0.8449034293492642,0.5011621316274011,0.9995244741439819,0.8748086974734359,0.5056091774077647,0.9990338087081909,59.78221415607985,0
369,0.845920866443998,0.3293535099143077,0.9996341466903687,0.9010756895655685,0.3484703855855127,0.9977426528930664,0.8449090038027088,0.5015947591690795,0.999507486820221,0.8747672722453169,0.5057474062556315,0.9990057945251465,59.78221415607985,0
370,0.8458785613377896,0.3294188366049815,0.9996198415756226,0.9010463555653898,0.348470013766062,0.9976890683174133,0.8449125942729775,0.5021427018301832,0.9994687438011169,0.8747254922276458,0.5060204068819686,0.9989412426948547,59.78221415607985,0
371,0.8458234469095873,0.32956936813536175,0.9995990991592407,0.9010144188290558,0.3484806560334708,0.9975922107696533,0.8448994102932166,0.5026530169305352,0.9994271993637085,0.8746933880306432,0.5063589527493435,0.9988682270050049,59.78221415607985,0
372,0.8457363900684183,0.32978532144001577,0.9995825886726379,0.9009740920293906,0.3484970728556318,0.9975183010101318,0.8448135625748414,0.5030980422383267,0.9993942975997925,0.8746416057859155,0.5067115567979362,0.9988110661506653,59.78221415607985,0
373,0.8456202489989151,0.33002574103219195,0.999565601348877,0.9009251083646509,0.3485252161820732,0.9974428415298462,0.8446796621595116,0.5033744147845681,0.9993685483932495,0.8745735798563283,0.5069715125220167,0.998762845993042,59.78221415607985,0
374,0.8455240187190836,0.3302190857274194,0.9995447993278503,0.900859611374992,0.34855530091694453,0.9974014163017273,0.8445252719379613,0.5035328467686975,0.9993436336517334,0.874505539735159,0.5071121596154716,0.9987185597419739,59.78221415607985,0
375,0.845468563692911,0.3303656918661938,0.9995254278182983,0.9007939497629809,0.3485764648233144,0.9973526000976562,0.8443904831295929,0.5036056382315504,0.999322772026062,0.8744533033598045,0.5071456744557339,0.9986764192581177,59.78221415607985,0
376,0.8453939698991328,0.3304828036399117,0.9995028972625732,0.9007701675097155,0.34858760095777996,0.9972794651985168,0.84427202031726,0.5036952836172925,0.9993093013763428,0.8744237281027301,0.507183432579041,0.9986489415168762,59.78221415607985,0
377,0.845205690179553,0.33073977487427875,0.9994869828224182,0.9007091011319849,0.34860630830129014,0.9972027540206909,0.8441684842109687,0.5038970084417438,0.9993017911911011,0.874420520805178,0.5072527925173446,0.9986222982406616,59.78221415607985,0
378,0.8449502189954129,0.3311400385130022,0.9994641542434692,0.9005784818104342,0.3486300408840182,0.9970700740814209,0.8440627257029223,0.5042803883552556,0.9993003010749817,0.8744169189816436,0.5074096038227993,0.9986045360565186,59.78221415607985,0
379,0.8446476629802167,0.33164301656541395,0.9994421601295471,0.9003555121875951,0.34865729723657907,0.9970173835754395,0.8439586985678906,0.5047910781133746,0.999302089214325,0.8743849794069933,0.5077050072806226,0.9986019730567932,59.78221415607985,0
380,0.844401867616745,0.3320760556629728,0.9994372129440308,0.9001142808369236,0.34868027482714004,0.9970407485961914,0.8438582590648114,0.5052543850172138,0.9993147253990173,0.8743240975198299,0.508024388835544,0.9986211061477661,59.78221415607985,0
381,0.8442736665407824,0.33242858591533864,0.9994379281997681,0.899871726830801,0.3487047709169845,0.997087299823761,0.8438018702325374,0.5055567792483743,0.9993301033973694,0.8742444628760935,0.5083165878341316,0.9986490607261658,59.78221415607985,0
382,0.8442410996982037,0.3326478231520883,0.9994401931762695,0.899693415278481,0.34872894201959914,0.9971254467964172,0.8437808127630331,0.5056947923841935,0.9993417263031006,0.874141732851665,0.5085356235504154,0.9986675381660461,59.78221415607985,0
383,0.8442176750728069,0.3328007842813222,0.9994345307350159,0.8995379663649067,0.34875670217332416,0.9971993565559387,0.8437890892937077,0.5058047799837025,0.9993525743484497,0.8740283137276066,0.5087067286173507,0.9986911416053772,59.78221415607985,0
384,0.8441431323687243,0.3328977071103598,0.99942946434021,0.8994135885011589,0.34877531301407616,0.9972439408302307,0.843828703675952,0.5058937782333015,0.9993497729301453,0.873933448677972,0.5088089221999763,0.9986904859542847,59.78221415607985,0
385,0.8438950663521183,0.3330397151765372,0.9994248747825623,0.8992995988755006,0.3487716842265359,0.9972484111785889,0.8438535219147099,0.5060121956325716,0.9993416666984558,0.8738578813416624,0.5088994531404408,0.9986774325370789,59.78221415607985,0
386,0.8435069265819737,0.33322005470593796,0.9994186162948608,0.8992252151171374,0.3487627250807629,0.9972467422485352,0.8438285504068654,0.5061075573875795,0.9993252754211426,0.8737530424481353,0.5089075054441183,0.9986621737480164,59.78221415607985,0
387,0.843063876742409,0.33347249031066917,0.9994215369224548,0.8991416352135801,0.3487530960923152,0.9972437024116516,0.843782075813839,0.5061586328915192,0.9993159174919128,0.8736412354878024,0.5088743425550919,0.9986639022827148,59.78221415607985,0
388,0.8427288872855058,0.33371921380360947,0.9994189739227295,0.8990911784626197,0.34877428270521643,0.9972132444381714,0.8437426487604784,0.5061966975529992,0.9992891550064087,0.8735173287845801,0.508802623975845,0.9986311197280884,59.78221415607985,0
389,0.8425428384826303,0.3339163746152608,0.9994103908538818,0.8990289256686264,0.34882271005993826,0.9971702694892883,0.8437207369577324,0.5063131451606755,0.9992467164993286,0.8733799968447011,0.5087741130874275,0.998572051525116,59.78221415607985,0
390,0.84231547230766,0.3340175960745133,0.9994072318077087,0.8989122992470159,0.3488717590059556,0.9971593022346497,0.8437030996595116,0.5064320450737367,0.9991992712020874,0.8732383364722849,0.5087617720876425,0.998490035533905,59.78221415607985,0
391,0.841902761232286,0.33411741256713895,0.9993874430656433,0.8986869965280813,0.34890741961342975,0.997092068195343,0.8436521007901153,0.506557527042571,0.9991216063499451,0.8731086225736715,0.5087743401527409,0.9983693957328796,59.78221415607985,0
392,0.8413957016808653,0.3342157361053288,0.9993855357170105,0.8983833477610641,0.3489159019220446,0.9970502257347107,0.8435344412213287,0.5066470787638713,0.99906325340271,0.872915739104862,0.5087874560129079,0.9982873797416687,59.78221415607985,0
393,0.8408821054867344,0.33428147009440856,0.9993832111358643,0.8980942141442079,0.3488972201233821,0.9969955086708069,0.8433196204049254,0.5066441467830116,0.9990331530570984,0.8726882196608051,0.5087945177441556,0.9982333183288574,59.78221415607985,0
394,0.840489191668375,0.3343224823474886,0.9993777275085449,0.8978936672210701,0.3488593172459378,0.996917188167572,0.8430552624520808,0.5066652468272622,0.9990041255950928,0.8724450298718051,0.5088299768311642,0.998169481754303,59.78221415607985,0
395,0.8401925478662771,0.3343221034322469,0.9993885159492493,0.8977505138942181,0.3488148677916757,0.9968751072883606,0.8427893207186752,0.5067165124984019,0.9990009069442749,0.8722280405816585,0.5088603808766323,0.9981369376182556,59.78221415607985,0
396,0.8397934380031774,0.3343160067285813,0.9994013905525208,0.8976604427610131,0.34876041752951514,0.9968432784080505,0.8425319052877887,0.5067509128933865,0.9989815354347229,0.8720765936942334,0.5088378588358564,0.9980794191360474,59.78221415607985,0
397,0.8393043080965685,0.33434644767216304,0.9994205236434937,0.8975575481142324,0.34870497385660837,0.9968626499176025,0.8423335211617613,0.5067674063500908,0.9989891052246094,0.8719982164246702,0.5087532344318575,0.9980776906013489,59.78221415607985,0
398,0.8388471802075711,0.3344165200278875,0.9994499683380127,0.8974121212959297,0.34863828761237037,0.9969994425773621,0.8422008241925928,0.5067650562240968,0.9990224242210388,0.8719490397544141,0.5086127746672862,0.9981380701065063,59.78221415607985,0
399,0.8384080585979288,0.3345911942777182,0.9994721412658691,0.89726285707383,0.3485790051165084,0.9970875978469849,0.8419855322156642,0.506782900719416,0.9990516901016235,0.8718926793053043,0.508478851545425,0.998186469078064,59.78221415607985,0
400,0.8380001414389844,0.3348063074407126,0.9994944334030151,0.8970420786312656,0.3485044084844138,0.9971829652786255,0.841690985929399,0.5069183536938262,0.9990765452384949,0.8718059942835861,0.5084213302249004,0.998232364654541,59.78221415607985,0
401,0.8375613462357301,0.3350149620146981,0.9995152354240417,0.8967707611265645,0.3484423770791011,0.9972598552703857,0.8412811330386577,0.5071781816936678,0.999087929725647,0.871665503297534,0.5085140438306903,0.9982518553733826,59.78221415607985,0
402,0.8371190485500161,0.3351864814758303,0.9995233416557312,0.8965497612953193,0.3483997271174479,0.9972715973854065,0.8408418723515108,0.5074847823097597,0.9990708827972412,0.8714739651907065,0.5087257935887295,0.9982165694236755,59.78221415607985,0
403,0.8367881405921216,0.33529284596443204,0.9995337128639221,0.8963875117756079,0.3483790244374959,0.9973065257072449,0.840529538336255,0.5077211147262941,0.9990566372871399,0.8712703982989001,0.5089466486658373,0.9981955289840698,59.78221415607985,0
404,0.8366281191507983,0.3353484102657866,0.9995540976524353,0.8962724634579258,0.3483722167355676,0.9974231719970703,0.8403734224183226,0.5078958727064591,0.9990646243095398,0.8710793313525979,0.5090979394458592,0.9982247352600098,59.78221415607985,0
405,0.8365949676150374,0.33540848323277095,0.999566376209259,0.8962146526291265,0.348373421600887,0.9975082278251648,0.8402596229598642,0.5080086333411085,0.9990618824958801,0.8708818498111913,0.5091819734800433,0.9982329607009888,59.78221415607985,0
406,0.8366408461616159,0.33542723173186917,0.9995740056037903,0.8961222370465604,0.34836485840025433,0.9975519776344299,0.8401875126929517,0.5081332524617517,0.9990449547767639,0.8706950006030861,0.5092145545142042,0.9982002377510071,59.78221415607985,0
407,0.8366848173595616,0.33545389203798226,0.9995788335800171,0.8959896422567828,0.3483733307747616,0.9976087808609009,0.8400301081793655,0.5082846596127468,0.9990217089653015,0.8704764842987067,0.5092652042706811,0.9981814026832581,59.78221415607985,0
408,0.8366968489828571,0.33547229142416124,0.9995831847190857,0.8958611147744322,0.34840715073403883,0.9976310133934021,0.8398196782384606,0.5084362966673719,0.9990182518959045,0.8702267692202621,0.5093685275032411,0.9981702566146851,59.78221415607985,0
409,0.836632410685222,0.3355415875003454,0.999588131904602,0.8957343754314249,0.3484570738815129,0.9976152181625366,0.8395972564106902,0.508450913996924,0.9990289211273193,0.8700039670580917,0.5094559675171266,0.9981686472892761,59.78221415607985,0
410,0.8364432085128064,0.33567539283207515,0.9995914101600647,0.8955622457322627,0.34851839712687926,0.9975674152374268,0.8393956507955285,0.5086992439769568,0.9990441799163818,0.8697747417858676,0.5097334555217202,0.998174250125885,59.78221415607985,0
411,0.836183877218338,0.33581504651478383,0.9995887279510498,0.8953285614649462,0.3485244526749568,0.9974808096885681,0.8392500224567602,0.509081880251567,0.9990333914756775,0.8695842169580013,0.5100974270275664,0.9981322884559631,59.78221415607985,0
412,0.8359108879452666,0.33591737065996474,0.9995679259300232,0.8950863707633253,0.3485070310887839,0.9972832202911377,0.8391905568894893,0.509598397073292,0.9990015029907227,0.8693901697794604,0.51058479433968,0.9980437159538269,59.78221415607985,0
413,0.8356176728294016,0.33597745214189834,0.9995530247688293,0.8947683005105889,0.3484786237989156,0.9972143173217773,0.8391864640372146,0.5100542193367372,0.998968780040741,0.8692209238097788,0.5109628467332753,0.9979619383811951,59.78221415607985,0
414,0.8353059916269219,0.33598082973843557,0.9995594620704651,0.8944810430208849,0.3484608871596203,0.997218132019043,0.8391829076267431,0.5105953301702231,0.9989765882492065,0.8690266836257216,0.5113950967788701,0.997955858707428,59.78221415607985,0
415,0.8349705906141378,0.335985410781134,0.9995591640472412,0.8942467797370192,0.34844730723471895,0.9971963763237,0.8391270807811199,0.5109293744677593,0.9989792704582214,0.8688354634103328,0.5116887092590336,0.997929036617279,59.78221415607985,0
416,0.8345523959114445,0.3360317250092827,0.9995602965354919,0.8940115769704191,0.34845123972211595,0.9971714019775391,0.8390476788793297,0.5112586362021314,0.9989720582962036,0.8686306817190994,0.5119682493663973,0.9979008436203003,59.78221415607985,0
417,0.8340868467376352,0.33610229974701317,0.9995379447937012,0.893723734787533,0.348385226158869,0.9970350861549377,0.8389654954274501,0.5114410576366247,0.9989235997200012,0.868482635134743,0.5120926527749928,0.9977952837944031,59.78221415607985,0
418,0.8336404022716347,0.3362163433006834,0.9995021820068359,0.8934408255985812,0.3483198568934489,0.9968883395195007,0.8388343510173624,0.5115327664784026,0.9988347887992859,0.8683466684250611,0.5121725598971052,0.9976280331611633,59.78221415607985,0
419,0.833175528617133,0.33636887584413827,0.9994969367980957,0.8931194912819642,0.3482459286848707,0.9967973232269287,0.838590201877413,0.5113621581168406,0.9987892508506775,0.8682547296796533,0.5120514801570352,0.9974852800369263,59.78221415607985,0
420,0.8327590510958724,0.33651881700470365,0.9995049834251404,0.8928703126453226,0.348164457650412,0.9968254566192627,0.8382829512868615,0.5112114463533678,0.9988017678260803,0.8681636935188664,0.5119856794675195,0.9974955320358276,59.78221415607985,0
421,0.8324245072546466,0.33663284494763357,0.9995238184928894,0.8927311471530376,0.3480231591633391,0.9969263672828674,0.8379707847322744,0.5109586289950784,0.9988313913345337,0.868100149290903,0.5118547422545301,0.9975423216819763,59.78221415607985,0
422,0.8321977882158196,0.33666832957948983,0.9995374083518982,0.892686877931868,0.34785552677654114,0.9970012307167053,0.837757377397447,0.5105771110171368,0.9988265633583069,0.8680718683061153,0.5116385221481328,0.9975194931030273,59.78221415607985,0
423,0.8320633172988898,0.33663076446169926,0.9995462894439697,0.8926508483432595,0.3476193618206753,0.9970677495002747,0.8376937054452449,0.5102088791983472,0.998803973197937,0.8680670460065213,0.5114174314907622,0.9974825382232666,59.78221415607985,0
424,0.8319769984199894,0.33656992940675673,0.9995527267456055,0.8926146002042868,0.3473820714723499,0.9971185922622681,0.8377380569775906,0.5099948644638066,0.9987836480140686,0.8680758873621629,0.5112963347207937,0.9974470734596252,59.78221415607985,0
425,0.8318524445806238,0.3365339267821542,0.999553382396698,0.8925754796890992,0.3472032745679222,0.9971275329589844,0.8377392405555368,0.509854200340453,0.9987632036209106,0.8680745079403839,0.5112491619019286,0.9973983764648438,59.78221415607985,0
426,0.8317074832462137,0.3365222201460887,0.9995629787445068,0.8925107689130881,0.34709399512835937,0.9971907734870911,0.8377211179052089,0.5098270291373848,0.9987635612487793,0.8680645255815422,0.511289389360519,0.9974015355110168,59.78221415607985,0
427,0.8315451088405799,0.33653997665359886,0.9995774626731873,0.8924506959461037,0.34702933402288555,0.9972658753395081,0.8376552490960991,0.5098410901569189,0.9987799525260925,0.8680473793120618,0.5113515286218557,0.9974428415298462,59.78221415607985,0
428,0.8314251984868737,0.3365400419348765,0.9995980858802795,0.8924015334674298,0.34702044157754836,0.9973537921905518,0.8375552268255331,0.509740789731344,0.9988243579864502,0.86801811910811,0.5113348847343813,0.997517466545105,59.78221415607985,0
429,0.8313481750942419,0.3365495361032943,0.9996098279953003,0.8923659949075615,0.3470166141078589,0.9974571466445923,0.8374619058200298,0.5095972362018771,0.9988689422607422,0.8679896933691849,0.5112613723391582,0.9976088404655457,59.78221415607985,0
430,0.8312740297544576,0.33657569828487605,0.9996221661567688,0.8923396269480395,0.34702065161296325,0.9975615739822388,0.8374079976763051,0.5094494138445177,0.9989058375358582,0.8679797621000388,0.5111608221417385,0.9976799488067627,59.78221415607985,0
431,0.831193095161802,0.33662245812870234,0.9996300339698792,0.8924011559713461,0.34703246894336914,0.9976561665534973,0.837382600420998,0.5092970728874211,0.9989518523216248,0.8679803836913342,0.5110122646604269,0.9977680444717407,59.78221415607985,0
432,0.8311173149517611,0.3366924453349343,0.9996386170387268,0.8925068037850523,0.3470830789634162,0.9977522492408752,0.8374044668106813,0.5092432555698218,0.9989882111549377,0.8680109779040026,0.5109251624061952,0.9978410601615906,59.78221415607985,0
433,0.8310554907435469,0.33676896918387667,0.9996492266654968,0.8926276649747583,0.34708545605341623,0.997825026512146,0.8374374764306212,0.5090954218591967,0.9990194439888,0.8680820294788912,0.5107469615482152,0.9978965520858765,59.78221415607985,0
434,0.8310171649569564,0.3368224529992969,0.999656617641449,0.8927152724493124,0.34684224781535944,0.9978991746902466,0.8374894403275996,0.5088258754639403,0.9990490674972534,0.8681572874387112,0.5103737882205422,0.9979531168937683,59.78221415607985,0
435,0.8310012590317506,0.3368563424973263,0.9996609687805176,0.8927494855154136,0.34642125027520343,0.9979416728019714,0.8376344045003262,0.5085510895365765,0.9990667104721069,0.8682141332399285,0.5099486424809414,0.9979872107505798,59.78221415607985,0
436,0.8309920061202283,0.33687639520281865,0.9996680021286011,0.8927279937834973,0.34591234297979473,0.9979663491249084,0.8378480843135295,0.5083446559451879,0.9990932941436768,0.868236388478961,0.5095803084827609,0.9980298280715942,59.78221415607985,0
437,0.8309902747472134,0.3368893294107349,0.9996758699417114,0.8927782972653714,0.3454721967379255,0.9980080723762512,0.838081081708273,0.5082397319021683,0.999110221862793,0.8682807797477365,0.5093351659320654,0.9980600476264954,59.78221415607985,0
438,0.8309949012029745,0.3369105075086869,0.9996822476387024,0.8928912140074238,0.3452623557476773,0.9980499148368835,0.838265776634217,0.5083008976209735,0.9991373419761658,0.8683749664397473,0.509323046320961,0.9981067180633545,59.78221415607985,0
439,0.8309961216790342,0.3369373508862089,0.9996849298477173,0.8930553737140845,0.34523508662269253,0.9980522990226746,0.8383902055876602,0.5083486522947043,0.9991521239280701,0.8685642594382883,0.5093714452925187,0.9981188774108887,59.78221415607985,0
440,0.8309925368853984,0.33697772877556964,0.9996834397315979,0.8931971277509424,0.3452103577909018,0.998023271560669,0.8384469548861193,0.5083870774223695,0.9991669058799744,0.868763418424698,0.5093737812269306,0.998130738735199,59.78221415607985,0
441,0.8309841212772195,0.33712814109666034,0.9996827840805054,0.8932712475458788,0.34521196711631075,0.9980229735374451,0.8385008885746917,0.508426427841187,0.9991840720176697,0.8689423515683136,0.5093561013539636,0.9981572031974792,59.78221415607985,0
442,0.8309549547377093,0.3373629408223291,0.9996885657310486,0.8933019325846724,0.34519673812957063,0.9980382919311523,0.8385369806062615,0.508488706180028,0.9992148280143738,0.8690692555336732,0.5093335282234923,0.9982161521911621,59.78221415607985,0
443,0.8309774228504733,0.337602393967765,0.9996919631958008,0.8934543955893751,0.34518537492979173,0.998029887676239,0.8385466024989181,0.5085548872039436,0.9992469549179077,0.8691916153544479,0.509310500962394,0.9982686638832092,59.78221415607985,0
444,0.831061053843726,0.33779230430012686,0.9996991753578186,0.893743452571688,0.3451868338244305,0.9980382919311523,0.8385528467950374,0.5085955375716804,0.9992700815200806,0.8693091301690972,0.5092814422789078,0.9983014464378357,59.78221415607985,0
445,0.8312254689988643,0.33789439570336144,0.9997085928916931,0.8941943418411988,0.3451933009283886,0.9980908632278442,0.8386073481468934,0.5086155363491607,0.999290406703949,0.8694594956579669,0.5092569731530693,0.99833744764328,59.78221415607985,0
446,0.8315832132384897,0.3379025090308419,0.999721884727478,0.8947447396460041,0.345200476192293,0.9981606006622314,0.8387564590999065,0.5086346552485516,0.9993127584457397,0.8696293263208306,0.5092854443050571,0.9983775615692139,59.78221415607985,0
447,0.832027279195332,0.33791693193571937,0.9997314214706421,0.8952961507297705,0.34520733498391676,0.998222827911377,0.8389406402905788,0.5086395626976381,0.9993393421173096,0.8698286783127565,0.5093299689747043,0.9984292984008789,59.78221415607985,0
448,0.8324084764435185,0.33793665681566537,0.999738872051239,0.8957365070070546,0.3452252433413554,0.9982746243476868,0.8390957883426128,0.5086552046594169,0.9993611574172974,0.8700430591901149,0.5093864287648886,0.9984741806983948,59.78221415607985,0
449,0.8326744862965182,0.33793812990188626,0.9997485280036926,0.8960592235837671,0.3452099093369078,0.9983291625976562,0.8391755961236507,0.508653356915429,0.9993889331817627,0.8702332462583277,0.5094191999662494,0.9985283017158508,59.78221415607985,0
450,0.8328260892913462,0.3379447417599817,0.9997578859329224,0.896204780964625,0.34517115212622174,0.9983779788017273,0.8391913147199729,0.508637817133041,0.9994146227836609,0.870388065065657,0.5094204828852703,0.9985794425010681,59.78221415607985,0
451,0.8329267246382583,0.3379509477388294,0.9997640252113342,0.89625803913389,0.3451204796632134,0.9984238743782043,0.8391628861427314,0.5085982084274296,0.9994363784790039,0.8704814314842231,0.5093900589715871,0.9986279606819153,59.78221415607985,0
452,0.8331547067278915,0.3379246081624715,0.999764621257782,0.8962990244229642,0.34507507653463476,0.9984138607978821,0.8392432190123065,0.5085617757978897,0.999447226524353,0.870586622328986,0.5093716751961486,0.9986450672149658,59.78221415607985,0
453,0.8334608163152428,0.33785382338932607,0.999765932559967,0.896407828444527,0.34504755196117254,0.9983975887298584,0.8394204094296416,0.5085794216110596,0.9994593858718872,0.8707187062218082,0.5093637506167098,0.9986618161201477,59.78221415607985,0
454,0.8337833682696032,0.3377737800280256,0.9997709393501282,0.8965562213034863,0.3450521954468321,0.9983718395233154,0.8396651744842536,0.5086553976649334,0.999466061592102,0.8708719951765884,0.5093680932408291,0.9986645579338074,59.78221415607985,0
455,0.8340579242933371,0.3376914262771609,0.9997801184654236,0.8967098111198069,0.34503689408302335,0.9983524680137634,0.8399279429799041,0.5087506203424367,0.9994739890098572,0.8710215659368612,0.5093649994759337,0.998660683631897,59.78221415607985,0
456,0.834344060648056,0.3376237139815379,0.9997855424880981,0.89686196474802,0.34503715520813383,0.9983556270599365,0.8402007449240918,0.5088696281115218,0.9994731545448303,0.8711472579411105,0.5093775561877664,0.998652994632721,59.78221415607985,0
457,0.8346251164163869,0.3375852959496637,0.9997856616973877,0.897023524556842,0.3450499361469635,0.9983343482017517,0.8404151995976772,0.5089218673251928,0.9994597434997559,0.871213268666041,0.5093920997210916,0.9986273050308228,59.78221415607985,0
458,0.834956640288944,0.3375131785869601,0.9997848272323608,0.8971914308411741,0.34511053420248516,0.9983142018318176,0.8406084889457346,0.5088201278731941,0.9994542002677917,0.8712398977506735,0.5094000271388467,0.9986199736595154,59.78221415607985,0
459,0.8352869124639609,0.3373634134020127,0.9997835755348206,0.8974301900182459,0.3452046754814332,0.9982991218566895,0.8408099242619111,0.5085243128594902,0.9994531273841858,0.871332282111759,0.5093447622798741,0.998620331287384,59.78221415607985,0
460,0.8356262729281477,0.33716556997526287,0.999779224395752,0.8977006673812873,0.3453235342389064,0.9982399940490723,0.8410041076796402,0.5081085250491192,0.9994409084320068,0.8714883668082107,0.5092552701632186,0.9985936880111694,59.78221415607985,0
461,0.8359478172801796,0.3369350830713911,0.9997740387916565,0.8980078470139283,0.34543498924800353,0.9981869459152222,0.8412251358940495,0.5076061998094835,0.9994460344314575,0.8717165191968289,0.5091361573764259,0.9986069798469543,59.78221415607985,0
462,0.8362473419734417,0.3367041477135252,0.9997697472572327,0.8983381958234884,0.34552415495827116,0.9981555938720703,0.8414936406271805,0.5072183240027659,0.9994462132453918,0.8719809254010527,0.5090577857834956,0.9986142516136169,59.78221415607985,0
463,0.8364717931974509,0.33654183717001074,0.9997656941413879,0.8986309426171446,0.34556874065172133,0.9981234073638916,0.841718182677315,0.5069182288079039,0.9994500279426575,0.8722584417888104,0.5089325876463031,0.9986202716827393,59.78221415607985,0
464,0.8366529260362905,0.3363599337282638,0.9997615814208984,0.8988745609919238,0.34558092270578683,0.9980817437171936,0.8418601467495879,0.5065781814711439,0.9994625449180603,0.8724526053383244,0.5086673327854705,0.9986356496810913,59.78221415607985,0
465,0.8367464485622595,0.3361558545203439,0.9997604489326477,0.8990907413618913,0.3455620805422468,0.9980613589286804,0.841961324214936,0.506210755734217,0.9994827508926392,0.8726165606862029,0.50830299229849,0.9986690878868103,59.78221415607985,0
466,0.836871076197852,0.3359369834264122,0.9997608661651611,0.8992936497642887,0.34554561830702313,0.998053252696991,0.8420385491280336,0.5059623320897424,0.9994862079620361,0.8727535009384162,0.5079802700451446,0.9986692070960999,59.78221415607985,0
467,0.8370290455364052,0.33571773767471336,0.999761700630188,0.899488446258364,0.3455509997549514,0.9980564713478088,0.8421738601866229,0.5058079475448249,0.9994902014732361,0.8729295900889812,0.5077666101001561,0.998673677444458,59.78221415607985,0
468,0.8371989358039136,0.3354847629865013,0.9997643828392029,0.8996666386013947,0.34553849839028883,0.9980849623680115,0.8423962167331157,0.5058366031873798,0.9994919896125793,0.8731395886057907,0.5077408041272848,0.9986729621887207,59.78221415607985,0
469,0.8373761091913503,0.33528634196236046,0.9997596144676208,0.8998320301373807,0.34549185207911925,0.9980769157409668,0.8426981965700793,0.50597776117779,0.9994809031486511,0.873434001491184,0.5077975619406931,0.9986478686332703,59.78221415607985,0
470,0.8375752880459747,0.33508272114254206,0.9997531175613403,0.9000056130545486,0.3453947830767861,0.9980547428131104,0.8430818546385999,0.5061222059386121,0.9994702339172363,0.8737531134060459,0.507856476874579,0.9986161589622498,59.78221415607985,0
471,0.8377452719779248,0.3349290419192544,0.99974524974823,0.9001703574543914,0.3452600552922206,0.9980313777923584,0.8435083031654365,0.5062887299628489,0.9994608759880066,0.8740283335958214,0.5079871926988878,0.9985886216163635,59.78221415607985,0
472,0.8379229903221137,0.3348440045402166,0.9997349977493286,0.9003247192927777,0.3451378118424191,0.9979844689369202,0.8438709406625664,0.5064905541283748,0.9994269609451294,0.8742416046914607,0.5081896271024435,0.9985203146934509,59.78221415607985,0
473,0.8381160128684277,0.33479405159042025,0.9997259378433228,0.9004358393805374,0.3450479067507247,0.997934877872467,0.8441228667895007,0.5066199983869284,0.999400794506073,0.8743834694226591,0.508389912900471,0.998471736907959,59.78221415607985,0
474,0.838302291574933,0.3347403151648388,0.9997138381004333,0.900500036421277,0.3449640061174123,0.9978755116462708,0.8442509373029079,0.5066109782173525,0.9993893504142761,0.8744766314824429,0.5084833559535802,0.9984546899795532,59.78221415607985,0
475,0.8385022708347871,0.33469925040290494,0.9997047185897827,0.9005694133894792,0.34490366634868463,0.9978479146957397,0.8442835353669673,0.5064658891587035,0.9993769526481628,0.8745764976456059,0.5084373865808763,0.9984337091445923,59.78221415607985,0
476,0.8387158314387011,0.33462438271159245,0.9996907114982605,0.9006669720013943,0.3448699542454314,0.9977745413780212,0.8443054670379282,0.5061388867242,0.9993739724159241,0.8747130604017356,0.5081918807256793,0.9984250068664551,59.78221415607985,0
477,0.8388734573409677,0.33453869110062034,0.9996782541275024,0.9007892807324734,0.34487144861902536,0.9977393746376038,0.8443374860854382,0.5057603234336494,0.99937504529953,0.8749102098601212,0.5078836707841786,0.9984251260757446,59.78221415607985,0
478,0.8389572387649906,0.3344639610676541,0.9996680617332458,0.9009065997032899,0.34494951935041546,0.9977161288261414,0.8443966962042316,0.5054741870789305,0.9993743896484375,0.8751805140858612,0.507635349319095,0.9984245896339417,59.78221415607985,0
479,0.839000670682817,0.3343712857791359,0.9996575117111206,0.9010018564405902,0.3450718394347603,0.9976258277893066,0.8445190361567912,0.5052899689901447,0.9993875026702881,0.8755182141349437,0.5074897692317057,0.9984341859817505,59.78221415607985,0
480,0.8390090295246677,0.3342897480442413,0.9996453523635864,0.9010699164299746,0.34525577936853713,0.9975507259368896,0.8446720753397268,0.5053345930008666,0.9993851184844971,0.8758570551872261,0.5075310241608397,0.9984078407287598,59.78221415607985,0
481,0.8390067673864825,0.3342455072062359,0.9996292591094971,0.9011227034387141,0.34550754796891014,0.9974808096885681,0.8448177178700771,0.5055962687446962,0.9993700385093689,0.8761085186685842,0.5077683499881203,0.9983523488044739,59.78221415607985,0
482,0.8390121346428288,0.33420857361384826,0.999627947807312,0.9012015745753341,0.3457936743895216,0.9973999261856079,0.8449237687247146,0.5058847580637255,0.9993715286254883,0.8762373441741587,0.5080689986546838,0.998334527015686,59.78221415607985,0
483,0.839018730890184,0.3341967321577529,0.9996290802955627,0.9013072763170521,0.34609587987264023,0.9973646998405457,0.8449661646570485,0.506274365243458,0.9993826746940613,0.8762733198347552,0.5085193230992275,0.9983434677124023,59.78221415607985,0
484,0.8390460525240224,0.3342030502500991,0.9996358156204224,0.9014459876787102,0.3464554576646717,0.9973677396774292,0.8449702489943738,0.5066813372430351,0.9994010925292969,0.8762553845133108,0.5090164428665529,0.9983686208724976,59.78221415607985,0
485,0.8390852496737533,0.33422704253877944,0.9996501803398132,0.9015926122665413,0.3468448093959266,0.9974254965782166,0.8449531424613232,0.507025037493025,0.9994304776191711,0.8762495659646541,0.5094305049805419,0.9984312057495117,59.78221415607985,0
486,0.83912932305109,0.33426645965803264,0.9996657967567444,0.9017898184912553,0.3472435346671516,0.9974872469902039,0.8448955047698254,0.5073554061708,0.9994598627090454,0.8762301944551021,0.5097528752826513,0.9984940886497498,59.78221415607985,0
487,0.8391670073781702,0.3342912949266891,0.9996781349182129,0.9020305786814017,0.3475957257407055,0.9975374937057495,0.8448192988123219,0.507564002559299,0.9994843006134033,0.8762054102761412,0.5098735633350557,0.9985478520393372,59.78221415607985,0
488,0.8391763170560207,0.3342752030917579,0.9996854662895203,0.9023168030239294,0.34784345257849947,0.9975823163986206,0.8447428884960363,0.5075985306785225,0.9994933009147644,0.8761991375968576,0.5098249798729311,0.998571515083313,59.78221415607985,0
489,0.8391065767833172,0.33423553336234346,0.9996930360794067,0.9025868546395083,0.3479674884251188,0.997619092464447,0.8446893947465086,0.5075843958627614,0.999505341053009,0.8762252330780036,0.5097524949482514,0.9986016154289246,59.78221415607985,0
490,0.8389877194450022,0.33416974828356816,0.9996895790100098,0.9028184470676248,0.34803236382348224,0.9976305961608887,0.8446484378405987,0.5075366809254604,0.9995064735412598,0.8762745942388268,0.5096910056613744,0.99860680103302,59.78221415607985,0
491,0.838865172295344,0.33408315692629165,0.9996868371963501,0.9029704843248647,0.34807520395233543,0.9976435303688049,0.8446124621800022,0.5075670821326124,0.9995104670524597,0.8763647732280556,0.5097177113805502,0.99861079454422,59.78221415607985,0
492,0.8387822338512972,0.3340122600396477,0.999683678150177,0.9030887371017826,0.34811529233342153,0.9976667761802673,0.8445753880909517,0.5079157011849544,0.9995101690292358,0.876469356673105,0.5099436640739445,0.998608410358429,59.78221415607985,0
493,0.838762717587608,0.33394059680757093,0.9996774792671204,0.9031878965241575,0.3482347173350201,0.9976675510406494,0.8445522529738296,0.5087003026689806,0.9995174407958984,0.876620156424387,0.5103853884197421,0.9986220598220825,59.78221415607985,0
494,0.8387733981722885,0.33384173824673635,0.9996718764305115,0.9032671820549745,0.34838228282474365,0.9976730942726135,0.8445401986440029,0.5097051149322878,0.9995225071907043,0.8768934210141507,0.5109029894783388,0.9986331462860107,59.78221415607985,0
495,0.8387714227040616,0.3337573934169046,0.9996806383132935,0.9033216010956545,0.34855135849544006,0.9977282881736755,0.8445481544449223,0.5106004561696738,0.999542236328125,0.8772732700620386,0.51130812792551,0.9986743927001953,59.78221415607985,0
496,0.8387442798841573,0.3337094045820693,0.9996885657310486,0.9033742547035224,0.34873544460251243,0.9978002905845642,0.8445567204838714,0.5111602686700372,0.9995602965354919,0.8776796289852695,0.5115189637456625,0.9987202882766724,59.78221415607985,0
497,0.8387169412204205,0.3336988304342545,0.9996927380561829,0.9034200963519876,0.34891663278852214,0.9978134036064148,0.8445804942221875,0.5112677386828836,0.9995726943016052,0.8780734255200348,0.5115224151384268,0.9987499117851257,59.78221415607985,0
498,0.8387203386851726,0.3337471939268569,0.999697208404541,0.9034574854941602,0.3490733745552247,0.9978128671646118,0.8446149797666647,0.5111680257888072,0.9995823502540588,0.8783619233540132,0.5114605824152633,0.9987728595733643,59.78221415607985,0
499,0.8387142845562534,0.33381405047007995,0.9996953010559082,0.9034852953184226,0.3492319867724467,0.9977763891220093,0.8446475182260793,0.5111216108004256,0.999583899974823,0.8785322620755157,0.5114627423740572,0.9987776279449463,59.78221415607985,0
500,0.8385986487070727,0.3338605463504794,0.9996967315673828,0.9034991746857061,0.34931366074652925,0.9977370500564575,0.8446440583183659,0.5111118810517451,0.9995911121368408,0.8786477105958128,0.5114937453042897,0.9987941384315491,59.78221415607985,0
501,0.838418520632245,0.3337867813450952,0.9996960759162903,0.9035159122376222,0.34933573575246935,0.9976741671562195,0.8445995819000978,0.5110324138686775,0.9995914697647095,0.8787058648608986,0.5114869929495316,0.9987872242927551,59.78221415607985,0
502,0.8382187627610713,0.33355869849522934,0.9996984004974365,0.9035468215034128,0.34932537589754403,0.997682511806488,0.8445275596209941,0.5108989477157597,0.999588668346405,0.8787096398217344,0.5114556778044932,0.9987744688987732,59.78221415607985,0
503,0.8380668333598552,0.3331954351493293,0.999699056148529,0.9035925723257526,0.3493146598339083,0.9976639747619629,0.8444748889832276,0.5106730886868072,0.9995808601379395,0.8787003329822003,0.5113835646992642,0.9987499713897705,59.78221415607985,0
504,0.8380157379877007,0.3328081823530654,0.9997011423110962,0.9036403440293819,0.34931078269368154,0.9976349472999573,0.8444779628799082,0.5103745914640885,0.9995821714401245,0.8786938502675018,0.5113027975672771,0.9987557530403137,59.78221415607985,0
505,0.83805019798733,0.3324683053152905,0.9997057914733887,0.9036876928238649,0.34931122689020094,0.9976136684417725,0.8445263590131493,0.510070091202146,0.9995811581611633,0.8786866551353825,0.5112307156835287,0.9987566471099854,59.78221415607985,0
506,0.8380711731456583,0.33225377258800354,0.999711275100708,0.903726103759948,0.3493105385984696,0.9976006150245667,0.8445805140904025,0.5098584010487515,0.9995879530906677,0.8786888917287198,0.511217364243099,0.9987806081771851,59.78221415607985,0
507,0.8381044552439743,0.3321038853554501,0.9997082352638245,0.9037605438913625,0.3493072915644876,0.9975067973136902,0.8446150734311065,0.5097154180208846,0.9995903372764587,0.8786891443388809,0.5112354329654153,0.9987853765487671,59.78221415607985,0
508,0.8381420515832454,0.33197098970413236,0.9997047185897827,0.9037851833161861,0.34931332440603374,0.9974319338798523,0.8446178634961453,0.5096425414085393,0.9995825290679932,0.8786843447458184,0.5112747493244357,0.9987640976905823,59.78221415607985,0
509,0.8381734376861942,0.3318239833627431,0.99969881772995,0.9038134813308724,0.3493423249040334,0.9973219037055969,0.8446006093706411,0.50957069794337,0.9995737075805664,0.878683010737102,0.5112892020316355,0.9987350702285767,59.78221415607985,0
510,0.8381971461432327,0.3317115888709117,0.9996992349624634,0.9037953416506456,0.3493817562148687,0.9972668886184692,0.8445964171772917,0.5096715859004433,0.9995737075805664,0.87867729152952,0.5114344216528397,0.9987268447875977,59.78221415607985,0
511,0.8382265482630056,0.33162062366803513,0.9996955394744873,0.9037481830233627,0.3494184513886772,0.9971611499786377,0.8446268751507721,0.5099450548489892,0.9995658993721008,0.8786839445432034,0.5116915447371351,0.9986925721168518,59.78221415607985,0
512,0.8382484032994232,0.3315638062499821,0.999687135219574,0.903681105091459,0.3494397032828561,0.9970181584358215,0.844787844589779,0.5102884116626925,0.9995439052581787,0.8787269876116806,0.511991245406015,0.998626708984375,59.78221415607985,0
513,0.838269321691423,0.33154428572881817,0.9996774792671204,0.9036067752611077,0.3494399984677635,0.9969531893730164,0.8450439430418476,0.5108278336979098,0.9995249509811401,0.8787990184057333,0.5124069707734249,0.9985738396644592,59.78221415607985,0
514,0.83827863420759,0.33153416854994666,0.9996688365936279,0.9035521745681769,0.34943473764828303,0.9969220757484436,0.8453185473169607,0.5114039693559923,0.9995180368423462,0.8788828480811353,0.5127896921975276,0.9985600113868713,59.78221415607985,0
515,0.8382735706511004,0.33152088948658565,0.9996612071990967,0.9035410171463383,0.34944227195921423,0.9968441128730774,0.8455480649357757,0.5118089914321904,0.9995139241218567,0.8790107028824949,0.513003025736128,0.9985440969467163,59.78221415607985,0
516,0.8382491895130708,0.33152567630722435,0.9996504783630371,0.9035323318980996,0.34945065634591266,0.9967491030693054,0.8456658465521684,0.5121300192106342,0.9995049238204956,0.8791297475496935,0.5131506437347053,0.9985156655311584,59.78221415607985,0
517,0.8381985000201642,0.33154606393405395,0.9996436238288879,0.9035310262725473,0.3494549053055902,0.9966478943824768,0.8456749575478697,0.5122768907319937,0.9994915723800659,0.8792356678417758,0.5131594652221321,0.9984728693962097,59.78221415607985,0
518,0.8381341184888574,0.331576174213773,0.9996294975280762,0.9035507894697652,0.3494497608570828,0.9965074062347412,0.8456779576483233,0.5122008976482214,0.9994726181030273,0.8793421359289267,0.5130308043389098,0.9984223246574402,59.78221415607985,0
519,0.8380775196211685,0.3316037385236652,0.9996188879013062,0.9035799758774901,0.3494412757101516,0.9964325428009033,0.8456730530375534,0.5121625122569861,0.9994550347328186,0.8794109225273139,0.5129603204273046,0.998379111289978,59.78221415607985,0
520,0.8380503200349361,0.3316262222471694,0.9996107220649719,0.9036159146399733,0.3494381918793636,0.9964019656181335,0.8456696839559652,0.5121524106888549,0.9994405508041382,0.8794390843028121,0.5129217931202483,0.998344361782074,59.78221415607985,0
521,0.8380457844053003,0.33162680977866793,0.9996084570884705,0.9036590655644742,0.34943174180530395,0.9963891506195068,0.8456916496867233,0.5121301440965567,0.9994348287582397,0.8794847102392295,0.5129057168960576,0.9983298778533936,59.78221415607985,0
522,0.8380148041815991,0.3316615011010854,0.9996092915534973,0.9036983081272678,0.3494152667976564,0.9963841438293457,0.8457160904293975,0.5121083458264672,0.9994389414787292,0.8795732600348343,0.5129199936276394,0.9983332753181458,59.78221415607985,0
523,0.8379295156115585,0.3317291239897413,0.9996100068092346,0.9037270460809987,0.3493733193193166,0.9963904023170471,0.8457354534240002,0.5120785037676497,0.9994405508041382,0.8797202167056862,0.5129234932717828,0.9983270168304443,59.78221415607985,0
524,0.8378158268474404,0.33181719836734613,0.9996119141578674,0.9037594653311237,0.34931872004554415,0.9964054226875305,0.8457453108969195,0.512052348681859,0.9994478225708008,0.8799028510139109,0.5129342902274363,0.9983305931091309,59.78221415607985,0
525,0.8377104089373641,0.33189964152517804,0.9996157884597778,0.9037884672482815,0.349269251028697,0.9964883923530579,0.8457424214908061,0.5120198045458116,0.9994550347328186,0.8800972955567503,0.5128984280994964,0.9983460903167725,59.78221415607985,0
526,0.8376494106792275,0.33196990404810256,0.9996185302734375,0.9038105777331769,0.34924261910574805,0.9965697526931763,0.8457317550977078,0.5119954858507434,0.9994636178016663,0.8802861940293092,0.5128370892433898,0.9983656406402588,59.78221415607985,0
527,0.8376407424608874,0.33201315005620347,0.9996231198310852,0.9038364149275286,0.3492445505800704,0.9966496825218201,0.8457259876387466,0.5120045968464446,0.9994817972183228,0.8804310077712657,0.5127691967146741,0.9984036684036255,59.78221415607985,0
528,0.8376513833091379,0.3320546107632776,0.9996224641799927,0.9038610061009733,0.3492286659422378,0.9967504739761353,0.8457222382227587,0.5120600745791485,0.9994893074035645,0.880516273634775,0.5127231138093135,0.9984275102615356,59.78221415607985,0
529,0.8376568953196215,0.33209548110053677,0.9996199607849121,0.903866098040627,0.349123557408651,0.9968519806861877,0.8457236517043348,0.512143691380819,0.9994872808456421,0.8805425479298553,0.5127031490916301,0.9984363317489624,59.78221415607985,0
530,0.8376601338386542,0.3321325466746378,0.9996203780174255,0.9038167482330693,0.3489697703293394,0.9969517588615417,0.8457315706071407,0.5122286620594211,0.9994897842407227,0.8805100492068706,0.5127096346446449,0.9984579086303711,59.78221415607985,0
531,0.8376583002862483,0.33215866628147334,0.9996244311332703,0.9036946807588857,0.3487413681688766,0.997066080570221,0.8457402757235943,0.5122787214460831,0.9995014071464539,0.8804705966086621,0.5126885033789139,0.9984996914863586,59.78221415607985,0
532,0.8376363033340097,0.3321742429619746,0.9996286630630493,0.9035010933876044,0.34848723667008563,0.9972020387649536,0.8457701234590447,0.512281749929701,0.9995139241218567,0.880459870610919,0.5126350805872967,0.9985467791557312,59.78221415607985,0
533,0.837603980586643,0.33218608725638643,0.9996298551559448,0.9032997943106158,0.3482667349633719,0.9973464012145996,0.8458168932369784,0.5122643624033251,0.9995219111442566,0.8804690383729488,0.5125522301310589,0.998586893081665,59.78221415607985,0
534,0.8375775530224762,0.3321893967333297,0.9996342658996582,0.9031298018637165,0.34807596462113544,0.9974794983863831,0.8459190243766428,0.5122376623607822,0.9995289444923401,0.8804699693407338,0.5124592951365884,0.9986240267753601,59.78221415607985,0
535,0.8375689586003628,0.33219368826775353,0.9996378421783447,0.9030194963727686,0.3479060218447733,0.9976068735122681,0.8460636337598171,0.5122255399113613,0.9995338916778564,0.8804718880426324,0.5123665048962552,0.9986570477485657,59.78221415607985,0
536,0.8375896101906193,0.33219665005093557,0.9996404647827148,0.9029392004013068,0.34780801477886414,0.997722864151001,0.8462430891536538,0.5123928842090428,0.9995425343513489,0.8804787510917308,0.5124138735589532,0.9986987113952637,59.78221415607985,0
537,0.8376161938621891,0.3321888035251983,0.9996397495269775,0.9028690059979765,0.34773409224691876,0.9978020191192627,0.8464017254965652,0.5126934562410631,0.9995536804199219,0.8804852252914799,0.5126605204173501,0.9987366199493408,59.78221415607985,0
538,0.837550083796184,0.33217376328650006,0.9996395707130432,0.902757610593524,0.34764032846405424,0.9978711009025574,0.8465247892198116,0.5130036870638534,0.9995680451393127,0.880498273032053,0.5129901624861222,0.9987791180610657,59.78221415607985,0
539,0.8374091982841498,0.33214822553453016,0.9996383190155029,0.9026365138235553,0.3475372947397689,0.9979184865951538,0.8466038760684792,0.5132792137918023,0.9995717406272888,0.8805227818943212,0.5133463683582492,0.998799741268158,59.78221415607985,0
540,0.837182141485669,0.332125395536423,0.999636709690094,0.902533534027282,0.3474412830103014,0.9979768991470337,0.8466486732165025,0.5135264964330768,0.999571681022644,0.8805464931896761,0.5137766798337304,0.9988158941268921,59.78221415607985,0
541,0.8368824691999532,0.3321864604949954,0.9996339678764343,0.9024392110960832,0.3473822786694484,0.9980013370513916,0.8466404960269027,0.5138407463119148,0.9995759129524231,0.880591409546989,0.5141460980687826,0.998833954334259,59.78221415607985,0
542,0.8366186590421774,0.33234545304661733,0.9996345639228821,0.902349131447929,0.347342425868625,0.9980611801147461,0.8466143153962642,0.514355213869186,0.9995855689048767,0.8806432201748808,0.5145043901034768,0.9988633394241333,59.78221415607985,0
543,0.8364346935635527,0.3325651671205251,0.9996414184570312,0.9022760362852194,0.3472716269038975,0.9981086254119873,0.8465726659411483,0.5148642006374544,0.9995960593223572,0.8806842054639551,0.5147802886508763,0.9988886713981628,59.78221415607985,0
544,0.8363061745961513,0.3327968120574954,0.9996382594108582,0.902201624143692,0.3471327665306276,0.9981063008308411,0.8465429856663664,0.5151988154365907,0.9995829463005066,0.8807110559372682,0.5148763684999379,0.9988596439361572,59.78221415607985,0
545,0.8362640880403072,0.3329750100771589,0.9996359944343567,0.9021497851326359,0.3469530159518835,0.9981342554092407,0.846547274362474,0.5153381427129113,0.9995768666267395,0.8807246940476561,0.5148396179789593,0.9988546371459961,59.78221415607985,0
546,0.8362456247920089,0.33306402109918165,0.9996362924575806,0.9021391868591316,0.34676631859370666,0.9981924295425415,0.8465625870795483,0.5153296646617712,0.9995637536048889,0.8807181290217815,0.5148202947207864,0.9988368153572083,59.78221415607985,0
547,0.8362067313421346,0.33311423659324674,0.9996389150619507,0.9021338621775317,0.3466019091152012,0.9982566237449646,0.8465735259510229,0.5152942084130792,0.9995545148849487,0.8807265020552143,0.5147798572267809,0.9988234043121338,59.78221415607985,0
548,0.8361795005344216,0.3331332533132465,0.9996400475502014,0.9021338366326839,0.3464752889814834,0.9983216524124146,0.8465832925978168,0.515288216727121,0.9995479583740234,0.8807426889737454,0.5147560182071872,0.9988134503364563,59.78221415607985,0
549,0.8361531723113294,0.33313947490283446,0.9996376633644104,0.9021285204660331,0.34636212104842806,0.9983671307563782,0.8465818791162407,0.5153619902474544,0.9995383620262146,0.8807778103011003,0.5147782791228526,0.9987937211990356,59.78221415607985,0
550,0.8361129675592702,0.33313956430980163,0.9996297359466553,0.9021101026307976,0.34628343014490065,0.9983987808227539,0.8465678975695663,0.5154896406900319,0.99953293800354,0.8808209754171833,0.5148398251760578,0.9987879395484924,59.78221415607985,0
551,0.8360719084739692,0.3331436614195508,0.9996236562728882,0.9020789521081114,0.3462423653829668,0.9984336495399475,0.8465569019317634,0.5156602036385314,0.9995312690734863,0.8808605727695291,0.5149240919521881,0.9987887740135193,59.78221415607985,0
552,0.836016944476537,0.3331613753523148,0.9996241331100464,0.9020421732039686,0.34623145915213116,0.9984639286994934,0.8465684482029514,0.5158199838229592,0.9995405077934265,0.8808895150820422,0.5149962504704797,0.9988085031509399,59.78221415607985,0
553,0.8359583843322034,0.33318564295768766,0.9996213912963867,0.9020101172583451,0.34622423705600586,0.9984766840934753,0.8465935900097808,0.5159190722874237,0.999546468257904,0.8809054806118927,0.5150259165536795,0.9988236427307129,59.78221415607985,0
554,0.8359098150616606,0.33320196043877404,0.9996222853660583,0.9019951110794437,0.346243732032322,0.998495876789093,0.8466532798040487,0.5159224754288088,0.999558687210083,0.8809309289568954,0.5150125906580975,0.9988504648208618,59.78221415607985,0
555,0.8358315201032736,0.33321383169719176,0.9996179342269897,0.9019909330776767,0.34627262893177246,0.9984959363937378,0.8467074263663525,0.5158853757949107,0.9995690584182739,0.8809680711655397,0.5150052621251064,0.9988744854927063,59.78221415607985,0
556,0.8356974124908454,0.3332031837531501,0.9996223449707031,0.9019879301389067,0.34629490829649456,0.9985161423683167,0.8467588197617311,0.5157892363412044,0.9995864033699036,0.8810136999402735,0.5149914508774172,0.9989135265350342,59.78221415607985,0
557,0.8355531578972233,0.3331711434182669,0.9996210336685181,0.9019864343461543,0.3463025717508228,0.9985409379005432,0.8468220290683571,0.5156798391115102,0.9995996952056885,0.8810501978510908,0.514974142823901,0.9989463090896606,59.78221415607985,0
558,0.8354141768955056,0.33314400627499563,0.9996233582496643,0.901985188325247,0.3463130664257779,0.9985899329185486,0.8468815769468042,0.5155885077658158,0.9996116161346436,0.8810812376794368,0.5149720197632204,0.998978853225708,59.78221415607985,0
559,0.8353151168142053,0.33312800668534803,0.9996314644813538,0.9019891392617005,0.34632676839828513,0.9986474514007568,0.8469205896059679,0.5155516039757506,0.999625563621521,0.8810988976841888,0.5150006895973573,0.9990158677101135,59.78221415607985,0
560,0.8352747332482118,0.33311774759065566,0.9996422529220581,0.9019976456960049,0.3463462179615387,0.9986984133720398,0.8469599258332032,0.5155469292686103,0.9996422529220581,0.8811189702578961,0.5150406247093569,0.9990551471710205,59.78221415607985,0
561,0.8352551006135494,0.3331195371491571,0.9996523261070251,0.9020063281059273,0.3463680857703802,0.998753547668457,0.8469988760494057,0.5155546012378879,0.9996544718742371,0.8811305903253108,0.5150868693987533,0.999083399772644,59.78221415607985,0
562,0.8352377812067674,0.3331179292429064,0.9996618628501892,0.9020141505059749,0.3463838639713472,0.9988049864768982,0.8470650882948019,0.5155547261238103,0.9996631741523743,0.8811412851015734,0.5151196576300126,0.9991043210029602,59.78221415607985,0
563,0.835233200164069,0.3331114224025184,0.9996688365936279,0.9020230287597301,0.346397841260547,0.9988507032394409,0.8471488640421919,0.5155501848175417,0.9996693730354309,0.8811464593524031,0.5151300543830513,0.99912029504776,59.78221415607985,0
564,0.8352225252560214,0.3331182017212825,0.9996755123138428,0.9020290686970673,0.3464198112487796,0.998893678188324,0.8472152125267762,0.5155297205561687,0.9996737241744995,0.8811499618348628,0.5151244884445557,0.9991326332092285,59.78221415607985,0
565,0.8351999350956514,0.3331397317704703,0.999681293964386,0.9020333432015926,0.34644597910699415,0.9989298582077026,0.8472493517966504,0.5155066365287422,0.999674916267395,0.8811416484060749,0.5151107907295231,0.9991374611854553,59.78221415607985,0
566,0.8351737345967981,0.33316974838574753,0.9996873140335083,0.9020183710824883,0.3464584918249224,0.998964250087738,0.8472911147844231,0.5154789601053514,0.9996750354766846,0.8811202333087019,0.5150739692506341,0.9991410374641418,59.78221415607985,0
567,0.8351477327800939,0.3332048101084576,0.9996906518936157,0.9019923976489483,0.3464566384043015,0.9989917278289795,0.8473577357473834,0.5154602130254113,0.9996678829193115,0.8810952163877948,0.5150328051476256,0.999133288860321,59.78221415607985,0
568,0.8351122538248705,0.33323713711329894,0.9996940493583679,0.9019556556429189,0.34644095244861817,0.9990244507789612,0.8474646494502119,0.5154667496681218,0.9996629357337952,0.8810729412805474,0.5149928728739425,0.9991334080696106,59.78221415607985,0
569,0.8350781713213247,0.33325870122228374,0.9996963143348694,0.9019143240792419,0.3464284553414302,0.9990548491477966,0.8475786021777569,0.5155494383403237,0.999661386013031,0.8810449980554134,0.5150078194481991,0.9991388320922852,59.78221415607985,0
570,0.8350451815695996,0.33327847151529244,0.9996952414512634,0.9018786407652364,0.3464247896557765,0.9990784525871277,0.8476671746798932,0.5156832479295281,0.999656617641449,0.8810095247768227,0.5150706597736907,0.9991374611854553,59.78221415607985,0
571,0.8350144681476418,0.3332975322291967,0.9996923804283142,0.9018558547610336,0.346420221385502,0.9990962147712708,0.8477028920536956,0.515822481541407,0.9996474385261536,0.8809675971666979,0.5151491420609615,0.9991270899772644,59.78221415607985,0
572,0.8350019398189733,0.33330548377264135,0.9996927976608276,0.9018365655626578,0.34640132955142455,0.9991274476051331,0.8476999657494688,0.5159185528755192,0.9996432662010193,0.8809406757354743,0.51519254843394,0.9991287589073181,59.78221415607985,0
573,0.835019020807176,0.3332929440907072,0.9996911883354187,0.9018330432119831,0.3463882903258009,0.9991433024406433,0.8476502015477142,0.5159683880351842,0.9996422529220581,0.8809454668135877,0.5152228843598143,0.9991312623023987,59.78221415607985,0
574,0.8350561942373009,0.3332713147004448,0.9996854066848755,0.9018334263846995,0.34635681765420123,0.9991291761398315,0.847593355746497,0.516046870322455,0.9996426701545715,0.8809824415615634,0.5153117974599206,0.9991296529769897,59.78221415607985,0
575,0.8351108772414078,0.33323994136991986,0.9996764659881592,0.9018385069710876,0.34631556130590924,0.9991067051887512,0.8475220402081813,0.5160503728049146,0.9996387958526611,0.881024468512763,0.515433924538749,0.9991207718849182,59.78221415607985,0
576,0.8351695338884996,0.33319893621263075,0.9996557831764221,0.9018389270419174,0.3462519148985548,0.9990671277046204,0.8474646352586299,0.5158349275588994,0.9996156692504883,0.8810698162941712,0.5154799989291603,0.9990814924240112,59.78221415607985,0
577,0.8352192470005587,0.33312134799503174,0.9996418356895447,0.9018408769652965,0.34616624031748117,0.9990044832229614,0.8474280635515856,0.5154307200795132,0.9995980262756348,0.8811118375687379,0.5153679138138185,0.9990524053573608,59.78221415607985,0
578,0.8352787125678296,0.33298904980931987,0.9996309876441956,0.9018712270827528,0.3460824049654464,0.9989693760871887,0.8474173176856274,0.5149498922484266,0.9995836615562439,0.8811389094307316,0.5151026532763531,0.999035120010376,59.78221415607985,0
579,0.8353685821805688,0.33283993176051574,0.9996258616447449,0.9019490366890325,0.3460341876461395,0.9989525079727173,0.8474142608188454,0.5146871947106866,0.9995753169059753,0.8811469929558897,0.5149147226696926,0.9990261197090149,59.78221415607985,0
580,0.8354792821974988,0.3327029049396517,0.9996179342269897,0.902077442123777,0.3460032244523369,0.9989454746246338,0.8473994817052575,0.5147594979831155,0.9995577931404114,0.8810907176562726,0.514948047342755,0.9990041255950928,59.78221415607985,0
581,0.8356222027824045,0.3326096875326977,0.9996019005775452,0.90224537962959,0.3460150332677935,0.9989193081855774,0.847290632270632,0.5150185085478287,0.9995394945144653,0.8809238785789133,0.5151967633338206,0.9989834427833557,59.78221415607985,0
582,0.8357915395782114,0.33249470875376774,0.9995912909507751,0.9023909057889673,0.345990856488546,0.9989120364189148,0.8471403519312547,0.5152552383286617,0.9995200037956238,0.8806892690204446,0.5154999437786287,0.998968780040741,59.78221415607985,0
583,0.8359703677041197,0.33233215411504136,0.9995909929275513,0.9025327903883806,0.3459131150018604,0.9989141225814819,0.8469683698245464,0.5154148425374716,0.9995207786560059,0.8804367496853789,0.5157481687409542,0.9989782571792603,59.78221415607985,0
584,0.8361666003863024,0.3320986642723994,0.9995899796485901,0.9026860566366293,0.34580137332280503,0.9988973736763,0.846786865166256,0.5153976991063076,0.9995121955871582,0.8802276792980382,0.515786639281682,0.9989685416221619,59.78221415607985,0
585,0.8364404326393498,0.33185660980996656,0.9995928406715393,0.9029065058344894,0.34567069297745145,0.9989020824432373,0.8466366160483594,0.5152098990622025,0.9995157718658447,0.8801271858669469,0.5156232941718333,0.9989789724349976,59.78221415607985,0
586,0.8367384161267969,0.33167928883007625,0.9996000528335571,0.9032091441608618,0.34558041464714806,0.9989019632339478,0.8465510436466769,0.5150315051987062,0.9995332956314087,0.8801330924034125,0.5153971314430241,0.9990091919898987,59.78221415607985,0
587,0.8370686712719152,0.33157774380275207,0.9996123909950256,0.9035113028117596,0.3455251810096562,0.9988994002342224,0.8464926963760746,0.5146108099392487,0.9995516538619995,0.8801773389180508,0.5150399293218344,0.9990430474281311,59.78221415607985,0
588,0.8374251836822153,0.331464047942843,0.9996227025985718,0.9037123322486884,0.34540619736626066,0.9989025592803955,0.8464877037774956,0.513792713483175,0.9995617866516113,0.8802178133101697,0.514448654083979,0.999058187007904,59.78221415607985,0
589,0.8377898676054825,0.3313505819865638,0.9996325373649597,0.9038646959123164,0.34524534571738497,0.9988951683044434,0.8464880500520986,0.5128709815797355,0.9995670914649963,0.8803058550471359,0.5138167142868046,0.999064564704895,59.78221415607985,0
590,0.838150376365299,0.3312302075681235,0.9996424317359924,0.9040264118285415,0.3450896725768138,0.998890221118927,0.8465084405172445,0.5120803685415363,0.9995788931846619,0.8804578951426922,0.5133313536643986,0.9990850687026978,59.78221415607985,0
591,0.8386122243744993,0.33107356230417917,0.9996519684791565,0.9042976668902813,0.344969444331669,0.998894989490509,0.8465671312241334,0.5115375149817698,0.9996002316474915,0.8806529101871315,0.5130221020607726,0.9991263747215271,59.78221415607985,0
592,0.8390724829265057,0.3309432693890165,0.9996516704559326,0.9046774024055125,0.34492140866461285,0.9988905191421509,0.8466622148241323,0.5115409379913698,0.9996125102043152,0.8809075440679286,0.5130908432460971,0.9991509318351746,59.78221415607985,0
593,0.8395250411260702,0.3307956386180154,0.9996557235717773,0.9051349532036561,0.34495016932487516,0.9988948702812195,0.8467407765842626,0.5117747215997609,0.9996262192726135,0.8811491387231016,0.5133734089987623,0.9991791844367981,59.78221415607985,0
594,0.8399557868639635,0.33063412422225613,0.9996513724327087,0.9055678106489643,0.3450238548573996,0.9988849759101868,0.8467616325333012,0.5119731454622183,0.999636173248291,0.8813106587954938,0.5136363932064605,0.9992022514343262,59.78221415607985,0
595,0.840334716297332,0.3304716249306999,0.9996444582939148,0.9059275786081957,0.3451263180800849,0.9988773465156555,0.84670224643889,0.5121580333936786,0.9996405243873596,0.8814424929164713,0.5138457871618729,0.9992137551307678,59.78221415607985,0
596,0.8406349562463312,0.33034161584717914,0.9996320009231567,0.9061766437121808,0.34523075960931354,0.9988600015640259,0.8466798095476067,0.5123226727758139,0.9996317625045776,0.8815436334837058,0.51403516247159,0.999211311340332,59.78221415607985,0
597,0.8408865985416238,0.3302062877586912,0.999607503414154,0.906318045797803,0.34531505618776626,0.9988057613372803,0.8466951307796303,0.5123925038746429,0.999608039855957,0.8816223882493526,0.5141093078113742,0.9991884827613831,59.78221415607985,0
598,0.8410178025563564,0.3301074206829074,0.9995942115783691,0.9063700267246799,0.3453373298758555,0.998749852180481,0.8467019455773497,0.5123625738280164,0.9995943307876587,0.8817214256241215,0.5141097988401144,0.9991787672042847,59.78221415607985,0
599,0.8410633745647619,0.33003760661397685,0.9995613098144531,0.9064294951302672,0.34537841876347886,0.9987140893936157,0.8466085592905688,0.5123038206781664,0.999586284160614,0.8818368003481918,0.5141164234706338,0.9991856813430786,59.78221415607985,0
600,0.8410579874402007,0.33001643561181593,0.9995346069335938,0.90651822090149,0.34545065675463027,0.9986947178840637,0.8464185595512397,0.512244698547182,0.9995853900909424,0.8819815573238199,0.5141345148994814,0.9991987347602844,59.78221415607985,0
601,0.8410310972304578,0.3300105489435653,0.9995104670524597,0.9066337460563305,0.34553108470780536,0.9986563324928284,0.8461636617070161,0.5121900240580245,0.9995896816253662,0.8821610893521997,0.5141447981198632,0.9992173910140991,59.78221415607985,0
602,0.841005532514482,0.33002834376834717,0.9994907975196838,0.9067598269099288,0.34564245882488465,0.9986206889152527,0.8459123855545414,0.5121892974490215,0.999586284160614,0.882316606385368,0.5143278865587148,0.999221682548523,59.78221415607985,0
603,0.841009954611461,0.3300403427510037,0.9994871616363525,0.9068896060898197,0.34575224348476985,0.998611569404602,0.8457336085183287,0.5121809698286515,0.9995957016944885,0.8824475322450918,0.514541966574533,0.9992443323135376,59.78221415607985,0
604,0.841058790683747,0.3300445392018275,0.9994794130325317,0.9070380954515374,0.3458287219206495,0.9986322522163391,0.8456501251175297,0.5121913211686274,0.999607264995575,0.8825422184807921,0.514891039757502,0.9992717504501343,59.78221415607985,0
605,0.8411014023281286,0.3300575401101796,0.9994933009147644,0.9071683912050164,0.34592545174417066,0.9986563920974731,0.8455610814548681,0.5122334673291165,0.9996304512023926,0.8825509122439801,0.5152763951392405,0.9993111491203308,59.78221415607985,0
606,0.8411276113419313,0.3300718452249257,0.9995079040527344,0.9072686206726809,0.34607812052681364,0.9987002611160278,0.8454642097155259,0.5122738139969966,0.9996493458747864,0.8825200370379864,0.5155909402029859,0.9993410706520081,59.78221415607985,0
607,0.8410919507344571,0.33007221704437645,0.9995185136795044,0.9073153421992355,0.34621880026090746,0.9987183213233948,0.8453078525406981,0.5122596507980715,0.9996638894081116,0.8823994625182386,0.51570737361908,0.9993612766265869,59.78221415607985,0
608,0.8409889993213479,0.3301013906796776,0.9995340704917908,0.9073279272942323,0.34640804216975285,0.998751699924469,0.8450882945741933,0.5122148195902511,0.9996764659881592,0.8822264472643542,0.5158103221938728,0.9993791580200195,59.78221415607985,0
609,0.8408671645891106,0.3301196282818207,0.9995378255844116,0.9072738602047883,0.34657460167294485,0.9987862706184387,0.8448984991936463,0.5119170603298009,0.9996823072433472,0.8820379149346133,0.5155181203569689,0.9993895292282104,59.78221415607985,0
610,0.8407370135897688,0.3301184574762983,0.9995500445365906,0.9071681385948552,0.3466610425994513,0.9988201260566711,0.8447997144290386,0.5115520187786651,0.9996962547302246,0.8817626975831538,0.5151392845880423,0.999414324760437,59.78221415607985,0
611,0.8404931397665121,0.33012699655124145,0.9995597004890442,0.9069136977195748,0.3466909229755405,0.9988526105880737,0.8447642014140181,0.5112429686955048,0.9997088313102722,0.8813616832097378,0.5147646608806796,0.9994366765022278,59.78221415607985,0
612,0.8401494735763193,0.3301457549844472,0.999561607837677,0.9065428745178957,0.3467210559617908,0.99887615442276,0.8447737920851941,0.5110314062663491,0.9997129440307617,0.8809057530902689,0.5145045093127664,0.9994411468505859,59.78221415607985,0
613,0.8397060263724561,0.3301396355742503,0.9995633363723755,0.906072622253782,0.34670969843864474,0.9988952875137329,0.8447101627077382,0.5108695115361899,0.9997153282165527,0.8803595276105979,0.5143618526912875,0.9994450807571411,59.78221415607985,0
614,0.8391142459142782,0.3301404870691756,0.9995670914649963,0.9054231473377781,0.3467233620938803,0.9989007711410522,0.8445664218493877,0.5107520591645018,0.9997141361236572,0.8798972510156184,0.5143708813758128,0.9994392991065979,59.78221415607985,0
615,0.838495972610656,0.33014188635916963,0.9995696544647217,0.9046579031717218,0.34675105270885315,0.99891597032547,0.8443739953495214,0.5107546250025435,0.9997110366821289,0.879571057501294,0.5143768106188097,0.9994329214096069,59.78221415607985,0
616,0.8378920242899948,0.33008102434022113,0.9995664358139038,0.9039175283341188,0.34678506567364675,0.9989100694656372,0.8440835078557338,0.5109496003105531,0.9997032284736633,0.8792559078761517,0.5144511518024266,0.9994159936904907,59.78221415607985,0
617,0.8372916096732737,0.3299776258922761,0.9995625615119934,0.903185197285244,0.34678324063619004,0.9988898038864136,0.843770881493887,0.5112792253494267,0.9996873736381531,0.8789492618469972,0.5145756063007177,0.9993875622749329,59.78221415607985,0
618,0.836669910521735,0.3298717793964207,0.999555766582489,0.9024864747410736,0.34669927897907465,0.9988716840744019,0.8434846372831442,0.5116355702990582,0.9996732473373413,0.8785889120329,0.5147264117286323,0.9993714094161987,59.78221415607985,0
619,0.8360552220117485,0.329766685054416,0.9995411038398743,0.9018695212545856,0.3465629645756315,0.9988215565681458,0.8432633337520424,0.5118342779931573,0.9996507167816162,0.878197792030517,0.5147658075605124,0.9993410110473633,59.78221415607985,0
620,0.8354315190088188,0.3297032515207929,0.9995367527008057,0.9012802356765391,0.34641523304439753,0.9988322854042053,0.8431451462564021,0.5118298388662796,0.9996417760848999,0.8778173951875603,0.514660389650436,0.9993283152580261,59.78221415607985,0
621,0.8348214342480622,0.3297258601302195,0.9995344281196594,0.9007485083171307,0.3463044649078735,0.9988206624984741,0.8430924756186355,0.5118467382022317,0.9996342062950134,0.8774648195221317,0.5145132087525872,0.9993096590042114,59.78221415607985,0
622,0.8343003959882833,0.32977070978709655,0.9995321035385132,0.9003590487298518,0.34626269624346806,0.9987938404083252,0.8429836432139085,0.5117786469913668,0.9996153712272644,0.877096056938172,0.5142849797294258,0.9992766976356506,59.78221415607985,0
623,0.8339535792668666,0.32981948483557955,0.9995306730270386,0.9000592487198973,0.34624138474464444,0.9987955093383789,0.8428540002732057,0.5116504884901505,0.9996075630187988,0.876740271136875,0.5140493256705152,0.9992671608924866,59.78221415607985,0
624,0.8336913500513357,0.32986268684977604,0.9995282292366028,0.8997614383697516,0.34619133813040626,0.9987980723381042,0.8427378592037027,0.511524651731764,0.999594509601593,0.8763823452449987,0.5138889721461708,0.9992510080337524,59.78221415607985,0
625,0.833505258673714,0.32989170579683236,0.9995139837265015,0.8994909241085968,0.3461419287182038,0.9987793564796448,0.8426827447755003,0.5114052834964938,0.9995620250701904,0.8761097192764289,0.5137794982819335,0.9992021322250366,59.78221415607985,0
626,0.8334032666115541,0.3298947484720324,0.9994939565658569,0.8992545547939489,0.34607500547454495,0.9987589716911316,0.8426865992091959,0.5113056131771637,0.9995145797729492,0.8759172331719178,0.5137356406166445,0.9991318583488464,59.78221415607985,0
627,0.8332438043185649,0.3299095233281456,0.9994760751724243,0.8989794538134628,0.34600140225319664,0.9987375140190125,0.842708967980885,0.5112407803535466,0.9994771480560303,0.8758035472461163,0.513717441331773,0.9990772604942322,59.78221415607985,0
628,0.833026826381684,0.32993941505750046,0.9994682669639587,0.898704477718899,0.34591149006571115,0.998715341091156,0.8427165264175058,0.5110912266231722,0.9994508624076843,0.8757492530913586,0.5135798908415299,0.9990363717079163,59.78221415607985,0
629,0.8328506974946892,0.32995987364224055,0.9994595646858215,0.8984784852890748,0.3458061076345901,0.9986942410469055,0.8427227338155117,0.5107995697430205,0.9994183778762817,0.8757323111806604,0.5131652780941559,0.9989795088768005,59.78221415607985,0
630,0.8327151622091027,0.3299717803796135,0.9994515180587769,0.898326564402808,0.3456976541451048,0.9986780285835266,0.8427346036547714,0.5104297229221892,0.9994022846221924,0.875738047418141,0.5125742526281452,0.9989581108093262,59.78221415607985,0
631,0.8326157019251875,0.3299859634467536,0.9994492530822754,0.8982492742084328,0.3455458325999127,0.9986893534660339,0.8427424998510458,0.5099858102344336,0.999409556388855,0.8757416009902961,0.5119288223130367,0.9989761710166931,59.78221415607985,0
632,0.8325559213047943,0.32999978604770863,0.999442458152771,0.8982107043266304,0.3453524978387926,0.9987043142318726,0.8427297955467594,0.5095457065673106,0.999413013458252,0.8757116766203025,0.5113735340890434,0.9989899396896362,59.78221415607985,0
633,0.8325006592841382,0.3300354168528605,0.9994423985481262,0.8981739623206011,0.3451548247110279,0.9987188577651978,0.8427106227193567,0.5092328361102516,0.9994152784347534,0.8756475193159928,0.5110312274524147,0.9989986419677734,59.78221415607985,0
634,0.8324173319907422,0.3300756400539764,0.99945467710495,0.8981280922889717,0.34499063094457016,0.9987285733222961,0.8426963317961926,0.5090706149737044,0.9994234442710876,0.8755771006856653,0.5108970346904941,0.9990061521530151,59.78221415607985,0
635,0.8323585476194115,0.33011249559266254,0.9994613528251648,0.898085812727611,0.3448977825187505,0.9987382292747498,0.8427010320481807,0.5089880767322725,0.9994303584098816,0.8755192785036003,0.5108070572217309,0.9990108609199524,59.78221415607985,0
636,0.8323368770735611,0.3301437624863218,0.9994634389877319,0.8980579007239576,0.3448785344759626,0.9987227916717529,0.8427184309278222,0.5089730421702071,0.9994364380836487,0.8754919199716484,0.5107713710694091,0.9990107417106628,59.78221415607985,0
637,0.8323293895948507,0.330167407081241,0.999464750289917,0.8980350693066922,0.34486948166574777,0.9987000226974487,0.8427393209366578,0.508966616221837,0.9994494915008545,0.8754921867733918,0.510762180600848,0.9990220665931702,59.78221415607985,0
638,0.8323301644552328,0.3301555500144053,0.9994645714759827,0.8980181926772716,0.3448728081725896,0.9986811280250549,0.8427511567161203,0.5088896950085962,0.9994610548019409,0.8754877050717679,0.5107190665744604,0.9990350604057312,59.78221415607985,0
639,0.83233867656617,0.3301767352081483,0.9994633793830872,0.8980120448839104,0.3448606190227329,0.998666524887085,0.8427626348677142,0.5089549649329417,0.9994722604751587,0.875480649017153,0.5107575882048838,0.9990484118461609,59.78221415607985,0
640,0.8323426246643073,0.33030706076394967,0.9994667768478394,0.8980123485837671,0.3448407366162257,0.9986575841903687,0.8427869620777318,0.5092551424389797,0.9994890689849854,0.8755787554241369,0.5109090379306253,0.9990658760070801,59.78221415607985,0
641,0.8323326252755672,0.3305176524888904,0.999476432800293,0.8980417819250205,0.3448086409341724,0.9986481666564941,0.8427842429706035,0.5096475169772198,0.9995158910751343,0.8757489777746662,0.5110842528797335,0.9990958571434021,59.78221415607985,0
642,0.832370179040092,0.33069678999128826,0.9994933009147644,0.8981587773277653,0.3448095378421605,0.9986591339111328,0.8427635658354993,0.5100737270854772,0.9995473027229309,0.8760304819969911,0.5113070635568533,0.9991381764411926,59.78221415607985,0
643,0.8324428399403897,0.3307757902713052,0.9995027780532837,0.8983909941854938,0.3448454496406376,0.998665988445282,0.8426924291111182,0.5103963130996345,0.9995735287666321,0.8763228058815009,0.5114819322313586,0.9991740584373474,59.78221415607985,0
644,0.8325815030506685,0.33073574730328176,0.9995179772377014,0.898681805247353,0.34490358971414137,0.9986768960952759,0.8426081538200385,0.5105002550851736,0.9996024966239929,0.8765264494078507,0.511597315470378,0.9992173314094543,59.78221415607985,0
645,0.8327390012286966,0.3306968453384584,0.9995282888412476,0.8989537329900839,0.34495670596758554,0.9986806511878967,0.8425335997626902,0.5105265520867852,0.9996282458305359,0.8766066148167573,0.5117156278519408,0.9992568492889404,59.78221415607985,0
646,0.832858133883704,0.33071977042016554,0.9995401501655579,0.899138237748828,0.34500985344251023,0.9986799359321594,0.8425006781305593,0.5106262706574943,0.9996514916419983,0.8766551471891865,0.5118687124479389,0.9992920160293579,59.78221415607985,0
647,0.8329372860136492,0.3308356688136149,0.9995554685592651,0.8992233304750359,0.34503898450306514,0.99869304895401,0.8424782156944282,0.5107605287006927,0.9996771812438965,0.8766605513436461,0.5120229408854534,0.9993341565132141,59.78221415607985,0
648,0.8330048691658754,0.33095292534147014,0.9995631575584412,0.8992428893134714,0.34506460598536925,0.998695433139801,0.8424961538541892,0.5109539117131918,0.999699592590332,0.8767036596934008,0.5122209361621316,0.9993698000907898,59.78221415607985,0
649,0.8330741155715222,0.33103545790626915,0.9995576739311218,0.8992577507382353,0.3450927464734943,0.9986608624458313,0.8425451488721944,0.5111197658947539,0.9997150301933289,0.8767596199398957,0.5123653213183089,0.999388575553894,59.78221415607985,0
650,0.8332327774592815,0.33107991161800593,0.9995456337928772,0.8992768696376263,0.3451354560397923,0.9986419677734375,0.8426142987750832,0.5112550059954329,0.9997254014015198,0.8768086915924442,0.5124935309092208,0.9994003772735596,59.78221415607985,0
651,0.8334681874229801,0.3311195472876234,0.9995384812355042,0.899315257867178,0.34516377392269343,0.9986366629600525,0.8426747378848854,0.5112346410751347,0.9997329115867615,0.8768390899612797,0.5125153916222713,0.9994065165519714,59.78221415607985,0
652,0.8337472223100215,0.3311264642647337,0.9995363354682922,0.8993815666153324,0.3451926807562513,0.9986520409584045,0.8427115366572433,0.5111216448602227,0.9997426867485046,0.8768571303004317,0.5124873093196328,0.999422013759613,59.78221415607985,0
653,0.8341688854353775,0.331184302057539,0.9995452165603638,0.8994863090061014,0.3453416994639808,0.998690664768219,0.8427186381249208,0.5109535001573112,0.999755859375,0.8768573005994167,0.5124488700003855,0.9994471669197083,59.78221415607985,0
654,0.8346577031271805,0.33125626757031423,0.9995579123497009,0.8995758578890853,0.3455573235239304,0.9987404346466064,0.8427328779583891,0.5107748962584,0.9997692108154297,0.8768588900566109,0.5124075355983919,0.9994730353355408,59.78221415607985,0
655,0.8351523989722849,0.3313233199573701,0.9995699524879456,0.8997301090331312,0.3457767665386203,0.9987725615501404,0.8427908165114273,0.5106248458226526,0.9997820854187012,0.8768977522850044,0.5123741995720641,0.9994972348213196,59.78221415607985,0
656,0.8356435412452341,0.3313590529419129,0.9995740652084351,0.8999761683600297,0.34598438370795503,0.998779296875,0.8428509235382087,0.5105560251644683,0.9997923374176025,0.8769899124190927,0.5123685711906074,0.999517023563385,59.78221415607985,0
657,0.8359977574575521,0.3313699109213696,0.999570369720459,0.9003275632858283,0.34610402300244314,0.9987742304801941,0.8429360701924286,0.5105361058598477,0.9997968673706055,0.8771674746558786,0.5123825953120281,0.999524712562561,59.78221415607985,0
658,0.8362594899677103,0.3313590515227548,0.9995630979537964,0.9007546447572261,0.3461276548249384,0.9987680315971375,0.8430557676724032,0.5105255473227732,0.9997989535331726,0.8774195824350637,0.5124088156790965,0.999529242515564,59.78221415607985,0
659,0.8365383233342859,0.3313377641496207,0.9995527863502502,0.9011876696632029,0.3461731729053319,0.9987601041793823,0.8432935362770451,0.5105038143339615,0.9997994899749756,0.877662224428995,0.5124378062429886,0.9995312094688416,59.78221415607985,0
660,0.8367926024255306,0.33135325284231304,0.9995483756065369,0.9015176807131093,0.34623493467058486,0.9987422227859497,0.8436288862001335,0.5104980043002542,0.9997992515563965,0.8778989428565623,0.5124624485061287,0.9995281100273132,59.78221415607985,0
661,0.8370617855162854,0.33138334467297537,0.9995530843734741,0.9017729901132137,0.3462705143860411,0.9987328052520752,0.8440160836492272,0.5104058413278493,0.999801516532898,0.8780844467026854,0.5124391090302245,0.9995271563529968,59.78221415607985,0
662,0.8373461507615596,0.33143407815978665,0.999556839466095,0.9020198895817718,0.34632275643802857,0.9987237453460693,0.8443628634725304,0.5102615867342272,0.9998060464859009,0.8782009681065884,0.5123410707428346,0.9995319247245789,59.78221415607985,0
663,0.8376070998963863,0.33152200636409607,0.9995508790016174,0.9022735470817209,0.34639663213775296,0.9987109899520874,0.844679514567058,0.5101457919393271,0.9998030662536621,0.8783469682648075,0.5121840210188007,0.9995226860046387,59.78221415607985,0
664,0.8378515470595593,0.3315972387790682,0.9995340704917908,0.9025224163418732,0.34647675213359674,0.9986867904663086,0.8449145271664581,0.5100064703396393,0.9997988343238831,0.8785368033817843,0.5119472628548036,0.999513566493988,59.78221415607985,0
665,0.8380431078729182,0.3316223181429366,0.9995239973068237,0.9027321423803064,0.346538997831799,0.9986636638641357,0.8451301370348256,0.5098719369797483,0.9997979402542114,0.8787372452872146,0.5116673253831414,0.9995105862617493,59.78221415607985,0
666,0.8381250670978009,0.331677732013521,0.999518871307373,0.902875380856651,0.346605588992437,0.9986260533332825,0.8452865197545013,0.5097939003081553,0.9997957348823547,0.878977781250364,0.5113935981478015,0.9995034337043762,59.78221415607985,0
667,0.8381518948645825,0.33171041806538926,0.9995023608207703,0.9029403811409367,0.34663747038160075,0.998568594455719,0.8453701791309183,0.5095927743684682,0.9997898936271667,0.8791815638542182,0.511053357805525,0.999488890171051,59.78221415607985,0
668,0.8381807917640329,0.33172183519318016,0.9994730949401855,0.9029847866012943,0.3466647664705915,0.99849933385849,0.8455030492373882,0.5092658712750393,0.999777615070343,0.8793479942140132,0.5106696827071058,0.9994646310806274,59.78221415607985,0
669,0.8383290881202341,0.33173296281269643,0.9994601607322693,0.9030005023593001,0.3467465568156472,0.9984330534934998,0.8457172058877498,0.5088616723106025,0.9997726678848267,0.8795072663398023,0.5103197012628832,0.9994544982910156,59.78221415607985,0
670,0.8384987484841127,0.3317132294178012,0.9994561672210693,0.9029953905514315,0.3469519302958537,0.9983927011489868,0.8459220443453115,0.508455267974309,0.999769926071167,0.8796510071981528,0.5100710306848802,0.9994475841522217,59.78221415607985,0
671,0.8387023778188802,0.33167875380743145,0.9994649887084961,0.9029858112335213,0.34726010475839914,0.9983687996864319,0.8461324828011656,0.5081743569601154,0.9997747540473938,0.8797917735008973,0.5099876437868396,0.9994561076164246,59.78221415607985,0
672,0.8389216689836418,0.33167658533368816,0.9994760751724243,0.9029841820398974,0.34760552218982177,0.9983339309692383,0.8462836600485308,0.5080874931244628,0.9997797012329102,0.8799130831445974,0.5100615932827909,0.9994659423828125,59.78221415607985,0
673,0.8391180038452155,0.33168199374562246,0.9994814395904541,0.9029921491940823,0.3478683417751678,0.9982950091362,0.8463304724012108,0.5080951083274119,0.999785304069519,0.8799764485586264,0.5101495782534287,0.9994750618934631,59.78221415607985,0
674,0.8392996021679477,0.3316865847224284,0.9994961619377136,0.9030649576868337,0.34802244390760173,0.9982981085777283,0.8463597042219986,0.5080872887656807,0.9997946619987488,0.8800231956300288,0.5101475999468853,0.9994955658912659,59.78221415607985,0
675,0.8394948045412707,0.3316950868992581,0.9995032548904419,0.9031982592173993,0.3480838182426637,0.9982951283454895,0.8463957054274429,0.5080583464531676,0.9997988343238831,0.8800550387019209,0.5100843963168921,0.9995057582855225,59.78221415607985,0
676,0.8396497595877881,0.3317048024563565,0.9995042681694031,0.9033561547597256,0.348116728521529,0.9982725381851196,0.8464173106920159,0.5080525960241049,0.9998030662536621,0.8800818494388043,0.5100010605085468,0.9995176196098328,59.78221415607985,0
677,0.83984733195532,0.3317177082811086,0.9995144605636597,0.9034939294769657,0.34812257403419156,0.9982504844665527,0.8465122580528266,0.5080729126930241,0.999808669090271,0.8801148675736933,0.5099390858695625,0.9995296001434326,59.78221415607985,0
678,0.8400821089744575,0.3317304579984577,0.9995192885398865,0.903584281603496,0.34815897118477623,0.9982190728187561,0.8466449209621981,0.5081320944286533,0.9998104572296143,0.8801188667615262,0.5099340535345536,0.9995351433753967,59.78221415607985,0
679,0.8402932030814041,0.33172946316855323,0.9995303750038147,0.9036252271561402,0.34823263826824397,0.9982380867004395,0.8467692676044654,0.5082046588261926,0.9998120665550232,0.8800812278475088,0.5099714142935621,0.9995409250259399,59.78221415607985,0
680,0.8404802765165064,0.3317128164427624,0.9995432496070862,0.9036736232893815,0.34833738491648747,0.9982699751853943,0.8468305071194973,0.5082272064118163,0.9998142123222351,0.8799984540258142,0.5099890515917828,0.9995490908622742,59.78221415607985,0
681,0.840639389696576,0.33168826926322237,0.9995517134666443,0.9037205065999719,0.3484706765129455,0.9983034133911133,0.8468589555649537,0.5082643599737262,0.9998141527175903,0.879924791199821,0.510011576470875,0.9995541572570801,59.78221415607985,0
682,0.8408284471148543,0.3316800665287747,0.999559223651886,0.9037540214402342,0.34862500571069294,0.998327374458313,0.8468340237935391,0.5083578342483162,0.9998141527175903,0.8798304739452552,0.5100808001699906,0.9995597004890442,59.78221415607985,0
683,0.8410570082210367,0.3316895266373955,0.9995625615119934,0.9038036664326993,0.34875996765636286,0.9983320832252502,0.8468130798566915,0.5085062242689591,0.9998176693916321,0.8797445098559069,0.5101667841275537,0.9995676875114441,59.78221415607985,0
684,0.8412277301152553,0.33171194082214744,0.9995558857917786,0.9038791883559462,0.34893625123160255,0.9982642531394958,0.8467749669438324,0.5087461216109144,0.9998148679733276,0.8796820810862956,0.5102782362983345,0.9995574355125427,59.78221415607985,0
685,0.8413540181659525,0.33172727340743685,0.9995670914649963,0.9039718395187748,0.34916764497756986,0.9982735514640808,0.8466978867848721,0.509014018944332,0.9998197555541992,0.8796532863662364,0.5103555406842917,0.9995667934417725,59.78221415607985,0
686,0.8414402746018916,0.3317662193661647,0.9995837807655334,0.9040648766926365,0.3494591869059066,0.998288094997406,0.8466072678565986,0.5093749165534978,0.9998281598091125,0.8796647276197168,0.5105195159003852,0.9995832443237305,59.78221415607985,0
687,0.8414715783936644,0.33180920424915517,0.9996047616004944,0.9041482976504742,0.3497492216882254,0.9983416199684143,0.8465291233289816,0.5097399893261141,0.999839723110199,0.8797239632833579,0.5107141704786395,0.9996077418327332,59.78221415607985,0
688,0.8415096856298907,0.3318556234950114,0.9996175765991211,0.9042019077709751,0.3499945969808672,0.9983543753623962,0.8464741366250181,0.5100498227846059,0.9998478889465332,0.8797702164877036,0.5109301095917116,0.999622642993927,59.78221415607985,0
689,0.8415295538448159,0.33190862337748234,0.9996304512023926,0.9042554838316789,0.35016452130817255,0.998367190361023,0.8464637143271317,0.510225906258538,0.9998559951782227,0.8797982022875839,0.5111005022412258,0.9996388554573059,59.78221415607985,0
690,0.8415081132025952,0.33194609057335656,0.9996416568756104,0.9042975817407888,0.3502516292390372,0.9983871579170227,0.8464471357209349,0.5102295506568186,0.9998626708984375,0.8798155216943657,0.5111241908300495,0.9996517896652222,59.78221415607985,0
691,0.8414986105192281,0.3319589935597922,0.9996541142463684,0.9043362793468301,0.35028134073529954,0.9984084963798523,0.846395753678822,0.5100816005752205,0.9998703002929688,0.8798208435376492,0.5109528672127501,0.9996669292449951,59.78221415607985,0
692,0.841478850160327,0.3319812218348188,0.9996686577796936,0.9043820982887638,0.3503115361645111,0.9984659552574158,0.8463506698608405,0.5099526927584697,0.999878466129303,0.8798408224469146,0.5107766304697313,0.9996851086616516,59.78221415607985,0
693,0.8414817282131748,0.33199523318381563,0.9996799826622009,0.9044410983721423,0.3503178897358125,0.9985101222991943,0.8463178163483036,0.5098312979652772,0.9998838901519775,0.8798624078432726,0.5105934228215903,0.9996967911720276,59.78221415607985,0
694,0.8415074093001236,0.3319909714517142,0.9996834397315979,0.9044960226331445,0.3503032780828933,0.9985319375991821,0.8463141378902261,0.5097398502486097,0.9998841285705566,0.8798870103699827,0.5104577740033471,0.9996975064277649,59.78221415607985,0
695,0.8415664406049825,0.33199084798495004,0.9996891021728516,0.9045368660063977,0.35029042760531137,0.9985623359680176,0.8463336286090677,0.5096827348073327,0.9998859167098999,0.8799092656090153,0.5103908805620108,0.9997015595436096,59.78221415607985,0
696,0.841583640802475,0.331993917624156,0.9996920824050903,0.9045489487193886,0.3502762005442668,0.998581051826477,0.8463294420923513,0.5096395611763005,0.9998874068260193,0.879930802753994,0.5103459670430143,0.9997047781944275,59.78221415607985,0
697,0.8415179479689832,0.3320059407325021,0.999696671962738,0.9045541967664453,0.3502752823489056,0.9986035823822021,0.8462816590354563,0.5096201556069515,0.9998897314071655,0.879945221401397,0.5103102979205908,0.9997091293334961,59.78221415607985,0
698,0.8413741730508357,0.3320097738788244,0.9997000694274902,0.9045592688378841,0.3502437174320224,0.9986143112182617,0.8462069346791229,0.5095940658024383,0.9998915791511536,0.8799571905817312,0.5102826867784777,0.9997135996818542,59.78221415607985,0
699,0.84121988217036,0.33199397722880075,0.9997040033340454,0.9045586983362842,0.35020806108202285,0.998634397983551,0.8460890452067065,0.5095707830928625,0.999894380569458,0.8799633837881549,0.510266516889845,0.9997202157974243,59.78221415607985,0
700,0.8411011752628152,0.3319406182993029,0.9997062087059021,0.9045568534306125,0.3501597884155458,0.9986392855644226,0.8459657487415139,0.5095437509672986,0.9998947381973267,0.8799658815066027,0.5102596538407466,0.9997216463088989,59.78221415607985,0
701,0.8410367965698249,0.3318677998724441,0.9997110366821289,0.9045542251496096,0.3501050429684778,0.9986448287963867,0.8458118694169188,0.5095199091093885,0.9998958706855774,0.8799685637156176,0.5102456581024901,0.9997240900993347,59.78221415607985,0
702,0.840935993762244,0.3318034367901941,0.9997168183326721,0.9045526754288453,0.3500662956918992,0.9986507892608643,0.8456199055626286,0.5095202951204213,0.9998965859413147,0.8799659297579818,0.5102494359016423,0.9997256398200989,59.78221415607985,0
703,0.8408062968935293,0.33177386720975266,0.9997195601463318,0.904551721754529,0.3500549168813799,0.9986487627029419,0.8454370441890905,0.5095204682577228,0.9998965859413147,0.8799627650351759,0.5102344666208544,0.9997266530990601,59.78221415607985,0
704,0.8406799889746173,0.3317438321454187,0.999713659286499,0.9045517416227439,0.3500216518129624,0.9986465573310852,0.8453085734730681,0.5094881966000515,0.999893307685852,0.8799719583420533,0.5102025298845204,0.9997237920761108,59.78221415607985,0
705,0.840580500307538,0.33162457886196345,0.9997108578681946,0.9045528542427796,0.34997292643501676,0.9986577033996582,0.845226739134108,0.509368010929653,0.9998916387557983,0.8799827269145428,0.5100803261711488,0.9997239708900452,59.78221415607985,0
706,0.8405349027542848,0.33144118672325523,0.9997079968452454,0.9045524852616453,0.3498964139393401,0.9986661076545715,0.8452280021849139,0.5092048531486879,0.9998894929885864,0.8800201671464111,0.5099177502450493,0.9997231960296631,59.78221415607985,0
707,0.8405269753365296,0.33118928330285236,0.9997074007987976,0.904556299958911,0.34981172283490525,0.9986725449562073,0.8452525905200421,0.5090253864015856,0.9998883605003357,0.8800926691009892,0.5097408606892544,0.9997233152389526,59.78221415607985,0
708,0.8405187953086133,0.33091057482219904,0.9997013807296753,0.9045644799868273,0.3497489123117359,0.9986563324928284,0.8452650081543702,0.5088617461068293,0.9998845458030701,0.8801780768803195,0.5096043291546053,0.9997184872627258,59.78221415607985,0
709,0.8405100703239448,0.3306426093691874,0.9996988773345947,0.904576744352069,0.3497021978809723,0.9986650347709656,0.8452742411976776,0.5087383531388787,0.9998810887336731,0.8802557275408798,0.5095120185897468,0.9997141361236572,59.78221415607985,0
710,0.8405008457955867,0.33043867917287945,0.9996931552886963,0.9045930249350418,0.34966470088277574,0.9986551403999329,0.8452827192488177,0.508675751231966,0.9998751282691956,0.8803123065403535,0.5094960218384157,0.999703586101532,59.78221415607985,0
711,0.8404819426082436,0.3302679629552935,0.9996854662895203,0.9046110028312327,0.3496161912168778,0.9986468553543091,0.8452781183379043,0.5086227541878114,0.9998664855957031,0.880331944851649,0.5094763977187025,0.999687135219574,59.78221415607985,0
712,0.840454402424041,0.33014942492757554,0.9996806979179382,0.9046247204144803,0.34955394268035916,0.998660147190094,0.845277720973606,0.5085957334155132,0.999860405921936,0.8803465848877323,0.5094749359857472,0.9996772408485413,59.78221415607985,0
713,0.8404257552964354,0.3300137903009145,0.9996763467788696,0.9046371692702893,0.34949016712960773,0.9986556172370911,0.8452768297422507,0.5085777640342717,0.9998540878295898,0.8803689678510037,0.5094805842354189,0.9996642470359802,59.78221415607985,0
714,0.8403926803952179,0.32983552699997337,0.9996742010116577,0.9046420029231488,0.3494350995336263,0.9986600279808044,0.8452785071872537,0.5085501131557286,0.9998500347137451,0.8803927926790154,0.5094988800230484,0.9996569752693176,59.78221415607985,0
715,0.840341230233511,0.3295795633679347,0.9996734261512756,0.9046370614142653,0.3493730184577763,0.9986549615859985,0.8452813199588238,0.5085277557373051,0.9998460412025452,0.8804107932817375,0.5095268346014481,0.9996484518051147,59.78221415607985,0
716,0.8402843021211177,0.329315074852535,0.9996708631515503,0.904616506326767,0.3493034087476279,0.9986472129821777,0.8452819443884356,0.508517077990941,0.9998410940170288,0.8804179600306926,0.5095709079787849,0.9996381998062134,59.78221415607985,0
717,0.8402432288442346,0.3291079827717375,0.9996688961982727,0.9045849612780987,0.34921276427450665,0.9986349940299988,0.8452829491524476,0.5085167686144515,0.999836802482605,0.8804177471569614,0.5096235842931842,0.9996296763420105,59.78221415607985,0
718,0.8402016106105993,0.3289672264031004,0.999661386013031,0.9045379757881171,0.34910636856442434,0.9986067414283752,0.8452845017115282,0.5085091846329829,0.9998289346694946,0.880417324247815,0.5096611267044435,0.9996156692504883,59.78221415607985,0
719,0.8401746664728444,0.32889912525812814,0.999657928943634,0.9044925485338491,0.34900692531040767,0.9985890984535217,0.8452830712000535,0.5084977831159323,0.9998219013214111,0.8804146760985971,0.5096880509739834,0.9996023178100586,59.78221415607985,0
720,0.8401496013005582,0.3288872497422357,0.9996510744094849,0.9044569021179569,0.34892247830118484,0.9985647797584534,0.8452805819965551,0.5084864412035265,0.9998114705085754,0.8804097203981316,0.5097065142222817,0.9995829463005066,59.78221415607985,0
721,0.840117173535484,0.32889316337449237,0.9996458292007446,0.9044375107401901,0.3488582684880214,0.9985576868057251,0.845274019808997,0.5084757066908341,0.9998047947883606,0.8804023038773316,0.5097074423517504,0.9995701909065247,59.78221415607985,0
722,0.8400862671080096,0.3288793280011134,0.9996404647827148,0.9044292086646677,0.34879071655727595,0.9985587000846863,0.8452602710042688,0.5084663430849714,0.9997991323471069,0.8803900480270392,0.5097180207570398,0.9995610117912292,59.78221415607985,0
723,0.8400719052269352,0.32886215476762704,0.9996381402015686,0.9044249228068768,0.34870888647579035,0.9985629320144653,0.8452442515464063,0.5084650402977358,0.9997952580451965,0.8803778177215946,0.5097390668732784,0.9995548129081726,59.78221415607985,0
724,0.8400504134950191,0.3288343094644095,0.9996339082717896,0.9044142933118918,0.34861323946998257,0.9985703229904175,0.8452279113587886,0.5084573314303448,0.9997882843017578,0.880371136324747,0.5097591394469856,0.9995449781417847,59.78221415607985,0
725,0.8400361878531326,0.32880441773505464,0.9996330738067627,0.9044027158192233,0.3485320664587478,0.9985746145248413,0.8452200180008305,0.5084499007179628,0.9997875690460205,0.8803685733250216,0.5097793879963107,0.9995438456535339,59.78221415607985,0
726,0.8400245848156163,0.3287818332513176,0.9996306300163269,0.9043959861709966,0.34846778852599036,0.9985907673835754,0.8452220928101319,0.5084273502940228,0.9997842311859131,0.8803704267456425,0.5097878376642867,0.9995399117469788,59.78221415607985,0
727,0.8400166063081658,0.3287763808454789,0.9996281266212463,0.9044037007150204,0.34842512295359684,0.99860018491745,0.8452291006133676,0.5083878295762203,0.9997788071632385,0.880373968964532,0.5097796519597375,0.9995313882827759,59.78221415607985,0
728,0.8400027808688942,0.3287694652875267,0.999617874622345,0.9044195867720113,0.3483899349258063,0.9985976815223694,0.8452374566169019,0.5083481527510147,0.9997664093971252,0.880379137538729,0.5097746054331466,0.999512255191803,59.78221415607985,0
729,0.8399896933918914,0.3287661586488999,0.999609112739563,0.904439256304787,0.34836362940924537,0.998611330986023,0.8452411208833974,0.5083105223519465,0.9997556805610657,0.8803842834063946,0.5097698257082989,0.9994979500770569,59.78221415607985,0
730,0.8399742472739453,0.3287626703580223,0.9996032118797302,0.9044585199583152,0.3483333034174786,0.9986240863800049,0.8452376013710392,0.5082783869334634,0.999748170375824,0.8803841216223587,0.5097690423329675,0.9994876980781555,59.78221415607985,0
731,0.8399631437801187,0.3287408195790793,0.9995996952056885,0.9044797278585895,0.3483093082904819,0.9986454844474792,0.8452310959498095,0.5082597505478637,0.9997411966323853,0.8803858473187408,0.5097737709681197,0.9994780421257019,59.78221415607985,0
732,0.8399534282230202,0.3286835239047099,0.9995989799499512,0.9045026671318789,0.3482886510235925,0.9986656904220581,0.8452375218981796,0.5082399618057981,0.9997343420982361,0.8804070126442689,0.5097696440560482,0.9994672536849976,59.78221415607985,0
733,0.8399347748075219,0.32858185682977975,0.9996029138565063,0.904526094595592,0.3482691134725301,0.9986845850944519,0.8452563910257256,0.5082193811734521,0.9997332096099854,0.8804430762926745,0.5097522678829379,0.9994632005691528,59.78221415607985,0
734,0.8399073339643939,0.3284689486026766,0.9996086955070496,0.9045386825289052,0.34825446350233924,0.9987040162086487,0.8452858697800416,0.5082101169086642,0.9997321963310242,0.880498525642214,0.5097262007849561,0.9994590282440186,59.78221415607985,0
735,0.8398859898249316,0.32837119982356144,0.9996122121810913,0.9045518665086663,0.3482463104384289,0.9987132549285889,0.8453198983555754,0.5082078803153269,0.9997308850288391,0.8805626886231566,0.509705055327643,0.9994540810585022,59.78221415607985,0
736,0.8398544135547827,0.3283515033267796,0.9996079206466675,0.9045608866782423,0.34824246877715725,0.998709499835968,0.8453368203980589,0.5082290286109565,0.9997296929359436,0.8806192562693649,0.5096971875145326,0.9994511604309082,59.78221415607985,0
737,0.8398263142222457,0.32838258005323895,0.9996006488800049,0.9045918555486777,0.3482410183974678,0.9987115859985352,0.8453298012415575,0.5082476139068608,0.9997272491455078,0.880674478553591,0.5096897482872014,0.9994476437568665,59.78221415607985,0
738,0.8397854878788908,0.3284330254509338,0.9996020793914795,0.9046318900017519,0.34826862670126446,0.9987282156944275,0.8452968058131998,0.5083073377609257,0.9997314810752869,0.8807363481748678,0.5097165221259712,0.9994551539421082,59.78221415607985,0
739,0.8397218187650052,0.32848527034123765,0.9996038675308228,0.9046688108217157,0.34830573485011174,0.9987446665763855,0.8452395598093676,0.508412355468387,0.9997344017028809,0.8807865721838821,0.5097657924606691,0.9994598627090454,59.78221415607985,0
740,0.8396578516278954,0.3285662503469561,0.9996038675308228,0.9046908815701811,0.34835919737815885,0.9987471103668213,0.8451766513642818,0.5085587246077405,0.9997393488883972,0.8808246368453623,0.509832756859916,0.999468982219696,59.78221415607985,0
741,0.8396125208763856,0.32864880987576106,0.9996098875999451,0.9047031203905749,0.34840987409864177,0.9987566471099854,0.8451242759114226,0.5087053463572552,0.9997469782829285,0.8808447690237143,0.509907532305945,0.9994804263114929,59.78221415607985,0
742,0.8395910092762545,0.32873207614535405,0.9996190071105957,0.9047018289566047,0.34845491108440246,0.9987720251083374,0.8450893248830529,0.5088092542829972,0.9997552633285522,0.8808513226963233,0.5099270287014194,0.9994933009147644,59.78221415607985,0
743,0.8395952610742485,0.32879563882237417,0.9996297359466553,0.904706591651554,0.348477234443029,0.9987879991531372,0.8450754597073518,0.5088378105844774,0.9997628331184387,0.8808475534121203,0.5098809174128945,0.9995044469833374,59.78221415607985,0
744,0.8396006510371261,0.32884151027316166,0.9996363520622253,0.9047113827296673,0.34851917482557776,0.9987882375717163,0.8450573086738593,0.5088406318709968,0.9997690916061401,0.8808398104849322,0.5098327596982324,0.9995127320289612,59.78221415607985,0
745,0.8396094952310842,0.32892249737467116,0.9996470212936401,0.9047150867325927,0.34856285935356535,0.9987841844558716,0.845035442284176,0.5087957949865436,0.9997776746749878,0.8808304043043235,0.509743792670114,0.9995253682136536,59.78221415607985,0
746,0.8396100146429886,0.3291348233109431,0.9996621012687683,0.9047159836405807,0.34861758351326017,0.9987831711769104,0.8450088472593406,0.5087245049930758,0.9997893571853638,0.8808175609225326,0.5096477809406466,0.999544084072113,59.78221415607985,0
747,0.8396462003390002,0.3294411372570767,0.9996759295463562,0.9047178484144672,0.34866655582473416,0.9987821578979492,0.844987420808702,0.5086361056282411,0.9998008012771606,0.880806519871667,0.5095615443729223,0.9995635747909546,59.78221415607985,0
748,0.8397665790149151,0.3297901380629769,0.999687671661377,0.9047218845004135,0.34870072631608906,0.9987812638282776,0.8450108823322121,0.5085665271395733,0.9998102188110352,0.880803638980503,0.5094766645204457,0.999580442905426,59.78221415607985,0
749,0.8399116027922864,0.3301418764250622,0.999699592590332,0.9047235676220492,0.3487106263637546,0.9987733960151672,0.8450713838849755,0.508550169922057,0.9998189806938171,0.8807985924539119,0.5094299401555746,0.9995949864387512,59.78221415607985,0
750,0.8400403431483685,0.3303898530347009,0.9997110962867737,0.9047327921504074,0.3487156955968769,0.9987552165985107,0.8451735207012729,0.5085868636767074,0.9998282790184021,0.8807945450147,0.509434765293485,0.9996106028556824,59.78221415607985,0
751,0.8401140258425764,0.3305276987098515,0.9997230768203735,0.904744105679649,0.3487169657434739,0.9987308382987976,0.8453010945093071,0.5085997439566117,0.9998369812965393,0.8807938212440134,0.5094274850118732,0.9996253848075867,59.78221415607985,0
752,0.8401073472840452,0.3306345031374979,0.9997321963310242,0.9047589756193622,0.34871570695014253,0.9986932277679443,0.8454211921918967,0.5085850982438954,0.9998448491096497,0.8807920132364552,0.5094176161856883,0.9996387362480164,59.78221415607985,0
753,0.840069892860595,0.33069856535820763,0.9997442364692688,0.9047767803782516,0.3487137513501306,0.9986813068389893,0.8455293008259371,0.5085457194419138,0.9998533129692078,0.8807930974733269,0.5093989514169243,0.9996537566184998,59.78221415607985,0
754,0.8400700205848337,0.3307379753816698,0.9997530579566956,0.9047990952219289,0.34871608018875155,0.9986676573753357,0.8456283211708076,0.508514537697747,0.9998598694801331,0.8807985214960014,0.509385378587814,0.9996654987335205,59.78221415607985,0
755,0.8400853673617052,0.3308077596482779,0.999760627746582,0.9048213760058093,0.3487269026892529,0.9986549019813538,0.8456928219114037,0.5085176456542246,0.9998657703399658,0.8808024894623537,0.5093851600374498,0.9996761083602905,59.78221415607985,0
756,0.8401287368365704,0.3308822739691964,0.9997671842575073,0.9048431118329373,0.34874147460574223,0.9986478090286255,0.8457434092249196,0.5085589545113703,0.999871551990509,0.8808066901706522,0.509402453899384,0.9996864199638367,59.78221415607985,0
757,0.8401669462521878,0.33096886532647296,0.9997726082801819,0.9048596620559699,0.3487573422136764,0.9986271262168884,0.845783452192943,0.5086058463369101,0.9998757839202881,0.8808080241793685,0.5094232133456643,0.9996933341026306,59.78221415607985,0
758,0.8402186547006887,0.3310893050261909,0.9997740387916565,0.9048905344236473,0.34877214829127023,0.9985853433609009,0.8458306306884409,0.5086437009629754,0.9998798370361328,0.880806057226091,0.5094148204440165,0.9996992945671082,59.78221415607985,0
759,0.8402671927497507,0.3311854302883151,0.9997771382331848,0.9049355728285661,0.348778755891891,0.9985371828079224,0.8458953102429715,0.50864189863205,0.9998844861984253,0.8808038773990821,0.509321735018776,0.9997069239616394,59.78221415607985,0
760,0.8402835215841028,0.3312542779105053,0.999778151512146,0.9049810653641117,0.3487871175720581,0.998481810092926,0.8459465645608455,0.5086094453221279,0.9998869299888611,0.8808021318344851,0.5091873151915418,0.999708354473114,59.78221415607985,0
761,0.8402630658376791,0.331318951788403,0.9997825026512146,0.9050311985470008,0.34880161285400424,0.9984336495399475,0.8459701311020631,0.5085647475151793,0.999890148639679,0.8808010532742461,0.509046043668475,0.999710738658905,59.78221415607985,0
762,0.8402140027000797,0.33138356889997234,0.9997854232788086,0.9050745481536511,0.34880975740296527,0.9984111785888672,0.8459656096640094,0.5085311929384871,0.9998926520347595,0.880799177147094,0.5089455190159029,0.9997132420539856,59.78221415607985,0
763,0.8401471603484387,0.33147513582592947,0.9997891783714294,0.9051273919287189,0.34883057077725754,0.9983938336372375,0.8459448871158425,0.5085337843213766,0.9998939633369446,0.8807921296074284,0.5089592451140998,0.9997131824493408,59.78221415607985,0
764,0.840105363300869,0.3316104852017905,0.9997923970222473,0.9051910099529091,0.34886700056848097,0.998386800289154,0.8459268609682726,0.5085822939872746,0.9998948574066162,0.8807793600218643,0.5090997673216324,0.9997133016586304,59.78221415607985,0
765,0.8400924290929528,0.3317544588020872,0.999789834022522,0.905248545465016,0.34890586137771634,0.9983773827552795,0.8459332500185293,0.5086697340011601,0.9998950362205505,0.8807606526783542,0.5092772245407109,0.9997114539146423,59.78221415607985,0
766,0.8400810673123321,0.3318888530844737,0.9997854232788086,0.9052838484446215,0.3489408563999905,0.9983751773834229,0.8459799232937047,0.5087718566258752,0.9998950362205505,0.8807810261136017,0.5094529560634071,0.9997090101242065,59.78221415607985,0
767,0.8400848195666365,0.3319750555924009,0.9997843503952026,0.9053015538624362,0.34896234813190674,0.9983829259872437,0.8460555786178232,0.5088581613131936,0.999893844127655,0.8808398786045264,0.5095705106144863,0.9997044801712036,59.78221415607985,0
768,0.8400869397890007,0.33200078067325434,0.9997794032096863,0.9053084083965854,0.34895825527963215,0.9983763694763184,0.8461309472719836,0.5089008183706378,0.9998915195465088,0.8809091959680837,0.5095992116701039,0.9996958374977112,59.78221415607985,0
769,0.840099303495317,0.3320015839168007,0.999772846698761,0.9053235508146749,0.3489538927872978,0.9983640909194946,0.8461956069582992,0.5089190630685719,0.9998902678489685,0.8809830177397961,0.509591619173686,0.9996895790100098,59.78221415607985,0
770,0.8401286829085584,0.3319980104764305,0.9997699856758118,0.905341185274579,0.3489441488470353,0.9983597993850708,0.846228250435421,0.5089328629629957,0.9998893141746521,0.8810348397209539,0.509614501680647,0.9996839165687561,59.78221415607985,0
771,0.840173692930313,0.33199102112225154,0.9997655153274536,0.9053690660567517,0.34893072786785334,0.9983831644058228,0.846239470300221,0.5089429219563806,0.9998867511749268,0.8810610033216938,0.5096386075019841,0.9996783137321472,59.78221415607985,0
772,0.8401995925676262,0.33198078757240684,0.999757707118988,0.9054018713179096,0.3489167406445461,0.9983888864517212,0.846251235121773,0.5089633436430072,0.9998818039894104,0.8810915975343621,0.5097084613073444,0.9996656775474548,59.78221415607985,0
773,0.8402002340271366,0.33196851327305776,0.9997525811195374,0.9054316452571332,0.34890348286855816,0.9984034299850464,0.8462562192054028,0.5090347812289288,0.9998784065246582,0.8811175085249408,0.5098413569586622,0.9996581673622131,59.78221415607985,0
774,0.8401771471613937,0.33194577835855055,0.9997487664222717,0.9054547122546612,0.3488892118136091,0.9984161853790283,0.8462763059706921,0.5091363219987782,0.9998749494552612,0.8811273290997467,0.5099750586918427,0.9996512532234192,59.78221415607985,0
775,0.84013889517103,0.33192248287655085,0.9997453689575195,0.9054653048515328,0.34887488683064805,0.9984408020973206,0.8463135645503097,0.5092792397453676,0.9998704195022583,0.8811340445563914,0.5101036401022052,0.9996426701545715,59.78221415607985,0
776,0.8401033282279975,0.33192247152328513,0.9997430443763733,0.9054765190396997,0.34891304373741183,0.9984601140022278,0.8463576237360644,0.5094332155727209,0.9998652935028076,0.8811337153116869,0.5102268883160186,0.9996313452720642,59.78221415607985,0
777,0.840085991791317,0.3319387194656193,0.999741792678833,0.9055077348436635,0.3489863801570169,0.9984875917434692,0.8463895349275505,0.5095526490892688,0.9998635649681091,0.8811357617378242,0.5103154778480534,0.9996275305747986,59.78221415607985,0
778,0.8400590107554489,0.33196546634038315,0.9997398853302002,0.9055367594673527,0.34906867004576214,0.9985025525093079,0.8464013338088996,0.5096331579344617,0.9998623728752136,0.8811299233209526,0.5104214662597297,0.9996253252029419,59.78221415607985,0
779,0.8400575802439743,0.33198960196404254,0.9997370839118958,0.90560877890814,0.34915770519347444,0.9985275268554688,0.8463708105541419,0.5096951098669147,0.9998586177825928,0.881116722311293,0.5105321066720149,0.9996189475059509,59.78221415607985,0
780,0.840095290115902,0.33198888103167246,0.9997336864471436,0.9056913426944195,0.34923317176955115,0.998548150062561,0.8463356182688766,0.5097180519785204,0.9998552203178406,0.8811036547025052,0.5105988723891126,0.9996145963668823,59.78221415607985,0
781,0.840146061919985,0.3319708406925204,0.9997313022613525,0.9057737248284483,0.3492900686604639,0.9985641241073608,0.8463011838140948,0.5097547116733737,0.9998547434806824,0.8811013528278904,0.5106536320277627,0.9996154308319092,59.78221415607985,0
782,0.8401871295202352,0.3319623484497981,0.9997292160987854,0.9058561069624771,0.34941056512651014,0.9985672831535339,0.846273995581128,0.5098149095262805,0.999854326248169,0.8811147752262305,0.510745573611487,0.9996145367622375,59.78221415607985,0
783,0.8402072844051187,0.3319649824074339,0.9997251629829407,0.9059363688741419,0.34959749806494966,0.998563826084137,0.8462544111978447,0.5098844170570378,0.9998495578765869,0.8811484575271613,0.5108482809293842,0.9996047616004944,59.78221415607985,0
784,0.8402022549084261,0.3319618574210579,0.9997220635414124,0.90598955324718,0.349797905910583,0.9985623359680176,0.8462367171332956,0.5099571829750429,0.999846339225769,0.8811845325288326,0.5109608258519858,0.9995994567871094,59.78221415607985,0
785,0.8401991639818471,0.33195631844656837,0.999724268913269,0.9060630259059732,0.34997388152849135,0.9985619187355042,0.8461876880554933,0.5100629471597222,0.9998481869697571,0.8812074803170711,0.5110659400622054,0.9996016621589661,59.78221415607985,0
786,0.8402065719876978,0.33194685691878933,0.9997280240058899,0.9061138147399547,0.35011462086722994,0.9985769391059875,0.8461348755019058,0.5101863230977743,0.9998471736907959,0.8812258130028141,0.5111369178408672,0.9995989203453064,59.78221415607985,0
787,0.8402156943366648,0.3319418359370462,0.9997296929359436,0.906169099467142,0.35019312302271555,0.9985924959182739,0.8460886762255722,0.5103602380979633,0.9998435974121094,0.8812256114823485,0.5111942773773561,0.9995900392532349,59.78221415607985,0
788,0.840222162859781,0.33194428114664015,0.9997352361679077,0.9062260133879532,0.3502308939184464,0.9986203908920288,0.8460328607332146,0.5105377691132685,0.9998463988304138,0.8811992804209399,0.5112609409150627,0.9995954036712646,59.78221415607985,0
789,0.8402432373591839,0.3319404252937864,0.9997420310974121,0.9063223997751879,0.35026092756362215,0.9986512660980225,0.8459774397668391,0.5106553889456253,0.9998496770858765,0.8811457015219195,0.5112968654859638,0.9996026158332825,59.78221415607985,0
790,0.8402759319260014,0.33192804597672987,0.9997493028640747,0.9064427699361536,0.3502894937992099,0.9986882209777832,0.8459196346146727,0.5107129869006933,0.9998528361320496,0.8810586617106491,0.5113152719679337,0.9996101260185242,59.78221415607985,0
791,0.8403177743866337,0.3319182878448852,0.9997544884681702,0.9065651496251432,0.3502944949127381,0.9987205266952515,0.8458645059948884,0.5107673179535643,0.9998536109924316,0.8809631835846681,0.5113429710978558,0.9996124505996704,59.78221415607985,0
792,0.8403790252549315,0.33191315049216885,0.9997599720954895,0.9066582747868137,0.35030130403382465,0.9987423419952393,0.845834618523008,0.5108091887973608,0.999857485294342,0.8808861601920361,0.5113627428100227,0.9996211528778076,59.78221415607985,0
793,0.8404539482934141,0.33192766706148813,0.999762237071991,0.9067358147530336,0.35029958969070824,0.9987744092941284,0.8458310763041186,0.5108828374317719,0.9998579025268555,0.8808278015681683,0.5113882677895687,0.9996251463890076,59.78221415607985,0
794,0.8405169589178909,0.3320048437232066,0.9997658133506775,0.9067800442377734,0.350278307994207,0.9988030791282654,0.845829679852441,0.5109701894578483,0.9998583197593689,0.8807900150616971,0.5114467030479799,0.9996299147605896,59.78221415607985,0
795,0.8405713666053052,0.33210274577140836,0.999768853187561,0.9068192101660236,0.3501934536865782,0.9988300800323486,0.8458398977915453,0.5110323968387789,0.9998599886894226,0.8807537640844081,0.5115031429699493,0.9996361136436462,59.78221415607985,0
796,0.8406074955349884,0.33220355567478027,0.9997649192810059,0.9068481354486383,0.3500818113485975,0.9988356828689575,0.8458710085778016,0.5110831913493933,0.9998533129692078,0.8807116746902472,0.5115721481187008,0.9996278882026672,59.78221415607985,0
797,0.8406349307014835,0.33228113395827186,0.999764621257782,0.9068565453801845,0.34994745680264094,0.998846173286438,0.845923577036177,0.5111348997978942,0.9998480677604675,0.8806770330383671,0.5116444797742938,0.9996222853660583,59.78221415607985,0
798,0.8407120165370767,0.3323161091123311,0.9997575879096985,0.9068595681871694,0.34982769404138864,0.9988409876823425,0.8459827985082361,0.5111631949742639,0.9998398423194885,0.8806509659403853,0.5117204756963825,0.999612033367157,59.78221415607985,0
799,0.8408364909035826,0.33231414499736994,0.9997535943984985,0.9068719404084349,0.34974378347396884,0.9988487362861633,0.8460388353892743,0.5111865628333323,0.9998326301574707,0.8806389541853049,0.5117821750186742,0.9996035099029541,59.78221415607985,0
800,0.8409685378982914,0.3323157670952027,0.9997462034225464,0.9068887545948944,0.34969015490441124,0.9988524913787842,0.8460888607161392,0.5112068227359231,0.9998233914375305,0.8806391869272512,0.5118464117958437,0.9995915293693542,59.78221415607985,0
801,0.8410795558066602,0.3323110384600506,0.99974125623703,0.9069045327958614,0.34962580885205974,0.9988684058189392,0.8461281345004135,0.5112110915638155,0.9998188018798828,0.8806408984320511,0.5118747438703268,0.9995858073234558,59.78221415607985,0
802,0.8411502724602116,0.33230478848729844,0.9997358322143555,0.9069155085654492,0.34956216102554716,0.9988811016082764,0.846164714722407,0.5112160132044842,0.9998136162757874,0.8806434954915734,0.5118998800005236,0.9995795488357544,59.78221415607985,0
803,0.8411717386472799,0.3322974996907373,0.9997310638427734,0.9069167205265598,0.34949866788727924,0.9988941550254822,0.8461920817693082,0.5112201117333917,0.9998112320899963,0.880645984695072,0.5119096580005832,0.999578595161438,59.78221415607985,0
804,0.8411866029103604,0.3322847584883375,0.9997252821922302,0.9069170526095807,0.349450359741847,0.9989082217216492,0.8462048513548721,0.5112221269380482,0.9998084306716919,0.8806485789162779,0.5119296681313291,0.999576985836029,59.78221415607985,0
805,0.8411969116755901,0.3322567514010841,0.9997202754020691,0.9069212249347149,0.3494169428235011,0.9989195466041565,0.846213721093678,0.5112231373786931,0.9998048543930054,0.8806514711607077,0.5119546226092752,0.9995734691619873,59.78221415607985,0
806,0.8411967981429334,0.3322242725463143,0.9997181296348572,0.9069241200174611,0.3493964728854954,0.9989359378814697,0.8462197979291286,0.5112244146210811,0.9998020529747009,0.8806497255961108,0.5119801163673405,0.999570369720459,59.78221415607985,0
807,0.841197794391996,0.3321968913078311,0.9997152090072632,0.9069350305057715,0.34939080334845074,0.9989519715309143,0.8462331862676717,0.5112237674849378,0.9997988343238831,0.8806535686765405,0.5119978359767373,0.9995672106742859,59.78221415607985,0
808,0.8412068259148378,0.3321792043390731,0.9997134804725647,0.9069528664861415,0.34939326700710144,0.9989686608314514,0.8462775888897132,0.5112198676381796,0.9997963309288025,0.8806653221448271,0.5120163332848326,0.9995638728141785,59.78221415607985,0
809,0.8412153891154706,0.33217667539914475,0.9997151494026184,0.9069713382493889,0.34939694830349544,0.998984158039093,0.8463361972854258,0.511212059429714,0.9997966289520264,0.880693571908134,0.5120250582695012,0.9995641708374023,59.78221415607985,0
810,0.8412458839870642,0.3321741890339627,0.9997157454490662,0.9069860066686365,0.3493960159165521,0.9990006685256958,0.8464071012678607,0.5112110149292723,0.9997961521148682,0.8807379887217575,0.5120332241058354,0.9995638132095337,59.78221415607985,0
811,0.841294291473571,0.33215530571483454,0.9997199773788452,0.9069993070193707,0.34939012357166865,0.9990158677101135,0.8464716502598361,0.5112121871539529,0.9997997283935547,0.8807852552050643,0.5120464478220264,0.9995694160461426,59.78221415607985,0
812,0.8413561469032658,0.33213226426215425,0.9997233748435974,0.9070097179639914,0.34938011850629563,0.9990240335464478,0.8465047762507492,0.5112204211098812,0.9998040199279785,0.880820410592216,0.5120616384914947,0.9995761513710022,59.78221415607985,0
813,0.8414351968538201,0.33211237901733065,0.9997252225875854,0.9070246560232986,0.34938033705665983,0.999030351638794,0.8465142335210534,0.5112507343292241,0.9998071193695068,0.8808456176803233,0.512118864627112,0.9995815753936768,59.78221415607985,0
814,0.8415118342354191,0.3320915131341846,0.999726414680481,0.9070471440042776,0.34938507278760306,0.9990285634994507,0.8465171598252803,0.5113277832667037,0.9998108148574829,0.8808556113924305,0.5122313272385375,0.9995877146720886,59.78221415607985,0
815,0.8415754834810899,0.3320752680301669,0.999728262424469,0.9070754562105459,0.34939458682423574,0.9990283250808716,0.8465141625631429,0.5114213455291026,0.9998149275779724,0.880860694817135,0.512364887055897,0.9995946884155273,59.78221415607985,0
816,0.8416288381531132,0.33205825658071636,0.9997283816337585,0.9071025394258052,0.3493992927528566,0.9990197420120239,0.8465179006258654,0.5115070115952268,0.9998184442520142,0.8808639446894334,0.5124891371954059,0.9996000528335571,59.78221415607985,0
817,0.8416859422411245,0.3320356394563405,0.999730110168457,0.9071333578654706,0.3494119757697699,0.9990101456642151,0.8465274175008145,0.5115708169483006,0.999820351600647,0.8808637630371827,0.5125776529312138,0.9996011257171631,59.78221415607985,0
818,0.8417436537288491,0.33200930981409005,0.9997300505638123,0.9071726316497446,0.34942325523921447,0.9989982843399048,0.8465393497830352,0.511595779941196,0.9998209476470947,0.8808617222876783,0.5126028656959538,0.9996004104614258,59.78221415607985,0
819,0.8417969204130634,0.3319921124549142,0.9997305870056152,0.9072136651901979,0.3494345985707785,0.9989789128303528,0.8465524202301395,0.5115923171951662,0.9998222589492798,0.8808629427637379,0.5125877147629151,0.9996002912521362,59.78221415607985,0
820,0.8418319565909256,0.33199677438963054,0.9997298121452332,0.9072523940177198,0.34946509911900503,0.9989731907844543,0.8465685872804558,0.5115934695516318,0.9998207092285156,0.880873118128096,0.5125514268875127,0.9995965957641602,59.78221415607985,0
821,0.8418516800517135,0.332020020201093,0.9997274279594421,0.9072918153944477,0.34951087122871793,0.9989624619483948,0.8465863182431181,0.5115917949449452,0.999819815158844,0.8808907838094809,0.5125067205656146,0.9995946884155273,59.78221415607985,0
822,0.8418480498450149,0.33205157092639404,0.9997241497039795,0.9073237152326682,0.34955500137238305,0.998947262763977,0.8465994284266525,0.5115667751857217,0.9998190999031067,0.8809137628192001,0.5124544331005646,0.9995928406715393,59.78221415607985,0
823,0.8418481293178747,0.3320803982870922,0.999718427658081,0.9073474094981246,0.34960947008360027,0.9989339113235474,0.846612819603512,0.5115332518305101,0.999817430973053,0.8809344002178745,0.5124000339280996,0.999590277671814,59.78221415607985,0
824,0.8418578079768596,0.33208911475681147,0.9997149705886841,0.9073647771562856,0.3496531177134744,0.9989290833473206,0.8466246809278222,0.5114957434790479,0.9998162984848022,0.8809483221599042,0.5123530881745479,0.9995883107185364,59.78221415607985,0
825,0.8418891032536832,0.3320706784725192,0.9997074007987976,0.9073770188149959,0.34967675521260244,0.9989088773727417,0.8466407372837982,0.5114488743600396,0.9998130202293396,0.8809546686354145,0.5123004090218322,0.9995819330215454,59.78221415607985,0
826,0.841950368313563,0.33204020772661513,0.9996991753578186,0.9073788353375034,0.34970272864614244,0.9988840222358704,0.8466634069170278,0.511411153134846,0.9998090863227844,0.8809638562656592,0.5122551094918029,0.9995743036270142,59.78221415607985,0
827,0.8420197027070189,0.33200158675511704,0.9996911287307739,0.907386297271366,0.34973670755113906,0.9988592863082886,0.8466838399569201,0.5113895677384881,0.9998037815093994,0.8809748433885127,0.5122318977401374,0.9995641112327576,59.78221415607985,0
828,0.8420758531207138,0.33196700470788165,0.9996833801269531,0.9074017121678315,0.34977290743873257,0.9988301396369934,0.8466963739622214,0.5113780072757179,0.9998018145561218,0.8809905903679991,0.5122246969313853,0.9995595812797546,59.78221415607985,0
829,0.8421041539737163,0.33194053173065213,0.9996782541275024,0.9074206806364522,0.349810512292953,0.9988142848014832,0.8467030610357018,0.5113517471722198,0.9997994899749756,0.8810094594955451,0.5122086405754094,0.999554455280304,59.78221415607985,0
830,0.842109075614385,0.3319240070524673,0.9996724128723145,0.9074375487509235,0.3498412768046064,0.9988012313842773,0.8467056637718571,0.5113237443424411,0.9997955560684204,0.881027905713945,0.512201084977105,0.9995465874671936,59.78221415607985,0
831,0.8421058342570358,0.33191298728897484,0.9996702671051025,0.9074512010528936,0.3498577404589883,0.998801589012146,0.8467082040650511,0.5112838461285549,0.9997924566268921,0.8810414246150433,0.5121818071319948,0.9995403289794922,59.78221415607985,0
832,0.8421118770326894,0.3319035669167839,0.9996652007102966,0.907456903230577,0.3498568336168928,0.9988031983375549,0.8467109771001914,0.5112424890200301,0.9997870326042175,0.881052269822076,0.5121616125106816,0.9995315074920654,59.78221415607985,0
833,0.8421195206188028,0.33189334472020493,0.9996638894081116,0.9074620689664575,0.3498489445164093,0.9988116025924683,0.8467139942305435,0.5112054887272067,0.999782919883728,0.8810575945036759,0.5121437169256668,0.9995233416557312,59.78221415607985,0
834,0.842126409212749,0.3319095415728436,0.9996621608734131,0.9074646433194485,0.34983464507829604,0.9988190531730652,0.8467112751234152,0.5111920521372845,0.9997788667678833,0.8810612133571087,0.5121364082608908,0.9995157122612,59.78221415607985,0
835,0.842132488886516,0.3319387691361566,0.9996607899665833,0.9074670615650366,0.3498251040776573,0.9988178610801697,0.8467101199286331,0.5111815304983234,0.9997760057449341,0.8810574838093356,0.5121300362405327,0.9995096921920776,59.78221415607985,0
836,0.8421354577654891,0.3319764321758636,0.9996610283851624,0.9074619781403321,0.34981401193709627,0.9988216161727905,0.8467111360459108,0.5111807527996248,0.9997727274894714,0.8810479016531088,0.5121318328948252,0.9995031356811523,59.78221415607985,0
837,0.842126403536116,0.33201107950437664,0.9996617436408997,0.9074538066273652,0.34978207945823697,0.9988177418708801,0.8467133442560839,0.5111827878724965,0.9997708797454834,0.8810350384031029,0.5121296899659297,0.9994989037513733,59.78221415607985,0
838,0.8420918839318419,0.33202918370564805,0.9996607303619385,0.9074387805802488,0.3497229346207213,0.9988077878952026,0.8467161172912241,0.5111817036356249,0.999768078327179,0.8810212299937301,0.5121377365929745,0.9994933605194092,59.78221415607985,0
839,0.8420299206461233,0.3320260289169496,0.9996600151062012,0.9074205188524163,0.3496524095535281,0.9988093972206116,0.8467210417702091,0.5111780791055593,0.9997661113739014,0.881015204247975,0.5121531259445922,0.9994903206825256,59.78221415607985,0
840,0.8419377803802497,0.3320250724043168,0.9996562004089355,0.9073950364476165,0.34958371236210806,0.9987925291061401,0.8467163386799047,0.5111728566033504,0.9997642636299133,0.8810225980622435,0.5121726592381799,0.9994877576828003,59.78221415607985,0
841,0.8418498947506865,0.3320225179195407,0.9996527433395386,0.9073780491238556,0.3495398405052369,0.9987820982933044,0.8467091066496719,0.5111610747518998,0.9997621774673462,0.8810315983636046,0.5121908159483051,0.9994835257530212,59.78221415607985,0
842,0.8417711343084069,0.33202167635872276,0.9996488690376282,0.9073471710795455,0.3495223153205148,0.9987749457359314,0.8466938620521915,0.5111858305476965,0.9997589588165283,0.8810427614620759,0.5122497166906088,0.9994778037071228,59.78221415607985,0
843,0.8416929330144617,0.332023301294872,0.9996457099914551,0.9073028507686804,0.3495153415770761,0.998765766620636,0.8466656662168964,0.5112372523262392,0.9997568130493164,0.8810506973947805,0.5123237172762557,0.9994743466377258,59.78221415607985,0
844,0.8416172379539133,0.3320242748374033,0.9996438026428223,0.9072432404472722,0.349510722217106,0.9987398982048035,0.8466320605505087,0.5112933573268713,0.9997578859329224,0.8810521193913058,0.5123999431019741,0.9994746446609497,59.78221415607985,0
845,0.8415475941839679,0.3320262872037436,0.9996417760848999,0.9071735399109985,0.3495055025532135,0.9987168312072754,0.8466000017665688,0.511343564305987,0.9997561573982239,0.8810515687579208,0.5124599025363018,0.9994692206382751,59.78221415607985,0
846,0.8414714762142733,0.3320330523309256,0.999641478061676,0.9070863950820204,0.3495001069137031,0.9986979961395264,0.8465663563637513,0.5113671876135331,0.9997569918632507,0.8810509414899923,0.5124799637567433,0.9994691014289856,59.78221415607985,0
847,0.8414094618388591,0.332046870674406,0.9996378421783447,0.9070066298757288,0.349495209398724,0.9986672401428223,0.8465384415217816,0.5113582384018676,0.9997575283050537,0.8810431446347924,0.5124616594541644,0.9994693398475647,59.78221415607985,0
848,0.8413421369734272,0.3320649294626148,0.9996359348297119,0.9069288883890432,0.34949724305243746,0.9986428618431091,0.8465163452284683,0.5113629471688048,0.9997574687004089,0.8810312747955329,0.5124535901205884,0.9994697570800781,59.78221415607985,0
849,0.8412781045550399,0.3320829229695459,0.9996318817138672,0.9068687217576171,0.3494982208524434,0.9986186623573303,0.8465004109200984,0.5113637759571987,0.9997528791427612,0.8810178552355091,0.512426146439144,0.9994600415229797,59.78221415607985,0
850,0.841215806347984,0.33209169904391,0.9996307492256165,0.9068307507605786,0.3494973054953987,0.9986184239387512,0.846496414570582,0.5113517840703332,0.9997493028640747,0.8810068595977063,0.5123685569990253,0.9994525909423828,59.78221415607985,0
851,0.8411670894849874,0.3320946040607637,0.9996253252029419,0.9068006106785372,0.3494907078288853,0.9986188411712646,0.8464989094507134,0.5112651841981075,0.9997428059577942,0.8810012510844647,0.5122647909891043,0.9994402527809143,59.78221415607985,0
852,0.8411221390678776,0.3320939413138801,0.9996213316917419,0.9067578627949677,0.34948433297021075,0.9986199736595154,0.8465016399111074,0.5111171461287003,0.9997390508651733,0.8809998574711035,0.5121405266580132,0.9994329214096069,59.78221415607985,0
853,0.8410832598095855,0.33208992793446523,0.9996205568313599,0.9067129208928071,0.349479607173375,0.9986103773117065,0.8465122750827251,0.5109451867285233,0.9997344017028809,0.8809983787082498,0.5120246240070893,0.9994202256202698,59.78221415607985,0
854,0.8410455045245949,0.33208603944097276,0.9996200799942017,0.9066459082421809,0.3494808602900735,0.9986082911491394,0.846522422063919,0.5108025925500057,0.9997285008430481,0.8809927276202618,0.5119526556559975,0.9994062781333923,59.78221415607985,0
855,0.8410260961169296,0.3320792147091459,0.9996196627616882,0.9065727733430415,0.34947348066738704,0.9986088275909424,0.8465329891159428,0.5107211584136604,0.9997209906578064,0.8809847774959751,0.5119222885086427,0.9993909001350403,59.78221415607985,0
856,0.8410134003275923,0.33206776919819087,0.9996209144592285,0.9065066235406065,0.3494643256777812,0.9985986948013306,0.8465400309789756,0.510715592475165,0.9997155070304871,0.8809778747104471,0.5119198532331561,0.999379575252533,59.78221415607985,0
857,0.8410049024082373,0.3320588710762208,0.9996209740638733,0.9064407831146611,0.34945498903592453,0.9985805749893188,0.8465453641755247,0.5107120218731112,0.9997072815895081,0.8809671118145904,0.5119099531854907,0.9993592500686646,59.78221415607985,0
858,0.8409680951209302,0.3320535421371463,0.9996212124824524,0.906376466864632,0.3494501993769694,0.998558759689331,0.846563154742832,0.510741526172275,0.9997016191482544,0.8809540527207518,0.5119064705712459,0.9993441700935364,59.78221415607985,0
859,0.8409044799350565,0.3320428431034091,0.9996220469474792,0.906325680868967,0.3494487106800082,0.9985308647155762,0.8465958606629151,0.5107823837371104,0.9997000694274902,0.8809456285976235,0.5119000077247624,0.9993364214897156,59.78221415607985,0
860,0.840819316250938,0.3320301700206033,0.9996187090873718,0.9062626049632125,0.34945738883245586,0.9985096454620361,0.8466281493504848,0.5108546898478558,0.9996986985206604,0.8809391430446086,0.5119036946977893,0.9993336200714111,59.78221415607985,0
861,0.8407226006189988,0.33201613596507507,0.9996172785758972,0.9061942611421865,0.34946601305689157,0.9985012412071228,0.8466516534487414,0.5109387380736219,0.9996989965438843,0.8809400172460654,0.511908122471401,0.9993335604667664,59.78221415607985,0
862,0.8406263816924329,0.33200287393161254,0.9996176958084106,0.9061091201645994,0.3494734650566467,0.9984939098358154,0.8466584625698279,0.5110633401643666,0.9997032284736633,0.8809376699583878,0.5119130753335503,0.9993407726287842,59.78221415607985,0
863,0.8405468549047205,0.33199423267727834,0.9996208548545837,0.9060210443678364,0.34947769556726754,0.9984967708587646,0.8466527972902578,0.5111822940054398,0.9997110962867737,0.8809257064546865,0.5119098595210487,0.999355673789978,59.78221415607985,0
864,0.8404751334871572,0.3319945605028246,0.9996300935745239,0.9059420029322314,0.34947433925810345,0.9985148906707764,0.8466596149262935,0.5113471689678377,0.9997209906578064,0.8809134534427104,0.5119055055436638,0.9993752837181091,59.78221415607985,0
865,0.8404275945254742,0.331995704344341,0.9996336698532104,0.9058906634648648,0.3494785442238765,0.9985265731811523,0.8466732303301501,0.511504056907836,0.9997241497039795,0.8809036385445375,0.5118923556236998,0.9993815422058105,59.78221415607985,0
866,0.8404101530710864,0.3320011496543887,0.9996296167373657,0.9058726543471934,0.3495066620054702,0.9985337257385254,0.8466902659052902,0.5116747106824606,0.999721109867096,0.8809044474647165,0.5118842635835924,0.9993777871131897,59.78221415607985,0
867,0.8403938497815819,0.332009846255893,0.9996341466903687,0.9058685104052233,0.3495423183554698,0.9985491037368774,0.8467030298142213,0.5118382743426735,0.9997265338897705,0.8809176626659583,0.5118782946041656,0.9993886351585388,59.78221415607985,0
868,0.8403595515659885,0.3320212690603168,0.9996401071548462,0.9058496724991578,0.3495830978666036,0.9985698461532593,0.8467014204888124,0.5120255890346713,0.9997354745864868,0.8809279657545551,0.5118797790436522,0.9994060397148132,59.78221415607985,0
869,0.8403118593352188,0.3320339180174331,0.9996483325958252,0.9058265941483641,0.34962331681024494,0.9985944032669067,0.8466732388450993,0.512218466826848,0.9997432231903076,0.8809333017894208,0.5118873800550192,0.9994215369224548,59.78221415607985,0
870,0.8402546644210822,0.3320467812674389,0.9996577501296997,0.9057866391681496,0.3496443019026805,0.9986218810081482,0.8466383105232609,0.5124151848611382,0.9997530579566956,0.8809382660048356,0.5119009727523445,0.9994416236877441,59.78221415607985,0
871,0.8401971402622411,0.33205908678826856,0.9996666312217712,0.9057342211405444,0.3496631582578026,0.9986497759819031,0.8466053605079658,0.5125526274953573,0.9997637867927551,0.8809336253574923,0.5119079294658847,0.9994635581970215,59.78221415607985,0
872,0.8401559335844864,0.33207095520836993,0.9996712803840637,0.9056785958153868,0.3496827114196054,0.9986647367477417,0.8465854582332436,0.5126318108467833,0.9997717142105103,0.880927381061373,0.5119089257149474,0.9994802474975586,59.78221415607985,0
873,0.8401184365862898,0.33207850087256685,0.9996797442436218,0.9056200385093696,0.3496884717827754,0.9986854195594788,0.8465901670001809,0.5126488946733025,0.9997811317443848,0.8809210487774447,0.51189684016364,0.9994990229606628,59.78221415607985,0
874,0.8400758703549711,0.33208390928450116,0.999684751033783,0.9055727635111135,0.34968984410876347,0.9987030625343323,0.8466132169678104,0.5126348535219832,0.9997866153717041,0.8809156417846686,0.5118824754442491,0.9995104074478149,59.78221415607985,0
875,0.8400350496882492,0.33208606356666226,0.9996898174285889,0.9055443235806063,0.34970373341015437,0.9987150430679321,0.8466391989162996,0.5126332243283593,0.9997900724411011,0.8809149378821971,0.511879886899676,0.999518096446991,59.78221415607985,0
876,0.8400048159417659,0.3320845550014862,0.999690592288971,0.9055223464965828,0.3497260354814078,0.9987283945083618,0.8466640228316904,0.5126319612775534,0.9997904300689697,0.8809154856772657,0.5118855521792461,0.999521017074585,59.78221415607985,0
877,0.8399840990702319,0.3320841292540235,0.9996933937072754,0.9055028557777413,0.34975744003341336,0.9987371563911438,0.8466804112706873,0.5126335564113802,0.9997897148132324,0.8809071552185792,0.5119173498380756,0.9995210766792297,59.78221415607985,0
878,0.8399733901023871,0.3320833004656295,0.9996942281723022,0.9054726929891684,0.34979296156338313,0.9987413883209229,0.8466880349885857,0.5126268863677983,0.9997884631156921,0.8808898727099108,0.5119580200740272,0.9995209574699402,59.78221415607985,0
879,0.8399673899014798,0.332082278671719,0.9996920824050903,0.9054275836263391,0.3498197467554186,0.998744785785675,0.8466965612911049,0.5126087239810402,0.9997841119766235,0.8808709269478214,0.5119912964957105,0.9995160698890686,59.78221415607985,0
880,0.8399536609649665,0.33208589326767723,0.999691903591156,0.9053708428428294,0.34983288106464233,0.9987486004829407,0.8467034385317855,0.512586715675536,0.9997792840003967,0.8808531846318933,0.5120145082473759,0.9995107054710388,59.78221415607985,0
881,0.8399331967035936,0.3320905509449189,0.999690592288971,0.9053125949133018,0.34984295566876755,0.9987481832504272,0.8467100830305196,0.5125513133548558,0.9997758865356445,0.8808436705952606,0.512020485741752,0.9995065331459045,59.78221415607985,0
882,0.8399015154157372,0.33209485667092487,0.9996916055679321,0.9052602279753921,0.349848426523663,0.998762309551239,0.8467107869329913,0.5125149573598593,0.9997738003730774,0.8808390384628667,0.5120075486955192,0.9995054602622986,59.78221415607985,0
883,0.8398658264250989,0.3320981320880711,0.9996926188468933,0.9052202673185447,0.34984938445545405,0.9987754821777344,0.8467034271785199,0.5124862676575075,0.9997727870941162,0.8808318092709503,0.5120012618246537,0.9995051026344299,59.78221415607985,0
884,0.8398312926292426,0.33209871678125313,0.9996896386146545,0.9051924518176495,0.34985276630946593,0.9987764358520508,0.8466924542472483,0.512460237457639,0.999768078327179,0.8808213075002042,0.5119954603058956,0.9994989633560181,59.78221415607985,0
885,0.8398026540165863,0.3320976878915517,0.999688446521759,0.9051742553710945,0.34985635536057635,0.9987787008285522,0.8466819666680843,0.5124451205843975,0.9997672438621521,0.8808107631547119,0.5119937629926776,0.9994996190071106,59.78221415607985,0
886,0.8397801348141268,0.3320987011705129,0.999687910079956,0.9051630440212439,0.349863892509824,0.9987813234329224,0.8466717316990814,0.5124395801907498,0.9997674822807312,0.8808009936696014,0.5119982702391492,0.9995008707046509,59.78221415607985,0
887,0.839760967663357,0.3321005815551398,0.999687910079956,0.9051563058580678,0.3498586898758301,0.9987857341766357,0.846669909499941,0.5124297709692096,0.9997671842575073,0.8807919422785448,0.5119996354693462,0.9995008111000061,59.78221415607985,0
888,0.8397284575871066,0.3321013635113128,0.9996833205223083,0.9051474332809455,0.34984312454859445,0.9987812638282776,0.8466709908984963,0.5124246790295559,0.9997623562812805,0.880783867268336,0.5120054227965223,0.9994944930076599,59.78221415607985,0
889,0.8396887069656742,0.3321026095322203,0.9996817708015442,0.9051342209180203,0.3498274272396454,0.9987854361534119,0.8466753193310336,0.5124220110121231,0.9997581243515015,0.8807758149646585,0.512015765621549,0.9994885921478271,59.78221415607985,0
890,0.8396431264423195,0.3321045807429725,0.9996810555458069,0.9051208070346295,0.3498133718967441,0.9987879395484924,0.8466834170477737,0.5124167686416994,0.9997562170028687,0.880770697480157,0.5120260772250951,0.9994856119155884,59.78221415607985,0
891,0.8396027882893887,0.3321090823128112,0.9996820092201233,0.9051089996383311,0.34981487336612915,0.998792827129364,0.8466788104602276,0.5124069054921472,0.9997555017471313,0.8807579647927064,0.5120358665784204,0.999484658241272,59.78221415607985,0
892,0.8395748450642547,0.33211693025770667,0.9996827244758606,0.905108292897543,0.3498459827332272,0.9987965822219849,0.8466565807660428,0.5123939230328518,0.9997553825378418,0.8807408270381754,0.5120456729616442,0.9994864463806152,59.78221415607985,0
893,0.8395606591587982,0.33212781520116924,0.999686062335968,0.9051100867135191,0.34988103877930443,0.9988141655921936,0.8466303121475953,0.5123771542594551,0.999754786491394,0.8807115810258055,0.5120463059062054,0.9994872212409973,59.78221415607985,0
894,0.8395528821718132,0.3321327481951035,0.9996871948242188,0.905125456196922,0.34991893314179945,0.9988248348236084,0.8466023887906762,0.512358407179515,0.9997522830963135,0.8806803936050059,0.512040870530265,0.999485194683075,59.78221415607985,0
895,0.8395495613416042,0.3321347137292229,0.999688982963562,0.9051497351555605,0.3499333759148918,0.9988376498222351,0.8465971804800494,0.5123476244154435,0.9997482299804688,0.880654794829233,0.5120320206596742,0.9994803071022034,59.78221415607985,0
896,0.8395451931726372,0.3321276434830259,0.9996906518936157,0.9051840674309511,0.3499026426247191,0.9988473057746887,0.8466118460609806,0.5123341480890914,0.9997467994689941,0.8806403250921347,0.512016994612558,0.9994749426841736,59.78221415607985,0
897,0.8395460531825117,0.33211638530095444,0.9996947646141052,0.9052146588053029,0.34983689018658254,0.9988565444946289,0.8466337521870937,0.5123126024291633,0.9997442364692688,0.8806306833312632,0.5119752798761644,0.9994689226150513,59.78221415607985,0
898,0.8395477959087922,0.3321067094802859,0.9996973872184753,0.9052465728351056,0.3497753710973833,0.9988552331924438,0.8466715812683112,0.51229411931265,0.999740481376648,0.8806258922531498,0.5119280446143382,0.9994605183601379,59.78221415607985,0
899,0.8395501886095327,0.33210269610087106,0.9996991753578186,0.905270613375165,0.3497056577886857,0.9988486766815186,0.8467123394920719,0.5122804017294025,0.9997366666793823,0.8806231163796931,0.5118947454861236,0.9994527697563171,59.78221415607985,0
900,0.8395647236279086,0.3320990531217487,0.9996978044509888,0.9053024734769556,0.3496364851792656,0.9988458156585693,0.8467592313176117,0.512253494489761,0.9997307062149048,0.880624663262141,0.5118480154446197,0.9994421601295471,59.78221415607985,0
901,0.8395919345674068,0.33209801571709796,0.9996981620788574,0.905334597542173,0.34954833700543386,0.9988458752632141,0.8468346311932525,0.5122060520308362,0.999724805355072,0.8806276122728991,0.5117789137931101,0.9994313716888428,59.78221415607985,0
902,0.83964129572823,0.3320932899202622,0.9996952414512634,0.9053761675244294,0.34946222674279015,0.9988300800323486,0.8469489131655019,0.5121437254406161,0.9997144937515259,0.8806333172888989,0.5117051800092065,0.9994112849235535,59.78221415607985,0
903,0.839717402344659,0.33209204815682936,0.9996928572654724,0.9054125774474379,0.3493632347810839,0.9988178610801697,0.8470814852487479,0.512080121608008,0.9997066259384155,0.8806392976215915,0.5116259029933389,0.9993958473205566,59.78221415607985,0
904,0.8397990096183057,0.3320986415658681,0.9996880292892456,0.9054611751011447,0.3492761339460103,0.9988074898719788,0.8472186355363762,0.5120408336321517,0.9996967911720276,0.8806411595571616,0.5115763857251125,0.9993781447410583,59.78221415607985,0
905,0.8398840484165017,0.332109929550262,0.9996848702430725,0.9055319229761767,0.3491772356487458,0.9987900257110596,0.8473182803108585,0.5120324889818831,0.9996899366378784,0.8806421047165288,0.5115741831915723,0.9993646740913391,59.78221415607985,0
906,0.8399678411937902,0.33211978134654846,0.9996814727783203,0.9056150430724741,0.34909430713880657,0.9987762570381165,0.8473750579924817,0.5120399282092144,0.9996801018714905,0.8806427433377227,0.5115840207962767,0.9993464946746826,59.78221415607985,0
907,0.8400357422374551,0.3321302334467573,0.9996834993362427,0.9056989891188493,0.3490156077203299,0.9987660050392151,0.8473896441005533,0.5120442112286889,0.9996796250343323,0.8806429193133406,0.5115841371672498,0.9993414282798767,59.78221415607985,0
908,0.8400873740514126,0.3321367672511512,0.9996858239173889,0.9057676621845798,0.3489565324215665,0.998753547668457,0.8473957294509532,0.5120462917146233,0.9996784329414368,0.8806499611763734,0.5115790281976976,0.9993368983268738,59.78221415607985,0
909,0.8401294066792451,0.3321424580755691,0.999690055847168,0.905813898359027,0.34889589037214036,0.9987524151802063,0.8473908674149293,0.5120431496983486,0.9996799230575562,0.8806591715131494,0.5115690316472739,0.9993391633033752,59.78221415607985,0
910,0.8401571966352923,0.332153726191748,0.9996939897537231,0.9058432096526744,0.3488222743783681,0.9987472891807556,0.8473808907327205,0.5120436889784681,0.9996809363365173,0.8806747709001821,0.5115609310922172,0.9993394017219543,59.78221415607985,0
911,0.8402020477113277,0.33216853226934184,0.999696671962738,0.9058709797405069,0.34874150015059,0.9987448453903198,0.8473596913473953,0.5120503874052142,0.9996820688247681,0.8806997480846595,0.5115670164426172,0.9993411898612976,59.78221415607985,0
912,0.8402714190028969,0.3321822072778432,0.9996951222419739,0.9058958547455931,0.3486813973812833,0.9987392425537109,0.8473348106656763,0.5120618683951246,0.9996798634529114,0.8807293488865815,0.5115838817187722,0.9993391036987305,59.78221415607985,0
913,0.8403469891775228,0.33219581842422513,0.9996984004974365,0.9059190068926137,0.34863717783065096,0.9987460970878601,0.8473017187345602,0.5120721544538229,0.999682605266571,0.8807551860809333,0.5116040933699839,0.9993434548377991,59.78221415607985,0
914,0.8404115551993967,0.332201964798428,0.9997020959854126,0.9059336951800763,0.3485937118530276,0.9987513422966003,0.8472724017642801,0.51207899479639,0.99968421459198,0.8807752047266286,0.5116203569230583,0.9993449449539185,59.78221415607985,0
915,0.8404615720113126,0.3321996714387624,0.9997061491012573,0.9059529190971746,0.3485600650310519,0.9987543225288391,0.8472363693373551,0.5120837177549094,0.9996870756149292,0.8807858767963599,0.5116289002554761,0.9993485808372498,59.78221415607985,0
916,0.8404931539580942,0.33219700342132963,0.9997093677520752,0.9059641049021774,0.34852471096175086,0.9987627267837524,0.847202950999851,0.5120894454774407,0.9996886253356934,0.8807959159215298,0.5116299447559179,0.9993495345115662,59.78221415607985,0
917,0.8405184405190611,0.3321983743281594,0.9997115731239319,0.9059779814311444,0.3485009954089213,0.9987725019454956,0.8471585455394932,0.5121020305724375,0.9996913075447083,0.8808075955935895,0.5116439859072371,0.999354362487793,59.78221415607985,0
918,0.8405408007758011,0.33220546160425485,0.9997115731239319,0.9060000663711918,0.3484875971362707,0.9987702369689941,0.847110725584485,0.5121299170312432,0.9996932148933411,0.8808211173330041,0.5116669734319056,0.9993577003479004,59.78221415607985,0
919,0.8405788115092693,0.3322132243996578,0.9997117519378662,0.9060232497396931,0.3484892362640021,0.9987741112709045,0.8470716391290944,0.5121621972038637,0.9996947646141052,0.8808347100303293,0.5116915475754515,0.9993608593940735,59.78221415607985,0
920,0.8406231403350837,0.33221756276630243,0.9997115135192871,0.9060518088794898,0.3484885536489035,0.9987743496894836,0.8470478313309813,0.5121919512748723,0.9996995329856873,0.8808457567578277,0.5117130109242034,0.9993683695793152,59.78221415607985,0
921,0.840669566676731,0.3322169766539622,0.99970942735672,0.9060820454642893,0.3484865767615185,0.9987746477127075,0.8470293624060501,0.5122144903455466,0.9996986389160156,0.8808601754052305,0.5117210064615527,0.9993666410446167,59.78221415607985,0
922,0.8407235628082645,0.3322073277972996,0.9997087121009827,0.90610820055008,0.34846569101015756,0.9987766146659851,0.8470249090875905,0.5122151885713854,0.9996989965438843,0.8808748863992244,0.5117196355547228,0.9993661642074585,59.78221415607985,0
923,0.8407674687249327,0.332196816092446,0.9997060894966125,0.9061294992764798,0.3484409806274235,0.9987813234329224,0.8470221757888801,0.5122213789394927,0.9996969103813171,0.8808827939487647,0.5117408207484658,0.9993628859519958,59.78221415607985,0
924,0.8407997063228069,0.3321921215170909,0.9996989369392395,0.9061455215726588,0.34840218084199115,0.9987800121307373,0.8470176855723069,0.5122657106036236,0.9996902346611023,0.8808920468602869,0.5118006354286562,0.999353289604187,59.78221415607985,0
925,0.8408463739213496,0.3321918958709356,0.999691903591156,0.9061525322142109,0.34836049448876183,0.9987627863883972,0.8470171377772384,0.5123355700856167,0.999687671661377,0.8809082735152479,0.5118982678367981,0.9993464350700378,59.78221415607985,0
926,0.8408954995019102,0.33219606819606995,0.9996843338012695,0.9061584302357273,0.3483261891773771,0.9987543225288391,0.8470185313905996,0.5124509703545348,0.9996829628944397,0.880931891146161,0.512039335001083,0.9993385672569275,59.78221415607985,0
927,0.8409488456589842,0.3322025310425534,0.9996724724769592,0.9061624095553451,0.34829146805263733,0.9987443685531616,0.8470289763950173,0.5125770512081332,0.9996744394302368,0.8809833413078678,0.5121738910675053,0.9993257522583008,59.78221415607985,0
928,0.8410047179176701,0.3322033782800041,0.9996578693389893,0.9061726416860316,0.34824255534580806,0.9987234473228455,0.8470468407585514,0.5126742039408007,0.9996667504310608,0.8810577420961296,0.5122723920004713,0.9993135333061218,59.78221415607985,0
929,0.8410482662064696,0.33220325765155634,0.9996521472930908,0.906186521053315,0.3481959785733907,0.9987179040908813,0.8470793735413331,0.512738128503164,0.9996669888496399,0.8811580510366539,0.5123259226481124,0.9993129372596741,59.78221415607985,0
930,0.8410767998014185,0.33220179733775934,0.9996488094329834,0.9062023418290283,0.3481484864439286,0.998715877532959,0.8471232624281027,0.512765052772704,0.99966961145401,0.8812799964632313,0.5123362314133422,0.9993165135383606,59.78221415607985,0
931,0.8410909913835078,0.3322022755940758,0.9996503591537476,0.906215829508646,0.3481150879746394,0.9987214803695679,0.8471674578530455,0.5127636364528115,0.9996772408485413,0.8813916898909075,0.5123246454057243,0.9993278980255127,59.78221415607985,0
932,0.8410882921445945,0.3322048073723205,0.9996507167816162,0.9062255166825801,0.3481011844816665,0.9987197518348694,0.8472009244419287,0.5127714333080113,0.9996840357780457,0.8814690538815096,0.5123237115996229,0.9993377327919006,59.78221415607985,0
933,0.8410838530177169,0.3322062974884399,0.999647855758667,0.9062299075580785,0.3480948011080427,0.9987167119979858,0.8472298695927581,0.5127799539338979,0.999686598777771,0.8815222013564343,0.5123223832675393,0.9993407726287842,59.78221415607985,0
934,0.8410761640185409,0.33220678142138915,0.9996483325958252,0.906237721443177,0.3480898127669383,0.9987152814865112,0.8472447962987997,0.5127939723786857,0.9996917247772217,0.8815450554802311,0.5123275887398497,0.9993481040000916,59.78221415607985,0
935,0.8410715290478304,0.3322063201949713,0.9996479749679565,0.9062479450589143,0.34808343648910545,0.9987195134162903,0.8472676816440771,0.5128111101332169,0.9996958374977112,0.8815617249125534,0.5123375966435391,0.9993546009063721,59.78221415607985,0
936,0.8410599089804156,0.3322028035209295,0.9996473789215088,0.9062585830688483,0.348072782868431,0.9987335205078125,0.8472946115902499,0.5128107042539691,0.9996960163116455,0.8815836650984635,0.5123277363323034,0.9993557333946228,59.78221415607985,0
937,0.8410381674766547,0.3321997920672102,0.999646782875061,0.9062669106892185,0.3480569791226163,0.9987398982048035,0.8473172641935809,0.5127964644205008,0.9996974468231201,0.8815994631676454,0.5122943321863814,0.9993577003479004,59.78221415607985,0
938,0.8410092450323565,0.33219355060940725,0.9996505975723267,0.9062746195566094,0.34804592813764323,0.9987524747848511,0.8473242691585002,0.5127685325486324,0.999702513217926,0.8816084719839558,0.5122506135985969,0.999365508556366,59.78221415607985,0
939,0.8409822498049062,0.3321845205057238,0.9996529221534729,0.9062911669413256,0.348036492154712,0.998763918876648,0.8473368996665598,0.512732911677588,0.9997067451477051,0.8816196577889586,0.5121985475222274,0.9993725419044495,59.78221415607985,0
940,0.8409577522959035,0.3321768825962433,0.9996525645256042,0.9063167203040358,0.348032077153524,0.9987725019454956,0.847346811067491,0.512691316150484,0.9997105002403259,0.8816244715736032,0.5121508609680907,0.9993789792060852,59.78221415607985,0
941,0.8409427120572052,0.3321682881741299,0.999653697013855,0.9063500847135278,0.3480315137477151,0.9987927675247192,0.8473655723390132,0.5126530783517025,0.9997108578681946,0.8816348285902121,0.5121191314288552,0.999380350112915,59.78221415607985,0
942,0.8409318242754262,0.33216006415230914,0.9996569156646729,0.9063890718278438,0.348027308781942,0.9988129734992981,0.8473859628041592,0.5126107675688611,0.999713659286499,0.8816487675621403,0.5120910888626466,0.9993857145309448,59.78221415607985,0
943,0.8409134915896831,0.332152578092757,0.9996582865715027,0.9064204777990077,0.3480184688454585,0.9988290667533875,0.8474011563119441,0.5125729583558587,0.9997166991233826,0.8816623120080864,0.512065172195435,0.999392032623291,59.78221415607985,0
944,0.8408931976272953,0.3321429178828288,0.9996585249900818,0.906443309216273,0.3480126673267004,0.998842716217041,0.8473917898677651,0.5125497920172559,0.9997178316116333,0.881672816617149,0.512059935501644,0.9993948340415955,59.78221415607985,0
945,0.8408720266251344,0.3321340140842259,0.999660074710846,0.906462592738016,0.3480046434061871,0.9988516569137573,0.847377118610201,0.5125456537519186,0.9997206330299377,0.8816817913736623,0.5120696993101215,0.9993997812271118,59.78221415607985,0
946,0.8408470097042272,0.33212792589550955,0.999657928943634,0.9064710736274727,0.3479989312943961,0.9988546371459961,0.8473271614029301,0.5125436896369575,0.999718964099884,0.8816788310096384,0.5120839476585393,0.9993966221809387,59.78221415607985,0
947,0.8408269059090394,0.33212180080867976,0.9996541142463684,0.9064753594852637,0.3480021258195244,0.998853862285614,0.847252357573737,0.5125439791452322,0.9997167587280273,0.8816726065817341,0.5120998876435421,0.9993923306465149,59.78221415607985,0
948,0.8408152602967769,0.3321180457160589,0.9996533393859863,0.9064830683526546,0.34802868536540466,0.9988541007041931,0.8471663367180604,0.5125379250163128,0.9997171759605408,0.8816651985758834,0.5121158418201269,0.9993929266929626,59.78221415607985,0
949,0.8408028029260188,0.33211395002546795,0.9996517896652222,0.9064890032722843,0.3480920309112189,0.9988515973091125,0.8470888506798524,0.5125273182278591,0.9997188448905945,0.8816630641619372,0.5121329738980251,0.9993956089019775,59.78221415607985,0
950,0.8407878535134459,0.3321151534716291,0.9996536374092102,0.9064957357588277,0.3481850666659222,0.9988497495651245,0.8470270917529159,0.5125178808257698,0.9997259378433228,0.881668408711752,0.512154340744019,0.9994069933891296,59.78221415607985,0
951,0.8407727905682162,0.3321199771903813,0.9996504783630371,0.906502354712714,0.348292600540888,0.9988424181938171,0.8469919108209163,0.5125084036872505,0.9997293949127197,0.881686434859322,0.5121795563470753,0.9994140863418579,59.78221415607985,0
952,0.84075848545347,0.3321266898087096,0.9996514916419983,0.9065063028108513,0.3483971087705524,0.9988458752632141,0.8469424446423856,0.5124974875223074,0.9997348189353943,0.8817047618684322,0.5122052090508602,0.999424397945404,59.78221415607985,0
953,0.8407444443021508,0.3321327765782677,0.9996533989906311,0.9065059281530842,0.34848454736527973,0.9988491535186768,0.8468977099373234,0.5124800886426657,0.9997413158416748,0.881720029172444,0.5122228037743346,0.9994363784790039,59.78221415607985,0
954,0.8407278770492197,0.3321377535661064,0.9996557235717773,0.9065086756433767,0.3485597882952012,0.9988570809364319,0.8468347844623392,0.5124549865722661,0.9997471570968628,0.881725884619214,0.5122336688495822,0.9994478225708008,59.78221415607985,0
955,0.8407124025481094,0.33213780749411836,0.9996589422225952,0.9065130154291796,0.34862791356586303,0.998863160610199,0.8467641103835339,0.5124302705128991,0.9997518062591553,0.8817248997234169,0.5122451810609732,0.9994564056396484,59.78221415607985,0
956,0.8406960964202888,0.33213821904999896,0.9996623992919922,0.906519015630087,0.3486800378277191,0.9988784790039062,0.8467009124301736,0.5124173249517172,0.999755322933197,0.8817193905512499,0.5122580556642445,0.9994637966156006,59.78221415607985,0
957,0.840688620294844,0.33213756623722285,0.999659538269043,0.906525685673669,0.34872003822099623,0.9988707304000854,0.846657349949792,0.5124182019914905,0.9997540712356567,0.8817172504606707,0.5122718669119339,0.9994615316390991,59.78221415607985,0
958,0.8406885266304023,0.3321358291875751,0.9996551275253296,0.9065298211006899,0.34874548798515714,0.9988643527030945,0.8466258446375536,0.5124166806538903,0.9997526407241821,0.8817168616113216,0.512284290222895,0.9994596242904663,59.78221415607985,0
959,0.8406919354484201,0.3321327822549005,0.9996544122695923,0.9065266592162003,0.3487585073425659,0.9988433718681335,0.8466237272535059,0.5124058950515025,0.9997560977935791,0.881720852284205,0.5122891834803993,0.9994646310806274,59.78221415607985,0
960,0.8406904680388321,0.3321273979686558,0.9996487498283386,0.9065212039720453,0.3487629677568166,0.9988323450088501,0.8466210450444909,0.5124008683931265,0.9997491836547852,0.8817198645500917,0.5122967759768172,0.9994534254074097,59.78221415607985,0
961,0.8406842265810293,0.3321194123654141,0.9996455907821655,0.9065140457380393,0.34876221702212407,0.9988294839859009,0.8466171735808969,0.5123885330699743,0.9997467398643494,0.8817186327207663,0.5123084698404589,0.9994487762451172,59.78221415607985,0
962,0.8406732508114412,0.3321155792190918,0.999643087387085,0.9065083123388752,0.348757027160554,0.9988275766372681,0.8466019971030105,0.5123626220793955,0.9997415542602539,0.8817059880211247,0.5123081320808052,0.9994387626647949,59.78221415607985,0
963,0.8406629363695788,0.3321072303113486,0.9996438026428223,0.9065060587156394,0.3487476465247929,0.9988378286361694,0.8465846805345452,0.5122362318493074,0.9997405409812927,0.8816840336436323,0.512230013098036,0.9994378089904785,59.78221415607985,0
964,0.8406583042371847,0.33206171223095515,0.9996445775032043,0.9065081193333587,0.3487415640127094,0.9988482594490051,0.846563569137029,0.5120377625737875,0.999737560749054,0.8816545917874298,0.5121057175454643,0.9994338154792786,59.78221415607985,0
965,0.8406593771207906,0.3319893635454635,0.9996470212936401,0.9065104637827199,0.34874748615991535,0.9988543391227722,0.8465425173441576,0.5118097180411934,0.9997369050979614,0.8816248717762183,0.5119651101884392,0.9994337558746338,59.78221415607985,0
966,0.8406631464049936,0.33190776762508234,0.999652624130249,0.9065121923174184,0.34875902675447035,0.9988570213317871,0.8465278347333279,0.5116358967054462,0.999744176864624,0.8816017196291975,0.5118626469657539,0.9994481801986694,59.78221415607985,0
967,0.8406683547156204,0.3318375774792265,0.9996548891067505,0.9065131176085707,0.3487749624819985,0.9988536238670349,0.8465154965718594,0.511538147926331,0.9997491240501404,0.8815932103565768,0.5118222775913424,0.9994592070579529,59.78221415607985,0
968,0.8406792141142352,0.33179950856027174,0.9996503591537476,0.906512243407114,0.34879439785366995,0.9988405704498291,0.8464990854263312,0.5115240244638356,0.9997482299804688,0.8815886435054605,0.5118375448953543,0.9994604587554932,59.78221415607985,0
969,0.8406967832928619,0.3317904188519435,0.9996482729911804,0.9065133560271499,0.34880462714604,0.9988343715667725,0.846488189129603,0.5115080589339851,0.9997498393058777,0.8815893984976276,0.5118439367839273,0.9994659423828125,59.78221415607985,0
970,0.8407185929162169,0.3317818244298302,0.9996392726898193,0.9065182663145527,0.3488123289176399,0.9988145232200623,0.8464787999788927,0.5115094383557641,0.9997485876083374,0.8815902954056156,0.5118531868571331,0.9994656443595886,59.78221415607985,0
971,0.8407545912833447,0.3317718917415258,0.9996348023414612,0.9065311891692033,0.34882450387591435,0.9988034963607788,0.8464705745379136,0.5115139342489701,0.9997478127479553,0.8815894268807918,0.5118647558348524,0.9994644522666931,59.78221415607985,0
972,0.8408374275480004,0.3317551953451977,0.9996340274810791,0.9065481566247494,0.3488600410166244,0.998796284198761,0.8464692433675137,0.5115081270535791,0.999748706817627,0.8815882262729471,0.511879390194303,0.9994664788246155,59.78221415607985,0
973,0.8409446392740529,0.33173407827104867,0.9996315240859985,0.9065673521586834,0.34890867131097003,0.9987852573394775,0.84646928594226,0.5114860165686839,0.9997521638870239,0.8815874939873112,0.5118858189809894,0.999472439289093,59.78221415607985,0
974,0.8410477808543622,0.3317098220189415,0.9996248483657837,0.9065862525077101,0.34898878421102275,0.9987722039222717,0.8464668932415197,0.5114578633081349,0.9997560977935791,0.8815865828877409,0.5119079351425175,0.9994795918464661,59.78221415607985,0
975,0.8411213670458119,0.3316982218197416,0.9996244311332703,0.9065910577774056,0.3490808322316127,0.99875807762146,0.8464761035782957,0.5114661653836572,0.9997546076774597,0.8815929094950365,0.5119633021808809,0.9994741678237915,59.78221415607985,0
976,0.841144536222731,0.33170503094082815,0.9996240139007568,0.9065806780542653,0.34915832536561175,0.9987387657165527,0.8464868210610896,0.511454664525532,0.9997589588165283,0.8816025257110603,0.5120203722090952,0.9994798302650452,59.78221415607985,0
977,0.8411391349065878,0.3317081261248818,0.9996201395988464,0.906548236097609,0.3492060459795455,0.9987021088600159,0.8465103081294475,0.5113990931283864,0.9997600317001343,0.8816126471474064,0.5120717315446768,0.9994778037071228,59.78221415607985,0
978,0.8411148928460628,0.331675279708136,0.9996239542961121,0.906482798712595,0.34922840907460195,0.9986892342567444,0.8465337724912742,0.5112111710366752,0.9997656345367432,0.881614370005472,0.5120754241943364,0.9994855523109436,59.78221415607985,0
979,0.8411208958852865,0.33159872179939665,0.9996242523193359,0.9064142306645719,0.3492205455189662,0.9986778497695923,0.8465750870250528,0.5109690910293947,0.9997719526290894,0.8816257005646123,0.5120335959252862,0.9994964599609375,59.78221415607985,0
980,0.8411273956298835,0.33150433926355294,0.9996242523193359,0.9063592496372412,0.34922092443420805,0.9986655116081238,0.8466138981637508,0.5107505009287884,0.9997770190238953,0.8816391570227493,0.5119863578251433,0.9995060563087463,59.78221415607985,0
981,0.8411384650639132,0.33142911962100463,0.9996263980865479,0.9063203987621133,0.3492338728337064,0.9986598491668701,0.8466509921210159,0.5106448559533986,0.9997832775115967,0.881659680888767,0.5119667706035437,0.9995181560516357,59.78221415607985,0
982,0.8411428814842594,0.3313949250039603,0.9996312260627747,0.9063102801640837,0.3492542760712763,0.9986403584480286,0.8466662736166098,0.510622688702175,0.9997894763946533,0.8816832502683011,0.5119680535225645,0.9995291233062744,59.78221415607985,0
983,0.8411593068213696,0.33138801086516634,0.9996394515037537,0.9063238728614088,0.3492735383056462,0.9986292123794556,0.8466737781252187,0.5106259868258526,0.9997966289520264,0.8816996301923485,0.511969747997466,0.9995419383049011,59.78221415607985,0
984,0.8411535989670533,0.3313929835955305,0.999646782875061,0.9063408232870563,0.34928656617800424,0.9986349940299988,0.8466655697141382,0.5105923215548201,0.9998036623001099,0.8817065641993576,0.5119571998005825,0.9995545744895935,59.78221415607985,0
985,0.8411863077254529,0.3313860779716858,0.9996526837348938,0.9063723172460292,0.34930217266082797,0.9986262321472168,0.8466748992602038,0.5105464061101281,0.9998117089271545,0.8817325234413155,0.5119418388321291,0.9995682835578918,59.78221415607985,0
986,0.8412001899310527,0.3313509424527489,0.9996594190597534,0.9063965224084407,0.34931720154626056,0.9986146092414856,0.8466972907384243,0.5105103481383555,0.9998204708099365,0.8817589935802286,0.5119284902300157,0.9995836615562439,59.78221415607985,0
987,0.8412489834285924,0.3312913676102959,0.9996670484542847,0.9064239036469239,0.3493284469559082,0.9986206293106079,0.8467360025360477,0.5104242761929834,0.9998303651809692,0.8817932520593923,0.5118516002382555,0.9996018409729004,59.78221415607985,0
988,0.8413107508704782,0.3312165708768938,0.999675452709198,0.9064524571100878,0.3493344656058723,0.998640775680542,0.8467891755558202,0.5102746912411286,0.9998377561569214,0.8818308200154992,0.5117074875604543,0.9996155500411987,59.78221415607985,0
989,0.8413918529238027,0.3311333471820471,0.9996840953826904,0.9064914896374664,0.3493332550639201,0.9986451864242554,0.8468451471555807,0.5100297644024807,0.9998469948768616,0.8818588427134929,0.5114938361304151,0.9996333718299866,59.78221415607985,0
990,0.8414519429206855,0.33107722798983286,0.9996927976608276,0.9065280840510421,0.3493307105132515,0.9986523389816284,0.8468803280875803,0.509799332845779,0.9998549222946167,0.8818775216738389,0.5113109577269785,0.999647855758667,59.78221415607985,0
991,0.8415108975910012,0.33102411883217975,0.9997018575668335,0.9065579034033283,0.34933509003548424,0.9986585378646851,0.8469127161162247,0.509544588270642,0.9998632073402405,0.8818977957680119,0.5111321721758166,0.9996633529663086,59.78221415607985,0
992,0.8415285377275383,0.3309765940620788,0.9997056126594543,0.9065668043636148,0.3493372343835379,0.9986573457717896,0.8469380878266841,0.509356898920877,0.9998686909675598,0.8818937000774209,0.5110093071347195,0.9996733665466309,59.78221415607985,0
993,0.8415513350850066,0.3309420843919121,0.9997117519378662,0.9065728074028385,0.34933543631008723,0.998684823513031,0.8469657018071136,0.5092085514749803,0.9998748898506165,0.8818724836621972,0.510905211880094,0.9996867179870605,59.78221415607985,0
994,0.841568671521687,0.33092001222428846,0.9997199177742004,0.9065732530185162,0.3493331642377947,0.99868243932724,0.8470047087896444,0.509106210299901,0.9998793005943298,0.8818331417583292,0.5108254892485486,0.999693751335144,59.78221415607985,0
995,0.841574172178905,0.33092300380979295,0.999726414680481,0.9065771784101221,0.3493280297233948,0.9986925721168518,0.8470396342731664,0.5090384313038421,0.9998826384544373,0.8817901895159774,0.5107718024935046,0.9996986389160156,59.78221415607985,0
996,0.8415599976267141,0.3309551420665925,0.9997308850288391,0.9065789779027311,0.34931885202725754,0.9986971020698547,0.8470634477479124,0.5090508829979674,0.9998851418495178,0.8817567853700554,0.5107887472425192,0.9997021555900574,59.78221415607985,0
997,0.8415557486670364,0.33098207059360707,0.9997345209121704,0.9065779419172385,0.3493063932373413,0.9987017512321472,0.8471006353696193,0.5090415108771555,0.9998868703842163,0.8817472855250048,0.5107951675142565,0.9997047185897827,59.78221415607985,0
998,0.8415444947424395,0.3310204914637977,0.9997362494468689,0.9065732217970357,0.3492940323693414,0.9987081289291382,0.847135782241822,0.5090737513133461,0.9998880624771118,0.8817480632237032,0.510833737396059,0.9997063279151917,59.78221415607985,0
999,0.8415355966204696,0.3310585036164241,0.9997369050979614,0.9065751575288326,0.3492843210697177,0.9986986517906189,0.8471657945996246,0.5091379880905156,0.9998886585235596,0.8817529224214107,0.5108918944994613,0.9997074604034424,59.78221415607985,0
1000,0.8415178656578071,0.3310888636679879,0.9997372627258301,0.9065839705013101,0.3492912366276698,0.998682975769043,0.8471780390966512,0.509220035303207,0.9998895525932312,0.8817483243488138,0.510955427374159,0.9997097849845886,59.78221415607985,0
1001,0.8414840726625359,0.3311414505754201,0.9997397661209106,0.9065946936607368,0.3493055190358846,0.9986695647239685,0.8471621672312426,0.5093025281315762,0.999891996383667,0.8817395681426645,0.5110085322743374,0.9997148513793945,59.78221415607985,0
1002,0.8414757109823688,0.33120015547389103,0.9997422099113464,0.9066120868637455,0.3493136068185173,0.998648464679718,0.8471363300368906,0.5093791257767455,0.9998937249183655,0.8817288762047184,0.5110572406223846,0.9997180700302124,59.78221415607985,0
1003,0.8414919206074314,0.33120943251110285,0.9997435808181763,0.9066300477300379,0.34932272632916794,0.9986298084259033,0.847115528015864,0.5094072478158138,0.9998961687088013,0.8817206706319543,0.5110791240419664,0.9997233748435974,59.78221415607985,0
1004,0.8415181693576639,0.33118120545432705,0.9997450709342957,0.9066424029214049,0.3493603425366541,0.9986243844032288,0.8471017650195538,0.5094249191738315,0.999898374080658,0.8817189279056737,0.5111075838406884,0.9997286200523376,59.78221415607985,0
1005,0.8415544629096992,0.3311229504290084,0.9997507333755493,0.9066518914131899,0.3494078829174953,0.9986329674720764,0.847103587218694,0.5094043839545481,0.9999018311500549,0.8817159192902708,0.5110873352913634,0.9997361302375793,59.78221415607985,0
1006,0.8415809671084094,0.3310614001183285,0.999752938747406,0.9066572671844854,0.3494729073274706,0.9986352920532227,0.8471069335937507,0.5093294751076476,0.9999029636383057,0.8817079379445039,0.5110090885843553,0.9997389316558838,59.78221415607985,0
1007,0.841574830668314,0.331037243207296,0.9997551441192627,0.9066484769185391,0.3495497036547891,0.9986415505409241,0.8471083130155297,0.5092315872510278,0.9999040961265564,0.8817011061168859,0.5109159719376342,0.9997395277023315,59.78221415607985,0
1008,0.8415445571854008,0.33105191162654357,0.9997545480728149,0.9066384860447482,0.34964004158973727,0.9986454844474792,0.8470998775391358,0.509166206632342,0.9999050498008728,0.8816972034318113,0.5108652370316645,0.9997382760047913,59.78221415607985,0
1009,0.8414903311502372,0.33105403326806593,0.9997549057006836,0.9066298802693693,0.3497515774908523,0.9986485838890076,0.8470848514920196,0.5091190224602113,0.9999074339866638,0.8816970416477756,0.5108409552347096,0.9997416734695435,59.78221415607985,0
1010,0.8414248483521605,0.3310625652472181,0.999751091003418,0.9066205876214171,0.34988380613781184,0.9986413717269897,0.847065536748796,0.5091740971519838,0.9999091625213623,0.8817109664281217,0.5109152566818969,0.9997442960739136,59.78221415607985,0
1011,0.8413739828836357,0.331071530069624,0.9997504949569702,0.9066143234570829,0.3500024789855597,0.9986298084259033,0.8470511777060379,0.5092715081714453,0.9999114871025085,0.8817292082877394,0.5110064886865165,0.9997480511665344,59.78221415607985,0
1012,0.841356433573224,0.3309944953237264,0.9997475147247314,0.9066133754593992,0.35008440982727806,0.9986250400543213,0.8470426031521395,0.5093556897980831,0.9999117851257324,0.8817448105130884,0.5110744862329396,0.9997481107711792,59.78221415607985,0
1013,0.8413586502983463,0.3308329128083731,0.9997528195381165,0.9066099921862292,0.3501266297839939,0.9986224174499512,0.8470445530755186,0.5094012788363869,0.9999143481254578,0.8817478560266048,0.5110943260647006,0.9997521638870239,59.78221415607985,0
1014,0.8413557637305493,0.3306471804777784,0.9997580051422119,0.9066097849891306,0.35015298922856675,0.9986190795898438,0.8470363702092859,0.5094160352434436,0.9999153017997742,0.881746172904969,0.5111377437909448,0.9997527003288269,59.78221415607985,0
1015,0.841363293784006,0.3304870696294878,0.9997619986534119,0.9066053401856202,0.35017201304435763,0.998637318611145,0.8470250169436144,0.5094183115732107,0.9999159574508667,0.8817166856357037,0.5112139355568663,0.9997532963752747,59.78221415607985,0
1016,0.8413873059409012,0.33046184976895676,0.9997538328170776,0.9065857217425399,0.350219928082966,0.9986425042152405,0.8470149806567608,0.5096350000018169,0.9999122619628906,0.8816603507314417,0.5115176751500088,0.9997472763061523,59.78221415607985,0
1017,0.8414104694411875,0.330498556296031,0.9997451901435852,0.9065591721307671,0.3503010216213411,0.9986412525177002,0.8470024438131429,0.5099158854711627,0.999908983707428,0.8815949332146424,0.5118369431722736,0.9997419118881226,59.78221415607985,0
1018,0.841432968775432,0.3304419900689809,0.9997385144233704,0.9065353444644391,0.35034471040680326,0.9986432790756226,0.8470134791873757,0.5100695178622295,0.9999045729637146,0.8815298931939268,0.5119802951812749,0.9997344613075256,59.78221415607985,0
1019,0.8414445207232528,0.3302555949915026,0.9997485876083374,0.9065105744770602,0.35034835054760916,0.998665988445282,0.8470389871370232,0.5100622460955669,0.9999076128005981,0.8815034202166974,0.5118895683969774,0.9997398853302002,59.78221415607985,0
1020,0.8414184280804232,0.33001916749136817,0.9997527599334717,0.9064974870000575,0.350359278065818,0.9986715912818909,0.847071724278587,0.5099076288087031,0.9999023675918579,0.8815294646081477,0.511655605974652,0.9997284412384033,59.78221415607985,0
1021,0.8413834969202685,0.3298073013623558,0.9997613430023193,0.9065246354965943,0.35033411497161526,0.9987044334411621,0.8471163397743595,0.5097046409334459,0.9999052882194519,0.8816034623554783,0.5113907484781178,0.9997355937957764,59.78221415607985,0
1022,0.8413520143145614,0.32969340114366463,0.9997674822807312,0.9065712434904923,0.3501285811265312,0.998722493648529,0.8471594623156963,0.5096555806341629,0.9999049305915833,0.8816815529550832,0.5113063114030025,0.9997325539588928,59.78221415607985,0
1023,0.8413316806157436,0.32959940036137925,0.9997674226760864,0.9066285036859065,0.34976214312371784,0.9987136721611023,0.8471795206978214,0.5096753324781149,0.9999015927314758,0.8817424092973989,0.5113486392157423,0.9997230172157288,59.78221415607985,0
1024,0.8413378057025734,0.3294760116509031,0.9997535347938538,0.9066936458860132,0.3493193132536755,0.9986677169799805,0.8471973595165078,0.509672479970115,0.9998928308486938,0.8817709542456135,0.5114497513998126,0.9997045993804932,59.78221415607985,0
1025,0.8413582614489971,0.3293306955269407,0.9997425079345703,0.906734832695553,0.34885225693384836,0.998653769493103,0.8471728194327588,0.509663425740742,0.9998826384544373,0.8817645453271419,0.5115958111626766,0.9996837377548218,59.78221415607985,0
1026,0.8413662995610924,0.32922168714659583,0.9997351169586182,0.9067446703002574,0.34849792860803175,0.9986656308174133,0.8471043535641268,0.5096531169755123,0.999875545501709,0.8817287513187961,0.511739123435248,0.9996710419654846,59.78221415607985,0
1027,0.8413668218113134,0.3291486984207519,0.999733030796051,0.9067497991380244,0.34822537643568885,0.9986911416053772,0.8470175323032204,0.5096374608221512,0.9998708963394165,0.8817042680013754,0.5118340395745782,0.9996652603149414,59.78221415607985,0
1028,0.8413630695570089,0.32907279758226327,0.9997329115867615,0.906741761025929,0.34792938828468345,0.9987179040908813,0.84693725903829,0.5096135792278111,0.9998665452003479,0.8816847716059011,0.5118478423073183,0.9996609091758728,59.78221415607985,0
1029,0.8413646050861912,0.3289804401851838,0.9997333884239197,0.9067313841411053,0.34768837264605956,0.9987307786941528,0.8468673115684879,0.5095938330604921,0.9998648762702942,0.8816720616249818,0.5118365259397601,0.9996597170829773,59.78221415607985,0
1030,0.841370412281582,0.32885385127294653,0.9997333884239197,0.906732936700186,0.34758094095048475,0.998730480670929,0.8468327011380884,0.5095774588130774,0.9998643398284912,0.8816744316191907,0.5118026676632113,0.9996589422225952,59.78221415607985,0
1031,0.8413760435013551,0.32873760234741967,0.9997345805168152,0.9067460014706573,0.3475411633650465,0.9987401962280273,0.8468205275989722,0.5095704112734117,0.9998624324798584,0.8816770655768266,0.5117781020346146,0.9996563792228699,59.78221415607985,0
1032,0.8413850523176654,0.3286511827082863,0.9997328519821167,0.9067611353737974,0.3475489247412912,0.9987264275550842,0.8468172834033064,0.5096032846541636,0.9998635649681091,0.8816801366351907,0.5117966106959756,0.9996583461761475,59.78221415607985,0
1033,0.8413895311809728,0.32859915069171386,0.9997296929359436,0.9067720515387406,0.3475554769947418,0.9987284541130066,0.8468312763032466,0.5097171692621145,0.9998611807823181,0.8816888843263906,0.5119134187698369,0.9996525049209595,59.78221415607985,0
1034,0.8414090077082322,0.32856446788424565,0.9997237324714661,0.9067780630929138,0.3475870092709862,0.9987168908119202,0.8468295023554855,0.5099262538410372,0.9998588562011719,0.8816647699901042,0.512173590205965,0.999647319316864,59.78221415607985,0
1035,0.8414365450541186,0.32855430954978604,0.9997163414955139,0.906780021531242,0.34765188041187495,0.9987089037895203,0.8467998249190201,0.5101613118535,0.9998555779457092,0.8816114266713467,0.5124904768807552,0.9996393918991089,59.78221415607985,0
1036,0.8414637588319331,0.3285421572980429,0.9997082352638245,0.9067770469756361,0.34773961702982614,0.9987086653709412,0.846757318292346,0.5103507978575574,0.9998530745506287,0.8815495144753236,0.5127644283430921,0.9996355772018433,59.78221415607985,0
1037,0.8414843962306074,0.3285322842143833,0.9997053146362305,0.9067704564049138,0.3478534420331322,0.9987117052078247,0.8467253361429494,0.5104641488620216,0.9998509287834167,0.8815025034404943,0.5129379743621467,0.999630868434906,59.78221415607985,0
1038,0.8414915771711446,0.32852651817458045,0.9997031688690186,0.9067613170260482,0.34795704625901747,0.9987221956253052,0.8467183169864481,0.5104860805329826,0.9998486042022705,0.8814835491634557,0.5129717758723672,0.9996261596679688,59.78221415607985,0
1039,0.8414799003374016,0.32853882653372657,0.9997021555900574,0.9067468586422156,0.3480521539847059,0.9987332820892334,0.846754309676943,0.5104823254403618,0.9998478889465332,0.8815014021737242,0.5129308416729885,0.9996247887611389,59.78221415607985,0
1040,0.841468240533557,0.3285533203965144,0.9997013211250305,0.906725139844986,0.3481519988604957,0.9987447261810303,0.8467838707424353,0.5104404489199325,0.9998458623886108,0.8815138283230015,0.5128915905952458,0.9996212124824524,59.78221415607985,0
1041,0.8414591806275511,0.32859246361823335,0.9996951818466187,0.9066962713286998,0.34825370567185565,0.9987553954124451,0.8468099946067453,0.5103761440231691,0.9998427629470825,0.8815274919782372,0.5128628242583506,0.9996169805526733,59.78221415607985,0
1042,0.8414615335918616,0.32864021971112234,0.9996941685676575,0.9066694208553867,0.3483442820253829,0.9987651705741882,0.846823351723808,0.5103039514450805,0.9998403191566467,0.8815407951672879,0.5128262780961541,0.9996123909950256,59.78221415607985,0
1043,0.8414354920387275,0.32868372542517554,0.9996939897537231,0.9066495100657153,0.34848342055366177,0.9987677931785583,0.8468094439733603,0.5102403532891051,0.9998396039009094,0.8815508626756221,0.5127940944262918,0.9996107220649719,59.78221415607985,0
1044,0.8413777919042685,0.32871120884304983,0.9996972680091858,0.9066359003384916,0.3486181795597079,0.9987691044807434,0.8467766869635815,0.510108746233441,0.9998411536216736,0.8815546773728877,0.5126666511808127,0.9996129870414734,59.78221415607985,0
1045,0.8412968942097262,0.32871891487212435,0.9997042417526245,0.9066267155465633,0.3487379252910617,0.9987890720367432,0.8467464702469969,0.5099650394348876,0.9998444318771362,0.8815749628203263,0.5124850642113463,0.9996191263198853,59.78221415607985,0
1046,0.8412082252048317,0.3287341452780227,0.9997121691703796,0.9066143121038172,0.3488459998653051,0.9988089203834534,0.8467273428326568,0.5098233308110922,0.9998496174812317,0.8816055769012094,0.5123112116541185,0.9996289014816284,59.78221415607985,0
1047,0.8411273502168208,0.32877288262049387,0.9997180104255676,0.9065955423173457,0.34894318949608605,0.9988161325454712,0.8467330279804418,0.5097238421440129,0.9998524188995361,0.8816490684236806,0.5121850059145977,0.9996327757835388,59.78221415607985,0
1048,0.841079030718123,0.32881738884108436,0.9997230172157288,0.9065725718225759,0.3490122045789449,0.9988197088241577,0.8467408248356417,0.5095937365577339,0.9998555779457092,0.8816927813348323,0.5120751573925931,0.999638557434082,59.78221415607985,0
1049,0.8410299902870548,0.32887871918224176,0.9997313022613525,0.9065534756297164,0.3491029200099766,0.9988314509391785,0.8467310695421135,0.509507244541532,0.9998615980148315,0.8817248259271901,0.5120509862899785,0.9996502995491028,59.78221415607985,0
1050,0.8410105080831625,0.32890996762684443,0.9997389316558838,0.9065355857213345,0.34916977513404146,0.9988388419151306,0.8467085304714391,0.5093161009606866,0.9998684525489807,0.8817367610477274,0.5119409476007739,0.9996644854545593,59.78221415607985,0
1051,0.8410176947003326,0.32890444710141165,0.9997458457946777,0.9065297047297167,0.34920641070320524,0.9988325834274292,0.8466768236387351,0.5091159343719486,0.9998733401298523,0.8817415833473212,0.5117898526645845,0.9996736645698547,59.78221415607985,0
1052,0.8410406595184696,0.3288938005765282,0.9997538924217224,0.9065301844051914,0.3492226728371214,0.9988272190093994,0.846671572753362,0.5089874721708756,0.9998780488967896,0.881737357094175,0.5116384455135895,0.9996834993362427,59.78221415607985,0
1053,0.8410636385281888,0.32886311269941815,0.9997576475143433,0.9065292960121526,0.3492368005570914,0.998811662197113,0.8466921619006573,0.508927078474136,0.9998818635940552,0.8817265941983184,0.511477214949472,0.9996911287307739,59.78221415607985,0
1054,0.8410804356847498,0.3288539520331794,0.9997621178627014,0.9064932692618604,0.34924625215076294,0.998805582523346,0.8467414804867343,0.5088946052959991,0.9998859763145447,0.8817121329761693,0.511317678860256,0.9997003078460693,59.78221415607985,0
1055,0.8410801717213229,0.3288955773626058,0.9997648000717163,0.9064190018744703,0.34926367941356873,0.9987829327583313,0.8468037162508291,0.5089460781642373,0.9998887181282043,0.8817072794550949,0.5112244458425617,0.9997060298919678,59.78221415607985,0
1056,0.8410796750159497,0.3289442984830768,0.9997631907463074,0.9062722949754631,0.34928011184647,0.9987247586250305,0.8468638261159268,0.5089781397864936,0.9998889565467834,0.8816918872651607,0.5111472379593627,0.9997045993804932,59.78221415607985,0
1057,0.8410758319355199,0.32898779284386437,0.9997631907463074,0.9061087426685159,0.3492813507715864,0.9987009167671204,0.8468995264598308,0.5089814691316518,0.9998913407325745,0.8816650254385818,0.5110489470618116,0.9997093677520752,59.78221415607985,0
1058,0.8410722471418841,0.3290154252733506,0.9997645020484924,0.9059702328273236,0.3492530868166972,0.9986892342567444,0.8469212395804275,0.5089464216005238,0.9998927712440491,0.8816359270186659,0.5108499810809185,0.9997135996818542,59.78221415607985,0
1059,0.8410723606745409,0.32903041442235337,0.9997628927230835,0.9058337239992058,0.3491737814176653,0.998664140701294,0.8469283353714723,0.508885673114232,0.9998933672904968,0.8816038284982961,0.5105911550067724,0.9997156858444214,59.78221415607985,0
1060,0.841095597971054,0.32905953554880074,0.9997634887695312,0.905701657136282,0.3490692093258815,0.9986386299133301,0.8469542889367974,0.5088291111446566,0.9998955130577087,0.8815851835977471,0.5103079506329131,0.9997196793556213,59.78221415607985,0
1061,0.8411439628828146,0.329097322055272,0.9997614622116089,0.9055653384753644,0.3489561875661217,0.9986000061035156,0.8469857318060745,0.5087923606236779,0.999894380569458,0.8815843065579739,0.51008206038248,0.9997182488441467,59.78221415607985,0
1062,0.8412107825279243,0.3291278524058209,0.9997570514678955,0.9054108205295751,0.34889088216282105,0.9985640048980713,0.8470192721911846,0.5088006456693017,0.9998931288719177,0.8815860464459382,0.509990132990338,0.9997174143791199,59.78221415607985,0
1063,0.8412789986247114,0.3291125056289494,0.9997474551200867,0.9052929991767528,0.34884689961160964,0.9985228776931763,0.8470469883510051,0.508784549576896,0.9998907446861267,0.8816050291061408,0.509960872786386,0.9997162222862244,59.78221415607985,0
1064,0.8413457331203285,0.3290613293647769,0.9997287392616272,0.9052221803438104,0.34872844815254245,0.9984642863273621,0.8470720251401271,0.5087350237937205,0.999883770942688,0.8816465962500806,0.509920872393109,0.9997066259384155,59.78221415607985,0
1065,0.8414133474940353,0.32900729349681335,0.9997189044952393,0.9050953444980447,0.34846237585658146,0.9984486699104309,0.8471354870569145,0.5086478221984141,0.9998819828033447,0.8817034846260441,0.5098683294795812,0.9997061491012573,59.78221415607985,0
1066,0.8414919376373298,0.328954243943805,0.999701738357544,0.9049529234568285,0.34810182452201865,0.9984233975410461,0.8472168104989195,0.5085623065630599,0.999880313873291,0.8817583407674523,0.5098004681723463,0.9997065663337708,59.78221415607985,0
1067,0.8415816596576152,0.32890285622505944,0.9996920228004456,0.9048017745926273,0.34766471811703303,0.9983903765678406,0.8473209398133421,0.5084291072118854,0.9998805522918701,0.8818021700495773,0.5096566904158824,0.9997086524963379,59.78221415607985,0
1068,0.8417087168920614,0.3288669415882658,0.9996891617774963,0.9046440578642353,0.3472798154467631,0.9983708262443542,0.8474244645663678,0.508275999909356,0.9998816847801208,0.8818303743998217,0.5094609203792758,0.9997119307518005,59.78221415607985,0
1069,0.8418502836000359,0.32883020242055283,0.9996801018714905,0.9044945495469237,0.346971799929937,0.9983395934104919,0.8475139368148084,0.5081126235780266,0.9998815059661865,0.8818449888910573,0.5092597575414752,0.9997120499610901,59.78221415607985,0
1070,0.8419912599381953,0.3288024309135621,0.9996594786643982,0.9043425633793793,0.346741311606907,0.9983126521110535,0.8475655799820316,0.507982535021646,0.9998787045478821,0.8818528567041676,0.5091106636183607,0.9997090697288513,59.78221415607985,0
1071,0.8421196710495729,0.3287959524563383,0.9996404647827148,0.9041128328868329,0.3465715944767001,0.9982897043228149,0.8476151738848012,0.5078946749369307,0.9998754858970642,0.8818580309549975,0.5090228432700752,0.9997054934501648,59.78221415607985,0
1072,0.842203182833536,0.3287978711582368,0.9996095895767212,0.9038834742137372,0.34642399776549593,0.9982745051383972,0.8476593068667827,0.5079024093491695,0.9998731017112732,0.8818645306995945,0.5090394786426004,0.9997042417526245,59.78221415607985,0
1073,0.8422371659960073,0.3287496822220941,0.9995512962341309,0.903671153954098,0.3462102441560657,0.998216986656189,0.8477519977660413,0.5079037376812531,0.9998660087585449,0.8818863914126449,0.5090367339906243,0.9996950030326843,59.78221415607985,0
1074,0.8422537985302159,0.3286813525926502,0.9994936585426331,0.9034473044531693,0.34593843846094074,0.9981536865234375,0.8479286574182063,0.507903791609265,0.9998573064804077,0.881918248676119,0.5090331747418362,0.9996820688247681,59.78221415607985,0
1075,0.8422554106939413,0.3286120309716182,0.9994608759880066,0.9032320635659361,0.34559104839960764,0.9981085658073425,0.8481619783810214,0.5078996505056113,0.9998536705970764,0.8819489592597605,0.5090343384515675,0.9996750354766846,59.78221415607985,0
1076,0.8422451757249385,0.32855404984383385,0.999439537525177,0.9030588922046486,0.3452904820442203,0.9981018900871277,0.8483558183624638,0.5078823339371459,0.9998519420623779,0.8819670563652409,0.5090461713927137,0.9996733665466309,59.78221415607985,0
1077,0.842224802289691,0.3285273952143536,0.9994208216667175,0.902870919023242,0.34501284786633113,0.998070240020752,0.8484926592736024,0.5078404432251344,0.9998494982719421,0.881965447039832,0.5090562985056927,0.9996665716171265,59.78221415607985,0
1078,0.8422886814389917,0.3285278337342401,0.9994062781333923,0.9026744138626833,0.3447301373595286,0.9980401396751404,0.8486637444723226,0.5077453255653386,0.9998471736907959,0.8819704623449424,0.5090645636831015,0.9996598958969116,59.78221415607985,0
1079,0.8424236944743573,0.3285203505130044,0.9993727803230286,0.9024808179764527,0.3444046562626251,0.9979358911514282,0.8488481839497891,0.5076162446112864,0.99983811378479,0.8820033158574793,0.5090561622665046,0.9996439814567566,59.78221415607985,0
1080,0.8425950067383909,0.3285281856854759,0.99933260679245,0.9022689064343777,0.34403851770219374,0.9978174567222595,0.8490412064961032,0.5075119421595623,0.9998245239257812,0.882059119996571,0.5090479879152211,0.9996220469474792,59.78221415607985,0
1081,0.8427525474911652,0.328521815084276,0.999279797077179,0.9020662052290788,0.3436896474588488,0.9977227449417114,0.8491943563733788,0.5073435987745016,0.9998133182525635,0.8821391889027195,0.5090092562493829,0.9996029138565063,59.78221415607985,0
1082,0.8428388436635342,0.3284990191459658,0.9992417097091675,0.9019110458237791,0.3433828779629301,0.9976409673690796,0.8492774253799809,0.5071339664005102,0.9998082518577576,0.8822262457438885,0.5088935948553543,0.9995959997177124,59.78221415607985,0
1083,0.842832301344191,0.32847277181489154,0.9992111921310425,0.9017693059785032,0.34312529649053325,0.9975681304931641,0.8493142269906551,0.5069463394937065,0.9998047947883606,0.8822933321907415,0.5087502258164546,0.999589741230011,59.78221415607985,0
1084,0.8428095210166211,0.32845337192217533,0.9992008209228516,0.9016517940021704,0.3429460922876997,0.9974899291992188,0.8493811119170422,0.5068120559056604,0.9998031258583069,0.8823374282746095,0.508640513533638,0.9995836019515991,59.78221415607985,0
1085,0.8428272235961194,0.3284503079596023,0.9991773366928101,0.9015633265177416,0.34281006597337293,0.9975050091743469,0.8494807765597396,0.5067563624609088,0.9998014569282532,0.8823649684588122,0.5085059603055322,0.99958336353302,59.78221415607985,0
1086,0.8428884120214559,0.32844104937144714,0.9991539716720581,0.9014942418961305,0.3427071003686817,0.9975526928901672,0.8495812898590458,0.506777283691225,0.9998021125793457,0.8823723424048658,0.5083720485369368,0.9995864033699036,59.78221415607985,0
1087,0.8429270727293838,0.32844936847686795,0.9991160035133362,0.9014523568607519,0.3426663875579837,0.997573971748352,0.8496526479721076,0.5068523202623644,0.9997949004173279,0.8823776812780477,0.5082605027017143,0.9995794296264648,59.78221415607985,0
1088,0.8429349206742793,0.32857276286397685,0.99910968542099,0.9014210161708658,0.3426124013605575,0.9976545572280884,0.8497025257065189,0.5069626654897421,0.999792218208313,0.8823856966836119,0.5081511480467664,0.9995808601379395,59.78221415607985,0
1089,0.8429038184029722,0.3287754669075923,0.9990869164466858,0.9013967797869734,0.3425762383710773,0.9976876378059387,0.8496963097935638,0.50714556659971,0.9997838735580444,0.8823915805135462,0.5081089848563789,0.9995719194412231,59.78221415607985,0
1090,0.8428081444331584,0.3290224884237565,0.9990721940994263,0.9013916963622691,0.3425630558104745,0.9977161884307861,0.8496266064189736,0.5073844705309191,0.9997754693031311,0.8823912427538925,0.5081605173292618,0.9995633959770203,59.78221415607985,0
1091,0.8427232929638461,0.32928357237861294,0.999072790145874,0.9013819609369558,0.3425579411642895,0.9977390170097351,0.8495594263076789,0.5075780749320988,0.9997713565826416,0.882387022177379,0.508194452240354,0.9995608925819397,59.78221415607985,0
1092,0.8426653714407065,0.3294827114968075,0.99908047914505,0.9013732785270334,0.3425550801413403,0.9977792501449585,0.8495100594702228,0.5076743903614229,0.9997714161872864,0.8823914244061432,0.5081786002431601,0.9995650053024292,59.78221415607985,0
1093,0.8426023466246475,0.32961386584100294,0.9991051554679871,0.9013757989520126,0.3425468419279374,0.9978066086769104,0.8495031311398467,0.5077374832970759,0.9997778534889221,0.8824011342866087,0.508077857040224,0.9995763301849365,59.78221415607985,0
1094,0.8425808605693641,0.32972204117547926,0.9991201758384705,0.9013806467964542,0.3425319946947555,0.9977905750274658,0.8495457371075955,0.5077310914085029,0.9997793436050415,0.8824265003204353,0.5078790982564294,0.9995761513710022,59.78221415607985,0
1095,0.8425817021301817,0.32978157486234416,0.9991507530212402,0.9013939031532835,0.34251822744097044,0.9977680444717407,0.8496024821485798,0.5077519757407055,0.9997808337211609,0.8824652944292348,0.5077305223260609,0.9995738863945007,59.78221415607985,0
1096,0.8426097801753455,0.3297933233635768,0.9991698861122131,0.901413632290704,0.34250191279820047,0.997758150100708,0.8496852048805791,0.5077649482658932,0.999782145023346,0.8825171547276639,0.5075701560292926,0.9995722770690918,59.78221415607985,0
1097,0.8426650947048552,0.3297572866791772,0.9991888999938965,0.9014398342087153,0.34248305076644536,0.9977304935455322,0.8497939053035931,0.5077700089840662,0.9997860193252563,0.8825820812157227,0.5073979993661245,0.9995725750923157,59.78221415607985,0
