frame_id,left_shoulder_x,left_shoulder_y,left_shoulder_visibility,right_shoulder_x,right_shoulder_y,right_shoulder_visibility,left_hip_x,left_hip_y,left_hip_visibility,right_hip_x,right_hip_y,right_hip_visibility,fps,low_visibility
0,0.84173215570904,0.331724504629771,0.9990906715393066,0.9061387010983064,0.3470547703050432,0.9975059628486633,0.8394879301389062,0.5149351968651728,0.9998701810836792,0.8763964814799177,0.519041338137218,0.9996347427368164,59.783526521839256,0
1,0.8416382670402531,0.3317712566682271,0.9989832043647766,0.9049017855099277,0.347001041684832,0.9973267316818237,0.8417499235698158,0.513280464070184,0.9998294115066528,0.8771516638142726,0.5167988921914782,0.9995883703231812,59.783526521839256,0
2,0.8415563702583317,0.33181257971695494,0.9989597797393799,0.9039974382945478,0.346951682652746,0.9972209334373474,0.8434591633932934,0.5119144916534425,0.9998084306716919,0.8777667624609814,0.5149724142892022,0.9995551109313965,59.783526521839256,0
3,0.8414864653632761,0.3318484737759547,0.998918354511261,0.9034256594521667,0.34690669320878553,0.9970194697380066,0.8446156496093393,0.5108372796149485,0.9997612833976746,0.8782417774200446,0.5135619044303898,0.9994866847991943,59.783526521839256,0
4,0.8414621154467272,0.3318644194375904,0.998904287815094,0.9033594812665674,0.3468660683858965,0.9968388676643372,0.8450512687365221,0.5101945088023235,0.9997420907020569,0.8785294379506798,0.5125724048841571,0.9994447231292725,59.783526521839256,0
5,0.8413901045208892,0.33190946209998384,0.9988952279090881,0.9034416476885485,0.3468521223181773,0.996841549873352,0.8450204871949702,0.5098987817764287,0.9997410178184509,0.878737926483155,0.512387661706834,0.9994551539421082,59.783526521839256,0
6,0.8412885495594576,0.33193975828942823,0.9988608360290527,0.9034600002425066,0.3468214798541299,0.9968077540397644,0.8451159738359004,0.5092319817770099,0.9997193813323975,0.8788569087073923,0.5117288373765496,0.9994418025016785,59.783526521839256,0
7,0.841181363378253,0.33196002386865187,0.9988738298416138,0.9034632415998557,0.3468312677882969,0.99686598777771,0.8452820976575224,0.5087587833404545,0.9997161626815796,0.8789575667608359,0.5111889441808068,0.9994513392448425,59.783526521839256,0
8,0.8410812843413586,0.3319588076500668,0.9988865852355957,0.9034374696867815,0.3468524558203564,0.9968881011009216,0.845451372010368,0.5085952480634057,0.9997177720069885,0.8789809289432715,0.5109163352421355,0.9994586706161499,59.783526521839256,0
9,0.8410056119873417,0.33195403927848477,0.9988745450973511,0.9034117119652891,0.3468502717358728,0.9968915581703186,0.8455157705715731,0.5085871361550834,0.9997157454490662,0.8788870005380547,0.5107725688389373,0.9994617104530334,59.783526521839256,0
10,0.840960587774005,0.3319805448963531,0.9988341927528381,0.9034126145499101,0.34683782855669687,0.9967496991157532,0.8454530608086366,0.508600799810319,0.9997016191482544,0.8787561342829756,0.5107045116878695,0.9994430541992188,59.783526521839256,0
11,0.8409111130805249,0.33204015663691955,0.9988147616386414,0.9034015422775639,0.3468402695088162,0.9966698884963989,0.8452960735275639,0.5087778341202512,0.9996936917304993,0.8785936690512164,0.5108814211118793,0.9994354248046875,59.783526521839256,0
12,0.8408427919660302,0.3320959409077965,0.9988096952438354,0.9033797894205373,0.34684807062149076,0.9966358542442322,0.8451368269466226,0.5088864139148171,0.9996895790100098,0.8784238241967708,0.5109672035489767,0.9994316101074219,59.783526521839256,0
13,0.8407798381078817,0.33212426446733045,0.998795211315155,0.9033565265791764,0.346857228449413,0.9966264963150024,0.8449713389078783,0.5089736694381355,0.9996883869171143,0.8782771513575607,0.5110321555818835,0.9994368553161621,59.783526521839256,0
14,0.8406889126414352,0.332115234363647,0.998796820640564,0.9033252682004663,0.34687606351716205,0.9966097474098206,0.8448354005813605,0.5090082344554724,0.999678373336792,0.8781488339106249,0.5110882690974649,0.9994266629219055,59.783526521839256,0
15,0.840552659261795,0.33214221539951533,0.9988028407096863,0.9032767386663535,0.34690901637077365,0.9965872764587402,0.8447360509917856,0.5090794875508267,0.9996717572212219,0.8780427035831276,0.5111784793081742,0.9994158148765564,59.783526521839256,0
16,0.8403770441100717,0.332210943812416,0.9987978339195251,0.9031918162391306,0.34695786521548344,0.9965767860412598,0.844670114063082,0.509144572984605,0.999663770198822,0.8779709821655644,0.5112777636164715,0.999405562877655,59.783526521839256,0
17,0.8401672102156146,0.3322881502764568,0.9987841248512268,0.9030516885575801,0.34700316048803814,0.9965338706970215,0.8446343796593809,0.5092289589700248,0.9996432065963745,0.877929145381565,0.5113866896856403,0.9993748068809509,59.783526521839256,0
18,0.8399647672971097,0.33234356840451584,0.9987682104110718,0.90286634081886,0.3470288046768736,0.9965079426765442,0.8446084998902827,0.5093084687278389,0.9996250867843628,0.877913483551571,0.5114841603097466,0.9993539452552795,59.783526521839256,0
19,0.839817989440192,0.33235361888295156,0.9987642765045166,0.9026738830975132,0.3470275870391304,0.9964555501937866,0.84458894672848,0.5093670061656411,0.99960857629776,0.877910446553004,0.5115448690596085,0.9993282556533813,59.783526521839256,0
20,0.83970442272368,0.3323310131118414,0.9987577795982361,0.9025145031157,0.34702860173724975,0.9965180158615112,0.8445635494731728,0.5093995361101064,0.9995976686477661,0.877913917813983,0.5115862176531841,0.9993252158164978,59.783526521839256,0
21,0.8396320399783913,0.3323178858984087,0.9987758994102478,0.9023751786776958,0.3470395874409451,0.9966089129447937,0.8445391144071314,0.5094238775117061,0.9995996356010437,0.8779068418911532,0.5116258774484912,0.9993326663970947,59.783526521839256,0
22,0.8395708969661175,0.3322990465731851,0.9987928867340088,0.9022132101513097,0.3470425293559123,0.9966092109680176,0.8445195811135435,0.50942854938053,0.9995959997177124,0.8778961215700429,0.5116237430345448,0.9993249177932739,59.783526521839256,0
23,0.8395080594789421,0.33227492372194956,0.9988122582435608,0.9020333403632762,0.3470211312884379,0.9966145157814026,0.844510027340481,0.5094221064022613,0.999599039554596,0.8778719192459477,0.5115904183614826,0.9993258118629456,59.783526521839256,0
24,0.8394718709446142,0.332225798141389,0.9988529682159424,0.9018773436546332,0.34698539972305326,0.9967077970504761,0.8444876784370066,0.5094133274895809,0.9996141195297241,0.8778484378542226,0.5115486468587607,0.9993440508842468,59.783526521839256,0
25,0.8394514066832413,0.33214031656583176,0.9988808035850525,0.9017632490112676,0.34693646998632555,0.9967639446258545,0.8444608279636936,0.5094123397554674,0.9996240139007568,0.8778310418128974,0.5115177234013879,0.999352216720581,59.783526521839256,0
26,0.8394174717721492,0.33205574750900296,0.9989038705825806,0.9017120684896204,0.34690014805112596,0.9968164563179016,0.8444239866165895,0.5094278114182613,0.999630868434906,0.8778268325896497,0.5115129947662358,0.9993576407432556,59.783526521839256,0
27,0.8393878000123167,0.3319807407401859,0.9989110231399536,0.9017035450254175,0.3468792850062964,0.9968248009681702,0.8443870941797899,0.5094464648337595,0.9996349811553955,0.8778224871272139,0.5115270870072506,0.9993593096733093,59.783526521839256,0
28,0.8393486709821798,0.33192355434099863,0.9989055395126343,0.90169929606574,0.3468685930683502,0.9968428611755371,0.8443603288559693,0.5094543354851864,0.9996323585510254,0.8778245222000856,0.5114775129726958,0.9993525743484497,59.783526521839256,0
29,0.8393109128588729,0.3318927671228139,0.9988898634910583,0.901693142595746,0.3468378342333297,0.996816873550415,0.8443485583577844,0.5093863890284588,0.9996208548545837,0.8778195608229871,0.5113273319743933,0.9993306398391724,59.783526521839256,0
30,0.8392799241202226,0.3318609467574531,0.9988881349563599,0.9016739839599253,0.34677904560452444,0.9968075156211853,0.8443316249620354,0.5091758114951002,0.9996110796928406,0.8778072482063664,0.5110985977309095,0.9993118643760681,59.783526521839256,0
31,0.8392823168209628,0.3318008383115135,0.9988476037979126,0.9016384766215377,0.3466846772602629,0.9967183470726013,0.8443448344866442,0.508897287505014,0.9995875954627991,0.8777766994067607,0.5108740869022554,0.9992893934249878,59.783526521839256,0
32,0.8392807926450464,0.33173098024867853,0.9988109469413757,0.9015661052295147,0.3465227995600022,0.9966279864311218,0.8443692496844708,0.5085892279942834,0.9995729327201843,0.8777137540635616,0.5106661262966342,0.9992693662643433,59.783526521839256,0
33,0.8392722691808435,0.33165792056492427,0.9987553954124451,0.9014839388075336,0.3463445263249536,0.9964149594306946,0.844398376487551,0.508351115953355,0.9995191693305969,0.8776412663005654,0.5105347463062835,0.9991843104362488,59.783526521839256,0
34,0.839261486416772,0.3315989928586145,0.9987431764602661,0.9014231023334329,0.3462181488672895,0.9962982535362244,0.84442458833967,0.5082622283980964,0.999498188495636,0.8775837421417243,0.5104553330512278,0.9991430640220642,59.783526521839256,0
35,0.8392451689356857,0.33157637431508047,0.9987756013870239,0.9013999814078928,0.3461535686538336,0.9963098168373108,0.8444330408459624,0.5082524362064547,0.9995085597038269,0.8775475819905607,0.5103945959182017,0.9991454482078552,59.783526521839256,0
36,0.8392251446133575,0.33159237816220266,0.9988135695457458,0.9013947248458869,0.34614591513361276,0.9963622093200684,0.8444084042594553,0.5083955668267753,0.9995213150978088,0.877524225484758,0.5104232231775925,0.9991540312767029,59.783526521839256,0
37,0.8392328109060021,0.33164882801827955,0.9988470673561096,0.9013987836383646,0.3461415725094934,0.9964144825935364,0.8443960235232406,0.5086811411948435,0.9995326995849609,0.877506837958382,0.5105437749908088,0.99916011095047,59.783526521839256,0
38,0.8392431026413334,0.33172062748954434,0.9988563656806946,0.9013762871424364,0.3460507038093751,0.9963828921318054,0.8443955211412346,0.5089987147422068,0.9995324015617371,0.877480484190442,0.5106598309108192,0.9991405606269836,59.783526521839256,0
39,0.8392765578769509,0.33176473492667813,0.9988537430763245,0.9013441261791055,0.345870558704649,0.9963238835334778,0.8444225135303686,0.5092710086277557,0.9995321035385132,0.8774609508968542,0.5107444950512481,0.9991247057914734,59.783526521839256,0
40,0.8393492471604127,0.3317369648388456,0.998851478099823,0.901317701453255,0.3456587848209202,0.9962272644042969,0.8444729702813292,0.5094305503936045,0.9995341300964355,0.8774486127353857,0.5107795113608955,0.9991133213043213,59.783526521839256,0
41,0.839471340179444,0.3316512860002974,0.9988479018211365,0.9013067540668314,0.3454236161141171,0.9961773157119751,0.8445535614376983,0.509493470191956,0.9995365142822266,0.8774412018912187,0.5107831188610625,0.999108612537384,59.783526521839256,0
42,0.8396147461164571,0.3315201543626334,0.9988521337509155,0.9012945351146524,0.3451910856224244,0.9961473941802979,0.8446422730173391,0.5097258374804546,0.9995394349098206,0.8774332574435649,0.5108961548124045,0.9991058707237244,59.783526521839256,0
43,0.8397494639669153,0.3314004739125572,0.9988070130348206,0.901254838421232,0.34497224007334054,0.9960548877716064,0.844749569892884,0.5100539865947908,0.9995272755622864,0.8774310151735949,0.5110526028133577,0.9990799427032471,59.783526521839256,0
44,0.8398836226690389,0.33131674073991346,0.9987799525260925,0.9012022642862237,0.34479671290942626,0.9960172176361084,0.8448725427900049,0.5104346474011743,0.9995229244232178,0.8774352158818932,0.5111962528455829,0.9990655779838562,59.783526521839256,0
45,0.8399947058586854,0.3312738537788394,0.9987651705741882,0.9011370851880035,0.34467058806192336,0.9959526062011719,0.8449849514734185,0.5107780694961552,0.9995236396789551,0.8774446220625021,0.5112892587979638,0.9990613460540771,59.783526521839256,0
46,0.8400979893548155,0.331250703050977,0.9987483024597168,0.901077554339455,0.34461433121136287,0.9958782196044922,0.8450559519586116,0.5110854222660978,0.9995219111442566,0.8774491349856066,0.51136193672816,0.9990489482879639,59.783526521839256,0
47,0.8402199603262409,0.33124911643209937,0.9987143874168396,0.9010418312890196,0.3445934057235721,0.9957675337791443,0.8450912464232678,0.5114400244894486,0.9995155334472656,0.8774476108096902,0.511493943986439,0.999026894569397,59.783526521839256,0
48,0.8403382698694872,0.33125024040540085,0.9986497759819031,0.9010253236407333,0.3445810931069513,0.9955988526344299,0.8450952910241634,0.5118459008988885,0.9995014667510986,0.8774448746726634,0.5117082340376722,0.9989917874336243,59.783526521839256,0
49,0.8404374917348232,0.3312507541406725,0.9986262321472168,0.9010206205504289,0.3445393641789757,0.9955022931098938,0.8450794929549814,0.5121727216811411,0.9995035529136658,0.8774422094935469,0.5119280871890844,0.9989855885505676,59.783526521839256,0
50,0.840535067376637,0.3312397372154965,0.9986304640769958,0.9010494436536524,0.3444776620183675,0.9954437613487244,0.8451043963432319,0.5123626760074075,0.9995076060295105,0.8774611183575229,0.5120877424875899,0.9989838004112244,59.783526521839256,0
51,0.8405997213863199,0.3312249027547385,0.9986356496810913,0.9010844031969714,0.3443910933676223,0.9953502416610718,0.8451707987558281,0.5123996677852817,0.9995137453079224,0.8775128012611759,0.512154511043004,0.9989839196205139,59.783526521839256,0
52,0.840638010274797,0.3312015774704164,0.9986258149147034,0.90111358676638,0.344260945206597,0.9952061176300049,0.845274346215385,0.5123687869026552,0.9995090961456299,0.8775864726021183,0.5121594184920906,0.9989694356918335,59.783526521839256,0
53,0.8406648806163249,0.3311787857895809,0.9986354112625122,0.9011301426660455,0.3440987765789035,0.9950976967811584,0.8454510399273472,0.5123577089536762,0.9995102882385254,0.8776747243744993,0.5121670280184069,0.9989662766456604,59.783526521839256,0
54,0.8406933886664261,0.33116222421328256,0.9986382126808167,0.9011313205673588,0.3439514452502844,0.9950041770935059,0.8456824620564786,0.5123278441883272,0.9995027184486389,0.877788566407704,0.5121636362302875,0.998952329158783,59.783526521839256,0
55,0.8407295459792734,0.331149695884614,0.9986518621444702,0.9011256183896754,0.34380185604095487,0.994937002658844,0.8459976031666716,0.5122272542544778,0.9995056986808777,0.8779675875391286,0.5121510255904429,0.9989611506462097,59.783526521839256,0
56,0.84076171829587,0.3311500747998558,0.9986507296562195,0.9011262570108693,0.34367649328141014,0.9948434829711914,0.84632276353382,0.5121021242368793,0.9994957447052002,0.8782006530534661,0.5121398397854401,0.9989508390426636,59.783526521839256,0
57,0.8407906208719533,0.3311633183842616,0.9986470937728882,0.901132748240517,0.34358883187884404,0.994676411151886,0.8465728419167662,0.5119874505769643,0.9994839429855347,0.8784477114677436,0.5121285631543118,0.998928427696228,59.783526521839256,0
58,0.8408040631385083,0.33117777109146146,0.9986370801925659,0.9011333840233946,0.3435081896327794,0.9945947527885437,0.8466985935256601,0.5118976519221355,0.9994783401489258,0.8786469357354307,0.5121235847473149,0.9989190101623535,59.783526521839256,0
59,0.8408033166612905,0.3311942177159448,0.9986105561256409,0.901113112767538,0.3434034401462195,0.9944509267807007,0.8467332153093254,0.5118688316572284,0.9994617104530334,0.8787644533883965,0.5121293465296433,0.9988826513290405,59.783526521839256,0
60,0.840801241851989,0.3312056745801656,0.9985905885696411,0.9010771484602074,0.3433270028659278,0.9943413138389587,0.8466907768022454,0.5118870053972522,0.9994528293609619,0.8788150548934943,0.5121514257930578,0.9988628029823303,59.783526521839256,0
61,0.8407985028766457,0.3312096524806252,0.9985722303390503,0.9010319596245182,0.3432161282925381,0.9941995739936829,0.8466816629682274,0.511886713050661,0.9994418025016785,0.8788498498144611,0.5121715920312069,0.9988359212875366,59.783526521839256,0
62,0.8407957582246697,0.33121529079618933,0.9985786080360413,0.9009924190385008,0.3430908407483785,0.9941569566726685,0.8466723390987948,0.5118931730588281,0.999441385269165,0.8788712478819354,0.5121935237021678,0.9988263249397278,59.783526521839256,0
63,0.8407951451483233,0.33121600463276846,0.9985712766647339,0.9009691306522922,0.3429955485321229,0.994063675403595,0.8466657712346038,0.5118996898333236,0.9994372129440308,0.8788890299342935,0.5122092281069078,0.9988130331039429,59.783526521839256,0
64,0.8407969616708308,0.3312096567380999,0.9985718131065369,0.9009523221424656,0.34292310050555663,0.9940569996833801,0.8466634069170278,0.5118964569909236,0.9994434714317322,0.878905035200574,0.5122198178654629,0.9988253712654114,59.783526521839256,0
65,0.8407993231500905,0.33119843119666714,0.9985806345939636,0.9009339951333553,0.342864947659629,0.9940968751907349,0.8466539241018756,0.5118792965298611,0.999453067779541,0.8789187783286692,0.5122156568935943,0.9988420009613037,59.783526521839256,0
66,0.8408013184865322,0.33117634767577786,0.9985866546630859,0.9009202179454628,0.34286488663582604,0.9941516518592834,0.8465923468271899,0.5118853052457177,0.9994621276855469,0.8789301287560243,0.5122429813657492,0.9988623261451721,59.783526521839256,0
67,0.8408017527489442,0.3311510029293245,0.9985817670822144,0.9009108202798033,0.34287186463673935,0.9941961765289307,0.8464939395586656,0.5119110317457294,0.9994655251502991,0.8789384734062928,0.5122931883448649,0.9988771080970764,59.783526521839256,0
68,0.8408018180302218,0.3311301654293426,0.9985881447792053,0.9009011472974513,0.3428836933204109,0.9943056702613831,0.846382691746667,0.5119334402538485,0.9994732141494751,0.8789398357981735,0.5123375427155272,0.9989026188850403,59.783526521839256,0
69,0.8408002200580785,0.3311174284844174,0.998579204082489,0.9008675075712665,0.3429034536793121,0.9944005012512207,0.8462637804803401,0.5119459714208334,0.9994779229164124,0.8789354988506869,0.512365267390297,0.9989279508590698,59.783526521839256,0
70,0.8407958263442636,0.3311112480504175,0.998572587966919,0.9008055528004971,0.3429144535745896,0.9944949150085449,0.8461625717935115,0.5119328016326545,0.9994815587997437,0.8789202627681558,0.5123446214766734,0.998952329158783,59.783526521839256,0
71,0.84079754068738,0.33110815854299663,0.998565673828125,0.9007314812569398,0.3429124781063628,0.9946027994155884,0.8460935496148616,0.5119063797451205,0.9994821548461914,0.8788926459494099,0.5122926320348471,0.9989697933197021,59.783526521839256,0
72,0.8408099043936963,0.3310987055301669,0.9985504150390625,0.9006596491450363,0.34291332250549705,0.9946334362030029,0.8460461270241517,0.5118861255191626,0.99947190284729,0.8788526796159297,0.5122538634708953,0.9989655613899231,59.783526521839256,0
73,0.8408278510684066,0.33108373624937903,0.9985355734825134,0.9006086048625772,0.342913308313915,0.9946801662445068,0.846030045123328,0.5118490031787332,0.9994614124298096,0.8788099657921571,0.5122255910010569,0.9989641904830933,59.783526521839256,0
74,0.8408417275973735,0.33107129448936123,0.9985155463218689,0.9005787713187089,0.3429097419693359,0.9947605133056641,0.8460434873898831,0.5117649748211819,0.9994525909423828,0.8787626652490532,0.51218536070415,0.9989740252494812,59.783526521839256,0
75,0.8408491015434272,0.331053252731051,0.9985011219978333,0.9005569389888225,0.34290418880326434,0.9948710799217224,0.8460504724865875,0.5116604367891951,0.9994453191757202,0.878718711081006,0.5121438162667415,0.998986005783081,59.783526521839256,0
76,0.8408535577002032,0.33102866581508117,0.9984860420227051,0.9005421059472228,0.34289792605808833,0.9949430823326111,0.8460515652384084,0.5115511105174114,0.9994288682937622,0.8786847790082303,0.5120944664591839,0.9989833235740662,59.783526521839256,0
77,0.840861930733636,0.3309922828560786,0.9984433054924011,0.9005335682914377,0.3428910644281481,0.9949277639389038,0.8460457921028144,0.5114655494689946,0.9993979334831238,0.8786605908757171,0.51205306109928,0.9989588260650635,59.783526521839256,0
78,0.8408828406106865,0.3309553038506284,0.9984257817268372,0.9005320100557244,0.34288824597994516,0.9949573874473572,0.8460559050242114,0.5114404644284933,0.9993797540664673,0.8786455080622726,0.5120338598887131,0.9989463090896606,59.783526521839256,0
79,0.8409302461714978,0.33091144902365577,0.9983983039855957,0.9005354841550199,0.3429017506894614,0.9949015974998474,0.8460926072938109,0.5114612550962543,0.9993531107902527,0.8786381114096875,0.5120389688582652,0.9989194869995117,59.783526521839256,0
80,0.840982377529145,0.33086056226775784,0.9983869791030884,0.9005308179628289,0.34292160187448806,0.9948726296424866,0.8461424963814879,0.5114708798272274,0.9993299841880798,0.8786338510967443,0.5119826651754837,0.9988935589790344,59.783526521839256,0
81,0.841027220090231,0.3307975190026422,0.9983997344970703,0.9005416376250138,0.3429467252322609,0.994881808757782,0.8461868848119469,0.511462739535741,0.9993224740028381,0.8786398257528039,0.5118682668322613,0.9988818168640137,59.783526521839256,0
82,0.841055367674147,0.33073016433488783,0.9984117746353149,0.9005741987909597,0.342968570334571,0.9949060678482056,0.8462161478542153,0.5114269966170906,0.999329686164856,0.8786608775456753,0.5117228059541616,0.9988914728164673,59.783526521839256,0
83,0.8410656679244275,0.33067363500595115,0.9984264969825745,0.9006202079000935,0.3429723722594128,0.9949104189872742,0.8462241916429436,0.51136912334533,0.9993403553962708,0.8786850259417587,0.5115755540984022,0.998904287815094,59.783526521839256,0
84,0.8410705725351977,0.3306364573183517,0.998439610004425,0.9006973930767612,0.34299477367174086,0.9949077367782593,0.846217280342466,0.5113424034345722,0.9993484616279602,0.8787029527482538,0.5114827553431197,0.9989129900932312,59.783526521839256,0
85,0.8410872987338481,0.3306152508372355,0.9984553456306458,0.900808200949715,0.3431230911186766,0.9949173927307129,0.8461907647904903,0.5113486363774259,0.9993548393249512,0.8787056519871674,0.5114652315775557,0.9989217519760132,59.783526521839256,0
86,0.8411057477905644,0.3305963944821133,0.9984779953956604,0.9009084247407466,0.3432972019626983,0.9949889183044434,0.8461398425556371,0.5113571655182615,0.9993684887886047,0.8786990926379257,0.51145503066835,0.9989448189735413,59.783526521839256,0
87,0.8411183697836746,0.3305792013804121,0.9984948039054871,0.9009906110309427,0.34353691481408644,0.9950709342956543,0.8460635400953753,0.5113646019072764,0.9993817210197449,0.8786820428712036,0.5114554847989767,0.9989661574363708,59.783526521839256,0
88,0.8411244891938716,0.33056158962703913,0.9985172152519226,0.9010530256089717,0.3438177378404711,0.9952030181884766,0.8459497832116634,0.5113590132622496,0.9993980526924133,0.8786644765308932,0.5114585331508096,0.9989960193634033,59.783526521839256,0
89,0.8410929441452033,0.3305567290101735,0.9985560178756714,0.9010795298076819,0.3440770237218769,0.9953668713569641,0.8457860747973132,0.5113391734304886,0.9994189143180847,0.8786532084147142,0.5114540968622484,0.9990288615226746,59.783526521839256,0
90,0.8410442982401174,0.33053912293343346,0.9985932111740112,0.9010901905241474,0.3442841853414266,0.9955644011497498,0.8455904523531603,0.5113090219951816,0.9994451999664307,0.8786363857133055,0.511457565284911,0.9990745782852173,59.783526521839256,0
91,0.8409826613607867,0.3305188658691591,0.9986158013343811,0.901105239277795,0.3444835657165166,0.9957051277160645,0.8453642442112884,0.5112716186614268,0.9994620680809021,0.8786137700080878,0.5114868056206481,0.9991055727005005,59.783526521839256,0
92,0.8409199998492294,0.3304954625311355,0.9986409544944763,0.9011104419117889,0.34462864058358356,0.9958542585372925,0.8451484129542404,0.5112418305306212,0.9994748830795288,0.8785859857286732,0.5115372765631907,0.9991331696510315,59.783526521839256,0
93,0.8408631654012777,0.3304754084064849,0.9986753463745117,0.9011205775397172,0.3447880744934085,0.9960015416145325,0.8449759483337409,0.5112270798001974,0.999488115310669,0.878548307078226,0.5115982549531124,0.999160885810852,59.783526521839256,0
94,0.8408332665761318,0.33046435600235374,0.9987031817436218,0.9011445641517647,0.34495114286740647,0.9961026310920715,0.8448607694535035,0.5112143102146335,0.9994989037513733,0.8785152378536413,0.5116506133760729,0.9991819262504578,59.783526521839256,0
95,0.8407982701346994,0.330460295790718,0.9987218976020813,0.901173705146427,0.34508903395561974,0.9961726665496826,0.8447883242652536,0.511162190210252,0.9995062947273254,0.8784980490094145,0.5116662014098399,0.9991982579231262,59.783526521839256,0
96,0.840760923567273,0.3304480583894823,0.9987315535545349,0.9011954239436565,0.34516444234620985,0.996136486530304,0.8447693813414807,0.5110714549110054,0.9994997978210449,0.8784913080079222,0.5116289910816015,0.9991912245750427,59.783526521839256,0
97,0.8407183857191184,0.330436231124969,0.9987414479255676,0.9011896366164804,0.34519146879514084,0.9960874915122986,0.8447564102354511,0.5109651457695739,0.9994871616363525,0.8784892360369372,0.5115752731050768,0.9991725087165833,59.783526521839256,0
98,0.8406594565936505,0.3304245954468139,0.9987496137619019,0.9011481688136154,0.3451824017933439,0.9960606098175049,0.8447431808426273,0.5108323721658621,0.999480664730072,0.8784878537768417,0.5115242912655789,0.9991629719734192,59.783526521839256,0
99,0.8405761917432156,0.3304221899736498,0.9987563490867615,0.9011008115041832,0.3451888788314096,0.9960324168205261,0.8447093906856725,0.5107002882730397,0.9994710683822632,0.8784643354870031,0.5114932684671316,0.9991503953933716,59.783526521839256,0
100,0.8404812358674556,0.33044050846781076,0.9987658858299255,0.9010551429930195,0.34519582986831693,0.9960228204727173,0.8446655358586999,0.5105723312922891,0.999464750289917,0.8784282122339528,0.5114768658365526,0.9991386532783508,59.783526521839256,0
101,0.8403855704125911,0.33045896745863446,0.998775064945221,0.901023901644208,0.345218740758442,0.9960262179374695,0.844620122796014,0.5102966257504059,0.9994648694992065,0.878351637295315,0.511404449031467,0.9991409182548523,59.783526521839256,0
102,0.8402927517890937,0.3304603795210523,0.9987956285476685,0.9010211087408526,0.3452325576827643,0.9960461854934692,0.8445912883395247,0.5097558697064721,0.999464213848114,0.8782374773706716,0.5110971700577513,0.9991381168365479,59.783526521839256,0
103,0.8402282652400797,0.3304465242794584,0.9988254308700562,0.9010375454312285,0.34525348742802964,0.9961150884628296,0.8445700094813399,0.508960312321073,0.9994705319404602,0.8781143171446671,0.5105404938970297,0.9991416335105896,59.783526521839256,0
104,0.8401969671249396,0.33042134699367365,0.9988388419151306,0.9010572887602314,0.3453145069735394,0.996132493019104,0.8445654199236923,0.5080288478306365,0.9994745850563049,0.8780040797733132,0.5098645289738978,0.9991371631622314,59.783526521839256,0
105,0.8401849525315428,0.33039459869975163,0.9988514184951782,0.9010771342686252,0.3454122699442367,0.996059238910675,0.8445674095835012,0.5072068430128556,0.9994828104972839,0.8779220864886337,0.5091974139213566,0.9991349577903748,59.783526521839256,0
106,0.8401692850249161,0.3303797245025637,0.9988853931427002,0.901090968222846,0.34552210143634277,0.9960441589355469,0.8445569361959192,0.5066977796100439,0.9994996786117554,0.8778780358178282,0.5087300680932548,0.9991492629051208,59.783526521839256,0
107,0.8401156890959973,0.3303783408233101,0.9989255666732788,0.9010875821113593,0.34562063500994755,0.996074914932251,0.8444909907522662,0.5064893222990494,0.9995125532150269,0.8778367695354288,0.5085214745430724,0.9991581439971924,59.783526521839256,0
108,0.8399940047945302,0.3303908067090173,0.9989647269248962,0.901078953629449,0.34566031325431124,0.9961975812911987,0.8443757607823332,0.50645219995862,0.999525785446167,0.8777975553557993,0.5084551487650194,0.9991745352745056,59.783526521839256,0
109,0.8398294590768367,0.3304195801417036,0.9990032315254211,0.9010711056845536,0.34566108953385155,0.996279776096344,0.8442509713627051,0.5064859929538912,0.9995366334915161,0.8777704437573758,0.5084731323378431,0.9991852641105652,59.783526521839256,0
110,0.8396556121962417,0.33046008575530306,0.9990381598472595,0.9010550521668941,0.34566068223544555,0.9963287115097046,0.8441518545150763,0.5065468379429412,0.9995464086532593,0.8777545860835491,0.5085429237002422,0.9991949796676636,59.783526521839256,0
111,0.8395075400670375,0.33049705482664593,0.9990670680999756,0.9010340968767809,0.34566037427811425,0.9963797926902771,0.8441099893479127,0.5066051823752271,0.99955815076828,0.8777578643390117,0.508582242897579,0.9992088675498962,59.783526521839256,0
112,0.8394094989413314,0.3305180512723471,0.9990830421447754,0.9010102777254022,0.34566777944564847,0.9963625073432922,0.844114263852438,0.5066570838292443,0.999562680721283,0.8777657945950834,0.508614838123322,0.9992088079452515,59.783526521839256,0
113,0.8393562265804843,0.3305276362668903,0.9991093277931213,0.9009679470743459,0.345679234890711,0.9963751435279846,0.8441259946141931,0.506694595019023,0.9995694756507874,0.8777708184151429,0.5086329352288024,0.9992132186889648,59.783526521839256,0
114,0.8393176425070996,0.3305358560312365,0.9991328120231628,0.9009076981317437,0.3456944652966093,0.9963886737823486,0.8441369987669451,0.5067122408321929,0.9995743036270142,0.8777723908424384,0.50864246913365,0.9992141723632812,59.783526521839256,0
115,0.8392948593412133,0.3305417497952782,0.9991427659988403,0.9008413070724131,0.34566385973067537,0.9963918924331665,0.8441471429098226,0.506720880667369,0.9995758533477783,0.8777664899826058,0.5086510294959663,0.9992145299911499,59.783526521839256,0
116,0.8392813290868494,0.3305430696124125,0.9991537928581238,0.9007750181924736,0.3455875388213569,0.9964340329170227,0.8441759489831477,0.5067311269896375,0.9995792508125305,0.877759550298964,0.5086399373554051,0.9992197751998901,59.783526521839256,0
117,0.8392749088151121,0.3305490698133199,0.9991722106933594,0.9007268916992921,0.3454996361618953,0.9964725971221924,0.8442149474507292,0.5067411348933268,0.9995841979980469,0.8777539701688865,0.5086156016304384,0.9992261528968811,59.783526521839256,0
118,0.8392782523518524,0.3305583738145377,0.9991939067840576,0.900701406456176,0.34542152569407536,0.9965117573738098,0.8442520726294751,0.5067588715326222,0.9995929002761841,0.8777493323598596,0.5085904229254954,0.9992369413375854,59.783526521839256,0
119,0.839274548348927,0.3305678665637972,0.9992111921310425,0.9006882536978956,0.3453880803925653,0.9965531229972839,0.844278934456054,0.5067920060384845,0.999598503112793,0.877744654814403,0.5085825522740686,0.9992426633834839,59.783526521839256,0
120,0.8392517878895721,0.33057194522448974,0.9992153644561768,0.9006755721001405,0.3454060398396994,0.9965945482254028,0.8442902593385613,0.506831146421887,0.9995964765548706,0.877733230590821,0.5085960229237878,0.9992446899414062,59.783526521839256,0
121,0.8391907612482713,0.330578345628012,0.9992225170135498,0.9006550141743259,0.3454199844882604,0.9966162443161011,0.844280401865642,0.5068662336894448,0.9995980262756348,0.8777165469669167,0.5086200237274174,0.9992470741271973,59.783526521839256,0
122,0.8390418887138373,0.33061689564159963,0.9992149472236633,0.9005916657901953,0.34542713846479167,0.9966114163398743,0.8442699000948959,0.5068841690108894,0.9995913505554199,0.8777001982643498,0.5086323193141395,0.9992399215698242,59.783526521839256,0
123,0.8388466324125023,0.3307254981426968,0.9992151856422424,0.9005238442193901,0.3454413967473169,0.9966699481010437,0.8442575903165915,0.5068929592768355,0.9995871782302856,0.877688109874726,0.5086391227585934,0.999241292476654,59.783526521839256,0
124,0.8386546146302003,0.3309092351368498,0.9992072582244873,0.9004227178437376,0.3454464943636034,0.9966998100280762,0.844247684592293,0.5069113260223757,0.9995831251144409,0.8776840823037291,0.5086265092804323,0.9992397427558899,59.783526521839256,0
125,0.8384814971969248,0.33114878478504395,0.9991912245750427,0.9003059807277869,0.3454656402270002,0.9967049956321716,0.8442296130316604,0.5069442930675692,0.9995822310447693,0.877686764512744,0.5086053553081697,0.9992437362670898,59.783526521839256,0
126,0.838334120455243,0.3313730245544799,0.9991759061813354,0.900164655276708,0.34551328562554884,0.9967117309570312,0.8442042498361504,0.5069779157638554,0.9995825290679932,0.8776885554904037,0.508561438038236,0.9992480278015137,59.783526521839256,0
127,0.8382265965143847,0.33153354837780935,0.9991837739944458,0.9000349044799811,0.345596056608927,0.9967247843742371,0.8441876456851058,0.5070052742958073,0.9995904564857483,0.8776906331380215,0.5085072687694009,0.9992582201957703,59.783526521839256,0
128,0.8381127828643442,0.3316214141391575,0.9991908669471741,0.899918198585511,0.3456951464925496,0.9967073202133179,0.8441794032142282,0.5070270299911503,0.9995953440666199,0.8776917854944871,0.5084659286907744,0.9992642998695374,59.783526521839256,0
129,0.83803563458579,0.3316523858479094,0.9992014765739441,0.8998639470054998,0.3457785333905904,0.9966674447059631,0.8441833286058342,0.5070622818810603,0.9995983242988586,0.8776919955299021,0.5084500795318971,0.9992634654045105,59.783526521839256,0
130,0.8379863131613965,0.33164676030476914,0.9992088675498962,0.8998481602895835,0.3458596127373834,0.9965670704841614,0.8441938133466818,0.5071431426774892,0.9995988607406616,0.8776928299949289,0.5084823738960997,0.9992563724517822,59.783526521839256,0
131,0.8379581002962029,0.33163688864026775,0.9992164969444275,0.8998436189833149,0.3459365467230482,0.9964697957038879,0.84421155566261,0.5072394552684969,0.9996008276939392,0.8776864891960514,0.5085490232422243,0.9992532730102539,59.783526521839256,0
132,0.8379077173414691,0.33163076639175443,0.9992205500602722,0.8998056962376556,0.3460270436037157,0.9963769912719727,0.8442317474456067,0.5073131436393379,0.9995933771133423,0.8776697942188816,0.5086091075624742,0.9992353916168213,59.783526521839256,0
133,0.8378338728632252,0.33163020156678724,0.9992241263389587,0.8997122673761284,0.34611590135665193,0.9962691068649292,0.8442577492623109,0.5073582501638507,0.9995924234390259,0.8776341619945714,0.5086572567621871,0.9992259740829468,59.783526521839256,0
134,0.837700165453412,0.33163182792209467,0.99922114610672,0.89957857983453,0.34617663423220346,0.9961816668510437,0.8442794254847942,0.507413662615277,0.9995918869972229,0.8775872474625004,0.5087037427084791,0.9992210865020752,59.783526521839256,0
135,0.8375159104665127,0.33164588610331247,0.9992191791534424,0.8994502709025435,0.34618768237886,0.9960813522338867,0.8442673001970571,0.507510690462022,0.9995895028114319,0.877536648795719,0.508744957901183,0.9992084503173828,59.783526521839256,0
136,0.8372383231208445,0.3316817751952583,0.9992172718048096,0.8993668953577685,0.34619266504333157,0.9960110187530518,0.8442136389868606,0.5076411848976503,0.9995893836021423,0.8774887238230031,0.5087922811508183,0.9992021918296814,59.783526521839256,0
137,0.8368867976324905,0.33175656625202754,0.9992295503616333,0.8993148150898169,0.3461929573899226,0.9959872961044312,0.8441413215228496,0.5077439802033565,0.9995991587638855,0.8774475653966275,0.5088187938644777,0.9992129802703857,59.783526521839256,0
138,0.8365109733172832,0.33184990002995474,0.99925696849823,0.8992925570124679,0.34619422611736145,0.9960556030273438,0.844040058908009,0.5077953054791409,0.9996143579483032,0.8774123759496787,0.5088185497692658,0.9992349743843079,59.783526521839256,0
139,0.8361840844154365,0.33193280583336265,0.999278724193573,0.899259703499931,0.3461651333740782,0.9961225986480713,0.8439467577707206,0.5078282356262211,0.9996234774589539,0.8773833853857865,0.5087955366997496,0.9992492198944092,59.783526521839256,0
140,0.8359519186474036,0.33199418016842464,0.999293863773346,0.8992260126840508,0.34611966070674743,0.9961929321289062,0.843872595401038,0.5079241111165005,0.9996263384819031,0.8773562028294525,0.5088078720229017,0.99925297498703,59.783526521839256,0
141,0.8358251906576617,0.3320302594275705,0.9993112683296204,0.8992055370694123,0.34607513603710016,0.9962853193283081,0.843796937238603,0.5081032741637461,0.9996325969696045,0.8773239794231604,0.5089058081309005,0.9992617964744568,59.783526521839256,0
142,0.8357550728888745,0.33205133250781493,0.999316930770874,0.8992030592191794,0.34604164106505286,0.9963391423225403,0.8437428446043113,0.5083120067914331,0.9996347427368164,0.8772957949411309,0.5090712621098477,0.9992637634277344,59.783526521839256,0
143,0.8356870895340336,0.3320782809030445,0.9993230700492859,0.8991914476667139,0.3460360651924499,0.9964046478271484,0.8437032529285984,0.5085008513359801,0.9996362328529358,0.8772662707737521,0.5092703785215109,0.9992650151252747,59.783526521839256,0
144,0.8355993145988108,0.33207788637706237,0.999330997467041,0.8991657410349172,0.34604094142005587,0.9964765906333923,0.843652906871978,0.5086328472409933,0.9996368288993835,0.8772288702783138,0.5094539892105834,0.9992669224739075,59.783526521839256,0
145,0.8354988012995046,0.33205437660217313,0.9993326663970947,0.8991259563536879,0.34603481349490967,0.9965315461158752,0.8436158043997635,0.5087071174666999,0.9996346235275269,0.8771893694287262,0.5095773736635847,0.9992616772651672,59.783526521839256,0
146,0.8354073365529384,0.33202937529200627,0.9993325471878052,0.8990587109611156,0.34602471334593665,0.9965689778327942,0.8435801636605043,0.5087438197362995,0.9996264576911926,0.877119719982148,0.5096430636587601,0.9992458820343018,59.783526521839256,0
147,0.83532749755042,0.33199808143434095,0.9993337988853455,0.8989840462094268,0.34601006195658757,0.9965928196907043,0.8435366125333883,0.508769117650532,0.9996196031570435,0.8770278663862326,0.5097078993206936,0.9992339611053467,59.783526521839256,0
148,0.8352735411553163,0.33196540531658014,0.9993334412574768,0.8989167894635889,0.34598783226240276,0.9966099262237549,0.8434892325174248,0.508793101424263,0.9996104836463928,0.8769304865882518,0.5097963185537433,0.999218225479126,59.783526521839256,0
149,0.8352361860729406,0.33194738200732665,0.9993267059326172,0.8988224949155542,0.3459682606515433,0.9966272115707397,0.8434382251330792,0.5088383413496476,0.9995948672294617,0.8768423426718945,0.5099025311924167,0.9991948008537292,59.783526521839256,0
150,0.83521132242112,0.3319274442536493,0.9993252158164978,0.8987357644807732,0.3459511867591316,0.9966213703155518,0.8433912595113126,0.5088845037278679,0.9995773434638977,0.876779272442773,0.5099897526559379,0.9991640448570251,59.783526521839256,0
151,0.8351933047884993,0.3318954067570825,0.9993218779563904,0.8986662569500158,0.3459360727242064,0.9966340661048889,0.8433529025032414,0.5089175048328586,0.9995647668838501,0.8767463593255913,0.5100433088484269,0.9991439580917358,59.783526521839256,0
152,0.8351808161962606,0.3318594367731188,0.9993236660957336,0.8986004846436644,0.34593381484349595,0.9966486096382141,0.8433193195433851,0.5089321902820046,0.999555766582489,0.8767189355123618,0.5100444271450955,0.9991262555122375,59.783526521839256,0
153,0.8351741802124757,0.33181789659318495,0.9993339776992798,0.898567282018208,0.34594884372892865,0.9966357350349426,0.8432913564500362,0.5089601391837715,0.9995557069778442,0.8766921219371621,0.5100302980059673,0.9991161227226257,59.783526521839256,0
154,0.8351548966907327,0.33177434404691086,0.999342143535614,0.8985446265765606,0.34596853596823585,0.9965964555740356,0.8432551877839232,0.5089871173813234,0.9995520114898682,0.8766663585390371,0.5100151669411437,0.9990976452827454,59.783526521839256,0
155,0.8351072129749123,0.3317430303210307,0.9993467330932617,0.8985055713426506,0.3459866018522356,0.996551513671875,0.8431953390439357,0.5090672714369642,0.9995478391647339,0.8766363688877659,0.5100129161562242,0.9990794062614441,59.783526521839256,0
156,0.8350535148666025,0.331723905745007,0.9993541836738586,0.8984813065755943,0.3460039524804981,0.9965735673904419,0.8430769528661463,0.5091875138736911,0.9995479583740234,0.8765820236433126,0.510016969272069,0.9990717172622681,59.783526521839256,0
157,0.835008309001015,0.33170538289206397,0.9993465542793274,0.8984644696826034,0.3460329288528082,0.9965362548828125,0.8429087286903751,0.5093062009130209,0.9995366930961609,0.8765115539232896,0.5100229013533824,0.9990421533584595,59.783526521839256,0
158,0.8349812967436661,0.33169185973349097,0.9993374347686768,0.8984597438857675,0.34609813349587604,0.9965216517448425,0.8427180874915357,0.5093976543063212,0.9995333552360535,0.8764361909457623,0.510029948893048,0.9990318417549133,59.783526521839256,0
159,0.8349747090112601,0.33168649247714477,0.9993352890014648,0.8984731322243107,0.34618192485400634,0.9965391159057617,0.8425440759885885,0.5094537252471565,0.9995372295379639,0.8763683324768436,0.510041089284988,0.9990383982658386,59.783526521839256,0
160,0.8349740675517497,0.33167681097984336,0.9993368983268738,0.8984827825001316,0.34625096973918756,0.9965949654579163,0.8423990380196351,0.509467320782798,0.9995435476303101,0.8763043028967729,0.5100577729088924,0.9990525841712952,59.783526521839256,0
161,0.8349627029328126,0.3316644430160525,0.99933922290802,0.898487221627009,0.3462905954746976,0.9966217875480652,0.8422931148892365,0.5094847366923382,0.9995526671409607,0.8762438581103378,0.5100854095958531,0.9990707039833069,59.783526521839256,0
162,0.8349352620896846,0.3316499562490557,0.9993435144424438,0.8984917629332777,0.34629343662943185,0.996646523475647,0.8422027599243898,0.5095134405862721,0.9995590448379517,0.8761795361836758,0.5101152771995185,0.9990841746330261,59.783526521839256,0
163,0.8348767729032613,0.3316576111884347,0.9993453621864319,0.8984792828559882,0.34628147028741413,0.9966630935668945,0.84214506830488,0.5095777625129341,0.9995684623718262,0.8761292667615989,0.5101504666464673,0.9991021752357483,59.783526521839256,0
164,0.8347848086130059,0.33168196110498366,0.9993500709533691,0.8984536698886334,0.3462802313622977,0.9967045783996582,0.8421204033352085,0.5097103204045981,0.9995771050453186,0.8761060436566678,0.5102392179625379,0.9991174340248108,59.783526521839256,0
165,0.8346580153419865,0.33173138754708453,0.9993463158607483,0.8984047571818041,0.34627798199653653,0.9966779351234436,0.8421234715552564,0.50988477184659,0.99958336353302,0.8761082859266379,0.5103558387075156,0.9991247057914734,59.783526521839256,0
166,0.8345325617563164,0.33178138874826,0.9993343949317932,0.8983031199091964,0.34626378757613074,0.9966474771499634,0.8421150474321282,0.5100688139597579,0.9995833039283752,0.8761056349391037,0.510492344697317,0.999119758605957,59.783526521839256,0
167,0.8344311912854518,0.3318167541708268,0.9993206262588501,0.8981395846321477,0.34624572311128915,0.9965962171554565,0.8420985227539433,0.510199694406419,0.9995825290679932,0.876098241124835,0.5106032916477753,0.9991146922111511,59.783526521839256,0
168,0.8343571594783245,0.3318240968953998,0.9992756843566895,0.8979643100783945,0.3462092989966986,0.996512234210968,0.8421074719656088,0.5102489250046871,0.9995725154876709,0.8761025156293604,0.510646141710736,0.9991004467010498,59.783526521839256,0
169,0.8343068219366534,0.33182169142223567,0.9992479681968689,0.8978148642040442,0.3461497809205739,0.9964858293533325,0.8421323015576323,0.5102505939347408,0.9995668530464172,0.8761305354890376,0.5106365141414464,0.999096155166626,59.783526521839256,0
170,0.8342727848461703,0.33180889629182386,0.9992395043373108,0.8977296267236989,0.3460894411518463,0.9964937567710876,0.8421967455319003,0.510243103617714,0.9995675086975098,0.8761766893523086,0.5106168048722408,0.9991028904914856,59.783526521839256,0
171,0.83424632038389,0.33180277262415236,0.9992378354072571,0.8977128551119857,0.3460411699045275,0.9965381622314453,0.842282258328938,0.5102610985438033,0.9995702505111694,0.8762255907058722,0.5106193565187004,0.9991162419319153,59.783526521839256,0
172,0.8342323047774185,0.3318008496647792,0.9992342591285706,0.8977272368612751,0.34601493676503525,0.9965419769287109,0.8423489275432775,0.5103006448064535,0.9995685815811157,0.8762611860320689,0.510651440847488,0.9991209506988525,59.783526521839256,0
173,0.8342257482664932,0.33180106111935237,0.9992334842681885,0.8977371397472571,0.3460173450765158,0.9964708685874939,0.842381690229689,0.5103501620746799,0.9995653033256531,0.8762694994608569,0.5107283705756782,0.9991140365600586,59.783526521839256,0
174,0.8342209060986844,0.3318015833695732,0.9992358684539795,0.8977450728416451,0.3460305177030112,0.9963926076889038,0.8424101131302977,0.5103752442768645,0.9995608329772949,0.8762637632233764,0.5108248761722023,0.9991055727005005,59.783526521839256,0
175,0.8342172389938725,0.33179963912282695,0.9992327094078064,0.8977478827748987,0.3460354549544201,0.9962888360023499,0.8424160338583453,0.5104086200396224,0.9995542764663696,0.8762588869957704,0.5109630766369051,0.9990978837013245,59.783526521839256,0
176,0.8342116503488457,0.3317937836760569,0.9992033243179321,0.897753454390027,0.346035923276629,0.9961554408073425,0.8424261638096409,0.510519453457424,0.9995399117469788,0.8762535112244749,0.5111674978619534,0.999087393283844,59.783526521839256,0
177,0.8341985742251086,0.33178193370501224,0.9991664886474609,0.8977762716157104,0.3460377653439842,0.9960265755653381,0.8424295300529123,0.5107707040650509,0.9995232820510864,0.8762460322607138,0.5114497116633828,0.9990714192390442,59.783526521839256,0
178,0.8341789132072819,0.33174822869754994,0.9991578459739685,0.8978014134225398,0.34603848201887977,0.9959943890571594,0.842425085249402,0.5110880221639365,0.9995275735855103,0.8762373384975258,0.5117635443097073,0.9990860819816589,59.783526521839256,0
179,0.8341606202579687,0.3316939089979447,0.9991602301597595,0.8978456769670766,0.34604830968947664,0.9960336089134216,0.842410706338429,0.511367914222536,0.9995341300964355,0.8762264081410006,0.5120375865981697,0.999101459980011,59.783526521839256,0
180,0.8341522897992821,0.33163153273718726,0.9991593956947327,0.897925745873225,0.34607027683939284,0.9960768818855286,0.8423975081670858,0.5115155861491253,0.999535858631134,0.8762175582704097,0.5122282363119584,0.9991126656532288,59.783526521839256,0
181,0.8341547080448701,0.3315643299193612,0.9991821050643921,0.8980425397555041,0.346096788133894,0.9961860179901123,0.8423872476532352,0.5115410259791787,0.9995524883270264,0.8762135250227799,0.5123338727723988,0.9991432428359985,59.783526521839256,0
182,0.8341670234998073,0.33149769760313513,0.9991975426673889,0.8981760314532695,0.3461190973009385,0.9962900876998901,0.8423824622517547,0.5115339954694116,0.999562680721283,0.8762110925856097,0.5123989695594429,0.9991642832756042,59.783526521839256,0
183,0.8341790551231028,0.3314475672585626,0.9992150068283081,0.8983080784479783,0.34613513095038306,0.9963827133178711,0.8423809749739517,0.511513383615585,0.9995723366737366,0.8762092590332039,0.5124211935769948,0.9991798400878906,59.783526521839256,0
184,0.8341927414848698,0.3314052919546766,0.9992446303367615,0.8984007296108072,0.34613919825780987,0.9965101480484009,0.8423796892166144,0.5114595975194662,0.9995859265327454,0.8762155884788156,0.51240462916238,0.9991999864578247,59.783526521839256,0
185,0.8342077760469352,0.33138572743960815,0.9992708563804626,0.8984627269563228,0.3461468290714993,0.9966344833374023,0.8423943519592292,0.5113801246597658,0.9995997548103333,0.876244246959687,0.5123363761674794,0.9992227554321289,59.783526521839256,0
186,0.8342290861266006,0.3313842571917037,0.9992949962615967,0.8985158375331341,0.3461870309852421,0.9967453479766846,0.8424459213302256,0.5112870903242206,0.9996123909950256,0.8762883373669222,0.5122652337664654,0.9992426633834839,59.783526521839256,0
187,0.8342498171897168,0.3314012842518945,0.9993172287940979,0.8985871161733361,0.34624746725672795,0.9968359470367432,0.8425734837849941,0.5112655872390388,0.9996235370635986,0.8763860577628734,0.5122257981981554,0.9992583990097046,59.783526521839256,0
188,0.8342737356821702,0.33141894567580477,0.9993360638618469,0.8986668842179442,0.3463394130979268,0.9969190359115601,0.8427824150948304,0.5113327928951812,0.9996345043182373,0.8765441434723997,0.5122325931276598,0.9992736577987671,59.783526521839256,0
189,0.8342927296956387,0.3314417770930702,0.9993505477905273,0.8987441006160926,0.34644013359433157,0.9969853758811951,0.8430323345320572,0.511449183736529,0.9996428489685059,0.8767442277499614,0.5122742965107876,0.9992824196815491,59.783526521839256,0
190,0.8343063195546474,0.33147368828455637,0.9993733167648315,0.8988244192940855,0.346524224394844,0.9970970153808594,0.8432713576725557,0.5115623644420083,0.999653697013855,0.8769674556595946,0.5122995263054262,0.9992988109588623,59.783526521839256,0
191,0.8343107302983608,0.3315080900986992,0.9993929266929626,0.8989138432911472,0.34657642529124333,0.9971997141838074,0.8434531688690192,0.5116394843373984,0.9996618628501892,0.8771915322258366,0.5122947210357307,0.9993109703063965,59.783526521839256,0
192,0.8343035692260385,0.33153525988260935,0.999413013458252,0.8989917607534508,0.34660195594742216,0.9973072409629822,0.8435587428864986,0.5116541045052668,0.9996710419654846,0.8773696110362106,0.5122611976805191,0.9993272423744202,59.783526521839256,0
193,0.8342877456120089,0.331566244363785,0.9994257688522339,0.899053267070226,0.34660549532799523,0.9973865151405334,0.8436122479892919,0.5116631104832609,0.9996777772903442,0.8775061510858089,0.5122398194812596,0.9993401765823364,59.783526521839256,0
194,0.8342621865726659,0.33158822570528335,0.999435305595398,0.8990787494750258,0.3465926760718939,0.9974542260169983,0.8436286988712499,0.511657868112837,0.9996872544288635,0.8775929240953362,0.5122403615996955,0.9993619918823242,59.783526521839256,0
195,0.8342360740616215,0.3316164428279516,0.999437153339386,0.8991039508865,0.3465707358859837,0.9975062608718872,0.84362052168165,0.5116873355138873,0.9996927380561829,0.8776329443568283,0.5123099996930081,0.9993770718574524,59.783526521839256,0
196,0.8342215305282963,0.33165803267842275,0.9994396567344666,0.8991536327770786,0.3465144662629993,0.9975408315658569,0.8436338731220797,0.5117235013416839,0.9996970891952515,0.8776785986764097,0.512403405848004,0.9993879199028015,59.783526521839256,0
197,0.8342194613956276,0.33170779546101914,0.9994338750839233,0.8992316410655075,0.3464301427205406,0.9975435137748718,0.8436810629708433,0.511774375325158,0.999697208404541,0.8777548784301401,0.5125146196002056,0.9993898272514343,59.783526521839256,0
198,0.8342485229174302,0.3317629127275379,0.9994200468063354,0.8993341979526346,0.3463055179232646,0.9975239634513855,0.8437689968517855,0.5118400057156884,0.9996938705444336,0.8778640400795716,0.5126118035543537,0.9993856549263,59.783526521839256,0
199,0.8343187400272921,0.33184045695123243,0.9994041323661804,0.8994403140885496,0.3461880343300958,0.9974710941314697,0.8438882402011334,0.5119187093916397,0.9996882081031799,0.877987137862615,0.5127164579573136,0.9993756413459778,59.783526521839256,0
200,0.8344014201845449,0.3319119811058047,0.9993935227394104,0.8995527312869125,0.34608994069553584,0.9974320530891418,0.8440164185705645,0.5120511111759007,0.9996850490570068,0.8781161875951865,0.5128303766250615,0.9993683099746704,59.783526521839256,0
201,0.8344784776369738,0.3319740068344846,0.999381422996521,0.8997299699556267,0.3460424996557693,0.9973769783973694,0.8441063137281515,0.5122329138574151,0.9996842741966248,0.8782268280074716,0.5129741430282597,0.9993649125099182,59.783526521839256,0
202,0.8345993388266797,0.33200484939983943,0.99936443567276,0.8999516084080658,0.34602127330643817,0.9973469376564026,0.8442299422763649,0.512366232417879,0.9996808767318726,0.8783539164633986,0.5130224568503248,0.9993582963943481,59.783526521839256,0
203,0.8347904199645639,0.332035051924842,0.9993559122085571,0.9002129378772924,0.34604385069438415,0.9973463416099548,0.8443764050801602,0.5124523327464153,0.9996790289878845,0.8784930195127222,0.5129975165639609,0.999355673789978,59.783526521839256,0
204,0.8350461579504473,0.3320626332646327,0.9993611574172974,0.9004546148436418,0.34608421297300457,0.9973702430725098,0.8445233532360628,0.5125230437233339,0.9996814727783203,0.8786303145544878,0.5129206492787319,0.9993590712547302,59.783526521839256,0
205,0.8353251502627425,0.33210422169594567,0.9993784427642822,0.900615817024595,0.3461333115895592,0.9974179863929749,0.8446582640920373,0.5125813682874047,0.999690592288971,0.878726522127788,0.5128481700306852,0.9993740916252136,59.783526521839256,0
206,0.8355425113723398,0.33223324872198584,0.9993938207626343,0.9006885942958658,0.3461921740145913,0.997439980506897,0.8447888436771582,0.5126468510854816,0.9997026920318604,0.8787921269734706,0.5128177915300647,0.9993948340415955,59.783526521839256,0
207,0.835690617561341,0.33244688737960115,0.999402642250061,0.9007063110669462,0.34624040836379666,0.9974521398544312,0.8449500770795919,0.512761669499534,0.9997131824493408,0.8788725279626399,0.512842709109897,0.9994144439697266,59.783526521839256,0
208,0.8358737741197866,0.33268461908612956,0.9993994235992432,0.9006887731098001,0.3462577277705786,0.9973967671394348,0.8451523241542642,0.5129054273877829,0.9997195601463318,0.8789803868248357,0.5128778389522012,0.9994253516197205,59.783526521839256,0
209,0.8361127121107925,0.3329063554604851,0.9994016885757446,0.9006877172560926,0.34626396639006507,0.9973728060722351,0.8453555646396825,0.5131340651285085,0.9997292160987854,0.8791028601782669,0.5130032045500623,0.999441385269165,59.783526521839256,0
210,0.8363581072716493,0.3330625324022205,0.9994105100631714,0.900676940168654,0.34625919376100844,0.9973904490470886,0.8455152142615552,0.5135709104083837,0.9997392892837524,0.8791985795611433,0.5133092233112885,0.9994586110115051,59.783526521839256,0
211,0.836591425396148,0.3331168279761363,0.9994097948074341,0.9007199775604983,0.3462603801772711,0.997393786907196,0.8456138372421271,0.5140608066604255,0.9997462034225464,0.8792464051927846,0.5136989497003105,0.9994702935218811,59.783526521839256,0
212,0.8367535869280504,0.3331506692227866,0.9994009733200073,0.9008497652553384,0.34628741797946777,0.9973754286766052,0.845666082132431,0.5144415128798716,0.9997481107711792,0.8792876232238049,0.5140600374766763,0.9994702339172363,59.783526521839256,0
213,0.836927479221708,0.33317340271813556,0.9993902444839478,0.9011002211343682,0.34633817133449396,0.9973161816596985,0.8457429323877614,0.5146629838716421,0.9997456073760986,0.8793723554838279,0.5142602069037305,0.9994580745697021,59.783526521839256,0
214,0.8371534120468873,0.33318480849266074,0.9993717074394226,0.9014453093210864,0.346416193814505,0.9972332119941711,0.8458164277530859,0.514735531239283,0.9997427463531494,0.8795057847386322,0.5142912353788107,0.9994444251060486,59.783526521839256,0
215,0.8374110687346692,0.3331834035260339,0.9993792176246643,0.9018606571924126,0.3465029043810711,0.9972580671310425,0.8459016680717475,0.5146470211801079,0.9997473359107971,0.8796827395757048,0.5141665566535227,0.9994479417800903,59.783526521839256,0
216,0.8376350828579501,0.33318890560241,0.9993835091590881,0.9022370179494229,0.3466046495097027,0.9972836375236511,0.8459790462539316,0.5144774346124562,0.9997498989105225,0.8798559818949026,0.5139897948219667,0.9994486570358276,59.783526521839256,0
217,0.8378381530443835,0.33319337878908456,0.9994030594825745,0.9025780104455501,0.3467304805914564,0.9973584413528442,0.8460555445580262,0.5141090495245801,0.9997567534446716,0.8800155946186619,0.5137055629775642,0.9994591474533081,59.783526521839256,0
218,0.8380087358610977,0.3331877518267861,0.9994270205497742,0.9028232012476247,0.34682871472267907,0.9974387288093567,0.8461515761557087,0.5134979032334832,0.9997658133506775,0.8801496170815974,0.5132876634597783,0.9994742274284363,59.783526521839256,0
219,0.8382393916447963,0.3331723042896818,0.9994567036628723,0.9030039253689001,0.34692590577261817,0.997523307800293,0.8462744241669071,0.5127592001642504,0.9997761249542236,0.8802448794955307,0.5128281343550913,0.999491810798645,59.783526521839256,0
220,0.8384849343981069,0.3331540723641716,0.9994902014732361,0.903119677589054,0.3470314003172378,0.9975985884666443,0.8464176598049352,0.5121435352734162,0.9997872710227966,0.8803430000940965,0.5124599394344153,0.9995105266571045,59.783526521839256,0
221,0.8387367157709038,0.3331385652224226,0.9995160102844238,0.9032083948453274,0.3471432626247409,0.9976363778114319,0.8465668757756557,0.5117357401620778,0.9997952580451965,0.8804507028488893,0.5122287784303942,0.9995212554931641,59.783526521839256,0
222,0.8389514457611817,0.3331277285303391,0.9995372891426086,0.9032735483986998,0.3472649852434797,0.9976682662963867,0.8466754697618037,0.5115682085355128,0.9998038411140442,0.8805550507136761,0.5121592595463711,0.9995347857475281,59.783526521839256,0
223,0.8391161788077588,0.33312445027487647,0.999550461769104,0.9033503560792839,0.34737841572080363,0.9976862668991089,0.8467356732913434,0.5115559214637397,0.9998101592063904,0.880632190477281,0.5121777710460484,0.9995447993278503,59.783526521839256,0
224,0.8392145321482711,0.3331184486548109,0.9995486736297607,0.9034242431322741,0.3474428185394835,0.9976277351379395,0.8467644623347698,0.5115450819333398,0.999811589717865,0.8806692418598001,0.512151229949225,0.9995409846305847,59.783526521839256,0
225,0.8392829185440434,0.3331362136772703,0.9995512962341309,0.9035374039695383,0.3475005655061634,0.997612476348877,0.8467656260445011,0.5115434726079309,0.9998144507408142,0.8806936371894117,0.5121540427207951,0.9995426535606384,59.783526521839256,0
226,0.8393091985157565,0.33316874787921025,0.9995595812797546,0.9036616314025159,0.3475583167303179,0.9976575374603271,0.846754431724549,0.5115937987963363,0.999817430973053,0.8807315684500202,0.5122184412820003,0.9995461106300354,59.783526521839256,0
227,0.8393276277042578,0.3332241092409409,0.9995651841163635,0.9037600046112431,0.34761205315589927,0.9977022409439087,0.8467783502170025,0.5116675779933025,0.9998178482055664,0.880800746736073,0.5123159232593721,0.9995473027229309,59.783526521839256,0
228,0.8393869485173915,0.3332761228084567,0.9995669722557068,0.9038390772683288,0.3476334270976842,0.9977331161499023,0.8468402169999629,0.5117436675798329,0.9998157024383545,0.8808927791459226,0.5124385555585229,0.9995430707931519,59.783526521839256,0
229,0.8394860937481842,0.3333142385596323,0.9995578527450562,0.9038869284448177,0.34763007788431105,0.9977063536643982,0.8469701920236867,0.5118016089711874,0.9998131394386292,0.8810007628940407,0.5125521960712618,0.9995375275611877,59.783526521839256,0
230,0.8395846429325293,0.33332028701191885,0.9995518922805786,0.9039181584403636,0.3476107006981262,0.9976787567138672,0.8471579353014634,0.5118125336510799,0.9998130202293396,0.8811154195240574,0.5125968030520852,0.999535083770752,59.783526521839256,0
231,0.8396781200454355,0.33331685690652785,0.999546229839325,0.9039526780446379,0.3475773192587356,0.9976664781570435,0.8473586865833835,0.5118138279233664,0.9998123049736023,0.881226954006014,0.5126158396402999,0.999531626701355,59.783526521839256,0
232,0.8397510818072735,0.33330345579556087,0.9995454549789429,0.903989269619897,0.3475487388315658,0.9976541996002197,0.8475212256113696,0.5118237336476648,0.9998117089271545,0.8813114620390399,0.5126339452607296,0.9995278716087341,59.783526521839256,0
233,0.8398078651655294,0.3333013228007728,0.9995411038398743,0.9040290997141891,0.3475313754308794,0.9976298809051514,0.8476571043332425,0.5118305597986498,0.9998098015785217,0.8813754859424779,0.5126410240218757,0.9995226263999939,59.783526521839256,0
234,0.8398587107658393,0.33329730658304146,0.999540388584137,0.9040732866241826,0.34750498902230065,0.9976245760917664,0.84777471565065,0.5118141883895515,0.9998055100440979,0.881435238179707,0.5126378025327414,0.9995116591453552,59.783526521839256,0
235,0.8399141203789491,0.33330418950035484,0.9995424151420593,0.9041149105344507,0.3474761375359129,0.9976351261138916,0.847907063506899,0.511822743075235,0.99980229139328,0.8815089066823331,0.5126579943157381,0.9995019435882568,59.783526521839256,0
236,0.8399647275606799,0.3333303431669874,0.9995459318161011,0.9041710779780441,0.3474519550800326,0.9976629018783569,0.8480409951437093,0.511928933007377,0.9997958540916443,0.881589001133329,0.5127565690449309,0.9994862675666809,59.783526521839256,0
237,0.8400192033676881,0.33338033017658075,0.999547004699707,0.9042351643244433,0.3474218192554659,0.9976857900619507,0.8481394563402456,0.5120904587564018,0.9997886419296265,0.881664415200552,0.5129010138057531,0.9994688630104065,59.783526521839256,0
238,0.8400992722738363,0.33344476279758295,0.9995450377464294,0.9042965911683589,0.34739895803587806,0.9977094531059265,0.8481849772589554,0.5122736749194922,0.9997838735580444,0.881730877217793,0.5130922765958881,0.9994564056396484,59.783526521839256,0
239,0.8402017411731545,0.33350277798516437,0.9995447397232056,0.9043516658601315,0.34739492336909006,0.9977481961250305,0.848192161037809,0.5124213354928158,0.9997805953025818,0.8817655671210523,0.5132822763352172,0.9994490146636963,59.783526521839256,0
240,0.8402947386105861,0.33353474168550423,0.9995439052581787,0.904389767419725,0.34739225393249906,0.9977721571922302,0.8481900606836599,0.5124829468272984,0.999776303768158,0.881818788392204,0.5134241325514661,0.9994392991065979,59.783526521839256,0
241,0.8403708423886987,0.3335446204457967,0.9995410442352295,0.9044068824677248,0.3473882604212991,0.9977850914001465,0.8481930324009495,0.5124820584342598,0.9997701644897461,0.8818898428054089,0.5135139028231307,0.9994251132011414,59.783526521839256,0
242,0.8404217050189071,0.33354568055697875,0.9995377659797668,0.9044177361897068,0.3473880404517767,0.9978160262107849,0.8481946246964598,0.5124809628441225,0.9997639656066895,0.8819689892587215,0.5135769985971,0.9994118809700012,59.783526521839256,0
243,0.8404376847403396,0.3335483769575758,0.9995359778404236,0.90442385843822,0.34737426610220073,0.9978402256965637,0.8482027621496298,0.5124655933607196,0.9997614026069641,0.8820440825961892,0.5135877104032611,0.9994074702262878,59.783526521839256,0
244,0.8404493814422977,0.33355134015991605,0.9995260238647461,0.9044261177380887,0.34735365424837417,0.997813880443573,0.8482149669102268,0.5124499911353706,0.9997565746307373,0.8821027165367497,0.5135795559201926,0.9993967413902283,59.783526521839256,0
245,0.8404549104826797,0.3335446559247519,0.9995179176330566,0.9044273325375156,0.3473172883192701,0.997805655002594,0.8482343838328413,0.5124280935242067,0.9997514486312866,0.8821302567209524,0.5135438867977692,0.9993848204612732,59.783526521839256,0
246,0.840458770593008,0.33352800494148643,0.9995108842849731,0.9044303666977662,0.3472616871198021,0.9978012442588806,0.84825428894588,0.5124235351880395,0.999748170375824,0.882150312264761,0.5135214839662828,0.9993773102760315,59.783526521839256,0
247,0.8404579900559932,0.3335101036798389,0.9995077252388,0.9044315020243334,0.34720720705531916,0.9978041648864746,0.8482606723195038,0.5124284256072276,0.9997446537017822,0.8821607090177997,0.5135071249235248,0.9993686676025391,59.783526521839256,0
248,0.8404557279178082,0.3334782024224602,0.9995137453079224,0.9044283770379573,0.3471685889221376,0.9978337287902832,0.848243761630286,0.5124204896745232,0.9997422695159912,0.8821738589377638,0.5134649447032388,0.9993630051612854,59.783526521839256,0
249,0.8404437104860949,0.3334453460716068,0.9995156526565552,0.9044221185502559,0.34714059034983347,0.9978411793708801,0.848218412626358,0.5124063718886607,0.9997411966323853,0.8821932049024679,0.5133992802529111,0.9993578791618347,59.783526521839256,0
250,0.8404240494682682,0.33342161632719525,0.9995195269584656,0.9044196321850738,0.3471430625234334,0.9978505373001099,0.8481876623062867,0.5123655285154075,0.9997400641441345,0.8822161271458587,0.5132798552513127,0.9993532299995422,59.783526521839256,0
251,0.840404669443767,0.33339815196536865,0.999522864818573,0.9044024745623278,0.3471461718990692,0.9978586435317993,0.8481636444727586,0.5122984505835038,0.9997372031211853,0.8822430485770822,0.5131162944294161,0.9993442296981812,59.783526521839256,0
252,0.8403899811563045,0.33337902597018676,0.9995267391204834,0.9043565364111046,0.34712307793753516,0.9978819489479065,0.8481384969892963,0.5122507895742148,0.9997354745864868,0.8822631183124731,0.512963243893215,0.9993391633033752,59.783526521839256,0
253,0.840382031032018,0.3333518902460737,0.9995210766792297,0.9042843268031173,0.3470586155142106,0.9978718757629395,0.8481105594407952,0.5121876427105498,0.9997294545173645,0.8822708158265984,0.5127985477447514,0.9993278384208679,59.783526521839256,0
254,0.84038075378963,0.3332993785540266,0.9995182752609253,0.9041984762464259,0.34695505528222975,0.9978757500648499,0.8480819548879357,0.5121161313284015,0.9997219443321228,0.8822747270266222,0.512621090525673,0.9993131756782532,59.783526521839256,0
255,0.8403839355423344,0.33323987750780043,0.9995129704475403,0.9041219098227372,0.3468468799477535,0.9978728890419006,0.8480629637127838,0.5120415715944203,0.9997143149375916,0.8822804206893565,0.5124597804886958,0.9993001818656921,59.783526521839256,0
256,0.8403946558634448,0.3331700208641237,0.9995071887969971,0.9040662362462006,0.34676493633361116,0.9978712201118469,0.848059847241357,0.5119270512035918,0.9997098445892334,0.8822910984357205,0.5122914825166979,0.9992920160293579,59.783526521839256,0
257,0.8404152336574742,0.3330933281353544,0.9995027780532837,0.9040161456380579,0.34669208242779714,0.9978687167167664,0.8480595208349688,0.5117665046737312,0.9997059106826782,0.8823012908299771,0.5120818245978587,0.9992857575416565,59.783526521839256,0
258,0.8404356184459876,0.3330292687529612,0.9994951486587524,0.9039595183872049,0.3466093114444191,0.9978485703468323,0.8480363942327961,0.5116288094293507,0.9997003674507141,0.8823075209345143,0.5118979102089296,0.9992764592170715,59.783526521839256,0
259,0.8404603799184169,0.3329724655264903,0.9994881749153137,0.9038933799380355,0.346511006355286,0.9978153109550476,0.8479999985013695,0.5114984370413285,0.9996945858001709,0.8823104614303232,0.5117238022032242,0.999265193939209,59.783526521839256,0
260,0.840486007077354,0.3329337026391713,0.9994878768920898,0.9038171115375708,0.346396727221353,0.9978073239326477,0.8479608467647015,0.5114194722402667,0.9996939897537231,0.8823070071992427,0.5115881562232976,0.9992679953575134,59.783526521839256,0
261,0.8405173137074432,0.33292026888756554,0.9994832277297974,0.9037455263591956,0.34630380925678095,0.9977637529373169,0.8479341921352213,0.5113990164938431,0.9996892809867859,0.8823020202772964,0.5115288098653162,0.9992635250091553,59.783526521839256,0
262,0.8405456940333056,0.33291349098795964,0.999481737613678,0.9036138114475076,0.34623286837623257,0.9977371692657471,0.8479250073432929,0.5113882450830374,0.9996859431266785,0.882289701984043,0.5114841063817346,0.9992609620094299,59.783526521839256,0
263,0.8405661753245769,0.3329080698036015,0.9994734525680542,0.903450474852608,0.34618286149842425,0.9976925253868103,0.847925680024284,0.5113435643059872,0.9996795654296875,0.8822873121216191,0.5113803290185478,0.9992527961730957,59.783526521839256,0
264,0.8405723231179381,0.3329020667643777,0.9994640350341797,0.9032936294873564,0.34614800271533813,0.9976740479469299,0.8479223364875438,0.5112965334029429,0.9996728301048279,0.8823060677165084,0.511258911518824,0.999249279499054,59.783526521839256,0
265,0.8405746164776037,0.3328988623051419,0.9994595646858215,0.903177976608277,0.34614289232662776,0.9976566433906555,0.8479217376027794,0.5112515574409853,0.9996704459190369,0.882348781540281,0.5111480752627059,0.9992501139640808,59.783526521839256,0
266,0.8405718633106782,0.33290577502477764,0.9994567632675171,0.9030919415610184,0.34614716683115304,0.9976432919502258,0.8479148092724034,0.5112145968845916,0.9996699690818787,0.8823960934366506,0.5110578820818951,0.9992517232894897,59.783526521839256,0
267,0.840570699600947,0.33291865672384013,0.9994575381278992,0.9030453364054369,0.34615480757895,0.9976548552513123,0.8479078866186602,0.5112020004363291,0.9996733069419861,0.8824341240383338,0.5110211315609164,0.9992596507072449,59.783526521839256,0
268,0.840568057128362,0.33293182367370266,0.99945467710495,0.9029821384520765,0.3461454113324486,0.9976722002029419,0.847896283581144,0.5111910445349561,0.999671459197998,0.8824492409115753,0.5109897113981705,0.9992610216140747,59.783526521839256,0
269,0.8405664960543322,0.3329429967062817,0.9994519948959351,0.9029298254421786,0.3461801807085676,0.9976903796195984,0.8478586361521774,0.511192395573571,0.9996718764305115,0.8824554511478976,0.5110159942082,0.9992632269859314,59.783526521839256,0
270,0.8405638507434308,0.33294694480441894,0.9994457364082336,0.9029056060881849,0.34622878971554016,0.997692346572876,0.8477686161086679,0.5112281413305377,0.9996694922447205,0.8824522552036111,0.511129254386539,0.9992594718933105,59.783526521839256,0
271,0.8405453222138548,0.3329480829693025,0.9994416236877441,0.9029123328980952,0.3463209555262614,0.9977057576179504,0.8475942640077507,0.511286664576758,0.9996740818023682,0.882442011719659,0.5113159645171397,0.9992680549621582,59.783526521839256,0
272,0.8405147280011864,0.3329521460192547,0.9994456768035889,0.9029295245806382,0.3464857112793698,0.9977224469184875,0.8473843279339025,0.5113626321156823,0.9996795654296875,0.8824242779186801,0.5115404270944145,0.9992757439613342,59.783526521839256,0
273,0.8404786955742616,0.33295585995628746,0.9994357228279114,0.9029534856478381,0.3466564785866513,0.9977223873138428,0.8472006633168183,0.5114360025950845,0.9996780753135681,0.8824019914581669,0.5117283122880123,0.9992715120315552,59.783526521839256,0
274,0.8404443547839218,0.33294830010050847,0.9994286298751831,0.9029796776317421,0.3467844710463572,0.9977433681488037,0.8470767821584436,0.5114602787154066,0.9996790885925293,0.8823874990145373,0.5118221697353186,0.9992756843566895,59.783526521839256,0
275,0.8404132212911339,0.332910185768491,0.9994267821311951,0.9030050379889359,0.3468807368051441,0.9977729916572571,0.8470225192251666,0.5114322560174129,0.9996826648712158,0.882397183350155,0.5118427702358795,0.9992836713790894,59.783526521839256,0
276,0.8403720600264419,0.3328507869016559,0.999419093132019,0.9030228143646611,0.3468932537805469,0.9977898001670837,0.8470138283002951,0.51133501245862,0.9996814131736755,0.882434771174477,0.5117783376148773,0.9992841482162476,59.783526521839256,0
277,0.8403299308958514,0.3327860321317403,0.9994194507598877,0.9030340909957894,0.3468653659025831,0.9978084564208984,0.8469995544070297,0.5111911978040427,0.9996876120567322,0.8824801189558853,0.5116383717173626,0.9992943406105042,59.783526521839256,0
278,0.8402528337069927,0.332740922768911,0.9994257688522339,0.9030552307764697,0.34686673964772935,0.9978232979774475,0.8469966536476505,0.5110827854701455,0.9996954202651978,0.8825341945602787,0.5115188927877521,0.9993079304695129,59.783526521839256,0
279,0.840164400282361,0.33272651689393207,0.9994358420372009,0.9030820415133529,0.34687556965010535,0.9978444576263428,0.8470087959652861,0.5110431881177997,0.9997038245201111,0.8825779500461767,0.5114395050775441,0.9993212819099426,59.783526521839256,0
280,0.840075904414768,0.33273293858482755,0.9994344115257263,0.9031106318746301,0.3468651374181114,0.9978542923927307,0.8470279546011069,0.5110631812186472,0.9997026324272156,0.8826071761903316,0.5114190862292339,0.9993160963058472,59.783526521839256,0
281,0.8399986936932525,0.332737275532314,0.9994345307350159,0.9031360348065701,0.3468013874122078,0.997868537902832,0.84705932935079,0.5111075242360437,0.9997061491012573,0.8826299111048387,0.5114303032557174,0.9993197917938232,59.783526521839256,0
282,0.8399387796719875,0.33273406113897075,0.9994334578514099,0.9031546030725759,0.34668274294762413,0.9978850483894348,0.8470729220481152,0.5111423872766045,0.9997080564498901,0.882639808314188,0.5114474353336156,0.9993199110031128,59.783526521839256,0
283,0.83990969828197,0.3327242249534247,0.9994341135025024,0.9031662004334593,0.34642844540732276,0.9978979825973511,0.8470642793746228,0.5111648128146221,0.9997102618217468,0.8826261900720149,0.5114480001585828,0.999320387840271,59.783526521839256,0
284,0.8398618726503289,0.33271477194059484,0.9994285106658936,0.9031614377385101,0.3461045892465685,0.9978867769241333,0.8470326207932979,0.5111933038348248,0.9997077584266663,0.8826089047250302,0.5114625720750722,0.9993125200271606,59.783526521839256,0
285,0.8398081234523236,0.33270778968220693,0.9994348287582397,0.9031502008438118,0.3457768999394919,0.997907817363739,0.8469899949573343,0.5112189650535588,0.9997146725654602,0.8825820939881468,0.5114663754190721,0.9993265271186829,59.783526521839256,0
286,0.8397395213445034,0.3327019597802846,0.9994446039199829,0.9031054604621168,0.3454876655624029,0.9979345202445984,0.8469526824497049,0.5112299096016661,0.9997202157974243,0.8825638123920992,0.5114367093358725,0.9993372559547424,59.783526521839256,0
287,0.8396747424488982,0.3326983579567503,0.9994531273841858,0.9030562639236458,0.34528080338523526,0.9979565739631653,0.846935377234505,0.5112203700201856,0.9997262954711914,0.8825637868472516,0.5113494992256169,0.9993499517440796,59.783526521839256,0
288,0.8396217539196928,0.33269440985861304,0.9994595646858215,0.9029732488450557,0.3451711805093859,0.9979475140571594,0.8469169934590665,0.5112074641954335,0.9997314214706421,0.8825647972878963,0.511227857498896,0.9993596076965332,59.783526521839256,0
289,0.8395868085679561,0.3326852577073236,0.9994701743125916,0.9028374637876245,0.34504673026856947,0.9979751110076904,0.8468997478485114,0.5112052701768426,0.9997415542602539,0.8825491411345353,0.511103403000605,0.9993820190429688,59.783526521839256,0
290,0.8395593308267146,0.3326752838634312,0.9994755983352661,0.9026818332217995,0.3449486437298005,0.9980073571205139,0.8468713845525476,0.5111780393691294,0.9997500777244568,0.8825210446403147,0.5110032359759017,0.9994037747383118,59.783526521839256,0
291,0.8395414352416999,0.3326670953205656,0.9994816780090332,0.902546928042458,0.3448716160796941,0.998042106628418,0.8468379406701958,0.5111388337044493,0.9997575283050537,0.8824837520009003,0.5109384088289174,0.9994235634803772,59.783526521839256,0
292,0.8395009580112646,0.3326467885857539,0.9994893670082092,0.9024216277258745,0.3448177448340828,0.9980785250663757,0.8467970178240828,0.5110887374196738,0.9997655153274536,0.8824499277841484,0.5108970034690135,0.9994435906410217,59.783526521839256,0
293,0.8394431017694026,0.33261795838673935,0.9994932413101196,0.9023344658669978,0.34479833642641733,0.998115062713623,0.8467673858006802,0.5110568829945159,0.9997698068618774,0.8824294663610919,0.5109186654999146,0.9994567036628723,59.783526521839256,0
294,0.8393726916540244,0.33258727618626216,0.9994932413101196,0.9022673652285629,0.3448115573042918,0.9981545805931091,0.8467442052704954,0.5110959183602111,0.9997699856758118,0.8823998286610566,0.5111192322912674,0.9994615316390991,59.783526521839256,0
295,0.839310370740437,0.3325470104103999,0.9994918704032898,0.9021986439114533,0.3448054123492471,0.998165488243103,0.8467177379698987,0.511191444737571,0.9997684955596924,0.8823441380546213,0.5114165203911922,0.9994600415229797,59.783526521839256,0
296,0.8392267738069813,0.33251349557013765,0.9994797110557556,0.9021575564429881,0.34479242137500243,0.9981581568717957,0.8466806667191649,0.5112851120176773,0.9997627139091492,0.8822679519653327,0.5117103542600363,0.9994485974311829,59.783526521839256,0
297,0.8391397680555077,0.3324985972472603,0.9994717240333557,0.9021337117467615,0.3447686405408953,0.998163104057312,0.8466392812274758,0.5113387561979752,0.999758780002594,0.8821788401830771,0.5118996671267922,0.9994396567344666,59.783526521839256,0
298,0.838999768098196,0.33250286607515267,0.9994564056396484,0.9021107895033708,0.34473666974476436,0.9980946779251099,0.8465807920410526,0.5113713060106554,0.9997516870498657,0.8820720201446903,0.5119625046139675,0.9994226098060608,59.783526521839256,0
299,0.8388362810725265,0.3325247381414689,0.9994534254074097,0.902045247100649,0.34468063002540983,0.9980582594871521,0.8465528289477038,0.5113026584897726,0.999752938747406,0.8820126908166075,0.5118376555896945,0.9994249939918518,59.783526521839256,0
300,0.838620236941747,0.33254865521476407,0.9994473457336426,0.9019298212868834,0.3446442598388311,0.9980372190475464,0.846493874277388,0.5111325411569508,0.9997508525848389,0.8819763887496229,0.5116910139719649,0.9994227290153503,59.783526521839256,0
301,0.8383973922048303,0.3325556984969551,0.9994409680366516,0.9017691356795182,0.34458626026199,0.9980102181434631,0.8463908263615206,0.510830504553659,0.9997512698173523,0.8819802062852049,0.5114045795940222,0.9994276165962219,59.783526521839256,0
302,0.8381625300362003,0.3325491377285551,0.9994240999221802,0.9016059864135022,0.34452842105002657,0.9979732036590576,0.8462661306063342,0.5104798759732931,0.9997377991676331,0.882024029890697,0.5110637119838174,0.9994133710861206,59.783526521839256,0
303,0.8379480668476657,0.3325302260262628,0.999407947063446,0.9014038642247525,0.34441488271667875,0.9978970289230347,0.8461335187866581,0.5101693783487596,0.9997236728668213,0.8820771234376097,0.5107616469973614,0.9993969202041626,59.783526521839256,0
304,0.8377054333686835,0.3325136644499645,0.9993834495544434,0.9011773495447075,0.34428130303110427,0.9978312849998474,0.8460134523255491,0.5100260093098599,0.999708890914917,0.8820918230783379,0.5106147925059005,0.9993827939033508,59.783526521839256,0
305,0.8374908566474921,0.33249802816481844,0.9993652701377869,0.9009217052232659,0.3440787763822649,0.9978089332580566,0.8459285526048577,0.5099857846895858,0.999687910079956,0.8821054413205108,0.5105503428549998,0.9993551969528198,59.783526521839256,0
306,0.8372527843429936,0.33248403100740365,0.9993425011634827,0.9006859972363435,0.3438925232206075,0.9977672696113586,0.8457983647074026,0.510101968333835,0.9996556639671326,0.8820974032084155,0.5106322509901868,0.9993109107017517,59.783526521839256,0
307,0.8370569036120468,0.33247272173563663,0.9993303418159485,0.9004675433749251,0.34364215107191204,0.9977481365203857,0.8456508971395953,0.510252143655505,0.9996333718299866,0.8820668373789113,0.5107177836554395,0.9992779493331909,59.783526521839256,0
308,0.8369487665948421,0.3324672565573741,0.9993261694908142,0.9003094917251957,0.34337492783864365,0.9977376461029053,0.8455306461879192,0.5104177906399685,0.9996163249015808,0.8820493647030428,0.5108155806859338,0.999247133731842,59.783526521839256,0
309,0.836939732233684,0.33246401803834125,0.9993099570274353,0.9001759375844691,0.3431167900562289,0.9977062940597534,0.845456622895741,0.5105617330187847,0.9995726346969604,0.8820482691129055,0.5109055695079625,0.999175488948822,59.783526521839256,0
310,0.8369688334919164,0.3324561346144906,0.9992936849594116,0.9000231680415933,0.3427915204138986,0.9976423382759094,0.8454535518373769,0.5106387024834047,0.99952632188797,0.8820564832006189,0.5109418204852516,0.9990948438644409,59.783526521839256,0
311,0.8370353551138021,0.3324471527621862,0.9992788434028625,0.8998810081254875,0.342480547371365,0.9975684285163879,0.8454189101854968,0.5106705654235117,0.9994828104972839,0.8820525351024816,0.5110580807640444,0.9990149140357971,59.783526521839256,0
312,0.8370991008622313,0.3324259491193865,0.9992778301239014,0.899807859034766,0.3422686883381437,0.9975601434707642,0.8453406294186916,0.5107384097008483,0.9994389414787292,0.8820475680487504,0.5112963744572234,0.9989408254623413,59.783526521839256,0
313,0.8371734306925827,0.3324006355944137,0.9992735981941223,0.8997324279376446,0.3420340433007198,0.9975345134735107,0.8452590221450449,0.5107905410584954,0.9993990063667297,0.8820306630361655,0.511566275642032,0.9988808631896973,59.783526521839256,0
314,0.837299443426587,0.3323756456375125,0.999274492263794,0.899677895364308,0.3418598331156234,0.9975477457046509,0.8451676084881744,0.5108431407383514,0.9993715882301331,0.8820235927899686,0.5118183124633067,0.9988378286361694,59.783526521839256,0
315,0.8374473935081852,0.33235885699590073,0.9992770552635193,0.8996585522379201,0.3419378740446911,0.9976040124893188,0.8450906674067187,0.5108937507583986,0.9993594884872437,0.8820251794088462,0.5120807431993035,0.9988212585449219,59.783526521839256,0
316,0.8376035378092819,0.3323522096588501,0.999299943447113,0.8996323829605474,0.3419899826958068,0.9977210760116577,0.8450542149089639,0.5109275465919862,0.9993489384651184,0.8820436596870429,0.5122739928109309,0.9988095760345459,59.783526521839256,0
317,0.8377882582800735,0.33234093302772183,0.9993314146995544,0.8995893370537539,0.34231908122698496,0.9978775978088379,0.8449962990624571,0.5109485359418964,0.9993444085121155,0.8820246174221953,0.5124284937268215,0.9988212585449219,59.783526521839256,0
318,0.8379398187001553,0.33232517327581157,0.9993436336517334,0.8996687134106962,0.3429589129629592,0.9979743361473083,0.844957127457574,0.5109937049093705,0.9993250370025635,0.8820079394749241,0.5126606680098038,0.9988036155700684,59.783526521839256,0
319,0.8381028288886667,0.3323037610167552,0.9993804097175598,0.8998075610115422,0.3435549239317579,0.9981362819671631,0.8449465490522845,0.511039271241143,0.9993502497673035,0.8819902539253242,0.5128361043475927,0.9988511800765991,59.783526521839256,0
320,0.8382941285769152,0.33230302873111933,0.9994156360626221,0.900071010703133,0.34443373339516803,0.9982850551605225,0.8449433445930488,0.5111007520130706,0.9993662238121033,0.8820149983678552,0.5129990691230415,0.9988901019096375,59.783526521839256,0
321,0.8384533467746923,0.3323276993774235,0.9994558691978455,0.9003839861778994,0.3456195961861386,0.9984369277954102,0.8449465490522845,0.5111710826555892,0.9994000196456909,0.8820666897864575,0.5132254816236954,0.9989522695541382,59.783526521839256,0
322,0.8386344455537349,0.3323897336210526,0.9994864463806152,0.9006507935978125,0.3467102391379223,0.9985659122467041,0.844963417166756,0.5112387679872062,0.9994199275970459,0.8821293087232687,0.5134304591587616,0.9989933371543884,59.783526521839256,0
323,0.8388111080442162,0.3324673161620188,0.9995181560516357,0.9007596174875903,0.3476100876217799,0.9986864924430847,0.84498284260432,0.5112585169928419,0.9994404911994934,0.8821723234085816,0.5134715466272267,0.999032735824585,59.783526521839256,0
324,0.8389123962039047,0.3325713660035817,0.9995428323745728,0.9008367998259417,0.34816801548004184,0.9987937211990356,0.8449978998729168,0.5112776302155999,0.9994494915008545,0.8821844373430532,0.5135458367211482,0.9990553259849548,59.783526521839256,0
325,0.8389937054543275,0.33266322243781343,0.9995555281639099,0.9008638262748725,0.3482493616285781,0.9988796710968018,0.8449980872018004,0.5112813427334744,0.999447762966156,0.8821440793219074,0.5136360185486935,0.9990623593330383,59.783526521839256,0
326,0.8390484395481298,0.33273428536596783,0.9995673894882202,0.9010041412853066,0.3481082220872246,0.9989582896232605,0.8449987485295256,0.5113017871266323,0.9994548559188843,0.8820591739245831,0.5137898098854796,0.9990814924240112,59.783526521839256,0
327,0.8390625090826132,0.3327824842362179,0.9995770454406738,0.9012365710167665,0.3478668999104275,0.9990231990814209,0.8449474743434368,0.5112446489788242,0.9994627833366394,0.8819217057455161,0.5138522216251922,0.9990997910499573,59.783526521839256,0
328,0.8390800300098606,0.3328133296398892,0.9995777606964111,0.9014828205108649,0.3470775116057626,0.999066174030304,0.8448087573051459,0.5110863333656679,0.9994375109672546,0.8817097147305814,0.5138230692772643,0.9990634322166443,59.783526521839256,0
329,0.8390692756289534,0.3328026589893162,0.9995800256729126,0.9017148812611906,0.34569544309661526,0.9990885853767395,0.8446362586248495,0.5108721369788765,0.9994291663169861,0.881530804293497,0.5136560059729081,0.9990578889846802,59.783526521839256,0
330,0.8390441820735031,0.3327741083644688,0.9995645880699158,0.9017765550386345,0.344107413575763,0.9989030957221985,0.8444799355098186,0.5106747547785445,0.9993671178817749,0.8813892092023584,0.5134750661395848,0.9989572763442993,59.783526521839256,0
331,0.8390195994150078,0.3327292572884335,0.9995498061180115,0.9014666421072831,0.34284609981945613,0.998810350894928,0.8443433642387397,0.5105456965310238,0.9993172883987427,0.8811999247187667,0.5133892865408038,0.9988822340965271,59.783526521839256,0
332,0.8389946818351752,0.3326274341061004,0.9995337128639221,0.9010118615059632,0.34208596888042664,0.9986317753791809,0.8442127222106577,0.5105140010515853,0.9992567300796509,0.8808764872096841,0.5134121037664872,0.9987905621528625,59.783526521839256,0
333,0.8389692959331339,0.3324849818434037,0.999524712562561,0.9005736481575746,0.34200192207381863,0.9984173774719238,0.8440952215875905,0.5105286013512389,0.9992339015007019,0.8804981538227633,0.5134103184654604,0.9987820386886597,59.783526521839256,0
334,0.8389346486046207,0.3322858767850061,0.9995101690292358,0.9001986128943313,0.34203969864618233,0.998271644115448,0.843930968216488,0.5104672795250307,0.9991609454154968,0.879996461527689,0.5134124755859379,0.9987151622772217,59.783526521839256,0
335,0.8389255830219821,0.33205563255718806,0.9995238780975342,0.9001066713106072,0.3420661290486656,0.9981786012649536,0.8438002637454449,0.5103547260874798,0.9991697669029236,0.8795808979443148,0.5133912620090307,0.9987218976020813,59.783526521839256,0
336,0.8389391132763461,0.3318628768126172,0.9995341897010803,0.9002747762770887,0.34213159907431856,0.9981735348701477,0.8437372701508665,0.5102492287045438,0.9991739988327026,0.8793315121105746,0.5133762785366607,0.9987466335296631,59.783526521839256,0
337,0.8389628926912951,0.33174005576542476,0.9995453357696533,0.9004171377136602,0.34232792258262656,0.9981067776679993,0.8437128549530399,0.5100963200841635,0.9991951584815979,0.8792067681040089,0.5133743569964458,0.9987800121307373,59.783526521839256,0
338,0.8389937054543275,0.3316767527943568,0.9995602369308472,0.900656203428905,0.3426412116913571,0.9980334639549255,0.8436918428965984,0.5099739148503262,0.9992287158966064,0.8791596151533587,0.5134349096389048,0.9988266825675964,59.783526521839256,0
339,0.8390022629783274,0.3316509581747512,0.9995794892311096,0.9009154183524002,0.34295846450896517,0.9980287551879883,0.8437039596693863,0.5098517849331814,0.9992561936378479,0.8792215557325461,0.5133547300384163,0.9988648891448975,59.783526521839256,0
340,0.8389943071774082,0.3316189944744113,0.9995967745780945,0.9011271936552873,0.34321096397581585,0.9980490803718567,0.8437336285909023,0.5095946192741398,0.9992735385894775,0.8792533477147426,0.5129744524047493,0.9988892078399658,59.783526521839256,0
341,0.8391330015091676,0.3315885492733549,0.9996131062507629,0.9015896802856816,0.34339173351015395,0.9980685710906982,0.8438236599876774,0.5092960482551943,0.9992936849594116,0.879270397481465,0.512422002497174,0.9989100694656372,59.783526521839256,0
342,0.8394087666556955,0.3315641369138448,0.9996330738067627,0.9023412806647172,0.343637409664336,0.9981223344802856,0.8439489546276281,0.5091435142925811,0.9993181824684143,0.8792944124766766,0.5119687262035556,0.9989478588104248,59.783526521839256,0
343,0.8397283298628678,0.3315322342373079,0.999643862247467,0.9030646142505472,0.34396992127100656,0.9981316328048706,0.8440678744089043,0.5090772452808566,0.9993289113044739,0.8793734993253444,0.5117235950061257,0.9989577531814575,59.783526521839256,0
344,0.8400801420211799,0.3315095461550216,0.9996631145477295,0.9036580608004623,0.3442915365809489,0.9981708526611328,0.8443003694216418,0.5092037972949804,0.9993655681610107,0.8795239669936051,0.511772215366364,0.9990057945251465,59.783526521839256,0
345,0.84035892429806,0.3314856517882577,0.9996744394302368,0.9039625866072526,0.3444730781373526,0.9982149600982666,0.8446412001337331,0.5093469023704533,0.9993698596954346,0.8797089145297103,0.5118847829954969,0.9990046620368958,59.783526521839256,0
346,0.8405152928261537,0.33147634211040705,0.9996784925460815,0.9039579601514915,0.344597311246963,0.9982461929321289,0.8450366939817163,0.5094677181470966,0.9993698000907898,0.8798982330730991,0.5119212922595799,0.9989928603172302,59.783526521839256,0
347,0.8406838774681098,0.33148398853483685,0.9996883869171143,0.9039688337416883,0.3447839674495518,0.9982991218566895,0.8453873991966254,0.5097284856296725,0.9993816018104553,0.8800403504144585,0.5120921929677331,0.999001681804657,59.783526521839256,0
348,0.8408779785746627,0.3315049466632664,0.9996940493583679,0.904151360193889,0.34515629779724877,0.9983610510826111,0.8456383744875597,0.510106722513835,0.9993970990180969,0.8802473431541813,0.5123953762508578,0.9990115165710449,59.783526521839256,0
349,0.8410461317925233,0.3315260892822631,0.9997095465660095,0.9044487618264705,0.3457333715189074,0.998455822467804,0.8457959748449786,0.5104440791266309,0.9994339942932129,0.8805845748810548,0.5126991584187466,0.9990595579147339,59.783526521839256,0
350,0.8412221244403302,0.33153447650727796,0.9997139573097229,0.9048495292663581,0.346315974280948,0.9985542893409729,0.8459928943997344,0.5107023091543292,0.9994534850120544,0.8810544496490849,0.5129153813634604,0.9990869760513306,59.783526521839256,0
351,0.8413465874535704,0.3315265788918452,0.999713122844696,0.9052538190569205,0.3467903250739691,0.998623788356781,0.8462175329526272,0.5107589108603345,0.9994591474533081,0.8815615148771383,0.5129479907807855,0.9990975856781006,59.783526521839256,0
352,0.8413976232210802,0.3315137539591111,0.9997045993804932,0.9055175696100515,0.3471462073780245,0.9987034797668457,0.8464104164214368,0.5107040887787233,0.9994572997093201,0.8820306176231029,0.5128492599441896,0.9991072416305542,59.783526521839256,0
353,0.841405664171492,0.331497315849577,0.9997085928916931,0.9056478596868976,0.34735166884603985,0.9987857341766357,0.8464811898413165,0.5107136425517858,0.9994747638702393,0.8823867951120656,0.5128328204154973,0.9991357326507568,59.783526521839256,0
354,0.841411437307086,0.33147531322070556,0.9997139573097229,0.9057320696966996,0.34749587802659926,0.9988425970077515,0.8465340165864861,0.5107816486131581,0.9994915723800659,0.8827042977015184,0.5128528986658373,0.9991567730903625,59.783526521839256,0
355,0.8414159445535576,0.3315192191373737,0.9997177720069885,0.905764818191529,0.34774433147339623,0.9989094138145447,0.8465975466228673,0.5108806207066494,0.999501645565033,0.8829623375620168,0.5128960524286547,0.9991750121116638,59.783526521839256,0
356,0.8414238521030979,0.33160160410971895,0.9997187256813049,0.9058498569897251,0.34804458419481943,0.9989567995071411,0.8466686975388307,0.5109933047067555,0.9995205998420715,0.8831717542239605,0.512941678365072,0.9992019534111023,59.783526521839256,0
357,0.8414053491183696,0.33170042719159837,0.9997228980064392,0.9054147686277124,0.3482901879719328,0.9989748597145081,0.8467224098387225,0.5110862993058709,0.9995437264442444,0.8833126510892603,0.5129584187553047,0.9992313981056213,59.783526521839256,0
358,0.8414154847462979,0.33178053157670184,0.9997355341911316,0.9047690289361143,0.3484144821053462,0.9989675879478455,0.8467457578295761,0.5111453788621089,0.9995728135108948,0.8833799049967818,0.5129412185578124,0.9992610216140747,59.783526521839256,0
359,0.8414573527517779,0.33181343050230144,0.9997467994689941,0.9041351817903072,0.34841513775643873,0.9989732503890991,0.8467146612349018,0.5111657948721027,0.9995976686477661,0.8833831633840294,0.5128869130497891,0.9992859959602356,59.783526521839256,0
360,0.8415031035741177,0.33179180820783005,0.9997571110725403,0.9036876616023843,0.3483676257587617,0.9989657402038574,0.8467086383274631,0.5111135953948616,0.999618649482727,0.8833889932859518,0.512759075278328,0.9993047714233398,59.783526521839256,0
361,0.8415968758719314,0.3317840354783197,0.999768078327179,0.9036474596886415,0.3484983500980198,0.9989869594573975,0.8467276550474627,0.5109968270574301,0.9996428489685059,0.8833783155395878,0.5125961218561449,0.9993360042572021,59.783526521839256,0
362,0.8417409658432013,0.33177200385502437,0.9997787475585938,0.9040745865731019,0.3488863209883375,0.9990250468254089,0.8468432483218973,0.5108707887785779,0.9996635913848877,0.8834125172524232,0.5124463864735198,0.9993636012077332,59.783526521839256,0
363,0.8418734158788416,0.3317698112555915,0.9997824430465698,0.9043539279983166,0.3493804931640628,0.9990175366401672,0.8470273500397099,0.5108047752153311,0.9996772408485413,0.8835108336948221,0.5123936817759563,0.999376118183136,59.783526521839256,0
364,0.8420607447624213,0.3317734116599676,0.999782383441925,0.9046547583171307,0.3498174576532276,0.9990512728691101,0.8472596974599935,0.510784486929576,0.9996851682662964,0.8836246331532804,0.5123550011998135,0.999384880065918,59.783526521839256,0
365,0.8422291193689626,0.3317791124184929,0.9997769594192505,0.9048329790433255,0.3501325136139282,0.999070405960083,0.8474795392581402,0.5106537115006224,0.9996930956840515,0.8837433854738879,0.5121607411475413,0.9993911981582642,59.783526521839256,0
366,0.8423634313401729,0.3317908885933107,0.9997714161872864,0.9050810251917165,0.3502631499653774,0.9991089701652527,0.847669612793696,0.5104029263768881,0.999696671962738,0.8838646440278923,0.511855903125945,0.9993976354598999,59.783526521839256,0
367,0.8424819338889356,0.33180590470631943,0.9997708201408386,0.9053865869839994,0.35019766858645873,0.9991432428359985,0.8477968601953423,0.5101328775996258,0.9997057318687439,0.8839619926043927,0.5115482040813994,0.9994109272956848,59.783526521839256,0
368,0.8425714401971733,0.3318183748495014,0.9997708201408386,0.9057006296657388,0.35005418601490235,0.9991689324378967,0.8478837297076278,0.5098782465571452,0.9997144937515259,0.8840866145633522,0.5113114941687815,0.9994242191314697,59.783526521839256,0
369,0.8425862647238238,0.33182070510728046,0.9997671842575073,0.9059717853864041,0.34997277032761376,0.9991886615753174,0.8479432293346957,0.5096486466271541,0.9997174143791199,0.8843003057298213,0.5112216926756363,0.9994245767593384,59.783526521839256,0
370,0.8426239887873338,0.33181036512057016,0.9997764229774475,0.906105802172707,0.3499008346171609,0.9992023706436157,0.8480213511557813,0.5094966888427739,0.9997279644012451,0.8845259575616753,0.5111933407329382,0.9994376301765442,59.783526521839256,0
371,0.8426599105199184,0.3317893331959137,0.9997878670692444,0.906134642305829,0.3499962275936493,0.9991925954818726,0.8481083370390399,0.5093461700848174,0.9997404217720032,0.8847925038564779,0.5112470161347166,0.9994512796401978,59.783526521839256,0
372,0.8427258616402042,0.3317704229127796,0.9997965097427368,0.9062689258938752,0.3501767913500471,0.9992133378982544,0.8482456008593249,0.5092730522155766,0.9997506737709045,0.8850234179269707,0.5113821994690673,0.9994675517082214,59.783526521839256,0
373,0.8427827159563708,0.3317610280854364,0.9998018741607666,0.9063913339660289,0.3502677026249116,0.9992081522941589,0.8484059628986184,0.5093060873803643,0.999762773513794,0.8852399190266935,0.5116013515563242,0.999485433101654,59.783526521839256,0
374,0.8428290344419941,0.3317638621443797,0.9998028874397278,0.9064589171182549,0.3503255531901408,0.9991660118103027,0.8486320234480365,0.5093536660784771,0.9997719526290894,0.8854498238790611,0.5118002664475217,0.9994968175888062,59.783526521839256,0
375,0.8428695145107459,0.33175073776926345,0.9998019337654114,0.9064728078388039,0.3503666179520746,0.9991504549980164,0.8489703337351489,0.5093596066747397,0.9997818470001221,0.8856883503141864,0.5118790694645476,0.9995120167732239,59.783526521839256,0
376,0.8430056685493112,0.3317541409106484,0.9998073577880859,0.9064781410353532,0.350380660522552,0.9991382360458374,0.8493870411600393,0.5093446090107876,0.9997933506965637,0.8858855650538497,0.5119529082661587,0.9995303750038147,59.783526521839256,0
377,0.8433437063580475,0.3317689796288811,0.9997929334640503,0.9065498908360806,0.350377725703376,0.9990835189819336,0.8498701907339556,0.5095658784820924,0.9997961521148682,0.8861623321260732,0.512329357010978,0.9995344281196594,59.783526521839256,0
378,0.8437590826125378,0.33177958215986003,0.9997832179069519,0.9066490587734048,0.3502111023380646,0.9990708827972412,0.8502977944555743,0.509974422908965,0.9997982382774353,0.886394197032566,0.5129018397558307,0.999541699886322,59.783526521839256,0
379,0.8441464673905152,0.33179074667748976,0.9997755885124207,0.9067918658256539,0.3499415460087007,0.9990575909614563,0.8505783790633799,0.5105718118803846,0.9997965097427368,0.8866060518083125,0.5136092447099236,0.9995350241661072,59.783526521839256,0
380,0.8444939113798602,0.33179618631090463,0.9997734427452087,0.9069307645161955,0.3496979006699156,0.9990572333335876,0.850727660315378,0.511159908203852,0.9997897744178772,0.8867564456803465,0.5142314689499996,0.9995259642601013,59.783526521839256,0
381,0.8447525274185914,0.33176371739024235,0.9997705817222595,0.9070594509442654,0.3495419067995892,0.9990480542182922,0.8507714129629596,0.5115836347852438,0.9997882843017578,0.8868312012581605,0.5145609322048372,0.999523937702179,59.783526521839256,0
382,0.8449078571228761,0.33171524604161606,0.9997672438621521,0.9071647468067359,0.34954763452212045,0.9990414381027222,0.8507364619345898,0.5117080807685856,0.9997920393943787,0.8868158232598085,0.5146369394801916,0.9995330572128296,59.783526521839256,0
383,0.8450504598163431,0.3316320152509783,0.9997718334197998,0.9072035153706876,0.34956614744095604,0.9990593194961548,0.8507287814503632,0.5117256130490988,0.9997981190681458,0.8868295181365248,0.5146202927544008,0.9995453953742981,59.783526521839256,0
384,0.845142154466539,0.33153525562513464,0.9997766613960266,0.9072305503345679,0.34963717489015517,0.9990611672401428,0.8507235475948886,0.5117302622113913,0.9998044967651367,0.8868126784052175,0.5145619852202283,0.999554455280304,59.783526521839256,0
385,0.845193769250598,0.3314610904171356,0.9997778534889221,0.9073686741647273,0.3498055225326904,0.9990572333335876,0.850722599597205,0.511857560702733,0.9998066425323486,0.8867974565142683,0.5145669465973268,0.999552845954895,59.783526521839256,0
386,0.8452643439883285,0.3314302961031598,0.9997777938842773,0.9075889019739067,0.35010814950579716,0.9990460276603699,0.8507174395379573,0.512034478641692,0.9998087286949158,0.8867793139957254,0.5146322818029498,0.9995538592338562,59.783526521839256,0
387,0.8453446541513723,0.3314185000601272,0.9997779130935669,0.907885880697342,0.3504271478880022,0.9990438222885132,0.8507133580389484,0.5121893996284126,0.9998106360435486,0.8867597267741255,0.5147108520780295,0.9995517134666443,59.783526521839256,0
388,0.8453979719252821,0.33141329458781676,0.9997773766517639,0.9081833305813025,0.3506625237919038,0.999061644077301,0.8507015960557127,0.5122616801943102,0.9998083114624023,0.8867263850711649,0.5147737094334197,0.9995437860488892,59.783526521839256,0
389,0.8454139459700818,0.33140884268851534,0.9997795224189758,0.9083957501820163,0.35083764791488675,0.9991142153739929,0.8506889229729069,0.5121455533163892,0.9998005628585815,0.8866580157052909,0.5147632729439513,0.9995400309562683,59.783526521839256,0
390,0.8454262529100698,0.33138302820069476,0.9997842907905579,0.908491321972439,0.35100448699224596,0.9991541504859924,0.8506690661112475,0.5119761682692032,0.9998024702072144,0.886540075143179,0.5146976908047998,0.9995424747467041,59.783526521839256,0
391,0.8454359258924218,0.33131702173323885,0.9997843503952026,0.9086267494020016,0.35116092647825,0.9991845488548279,0.8506543295724058,0.5117445588111882,0.9998012781143188,0.8864150047302253,0.5145686893236073,0.9995381832122803,59.783526521839256,0
392,0.8454415202140815,0.3312260749794191,0.9997859597206116,0.9087736294383102,0.3513342667193643,0.999220073223114,0.8506442280042746,0.5115127222878597,0.9997972846031189,0.8863174688248414,0.5144181506974361,0.9995320439338684,59.783526521839256,0
393,0.8454471599488038,0.3311340610186262,0.9997913837432861,0.9089276194572455,0.35142690794808557,0.9992530345916748,0.8505960248765498,0.5113195095743456,0.9997974634170532,0.8862656865801137,0.5142881586438137,0.9995288252830505,59.783526521839256,0
394,0.8454561460585828,0.33105325840768385,0.9997897148132324,0.9090601887021754,0.35142962421689744,0.9992599487304688,0.8505167734055299,0.5112054575057261,0.999795138835907,0.8862112647011173,0.5142329448745369,0.9995242357254028,59.783526521839256,0
395,0.8454635597410662,0.3310189658687231,0.9997813701629639,0.9091276100703656,0.351406215202241,0.9992578029632568,0.8504368066787726,0.5111218293507898,0.9997872710227966,0.886134896959578,0.5142318464460831,0.9995127320289612,59.783526521839256,0
396,0.8454588452974963,0.33100352116993526,0.9997730851173401,0.9091073501677747,0.35136920639446834,0.9992570281028748,0.8503633311816631,0.5111088128316974,0.9997817873954773,0.8860388142722001,0.5142798849514556,0.9995015263557434,59.783526521839256,0
397,0.8454475062234068,0.33099006329263986,0.999762237071991,0.9090593996502111,0.3513015480268572,0.9992329478263855,0.8503327539988933,0.5111197375115898,0.9997788071632385,0.8859704846427562,0.5142993018740704,0.99949711561203,59.783526521839256,0
398,0.8454344471295682,0.3309892416000369,0.9997521638870239,0.9089438347589409,0.3512160607746672,0.9992055296897888,0.8504045208295192,0.5111772332872667,0.9997779726982117,0.8859703711100995,0.5143178445952283,0.9994974732398987,59.783526521839256,0
399,0.8454200852484937,0.3309842291332429,0.9997469782829285,0.9087583621342985,0.35111417514937293,0.9991938471794128,0.8505186126345687,0.5112392618542629,0.9997759461402893,0.8860326182274598,0.514324145657676,0.9994943737983704,59.783526521839256,0
400,0.8454115873291386,0.3309598210312074,0.9997397661209106,0.9085525643257875,0.351013996771404,0.9991833567619324,0.8506576362110326,0.5113124109449845,0.9997715950012207,0.8860930289540979,0.5143436221849356,0.9994857907295227,59.783526521839256,0
401,0.8454075909796223,0.3309144491241095,0.999742329120636,0.9083743407612763,0.350909742571059,0.9991815686225891,0.8507821077392221,0.5113579545702257,0.9997742176055908,0.8861582591420134,0.5143591279075264,0.999485194683075,59.783526521839256,0
402,0.8454116724786311,0.33084351250103566,0.9997450709342957,0.9082855639003579,0.35083607690674945,0.9991786479949951,0.8508557535353167,0.5113961923690074,0.9997754096984863,0.8861907096136191,0.5143646285647442,0.9994820952415466,59.783526521839256,0
403,0.8454292530105234,0.3307544021379383,0.9997526407241821,0.9083105978511636,0.3508274115267257,0.999186098575592,0.8508963698432566,0.5114550732430962,0.9997797608375549,0.8862422222182871,0.5143615972428099,0.9994802474975586,59.783526521839256,0
404,0.8454499131157291,0.33067997864314513,0.9997584819793701,0.9083918787184223,0.350843463625227,0.9991881251335144,0.850942668460665,0.5115571419397994,0.9997840523719788,0.8863123967534027,0.5143665302367442,0.9994819164276123,59.783526521839256,0
405,0.8454751372337348,0.3306176775977728,0.999764084815979,0.908489264193036,0.35086529169763864,0.9991998672485352,0.8509856207030166,0.5116588189488369,0.9997861385345459,0.8863792277517779,0.5143713099615919,0.9994808435440063,59.783526521839256,0
406,0.8455104231834418,0.33058618647711646,0.9997608065605164,0.9085714533215485,0.3508673494770416,0.9991892576217651,0.8510229417255952,0.5117481067067104,0.9997807145118713,0.8864313477561595,0.5143762940452217,0.9994710087776184,59.783526521839256,0
407,0.8455417071069997,0.33057800928751657,0.999758780002594,0.9086267408870523,0.3508682563191371,0.9991812705993652,0.85104045697621,0.5117940022831875,0.9997789263725281,0.8864696848960157,0.5143889415831797,0.9994673132896423,59.783526521839256,0
408,0.8455695680209575,0.330578080245427,0.9997575283050537,0.9086481843675893,0.35081297017279156,0.9991732835769653,0.8510538509913861,0.5117878034001309,0.9997778534889221,0.8864715610231679,0.5143772675877529,0.9994641542434692,59.783526521839256,0
409,0.8455913010097692,0.3305759571847464,0.9997536540031433,0.9086762780234935,0.35073399827593876,0.9991646409034729,0.8510787884394335,0.5117417488779344,0.9997760057449341,0.886493248598917,0.5143307674498789,0.9994615912437439,59.783526521839256,0
410,0.8456008207230348,0.3305748388880778,0.9997480511665344,0.9086931177548007,0.35064254062516376,0.999152421951294,0.8511307040850328,0.5116839806238814,0.9997718334197998,0.8865179476283853,0.5142641805467155,0.9994564056396484,59.783526521839256,0
411,0.8456062135242288,0.3305688372680122,0.999744176864624,0.908694803714753,0.35054630324954106,0.9991296529769897,0.8512084171885542,0.511592371123178,0.9997715950012207,0.8865279839152388,0.514170797098251,0.9994564652442932,59.783526521839256,0
412,0.8456138684636076,0.33055853843689,0.9997446537017822,0.9086737717900966,0.3504571630841212,0.9991183876991272,0.8513419230779018,0.5115142436254596,0.9997715950012207,0.8865597134544743,0.5140910233770102,0.9994573593139648,59.783526521839256,0
413,0.8456194968450644,0.33054622865858563,0.9997408390045166,0.9086515193893803,0.35037816989989534,0.9990954399108887,0.8515831799734213,0.5114460814566844,0.999771237373352,0.8866256674130765,0.5140460275468376,0.999455988407135,59.783526521839256,0
414,0.8456199452990585,0.3305316397121977,0.9997391700744629,0.9086280607041867,0.35028634894461885,0.9990805983543396,0.851846791449048,0.5112967945280533,0.9997747540473938,0.886687548387619,0.513881711732774,0.9994597434997559,59.783526521839256,0
415,0.8456205413455062,0.3305225783870336,0.9997336864471436,0.9086112124579301,0.35018244527635145,0.9990485906600952,0.8520540481521977,0.5110773444175725,0.9997785091400146,0.886726305598305,0.5136182052748548,0.999466061592102,59.783526521839256,0
416,0.8456298027719777,0.330518315235774,0.999725341796875,0.9086067279179899,0.35010284469241215,0.9990185499191284,0.8521798253059394,0.5108210189001905,0.9997777342796326,0.8867417942909975,0.5133548492477058,0.9994685053825378,59.783526521839256,0
417,0.8456469376881923,0.3305102061657681,0.9997192025184631,0.9086048744973689,0.35003544744991144,0.9989866614341736,0.8521926090830856,0.5105153918266301,0.99977707862854,0.8867178048406336,0.5130903976304195,0.9994698762893677,59.783526521839256,0
418,0.8456644614537564,0.33050451108387563,0.9997130632400513,0.9086005176816676,0.3499745698202227,0.9989550709724426,0.8521505367188233,0.5102799222582867,0.9997755289077759,0.886689586298807,0.5129204789797469,0.9994699358940125,59.783526521839256,0
419,0.8456773133504965,0.33050262928009055,0.9997061491012573,0.9085746748106828,0.34990408590861755,0.9989234209060669,0.8521435998734981,0.5101304281325572,0.999775230884552,0.8866723577181505,0.5128633209637237,0.9994716644287109,59.783526521839256,0
420,0.8456807760965264,0.33050086952391156,0.9997042417526245,0.9085330310321997,0.3498158894834067,0.9989104270935059,0.8521345030693788,0.510031586601621,0.9997740983963013,0.8866484165191657,0.5127948409035097,0.999470591545105,59.783526521839256,0
421,0.8456986461366933,0.33050608209201293,0.9997040033340454,0.9084932066145405,0.3497192135878975,0.9989065527915955,0.8521308529944653,0.5099896675064455,0.999774158000946,0.8866137209392736,0.512718572503045,0.9994720220565796,59.783526521839256,0
422,0.8457272223063884,0.3304986783436369,0.9996994137763977,0.9084327760196875,0.349611879814239,0.9988915324211121,0.8521344264348354,0.5099929769833886,0.9997712969779968,0.8865654184704742,0.5126820320174812,0.9994680881500244,59.783526521839256,0
423,0.8457636151994985,0.33047677221752375,0.9996979236602783,0.9083752461842135,0.34951869079044917,0.998883068561554,0.8521208507674087,0.5099705826668517,0.9997682571411133,0.8865008354187018,0.5126275817553206,0.9994644522666931,59.783526521839256,0
424,0.8457966049512234,0.3304586481480374,0.9996957778930664,0.9083344936370857,0.3494525182814828,0.9988860487937927,0.8520772457122809,0.5099461248942788,0.9997629523277283,0.8864255008243387,0.5125854923611599,0.999457836151123,59.783526521839256,0
425,0.8458272956666499,0.3304580237184255,0.9996974468231201,0.9082982313065309,0.34942250450452195,0.9988927841186523,0.8519946762493686,0.5099005074728107,0.999759316444397,0.8863423040934979,0.5125641936347602,0.9994527101516724,59.783526521839256,0
426,0.8458456028075452,0.33048641255923705,0.9996959567070007,0.9082754367873789,0.34940757496016395,0.9988871812820435,0.8518770507403789,0.5098538852873307,0.999755322933197,0.8862741163798749,0.5125602086385095,0.9994468688964844,59.783526521839256,0
427,0.8458705260640105,0.330567063320251,0.9996993541717529,0.9082779628889909,0.34941302168936983,0.9988932013511658,0.8517668389138728,0.5098109756197252,0.9997507333755493,0.8862328160376782,0.5125525565374469,0.9994407892227173,59.783526521839256,0
428,0.8458885181517835,0.33066118473098416,0.9997044205665588,0.9082764160065432,0.3494280363832204,0.9989035725593567,0.8516839260146738,0.5097895236242389,0.9997457265853882,0.8862119033223114,0.5125572993641812,0.9994343519210815,59.783526521839256,0
429,0.8459028686795922,0.33074529256139507,0.9997078776359558,0.9082789591380536,0.3494543631871544,0.9988971948623657,0.8516305429594864,0.5097832367533733,0.9997432231903076,0.8861957447869444,0.5125655389967423,0.9994296431541443,59.783526521839256,0
430,0.8459106541815264,0.33080814424015254,0.9997092485427856,0.9082841050057192,0.34947739896320185,0.9988884925842285,0.8515705040522992,0.509793565386818,0.9997401833534241,0.8861724620773687,0.5125913903826763,0.9994235634803772,59.783526521839256,0
431,0.8459118888491682,0.3308438885779611,0.9997043013572693,0.9082877806254803,0.3494911420912973,0.9988603591918945,0.8514898107165388,0.5097947007133852,0.9997357130050659,0.8861398640133092,0.5126237102917266,0.9994162321090698,59.783526521839256,0
432,0.8459024713152938,0.3308536339373818,0.9996992945671082,0.9082859924861371,0.34949438061033,0.9988598823547363,0.8513804759298058,0.50978525195803,0.9997280240058899,0.886094978877477,0.5126531322797143,0.9994040727615356,59.783526521839256,0
433,0.8458999764351625,0.3308637156372981,0.9996951222419739,0.9082832875705907,0.3494639070261095,0.9988530874252319,0.8512647066797536,0.5097723518099108,0.9997202157974243,0.8860573598316744,0.5126745700836186,0.9993931651115417,59.783526521839256,0
434,0.8458708127339688,0.33087343829018756,0.9996874332427979,0.9082794813882744,0.34943168645813383,0.9988342523574829,0.851131283101582,0.5097424189249679,0.9997117519378662,0.8860314091046658,0.5126697222391768,0.9993788003921509,59.783526521839256,0
435,0.845817426840465,0.33089479236375746,0.9996795654296875,0.9082750223931819,0.3493856546424686,0.9988195896148682,0.850994303112939,0.5097066618147355,0.9997068643569946,0.8860127471742183,0.5126500612213503,0.9993711709976196,59.783526521839256,0
436,0.8457561447506865,0.3309387025379002,0.9996676445007324,0.9082736827078326,0.3493347068627678,0.9987894296646118,0.8508471704664691,0.5096699794133508,0.9996945261955261,0.88599827743712,0.512617579528264,0.9993508458137512,59.783526521839256,0
437,0.8457001334144962,0.3310089792524068,0.9996626973152161,0.90826736177717,0.34927751336778945,0.9987832307815552,0.8507148084186379,0.5096355563118349,0.9996905326843262,0.8859920473325827,0.5125810589109152,0.9993454217910767,59.783526521839256,0
438,0.8456652959187831,0.33110810887245934,0.9996587038040161,0.9082538088162747,0.34921136498451266,0.9987850785255432,0.8506179082961316,0.5096082233247307,0.9996885061264038,0.8859864586875559,0.5125483444758828,0.999343752861023,59.783526521839256,0
439,0.8456550637880969,0.3312405943870547,0.9996567964553833,0.9082381242797495,0.3491364788441434,0.9987867474555969,0.8505442908832013,0.5095983317920143,0.9996883273124695,0.8859871625900275,0.5125319759051009,0.9993461966514587,59.783526521839256,0
440,0.8456316192944852,0.3313953904878528,0.9996558427810669,0.9082223716236304,0.3490791675590336,0.9987932443618774,0.8504697197959543,0.5095935492288504,0.9996899962425232,0.8859859960419798,0.5125271507671906,0.9993509650230408,59.783526521839256,0
441,0.8455903899101991,0.33156607122648357,0.9996519684791565,0.9082117222604305,0.3490387783164073,0.9987852573394775,0.8503991337049581,0.5095904242424742,0.9996921420097351,0.8859844718660634,0.5125202508199787,0.9993562698364258,59.783526521839256,0
442,0.8455316509519312,0.33170972267786686,0.9996510744094849,0.9082107061431528,0.34902970847629394,0.9987896680831909,0.8503130787894846,0.5095763320014595,0.999693751335144,0.8859801008587799,0.512463972682045,0.9993605017662048,59.783526521839256,0
443,0.845460079965138,0.33180455792517916,0.9996510148048401,0.908210095905123,0.3490167089871001,0.9987867474555969,0.8502259850502021,0.5095523482277284,0.9996941685676575,0.8859753353255143,0.5123475023678374,0.9993612170219421,59.783526521839256,0
444,0.845394880998703,0.3318405122984026,0.9996481537818909,0.9082093749727529,0.34899477447782273,0.9987888336181641,0.8501619384402328,0.5095131425630482,0.999686062335968,0.8859723579315919,0.5121740670431232,0.9993454217910767,59.783526521839256,0
445,0.8453471291632886,0.33181806689217,0.9996508359909058,0.9082121423312604,0.3489699051493693,0.9987950325012207,0.8501175017583944,0.5094538529713952,0.9996839761734009,0.8859720627466844,0.511990104402815,0.9993366003036499,59.783526521839256,0
446,0.845331631955647,0.3317703079609646,0.9996512532234192,0.908221383889517,0.3489509182316919,0.9987947940826416,0.8500905718122217,0.5094039951051988,0.9996798038482666,0.8859597103936339,0.5118590905552822,0.999325692653656,59.783526521839256,0
447,0.8453266166505367,0.3317228754361473,0.9996523261070251,0.9082341165769675,0.3489407343523846,0.9988054037094116,0.8500758097285324,0.5093591241609486,0.9996731281280518,0.8859354938779566,0.511795506590889,0.9993127584457397,59.783526521839256,0
448,0.8453136881192531,0.33167619790349717,0.9996514320373535,0.9082458359854569,0.3489405356702353,0.9988107085227966,0.8500483915919357,0.5092837583451049,0.9996638298034668,0.8859015845117122,0.5117456827844896,0.9992919564247131,59.783526521839256,0
449,0.845288344791958,0.33164620967138403,0.9996492266654968,0.9082568571681076,0.34893433111054584,0.9988163709640503,0.8500219952492494,0.5091709466207599,0.9996563792228699,0.8858714756511513,0.5116643508275354,0.999274492263794,59.783526521839256,0
450,0.8452284165791109,0.3316348109926499,0.9996501207351685,0.9082565591448837,0.3489377654734115,0.9988294839859009,0.8499954059010467,0.5090388456980391,0.9996549487113953,0.8858460102762502,0.511524611995334,0.9992720484733582,59.783526521839256,0
451,0.8451442235992075,0.3316164910793307,0.9996522665023804,0.9082387174878809,0.34887990355491666,0.9988484978675842,0.8499664607502173,0.5089186174528944,0.9996549487113953,0.8858315093176713,0.5113614570526854,0.9992727041244507,59.783526521839256,0
452,0.8450518903278176,0.3315959615366802,0.9996479153633118,0.9082076464380544,0.3487461918876288,0.9988625645637512,0.8499219474338358,0.5088442507244296,0.9996461272239685,0.8858165116537192,0.5112229614030752,0.9992592930793762,59.783526521839256,0
453,0.8449511499631979,0.3315622011820478,0.9996485114097595,0.9081690084366578,0.34855645469256835,0.9988781213760376,0.8498686779113049,0.5088136848949255,0.9996433258056641,0.8858125947770625,0.5111325127737867,0.9992555379867554,59.783526521839256,0
454,0.8448614222662796,0.3315235049951647,0.9996471405029297,0.9081252813339241,0.3483242647988459,0.9988837838172913,0.8498108755974549,0.5087841266677497,0.9996384382247925,0.8858127480461491,0.5111070559138348,0.9992468357086182,59.783526521839256,0
455,0.8448102105231519,0.3314876343522756,0.9996463656425476,0.9080909178370529,0.348115153255917,0.9988890290260315,0.8497884869575507,0.5087763411658155,0.9996333122253418,0.8858282906668533,0.5111467469306223,0.9992372989654541,59.783526521839256,0
456,0.8447730569612419,0.33145768869490877,0.9996424913406372,0.9080627532232383,0.34798600276311265,0.9988940954208374,0.8497933575085238,0.5087860226631169,0.9996245503425598,0.8858540285201306,0.5112082362174992,0.9992234110832214,59.783526521839256,0
457,0.8447441884449557,0.33142290512720773,0.999640166759491,0.9080411962100445,0.3479053491637823,0.9988875985145569,0.8498163762546728,0.5088282426198327,0.9996200203895569,0.8859078969274256,0.5112818536304296,0.9992139339447021,59.783526521839256,0
458,0.8447134069034039,0.3313855997153694,0.9996375441551208,0.9080343984422237,0.3478485416798367,0.9988821148872375,0.8498364034153173,0.5089096199898497,0.9996137022972107,0.8859671439443322,0.5113486335391094,0.999200701713562,59.783526521839256,0
459,0.8446804767563236,0.33133369400387747,0.9996365904808044,0.9080263489768626,0.34782055729911465,0.9988788962364197,0.849851846694947,0.5089947183926904,0.9996098279953003,0.8860234589803795,0.5113815608478731,0.9991930723190308,59.783526521839256,0
460,0.8446487245105568,0.3312650039082484,0.9996381402015686,0.90800960858663,0.3477919314588822,0.9988921880722046,0.8498651981353766,0.5090534261294778,0.9996033310890198,0.88606060402734,0.5114035663150609,0.9991849064826965,59.783526521839256,0
461,0.8446294296355481,0.3311875121934076,0.9996418952941895,0.9079870155879437,0.34778214068639873,0.9989017844200134,0.8499127484503253,0.5090911416780385,0.9996026754379272,0.8861025174458829,0.5114189954031085,0.9991804957389832,59.783526521839256,0
462,0.8446188682601572,0.3311035789194564,0.9996451735496521,0.9079567818414604,0.3477786126590913,0.998907744884491,0.8499913584618348,0.5091095595132741,0.9996051788330078,0.8861485520998644,0.5114027801014133,0.9991823434829712,59.783526521839256,0
463,0.8446063456081214,0.3310347525846393,0.9996463060379028,0.9079298206738071,0.34782269738969374,0.9988933205604553,0.8500735816501443,0.5091811901047121,0.9996064305305481,0.8862053922244488,0.5114467626526247,0.9991791248321533,59.783526521839256,0
464,0.8445855946767905,0.330997352089201,0.9996503591537476,0.9079082778521954,0.34787111764862455,0.9988886117935181,0.8501316053526748,0.509303572632018,0.9996047616004944,0.8862473624093199,0.5115361752964206,0.9991701245307922,59.783526521839256,0
465,0.8445571292014356,0.3309839623314996,0.9996518492698669,0.9078706048783809,0.3479202985763553,0.9988775253295898,0.8501538492384417,0.5094275616464164,0.9996016025543213,0.8862612446149197,0.5116354425748193,0.9991603493690491,59.783526521839256,0
466,0.8445219227245884,0.33098056060927283,0.9996517896652222,0.9078145452908114,0.3479549288749698,0.9988752007484436,0.8501542494410567,0.5095178598449348,0.9995940327644348,0.886249658607302,0.5117153383436661,0.9991443753242493,59.783526521839256,0
467,0.8444907097589409,0.33098185346240117,0.9996512532234192,0.9077572084608538,0.34797193606694565,0.9988662600517273,0.8501545389493312,0.5095451360657106,0.9995841979980469,0.8862392022496186,0.5117474794387822,0.999119222164154,59.783526521839256,0
468,0.8444659369332457,0.33098191732452054,0.9996517300605774,0.907703115826562,0.34792331428754925,0.9988589882850647,0.8501645525296536,0.5095363401231316,0.9995834231376648,0.8862171400161023,0.5117219005312242,0.9991121292114258,59.783526521839256,0
469,0.844447729133425,0.3309837352661862,0.9996517300605774,0.907659468196688,0.34785786271095304,0.9988579154014587,0.8501706719398505,0.5095497596831553,0.9995750188827515,0.8861594483965927,0.5117183980487646,0.9990959763526917,59.783526521839256,0
470,0.8444379454567326,0.33098254601160715,0.9996514320373535,0.9076217838696078,0.34777764905066744,0.9988575577735901,0.8501791471526743,0.5095715920130416,0.9995660185813904,0.8860844118254532,0.511719922224681,0.9990806579589844,59.783526521839256,0
471,0.8444343237649834,0.330978714284443,0.9996528029441833,0.9075897846903127,0.34771812529790996,0.9988597631454468,0.8501885192734862,0.50959248769851,0.9995558857917786,0.8860111719086065,0.5117197717939108,0.9990607500076294,59.783526521839256,0
472,0.84442763101487,0.3309796608629684,0.9996583461761475,0.9075606805937637,0.3476925520669849,0.9988688826560974,0.850199651150477,0.5096115044185098,0.999552309513092,0.8859638174374905,0.5117256868453257,0.999047577381134,59.783526521839256,0
473,0.8444251673562193,0.3309831775370101,0.999658465385437,0.9075483026958655,0.34771180720556377,0.9988532662391663,0.8502157983325784,0.5096213533764797,0.9995501637458801,0.8859585466839026,0.5117462930225194,0.9990350604057312,59.783526521839256,0
474,0.8444189003535687,0.3309866743428369,0.9996584057807922,0.9075545696985161,0.3477450751122977,0.9988397359848022,0.8502282613799692,0.5096253156661992,0.9995483756065369,0.8859720513934188,0.5117753630592714,0.9990256428718567,59.783526521839256,0
475,0.8443988561630256,0.33100108305613224,0.9996604919433594,0.9075492620468147,0.34776002026739605,0.9988383650779724,0.850218798433032,0.5096790875707358,0.9995490908622742,0.8859666614305413,0.5118200977643335,0.9990222454071045,59.783526521839256,0
476,0.8443710236322319,0.3310155315058575,0.9996622800827026,0.9075199621064329,0.34772299017225017,0.9988494515419006,0.8501922885576891,0.5097569965180901,0.9995477199554443,0.8859329308782313,0.5118515179270793,0.999019205570221,59.783526521839256,0
477,0.8443411021005547,0.3310316474664782,0.9996669292449951,0.9074689774286187,0.34766084807259723,0.9988712072372437,0.8501556373777851,0.5099254222143268,0.999550461769104,0.885863539718447,0.5118914104643326,0.9990257024765015,59.783526521839256,0
478,0.8443091738791699,0.33105402901059133,0.9996693134307861,0.9074059355826612,0.3475931244237085,0.9988870024681091,0.8501175131116602,0.5101296135357453,0.9995508193969727,0.885781733762651,0.5119630495707198,0.9990278482437134,59.783526521839256,0
479,0.8442873841240299,0.3310760259628298,0.9996704459190369,0.9073459335735874,0.3475511145024075,0.9989010095596313,0.8500882869675053,0.5103283269064771,0.9995526671409607,0.8857101060095294,0.5120940009752913,0.9990333318710327,59.783526521839256,0
480,0.8442731187457138,0.3310924541382565,0.9996729493141174,0.907311555885134,0.34755292392912396,0.9989197254180908,0.8500658131781085,0.5104692918913709,0.9995535612106323,0.8856627770832612,0.5122380682400298,0.9990398287773132,59.783526521839256,0
481,0.8442657447996601,0.33110931799525334,0.9996721744537354,0.9072861586298269,0.34757273679687894,0.9989269971847534,0.8500456554549088,0.510535646052588,0.9995481371879578,0.8856471351214825,0.5123612483342492,0.9990361332893372,59.783526521839256,0
482,0.8442686739422033,0.331122669435683,0.999668300151825,0.9072641616775883,0.3475634427297686,0.9989158511161804,0.8500131425403421,0.5104963751066303,0.9995390176773071,0.8856439789136258,0.5124073142097114,0.9990275502204895,59.783526521839256,0
483,0.8442737942650211,0.3311353410993306,0.9996638894081116,0.9072365533737917,0.3475257938816437,0.9989042282104492,0.8499822162446529,0.5104749486559917,0.999531626701355,0.8856360798790348,0.5124185880025232,0.9990218281745911,59.783526521839256,0
484,0.8442738907677794,0.3311421303522022,0.9996622800827026,0.9072092402549023,0.3474639852841698,0.9989053010940552,0.8499549911135725,0.5104858477910363,0.9995243549346924,0.8856193678719664,0.51244011095592,0.999016284942627,59.783526521839256,0
485,0.8442619102341795,0.3311451971530917,0.9996629953384399,0.9071828950019116,0.34740060000192574,0.9989163279533386,0.8499291993322833,0.5105871586572561,0.9995179772377014,0.8855914388384145,0.51252726997648,0.9990106821060181,59.783526521839256,0
486,0.8442414857092364,0.3311437212285544,0.9996618628501892,0.9071463573546644,0.3473223561332342,0.9989264011383057,0.8499107616288328,0.510758942081815,0.9995129108428955,0.8855597916103551,0.512643538770222,0.9990062117576599,59.783526521839256,0
487,0.8442246828760427,0.3311361812409903,0.99965900182724,0.9071007370948799,0.34725105052902616,0.9989320635795593,0.849908786160606,0.51092936595281,0.9995056986808777,0.8855342978522899,0.512747563066937,0.998996913433075,59.783526521839256,0
488,0.8442118082727712,0.33113017678260825,0.999657928943634,0.9070536295572924,0.3471627803075884,0.9989375472068787,0.8499082781019671,0.511048033123925,0.9995038509368896,0.8855153719584155,0.5127871916407635,0.9989948272705078,59.783526521839256,0
489,0.8442016272317803,0.3311273654301964,0.999652624130249,0.9070144920122063,0.34708799208913554,0.9989321231842041,0.8499152745519373,0.5111383001009627,0.9994934797286987,0.8855164590336035,0.5128330247742794,0.9989786744117737,59.783526521839256,0
490,0.8441906997135714,0.3311243142400472,0.9996458292007446,0.9069903691609708,0.3470270974295483,0.9989264607429504,0.8499088996932627,0.5112126952125917,0.9994857311248779,0.8854989437829888,0.5128909093993055,0.9989681243896484,59.783526521839256,0
491,0.8441612748872673,0.3311257617814203,0.9996439814567566,0.906978959128971,0.346982816855113,0.9989269971847534,0.8498542564255858,0.5113199892498203,0.9994871616363525,0.885457254591443,0.5129741543815254,0.9989728331565857,59.783526521839256,0
492,0.8441186547279365,0.3311280409495039,0.9996415972709656,0.9069568656739742,0.3469406976586299,0.9989291429519653,0.8497606913248705,0.5114422355379381,0.9994863867759705,0.8854002895809362,0.5130590739704317,0.9989730715751648,59.783526521839256,0
493,0.8440703465825041,0.33113849730718725,0.9996406435966492,0.9069127724284224,0.34691371378444513,0.9989346861839294,0.8496558041799642,0.5115674989564083,0.9994854927062988,0.8853409318696892,0.5131165952909564,0.9989709854125977,59.783526521839256,0
494,0.8440144743238184,0.33115087804340204,0.9996394515037537,0.9068757295608527,0.346878501630965,0.9989374876022339,0.8495571897143417,0.5116541726248609,0.9994877576828003,0.8852892404510868,0.5131206767899654,0.9989748001098633,59.783526521839256,0
495,0.8439655814852041,0.33116295649891836,0.9996351003646851,0.9068056089537492,0.3468352740719207,0.9989359378814697,0.8494794766108202,0.5117281107675465,0.999484121799469,0.8852577947434932,0.5131528945196246,0.9989678263664246,59.783526521839256,0
496,0.8438948903765005,0.331170744839169,0.9996314644813538,0.9067099889119474,0.34677314900216627,0.998930037021637,0.8494082036472509,0.5117543822243105,0.9994837045669556,0.8852087202526281,0.5131476351193023,0.9989656209945679,59.783526521839256,0
497,0.8438051059132538,0.33117159349577796,0.9996261596679688,0.9065785947300146,0.3466906675270628,0.9989181160926819,0.8493296674319682,0.5116996452921917,0.9994832873344421,0.8851523342586707,0.5130756355467301,0.9989629983901978,59.783526521839256,0
498,0.8437059237843475,0.33116462542897207,0.9996246695518494,0.9064035131817779,0.3465846677621208,0.9989131093025208,0.8492687259401601,0.5115443808691846,0.9994858503341675,0.885105646791913,0.5128717848232818,0.9989678859710693,59.783526521839256,0
499,0.8436291019121813,0.33115951504026164,0.9996229410171509,0.9062334980283472,0.3465291133948738,0.9988982677459717,0.8492959539095568,0.5112880667050683,0.9994899034500122,0.8850774481183014,0.5126085054306762,0.9989759922027588,59.783526521839256,0
500,0.8435751909301401,0.33115174798738417,0.9996286034584045,0.906131653558641,0.34652293296087383,0.9988991618156433,0.849386530263084,0.5108635198502318,0.9994991421699524,0.8850635829426,0.5122800923529129,0.9989948272705078,59.783526521839256,0
501,0.8435112010864991,0.3311597988719035,0.9996395111083984,0.9060636049225224,0.3465331877980916,0.9989147782325745,0.8495014111200976,0.5104119437081478,0.9995089769363403,0.8850681100572866,0.5120220723606295,0.9990150332450867,59.783526521839256,0
502,0.8434200315248406,0.33117626110712717,0.9996503591537476,0.9060493480591554,0.3465863707519716,0.9989305734634399,0.8495949052629024,0.5097547599247527,0.9995188117027283,0.8850700344358179,0.5115964299156557,0.9990332126617432,59.783526521839256,0
503,0.8432824044000542,0.33119708015805227,0.9996597170829773,0.906048482372648,0.3466990320455463,0.9989429712295532,0.8496409030187704,0.5090754088901343,0.9995238780975342,0.8850676417350776,0.5111390550931298,0.9990406632423401,59.783526521839256,0
504,0.8431113220396502,0.33122345095589073,0.9996659159660339,0.9060218078749529,0.34681669303349116,0.998955488204956,0.849648574988048,0.508560541130248,0.9995186924934387,0.8850625526337405,0.5107183087439768,0.9990346431732178,59.783526521839256,0
505,0.8429523053623389,0.33125673731168137,0.9996682405471802,0.9059805784906667,0.3469791752951489,0.9989604949951172,0.8496720677330387,0.5082878555570334,0.9995007514953613,0.8850539695648927,0.5104759732882186,0.9990136623382568,59.783526521839256,0
506,0.8428325539543522,0.33128478555452284,0.9996722936630249,0.9059434703418194,0.34713487398056786,0.998963475227356,0.8496948537372414,0.5081572788102291,0.9994982481002808,0.8850456249146241,0.5103670415424169,0.9990155100822449,59.783526521839256,0
507,0.8427319555055535,0.33132231093588355,0.9996731877326965,0.9058922841435395,0.34724108803839937,0.9989637732505798,0.8497093149593905,0.5082055642491299,0.9994974136352539,0.885047566323054,0.5104346161796938,0.9990239143371582,59.783526521839256,0
508,0.842681166671572,0.3313522452399847,0.999675452709198,0.9058333237965909,0.3473019387040822,0.998968780040741,0.8497154882975994,0.5081510515440082,0.9994934797286987,0.8850521643956509,0.5103984077771508,0.9990317821502686,59.783526521839256,0
509,0.8426491760072261,0.33137288121950087,0.9996787905693054,0.905773614134108,0.3473382067112698,0.9989813566207886,0.8497017196246562,0.5080944583529522,0.9994954466819763,0.8850585960206537,0.5103532927376888,0.9990437030792236,59.783526521839256,0
510,0.8426331565493637,0.33138693230492755,0.9996820688247681,0.9057212131364013,0.347344239552816,0.9989902973175049,0.8496770404634029,0.5081004642304925,0.9995022416114807,0.8850636567388268,0.5103830751918614,0.9990612268447876,59.783526521839256,0
511,0.842620111647107,0.33139823448090355,0.9996848702430725,0.9056692889758526,0.34733958329473247,0.9990073442459106,0.8496379085949496,0.5081838653201152,0.9995089769363403,0.8850512192362838,0.5105379138674059,0.9990847706794739,59.783526521839256,0
512,0.8426090138299132,0.33140142332939904,0.9996894001960754,0.9056412378946949,0.34734740285646376,0.9990325570106506,0.84958493141901,0.5082994756244481,0.9995145201683044,0.8850221917742782,0.5108186886424114,0.9991042613983154,59.783526521839256,0
513,0.8425874653316687,0.33140460508210345,0.9996910095214844,0.9056206004960204,0.3473588057926726,0.9990507960319519,0.8495108939352496,0.508430245376769,0.9995231032371521,0.8849779282297414,0.5111545750073028,0.9991281628608704,59.783526521839256,0
514,0.8425489664077765,0.3314066884063542,0.9996915459632874,0.9056034627414893,0.3473759690920515,0.9990692138671875,0.8494150042533881,0.5085247045471559,0.9995280504226685,0.8848851465043575,0.5114278992017114,0.9991455078125,59.783526521839256,0
515,0.8424969088463563,0.33140862697646756,0.999690055847168,0.9055929723240087,0.34741057668413466,0.9990847706794739,0.849307468959264,0.5085619148753941,0.9995298981666565,0.8847462392988666,0.5115764027550112,0.9991609454154968,59.783526521839256,0
516,0.8424475420089002,0.3314113247962228,0.9996939301490784,0.9055906165213821,0.3474603650115788,0.9991086721420288,0.8492049858683639,0.5085631353514539,0.9995367527008057,0.8845758381344031,0.5116255794252672,0.9991840124130249,59.783526521839256,0
517,0.8424095142455335,0.33141220609347055,0.9996968507766724,0.905587505726588,0.34750854259445585,0.9991260170936584,0.8491074471246636,0.5085355440775557,0.9995434880256653,0.884389207476662,0.5116132469404315,0.9992059469223022,59.783526521839256,0
518,0.8423903158732831,0.3314073639256616,0.9996989369392395,0.9055794534229105,0.3475476276306882,0.9991374015808105,0.8490380729947777,0.5085259335381648,0.9995494484901428,0.8842304576010938,0.5116256220000135,0.9992251396179199,59.783526521839256,0
519,0.8423857774053308,0.331398366462617,0.9997012615203857,0.9055652221043912,0.3475556969642642,0.9991463422775269,0.8489903892789574,0.5085403805687319,0.9995552897453308,0.8841299499784204,0.5117067694664006,0.9992424845695496,59.783526521839256,0
520,0.8423809210459399,0.33138293027877835,0.9997022747993469,0.9055530769484392,0.34757352159136845,0.9991453289985657,0.8489589606012624,0.5085628032684331,0.9995563626289368,0.8840727976390301,0.5118262200128469,0.9992499947547913,59.783526521839256,0
521,0.8423720967201966,0.3313649850232263,0.9997037053108215,0.9055446301187795,0.34762084909847835,0.9991468787193298,0.8489432930946357,0.5085925090880625,0.9995599985122681,0.8840422828992215,0.5119725238709227,0.999258279800415,59.783526521839256,0
522,0.8423639535903937,0.33132611853735816,0.999703049659729,0.9055438722882959,0.34768898997988046,0.9991486072540283,0.8489273502713165,0.5086025113151191,0.9995607137680054,0.8840163378488457,0.5120948382786346,0.9992624521255493,59.783526521839256,0
523,0.8423585040228714,0.33127786715825425,0.9997007250785828,0.9055535906837107,0.3477716389156526,0.9991515874862671,0.8488962281317944,0.5085905421347849,0.9995594620704651,0.8839755001522254,0.5121676609629681,0.9992671608924866,59.783526521839256,0
524,0.84235509804317,0.3312189195837296,0.9996994137763977,0.9055645096869703,0.3478517660072874,0.9991582632064819,0.848864859058744,0.5085699586641225,0.9995533227920532,0.8839342707679393,0.5121859794571291,0.9992607235908508,59.783526521839256,0
525,0.8423528103601372,0.3311438035397305,0.9996965527534485,0.9055760644731075,0.3479129700433643,0.9991632103919983,0.8488168205533716,0.5085474366233467,0.999547004699707,0.8838869219734562,0.5121975995245438,0.9992551803588867,59.783526521839256,0
526,0.8423460097539999,0.33106717325392254,0.999693751335144,0.9055859929039372,0.34796869896707106,0.9991655945777893,0.8487714330355334,0.5085484555789406,0.9995418787002563,0.8838502935000835,0.512216414724078,0.9992519021034241,59.783526521839256,0
527,0.8423341143698926,0.3310064602465859,0.9996907711029053,0.9055868415605461,0.34801073727153625,0.9991621971130371,0.8487229489144832,0.508588708582379,0.9995360970497131,0.8838201250348778,0.5122999775977366,0.9992466568946838,59.783526521839256,0
528,0.8423187647547048,0.33095409614699256,0.9996885061264038,0.9055807732400447,0.3480484088261925,0.9991621375083923,0.8486652743248719,0.5086522073972797,0.9995276927947998,0.8837972283363349,0.5124548020816988,0.9992334842681885,59.783526521839256,0
529,0.8423041218803049,0.3309255398455123,0.9996839761734009,0.9055723576318657,0.3480849322818577,0.9991604089736938,0.8486110681579233,0.5087174801599416,0.9995132684707642,0.883778441519965,0.512646615505219,0.9992114305496216,59.783526521839256,0
530,0.8422760594458814,0.3309122650396259,0.9996784329414368,0.9055643393879852,0.3481120523952305,0.9991553425788879,0.8485759922436312,0.5087813564709259,0.9994982481002808,0.8837768832842516,0.5128266357240228,0.9991884231567383,59.783526521839256,0
531,0.8422351479530341,0.33089706727436635,0.9996757507324219,0.9055601840927494,0.3481466585681554,0.999152660369873,0.8485496186074764,0.5088185866673791,0.9994876980781555,0.8837761765434636,0.5129560345695137,0.9991703033447266,59.783526521839256,0
532,0.8421703435125811,0.3308844623111546,0.9996787309646606,0.9055572350819913,0.3481898038160236,0.9991614818572998,0.8485457726887301,0.5088733150845486,0.9994798898696899,0.883782673449744,0.5130413600376678,0.9991535544395447,59.783526521839256,0
533,0.8420803745587673,0.3308770642394114,0.9996814727783203,0.9055553362483078,0.3482573600042437,0.9991680979728699,0.848549683888754,0.5089666871797475,0.9994781613349915,0.8837972226597021,0.5131195897147773,0.9991447925567627,59.783526521839256,0
534,0.8419865653628401,0.3308743834495547,0.9996818900108337,0.9055559408097047,0.3483520022460395,0.9991672039031982,0.8485487500826525,0.5090710918108626,0.9994776844978333,0.883819900807881,0.5131927444821316,0.9991360306739807,59.783526521839256,0
535,0.8419116565159397,0.330873475188301,0.999681830406189,0.9055556285948988,0.3484392762184146,0.9991685748100281,0.8485474416187838,0.5091738871165689,0.9994816780090332,0.8838440719104956,0.5132393013863341,0.9991393089294434,59.783526521839256,0
536,0.8418567833446328,0.3308765462466651,0.9996801018714905,0.9055513313838421,0.34848647032465285,0.9991685152053833,0.8485438114120853,0.5092658514068245,0.9994820952415466,0.8838690803164535,0.5132636229197188,0.9991360902786255,59.783526521839256,0
537,0.8418202371824361,0.3308932185173037,0.9996756315231323,0.9055452176502781,0.3485092165924256,0.999165415763855,0.848539746942975,0.5093244626408535,0.999477207660675,0.8838869248117727,0.5132797019822262,0.9991269111633301,59.783526521839256,0
538,0.8417873013587232,0.33092301942053326,0.9996725916862488,0.905539430323102,0.34850801740373916,0.9991631507873535,0.8485279537382586,0.5093571742375695,0.9994773268699646,0.8839020672298621,0.5132655132384532,0.9991278052330017,59.783526521839256,0
539,0.8417495347204669,0.33096293608347604,0.9996691942214966,0.9055360328583498,0.3485043460414526,0.9991574883460999,0.848510594595047,0.5093667109807337,0.9994764924049377,0.8839132218133843,0.5132275933311103,0.9991289377212524,59.783526521839256,0
540,0.8417156877971838,0.3310056158474516,0.9996628761291504,0.9055361180078424,0.34850248268672424,0.9991469979286194,0.8484945268858053,0.5093243122100835,0.9994716048240662,0.8839213422366559,0.5131349308150159,0.9991266131401062,59.783526521839256,0
541,0.8416927456855781,0.3310464819272362,0.9996616244316101,0.905538513546899,0.3485029368173511,0.9991430044174194,0.8484813116845638,0.5092446548598157,0.9994721412658691,0.8839266612416229,0.5129841935066954,0.9991289377212524,59.783526521839256,0
542,0.8416830840564916,0.33107872236342684,0.9996631741523743,0.9055442497843795,0.3485080599784854,0.9991369247436523,0.8484713832537341,0.5091400487082349,0.9994767308235168,0.8839276716822676,0.512809793154399,0.9991343021392822,59.783526521839256,0
543,0.8416799902915961,0.33110288353193396,0.9996643662452698,0.9055437076659437,0.3485099517163779,0.9991358518600464,0.8484678268432624,0.5090414966855734,0.9994779825210571,0.8839246290070677,0.5126565581276308,0.9991390109062195,59.783526521839256,0
544,0.8416756505057932,0.331120068118686,0.999664306640625,0.9055311083793648,0.3485012778214049,0.999138593673706,0.8484624709401819,0.5089769618851803,0.9994745850563049,0.8839243905884886,0.5125398465565277,0.9991408586502075,59.783526521839256,0
545,0.8416739957673216,0.33113472234635155,0.9996636509895325,0.9055094548634128,0.3484896903946289,0.9991375803947449,0.8484576883770177,0.5089569318862193,0.9994723796844482,0.883925310203008,0.5124888987768268,0.9991467595100403,59.783526521839256,0
546,0.8416740127972201,0.33115477363268564,0.9996610283851624,0.9054670787992939,0.348450064659119,0.9991294145584106,0.8484575663294118,0.5089620720772521,0.9994660019874573,0.8839294825281423,0.5124724251883375,0.9991435408592224,59.783526521839256,0
547,0.8416748359089813,0.33118137149583754,0.9996582269668579,0.9054215124675213,0.3483816640717645,0.9991217851638794,0.8484600640478595,0.5089789089702428,0.9994636178016663,0.8839371857189003,0.5124719483511793,0.9991466999053955,59.783526521839256,0
548,0.8416759059542708,0.3312093941938312,0.9996554255485535,0.9053876570292889,0.3483097865467983,0.9991164207458496,0.8484757343928027,0.5089944941656934,0.9994590282440186,0.8839500291006912,0.5124708272161942,0.9991477131843567,59.783526521839256,0
549,0.841675832158044,0.33123413154057124,0.9996543526649475,0.9053657679330742,0.34824200045494835,0.9991122484207153,0.8484972970826292,0.509002526601156,0.9994539618492126,0.8839635111036762,0.512449219113305,0.9991433620452881,59.783526521839256,0
550,0.8416733230863305,0.3312505682309471,0.9996540546417236,0.9053558253106625,0.3481892957573848,0.9991079568862915,0.8485135010310589,0.5090084842273171,0.9994522929191589,0.8839754377092641,0.5124188434510009,0.9991435408592224,59.783526521839256,0
551,0.8416719436645514,0.33126456822667827,0.9996516108512878,0.9053595207986385,0.34816855334100294,0.9990946650505066,0.8485310844012677,0.5090087056159978,0.9994484782218933,0.8839848183450252,0.512377968856267,0.9991363286972046,59.783526521839256,0
552,0.8416707061585933,0.33128961353074965,0.9996463060379028,0.905359055314746,0.3481533626715345,0.9990769624710083,0.8485445209911897,0.5090034490539919,0.9994469881057739,0.8839905971572519,0.5123262149947034,0.9991354942321777,59.783526521839256,0
553,0.8416694459461038,0.33132921230225365,0.9996418356895447,0.90536650021871,0.3481619045847941,0.9990574717521667,0.8485519091288256,0.5090030403364276,0.9994510412216187,0.8840033270063862,0.5122741943313966,0.999138355255127,59.783526521839256,0
554,0.8416681346439187,0.331383987551644,0.9996379017829895,0.9053598841031401,0.3481181505180543,0.9990442991256714,0.848560151599703,0.5090007015636994,0.9994504451751709,0.8840183133170725,0.5122037927309676,0.9991354942321777,59.783526521839256,0
555,0.8416663408279426,0.3314574133782162,0.9996317625045776,0.905342638492585,0.34805033888135667,0.9990255236625671,0.8485696968578165,0.5089966966992336,0.9994481801986694,0.8840506190345407,0.5121270276251297,0.9991303086280823,59.783526521839256,0
556,0.8416652792976023,0.33152407975423925,0.9996240139007568,0.9053194806689315,0.3479761907032561,0.9990096688270569,0.8485764946256372,0.5089938328379681,0.9994386434555054,0.8840893819218598,0.5120710588636856,0.9991225600242615,59.783526521839256,0
557,0.8416639169057217,0.3315773549534028,0.999622642993927,0.9052983437265677,0.3479128281275434,0.9990057945251465,0.8485883701415295,0.5089890531131204,0.9994338750839233,0.8841247615360085,0.5120312543142413,0.9991148710250854,59.783526521839256,0
558,0.8416608657155726,0.33161269625028,0.9996215105056763,0.9052777063278932,0.3478833436965945,0.9989940524101257,0.8485998482931236,0.5089809922944936,0.999430239200592,0.884148714088259,0.5120118714514237,0.9991049766540527,59.783526521839256,0
559,0.8416601107234053,0.3316304300512589,0.9996195435523987,0.905261783372789,0.3479102367446539,0.9989790916442871,0.848611323606401,0.5089745180947444,0.9994271397590637,0.8841675321261095,0.5120139888354714,0.9990994334220886,59.783526521839256,0
560,0.8416670418920977,0.33163736547742595,0.9996198415756226,0.9052396870794759,0.34789556406793165,0.9989749193191528,0.8486177722613024,0.5089475455738253,0.9994223117828369,0.884164458229429,0.5119694528125586,0.9991005063056946,59.783526521839256,0
561,0.8416794538497931,0.3316429200626557,0.9996171593666077,0.9052096662067239,0.34786075637454106,0.9989540576934814,0.8486234318642396,0.5089063474110198,0.9994204640388489,0.8841512288366052,0.5118674550737657,0.9990957379341125,59.783526521839256,0
562,0.8416969946452557,0.3316526384580706,0.9996158480644226,0.905174808842796,0.34785273103486947,0.9989386200904846,0.8486282399722516,0.5088628416969667,0.9994182586669922,0.8841148018836982,0.5117446893737434,0.9990867376327515,59.783526521839256,0
563,0.8417151059423181,0.33167486389478074,0.9996166825294495,0.9051419723601576,0.3478641779649828,0.9989315271377563,0.8486312088512245,0.5088470294362026,0.9994149208068848,0.8840637944993526,0.5116353403954284,0.9990742802619934,59.783526521839256,0
564,0.8417324480556313,0.3317005435625715,0.999616801738739,0.9051103591918953,0.347889365184875,0.9989320039749146,0.848632733027141,0.5088720094589965,0.9994053244590759,0.8840105476833533,0.511573331696647,0.9990550875663757,59.783526521839256,0
565,0.8417489131291714,0.3317305573395323,0.9996160864830017,0.9050817432857703,0.3479259056704388,0.9989279508590698,0.8486301643507828,0.5089372651917599,0.9993978142738342,0.8839725766863149,0.5115787926174349,0.9990410208702087,59.783526521839256,0
566,0.8417710236140666,0.3317579996018185,0.9996165633201599,0.9050764526639673,0.34794716324125047,0.9989275336265564,0.8486203522909261,0.5090530912081405,0.9993895888328552,0.8839544739042016,0.5116686224937443,0.9990244507789612,59.783526521839256,0
567,0.8417995685622812,0.33177434120859445,0.9996177554130554,0.9050876271157045,0.3479601017066414,0.9989296793937683,0.8486059137753084,0.5092052107765566,0.9993871450424194,0.8839454395430436,0.5118082676615038,0.9990153312683105,59.783526521839256,0
568,0.8418281021572301,0.3317873279253645,0.9996207356452942,0.905110506784349,0.3480137544018884,0.9989413022994995,0.8485883616265804,0.509349556196304,0.9993813037872314,0.8839364136968346,0.5119587324914483,0.9990021586418152,59.783526521839256,0
569,0.8418504255158568,0.3318062183402836,0.9996196627616882,0.9051375616164442,0.34810083678790527,0.9989426136016846,0.8485728417124074,0.5094964844839918,0.9993778467178345,0.8839299735568826,0.5121088822682702,0.9989909529685974,59.783526521839256,0
570,0.8418651648930149,0.33182504773139976,0.9996200203895569,0.9051609550203603,0.3481911435013728,0.9989462494850159,0.8485688056264611,0.5096411023821155,0.9993751645088196,0.8839244104567036,0.5122198490869435,0.9989797472953796,59.783526521839256,0
571,0.8418692577452893,0.33184453986939955,0.9996212720870972,0.9051729497455423,0.34826803633144954,0.998945951461792,0.8485758446511775,0.509756065550305,0.9993751645088196,0.8839214018413005,0.5122707457769489,0.9989705085754395,59.783526521839256,0
572,0.8418682898793908,0.3318596113295785,0.9996227622032166,0.905177709602175,0.34829663378851783,0.9989412426948547,0.8485905556451714,0.509864897955032,0.9993759393692017,0.8839214472543633,0.512318196750823,0.9989594221115112,59.783526521839256,0
573,0.8418701858747579,0.33186847681090975,0.9996222257614136,0.9051793813705452,0.3482837733768285,0.9989405274391174,0.8486161033312487,0.5099541459764757,0.9993777275085449,0.8839209760938379,0.512358441239312,0.998956024646759,59.783526521839256,0
574,0.8418768729482384,0.3318699016457515,0.9996214509010315,0.9051821998187481,0.3482423027356468,0.9989378452301025,0.8486514886220302,0.5099696658906486,0.9993746876716614,0.8839228493826737,0.5123440907115032,0.9989465475082397,59.783526521839256,0
575,0.8418734272321071,0.3318728492373515,0.9996235966682434,0.9051689959707722,0.3481993433975041,0.9989435076713562,0.8486836751302091,0.5099595245860876,0.999374270439148,0.8839239506494438,0.5123109647205901,0.9989383220672607,59.783526521839256,0
576,0.8418630276407522,0.3318798584597454,0.9996249675750732,0.9051436838649576,0.3481538437661673,0.9989529252052307,0.848711890833719,0.5099678096317114,0.9993754029273987,0.883924311115629,0.5122791528701787,0.9989342093467712,59.783526521839256,0
577,0.8418509420894448,0.3318894831907184,0.9996225833892822,0.9051158570107967,0.34812096328962444,0.9989616870880127,0.8487316199711398,0.5100219760622301,0.9993683099746704,0.883924461546399,0.5122808445067637,0.9989168047904968,59.783526521839256,0
578,0.8418375537509016,0.33189882267089144,0.9996235370635986,0.905091535477412,0.3480956838244486,0.9989715814590454,0.8487413355282382,0.5101247912361512,0.9993680715560913,0.8839238541466856,0.5123156280744647,0.9989105463027954,59.783526521839256,0
579,0.841827415284657,0.331910407259351,0.9996253848075867,0.9050793222018658,0.3480778577781861,0.9989833235740662,0.8487490160124649,0.510255458809081,0.9993667006492615,0.883926002752214,0.5123859984534131,0.9989041090011597,59.783526521839256,0
580,0.8418284597850988,0.3319225098405568,0.9996284246444702,0.9050829183487672,0.3480664037522818,0.999001681804657,0.8487588365872708,0.5103537922813783,0.9993618130683899,0.8839253953525006,0.5124560481026064,0.9988911151885986,59.783526521839256,0
581,0.8418347949073435,0.331934247698103,0.9996309876441956,0.9050858787127911,0.3480661852019177,0.9990144968032837,0.8487692901066377,0.5104143080257239,0.9993655681610107,0.8839273254076647,0.5125204182806473,0.9988981485366821,59.783526521839256,0
582,0.8418468350455881,0.33194835129238337,0.9996335506439209,0.9050920804341641,0.3480692463261743,0.9990273714065552,0.8487757387615392,0.5104368300664996,0.9993661642074585,0.8839203743707573,0.512580772240957,0.9989020824432373,59.783526521839256,0
583,0.8418622442654208,0.33196621565591744,0.9996339678764343,0.9050834689821523,0.3480689128239952,0.9990326762199402,0.848777890205384,0.510453425702595,0.9993699789047241,0.8839059074719755,0.5126507537705561,0.9989086389541626,59.783526521839256,0
584,0.8418736259142564,0.3319819370905561,0.9996287822723389,0.9050514868327557,0.34806201855341623,0.9990347027778625,0.8487776177270079,0.5104861883890066,0.999359130859375,0.8838921671821964,0.5127389175551282,0.9988977909088135,59.783526521839256,0
585,0.8418756553104954,0.3319961584749679,0.9996253252029419,0.905006266775586,0.3480479461806164,0.9990347027778625,0.8487764824004407,0.5105287120455791,0.9993500709533691,0.8838844100634263,0.5128285430726555,0.9988858699798584,59.783526521839256,0
586,0.8418744575409669,0.3320084143252603,0.9996249675750732,0.9049659995805657,0.34807537850879516,0.9990400075912476,0.84877458924339,0.5105773324058174,0.9993471503257751,0.8838795253208712,0.5129621823628747,0.9988812804222107,59.783526521839256,0
587,0.8418774179049908,0.3320166780835109,0.999626636505127,0.9049433185940704,0.3481329665297556,0.99904865026474,0.8487778447923213,0.510649266697112,0.9993478655815125,0.8838872625714264,0.5131394267082219,0.9988824725151062,59.783526521839256,0
588,0.8418771056901848,0.33202341766584514,0.999627411365509,0.9049426742962435,0.34821256569453674,0.9990578293800354,0.8487783159528467,0.5107301502000723,0.9993521571159363,0.8838893913087398,0.5133351087570195,0.9988911151885986,59.783526521839256,0
589,0.8418753317424237,0.3320277177152182,0.9996281266212463,0.9049480188460585,0.3483067807697118,0.9990627765655518,0.848771132173993,0.5108062199183877,0.9993525147438049,0.8838860108738862,0.513505998111907,0.9988903403282166,59.783526521839256,0
590,0.8418703363055282,0.33202728203364806,0.9996277689933777,0.9049467444419868,0.348384085155669,0.9990658760070801,0.8487608177321304,0.5108666647048228,0.999353289604187,0.883883198102316,0.5136303419158577,0.9988901019096375,59.783526521839256,0
591,0.8418598884627939,0.3320194823401318,0.9996275305747986,0.904937290009999,0.3484255458627431,0.9990682601928711,0.8487470348676053,0.5109027510597597,0.9993573427200317,0.8838771042369667,0.5136911301385793,0.998894214630127,59.783526521839256,0
592,0.8418509875025075,0.33200842567852595,0.9996294975280762,0.9049277561051512,0.3484621033782053,0.9990710616111755,0.8487364507856829,0.5109203798430311,0.9993565678596497,0.8838735449881788,0.5137478993052532,0.9988908767700195,59.783526521839256,0
593,0.841845543611618,0.3319977834111171,0.9996324181556702,0.9049189800307871,0.3484862858340857,0.999078631401062,0.8487307117098861,0.5109414202826368,0.9993547201156616,0.8838739650590086,0.513806453772954,0.9988906383514404,59.783526521839256,0
594,0.8418398754937315,0.33199310160818585,0.9996352195739746,0.9049121623947514,0.34853336782682537,0.9990835189819336,0.848724890322913,0.5109784432819916,0.9993539452552795,0.8838738458497191,0.5139164470490959,0.9988949298858643,59.783526521839256,0
595,0.8418391205015643,0.3319908238592605,0.9996370077133179,0.9049105388777603,0.34861338564327815,0.9990883469581604,0.8487399844896233,0.5110174587794717,0.9993497729301453,0.8838810012454086,0.5140651237396971,0.9988963603973389,59.783526521839256,0
596,0.8418353909537912,0.3319941134679888,0.9996380805969238,0.9049120545387276,0.3487047723361427,0.9990944862365723,0.8487802601995929,0.5110427396638056,0.9993450045585632,0.8838958456402741,0.5142018397649133,0.9989023208618164,59.783526521839256,0
597,0.8418429210072479,0.33199200176057386,0.9996388554573059,0.9049153640156709,0.3487772856439866,0.9990980625152588,0.8488450021970846,0.5110566928273159,0.9993403553962708,0.8839147062528708,0.5143126050631209,0.9989135265350342,59.783526521839256,0
598,0.8418156873612184,0.3320057008947648,0.999640703201294,0.9049205269132349,0.3488119982537772,0.9991012215614319,0.848913334664845,0.5110555007344205,0.9993388652801514,0.8839443297613243,0.5143771228336157,0.9989245533943176,59.783526521839256,0
599,0.8417678730828428,0.3320294334774928,0.9996417760848999,0.9049283890497124,0.34882219064803377,0.9990994930267334,0.8489641376904087,0.5110370062646415,0.9993430376052856,0.8839746912320462,0.5143804351488754,0.9989401698112488,59.783526521839256,0
600,0.8417024470510943,0.3320609657537372,0.9996434450149536,0.9049296322323035,0.3488196432590487,0.9991019368171692,0.8489757861409876,0.5110243360201522,0.9993428587913513,0.883996662639437,0.5143767595291142,0.9989454746246338,59.783526521839256,0
601,0.8416409662791668,0.3320941683791935,0.9996435046195984,0.9049241258984528,0.3488084035260339,0.999099850654602,0.8489953478177396,0.5110187416984926,0.9993441104888916,0.8840212935493112,0.5143844343367081,0.9989495873451233,59.783526521839256,0
602,0.8415934585389644,0.3321210614272529,0.9996465444564819,0.9049070278803515,0.34879942876952064,0.9991065263748169,0.8490467099916374,0.5110240663800925,0.9993432760238647,0.8840431684539438,0.514407629058475,0.9989548325538635,59.783526521839256,0
603,0.8415849606196093,0.3321301752612707,0.9996484518051147,0.9048855616932832,0.3487849561941059,0.9991067051887512,0.8491260182289857,0.5110390555290953,0.9993383884429932,0.8840605048906243,0.5144430512473701,0.9989543557167053,59.783526521839256,0
604,0.8415688900720513,0.3321391358262019,0.9996516108512878,0.9048662072136295,0.34877268757138963,0.9991120100021362,0.8492012109075281,0.5110721134004143,0.9993345737457275,0.8840766236895613,0.5144891455059963,0.9989508390426636,59.783526521839256,0
605,0.8415624754769468,0.332142736230578,0.9996539950370789,0.9048554102579759,0.34876425351415385,0.9991053938865662,0.8492558286303573,0.5111030368577871,0.9993395209312439,0.8840854792367852,0.5145311412357153,0.9989557266235352,59.783526521839256,0
606,0.8415557940800992,0.3321446137768884,0.9996551275253296,0.9048502984501074,0.348756871053151,0.9991000890731812,0.8492696029799333,0.5111570698874341,0.9993448257446289,0.884089322317215,0.5145759213538401,0.9989606142044067,59.783526521839256,0
607,0.8415470690954306,0.3321504805769242,0.9996559619903564,0.9048507156826209,0.34874699796949143,0.9990923404693604,0.8492653909183691,0.5112143527893798,0.9993492960929871,0.8840858198347552,0.5146024113609682,0.9989636540412903,59.783526521839256,0
608,0.8415319692520875,0.3321599293322793,0.9996564984321594,0.904844624655588,0.34870061704090693,0.9990881681442261,0.8492663247244706,0.5112371898832779,0.9993540644645691,0.8840768904913047,0.5145570238431298,0.9989655613899231,59.783526521839256,0
609,0.8415090384937475,0.3321692290760224,0.9996530413627625,0.9048330556778688,0.3486073116461439,0.9990770816802979,0.8492664921851392,0.5112033230917798,0.9993532299995422,0.8840645523298362,0.5144266911915374,0.9989606738090515,59.783526521839256,0
610,0.8414693134171629,0.33218157575244023,0.9996506571769714,0.9048181658699407,0.3484701443286172,0.9990642666816711,0.8492628534634914,0.511135646275112,0.9993572235107422,0.884053914319902,0.5142617140497485,0.9989649653434753,59.783526521839256,0
611,0.8414236392293665,0.3321958950587684,0.9996522068977356,0.9048033016068602,0.34832959799539503,0.9990686774253845,0.8492604550861184,0.511029144128164,0.9993592500686646,0.8840483341898244,0.5140925134931296,0.99896639585495,59.783526521839256,0
612,0.8413833550044474,0.3322088604881653,0.9996559619903564,0.9047954337937498,0.34823288236345595,0.9990807771682739,0.8492554738408049,0.5109546468371441,0.999365508556366,0.884052753448487,0.5139921761694413,0.9989737868309021,59.783526521839256,0
613,0.8413519007819047,0.33221949849809945,0.9996610879898071,0.9047933220863349,0.3481928379762743,0.9990910291671753,0.8492418130238858,0.5109225341251922,0.9993729591369629,0.8840531763576333,0.5139685159637819,0.9989811182022095,59.783526521839256,0
614,0.8413373913083764,0.3322313967205232,0.999663770198822,0.9047919455028723,0.348182878323964,0.9991028308868408,0.8492263782592053,0.510920399711246,0.999374270439148,0.8840571585155675,0.5139647324879968,0.9989797472953796,59.783526521839256,0
615,0.8413310079347527,0.3322399357954664,0.9996674060821533,0.904795447985332,0.3482155359926681,0.9991140365600586,0.8492151385261906,0.5109237716311504,0.9993795156478882,0.8840661162421823,0.5139662055742178,0.9989837408065796,59.783526521839256,0
616,0.8413217947596603,0.3322492539882662,0.9996689558029175,0.904798490660532,0.3482567838260109,0.9991219639778137,0.8492016934213191,0.5108944631758194,0.9993802905082703,0.8840753861836033,0.5139587918917342,0.9989804625511169,59.783526521839256,0
617,0.8413042993772605,0.3322577547459378,0.9996718764305115,0.9048046753520064,0.3483101441746669,0.9991278052330017,0.8491864970752178,0.5108311800729665,0.9993893504142761,0.8840834867386598,0.5139330114637106,0.9989879131317139,59.783526521839256,0
618,0.8412777043524249,0.33226312767891686,0.9996724128723145,0.9048142887297139,0.3483684616429468,0.9991325736045837,0.8491649457386569,0.5107440891720003,0.9993925094604492,0.884089268389203,0.5139044948986602,0.9989923238754272,59.783526521839256,0
619,0.8412473712648671,0.33226442337036155,0.999675989151001,0.9048249352545973,0.3484140691303074,0.9991400241851807,0.8491364603950871,0.5106596066838223,0.9994013905525208,0.8840903952008209,0.5138869910013112,0.9990036487579346,59.783526521839256,0
620,0.841221315520151,0.332264446076893,0.9996799230575562,0.904832323392233,0.34843903496151907,0.9991500377655029,0.8491077224413561,0.5105881946427485,0.9994059801101685,0.8840886893726537,0.5138747663724994,0.9990078210830688,59.783526521839256,0
621,0.8412017282985512,0.3322692258017407,0.9996803402900696,0.9048392971356717,0.3484599036829815,0.9991514682769775,0.8490886603082937,0.5105365883736388,0.9994075298309326,0.8840888908931195,0.5138710396630427,0.999006986618042,59.783526521839256,0
622,0.8411786811692381,0.33228037470863003,0.9996808767318726,0.9048404750369852,0.34846681782177547,0.9991534948348999,0.8490670181456073,0.5104816612743199,0.9994080066680908,0.8840878918057403,0.5138586390586131,0.9990069270133972,59.783526521839256,0
623,0.8411548648561757,0.3322996894518537,0.9996808171272278,0.9048396632784896,0.34846993287404404,0.9991563558578491,0.8490400825228017,0.510450348967598,0.9994049072265625,0.8840719291142062,0.5138606145268398,0.9990010261535645,59.783526521839256,0
624,0.8411288062731432,0.33232446227754897,0.999684751033783,0.9048450078283046,0.34848012384914245,0.9991672039031982,0.8490095081783483,0.510436302139646,0.9994102716445923,0.8840462451889408,0.5138756462505889,0.9990053772926331,59.783526521839256,0
625,0.8411043541772032,0.3323502796036859,0.9996868968009949,0.9048546751340237,0.34849142034848557,0.9991766214370728,0.8489839150792082,0.5104495939754309,0.999407947063446,0.8840198545228874,0.5139065356481647,0.9989989399909973,59.783526521839256,0
626,0.8410835180963796,0.33236909480322,0.9996924996376038,0.904865917705355,0.3485080103079481,0.9991925954818726,0.8489653695197339,0.5105021681104391,0.9994145631790161,0.8839953797204162,0.5139633048148387,0.9990039467811584,59.783526521839256,0
627,0.8410650321415499,0.3323826420874825,0.9996957778930664,0.9048747789292115,0.34852493660790607,0.9992049932479858,0.8489535990215491,0.5105702962194174,0.9994180202484131,0.8839810433841894,0.5140271385510766,0.9990054368972778,59.783526521839256,0
628,0.8410392573901592,0.33239144228753614,0.9996970295906067,0.9048770126842324,0.3485357250486104,0.9992174506187439,0.8489329900060387,0.5106328016235718,0.9994223713874817,0.8839740242276879,0.5140811857723058,0.9990108013153076,59.783526521839256,0
629,0.8410178933824819,0.33239782566115994,0.9996980428695679,0.9048744269779757,0.3485437972205029,0.9992274641990662,0.8489065085138601,0.5106892954735534,0.9994204044342041,0.8839639936174672,0.514130830764771,0.9990081191062927,59.783526521839256,0
630,0.8410024614561179,0.33240388404755394,0.9996993541717529,0.9048716312363042,0.34855101931662813,0.9992369413375854,0.8488828993978961,0.5106854949678697,0.9994183778762817,0.8839535542896824,0.5141454111962096,0.9990049004554749,59.783526521839256,0
631,0.8409921328226733,0.33241123812539264,0.9997019171714783,0.9048631815683281,0.3485519971166341,0.9992465376853943,0.8488644815626605,0.5105931957562768,0.9994176030158997,0.8839412558646437,0.5141062594595414,0.998999297618866,59.783526521839256,0
632,0.840985732419151,0.33241507836750606,0.9997024536132812,0.9048577490307044,0.34855814916746986,0.9992526173591614,0.8488473977361414,0.5104466449646727,0.9994144439697266,0.8839296414738617,0.5140240419478648,0.9989941120147705,59.783526521839256,0
633,0.8409811059633898,0.3324136336644493,0.9997017979621887,0.9048561737650924,0.34856771429379807,0.9992560744285583,0.8488285059020639,0.5102816820144658,0.9994088411331177,0.8839189665658141,0.5139126124836154,0.9989821314811707,59.783526521839256,0
634,0.8409765958786017,0.3324113502388911,0.9997010827064514,0.9048575276420238,0.34858077480679495,0.9992597103118896,0.848787705103557,0.5100583945001879,0.9994035363197327,0.8838946961221249,0.5137498520669488,0.9989705085754395,59.783526521839256,0
635,0.8409747339430316,0.3323988261676973,0.9996997714042664,0.9048710635730206,0.34859341666812016,0.9992682933807373,0.8487382020269127,0.5098435140791397,0.9993974566459656,0.8838599012011581,0.5135852325530283,0.9989606738090515,59.783526521839256,0
636,0.8409753385044286,0.332380777313596,0.9997007846832275,0.9048872022401726,0.3485779506819592,0.9992777705192566,0.8486841831888479,0.5096342166264856,0.9993932843208313,0.8838192621866869,0.5134392749695555,0.9989522695541382,59.783526521839256,0
637,0.840976053760166,0.3323626560824261,0.9997015595436096,0.904902446837653,0.34854657735143413,0.9992913603782654,0.8486295739809679,0.5094396017846611,0.999389111995697,0.8837811350822455,0.5133253761700226,0.998944103717804,59.783526521839256,0
638,0.8409770500092286,0.3323275361742295,0.9996994137763977,0.9049195278258558,0.34849433671860497,0.9992995858192444,0.8485691206795836,0.5092649743670513,0.9993865489959717,0.8837553404626399,0.5132220869972597,0.99893718957901,59.783526521839256,0
639,0.8409757387070436,0.3322825573739554,0.9996940493583679,0.9049324279739751,0.3484345773855848,0.9993003606796265,0.8485192032087423,0.5091661101295839,0.9993820190429688,0.883745798042843,0.5131530676569261,0.9989282488822937,59.783526521839256,0
640,0.8409641754059571,0.33224301253046334,0.9996860027313232,0.904937664667766,0.34840602250326275,0.9992977976799011,0.8484767959231428,0.5090830695061461,0.9993720650672913,0.8837425197873803,0.5130806082770942,0.9989129900932312,59.783526521839256,0
641,0.8409447726749246,0.332209829773222,0.9996808171272278,0.9049372758184169,0.3484117104893642,0.9992979168891907,0.848452079863776,0.5090413263865884,0.9993709921836853,0.883739834740049,0.5130284371830172,0.9989070296287537,59.783526521839256,0
642,0.8409229460216712,0.33219347681318034,0.9996735453605652,0.9049446838242675,0.3484281684671132,0.9992932677268982,0.8484423699833105,0.5090324424562005,0.9993736743927002,0.8837431924683714,0.5130014277639847,0.9989080429077148,59.783526521839256,0
643,0.8409076191130145,0.33219504214468487,0.9996680021286011,0.9049623750505001,0.34845981427601436,0.9992913007736206,0.8484439991769344,0.5090453426043197,0.9993730187416077,0.8837527036666877,0.5129997900554116,0.9989044070243835,59.783526521839256,0
644,0.8408968164807281,0.3321944063618072,0.9996621012687683,0.9049906134605415,0.3484756506624679,0.999291718006134,0.8484319051106778,0.5090447210130241,0.9993712902069092,0.8837600861276906,0.5129939431235908,0.9988971948623657,59.783526521839256,0
645,0.8408859003157849,0.33218781295276856,0.9996548891067505,0.9050198310897472,0.34847407113938134,0.99928879737854,0.8484116593996691,0.5090478885741465,0.9993661046028137,0.8837709256580906,0.5129906251316982,0.9988881945610046,59.783526521839256,0
646,0.8408760882559283,0.33217834149088205,0.9996447563171387,0.9050353538422364,0.3484677615619844,0.9992763996124268,0.8483886207853052,0.509048232010433,0.9993610382080078,0.8837820036070695,0.5129939346086415,0.9988790154457092,59.783526521839256,0
647,0.8408582522755585,0.332170238097509,0.9996421337127686,0.9050526477041706,0.3484763673373634,0.9992755651473999,0.8483673362504875,0.5090623015449165,0.9993664026260376,0.883788202490126,0.5130074563480562,0.9988847970962524,59.783526521839256,0
648,0.8408298009917856,0.3321606914202375,0.9996412992477417,0.905098702226367,0.3484905504045035,0.9992838501930237,0.8483490319479087,0.5090709612483074,0.9993682503700256,0.883791469392323,0.5130188635417396,0.9988861680030823,59.783526521839256,0
649,0.8408044576644904,0.3321539291313719,0.9996431469917297,0.9051606144223902,0.3485156836963838,0.9992883801460266,0.8483403353464043,0.509114109334492,0.9993768930435181,0.8838061009134571,0.513043962773823,0.9988948702812195,59.783526521839256,0
650,0.8407733156567535,0.33213864053998704,0.9996423721313477,0.9052237442561566,0.3485439618428551,0.9992876648902893,0.848331706864494,0.5091670183908376,0.9993833899497986,0.8838470351128358,0.5130660051391243,0.9989023208618164,59.783526521839256,0
651,0.8407208011263899,0.33211617242722313,0.999642550945282,0.9052677438372665,0.34856217390015043,0.9992868900299072,0.8483228882153835,0.5092185820852011,0.9993927478790283,0.883918381872632,0.5130685738154824,0.9989127516746521,59.783526521839256,0
652,0.8406595701263071,0.3320982938721069,0.9996415972709656,0.905275966439929,0.3485589211895355,0.9992831945419312,0.8483156930832643,0.5092594226201379,0.9994034171104431,0.8839981868153534,0.5130636919112437,0.998927652835846,59.783526521839256,0
653,0.8405979218937109,0.33208221906707425,0.9996443390846252,0.9052721744491947,0.34856819538843087,0.9992841482162476,0.8483096815290911,0.5092612334660125,0.999417245388031,0.884055728004093,0.5130426259267902,0.9989460110664368,59.783526521839256,0
654,0.8405483052844099,0.3320360254673733,0.9996447563171387,0.9052736532120484,0.34858061869939194,0.9992839694023132,0.8483034968376166,0.5092117105211534,0.9994142651557922,0.8840981494812745,0.5129957880292624,0.9989416003227234,59.783526521839256,0
655,0.8405246990067625,0.33196487738972646,0.9996448755264282,0.9052859119006573,0.3486030002435051,0.999282717704773,0.8483040503093182,0.5091722919827419,0.9994084239006042,0.8841414479982292,0.5129698004041403,0.9989354014396667,59.783526521839256,0
656,0.8405200242996222,0.3318739320550649,0.9996494650840759,0.9053142439751405,0.34862691447848393,0.9992846250534058,0.848302086194357,0.5091441131773453,0.9994096159934998,0.8841797993296676,0.5129717049144566,0.9989380836486816,59.783526521839256,0
657,0.8405138651529955,0.33178457901591374,0.9996528029441833,0.9053524760972893,0.3486291950657257,0.9992963671684265,0.8482963102204466,0.5091193999562948,0.9994057416915894,0.884227443309058,0.5129828623362954,0.9989336729049683,59.783526521839256,0
658,0.840504549798512,0.33172354953629657,0.999656081199646,0.9053872000603456,0.3486224625791825,0.9993032813072205,0.8482914084479929,0.5091137204851428,0.9994059205055237,0.8842712186631709,0.5130120714505517,0.9989354610443115,59.783526521839256,0
659,0.8404981181735091,0.3316384014629185,0.9996622800827026,0.9054565117472702,0.34867899758475196,0.999312698841095,0.8482862370354796,0.5090779718898596,0.9994089603424072,0.8842930197715767,0.5130297626767844,0.9989448189735413,59.783526521839256,0
660,0.8404958248138434,0.33151013368652005,0.999673068523407,0.9055448798906243,0.34875374890509137,0.9993247985839844,0.8482901851336168,0.5090788687978476,0.9994162917137146,0.884291277045296,0.5131342496190756,0.998952329158783,59.783526521839256,0
661,0.8404940991174614,0.33135257022721454,0.9996788501739502,0.905645620255244,0.34898480063393034,0.9993380904197693,0.8482991911116107,0.5091302792231246,0.9994131922721863,0.8842485518682577,0.5133698440733414,0.9989466667175293,59.783526521839256,0
662,0.8404974909055808,0.3312046442713059,0.9996810555458069,0.9057379279817861,0.3492877440793176,0.9993495345115662,0.848313816956112,0.5092836362974988,0.9994094371795654,0.8841633768308738,0.5137568456786024,0.9989370703697205,59.783526521839256,0
663,0.8405095565886731,0.33110290765762357,0.9996786117553711,0.9057940812337975,0.3495482007662458,0.9993486404418945,0.8483317210560759,0.5095116694768274,0.9994046092033386,0.8840816333180389,0.5141859395163404,0.9989340901374817,59.783526521839256,0
664,0.8405137005306433,0.33106588040079415,0.9996817708015442,0.9058083409354807,0.34973333988870925,0.9993641972541809,0.8483474368140818,0.5097591025488721,0.999403715133667,0.8840164996328815,0.5145672928719297,0.9989368319511414,59.783526521839256,0
665,0.8405073994681955,0.3310478996662869,0.9996768832206726,0.9057810703913378,0.3498006491434009,0.9993534088134766,0.8483579556147264,0.5099384217035207,0.9993985295295715,0.8840492992174065,0.5147854316802256,0.9989439249038696,59.783526521839256,0
666,0.8404795782906676,0.3310406562827885,0.999666690826416,0.9057424522581561,0.34966819343112787,0.9993337392807007,0.8483667941320516,0.510041991869609,0.9993817210197449,0.8841690676552916,0.514889830634708,0.9989368915557861,59.783526521839256,0
667,0.840412494682131,0.3310398800032482,0.9996650815010071,0.9055871594519849,0.34952543463025804,0.9993171095848083,0.8483484813145236,0.510043357099806,0.9993847012519836,0.8843320551372716,0.5149076041721167,0.998951256275177,59.783526521839256,0
668,0.8403161111332128,0.33110384146372507,0.9996681213378906,0.9053454313959401,0.3492487569650017,0.9993123412132263,0.8483756212961113,0.5101234912872319,0.9993885159492493,0.8846016412689579,0.5149305491220387,0.9989606142044067,59.783526521839256,0
669,0.8402331414676855,0.3312284165904638,0.99967360496521,0.9051117897033699,0.34895017459279043,0.9993109703063965,0.8484963434083128,0.5102768653915046,0.9994070529937744,0.8849007884661364,0.5149599086670653,0.9989887475967407,59.783526521839256,0
670,0.8401469701812387,0.3313950541473573,0.9996801018714905,0.9049288488569722,0.348664014112382,0.9992945790290833,0.8486942875952954,0.510417929717473,0.9994203448295593,0.8851572644142884,0.5149561876342414,0.9990041255950928,59.783526521839256,0
671,0.8400553550039026,0.3315453642890569,0.9996861219406128,0.9048157022112899,0.34844139785993694,0.9992833137512207,0.8488203372274132,0.5105075240135197,0.9994404911994934,0.8853387917791101,0.5149212564740866,0.9990328550338745,59.783526521839256,0
672,0.8399560877255038,0.331651724520184,0.9996901154518127,0.9048199511709675,0.34830505933080425,0.9992473721504211,0.8487846226919271,0.510511403992063,0.9994651675224304,0.885397082283384,0.5148643510682247,0.9990656971931458,59.783526521839256,0
673,0.839832782745362,0.3317147748810907,0.9996775388717651,0.9048039487430035,0.34824845762479906,0.9992138147354126,0.8485884666442878,0.5104338015828818,0.9994738698005676,0.8853414115451638,0.5148014766829359,0.9990757703781128,59.783526521839256,0
674,0.8397053026017696,0.33176907187416466,0.9996724724769592,0.904798002470108,0.3481788181123282,0.9991805553436279,0.8483548022451861,0.5104058470044821,0.9994803071022034,0.8852943210374749,0.514775463512966,0.999076247215271,59.783526521839256,0
675,0.8396079398336871,0.3318099805286955,0.9996663331985474,0.9048333820842568,0.34814419490950477,0.9991474747657776,0.8482195110548116,0.5104185825302492,0.9994895458221436,0.8852618734041856,0.5147838195165003,0.9990838170051575,59.783526521839256,0
676,0.8395170966784167,0.3318380174182713,0.9996542930603027,0.9048971675691158,0.3480821691808249,0.9991139769554138,0.8482159262611759,0.5104235410690312,0.999491274356842,0.8852584901310155,0.5147752903756646,0.9990794062614441,59.783526521839256,0
677,0.8394274030412954,0.33184750165258164,0.9996557831764221,0.904983472256434,0.34801260630289743,0.9991335272789001,0.8482441987310143,0.5104972634996692,0.9995054006576538,0.8852779098919467,0.5147865982282733,0.9991059899330139,59.783526521839256,0
678,0.839347212087541,0.33185848167964416,0.9996634721755981,0.9050644040107734,0.34796384118852186,0.999162495136261,0.8482643479392649,0.5106137139456617,0.9995243549346924,0.8852979654357555,0.5147994274184822,0.9991409182548523,59.783526521839256,0
679,0.8392811701411299,0.3318952662604199,0.9996616244316101,0.9051161862555013,0.34792160562106567,0.9991328716278076,0.8482569881847934,0.5107531689462211,0.9995322227478027,0.8853087340082448,0.5148028731346135,0.9991376399993896,59.783526521839256,0
680,0.83923492829005,0.3319741232054577,0.9996564984321594,0.9051474417958949,0.34792272533689256,0.9991084337234497,0.8482120604742148,0.5108819603919987,0.9995384216308594,0.8853034178415942,0.5148028419131329,0.9991366863250732,59.783526521839256,0
681,0.8392017710776563,0.3320909667582742,0.9996502995491028,0.9051539216722768,0.3479420613674893,0.9990630149841309,0.8481456779298335,0.5110081434249882,0.9995431303977966,0.8852896945817138,0.5147932881400703,0.9991336464881897,59.783526521839256,0
682,0.8391725534484507,0.33221380625452346,0.9996464252471924,0.9051350610596801,0.3479486150400982,0.9990146160125732,0.8480528593063361,0.5110898897761394,0.9995526075363159,0.8852506790842336,0.5147340411231636,0.9991366863250732,59.783526521839256,0
683,0.839149406978063,0.332315646466755,0.9996435642242432,0.9050660246894481,0.3478805195717587,0.9989714622497559,0.8479571597916746,0.5111672821499057,0.9995588660240173,0.8852062367257625,0.5146160068966098,0.9991337656974792,59.783526521839256,0
684,0.8391345200084512,0.3323692608447305,0.9996453523635864,0.904957070237115,0.34774930278460214,0.9989475607872009,0.8478886201268158,0.511201796077547,0.9995670914649963,0.8851595833188017,0.5144131212007437,0.9991390705108643,59.783526521839256,0
685,0.8391321471759258,0.33239284299668836,0.9996449947357178,0.9048369924227404,0.3475861095246817,0.9989268183708191,0.8478231770651687,0.5112130017507648,0.9995755553245544,0.8850828352428626,0.5141964043889731,0.9991437792778015,59.783526521839256,0
686,0.8391286305018841,0.3324073567276912,0.9996472001075745,0.9047437026387176,0.34745496227627737,0.9989055395126343,0.8477355553990326,0.5112236170541677,0.9995855093002319,0.8849890345618845,0.5140337376367483,0.9991514086723328,59.783526521839256,0
687,0.839123311496917,0.3324267112073447,0.9996437430381775,0.9046897036688675,0.34738123700732304,0.9988604187965393,0.8476116345042282,0.5112602625574388,0.9995908141136169,0.8848796855835694,0.5139604693367372,0.9991528987884521,59.783526521839256,0
688,0.8391129629952574,0.3324558351721085,0.9996398091316223,0.9046623763583963,0.3473568331627621,0.9988349676132202,0.8474720631326955,0.5113170005026322,0.9995951056480408,0.8847561279932665,0.5139484632582896,0.9991542100906372,59.783526521839256,0
689,0.839101277646565,0.33248170074962463,0.9996398091316223,0.9046283761660265,0.3473228258746014,0.9988290071487427,0.8473277262278972,0.5114004952566968,0.9995999932289124,0.8845817248026537,0.5139656662940983,0.9991571307182312,59.783526521839256,0
690,0.8390926292964398,0.3325018868559885,0.9996320009231567,0.9045957383655374,0.34724879122915747,0.9988027215003967,0.847215496358418,0.5115022403853284,0.9995977878570557,0.8843710564431697,0.5139669208299551,0.9991468191146851,59.783526521839256,0
691,0.8390922432854069,0.332516370784669,0.9996254444122314,0.9045686381203796,0.3471359128043768,0.9987932443618774,0.8471149149395178,0.5116018879981272,0.999592125415802,0.8841000227701103,0.5139696881884624,0.9991358518600464,59.783526521839256,0
692,0.8390911107971561,0.33251853216262117,0.9996153712272644,0.9045527180035917,0.34701837102572153,0.9987688064575195,0.8469855132557104,0.5116864471208487,0.9995883107185364,0.8837969445046931,0.513979432128725,0.999128520488739,59.783526521839256,0
693,0.8390903813498367,0.3325140859399526,0.9996045827865601,0.9045550738062185,0.3469287667955674,0.9987533688545227,0.8468473837489181,0.5117106125468303,0.9995791912078857,0.88352785507838,0.5139578694388984,0.9991161823272705,59.783526521839256,0
694,0.8390700646809176,0.3325120338371824,0.9995915293693542,0.9045677298591258,0.34687852433749633,0.9987453818321228,0.8467200256529315,0.5116897707893739,0.9995737075805664,0.8833343500182749,0.5139175256093347,0.9991164803504944,59.783526521839256,0
695,0.8390400750296463,0.3325124737762272,0.9995797872543335,0.904582029297239,0.34685903078033836,0.9987242817878723,0.8466232050032849,0.5116548566591176,0.9995667934417725,0.8831979831059781,0.5138496217273534,0.9991082549095154,59.783526521839256,0
696,0.839011606715975,0.33251524255389286,0.9995706677436829,0.9046020905176806,0.3468614135469712,0.9987115263938904,0.846578478813172,0.5116332116581149,0.9995618462562561,0.8831158223606299,0.5137620170911157,0.999103307723999,59.783526521839256,0
697,0.8389970404761184,0.3325163622697197,0.9995662569999695,0.9046204686164864,0.346866934072404,0.9986929297447205,0.8465656552995962,0.5116215348243718,0.9995609521865845,0.88301493156524,0.5136795781907586,0.9991012811660767,59.783526521839256,0
698,0.8389962258793066,0.3325156427565078,0.9995539784431458,0.9046317055111847,0.3468754319917591,0.9986686110496521,0.846552953833626,0.5116315313747954,0.9995561242103577,0.8828822544642865,0.5136204532214578,0.9990970492362976,59.783526521839256,0
699,0.8390062309446795,0.33251769060180325,0.9995468258857727,0.9046407824470891,0.34688459549631423,0.9986510276794434,0.8465619796798349,0.5116136953944256,0.9995532035827637,0.8827597981407537,0.5135496741249452,0.9990952014923096,59.783526521839256,0
700,0.8390067929313303,0.3325232026122868,0.9995416402816772,0.9046393178758174,0.346883548157556,0.99862140417099,0.8465677811985931,0.511574662867047,0.9995527863502502,0.8826523423194892,0.5134853919347131,0.9990960359573364,59.783526521839256,0
701,0.8390015165011095,0.3325366377830508,0.999543309211731,0.9046359771773936,0.3468812022890366,0.9986152052879333,0.8465914414042526,0.5115161907105222,0.9995589256286621,0.8825813702174603,0.5134205818176274,0.9991074800491333,59.783526521839256,0
702,0.8389913354601186,0.3325631859756654,0.9995439648628235,0.904632923148928,0.3468818849041351,0.9985992312431335,0.8466207526978999,0.5114587346712752,0.9995636343955994,0.8825439186323265,0.5133695772715982,0.9991175532341003,59.783526521839256,0
703,0.8389813247181127,0.33259477359907996,0.9995423555374146,0.9046280185381579,0.3468834828762784,0.9985785484313965,0.8466479409308667,0.5113987071173536,0.9995667934417725,0.8824949718657001,0.5133321370397299,0.9991263151168823,59.783526521839256,0
704,0.8389723953746621,0.3326236733368468,0.9995418787002563,0.9046220779418953,0.346882441214153,0.9985643625259399,0.8466617096038098,0.511350742408208,0.9995668530464172,0.8824408338183455,0.5133140115510854,0.9991300702095032,59.783526521839256,0
705,0.8389673147882741,0.33264921676544945,0.9995437860488892,0.9046194524992087,0.34688157978512024,0.9985666275024414,0.8466704714865918,0.5113034787632174,0.9995697736740112,0.882388509455182,0.5133013583364945,0.9991393685340881,59.783526521839256,0
706,0.8389624130158204,0.3326749148822969,0.9995430707931519,0.9046178971018117,0.3468832260086425,0.9985650777816772,0.8466652092479532,0.5112364150228959,0.999569833278656,0.8823395853950871,0.5132789640199575,0.9991427659988403,59.783526521839256,0
707,0.8389613429705309,0.33269900793121,0.9995470643043518,0.904623922847567,0.346893621342523,0.9985683560371399,0.8466612185750696,0.5111644353185385,0.9995760917663574,0.8823079239754458,0.5132534702618922,0.9991554617881775,59.783526521839256,0
708,0.8389621008010144,0.33272372115226045,0.9995500445365906,0.9046261083512087,0.346883392050153,0.9985695481300354,0.8466567226818636,0.5111105498813452,0.9995786547660828,0.8822889044171295,0.5132358187720893,0.9991638660430908,59.783526521839256,0
709,0.8389636561984114,0.3327442762397587,0.9995526671409607,0.9046252426647012,0.346859000978016,0.998565673828125,0.8466548607462935,0.5110708815710889,0.9995818734169006,0.8822773212478281,0.5132181048393254,0.9991723895072937,59.783526521839256,0
710,0.8389644026756293,0.33274724653789,0.9995533227920532,0.9046162366867072,0.3468100513730733,0.998558759689331,0.8466494225320369,0.5110504854293101,0.9995838403701782,0.8822632886114582,0.5132095586685912,0.9991795420646667,59.783526521839256,0
711,0.8389675560451695,0.3327353625070484,0.9995527267456055,0.9046065211296088,0.34676110034897245,0.998542308807373,0.8466442397662579,0.5110515043849041,0.999585747718811,0.8822476381347301,0.5132086390540718,0.999186098575592,59.783526521839256,0
712,0.8389667159035099,0.3327216392471679,0.9995540976524353,0.9045957497188031,0.34672105170431616,0.9985442161560059,0.8466375867525744,0.5110440623192565,0.9995908737182617,0.8822297624179303,0.5132064223289494,0.9991996884346008,59.783526521839256,0
713,0.8389520418076295,0.3327069268340159,0.9995585680007935,0.9045909387724748,0.34670676645778503,0.9985360503196716,0.8466317738805506,0.5110350563412625,0.9996004104614258,0.882217066628593,0.5132051280566629,0.9992169141769409,59.783526521839256,0
714,0.8389253815015164,0.33269571690332345,0.9995577335357666,0.9045816659927375,0.3466899749778569,0.9984976053237915,0.8466307918230699,0.5110297657194596,0.9996047019958496,0.8822107173147662,0.5132103675887703,0.9992225170135498,59.783526521839256,0
715,0.8388918467930392,0.33269358248937725,0.9995577931404114,0.90457494485946,0.34668153950146297,0.9984603524208069,0.8466294038863416,0.5110029975573226,0.9996081590652466,0.8822085488410231,0.5132016709872659,0.9992261528968811,59.783526521839256,0
716,0.838860125768753,0.3326892781825296,0.9995596408843994,0.904567656062899,0.3466686847664064,0.9984516501426697,0.8466228189922521,0.5109659717196514,0.9996122717857361,0.8822052649089276,0.5131807809784303,0.9992343187332153,59.783526521839256,0
717,0.8388350946562637,0.33268526906058926,0.9995600581169128,0.9045596264657527,0.346663825568699,0.9984455704689026,0.8466141252290642,0.5109238738105415,0.9996145367622375,0.8822019100189217,0.5131524063292008,0.9992383718490601,59.783526521839256,0
718,0.8388049290293745,0.33268090372993864,0.9995611906051636,0.9045455966676992,0.3466586655094513,0.9984500408172607,0.8465980092684435,0.5108896692593896,0.999617338180542,0.8822000168618709,0.5131252237728667,0.9992450475692749,59.783526521839256,0
719,0.8387621924990707,0.3326774409839088,0.9995596408843994,0.9045295204435084,0.34665674964586923,0.9984399676322937,0.8465732932090766,0.5108691397167392,0.9996170997619629,0.8821963554336919,0.5131072941280551,0.9992458820343018,59.783526521839256,0
720,0.8387119230769937,0.33267423936298945,0.9995564222335815,0.9045121187255504,0.3466431810742336,0.9984263181686401,0.84654359306608,0.5108680015518556,0.9996153712272644,0.8821917460078292,0.5131055939765208,0.9992450475692749,59.783526521839256,0
721,0.838663680212839,0.33267514904340134,0.9995526075363159,0.9044938910575148,0.3466242253780367,0.9984092116355896,0.8465128455843252,0.5108648879187452,0.9996153116226196,0.8821876332873397,0.5131018502371656,0.9992433190345764,59.783526521839256,0
722,0.8386251443908335,0.3326767711412342,0.9995514154434204,0.9044874055044999,0.3466035723686221,0.9983967542648315,0.8464894209589284,0.5108672408830556,0.9996179938316345,0.8821828507241756,0.5130992702075418,0.9992451667785645,59.783526521839256,0
723,0.8385985607192636,0.33267769075575354,0.9995510578155518,0.9044642618724286,0.34658727617490886,0.9983919858932495,0.8464784934407196,0.5108672550746377,0.9996199607849121,0.8821759734834951,0.5130953249477208,0.9992462396621704,59.783526521839256,0
724,0.8385786896660221,0.33267611265182523,0.9995492100715637,0.9044214572225306,0.34657733639081345,0.9983825087547302,0.8464735774766838,0.5108632899466019,0.9996200799942017,0.8821649579774773,0.5130924809546702,0.9992445707321167,59.783526521839256,0
725,0.8385676940282193,0.3326742549737297,0.9995511770248413,0.9043656048320595,0.3465742568175001,0.9983866214752197,0.8464734752972927,0.5108607837132049,0.9996224641799927,0.8821489101364506,0.5130941215015596,0.9992471933364868,59.783526521839256,0
726,0.8385622983887089,0.33266568325814777,0.9995495676994324,0.9043161358152125,0.34657097004708814,0.9983766078948975,0.8464661808240989,0.5108475912184947,0.9996218681335449,0.8821216793287375,0.5130976665587657,0.9992436766624451,59.783526521839256,0
727,0.8385599851608283,0.3326574152424224,0.9995462894439697,0.9042757692791175,0.34656995251065237,0.9983580112457275,0.8464569023677289,0.5108326162610739,0.9996192455291748,0.8820932535898125,0.5131004282406402,0.9992372393608093,59.783526521839256,0
728,0.8385534116200044,0.332648099887939,0.9995426535606384,0.9042598917370759,0.346568347442718,0.9983435273170471,0.846450431006296,0.5108113714626861,0.9996160864830017,0.8820700361615142,0.5130919643810821,0.999229907989502,59.783526521839256,0
729,0.8385421037673957,0.3326401838234495,0.9995390176773071,0.9042484533219118,0.346566723925727,0.9983187317848206,0.8464353283246365,0.5107852646282744,0.9996178150177002,0.8820498727616817,0.5130759051867898,0.9992298483848572,59.783526521839256,0
730,0.8385197917620348,0.332632538818178,0.9995357394218445,0.9042374434925268,0.3465630497251241,0.9983016848564148,0.8464173106920159,0.5107610992022927,0.99961918592453,0.8820450135639741,0.5130476951599126,0.9992288947105408,59.783526521839256,0
731,0.8384915334837784,0.33262959832236905,0.9995333552360535,0.9042251620973867,0.3465577463308973,0.9982908964157104,0.8464030935650787,0.5107458091917496,0.9996194243431091,0.882052850155604,0.5130167518343249,0.9992266893386841,59.783526521839256,0
732,0.8384656991277428,0.33262600217546767,0.9995341300964355,0.9042186765443718,0.34655963381131516,0.9982840418815613,0.8463904602187027,0.5107332269350692,0.9996198415756226,0.8820602184250248,0.5129920840263371,0.9992239475250244,59.783526521839256,0
733,0.8384453427223939,0.33262606603758704,0.999534010887146,0.9042140784717749,0.34657281637191795,0.998284101486206,0.8463791069530313,0.5107258075759529,0.999620258808136,0.8820663548651202,0.5129719688778835,0.9992251992225647,59.783526521839256,0
734,0.8384314292953134,0.3326240196114497,0.9995336532592773,0.9042062220119302,0.3465966113976072,0.9982739686965942,0.846376197678703,0.5107184052467351,0.9996211528778076,0.8820683388482963,0.5129577943256927,0.9992258548736572,59.783526521839256,0
735,0.8384263714154568,0.3326217617307393,0.9995304942131042,0.904198436509996,0.34662285447120694,0.9982616901397705,0.8463718351863686,0.5106947393644428,0.9996206164360046,0.8820560120400935,0.5129423453694302,0.9992251396179199,59.783526521839256,0
736,0.83842116310483,0.3326161177385424,0.9995287656784058,0.9041884257679902,0.34663943591572016,0.9982673525810242,0.8463716081210552,0.510651665074485,0.9996213316917419,0.8820429557845714,0.512901677971795,0.9992300868034363,59.783526521839256,0
737,0.8384172206833256,0.33260801434516934,0.9995254278182983,0.9041799363635843,0.34664408365885446,0.9982514977455139,0.8463796575864162,0.5106032121749156,0.9996190667152405,0.8820262210709715,0.5128569801648462,0.9992257952690125,59.783526521839256,0
738,0.8384173824673614,0.33259337572824416,0.9995227456092834,0.9041743108204441,0.34664468963940964,0.9982389807701111,0.846392146178655,0.5105574272927788,0.9996159076690674,0.8820049138296225,0.5127976252919155,0.9992204904556274,59.783526521839256,0
739,0.8384197354316718,0.3325789982364294,0.9995222091674805,0.9041731953620917,0.3466453381947111,0.9982354044914246,0.8464060652823682,0.5105245709419255,0.9996158480644226,0.8819842111496705,0.5127410775139223,0.9992212057113647,59.783526521839256,0
740,0.8384220486595524,0.33256449585869224,0.9995198249816895,0.9041708792958949,0.34665409014338566,0.9982265830039978,0.8464303981690187,0.5105128997848152,0.9996148943901062,0.8819684670085006,0.5127016788437257,0.9992204904556274,59.783526521839256,0
741,0.8384261926015225,0.3325555523236595,0.9995167851448059,0.9041676719983427,0.3466689160891944,0.9982098340988159,0.8464663738296152,0.5105060282207674,0.9996153712272644,0.8819570541381843,0.512676026139941,0.9992215633392334,59.783526521839256,0
742,0.8384255057289494,0.3325530162879402,0.999516487121582,0.9041641553243008,0.34668168709391667,0.9982028603553772,0.8465069191796446,0.5104982285272512,0.999617874622345,0.8819546302159634,0.5126469192050755,0.999226450920105,59.783526521839256,0
743,0.8384195622943703,0.33255408065659686,0.9995169639587402,0.9041604314531606,0.34669184684753446,0.9981964826583862,0.8465431105522889,0.5104959919339138,0.9996198415756226,0.8819570598148172,0.5126312971115117,0.9992292523384094,59.783526521839256,0
744,0.838410207203457,0.33255324477241177,0.9995177984237671,0.9041565202531368,0.3467147180012297,0.9981968998908997,0.8465622606731603,0.5104913569632035,0.9996237754821777,0.8819572244371694,0.5126065469923478,0.9992377161979675,59.783526521839256,0
745,0.8384001283418572,0.33255241456485957,0.9995176792144775,0.9041560434159785,0.34674811647051884,0.9981940984725952,0.8465686497234168,0.5104673646745232,0.9996274709701538,0.8819576899210619,0.5125744768551421,0.9992445111274719,59.783526521839256,0
746,0.8383922576904304,0.3325496429488775,0.9995184540748596,0.9041624182746532,0.34679617626326453,0.9981949329376221,0.8465686894598468,0.5104339718818669,0.9996312856674194,0.8819555469921664,0.5125400338854113,0.999251663684845,59.783526521839256,0
747,0.8383895896729976,0.33254169850122384,0.9995200634002686,0.904171498048874,0.34685535657973543,0.9981938600540161,0.8465657063892917,0.5103973348935449,0.9996340274810791,0.881948473907653,0.5125145997319906,0.999256432056427,59.783526521839256,0
748,0.8383864334651409,0.33253014513424495,0.9995226860046387,0.9041851248059961,0.34690953436351984,0.998203694820404,0.8465618377640141,0.5103647623743334,0.9996346235275269,0.8819404130890263,0.5124911751065939,0.9992595314979553,59.783526521839256,0
749,0.838389314356305,0.3325164758023764,0.9995254278182983,0.9042067073640376,0.3469602777844386,0.9982137084007263,0.8465572623979484,0.5103472556386679,0.999638020992279,0.8819312907400592,0.5124822003500806,0.9992665648460388,59.783526521839256,0
750,0.83839313756852,0.3325014809767408,0.9995266795158386,0.9042293400991538,0.3470076961176739,0.9982226490974426,0.8465542878423424,0.5103616402262737,0.9996430277824402,0.8819279727481668,0.5124849563553224,0.9992765784263611,59.783526521839256,0
751,0.8383973581450332,0.33247785199256197,0.9995246529579163,0.9042500881921685,0.34704127623921377,0.9982227683067322,0.8465527210916798,0.5103837734177004,0.9996469616889954,0.8819297325043458,0.5124842240696865,0.9992839097976685,59.783526521839256,0
752,0.8384006278855467,0.33245212407339214,0.9995209574699402,0.9042649439402997,0.34706158155486727,0.9982166886329651,0.8465505810011007,0.5104231408664163,0.9996477365493774,0.8819342794872472,0.5124856545811611,0.999285101890564,59.783526521839256,0
753,0.8384025352341795,0.332430408114479,0.9995171427726746,0.9042710690271294,0.3470804407483058,0.9982051253318787,0.8465394689923248,0.5104542147545592,0.9996466040611267,0.8819362208956771,0.5124794415065225,0.9992831349372864,59.783526521839256,0
754,0.8383929246947885,0.33241136584963143,0.9995146989822388,0.90427186091741,0.34709128595533856,0.9981909394264221,0.8465203500929339,0.5104865630467736,0.9996446371078491,0.8819341375714264,0.5124687694367913,0.9992789626121521,59.783526521839256,0
755,0.8383828458331887,0.33239847137814504,0.9995101690292358,0.9042765725226637,0.3471159083502636,0.9981728792190552,0.8464975726036805,0.5105152641023912,0.9996412396430969,0.8819186659086325,0.5124609839348571,0.9992718696594238,59.783526521839256,0
756,0.8383701273373202,0.3323904914515362,0.9995023608207703,0.9042818773360487,0.34714351097742746,0.9981493949890137,0.8464759616624749,0.5105545265333997,0.9996335506439209,0.8818997655596058,0.5124576574280153,0.9992578029632568,59.783526521839256,0
757,0.8383572101593024,0.3323794220175065,0.9994937181472778,0.9042881443386994,0.3471676167987645,0.9981256723403931,0.8464542343502959,0.5105940131914053,0.9996276497840881,0.8818803486369913,0.5124579582895555,0.9992477297782898,59.783526521839256,0
758,0.8383479317029324,0.3323722864900319,0.9994850158691406,0.9042934746969321,0.3472066947392058,0.9981058239936829,0.8464371703919917,0.5106376892044435,0.9996237754821777,0.88186663389206,0.5124620170820331,0.9992414712905884,59.783526521839256,0
759,0.83834457397461,0.33237157691092745,0.9994791150093079,0.9042997076397857,0.3472631133738021,0.9980913996696472,0.8464228368940814,0.5106700091134939,0.999621570110321,0.8818610168638691,0.5124621334530063,0.9992376565933228,59.783526521839256,0
760,0.8383394678433743,0.3323698114781155,0.9994741678237915,0.9043013935997379,0.3473141761053179,0.9980804324150085,0.8464142850467145,0.5107055618649441,0.9996205568313599,0.8818616043953675,0.5124634504318242,0.9992361664772034,59.783526521839256,0
761,0.8383407138642818,0.332368197895232,0.9994624257087708,0.90430216846012,0.3473580380280815,0.9980515837669373,0.8464121279262368,0.5107319525309976,0.9996100068092346,0.881859325227284,0.5124629168283376,0.9992197751998901,59.783526521839256,0
762,0.8383437281563175,0.33236670210247976,0.9994509816169739,0.9042911188943052,0.34738246032169917,0.9980266690254211,0.8464142169271204,0.5107518207459226,0.9996005296707153,0.8818544887361079,0.5124618467830481,0.9992058277130127,59.783526521839256,0
763,0.8383497453871235,0.332364238443829,0.9994401335716248,0.9042640697388429,0.3473835658459439,0.9980002045631409,0.8464152131761831,0.5107674712226509,0.9995923638343811,0.881848729792096,0.5124655053729107,0.9991944432258606,59.783526521839256,0
764,0.8383569291659771,0.33236486855007374,0.999426543712616,0.9042272993496494,0.3473862068993707,0.9979680776596069,0.8464147590455562,0.5107652204377315,0.9995807409286499,0.8818431808834992,0.512453885305496,0.9991766214370728,59.783526521839256,0
765,0.8383633153779173,0.33236704411960816,0.9994176030158997,0.9041910171508797,0.3473950326442721,0.9979387521743774,0.8464131667500456,0.5107395081293019,0.9995706081390381,0.8818378420103171,0.5124184375717531,0.9991601705551147,59.783526521839256,0
766,0.8383661224728546,0.3323787777196796,0.9994086623191833,0.9041527821904145,0.347411306131454,0.9979128241539001,0.8464156843367083,0.5107351229304363,0.9995601177215576,0.8818378448486335,0.5123781845683147,0.9991445541381836,59.783526521839256,0
767,0.8383676381338218,0.3323972423871361,0.9993996620178223,0.9041220347086596,0.3474336890947254,0.9978823661804199,0.8464218094235382,0.5107457836469018,0.9995500445365906,0.8818417929467708,0.5123356694266914,0.9991298317909241,59.783526521839256,0
768,0.838365038235983,0.33241644359770306,0.9993889331817627,0.9040944008600151,0.34746016774858773,0.99785315990448,0.8464292202677053,0.5107694693974091,0.9995396733283997,0.8818465215819229,0.5122911561103098,0.9991161227226257,59.783526521839256,0
769,0.8383631592705143,0.3324313192140491,0.9993813037872314,0.904064059257508,0.3474819092523487,0.9978338479995728,0.846437627360935,0.5108020589465191,0.999532163143158,0.8818513410432005,0.5122600481623699,0.9991068840026855,59.783526521839256,0
770,0.8383589131491531,0.33244024288086693,0.9993737936019897,0.9040318443661652,0.34749596459525,0.9978092312812805,0.8464418961888275,0.5108163072949368,0.9995310306549072,0.8818541339465557,0.5122293460936778,0.9991056323051453,59.783526521839256,0
771,0.8383544910521741,0.3324404075032191,0.999363899230957,0.9039987410817834,0.34750081385884996,0.9977771639823914,0.8464413143339617,0.5107932715188893,0.9995246529579163,0.8818532483918334,0.5121902369317558,0.9990954399108887,59.783526521839256,0
772,0.8383507132530219,0.3324408318315236,0.9993529915809631,0.9039654845283153,0.34750249272301115,0.9977537989616394,0.8464422453017468,0.5107977957952594,0.9995139241218567,0.8818558937027348,0.5121655038424905,0.9990803003311157,59.783526521839256,0
773,0.8383468673342758,0.3324425589470639,0.9993461966514587,0.9039409330913006,0.34750084791864694,0.9977303743362427,0.8464434572628573,0.510839042209444,0.9995065927505493,0.8818593876702452,0.5121608490035652,0.9990687966346741,59.783526521839256,0
774,0.8383391613052011,0.33244436837378033,0.9993377923965454,0.9039180704525547,0.34749864254679025,0.9977182149887085,0.8464439284233827,0.5108979401134314,0.9994986653327942,0.8818682347025197,0.5121494928995772,0.9990582466125488,59.783526521839256,0
775,0.8383217226891297,0.33244698246320115,0.9993283152580261,0.9038910581952058,0.34749942876043804,0.9977039098739624,0.8464471726190483,0.5110011384600689,0.999488353729248,0.8818789152872002,0.5121753896985739,0.9990438222885132,59.783526521839256,0
776,0.8382950027783718,0.3324480723767056,0.9993276000022888,0.903855244318645,0.3474939720971246,0.9977092146873474,0.8464442264466066,0.5111013395445692,0.9994810819625854,0.8818881937435702,0.5122181631269913,0.9990350604057312,59.783526521839256,0
777,0.8382611955915185,0.33244832498686683,0.9993164539337158,0.9038102229436246,0.34747984153883826,0.9976924657821655,0.846434346267156,0.5111690901574639,0.9994719624519348,0.8818948297273552,0.5122625771022982,0.999021053314209,59.783526521839256,0
778,0.8382153823262176,0.33245770988010254,0.999308705329895,0.9037654513404489,0.3474660487402056,0.9976943731307983,0.8464311020714903,0.5113124336515158,0.9994595050811768,0.8819022717930028,0.5123767086437775,0.9990071654319763,59.783526521839256,0
779,0.838146783056714,0.33247453116235304,0.9993036985397339,0.9037271340688078,0.34745281792822363,0.9977044463157654,0.8464186617306307,0.5114921388171971,0.999451756477356,0.881899019082388,0.5125191438765757,0.9990018010139465,59.783526521839256,0
780,0.8380703159741,0.33249608391807217,0.9992883801460266,0.9036859018462052,0.3474344256378358,0.997677743434906,0.8463603712263569,0.5116537326858162,0.9994385242462158,0.881872216860454,0.512643172627404,0.9989877343177795,59.783526521839256,0
781,0.837996111029671,0.33251636936551077,0.9992800951004028,0.9036479734239131,0.3474328957852866,0.9976789951324463,0.8462475623403284,0.511796267259689,0.9994266629219055,0.8818192453611471,0.5127589134942921,0.9989814162254333,59.783526521839256,0
782,0.8379317266600479,0.33253187792641803,0.9992672204971313,0.9036015215374182,0.34740476948874366,0.9976621866226196,0.8461074460120435,0.5118642619677957,0.9994103908538818,0.8817596066565747,0.5128137440908527,0.9989724159240723,59.783526521839256,0
783,0.8378853059950335,0.33252787590026883,0.999268114566803,0.9035398988496697,0.34731659577006413,0.9976812601089478,0.8459613607043319,0.5118406102770855,0.9994058609008789,0.8817061242603128,0.5128014541807633,0.9989755749702454,59.783526521839256,0
784,0.8378548423449206,0.33251362471353463,0.9992740154266357,0.9034744132132765,0.3472026714256834,0.9977039098739624,0.8458616847083689,0.5119173328081771,0.999402642250061,0.8816790382067369,0.5128086010615035,0.9989776611328125,59.783526521839256,0
785,0.8378273049990344,0.33249515295028714,0.999277651309967,0.9034032253991997,0.3470849139349804,0.9977348446846008,0.8458177333786381,0.5120866837955661,0.9994016289710999,0.881667858078367,0.5128222391718914,0.9989847540855408,59.783526521839256,0
786,0.8378110613141747,0.33247249183200683,0.9992712736129761,0.9033372317041676,0.346978109507334,0.9977390766143799,0.8457972265425189,0.5123446129617242,0.9993918538093567,0.8816586250350595,0.5128757357597356,0.9989826679229736,59.783526521839256,0
787,0.8378031622795838,0.33245112498601304,0.999258279800415,0.9032926332382936,0.34692800612676744,0.9977240562438965,0.8457813376472116,0.512626205171858,0.9993790984153748,0.8816434343655911,0.5129662667002001,0.9989773631095886,59.783526521839256,0
788,0.837791249865578,0.33243997891744004,0.9992507100105286,0.9032588090215418,0.34689715504646335,0.997721791267395,0.8457762173243939,0.5129199964659559,0.9993715882301331,0.881629875728063,0.5130681395530705,0.9989757537841797,59.783526521839256,0
789,0.8377752843357275,0.33243310167675955,0.9992507696151733,0.9032333181017927,0.3468541545527325,0.9977107048034668,0.8457673192024238,0.513117767515637,0.9993736743927002,0.8816169273285646,0.5131213778541206,0.9989822506904602,59.783526521839256,0
790,0.8377607606706172,0.33241897395678954,0.9992530345916748,0.9032223309789392,0.34681581741287626,0.9976962208747864,0.8457642225992119,0.513256757032304,0.9993719458580017,0.8816105922063199,0.5131257431847713,0.9989776611328125,59.783526521839256,0
791,0.8377496883982711,0.33239540741557194,0.9992610216140747,0.9032132199832378,0.3467825111888706,0.9976866245269775,0.845761730557397,0.5133261652219867,0.9993734955787659,0.8816033062480751,0.5130900712240314,0.9989688992500305,59.783526521839256,0
792,0.8377428764388681,0.33234440712701735,0.9992627501487732,0.9032076001167305,0.3467539818513964,0.997676432132721,0.8457557615779702,0.5133396756081359,0.9993724226951599,0.8815953958602186,0.5130519270896916,0.9989591240882874,59.783526521839256,0
793,0.8377422491709398,0.3322821302073345,0.9992733001708984,0.9032065499396559,0.3467411370504473,0.9976857900619507,0.8457465342112958,0.5133033508346199,0.9993804097175598,0.8815791096006128,0.5130331771714352,0.9989631175994873,59.783526521839256,0
794,0.837745524588086,0.3322153148196995,0.9992849826812744,0.9032055366606947,0.3467337063380653,0.9976932406425476,0.8457328592027944,0.5132821542876111,0.9993882179260254,0.8815561078843623,0.5130335575058351,0.998964250087738,59.783526521839256,0
795,0.8377468273753218,0.33216719400315087,0.9992933869361877,0.9032029168946409,0.34672951556387427,0.9976984262466431,0.8457219458761677,0.5132607448668711,0.9993955492973328,0.8815292659259986,0.5130362255232679,0.998966634273529,59.783526521839256,0
796,0.8377438102449697,0.3321370070888885,0.9993082880973816,0.9031954833439425,0.3467245456718266,0.9977165460586548,0.8457151112102334,0.5132593512535099,0.9994104504585266,0.8814997786567331,0.5130832024983002,0.9989816546440125,59.783526521839256,0
797,0.8377367229688741,0.33212547926675734,0.9993141889572144,0.9031806644939248,0.34672263264656095,0.9977198839187622,0.8457064373152603,0.5132596180552532,0.9994213581085205,0.8814696357363753,0.5131548785028008,0.9989935159683228,59.783526521839256,0
798,0.8377261474019012,0.3321172949813664,0.9993200898170471,0.9031639297803251,0.3467153566224237,0.9977288246154785,0.8456992705663051,0.5131869174185257,0.9994301199913025,0.8814429101489846,0.5132069701240181,0.9990041255950928,59.783526521839256,0
799,0.8377163750784744,0.3321173446519037,0.9993302226066589,0.9031380670411253,0.34670444613411344,0.9977443218231201,0.8456964180583052,0.5130497671308976,0.999438464641571,0.8814159830411282,0.5132342349915282,0.9990147948265076,59.783526521839256,0
800,0.8377108772595732,0.33211270968119333,0.9993340373039246,0.9031139299983078,0.34669361228034634,0.9977564811706543,0.8456936762446455,0.5128574257805238,0.9994428753852844,0.8813866348493674,0.5132146676381433,0.9990245699882507,59.783526521839256,0
801,0.8377093644369222,0.3321088666007635,0.9993373155593872,0.90309382620312,0.34668530452819124,0.9977536797523499,0.8456942467462456,0.5126245220502221,0.9994520545005798,0.8813576442854753,0.5131561557451888,0.9990398287773132,59.783526521839256,0
802,0.8377107381820685,0.33210450268927105,0.9993454813957214,0.9030697970163262,0.34667586003031076,0.9977604746818542,0.8456911018916546,0.5124250877471201,0.9994618892669678,0.8813114875838878,0.5131057302157088,0.9990549087524414,59.783526521839256,0
803,0.837701198600588,0.33210395489420236,0.9993506073951721,0.9030405595189057,0.34667047432490783,0.9977643489837646,0.8456853372710098,0.5122974202746441,0.9994718432426453,0.8812474636804497,0.513080477714539,0.9990707635879517,59.783526521839256,0
804,0.8376815091995973,0.33209602747644723,0.9993487596511841,0.9030114554223567,0.34665197843597073,0.9977386593818665,0.8456770635786518,0.512157987980616,0.999472975730896,0.8811864739372623,0.513033353147053,0.9990724325180054,59.783526521839256,0
805,0.8376490757578903,0.33208028759275193,0.9993516206741333,0.9029621992792409,0.3466143224920548,0.9977384805679321,0.8456548651059475,0.512031095368522,0.9994761347770691,0.881133675575257,0.5129842673029222,0.9990786910057068,59.783526521839256,0
806,0.8376146384647921,0.332060006402788,0.9993563294410706,0.902906795342764,0.3465717576798941,0.9977446794509888,0.8456232803208494,0.5119366248448693,0.9994819164276123,0.8810992326055261,0.5129446188608809,0.99908846616745,59.783526521839256,0
807,0.8375896584419984,0.33204124371210764,0.999355137348175,0.9028590576989317,0.3465104741709576,0.9977462291717529,0.8455925782521572,0.5118502974510197,0.9994857907295227,0.881089389324189,0.5129052400588994,0.9990969300270081,59.783526521839256,0
808,0.8375790005638493,0.33202646317936146,0.9993473291397095,0.9028130684580129,0.3464223359312333,0.99773770570755,0.8455690117109397,0.5117954498245607,0.9994866847991943,0.8810858981949949,0.5128650381451565,0.9991018772125244,59.783526521839256,0
809,0.8375716805458076,0.33202194316046607,0.999344527721405,0.9027736016682224,0.34631324807802866,0.9977246522903442,0.8455574994995487,0.5117774492218385,0.9994916319847107,0.8810836133502786,0.5128319036392943,0.9991118907928467,59.783526521839256,0
810,0.8375713285945718,0.3320197604951407,0.9993413686752319,0.9027465241295958,0.3461754350435169,0.9977174997329712,0.8455617257526948,0.5117404915037613,0.9994956851005554,0.8810725666227802,0.5127690604754861,0.99912029504776,59.783526521839256,0
811,0.8375735311281121,0.33201763743446017,0.999343752861023,0.9027134094919484,0.3460327074641276,0.9977245330810547,0.8455751367977695,0.5116952686082753,0.9994983673095703,0.8810506207602372,0.5126958262352721,0.9991247057914734,59.783526521839256,0
812,0.8375811690375925,0.33201517803328406,0.9993436932563782,0.9026804765065518,0.3459286987781528,0.9977153539657593,0.8455924476896021,0.5116639960379832,0.9994962215423584,0.8810096269562138,0.5126382538250519,0.9991200566291809,59.783526521839256,0
813,0.8375914465813417,0.3320114002341319,0.9993384480476379,0.9026557973452983,0.3458597333658312,0.997698187828064,0.8456112004461749,0.5116462225005745,0.9994914531707764,0.8809645800363457,0.5125978901272732,0.9991150498390198,59.783526521839256,0
814,0.8376003787631087,0.33201179334095576,0.9993324875831604,0.9026332156998778,0.3458274390016286,0.9976839423179626,0.8456198346047181,0.5116381531669985,0.9994860291481018,0.880903099264418,0.5125686639831184,0.9991095662117004,59.783526521839256,0
815,0.8376039578801117,0.3320140753473557,0.9993282556533813,0.9026222626368212,0.345818733885175,0.9976781606674194,0.8456151939573749,0.5116338417643597,0.999481201171875,0.8808433044524426,0.5125489007859008,0.9991053938865662,59.783526521839256,0
816,0.8376031603131981,0.33201629916826914,0.9993181824684143,0.9026227309590301,0.34580682430948556,0.9976605176925659,0.8456037612188437,0.5116250798815777,0.9994666576385498,0.8807777819179361,0.5125290155410771,0.9990927577018738,59.783526521839256,0
817,0.8376006625947505,0.33201764311109294,0.999312698841095,0.9026255125091197,0.34579675396283494,0.997657060623169,0.8455952576228557,0.5116211800348196,0.9994615316390991,0.8807106245131727,0.5125188713981996,0.9990879893302917,59.783526521839256,0
818,0.8375913727851148,0.33201921979586313,0.9993032813072205,0.9026265002432331,0.34579336643219016,0.9976542592048645,0.8455908639090408,0.5116288037527179,0.9994506239891052,0.8806354545411615,0.5125184683572682,0.9990769028663635,59.783526521839256,0
819,0.8375774565197178,0.33201255968638854,0.9992989301681519,0.9026220355715078,0.3457652898061846,0.9976552128791809,0.8455916898591185,0.5115896974291124,0.9994428753852844,0.8805705564362669,0.5124644353276211,0.9990686774253845,59.783526521839256,0
820,0.8375633841469181,0.3320042278085439,0.9992989897727966,0.9026134894007735,0.3457302706582208,0.9976697564125061,0.8455872791154051,0.5115188785961701,0.9994351267814636,0.8805048238663454,0.5123762743813656,0.9990609884262085,59.783526521839256,0
821,0.837552311874572,0.33199614712170217,0.9992920160293579,0.9026096434820273,0.34568584249133183,0.9976755380630493,0.8455833253406349,0.5114409327507023,0.9994305372238159,0.8804608498300832,0.512285845620292,0.9990614652633667,59.783526521839256,0
822,0.8375469730013899,0.33198468600000686,0.9992704391479492,0.9026124221938004,0.34564235664549353,0.9976617097854614,0.8455749296006709,0.5113740847224285,0.999418318271637,0.8804381205922088,0.5122148309435167,0.9990583062171936,59.783526521839256,0
823,0.8375476314907989,0.331973568314598,0.9992541670799255,0.902627797353836,0.3456147256351655,0.9976583123207092,0.8455631080127904,0.5113494112378079,0.9994125366210938,0.8804278600783583,0.5121912984620962,0.9990612864494324,59.783526521839256,0
824,0.8375523828324825,0.331966049614407,0.9992300868034363,0.9026499106770477,0.3456065399306164,0.9976354241371155,0.8455543432916921,0.5113739002318614,0.9994118809700012,0.8804215419860121,0.5122112177667167,0.9990694522857666,59.783526521839256,0
825,0.8375650871367688,0.3319578270117445,0.9991990923881531,0.902674229372116,0.3455948531627658,0.997610867023468,0.8455625176429755,0.511392420246488,0.9994066953659058,0.8804199780736658,0.5122143285615108,0.99907386302948,59.783526521839256,0
826,0.8375811037563149,0.3319510221481326,0.999179482460022,0.9027030326071247,0.34559222346260465,0.9975950121879578,0.8455894475891483,0.5114166708219623,0.9994053244590759,0.8804199865886151,0.5122170590219048,0.999078631401062,59.783526521839256,0
827,0.8375951590992163,0.3319457230113804,0.9991663098335266,0.9027269624528438,0.34558506097112407,0.9975852966308594,0.8456302029745926,0.5114402146566486,0.9994021654129028,0.8804221976371045,0.512220402558645,0.9990784525871277,59.783526521839256,0
828,0.8376032511393237,0.3319365311236611,0.9991559386253357,0.9027456783113033,0.34558357795079575,0.9975852966308594,0.8456665107182101,0.5114566399937588,0.9994051456451416,0.8804243519192658,0.5122243903932121,0.9990848302841187,59.783526521839256,0
829,0.8376030524571744,0.33192610314914184,0.9991449117660522,0.9027498109000077,0.34558551368259277,0.9975504875183105,0.845688476448968,0.5114624727339976,0.9994034171104431,0.8804254418327702,0.512221217155457,0.9990791082382202,59.783526521839256,0
830,0.8376017070951923,0.3319109337670465,0.9991408586502075,0.9027414463815242,0.3455897300016315,0.9975419640541077,0.8456939998127172,0.5114542785144991,0.9994048476219177,0.8804243944940119,0.5122100540569855,0.999077558517456,59.783526521839256,0
831,0.8376023769378669,0.3318974077701571,0.9991419911384583,0.9027240702084139,0.3455892176855181,0.9975531697273254,0.8456918739137202,0.5114243541445056,0.9994085431098938,0.880418172904424,0.512185618990944,0.9990833401679993,59.783526521839256,0
832,0.8376031858580459,0.3318880015895483,0.9991442561149597,0.9027098871412739,0.34559659588904634,0.9975801706314087,0.8456790191786637,0.5113883529390612,0.9994083642959595,0.8804057552700959,0.5121626995858697,0.9990875124931335,59.783526521839256,0
833,0.8376016673587625,0.33187826048760216,0.9991430640220642,0.9026995471545636,0.3456055706455597,0.9975847005844116,0.8456628237451833,0.511374101752327,0.9994059801101685,0.8803909279051289,0.5121535772369026,0.9990856647491455,59.783526521839256,0
834,0.8376004156612222,0.33185136318206815,0.9991466999053955,0.9026997259684978,0.34561536141804317,0.9975953698158264,0.8456368276051119,0.5112698532286148,0.9994090795516968,0.8803780618168067,0.5120645023527604,0.9990904927253723,59.783526521839256,0
835,0.8375972395851505,0.33181726222946556,0.9991520643234253,0.9027019199870889,0.3456335663795474,0.9976160526275635,0.8456121910186049,0.5111291635604136,0.9994152784347534,0.8803720048495709,0.5119380638712933,0.9990983605384827,59.783526521839256,0
836,0.8375924399920879,0.3317792429810481,0.9991625547409058,0.9027064414251426,0.34565579749289044,0.9976531863212585,0.8455822127205992,0.5109831265040811,0.9994235038757324,0.8803711136182156,0.511802713076274,0.9991089105606079,59.783526521839256,0
837,0.8375769427844464,0.33175230735824246,0.9991613626480103,0.9027089164370589,0.34567331132434687,0.9976692795753479,0.8455442729450414,0.5109076897303267,0.9994253516197205,0.8803532379014158,0.5117700298627221,0.9991122484207153,59.783526521839256,0
838,0.837557304473151,0.33174511648359783,0.9991463422775269,0.9027122599737992,0.34568914061500944,0.9976552128791809,0.8454231279236937,0.5109263601757235,0.9994229078292847,0.880302446229118,0.5118886544590909,0.9991102814674377,59.783526521839256,0
839,0.8375362186204827,0.3317622059867499,0.9991258382797241,0.9027149677276618,0.3457133585498449,0.9976403117179871,0.8452240597634095,0.5110316276550297,0.999415397644043,0.8802382633799606,0.5121307600112193,0.9991044402122498,59.783526521839256,0
840,0.8375176475161604,0.33180470551763286,0.9990999698638916,0.9027181665102648,0.3457626075971697,0.9976198077201843,0.8450011639367974,0.5111727317174279,0.9994051456451416,0.8801815424646657,0.5124120087850665,0.999101459980011,59.783526521839256,0
841,0.8375046565419157,0.3318677260762172,0.9991064667701721,0.9027169971239006,0.34583688066119267,0.9976524710655212,0.8448202553249547,0.5113551049005423,0.9994117021560669,0.880148390928905,0.5126797670409797,0.9991115927696228,59.783526521839256,0
842,0.8374966553279339,0.331932162954694,0.9991148114204407,0.902706234228044,0.3459116844903858,0.9976744651794434,0.8447196313313082,0.5115396579106652,0.9994156956672668,0.8801448089735856,0.5128499070803328,0.9991135597229004,59.783526521839256,0
843,0.8374827163560057,0.33198396648679485,0.9991171360015869,0.9026846204485219,0.3459771545160387,0.9976887106895447,0.8447114938781382,0.5117476270312359,0.9994232058525085,0.8801507098334184,0.5129726699420387,0.9991224408149719,59.783526521839256,0
844,0.8374717576163162,0.33201058847563636,0.999132513999939,0.9026578182265879,0.3460120303290234,0.9977133870124817,0.8447176870845621,0.5118926933833534,0.9994357228279114,0.8801434096835916,0.5130282555307665,0.9991352558135986,59.783526521839256,0
845,0.8374616787547164,0.33202227382432875,0.9991344809532166,0.9026322818937764,0.3460372856685096,0.9977163672447205,0.8447194212958933,0.511961780843281,0.9994447827339172,0.8801343668074842,0.5130235666320442,0.999144434928894,59.783526521839256,0
846,0.8374422050657733,0.33204970189503286,0.9991419911384583,0.9026110484486541,0.34606676300366745,0.9977167844772339,0.8447248651867828,0.512025546459925,0.9994548559188843,0.8801218299638665,0.5130337505113515,0.9991524815559387,59.783526521839256,0
847,0.8374133081663229,0.3320854675202145,0.9991477727890015,0.9025951794215619,0.34609451606160146,0.997714102268219,0.8447307234718693,0.5120668297722231,0.9994612336158752,0.8801089099475322,0.5130379568962828,0.9991545677185059,59.783526521839256,0
848,0.8373820952006756,0.33212265939939617,0.9991520047187805,0.9025853929065529,0.34612172700109967,0.9977153539657593,0.8447393178939826,0.5120937994548257,0.9994641542434692,0.8800992937315085,0.5130279234477456,0.9991549849510193,59.783526521839256,0
849,0.8373521083877207,0.3321590281668166,0.9991540312767029,0.9025808232171202,0.34616233763240667,0.9977169036865234,0.8447501205262691,0.5121568923904787,0.9994640350341797,0.8800922234853116,0.5130358735720321,0.9991500973701477,59.783526521839256,0
850,0.8373331115359359,0.33218808968861924,0.9991561770439148,0.9025776584943143,0.34621010224024484,0.9977214932441711,0.844757380939666,0.512236853440603,0.9994638562202454,0.8800834019978848,0.5130657752354943,0.9991454482078552,59.783526521839256,0
851,0.8373255985123778,0.33221236580894137,0.9991559982299805,0.902581331275759,0.3462766437303455,0.9977133274078369,0.8447695715086807,0.5123203538713006,0.9994621872901917,0.8800761217162729,0.5131043962069924,0.9991379976272583,59.783526521839256,0
852,0.8373220846766525,0.3322409845533828,0.9991428256034851,0.902587050483341,0.3463422656059268,0.9976926445960999,0.8447902174223043,0.5124023670241951,0.9994525909423828,0.8800703854787925,0.5131454155558636,0.9991254806518555,59.783526521839256,0
853,0.837319561413357,0.3322654252960571,0.9991443753242493,0.9026006460189826,0.34641114870707224,0.9977011680603027,0.844824535506113,0.5124849279721582,0.9994500875473022,0.8800692416372761,0.5131874680519108,0.999119222164154,59.783526521839256,0
854,0.8373196323712673,0.33228165337017634,0.9991429448127747,0.9026170060748153,0.34647414372080876,0.9977054595947266,0.844869840712775,0.5125383394105097,0.9994438886642456,0.8800740667751865,0.5131814877192183,0.9991072416305542,59.783526521839256,0
855,0.8373202936989927,0.3322920827638538,0.9991425275802612,0.9026305675506598,0.3465395356927602,0.9977043867111206,0.8449634852863499,0.5125952561696374,0.9994362592697144,0.8800898648443682,0.5131566354206634,0.9990912079811096,59.783526521839256,0
856,0.8373212530499421,0.3322974642117821,0.9991466999053955,0.9026367465655016,0.3465997080008192,0.9977138042449951,0.8450953080540619,0.5126412596021384,0.999430775642395,0.8801081237338845,0.51311792362304,0.9990803003311157,59.783526521839256,0
857,0.8373223912148255,0.3323000385647731,0.9991433620452881,0.9026397211211076,0.3466582511152543,0.9977060556411743,0.8452421994436361,0.5126563793136965,0.9994202256202698,0.8801267941792813,0.5130654090926765,0.9990634918212891,59.783526521839256,0
858,0.8373226353100375,0.3323038972559432,0.9991481900215149,0.9026371013550539,0.34669979271434637,0.9977038502693176,0.8453689387866437,0.5126752512795589,0.999415397644043,0.8801439773468751,0.5130241853850233,0.9990532994270325,59.783526521839256,0
859,0.8373229673930584,0.3323053419589999,0.9991556406021118,0.9026361959321166,0.3467315634091698,0.9977140426635742,0.8454629551796693,0.5127027006376361,0.9994116425514221,0.8801621596018481,0.5130087477820264,0.9990444779396057,59.783526521839256,0
860,0.8373221783410942,0.3323012136277701,0.9991540908813477,0.9026352678026479,0.3467497257959278,0.9977132678031921,0.8455088450795135,0.5127317820276537,0.9994034767150879,0.8801819767270777,0.5129906563531789,0.9990319609642029,59.783526521839256,0
861,0.8373316639945627,0.3322944740454359,0.9991567730903625,0.9026345695768091,0.34676533511706786,0.9977144002914429,0.8455587029457099,0.5127807827222919,0.9994034767150879,0.8802051941553759,0.5130100874673756,0.9990304112434387,59.783526521839256,0
862,0.8373464374315178,0.3322856184982121,0.9991498589515686,0.9026338628360211,0.3467823408898856,0.9977035522460938,0.8456153074900317,0.5127961720739096,0.9993960857391357,0.8802253774234234,0.5129780485516506,0.9990193843841553,59.783526521839256,0
863,0.8373674438113266,0.33227611439568683,0.999140739440918,0.9026338032313763,0.34680686678205247,0.9976800680160522,0.8456661360604429,0.5127789860679994,0.9993917942047119,0.8802392085393277,0.5129058502969291,0.9990118145942688,59.783526521839256,0
864,0.8373965365546097,0.33226651379040334,0.9991335868835449,0.902632863748642,0.34682974503153874,0.9976789355278015,0.8456962846574336,0.5127483521189012,0.9993851184844971,0.8802433297747665,0.51281598068419,0.9990066289901733,59.783526521839256,0
865,0.8374258819080541,0.332261023067293,0.999136745929718,0.9026329716046659,0.3468563471521653,0.9976757764816284,0.8457127043179111,0.5127117463520598,0.9993865489959717,0.88024313676925,0.5127433396521073,0.9990056157112122,59.783526521839256,0
866,0.8374493178867166,0.33225777745246915,0.9991320967674255,0.9026331021672211,0.3469094137350721,0.9976619482040405,0.8457195474987945,0.5127186179161076,0.9993811845779419,0.8802430317515426,0.5127182858330868,0.9989959001541138,59.783526521839256,0
867,0.8374776414462506,0.33225882904870196,0.9991351962089539,0.9026339423088807,0.346983292273113,0.9976654052734375,0.8457302593049556,0.5127717398461845,0.9993798732757568,0.8802464547611425,0.5127708997045248,0.9989909529685974,59.783526521839256,0
868,0.8374983498028353,0.3322612146536512,0.9991341233253479,0.9026350293840688,0.3470708940710343,0.9976679086685181,0.8457419645218629,0.5128242572148645,0.999372124671936,0.8802512571925216,0.51282830181576,0.9989792704582214,59.783526521839256,0
869,0.8375140031178798,0.3322630212420512,0.9991354942321777,0.9026392868586957,0.34716997543970773,0.997667670249939,0.8457525940168479,0.5128720090502789,0.9993667602539062,0.8802577654520678,0.5128905971844995,0.9989684820175171,59.783526521839256,0
870,0.837527635551635,0.33226007790792583,0.9991380572319031,0.9026442028227314,0.3472461601098381,0.9976673722267151,0.8457576859565015,0.5128897939409532,0.9993606209754944,0.8802621421359842,0.5129201383817767,0.9989576935768127,59.783526521839256,0
871,0.8375335165432529,0.33226155383246314,0.9991411566734314,0.9026498851322,0.34729724696704345,0.9976646304130554,0.8457579499199284,0.5129101446696694,0.9993583559989929,0.8802688973290587,0.5129775319780626,0.9989507794380188,59.783526521839256,0
872,0.8375313934825723,0.3322679485593526,0.999147891998291,0.9026547131084267,0.3473332013402669,0.9976745247840881,0.8457601382618865,0.512949177197048,0.9993568658828735,0.880278320539566,0.5130442693119961,0.9989460110664368,59.783526521839256,0
873,0.837527771790823,0.3322791400409883,0.9991487860679626,0.9026548607008805,0.3473544674260278,0.9976754188537598,0.8457625934055879,0.5129875256901699,0.9993488788604736,0.8802902216003062,0.513109337715876,0.9989303946495056,59.783526521839256,0
874,0.8375199720973068,0.3322961940651851,0.999152421951294,0.9026461243629463,0.34736454912594417,0.9976818561553955,0.8457691868146268,0.5130218749954591,0.9993394613265991,0.8803012427829567,0.5131650254839947,0.9989150166511536,59.783526521839256,0
875,0.837513827142262,0.3323160395735789,0.9991559982299805,0.9026332639512569,0.3473770760354544,0.9976835250854492,0.8457795097714386,0.5130411159424559,0.9993338584899902,0.8803106574785149,0.5131941380954929,0.9989039897918701,59.783526521839256,0
876,0.8375085677419397,0.33233327808834284,0.9991471767425537,0.9026184025264928,0.3473844684305648,0.9976669549942017,0.8457883113906504,0.5130293312526889,0.9993174076080322,0.8803147219476253,0.5131723171188722,0.9988788962364197,59.783526521839256,0
877,0.8375047416914084,0.33235276029223515,0.9991421699523926,0.9026064872741707,0.3473904104459856,0.9976467490196228,0.8457955576124652,0.5130238050506233,0.9993071556091309,0.8803183266094761,0.5131658911705022,0.9988591074943542,59.783526521839256,0
878,0.8374970612071817,0.33236991223834833,0.9991392493247986,0.9026015287353886,0.34739450755573487,0.9976316690444946,0.8457929804211578,0.5130297938982651,0.9992961883544922,0.8803185763813207,0.51316949015572,0.9988402128219604,59.783526521839256,0
879,0.8374878310021907,0.33238274000939894,0.9991331100463867,0.9026010348683319,0.34739940932818847,0.9976224303245544,0.8457837672460654,0.5130456146739782,0.9992840886116028,0.8803167854036611,0.513181274845487,0.9988214373588562,59.783526521839256,0
880,0.8374781353133072,0.3323898627644496,0.9991257190704346,0.9026008390244991,0.3474029160681228,0.9976211786270142,0.8457722720645731,0.5130671291124257,0.9992679357528687,0.8803103310721268,0.5131964399701077,0.9987972378730774,59.783526521839256,0
881,0.8374702675001968,0.33239196737607346,0.9991252422332764,0.9025983469826842,0.34740749711082125,0.9976226687431335,0.8457608222961432,0.5130876756849747,0.9992581009864807,0.8802989976746702,0.5132115199452358,0.9987787008285522,59.783526521839256,0
882,0.8374689448447461,0.33238834000769146,0.9991185665130615,0.9025988323347917,0.34741159847804504,0.9976133704185486,0.8457516119593673,0.5130970222609388,0.9992415308952332,0.8802855781146466,0.5132175882657373,0.9987507462501526,59.783526521839256,0
883,0.8374735230491281,0.3323826945963363,0.9991162419319153,0.9026083832695377,0.3474127295471376,0.9976165294647217,0.8457481293451226,0.5130963410649985,0.9992327690124512,0.8802745086806167,0.5132162911551343,0.9987346529960632,59.783526521839256,0
884,0.8374797872134625,0.33237515744708857,0.9991043210029602,0.9026295372418003,0.34741395286151366,0.9975894689559937,0.8457427422205614,0.5130986060414999,0.9992179870605469,0.8802667231786826,0.5132173555237911,0.9987103939056396,59.783526521839256,0
885,0.8374867183821549,0.33236600103832453,0.9991002082824707,0.9026558086985641,0.3474184359822957,0.9975888729095459,0.8457391545886093,0.5131008454731536,0.9992156624794006,0.8802655736605334,0.513222952683767,0.9987038373947144,59.783526521839256,0
886,0.8374924574579519,0.3323465585708621,0.9991018772125244,0.9026778340339667,0.3474126443976451,0.9975855350494385,0.8457347920962749,0.5131017253512432,0.9992120265960693,0.880257617859614,0.5132297447749551,0.9986934065818787,59.783526521839256,0
887,0.8374957555816294,0.332324191218331,0.9991051554679871,0.9026877624647965,0.3474043153581168,0.9975882172584534,0.8457307418187466,0.5131123917443416,0.999208927154541,0.8802442720958171,0.513261769499098,0.9986852407455444,59.783526521839256,0
888,0.8374998597871697,0.33230147191456416,0.9991065859794617,0.9026881229309816,0.34738864217485727,0.9975900650024414,0.8457269356364302,0.5131343120620369,0.9991992712020874,0.880225272405716,0.5133233921868465,0.9986696839332581,59.783526521839256,0
889,0.8375022922243398,0.332282934870039,0.9991015195846558,0.9026857529367727,0.3473713837918784,0.9975682497024536,0.8457234388306034,0.513159919352759,0.9991969466209412,0.880207212198349,0.513395278226762,0.9986616969108582,59.783526521839256,0
890,0.8375013669331874,0.33227334703717937,0.9990960955619812,0.9026898798488442,0.34735613635608154,0.9975479245185852,0.8457190337635229,0.5131788963363288,0.9991922974586487,0.8801944795108984,0.5134591460227971,0.9986522197723389,59.783526521839256,0
891,0.8374958293778563,0.33226922722089886,0.9990950226783752,0.9027010883603784,0.347353218566804,0.9975342154502869,0.8457165332067588,0.5131988156409495,0.999193012714386,0.8801910678545641,0.5135111155964084,0.9986515641212463,59.783526521839256,0
892,0.8374829916726982,0.3322622577349348,0.9990744590759277,0.9027180558159245,0.3473526083287741,0.9974837303161621,0.8457113703091946,0.5132221551168537,0.9991818070411682,0.8801875682104209,0.5135436540558229,0.9986395835876465,59.783526521839256,0
893,0.8374686411448895,0.3322561695462184,0.9990671873092651,0.902739121800378,0.34735946995871436,0.9974478483200073,0.845705932094938,0.5132578412691756,0.9991869330406189,0.8801873156002596,0.5135775066557389,0.9986478090286255,59.783526521839256,0
894,0.8374605377515163,0.3322488282408036,0.9990522861480713,0.9027591234161747,0.3473637912954606,0.9973958730697632,0.8457016661053619,0.5132794493720649,0.9991807341575623,0.8801895181338,0.5135994695481805,0.9986409544944763,59.783526521839256,0
895,0.8374518780481255,0.33224766027359764,0.9990363717079163,0.9027743538220732,0.3473722225143798,0.9973469972610474,0.8456952231270933,0.5132849755741304,0.9991756677627563,0.8801942212241044,0.5136086117653624,0.9986355900764465,59.783526521839256,0
896,0.8374362218947644,0.3322517531258722,0.9990131258964539,0.9027817533129745,0.3473811859176275,0.9973035454750061,0.8456802822294696,0.51325478724071,0.9991739392280579,0.8801968126069939,0.513593815621876,0.9986468553543091,59.783526521839256,0
897,0.8374132230168303,0.3322551080158781,0.9990045428276062,0.9027831100282222,0.3473919218494781,0.9972769021987915,0.8456627357573743,0.5131999992188958,0.9991779327392578,0.8802010672433044,0.5135579194341391,0.998660147190094,59.783526521839256,0
898,0.8373840025493084,0.3322629616374064,0.9989869594573975,0.9027791704450342,0.3474010910306661,0.9972265958786011,0.8456456973439178,0.5131404399871831,0.9991753697395325,0.8802034656206773,0.5135142263912024,0.9986631870269775,59.783526521839256,0
899,0.8373591559273863,0.3322756148519973,0.9989839792251587,0.902773490973882,0.3473986983299258,0.9971922039985657,0.8456351388068433,0.5130912207421807,0.9991779923439026,0.88020336060297,0.5134755429767431,0.9986665844917297,59.783526521839256,0
900,0.8373482227325446,0.3322894033931553,0.9989861249923706,0.902766372476306,0.3473740943840574,0.9971487522125244,0.8456321557362881,0.5130459070205693,0.9991785287857056,0.880201785337358,0.5134346712203257,0.9986631274223328,59.783526521839256,0
901,0.8373457761037923,0.3323046167691551,0.9989921450614929,0.9027630488077807,0.3473426387423564,0.997124969959259,0.8456386043911895,0.5130268874622531,0.9991884231567383,0.8802003803707311,0.5134161568823319,0.9986711740493774,59.783526521839256,0
902,0.8373431307928909,0.3323213883808684,0.9989941716194153,0.9027533559572136,0.3472767160052348,0.9970940351486206,0.8456427142733626,0.513014347780319,0.999198317527771,0.880194871198564,0.513387228761401,0.9986812472343445,59.783526521839256,0
903,0.8373377465066463,0.33233472137224135,0.9990015029907227,0.9027450879414884,0.34719608369327754,0.9970698356628418,0.8456450927825208,0.513002503485907,0.9992120265960693,0.8801914027759014,0.5133482246171864,0.9986936450004578,59.783526521839256,0
904,0.8373306989669806,0.33234746825127404,0.999004602432251,0.902738897573381,0.34711067165647264,0.9970484375953674,0.8456475138664252,0.5129915475845341,0.999222457408905,0.8801912892432446,0.5133029023806258,0.9987044334411621,59.783526521839256,0
905,0.837323963642121,0.3323581034228918,0.9990013837814331,0.9027371520087839,0.3470114043780738,0.9970207810401917,0.8456472470646819,0.5129845511345641,0.9992281794548035,0.8801937869616925,0.5132703695978442,0.9987077116966248,59.783526521839256,0
906,0.8373190420014525,0.33236441725776333,0.999001681804657,0.9027394368535003,0.34693309380894644,0.9970056414604187,0.8456429299854105,0.5129703254926776,0.9992315173149109,0.880195705663591,0.5132279424440297,0.9987087845802307,59.783526521839256,0
907,0.8373170722098584,0.3323645378862111,0.9989884495735168,0.9027436318851659,0.34683985795293565,0.9969701170921326,0.8456396176701506,0.5129546125729882,0.9992291331291199,0.8801960718064088,0.5131916347004123,0.9987046718597412,59.783526521839256,0
908,0.8373185311044973,0.33236400144440814,0.9989833235740662,0.9027388549986347,0.34668330351511667,0.9969640970230103,0.8456399894896014,0.512932189873287,0.99922776222229,0.8801985411416924,0.5131411609195531,0.9987029433250427,59.783526521839256,0
909,0.8373289704322822,0.3323711582592558,0.9989778995513916,0.9027323694456199,0.34650204437119647,0.996954083442688,0.8456498498008371,0.5129116177558903,0.9992265701293945,0.8802044505164743,0.5130993411654522,0.9987021684646606,59.783526521839256,0
910,0.8373448820341208,0.33238244482449153,0.9989850521087646,0.9027219726925813,0.3463119892846973,0.996966540813446,0.8456748951049085,0.5128967364629113,0.9992354512214661,0.8802139191400444,0.5130692862329034,0.9987141489982605,59.783526521839256,0
911,0.8373614691552669,0.33239720690818086,0.9989948868751526,0.902710003512247,0.3461346498557502,0.9969757795333862,0.8457224596114392,0.51289291041238,0.9992471933364868,0.880225408644904,0.5130615064076018,0.9987303018569946,59.783526521839256,0
912,0.8373748205956966,0.332414181459518,0.9990045428276062,0.9027002538953516,0.34602724370502325,0.9969925284385681,0.8457790357725967,0.5128890048889891,0.9992515444755554,0.880235671997071,0.5130482798530946,0.9987353682518005,59.783526521839256,0
913,0.8373865655490338,0.3324262272743954,0.9990148544311523,0.9026950682912561,0.3459460891428451,0.9970027208328247,0.8458355154309961,0.5128898620605473,0.9992619156837463,0.8802424186751963,0.5130426798548022,0.9987484216690063,59.783526521839256,0
914,0.8373988270759589,0.3324369873319356,0.9990164041519165,0.902692309447698,0.3458497169471925,0.9969719648361206,0.8458883081163686,0.512880140826816,0.9992660284042358,0.8802500622613098,0.5130130336398174,0.9987497329711914,59.783526521839256,0
915,0.8374132258551468,0.3324579965500607,0.9990217089653015,0.9027005575952083,0.34576698002361145,0.996948778629303,0.8459288477897651,0.5128659747895745,0.9992660284042358,0.8802571041243424,0.5129752244268149,0.9987396001815796,59.783526521839256,0
916,0.8374245535759706,0.3324827991780783,0.9990310072898865,0.9027116667656678,0.34569002900804824,0.9969615340232849,0.8459548950195319,0.512850403785706,0.999269962310791,0.880263146899996,0.5129359563191735,0.9987413287162781,59.783526521839256,0
917,0.8374307836805077,0.3325218671844122,0.9990386962890625,0.9027225886072439,0.3456416981560846,0.9969566464424133,0.8459735626266123,0.5128351393200107,0.9992706775665283,0.8802707280431482,0.5129001282510308,0.9987329244613647,59.783526521839256,0
918,0.8374309880392898,0.33257238070170114,0.9990401864051819,0.9027287874903005,0.3455912853990285,0.9969429969787598,0.8459790292240332,0.5128367259388883,0.9992704391479492,0.8802723487218228,0.5128864589191623,0.998727560043335,59.783526521839256,0
919,0.8374286861646749,0.3326227097284229,0.9990391135215759,0.9027317648842229,0.34553684790929184,0.9969132542610168,0.8459791115352092,0.5128523451941358,0.9992683529853821,0.8802698765482229,0.5128971735636397,0.9987195134162903,59.783526521839256,0
920,0.8374236964044124,0.33267455583527006,0.9990301728248596,0.9027299284935004,0.3454642040388928,0.9968855381011963,0.8459791541099555,0.5128762665249057,0.999248743057251,0.8802631213551482,0.5129067330133352,0.9986876249313354,59.783526521839256,0
921,0.8374179317837677,0.3327249047302067,0.9990339279174805,0.9027309701556259,0.3453953904764996,0.9969077706336975,0.8459805108252033,0.512902452832177,0.9992477893829346,0.8802551201411662,0.5129194515092037,0.9986852407455444,59.783526521839256,0
922,0.8374147500310631,0.3327656544390181,0.9990386366844177,0.9027407254491541,0.3453262732142497,0.9969164729118347,0.8459786943026959,0.5129394247418362,0.9992509484291077,0.8802492930775604,0.5129331690924512,0.9986868500709534,59.783526521839256,0
923,0.8374157008670632,0.3328132146880743,0.999042809009552,0.9027560126213807,0.34528757135073374,0.996935248374939,0.8459847626231973,0.5129735867182418,0.999257504940033,0.8802486062049873,0.5129406650861108,0.9986990094184875,59.783526521839256,0
924,0.8374190358888542,0.3328584248111364,0.9990496039390564,0.9027708683695119,0.34524548337573124,0.9969750046730042,0.8460000497954239,0.5130079558917459,0.9992678165435791,0.8802488588151485,0.5129502671105526,0.9987166523933411,59.783526521839256,0
925,0.8374225298563647,0.33289923412459266,0.9990600943565369,0.9027807002975835,0.34521540431749276,0.9970165491104126,0.8460264943894893,0.5130277162506471,0.9992765188217163,0.8802519298735125,0.5129563780058002,0.998730480670929,59.783526521839256,0
926,0.8374234920456303,0.3329331278800967,0.9990605115890503,0.9027915710494638,0.34520253681001234,0.9970418214797974,0.8460564953940262,0.513037829172044,0.9992802143096924,0.8802533547083544,0.5129592645735972,0.9987390637397766,59.783526521839256,0
927,0.8374220870790035,0.3329574749583293,0.9990540146827698,0.902803926240831,0.34519635211853783,0.9970460534095764,0.8460822814986826,0.5130301231429695,0.9992817640304565,0.8802541920116977,0.5129509369532271,0.9987455606460571,59.783526521839256,0
928,0.8374214711643408,0.3329703623340246,0.9990417957305908,0.902824921267374,0.3451872496377857,0.9970245957374573,0.8460924142882944,0.5130253973461336,0.9992779493331909,0.8802526905423127,0.5129377841949467,0.9987407326698303,59.783526521839256,0
929,0.8374184483573557,0.3329815836179827,0.9990477561950684,0.9028475227810095,0.3451823223204843,0.9970368146896362,0.8460970833188018,0.5130272507667546,0.999285876750946,0.8802501928238649,0.5129250912439259,0.9987506866455078,59.783526521839256,0
930,0.837414741516114,0.3329877016090214,0.9990567564964294,0.902859168393272,0.3451767620586217,0.9970461130142212,0.846095712411972,0.5130349795023605,0.9992954730987549,0.8802456628708619,0.5129075078737172,0.9987595081329346,59.783526521839256,0
931,0.8374126411619647,0.33299250262124225,0.9990678429603577,0.9028657589639943,0.34518044335501563,0.9970821738243103,0.8460974891980495,0.5130511777741573,0.9993040561676025,0.8802600786799484,0.5128967336245949,0.9987711310386658,59.783526521839256,0
932,0.8374103478022991,0.3329984545707705,0.9990739226341248,0.9028473382904424,0.34518233509290813,0.9970815777778625,0.846105459190551,0.5130897930690225,0.9993119239807129,0.8802874485651658,0.5128938243502666,0.9987772703170776,59.783526521839256,0
933,0.8374058746156245,0.33300599739665104,0.999083936214447,0.9028159124510636,0.3451619886216666,0.9971078634262085,0.8461141955284852,0.513136412416186,0.9993217587471008,0.8803235150518878,0.5129025010835561,0.9987887740135193,59.783526521839256,0
934,0.8373995650382275,0.33301296688261517,0.9990823268890381,0.9027842595463715,0.3451227318672909,0.997084379196167,0.8461210018112553,0.5131636602537977,0.999320924282074,0.8803625419026335,0.5128920901389353,0.9987836480140686,59.783526521839256,0
935,0.8373887028012963,0.3330186406771345,0.9990783333778381,0.9027620866185151,0.3450771059308736,0.997060239315033,0.8461260994275418,0.51317348366692,0.9993200302124023,0.8803912940479466,0.5128735161962967,0.9987781643867493,59.783526521839256,0
936,0.837372975690025,0.3330189543110986,0.9990904927253723,0.9027501685278764,0.3450431994029457,0.9970715641975403,0.8461233888353628,0.5131579580761141,0.9993270039558411,0.8804030531928659,0.5128386446407867,0.9987844824790955,59.783526521839256,0
937,0.8373535105160311,0.33301103682745103,0.9990971088409424,0.9027588480994821,0.3450420115675248,0.9970929622650146,0.8461180613154463,0.5131152101925445,0.9993350505828857,0.8804141481717435,0.5128049793697542,0.998794674873352,59.783526521839256,0
938,0.8373320414906462,0.3330022096633914,0.9991027116775513,0.9027601281801867,0.34506235094297527,0.9971049427986145,0.8461088765235181,0.5130594429515661,0.9993460774421692,0.8804141169502628,0.5127844384738381,0.9988114833831787,59.783526521839256,0
939,0.8373133142789211,0.3329870956284662,0.9991129040718079,0.9027615331468135,0.34508941570917795,0.9971154928207397,0.8461002508799242,0.5129993671462654,0.9993597865104675,0.8804225808098209,0.5127831442015516,0.9988319277763367,59.783526521839256,0
940,0.8373012173743482,0.33296818676449036,0.9991040825843811,0.9027624272164851,0.3451226793584372,0.9971091747283936,0.846099495887757,0.5129373698007498,0.9993619918823242,0.8804435559681492,0.5127700226647518,0.9988416433334351,59.783526521839256,0
941,0.8372979192506707,0.3329506161667054,0.9991071820259094,0.9027638293447956,0.3451516088985264,0.9971108436584473,0.8461186857450582,0.5128964270864218,0.9993651509284973,0.8804810841878262,0.5127596656481429,0.9988488554954529,59.783526521839256,0
942,0.8373032155491064,0.33293262407893254,0.999103844165802,0.9027629182452255,0.3451708384922575,0.997096061706543,0.8461478409313027,0.5128840889249533,0.9993637800216675,0.8805254839715511,0.5127673773538503,0.9988491535186768,59.783526521839256,0
943,0.8373113813854405,0.3329167138962521,0.9990995526313782,0.902767255192712,0.3451803000200365,0.9970614910125732,0.8461809896287471,0.5128839328175503,0.9993577599525452,0.8805603867485416,0.5127906657400589,0.9988377094268799,59.783526521839256,0
944,0.8373178896449868,0.3329070707162224,0.9990977048873901,0.9027756424177268,0.3452004790306094,0.9970531463623047,0.8462033839452842,0.5128880881127861,0.9993560314178467,0.8805731506574729,0.5128260453542077,0.9988362193107605,59.783526521839256,0
945,0.8373204867045092,0.3329007824261986,0.9990939497947693,0.9027962258883893,0.34524202488717604,0.9970195889472961,0.8462165367035646,0.5128793915112817,0.9993554353713989,0.8805781091962549,0.5128592451413476,0.9988359808921814,59.783526521839256,0
946,0.8373196721076972,0.3328935816174464,0.9990943074226379,0.9028243961788367,0.3452971350579037,0.9969849586486816,0.8462175670124242,0.5128243565559392,0.9993606805801392,0.88056862070447,0.5128670817329775,0.9988433122634888,59.783526521839256,0
947,0.8373160078412017,0.3328839057967779,0.9991047978401184,0.9028566848664064,0.3453444228285838,0.9969742298126221,0.8462179218019765,0.5127407340776358,0.9993705749511719,0.8805611985070372,0.5128538807233178,0.9988545775413513,59.783526521839256,0
948,0.837305815446945,0.3328729328655064,0.999107837677002,0.9028812902314329,0.3453617961633776,0.996975839138031,0.846214189415887,0.5126476600056608,0.9993707537651062,0.8805541424524224,0.5128358120010017,0.9988545179367065,59.783526521839256,0
949,0.8372919871693573,0.33286218983786475,0.999103844165802,0.9028983144533074,0.34536389793668504,0.9969644546508789,0.8462102611859645,0.5125923610868912,0.9993603229522705,0.8805489682015926,0.5128523764156163,0.9988359808921814,59.783526521839256,0
950,0.8372732145445694,0.3328534251167663,0.9991077184677124,0.90290311404637,0.3453371468044465,0.9969770908355713,0.8462084418251408,0.5125657405172079,0.9993559122085571,0.8805470381464284,0.5128612149329417,0.9988254308700562,59.783526521839256,0
951,0.8372454075586235,0.3328543362163365,0.9991061687469482,0.9029058445067639,0.3452917635440829,0.9969708323478699,0.8462085780643287,0.5125573391006111,0.9993491172790527,0.8805485850288761,0.5128578089532402,0.9988068342208862,59.783526521839256,0
952,0.8372178900809522,0.3328624169031782,0.9991031289100647,0.9029055777050207,0.3452390162717731,0.9970016479492188,0.8462098780132482,0.5125338406789874,0.999336838722229,0.8805464023635508,0.5128324684642614,0.998791515827179,59.783526521839256,0
953,0.8371856155849645,0.332878425007775,0.9990978240966797,0.9029052683285311,0.34519220675740947,0.9969618916511536,0.8462062109084363,0.5125183605012443,0.9993273019790649,0.8805402886299867,0.5127970122155693,0.9987690448760986,59.783526521839256,0
954,0.8371522710436874,0.3328986778145748,0.9990938305854797,0.9029042465346206,0.3451533615589144,0.996927797794342,0.8461887353942514,0.512523404189519,0.9993160963058472,0.8805280980609719,0.5127743766421368,0.9987409710884094,59.783526521839256,0
955,0.8371292068844757,0.3329118518602283,0.9990872144699097,0.9029086005120057,0.3451468078863056,0.9968737959861755,0.8461634346417026,0.5125631718408498,0.999306857585907,0.8805133444922318,0.5127997852507096,0.9987143874168396,59.783526521839256,0
956,0.8371163209279386,0.3329123812062402,0.9990867376327515,0.9029168997492116,0.34513014413061627,0.9968728423118591,0.8461385482833506,0.5125910327548077,0.9993019700050354,0.8804982247806737,0.5128184784026377,0.9986999034881592,59.783526521839256,0
957,0.8371117398852401,0.33290575089908814,0.9990857243537903,0.9029270467304056,0.34511319796244333,0.9968604445457458,0.8461216035343359,0.5126142672130044,0.9992983937263489,0.8804885631515873,0.5128316396758674,0.9986860156059265,59.783526521839256,0
958,0.8371169850939804,0.3328938597724554,0.999087393283844,0.9029354367937368,0.34510114079430015,0.9968501329421997,0.8461180159023837,0.5126187091781984,0.9992981553077698,0.8804824976694023,0.5128300842784704,0.9986810088157654,59.783526521839256,0
959,0.8371080529122132,0.3328861040728436,0.9990890026092529,0.9029395381609606,0.34509682655334495,0.9968288540840149,0.8461213225410105,0.512628072784061,0.9993001222610474,0.8804772127242322,0.5128332802227569,0.9986771941184998,59.783526521839256,0
960,0.8370811258043569,0.332882927996772,0.9990896582603455,0.9029392571676353,0.34509423517045545,0.9968271851539612,0.8461212828045805,0.5126489173798339,0.9993010759353638,0.8804695521082203,0.512856435208094,0.9986745119094849,59.783526521839256,0
961,0.8370411708241424,0.3328813910484317,0.9990824460983276,0.9029391947246741,0.34509414434433017,0.996794581413269,0.8461200084005089,0.5126660948707948,0.9993005394935608,0.8804618290492473,0.5128767263321654,0.9986680746078491,59.783526521839256,0
962,0.8369878530502326,0.3328818905921212,0.9990783929824829,0.9029367906706681,0.3450940606139958,0.9967826008796692,0.8461130829084493,0.5126794548261737,0.9993059635162354,0.8804455371130088,0.5129280033565707,0.9986756443977356,59.783526521839256,0
963,0.8369232189087648,0.3328906382833211,0.9990774393081665,0.9029299787112652,0.3451033532619479,0.9967982172966003,0.8461053286279958,0.5126912792523706,0.9993118047714233,0.8804287683396119,0.5129876080013461,0.9986878037452698,59.783526521839256,0
964,0.8368566405205506,0.33290341070720153,0.9990738034248352,0.9029107434409014,0.34512139076278353,0.9968145489692688,0.8460975970540734,0.5126926274526691,0.999315619468689,0.880413432916006,0.5130415360132857,0.9986968040466309,59.783526521839256,0
965,0.8367803068388082,0.33292023057029385,0.9990714192390442,0.9028684071132123,0.34514289242880714,0.9968072175979614,0.8460820856548498,0.5127172299793792,0.9993202090263367,0.8803935561861317,0.5131466842833023,0.9987015128135681,59.783526521839256,0
966,0.8367048360052569,0.33293602438200115,0.9990673065185547,0.9028023594901683,0.34515518375805476,0.9968119263648987,0.8460625154631485,0.5127672922043578,0.999320924282074,0.8803716869581321,0.5132790463311336,0.9987019300460815,59.783526521839256,0
967,0.8366456656228936,0.33294608905201895,0.9990697503089905,0.90272681486039,0.345180344013941,0.9968355298042297,0.8460444694473637,0.512828994364966,0.9993250370025635,0.880351058074407,0.513399095762344,0.9987078309059143,59.783526521839256,0
968,0.8365881783621659,0.33297389461880667,0.9990727305412292,0.9026543185824447,0.34524382721810143,0.996863067150116,0.846027192615328,0.5128881250108995,0.9993277788162231,0.8803224109468013,0.5135089414460323,0.9987159371376038,59.783526521839256,0
969,0.8365382580530083,0.33301598401296734,0.9990806579589844,0.902599683829717,0.34531645547776024,0.9968948364257812,0.8460227080753878,0.5129269588561289,0.9993357062339783,0.8802968916438882,0.513569173358736,0.9987311363220215,59.783526521839256,0
970,0.8364719379515881,0.333074619372686,0.9990950226783752,0.9025588489714129,0.34540902858688743,0.9969351887702942,0.8460126519203193,0.5129301491237825,0.9993488788604736,0.8802672482672199,0.5135729312896733,0.9987576603889465,59.783526521839256,0
971,0.8363977358454757,0.33313511382965844,0.9991030097007751,0.9025293815703626,0.34550279520806837,0.9969602227210999,0.845971896534875,0.5129197012810485,0.9993578791618347,0.8802339037259427,0.5135821898778283,0.9987747073173523,59.783526521839256,0
972,0.8363283815838047,0.33318807965233244,0.9991170167922974,0.9025051451864704,0.34558224252292113,0.9970032572746277,0.8458890574319029,0.512906821001144,0.9993718862533569,0.8801938295364387,0.5136014904294699,0.9988043308258057,59.783526521839256,0
973,0.8362751659892861,0.33321666433697683,0.9991268515586853,0.9024865031242378,0.345655991917565,0.9970442652702332,0.845757805165791,0.5128898819287622,0.9993855953216553,0.8801354964574185,0.5136314062845144,0.9988332986831665,59.783526521839256,0
974,0.8362335080192209,0.3332459543432511,0.999132513999939,0.9024736767723454,0.3457278495743164,0.9970630407333374,0.8455844833737335,0.5128794057028638,0.9993932843208313,0.880058856237503,0.5136963668323702,0.9988526105880737,59.783526521839256,0
975,0.8362110115232928,0.3332670103935971,0.9991291761398315,0.9024628344036292,0.34576798762593974,0.9970605969429016,0.8454072872797656,0.5128811030160817,0.9993931651115417,0.879972954591116,0.513788067159199,0.9988579154014587,59.783526521839256,0
976,0.8361753736223501,0.3332864457652685,0.9991206526756287,0.9024453872726084,0.3457919203099753,0.9970541000366211,0.8452586701938091,0.5128798286120101,0.9993817806243896,0.8798944921720602,0.5138694672357472,0.9988434910774231,59.783526521839256,0
977,0.8361347317695624,0.333299578655334,0.9991209506988525,0.9024252749624715,0.34579595923423795,0.9970461130142212,0.8451473599388493,0.5128789686021356,0.9993849396705627,0.8798432492074519,0.5139378820146837,0.9988455772399902,59.783526521839256,0
978,0.8360930794761301,0.3333113888899488,0.9991271495819092,0.9024051626523343,0.3457906487442201,0.9970592260360718,0.8450732231140143,0.5128599263372879,0.9993915557861328,0.8798193136851,0.513982108661107,0.9988532066345215,59.783526521839256,0
979,0.8360607198306499,0.3333150190966473,0.9991395473480225,0.9023851213001076,0.34577652528172476,0.9970839023590088,0.8450242252576925,0.5128208654267452,0.9993970990180969,0.8798107022330881,0.5139966578710651,0.9988592267036438,59.783526521839256,0
980,0.8360431194305427,0.33331949370248004,0.9991503953933716,0.9023745939845138,0.34576361945697265,0.9971213936805725,0.8449836969375617,0.5127808707101009,0.9993973970413208,0.8798084003584732,0.5140162138711842,0.9988611936569214,59.783526521839256,0
981,0.8360372185707099,0.33332809805870084,0.9991565346717834,0.9023638140587587,0.3457603710038324,0.9971281886100769,0.8449453001930607,0.5127565633682982,0.9993958473205566,0.8797954576356077,0.5140527571950644,0.9988618493080139,59.783526521839256,0
982,0.8360362563814443,0.3333214251768024,0.9991586804389954,0.9023492932319648,0.3457590852464951,0.9971256852149963,0.8449082885469716,0.5127333118802029,0.9993907809257507,0.8797791486694706,0.514085514204843,0.9988566040992737,59.783526521839256,0
983,0.836031119028728,0.3333003535157161,0.9991587996482849,0.9023257919720249,0.3457562142894384,0.9971139430999756,0.8448703941844765,0.512718376659212,0.9993844032287598,0.8797591328620917,0.5141120553016667,0.9988518953323364,59.783526521839256,0
984,0.836024062974113,0.33326624262900606,0.9991735816001892,0.9022977494058162,0.34575221793992206,0.9971516132354736,0.844832394804274,0.5126977818352839,0.9993876218795776,0.8797428863389158,0.5141239421708247,0.9988613128662109,59.783526521839256,0
985,0.8360171942483818,0.33323642469587805,0.999191403388977,0.9022695791153689,0.3457588851451877,0.9971906542778015,0.8448077582177669,0.51268805492492,0.9993977546691895,0.8797321291196921,0.5141676125072301,0.9988794922828674,59.783526521839256,0
986,0.8360097124463042,0.3332004859333949,0.9992091655731201,0.9022499124209094,0.3457751103809904,0.9972314238548279,0.8447836013067342,0.5126786657742095,0.9994048476219177,0.8797173131079907,0.5142298993610205,0.9988946318626404,59.783526521839256,0
987,0.8360050689606446,0.33317019542058335,0.9992198944091797,0.9022356612341752,0.3458024518830438,0.9972661137580872,0.8447567394801555,0.5126776752017798,0.9994068741798401,0.8796930710474657,0.5143106324332105,0.9989021420478821,59.783526521839256,0
988,0.8360046943028774,0.3331303454580764,0.9992378354072571,0.9022261216526948,0.3458315744286494,0.997323751449585,0.8447381626992005,0.5126620105334695,0.9994198083877563,0.8796663341068094,0.514371270225162,0.9989281296730042,59.783526521839256,0
989,0.8360039818854565,0.3330946323417484,0.9992525577545166,0.9022176322482889,0.34585593995593866,0.9973635673522949,0.8447357444536125,0.5126415633019952,0.9994280338287354,0.8796453731400633,0.5143938178107856,0.9989410638809204,59.783526521839256,0
990,0.8360078675406326,0.33305500802539667,0.9992695450782776,0.9022094323521577,0.3458687719844639,0.9974154233932495,0.8447418922469736,0.5126171367509029,0.999435544013977,0.8796364693414604,0.5143697318576635,0.9989513158798218,59.783526521839256,0
991,0.8360145148776833,0.3330155383972897,0.9992855787277222,0.9022008350917279,0.34587054309390863,0.9974473118782043,0.8447638693309973,0.5125898009254822,0.9994427561759949,0.8796357626006723,0.514330889497485,0.998958170413971,59.783526521839256,0
992,0.8360207449822206,0.332973536990938,0.9992982745170593,0.9021921611967548,0.34586816884222515,0.99747234582901,0.8447793864068538,0.5125674435070586,0.9994459748268127,0.8796334607260574,0.5142918058804107,0.9989583492279053,59.783526521839256,0
993,0.8360262342861727,0.33292351875986403,0.9993079900741577,0.9021845715386535,0.34585726828802227,0.9974901676177979,0.8447860791569671,0.512545330183847,0.9994536638259888,0.879634442783538,0.5142469207445785,0.9989684224128723,59.783526521839256,0
994,0.8360264556748533,0.33287870032446754,0.9993197917938232,0.9021762893313461,0.34586628845759826,0.9975101947784424,0.8447964532034745,0.5125423982029873,0.9994620680809021,0.8796371675672993,0.514212304637546,0.9989797472953796,59.783526521839256,0
995,0.8360202028637848,0.33284726455098135,0.9993284940719604,0.9021693013963252,0.34588815200896517,0.997524082660675,0.8448044061660773,0.5125579862367543,0.9994662404060364,0.8796442463284454,0.5141939492452716,0.9989857077598572,59.783526521839256,0
996,0.8360137542088834,0.33282310054415776,0.9993385076522827,0.9021642690613163,0.3459280857018065,0.9975382685661316,0.8448036880720237,0.512580065500169,0.9994724988937378,0.879652869133723,0.5141971224830268,0.9989937543869019,59.783526521839256,0
997,0.8360098430088595,0.3328049991812027,0.9993511438369751,0.9021592594328388,0.34597664078076706,0.997564971446991,0.8447908049538029,0.5125903089841211,0.999481201171875,0.879657339482081,0.5142047462009252,0.9990096092224121,59.783526521839256,0
998,0.8360046119917013,0.33279906426157296,0.9993591904640198,0.902153690656027,0.34602604877381127,0.9975950121879578,0.8447728838239403,0.5126005127316433,0.9994847774505615,0.8796618807883496,0.5142275180135458,0.9990254640579224,59.783526521839256,0
999,0.8359961481321432,0.33278847308385967,0.9993596076965332,0.902148570333209,0.346052706241608,0.9975998401641846,0.8447535548891347,0.5125901330085032,0.9994820356369019,0.8796696719669168,0.5142327433540712,0.9990305304527283,59.783526521839256,0
1000,0.8359833927381612,0.332781004054206,0.9993685483932495,0.9021430129096628,0.3460778068928494,0.9976186156272888,0.8447331360408246,0.5125831450734823,0.9994853138923645,0.87967469294866,0.5142303109169011,0.9990400671958923,59.783526521839256,0
1001,0.8359686505226869,0.3327754608222419,0.9993751645088196,0.9021376257851017,0.3461009874230342,0.9976343512535095,0.8447195915948784,0.5125740965207422,0.999491810798645,0.8796840224947255,0.5142144447281252,0.9990562200546265,59.783526521839256,0
1002,0.8359576350166691,0.3327739834785464,0.9993730187416077,0.9021339671952391,0.34612762928009055,0.997633695602417,0.8447115705126815,0.5125723537944616,0.9994862079620361,0.879693493956612,0.5142031964801611,0.9990607500076294,59.783526521839256,0
1003,0.8359445815994633,0.3327766145978658,0.9993722438812256,0.9021289774349766,0.3461589869998753,0.997626543045044,0.8447035636220667,0.5125719706217452,0.9994838833808899,0.8797004393168865,0.5141876453445076,0.9990664124488831,59.783526521839256,0
1004,0.8359253321375173,0.33277868940716726,0.9993751049041748,0.9021209449995139,0.34619018435478244,0.997639000415802,0.8446987101009921,0.5125836871919183,0.9994829297065735,0.8797081368310118,0.5141884485880538,0.9990761876106262,59.783526521839256,0
1005,0.8359039652915234,0.3327778464271911,0.999377429485321,0.9021090269088753,0.3462083680289135,0.997643232345581,0.8446962833404548,0.512598364126115,0.9994861483573914,0.8797133735248027,0.5141978207088655,0.9990926384925842,59.783526521839256,0
1006,0.8358859788803834,0.332774048759824,0.999381959438324,0.9020965127717888,0.34622362397965956,0.9976529479026794,0.8446891563279295,0.5126063256036673,0.9994896054267883,0.8797092466127312,0.514211910111564,0.9991068243980408,59.783526521839256,0
1007,0.8358740834962761,0.3327735563119255,0.9993883967399597,0.9020858662469053,0.34624833010491896,0.9976502656936646,0.8446813935325266,0.5126167479015535,0.9994944930076599,0.8797031385557998,0.514225772448949,0.999117910861969,59.783526521839256,0
1008,0.8358691817238224,0.33277476259640315,0.9993962049484253,0.9020810865220577,0.3462695805799396,0.9976606369018555,0.8446737925211596,0.5126386142912369,0.9995012879371643,0.8796962641534358,0.5142441675776531,0.999129593372345,59.783526521839256,0
1009,0.8358623896326345,0.3327777243795852,0.9994069337844849,0.9020783872831443,0.34628643166451256,0.9976674914360046,0.8446698273931237,0.5126754868598216,0.9995098114013672,0.8796916433743076,0.5142549645333068,0.9991395473480225,59.783526521839256,0
1010,0.835854473568145,0.33278164977119107,0.9994140863418579,0.9020791593052099,0.34630483388900785,0.9976725578308105,0.8446653031167537,0.5127381001199999,0.9995123147964478,0.8796886972018657,0.5142722442036587,0.9991427659988403,59.783526521839256,0
1011,0.8358483115832018,0.3327837430295493,0.9994208812713623,0.9020796588488995,0.34631439191954505,0.9976725578308105,0.8446674772671297,0.5128187480426974,0.999514639377594,0.8796913169679195,0.514290122758775,0.9991452693939209,59.783526521839256,0
1012,0.835845589637757,0.3327848911285403,0.9994292259216309,0.9020801782608039,0.3463206901436763,0.997694194316864,0.8446755494390222,0.5129520921480092,0.9995173215866089,0.8796968573615671,0.5143057278224404,0.9991486668586731,59.783526521839256,0
1013,0.8358450475193213,0.3327879494144806,0.9994382262229919,0.9020800278300338,0.3463297060557777,0.9977139234542847,0.8446991216568727,0.5131347974141443,0.999518632888794,0.879713782242367,0.5143266916275029,0.9991496801376343,59.783526521839256,0
1014,0.8358424987111779,0.332785133804594,0.9994478225708008,0.9020776095844457,0.34630860033489436,0.9977197051048279,0.844741290523893,0.5132948444003155,0.999519944190979,0.8797396847179965,0.5143111319769,0.9991450309753418,59.783526521839256,0
1015,0.8358392403239303,0.33277175540015835,0.9994553327560425,0.9020760258038847,0.34626825366701425,0.9977331757545471,0.8447894283703402,0.5134513434909643,0.9995211362838745,0.8797751807031184,0.5142799786158975,0.9991412162780762,59.783526521839256,0
1016,0.8358378353573034,0.3327478638717109,0.9994643926620483,0.9020790259043383,0.34622780056226843,0.9977405667304993,0.8448360363642381,0.5135565258207779,0.9995251893997192,0.8798078752699359,0.514232802958716,0.9991403818130493,59.783526521839256,0
1017,0.8358387890316197,0.3327214434033351,0.9994741082191467,0.9020849466323859,0.3461954763957435,0.9977570176124573,0.8448771522158676,0.5136358510880248,0.9995301365852356,0.8798415490559176,0.5141874466623583,0.9991405606269836,59.783526521839256,0
1018,0.8358404466084077,0.3326982288133533,0.9994834661483765,0.9020925788652336,0.3461785543532601,0.9977658987045288,0.844902688548679,0.5137290017945431,0.9995359182357788,0.8798675962856845,0.5141646663347884,0.9991422891616821,59.783526521839256,0
1019,0.8358432451883959,0.3326864327703206,0.99949049949646,0.9021002054214484,0.3461827280975526,0.9977763891220093,0.8449177770387566,0.5138188855988643,0.9995381832122803,0.8798851143746156,0.514172148136866,0.9991393089294434,59.783526521839256,0
1020,0.8358436964807063,0.33268154377029086,0.9994966387748718,0.9021047013146544,0.34617683149519446,0.9977843761444092,0.8449240809395206,0.5138622181756161,0.9995381236076355,0.8798926529430215,0.5141541815939408,0.9991329312324524,59.783526521839256,0
1021,0.83584198213759,0.33268056455112666,0.9995023012161255,0.9021072501227976,0.34617298983392286,0.9977957606315613,0.8449262806347445,0.5138935673804514,0.9995383024215698,0.8798956360135767,0.5141185493696308,0.9991266131401062,59.783526521839256,0
1022,0.835841099421184,0.3326767583688103,0.9995080828666687,0.9021088339033588,0.34617221355438255,0.9978083372116089,0.8449364900588996,0.5138509245145892,0.9995407462120056,0.8798911088988902,0.5140302692140856,0.9991254806518555,59.783526521839256,0
1023,0.8358408326194406,0.3326725491455626,0.9995176196098328,0.9021075055712753,0.3461737448260901,0.9978384375572205,0.8449507384073174,0.5137810139429007,0.9995439648628235,0.8798887360663648,0.5139030246507558,0.9991268515586853,59.783526521839256,0
1024,0.8358401798066646,0.3326669335365298,0.9995254278182983,0.9021043749082663,0.3461750547091169,0.9978655576705933,0.8449607775324873,0.5137009961264478,0.9995449185371399,0.8798866016524186,0.5137877634593423,0.9991263151168823,59.783526521839256,0
1025,0.8358404295785093,0.3326608950183508,0.9995328783988953,0.902099944296338,0.34617145430474083,0.9978920817375183,0.8449611181304575,0.5136230531192966,0.9995471239089966,0.8798840812274396,0.5136899948120122,0.9991280436515808,59.783526521839256,0
1026,0.8358408155895423,0.33265575056984337,0.9995366334915161,0.9020957180431919,0.3461623262791409,0.9979097843170166,0.8449503779411323,0.513558665911357,0.9995443820953369,0.8798840585209081,0.5135781651451479,0.9991229772567749,59.783526521839256,0
1027,0.8358395468621034,0.3326535863535748,0.9995419979095459,0.9020929648762664,0.34615168543089037,0.9979271292686462,0.8449364332925713,0.5135100029763726,0.9995472431182861,0.8798862525394991,0.5134491806938539,0.999125599861145,59.783526521839256,0
1028,0.8358334955715003,0.33265194154921063,0.999543309211731,0.902092908109938,0.3461422054540546,0.9979313611984253,0.8449229881876997,0.5134442704064509,0.9995457530021667,0.8798897152855291,0.5132921565146678,0.9991222023963928,59.783526521839256,0
1029,0.8358227184840618,0.33265201108796283,0.9995453953742981,0.9020928201221292,0.3461345164548786,0.9979434013366699,0.8449086490131567,0.5133847991625472,0.9995495676994324,0.8798938762573976,0.5131520288331172,0.9991267919540405,59.783526521839256,0
1030,0.8358101248741157,0.3326544492017658,0.9995470643043518,0.9020953859601709,0.3461296757062279,0.9979652762413025,0.8448940260069717,0.5133104920387273,0.9995517134666443,0.8798973986080723,0.5130533774693811,0.9991307258605957,59.783526521839256,0
1031,0.8357991036914652,0.33266468417076867,0.9995465874671936,0.9020967682202664,0.34612680900664583,0.997982919216156,0.8448824854124167,0.5132292480695819,0.9995512962341309,0.8799002426011229,0.5129973576182415,0.9991327524185181,59.783526521839256,0
1032,0.8357893994876323,0.3326791567461834,0.9995477795600891,0.9020959479468217,0.3461272631372727,0.9979997873306274,0.8448733545485003,0.5131430711065024,0.999549388885498,0.8799005463009797,0.5129597925004509,0.9991288781166077,59.783526521839256,0
1033,0.8357809356280743,0.3326932802086787,0.999550461769104,0.9020952781041471,0.3461319477785204,0.9980136752128601,0.8448673316410616,0.5130314401217874,0.9995489716529846,0.8799000921703527,0.5129178648903261,0.9991262555122375,59.783526521839256,0
1034,0.8357749127206355,0.3327043751875562,0.9995546340942383,0.9020935722759799,0.34613984113647855,0.9980286955833435,0.8448582859266378,0.5129062646911262,0.9995492100715637,0.8798964761552364,0.5128717933382311,0.999123215675354,59.783526521839256,0
1035,0.8357744358834773,0.3327091435591383,0.9995585083961487,0.9020913498742248,0.3461466460000904,0.9980405569076538,0.844846427440644,0.512748553639367,0.9995504021644592,0.8798905185290752,0.5127803087234502,0.999121904373169,59.783526521839256,0
1036,0.8357802572704504,0.332707165252595,0.9995628595352173,0.9020935949825112,0.34615266039257986,0.9980674982070923,0.8448340977941248,0.512515661262331,0.9995481371879578,0.8798844019571946,0.5126064135914761,0.9991154074668884,59.783526521839256,0
1037,0.8357896407445278,0.3327095338276457,0.9995673894882202,0.9020955051694606,0.3461560692105977,0.9980910420417786,0.8448257616588055,0.5122544935771401,0.9995520710945129,0.8798796052024485,0.512375360443479,0.99912029504776,59.783526521839256,0
1038,0.8357973723184502,0.33270062860988464,0.9995690584182739,0.9021032935097111,0.34615943829218576,0.9981164932250977,0.8448072160993311,0.5119742978186839,0.9995526671409607,0.8798731650624964,0.5121108038084852,0.9991211891174316,59.783526521839256,0
1039,0.8357993704932083,0.33268550038337735,0.9995653629302979,0.9021176582291021,0.3461697541532065,0.9981219172477722,0.8447846514838089,0.5117372614996778,0.9995532035827637,0.8798684137208128,0.5118817601885118,0.9991226196289062,59.783526521839256,0
1040,0.8357955359277278,0.33266950647036264,0.9995567798614502,0.9021328857966839,0.34618817056928386,0.9981353878974915,0.844757400807881,0.511595726013184,0.9995512962341309,0.8798636481875473,0.5117448994091582,0.9991261959075928,59.783526521839256,0
1041,0.8357884656815309,0.332657215141115,0.9995542168617249,0.9021450224376868,0.34620804446084186,0.9981444478034973,0.8447337519554872,0.5115301012992863,0.9995569586753845,0.8798603557405025,0.5116720142818636,0.9991378784179688,59.783526521839256,0
1042,0.8357811229569578,0.33265379071235684,0.9995502233505249,0.902152231761388,0.34622717755181476,0.9981454014778137,0.8447191289493022,0.5115137242135551,0.9995604753494263,0.8798587350618279,0.5116404522032969,0.9991464018821716,59.783526521839256,0
1043,0.8357754775456026,0.33266160175913884,0.9995464086532593,0.902154139110021,0.3462358003570922,0.9981421232223511,0.8447167788233083,0.5115311230931967,0.9995648264884949,0.8798597029277263,0.5116316988354641,0.9991552233695984,59.783526521839256,0
1044,0.8357729656355728,0.33266395756176564,0.9995424151420593,0.9021571675936388,0.346235852865946,0.9981305599212646,0.8447130265690038,0.5115181434722178,0.9995695352554321,0.8798602195013144,0.5116002843493511,0.9991610050201416,59.783526521839256,0
1045,0.8357718303090058,0.33266403277715073,0.9995326399803162,0.9021636588232865,0.3462164018835343,0.9981178641319275,0.8447073272296368,0.5114989649681823,0.999567985534668,0.8798602109863651,0.5115707232838589,0.9991596341133118,59.783526521839256,0
1046,0.8357679645220446,0.33266249440965223,0.9995238780975342,0.9021721624192744,0.34618454745837646,0.9981052279472351,0.8447000810078219,0.511475917838869,0.9995652437210083,0.8798603131657561,0.5115462569963368,0.9991557598114014,59.783526521839256,0
1047,0.8357623389789043,0.3326676856903805,0.9995137453079224,0.9021799592744744,0.34614651969500976,0.9980902075767517,0.8446934705688847,0.5114575454166961,0.9995625019073486,0.8798604408899949,0.5115308506148206,0.9991502165794373,59.783526521839256,0
1048,0.8357569007646477,0.33267986490612966,0.9994984269142151,0.902183915887561,0.3461078618253983,0.9980584979057312,0.8446891421363474,0.5114456869307022,0.9995564222335815,0.8798589167140786,0.5115176098687313,0.9991410374641418,59.783526521839256,0
1049,0.8357528504871193,0.3326941799549832,0.9994837641716003,0.9021857068652206,0.34607351535842557,0.9980186820030212,0.844687481721243,0.5114432374636337,0.9995511770248413,0.8798588400795353,0.5115136504173283,0.9991308450698853,59.783526521839256,0
1050,0.8357505684807194,0.33270398349989055,0.9994731545448303,0.9021926579021279,0.34604647613707074,0.9979942440986633,0.8446851741699952,0.5114382533800039,0.9995466470718384,0.8798539099239175,0.5115096001398001,0.9991233944892883,59.783526521839256,0
1051,0.8357500888052447,0.3327068133013592,0.9994649291038513,0.9022111495335904,0.34601245749564424,0.9979744553565979,0.844680743558067,0.5114331586020338,0.9995439648628235,0.8798458888417207,0.5115052575156807,0.9991180896759033,59.783526521839256,0
1052,0.8357478947866537,0.332702974478404,0.9994587302207947,0.9022409660475602,0.3459753110295253,0.9979388117790222,0.8446756487800968,0.5114438051269172,0.9995424151420593,0.8798395962942221,0.5115029102280031,0.9991130232810974,59.783526521839256,0
1053,0.8357459533782239,0.3327021173068458,0.9994528293609619,0.9022788689250045,0.34593789066587205,0.997913122177124,0.8446724982488729,0.5115132587296627,0.9995415806770325,0.8798365365891236,0.5115212542670118,0.9991108179092407,59.783526521839256,0
1054,0.8357581808453521,0.3326829827967147,0.9994490742683411,0.9023298706327172,0.3458968911852158,0.9978938102722168,0.8446719305855894,0.511631392297291,0.999542772769928,0.8798333718663177,0.5115682482719426,0.9991114139556885,59.783526521839256,0
1055,0.8357795221464982,0.3326500710986912,0.9994455575942993,0.9023870655468539,0.34586228643144906,0.9978771209716797,0.8446802865891236,0.5117580550057551,0.9995421767234802,0.8798391421635953,0.5116220939727061,0.9991083741188049,59.783526521839256,0
1056,0.8358043432235724,0.3326073203768052,0.9994428157806396,0.9024472265016472,0.34583436449368826,0.9978674650192261,0.8446938707714996,0.5118583951677599,0.9995412230491638,0.8798493487494339,0.5116699196043473,0.999107837677002,59.783526521839256,0
1057,0.8358250884782706,0.3325662967704594,0.9994406700134277,0.9024984893344705,0.34581245127178406,0.9978525638580322,0.8447097284453262,0.5119181615965711,0.9995425343513489,0.8798658932958338,0.5117137914612184,0.9991097450256348,59.783526521839256,0
1058,0.8358356299854466,0.332534220956621,0.9994409680366516,0.9025300854728342,0.34579314930098426,0.9978402256965637,0.8447218196732664,0.5118904000236879,0.9995459318161011,0.8798856394631529,0.5116599854968847,0.9991137385368347,59.783526521839256,0
1059,0.8358355249677392,0.33251919349034653,0.9994417428970337,0.902539877664476,0.3457783559958143,0.997826099395752,0.8447293298585081,0.511828944796608,0.9995496869087219,0.879904922984896,0.5115455417405995,0.9991190433502197,59.783526521839256,0
1060,0.835837369873411,0.33250612020492576,0.9994431734085083,0.9025419666653596,0.3457656985237487,0.9978129267692566,0.8447301359403707,0.5117628631137671,0.9995561838150024,0.8799160945983168,0.5114208062489831,0.9991315603256226,59.783526521839256,0
1061,0.8358363509178168,0.3324997836635229,0.9994422793388367,0.9025471948442012,0.345756374654316,0.9977859854698181,0.844733269441696,0.5117036558332901,0.99956214427948,0.8799253191266748,0.511304338773092,0.9991409182548523,59.783526521839256,0
1062,0.8358366801625213,0.33249814169747516,0.9994418621063232,0.9025581081708279,0.34576065909294884,0.9977594017982483,0.8447345097859706,0.5116745687666397,0.9995699524879456,0.8799280297188539,0.5112376468522213,0.9991530179977417,59.783526521839256,0
1063,0.8358457287152615,0.3324959746428901,0.9994422793388367,0.9025827901703978,0.3457742986224949,0.9977401494979858,0.8447421562104005,0.5116764392171591,0.9995762705802917,0.8799280524253852,0.5112412884121853,0.9991627335548401,59.783526521839256,0
1064,0.835867501440503,0.3325001824469796,0.999445378780365,0.9026154989287973,0.34579233328501413,0.9977229237556458,0.844750194322496,0.5116633318719415,0.9995840787887573,0.8799244477635345,0.5112319162913735,0.999176025390625,59.783526521839256,0
1065,0.8358967531295056,0.33251582866623314,0.9994505643844604,0.9026477989696328,0.34581103495189147,0.997696042060852,0.8447642638569793,0.5116494496663415,0.9995933771133423,0.8799222310384122,0.5112280788875765,0.9991886615753174,59.783526521839256,0
1066,0.835922559102377,0.3325383521261672,0.9994544982910156,0.9026706161953162,0.34582232151712716,0.9976825714111328,0.8447810468219582,0.5116323147501269,0.9995995759963989,0.8799258186703645,0.5112251582599826,0.9991984963417053,59.783526521839256,0
1067,0.8359401878856485,0.33256251329467434,0.9994588494300842,0.9026879725002115,0.3458252464021958,0.9976797699928284,0.8447970095134923,0.511640432335082,0.9996053576469421,0.8799340838477733,0.5112456991558987,0.9992069005966187,59.783526521839256,0
1068,0.8359475816999169,0.3325820295583637,0.9994567036628723,0.9026955877031606,0.34582892344111515,0.9976567029953003,0.8448059303419938,0.5116707682609563,0.9996058344841003,0.8799424341746747,0.5112848594075161,0.999207615852356,59.783526521839256,0
1069,0.8359520889463885,0.3325896220547815,0.9994540810585022,0.9027046362559008,0.34583560625712106,0.9976351261138916,0.8448134831019818,0.5117053247633438,0.9996055364608765,0.8799505233764656,0.5113324778420589,0.9992050528526306,59.783526521839256,0
1070,0.8359553842317498,0.3325926689874561,0.9994509816169739,0.902713290282659,0.34584071664583144,0.9976153373718262,0.8448139485858742,0.5117338157835465,0.9996045827865601,0.8799537505422326,0.5113754414376763,0.9992033839225769,59.783526521839256,0
1071,0.8359638793127884,0.33259409524145606,0.9994498491287231,0.9027213738078169,0.3458507983457477,0.9976009726524353,0.8448150157928473,0.5117620485169552,0.9996064901351929,0.8799554961068297,0.5114218677793234,0.9992049336433411,59.783526521839256,0
1072,0.8359735182353435,0.3325936382725128,0.9994507431983948,0.9027264430409394,0.3458637126854491,0.9976168274879456,0.8448162305922742,0.5117864551998323,0.9996086359024048,0.8799587459791282,0.5114586324918842,0.9992119073867798,59.783526521839256,0
1073,0.8359933495521552,0.3325972982815336,0.9994577169418335,0.902731691087996,0.3458818722338906,0.997643232345581,0.844820493743534,0.5118273950758438,0.9996185302734375,0.879962847346352,0.5115165086019611,0.9992278218269348,59.783526521839256,0
1074,0.8360140465554744,0.33260211490449476,0.9994629621505737,0.9027356164796019,0.3458987956955322,0.9976633787155151,0.8448248988106144,0.5118845332236521,0.9996264576911926,0.8799674652871639,0.5116064917473571,0.9992407560348511,59.783526521839256,0
1075,0.8360444960140053,0.3326084173861007,0.9994686841964722,0.9027389259565451,0.3459130752654306,0.9976782202720642,0.844828957603092,0.5119391168866843,0.9996343851089478,0.8799709393864593,0.511698473067511,0.9992546439170837,59.783526521839256,0
1076,0.836067852519808,0.33261251023837524,0.9994709491729736,0.9027416053272437,0.3459209260486424,0.9976775050163269,0.8448304250126799,0.511978299844833,0.9996408820152283,0.8799713424273906,0.5117751643771221,0.9992664456367493,59.783526521839256,0
1077,0.8361211901619328,0.3326141507852648,0.999479353427887,0.9027488543873748,0.3459476118996032,0.9976902008056641,0.8448286737714501,0.5119949919836866,0.9996483325958252,0.8799709876378384,0.5118334633963453,0.9992786645889282,59.783526521839256,0
1078,0.8361920969826842,0.33260713730539626,0.9994847774505615,0.9027567080089031,0.34597634985333425,0.9976845979690552,0.8448323522295278,0.5119845583325344,0.9996540546417236,0.879970882620131,0.5118543505668645,0.9992881417274475,59.783526521839256,0
1079,0.8362832154546471,0.3325987500803814,0.9994941353797913,0.902766786870503,0.3460183455830531,0.9976856708526611,0.844852268695832,0.5119549490156632,0.9996630549430847,0.8799725174903877,0.5118593743869241,0.9993025064468384,59.783526521839256,0
1080,0.8363741295678282,0.33258965895289494,0.9995006322860718,0.9027770048096073,0.34606608606520184,0.997666597366333,0.8448933675175628,0.5119300229208814,0.9996678829193115,0.8799743027914145,0.5118794242540999,0.9993085265159607,59.783526521839256,0
1081,0.8364576754115883,0.33258267385619056,0.9995083808898926,0.9027912162599118,0.34609748635973275,0.997649073600769,0.844947673025586,0.5119115823791145,0.9996753931045532,0.8799760228111637,0.5118966982478191,0.9993192553520203,59.783526521839256,0
1082,0.8365265528361009,0.3325809737046562,0.9995158314704895,0.9028171017056428,0.34613599663689054,0.9976286292076111,0.8449982234409883,0.5119065727506369,0.9996825456619263,0.8799792414619816,0.5119374962080097,0.9993283152580261,59.783526521839256,0
1083,0.8366005590983806,0.3325865254515696,0.9995232224464417,0.9028522939909078,0.34620349747794044,0.9976165294647217,0.8450427793321162,0.5119095813660399,0.9996896982192993,0.8799835812477845,0.5119937544777284,0.9993379712104797,59.783526521839256,0
1084,0.8366739153862006,0.3325910497279397,0.9995326995849609,0.9028891722361253,0.34627001909982613,0.9975990056991577,0.8450862708545873,0.5119116703669234,0.9996960759162903,0.8799906032426024,0.5120427324658352,0.9993467330932617,59.783526521839256,0
1085,0.8367491932142355,0.3325957102434979,0.9995408058166504,0.9029231355303817,0.346334333930697,0.9976018667221069,0.8451254708426346,0.5119188030560815,0.9997057914733887,0.8799975883393067,0.5120864028022407,0.9993627667427063,59.783526521839256,0
1086,0.8368175171670467,0.3325966227622262,0.9995482563972473,0.9029447038968411,0.34637717547870844,0.9976109862327576,0.845163027445476,0.511909575689407,0.9997152090072632,0.8800008353732888,0.5121047894159958,0.9993782043457031,59.783526521839256,0
1087,0.8368664752869386,0.3325982434409008,0.9995532631874084,0.9029562955810917,0.34638565211069045,0.9976099133491516,0.8452042426381798,0.5118955685978848,0.9997221827507019,0.8800044230052411,0.5120989339692257,0.9993892312049866,59.783526521839256,0
1088,0.8369014376685739,0.3326037412598022,0.9995543360710144,0.9029629996844708,0.3463863432407382,0.9975808262825012,0.8452397755214153,0.5118804006349478,0.9997237324714661,0.8800132132711872,0.5120938647361033,0.9993896484375,59.783526521839256,0
1089,0.8369146415165499,0.3326120617843812,0.9995576739311218,0.9029683527492349,0.34639108180999784,0.997581422328949,0.8452720925921493,0.5118719169071747,0.999726414680481,0.8800242117473064,0.5120902118228735,0.9993935227394104,59.783526521839256,0
1090,0.8369189500808722,0.3326215687252229,0.9995578527450562,0.9029780058633721,0.3463952214944933,0.997573971748352,0.8452984832582027,0.5118703444798791,0.9997272491455078,0.8800360191436047,0.5120873706681391,0.9993929266929626,59.783526521839256,0
1091,0.8369218849000484,0.33262910445531235,0.9995589852333069,0.9029963016510016,0.34639962230409926,0.9975712895393372,0.845311343669892,0.5118714343933837,0.9997300505638123,0.8800497310502196,0.5120806211516975,0.9993965029716492,59.783526521839256,0
1092,0.8369255236216961,0.3326299658843452,0.9995605945587158,0.9030183241480879,0.34640253157842754,0.9975665807723999,0.8453110229401368,0.5118578416960584,0.9997334480285645,0.8800618648529059,0.5120645278976081,0.999401330947876,59.783526521839256,0
1093,0.8369365930557258,0.332632545913969,0.9995645880699158,0.9030372613952281,0.3464086722759976,0.9975842833518982,0.8453127316066205,0.5118429121517003,0.9997373223304749,0.8800738510631387,0.5120497516223366,0.9994072318077087,59.783526521839256,0
1094,0.8369513068880361,0.3326354211285003,0.9995671510696411,0.9030475843520398,0.34641493502117365,0.9975968599319458,0.8453122661227279,0.5118301879791991,0.9997413754463196,0.8800845543543505,0.5120403198968801,0.9994140863418579,59.783526521839256,0
1095,0.8369717739877254,0.3326323372977123,0.9995681643486023,0.9030590000606725,0.346418768167496,0.9976223111152649,0.845312913258871,0.5118180712064111,0.9997411370277405,0.8800909150214429,0.5120343991688323,0.9994142055511475,59.783526521839256,0
1096,0.8369969328244534,0.33262521738097806,0.9995720982551575,0.9030679464340218,0.34641930886677363,0.9976705312728882,0.8453200232414979,0.5118106773921426,0.9997434020042419,0.8800949681372877,0.5120342231932145,0.9994194507598877,59.783526521839256,0
1097,0.837029159069062,0.33262023755482295,0.999575674533844,0.9030893189566482,0.34642741651762127,0.9977018237113953,0.8453331277483993,0.5118033460208352,0.9997459053993225,0.8801006390934906,0.5120325798080085,0.9994260668754578,59.783526521839256,0
1098,0.8370515902837123,0.33260853659539025,0.9995815753936768,0.9031118977637524,0.3464361656279794,0.9977323412895203,0.8453446598280051,0.5117976977711636,0.999751091003418,0.8801055891173233,0.512033289387113,0.9994361996650696,59.783526521839256,0
1099,0.8370792326473061,0.33259695768356345,0.9995846152305603,0.9031483899979371,0.3464522546245941,0.9977473616600037,0.8453594928696049,0.5117953760283338,0.9997545480728149,0.8801126763934188,0.5120375355084741,0.9994425773620605,59.783526521839256,0
1100,0.8371061228570491,0.33258663472675165,0.9995821118354797,0.9031939648446591,0.34646906029610436,0.9977365732192993,0.8453696057910018,0.5117917259534204,0.9997544884681702,0.8801203313327979,0.5120418043363666,0.9994414448738098,59.783526521839256,0
1101,0.837136816410792,0.33257735627038165,0.9995810985565186,0.903248119921912,0.34648964518592495,0.9977325797080994,0.8453763269242793,0.5117880900700891,0.9997559785842896,0.8801278301647738,0.512046649342492,0.9994425177574158,59.783526521839256,0
1102,0.8371697352046066,0.33256933660734295,0.9995818734169006,0.9032931753567295,0.346515903870265,0.9977421760559082,0.845384441670918,0.511767787592752,0.9997580051422119,0.8801379601160693,0.5120407967340382,0.9994451403617859,59.783526521839256,0
1103,0.8372020267304927,0.3325698673725131,0.9995829463005066,0.9033273855845141,0.3465581933657331,0.9977430105209351,0.8453915175937478,0.5117411244483225,0.9997609853744507,0.8801472300574901,0.5120295428094415,0.9994493126869202,59.783526521839256,0
1104,0.8372207369123194,0.33256803523926537,0.9995831847190857,0.9033387672333497,0.3465987685180848,0.9977361559867859,0.8453899536814015,0.5117092388016841,0.9997639656066895,0.8801507524081646,0.512016160147531,0.9994534850120544,59.783526521839256,0
1105,0.837242157686325,0.3325672206424534,0.9995859265327454,0.9033460900897079,0.34663878310294405,0.9977506399154663,0.8453956984338313,0.5116837705884665,0.9997690916061401,0.8801572407994959,0.5120080368859432,0.999462902545929,59.783526521839256,0
1106,0.8372690251895367,0.33256652809324744,0.9995876550674438,0.9033471431050989,0.3466542661190036,0.9977744221687317,0.8454037081627626,0.5116657756623773,0.9997727870941162,0.8801633204732628,0.5120009325799492,0.9994710087776184,59.783526521839256,0
1107,0.8372990261940736,0.33256963321140864,0.9995893239974976,0.903348224503654,0.34664849014509325,0.9977874159812927,0.8454155382655922,0.5116619325819474,0.9997755289077759,0.8801727749052509,0.5119981311616447,0.9994750022888184,59.783526521839256,0
1108,0.8373312950134284,0.33257232961200556,0.9995825886726379,0.9033491725013376,0.34663111539114116,0.997778058052063,0.8454379779951919,0.511655069532849,0.9997745156288147,0.8801865322249283,0.5119940468243194,0.9994736909866333,59.783526521839256,0
1109,0.8373558521270759,0.3325763018358324,0.9995784163475037,0.9033478555225198,0.34661382152920706,0.997775137424469,0.8454653053056633,0.5116534204710101,0.9997726082801819,0.8802086994761519,0.5119930619285225,0.9994702339172363,59.783526521839256,0
1110,0.8373705489294876,0.3325771164326443,0.9995730519294739,0.9033472594760721,0.3466020609651296,0.9977693557739258,0.8454878983043496,0.5116500826109027,0.9997692108154297,0.8802292290188025,0.5119920145897643,0.9994650483131409,59.783526521839256,0
1111,0.8373815559205562,0.3325775393417906,0.9995733499526978,0.9033468706267228,0.3466030941123057,0.9977883696556091,0.8455060493378419,0.511650973842258,0.9997695684432983,0.8802556111699066,0.5119952701386955,0.999466598033905,59.783526521839256,0
1112,0.8373910841487711,0.3325751523176832,0.9995695352554321,0.903343388012478,0.3466052157538281,0.9977922439575195,0.8455141470545822,0.5116515755653386,0.9997660517692566,0.8802827085767481,0.5119961415018358,0.9994614124298096,59.783526521839256,0
1113,0.8373966330573679,0.3325797234262742,0.9995724558830261,0.9033409442220423,0.346609148241225,0.9978214502334595,0.8455180412247074,0.5116584499677026,0.9997687339782715,0.8803079298564372,0.5119993658292865,0.9994668364524841,59.783526521839256,0
1114,0.8374013049261917,0.3325920658452173,0.9995713233947754,0.9033292333285021,0.34661429552804884,0.9978243112564087,0.8455244331132805,0.5116723775863652,0.9997681975364685,0.8803243551935476,0.5120063480876745,0.9994659423828125,59.783526521839256,0
1115,0.8374068708646871,0.3326082641170141,0.9995700716972351,0.9033117805208486,0.34661341990743394,0.9978206753730774,0.8455329650924326,0.5116887717019948,0.9997694492340088,0.8803405449503952,0.5120126179286415,0.9994676113128662,59.783526521839256,0
1116,0.8374217663492483,0.3326242282277065,0.9995701313018799,0.9032953040940428,0.34661929096494426,0.9978256821632385,0.8455408158756444,0.5116957567986993,0.9997692108154297,0.8803496162096667,0.5120082696278894,0.9994673132896423,59.783526521839256,0
1117,0.8374411293438511,0.33264110627628535,0.99957275390625,0.90328183628264,0.34663535867418593,0.9978234171867371,0.8455463562692922,0.5117079757508781,0.9997720718383789,0.8803583497092845,0.5120012334414895,0.9994712471961975,59.783526521839256,0
1118,0.8374694500650686,0.33265144200552105,0.9995796084403992,0.9032780187470579,0.3466629882653557,0.9978466033935547,0.8455463591076087,0.5116738449959531,0.9997759461402893,0.8803700464112425,0.5119664300055735,0.9994780421257019,59.783526521839256,0
1119,0.8374982561383935,0.33265943186623737,0.9995867013931274,0.9032853018669862,0.3466957906881971,0.9978649020195007,0.8455539260591787,0.5116178052765987,0.9997814893722534,0.880379151730311,0.5119242696535024,0.9994874000549316,59.783526521839256,0
1120,0.8375186011904768,0.3326670428117119,0.9995947480201721,0.9032885460626519,0.34672562139374896,0.9978854060173035,0.8455659009161456,0.5115602442196441,0.9997885227203369,0.880387519087111,0.5118953727540521,0.9995002150535583,59.783526521839256,0
1121,0.8375320008822856,0.33267685629072674,0.9995986223220825,0.9032946569578995,0.3467448765323279,0.9979020357131958,0.8455814832732798,0.5115166022664028,0.9997900128364563,0.8804038876578928,0.511894285678864,0.9995037913322449,59.783526521839256,0
1122,0.8375400872457601,0.33269401107515634,0.9996024966239929,0.9032957156499235,0.34675483476547997,0.9979221224784851,0.8456189291817808,0.5114871405419854,0.9997915625572205,0.8804291997637075,0.5119113836969652,0.999506950378418,59.783526521839256,0
1123,0.8375417136010677,0.33272071395601577,0.9996036887168884,0.9032916227976489,0.3467639244738082,0.9979345202445984,0.8456657755942578,0.5115042839731493,0.9997897744178772,0.8804591865766623,0.5119683628990541,0.9995043873786926,59.783526521839256,0
1124,0.8375464053381063,0.33275743325551377,0.9996030330657959,0.9032870417549503,0.34677970125561697,0.9979535341262817,0.845709579331535,0.5115291419483371,0.9997852444648743,0.8804911062830977,0.5120453068188262,0.9994980096817017,59.783526521839256,0
1125,0.8375528398014257,0.33279917495591327,0.9996050596237183,0.903282508963631,0.34679746485891827,0.9979696869850159,0.8457501445497793,0.5115692899340678,0.9997848868370056,0.8805182036899393,0.512139805725643,0.9994973540306091,59.783526521839256,0
1126,0.8375595041683749,0.3328344935462591,0.9996034502983093,0.9032789298466282,0.3468147487867449,0.9979678392410278,0.8457672085080834,0.5116125487145928,0.999783456325531,0.8805387190410076,0.5122414202917194,0.999494731426239,59.783526521839256,0
1127,0.8375663814090554,0.33287283494359,0.9996020793914795,0.9032806158065803,0.3468286224773955,0.9979727864265442,0.8457614353724895,0.5116523248808729,0.9997814893722534,0.8805521300860821,0.5123269103822259,0.9994924068450928,59.783526521839256,0
1128,0.837571873551324,0.33290539894785226,0.9995989799499512,0.9032816773369207,0.346833319891067,0.9979732036590576,0.845755577087403,0.5116666697320488,0.9997761845588684,0.8805610026632044,0.5123654632341298,0.9994821548461914,59.783526521839256,0
1129,0.8375756882485896,0.33293647141683697,0.9995943903923035,0.9032820974077505,0.3468371558757058,0.997965931892395,0.8457491483007165,0.5116933726129083,0.9997695088386536,0.8805681325140461,0.5123939627692817,0.9994698166847229,59.783526521839256,0
1130,0.8375808993975329,0.3329750796159111,0.9995923638343811,0.9032798948742102,0.34683617949485807,0.9979679584503174,0.845746122655415,0.5117307049887525,0.999765932559967,0.8805745868455803,0.5124233790806365,0.9994622468948364,59.783526521839256,0
1131,0.8375900245848162,0.33301230555488975,0.999591588973999,0.9032813026791535,0.34684800817852957,0.99797123670578,0.8457482542310449,0.51176606189637,0.999764084815979,0.8805804167475026,0.5124489381199795,0.9994587302207947,59.783526521839256,0
1132,0.837600094931467,0.333050791706358,0.9995893239974976,0.9032850520951415,0.3468831805955799,0.9979726076126099,0.8457528324354269,0.5117921204794025,0.9997632503509521,0.8805894681385592,0.5124772389729821,0.9994571208953857,59.783526521839256,0
1133,0.837609285400028,0.3331001486097066,0.9995909929275513,0.903290442058019,0.34696072623843266,0.9979915022850037,0.8457655026799163,0.5118105042548411,0.999764621257782,0.880607309795562,0.512506260758355,0.9994603991508484,59.783526521839256,0
1134,0.8376162704967325,0.33313755052430316,0.9995892643928528,0.9032951167651592,0.34706007015137474,0.9979981780052185,0.8457830491520116,0.5118015834263396,0.9997634887695312,0.8806305584453408,0.5125194731212802,0.9994572401046753,59.783526521839256,0
1135,0.8376181381089354,0.33316901893842815,0.9995909929275513,0.9032957695779353,0.3471529739243646,0.9980217218399048,0.8458067859922144,0.5118001330466502,0.9997633695602417,0.8806609142394299,0.5125419412340442,0.9994559288024902,59.783526521839256,0
1136,0.8376192819504518,0.3332118462948575,0.9995936155319214,0.9032927439326338,0.34721110264460275,0.9980457425117493,0.8458240798541484,0.5118025995436173,0.9997627139091492,0.880683430603573,0.5125666147186647,0.9994547367095947,59.783526521839256,0
1137,0.8376261591911323,0.33325425358045696,0.9995940923690796,0.9032921365329205,0.34723628560702036,0.9980660080909729,0.8458561755362017,0.5118086621874859,0.9997610449790955,0.8807151516278592,0.5125827562241332,0.9994519352912903,59.783526521839256,0
1138,0.8376437908127201,0.3333057406402772,0.9995933175086975,0.9032920315152131,0.34724133781024413,0.9980822205543518,0.8459237615267443,0.5118185054688231,0.9997583627700806,0.8807480278469275,0.5125950688407539,0.9994471073150635,59.783526521839256,0
1139,0.8376713451885047,0.33336066773959594,0.9995942711830139,0.9032924686159414,0.34725271378244704,0.9980975985527039,0.8460353442600803,0.5118335996355333,0.9997562766075134,0.8807974940254581,0.5126066917464851,0.9994426369667053,59.783526521839256,0
1140,0.8376989960670478,0.3334006354922343,0.9995900988578796,0.9032904136748547,0.3472607973076051,0.998099148273468,0.8461521211124609,0.5118377038410736,0.9997521638870239,0.8808526708966217,0.5126097259067358,0.9994370341300964,59.783526521839256,0
1141,0.8377458793776382,0.33342627826191157,0.9995843768119812,0.9032917647134697,0.34729442142304945,0.998075008392334,0.8462552995908835,0.5118543903032944,0.9997455477714539,0.8809012259755823,0.5126192768414819,0.9994246363639832,59.783526521839256,0
1142,0.8378093356177927,0.3334501598562516,0.9995830059051514,0.9033016903059831,0.347343722979228,0.9980806112289429,0.846318775699253,0.5118780419940044,0.9997435808181763,0.8809266147159402,0.5126351941199534,0.9994213581085205,59.783526521839256,0
1143,0.8378930404072724,0.33346383060727824,0.9995836615562439,0.9033207609539947,0.34739433725674973,0.9980915784835815,0.8463505222683869,0.5118956906454908,0.9997407793998718,0.8809422822225668,0.512650983674186,0.9994169473648071,59.783526521839256,0
1144,0.8379876727149607,0.333472454831714,0.9995850324630737,0.9033486616043825,0.3474386206695015,0.9981049299240112,0.846364393120721,0.5118947000730609,0.9997391700744629,0.880946548212143,0.5126610852423172,0.9994158744812012,59.783526521839256,0
1145,0.8380874565669475,0.333476387319111,0.9995861053466797,0.9033787193752478,0.34746299896921456,0.9981120824813843,0.8463809291521716,0.5118902524312341,0.9997397661209106,0.8809583101953786,0.5126706815901261,0.9994184970855713,59.783526521839256,0
1146,0.8381649624733705,0.3334746105330334,0.9995889067649841,0.9034062567211341,0.34746932983398465,0.9981237649917603,0.8463830408595865,0.5118674891335627,0.9997414946556091,0.8809745567185545,0.5126675253822695,0.9994219541549683,59.783526521839256,0
1147,0.8382339676221218,0.3334684897036782,0.9995899796485901,0.9034337571689068,0.34748589850607403,0.9981256723403931,0.8463903296561475,0.5118094852992471,0.9997445344924927,0.8809939963477005,0.5126276867730282,0.9994279146194458,59.783526521839256,0
1148,0.8382870469774526,0.33346197009086637,0.9995915293693542,0.903461260454996,0.3475042226768678,0.9981281757354736,0.8464034057798846,0.5117211256708422,0.9997467398643494,0.8810111596470794,0.5125625899859841,0.9994324445724487,59.783526521839256,0
1149,0.8383406429063713,0.33345678022929626,0.9995940327644348,0.9034931233951031,0.3475259315399899,0.998138964176178,0.846426447232565,0.5116210693404792,0.9997469186782837,0.8810193481899451,0.5124860065323971,0.9994335174560547,59.783526521839256,0
1150,0.8384079138437914,0.33345663689431715,0.9995946288108826,0.9035228774661116,0.34754455799148226,0.9981458783149719,0.8464647332827258,0.5114887470290779,0.9997466206550598,0.8810266823995688,0.5123993555704757,0.9994349479675293,59.783526521839256,0
1151,0.8384843411899755,0.33345914170855595,0.999596357345581,0.9035459444636398,0.347556775524503,0.9981529116630554,0.8465102627163849,0.5113892441704164,0.9997458457946777,0.8810318878718792,0.5123457113901778,0.9994354248046875,59.783526521839256,0
1152,0.8385664678755267,0.33346222553934396,0.9995946884155273,0.9035695876394007,0.34757073010717143,0.9981595277786255,0.8465446773029517,0.5113229638054261,0.9997382164001465,0.8810344849314016,0.5123218241192049,0.9994258880615234,59.783526521839256,0
1153,0.8386660019556689,0.3334645345097499,0.999598503112793,0.9035927993910661,0.34758131702741013,0.9981740713119507,0.8465819585891003,0.5112938625471937,0.9997369647026062,0.8810392362730851,0.5123070762270977,0.9994249939918518,59.783526521839256,0
1154,0.8387778600056973,0.3334662218888603,0.9996023178100586,0.9036108028321046,0.34758772168840707,0.9981899857521057,0.8466133787518463,0.511311477138883,0.9997382164001465,0.8810430708385656,0.5123235242707393,0.9994286894798279,59.783526521839256,0
1155,0.8389115929603583,0.3334667526540305,0.9996064901351929,0.9036313579196029,0.3476020268031532,0.9981931447982788,0.8466556270917265,0.5113816431590493,0.9997429847717285,0.8810457814307447,0.5123635047958015,0.9994359016418457,59.783526521839256,0
1156,0.8390470402581358,0.33346764814286034,0.9996062517166138,0.9036446980067669,0.3476186153434575,0.998184859752655,0.846704820791881,0.5114596202259976,0.9997438788414001,0.8810472573552821,0.5124057048843025,0.9994389414787292,59.783526521839256,0
1157,0.8391473208154958,0.33346927307900953,0.9996086359024048,0.9036523728143608,0.3476364853836244,0.9981935620307922,0.846743285655976,0.5115418008395607,0.9997485280036926,0.8810479896409178,0.5124566753705346,0.9994480609893799,59.783526521839256,0
1158,0.8392029007275905,0.3334678794656484,0.9996109008789062,0.9036579926808682,0.3476519343398869,0.9982038140296936,0.8467598529089071,0.5115943238848736,0.9997525811195374,0.8810486736751746,0.5124701971099495,0.9994553923606873,59.783526521839256,0
1159,0.8392312555086052,0.33345710947400076,0.9996144771575928,0.9036631243569517,0.34766190676462105,0.9982144832611084,0.8467700651713786,0.5116283666519896,0.9997579455375671,0.881050158114661,0.5124537263597766,0.9994646906852722,59.783526521839256,0
1160,0.8392440676689155,0.3334402669043771,0.9996163845062256,0.9036704159918293,0.34766241908073453,0.9982163906097412,0.8467707492056353,0.511624966348921,0.999759316444397,0.8810511061123446,0.5124120400065472,0.9994682669639587,59.783526521839256,0
1161,0.8392588467825033,0.3334216659977325,0.9996169209480286,0.903684406053453,0.3476629072711584,0.9982114434242249,0.8467708996364055,0.5116044708660674,0.9997601509094238,0.8810537798064103,0.5123620231946313,0.9994690418243408,59.783526521839256,0
1162,0.8392707705497748,0.3334083656469984,0.9996151924133301,0.9037045552617036,0.3476618088427047,0.998199462890625,0.846764749004728,0.5115864248502826,0.9997607469558716,0.8810504816827327,0.5123257949238735,0.9994693398475647,59.783526521839256,0
1163,0.8392810736383718,0.3334039563224432,0.9996112585067749,0.903726191747757,0.34766538228307475,0.9981855154037476,0.8467480199677611,0.5115718841552739,0.9997605085372925,0.8810432865506134,0.512315514541808,0.9994685053825378,59.783526521839256,0
1164,0.8392793110438762,0.33340695216542227,0.9996029138565063,0.9037406359400075,0.3476714662143165,0.9981616735458374,0.8467198525156301,0.5115593728565039,0.9997562170028687,0.8810344622248703,0.5123039569173544,0.9994614124298096,59.783526521839256,0
1165,0.8392756836754942,0.33341211080551175,0.9996005296707153,0.9037491735957924,0.3476781774134866,0.9981526136398315,0.8466947107088005,0.511562375795274,0.9997559785842896,0.8810234779403331,0.5123129799252469,0.9994579553604126,59.783526521839256,0
1166,0.8392695841335122,0.33341869711875943,0.99959796667099,0.9037526164736074,0.34768154649507454,0.99814772605896,0.846672674020132,0.5115701300757276,0.9997555613517761,0.8810150651704705,0.512325431619372,0.9994559288024902,59.783526521839256,0
1167,0.8392628970600317,0.33342377912430565,0.9995926022529602,0.903755207856497,0.3476816415786746,0.9981269240379333,0.8466505947567176,0.5115820282981514,0.9997535347938538,0.8810133820488346,0.5123425665355867,0.9994494318962097,59.783526521839256,0
1168,0.8392583358855481,0.3334276207855772,0.9995889067649841,0.9037597122646521,0.3476779120309015,0.9981185793876648,0.8466322138195953,0.5115982350848974,0.9997499585151672,0.8810163622810734,0.5123582453954791,0.9994411468505859,59.783526521839256,0
1169,0.8392567066919243,0.3334287248906638,0.9995865225791931,0.9037870594433384,0.3476787365618209,0.9981198310852051,0.8466128593399418,0.5116195252963479,0.9997479319572449,0.8810234864552824,0.5123749006362193,0.9994369149208069,59.783526521839256,0
1170,0.8392549128759481,0.3334265549977623,0.9995837807655334,0.9038276019550513,0.3476788798968,0.9981180429458618,0.8465893722715838,0.5116374265579955,0.9997471570968628,0.8810323845772523,0.51238626241684,0.9994348883628845,59.783526521839256,0
1171,0.8392571352777034,0.333429935432616,0.9995811581611633,0.9038749138514208,0.34767971861930147,0.9981237649917603,0.8465715987341751,0.5116468696367177,0.9997458457946777,0.8810344082968583,0.5123951463472279,0.9994317889213562,59.783526521839256,0
1172,0.839258511861166,0.3334379167783831,0.9995768666267395,0.9039159559068233,0.34768279535429847,0.9981153607368469,0.8465590789204559,0.5116720227968129,0.9997417330741882,0.8810465392612283,0.5124096983955024,0.9994222521781921,59.783526521839256,0
1173,0.8392628346170705,0.3334474293958576,0.9995800256729126,0.9039490052631931,0.34768854152588646,0.998120903968811,0.8465535498800739,0.5116980388050991,0.9997459053993225,0.8810676733652757,0.5124280083747141,0.9994276762008667,59.783526521839256,0
1174,0.8392679293950406,0.3334594383126216,0.999580442905426,0.903964579105378,0.34769490786961177,0.9981132745742798,0.8465530105999545,0.5117575838452297,0.9997472167015076,0.8810999790827441,0.5124502352305825,0.9994264841079712,59.783526521839256,0
1175,0.8392728425207598,0.3334702253341677,0.9995789527893066,0.9039811860947389,0.3477028537364236,0.9981065392494202,0.8465483727909275,0.5118379365830199,0.9997474551200867,0.8811333378156033,0.5124773212841583,0.9994249939918518,59.783526521839256,0
1176,0.8392814227512911,0.33347525341170203,0.9995785355567932,0.9039956160954075,0.3477056650888355,0.9980990290641785,0.846536074365889,0.51191824958438,0.999747633934021,0.8811581702459433,0.5124984383583073,0.9994223713874817,59.783526521839256,0
1177,0.839293783619291,0.33348053835687214,0.9995841979980469,0.9040074575515028,0.3477010925610863,0.99810791015625,0.8465176082792742,0.5119747405960451,0.9997524619102478,0.8811696171760566,0.5124988016628087,0.9994290471076965,59.783526521839256,0
1178,0.8393107028234579,0.3334829835664661,0.999590277671814,0.904019855317616,0.3477080294064116,0.9981189370155334,0.8464694647561943,0.5119557891573229,0.999756395816803,0.881168981393179,0.5124695556504391,0.9994337558746338,59.783526521839256,0
1179,0.8393295009930934,0.3334820653711049,0.9995947480201721,0.904036414055598,0.3477279302619755,0.9981250166893005,0.8464072431836817,0.511844050316584,0.999760091304779,0.881155973389036,0.5123927933829175,0.9994381666183472,59.783526521839256,0
1180,0.8393416745322098,0.3334843189943407,0.9995985627174377,0.9040490246954425,0.34774960790361703,0.9981399178504944,0.8463434690520883,0.5116918853351052,0.9997630715370178,0.8811371269680213,0.5122684070042205,0.999444305896759,59.783526521839256,0
1181,0.8393519776208067,0.3334884771278929,0.9996002912521362,0.9040607554571977,0.34778301630701364,0.9981440901756287,0.8462953681037546,0.5115538807142352,0.9997646808624268,0.8811212494259796,0.5121424396832788,0.9994462728500366,59.783526521839256,0
1182,0.8393628370194215,0.33349322988873464,0.9996022582054138,0.9040737265632273,0.3478177416892282,0.9981493949890137,0.8462768168676473,0.5114841404415317,0.9997665882110596,0.8811130041167857,0.5120568786348619,0.999450147151947,59.783526521839256,0
1183,0.8393706367129378,0.333498618432454,0.9996058344841003,0.9040829482532691,0.34783972586904277,0.9981606006622314,0.8462852807272055,0.5114827837262839,0.9997684359550476,0.8811186693963557,0.5120193447385519,0.9994519352912903,59.783526521839256,0
1184,0.8393823050317317,0.333501702263242,0.9996053576469421,0.9040914944240033,0.3478594621022545,0.9981635212898254,0.8462967333339516,0.5114886164665227,0.9997664093971252,0.8811259837377646,0.5120177382514595,0.9994472861289978,59.783526521839256,0
1185,0.8393916487693793,0.3335009671392898,0.999608039855957,0.9040992827642539,0.3478733911400752,0.998175859451294,0.8463136582147515,0.5114881311144152,0.9997663497924805,0.8811366614841287,0.512025098005931,0.9994450211524963,59.783526521839256,0
1186,0.8393967861220957,0.33350214929807775,0.999609649181366,0.9041015335491733,0.3478702079682126,0.9981863498687744,0.8463200501033246,0.5114670310701648,0.9997662901878357,0.8811435245332271,0.512015765621549,0.9994432330131531,59.783526521839256,0
1187,0.8394035526684359,0.3335035968394509,0.9996127486228943,0.9041045166197283,0.3478667948927201,0.9982030391693115,0.84633147148859,0.5114490957487201,0.9997661709785461,0.8811544832729166,0.5120044719605223,0.9994417428970337,59.783526521839256,0
1188,0.8394091327985134,0.33350503870419124,0.9996124505996704,0.904104777744839,0.3478617710726605,0.9982081651687622,0.8463433356512168,0.5114449092320038,0.9997658729553223,0.8811650531632567,0.511999675205776,0.9994423389434814,59.783526521839256,0
1189,0.8394119313785015,0.3335070524896897,0.9996120929718018,0.9041015023276926,0.34785305460294114,0.9982205033302307,0.8463527191252942,0.5114407709666665,0.9997650980949402,0.8811742890448805,0.5119938566571195,0.9994416832923889,59.783526521839256,0
1190,0.8394139579364238,0.3335082616124837,0.9996142983436584,0.9040916363398241,0.347848550194786,0.9982284903526306,0.8463672882034672,0.5114383669126605,0.999765932559967,0.8811802523476744,0.511986871560415,0.9994433522224426,59.783526521839256,0
1191,0.8394131376629791,0.3335085610548658,0.9996174573898315,0.9040804789179855,0.3478550314903262,0.9982478618621826,0.8463925577345355,0.5114355683326726,0.9997664093971252,0.8811849412463967,0.5119797615777884,0.9994444251060486,59.783526521839256,0
1192,0.8394104100409014,0.3335168858369194,0.9996209144592285,0.904069525854929,0.3478745832329707,0.998256266117096,0.8464088837305712,0.5114292871384398,0.9997660517692566,0.8811852023715072,0.5119708066894899,0.9994444251060486,59.783526521839256,0
1193,0.8394103475979402,0.33352898983728346,0.9996206164360046,0.9040649362972811,0.3479006290435793,0.9982590079307556,0.8464415754590722,0.5114306097938905,0.999764621257782,0.8811878192992444,0.5119692002023973,0.9994405508041382,59.783526521839256,0
1194,0.8394126863706686,0.3335396548112236,0.9996222257614136,0.9040635483605528,0.3479267812910537,0.9982669949531555,0.8464761234465106,0.5114384917985829,0.9997633695602417,0.8811902943111608,0.5119780103365585,0.9994369149208069,59.783526521839256,0
1195,0.8394169920966745,0.3335559623582025,0.9996192455291748,0.9040594555082783,0.34794200176284457,0.9982659220695496,0.8465076770101282,0.5114501430874783,0.9997605085372925,0.8811923038391847,0.5119932407424568,0.9994316101074219,59.783526521839256,0
1196,0.8394208663985849,0.3335781253519515,0.999613881111145,0.9040427321479442,0.34794765710830716,0.9982536435127258,0.8465332587560025,0.5114591888019021,0.9997561573982239,0.88119281473614,0.5120064048540028,0.9994238615036011,59.783526521839256,0
1197,0.8394232051713133,0.33360897359393915,0.9996060729026794,0.9040221940903443,0.34794832695098177,0.9982283711433411,0.8465555735996799,0.5114623932611378,0.9997512698173523,0.8811925621259786,0.5120131969451909,0.999415397644043,59.783526521839256,0
1198,0.8394205797286267,0.33364478888965815,0.9995993375778198,0.9039902062643149,0.3479449819950833,0.9982136487960815,0.8465651841390708,0.511454942680541,0.9997479915618896,0.881192102318719,0.5120009212266835,0.9994108080863953,59.783526521839256,0
1199,0.8394187518528536,0.33367368295079214,0.9995942711830139,0.9039581304504766,0.3479478075390773,0.9982007145881653,0.8465753765333273,0.5114498706091022,0.9997464418411255,0.8811906491007131,0.5119862897055494,0.9994086027145386,59.783526521839256,0
1200,0.8394175143468955,0.3336873537018188,0.9995891451835632,0.9039322024299993,0.3479566190923966,0.9981831908226013,0.84657922529039,0.5114457777568276,0.9997456669807434,0.8811836668423251,0.5119732873780392,0.9994085431098938,59.783526521839256,0
1201,0.839418223926,0.3336906163465412,0.9995845556259155,0.9039147666522442,0.3479675210657577,0.9981699585914612,0.8465765856561214,0.5114384577387859,0.9997455477714539,0.8811684932027553,0.511963336240678,0.9994094371795654,59.783526521839256,0
1202,0.8394182551474805,0.33368684990065467,0.9995818138122559,0.9039048552513129,0.3479795995212739,0.9981666207313538,0.8465674746604199,0.5114306665602188,0.9997457265853882,0.8811490337053942,0.5119613352276035,0.9994109869003296,59.783526521839256,0
1203,0.8394170261564715,0.3336869080861412,0.9995793104171753,0.9039057606742503,0.34798422171956045,0.9981639981269836,0.8465582671619605,0.5114222509520399,0.999745786190033,0.881127269495102,0.5119629729361765,0.9994114637374878,59.783526521839256,0
1204,0.8394128112565911,0.33368877144086956,0.9995719194412231,0.9039039469900593,0.34797527250789484,0.9981512427330017,0.8465507342701873,0.5114176699093415,0.9997441172599792,0.8810986904870903,0.5119875697862538,0.9994086623191833,59.783526521839256,0
1205,0.8394082103456776,0.333692850101562,0.9995630383491516,0.9039036972182144,0.347969574587686,0.9981322288513184,0.8465477937743784,0.5114199575923742,0.999740481376648,0.8810669354030072,0.5120299685569041,0.9994024038314819,59.783526521839256,0
1206,0.8394048213958747,0.33369799455006943,0.9995529651641846,0.9039041996002205,0.34796598979405025,0.9981108903884888,0.8465487162272142,0.5114198724428817,0.9997380375862122,0.8810343742370612,0.5120692196346469,0.9993978142738342,59.783526521839256,0
1207,0.8394042821157552,0.3337012912545888,0.9995500445365906,0.9039054683276593,0.34796572583062335,0.9981114268302917,0.8465522783143187,0.511419256528219,0.9997379779815674,0.8810037885393422,0.512105646587554,0.9993973970413208,59.783526521839256,0
1208,0.8394031127293913,0.33370221654574106,0.9995445609092712,0.9039016025406982,0.3479699009940741,0.9980968236923218,0.8465551308223187,0.5114290402049114,0.9997348785400391,0.8809831341107693,0.5121489422661922,0.9993894696235657,59.783526521839256,0
1209,0.8394014296077553,0.3337034668241231,0.999543309211731,0.9038907601719819,0.3479710363206412,0.9980980753898621,0.8465609380177096,0.5114510229655679,0.999735951423645,0.880973486673265,0.5121880741346454,0.9993910193443298,59.783526521839256,0
1210,0.8394046283903582,0.33369662506239783,0.9995465278625488,0.9038772951988955,0.3479706517287666,0.9981036186218262,0.8465684453646348,0.5114832293419616,0.9997389316558838,0.8809682443028413,0.5122368846620836,0.9993951320648193,59.783526521839256,0
1211,0.8393978277842211,0.33368813423883376,0.9995527267456055,0.9038580769584299,0.3479723277546113,0.9981237053871155,0.8465777607191183,0.5115171131633581,0.9997417330741882,0.8809632346743637,0.5122777337119697,0.9993996024131775,59.783526521839256,0
1212,0.8393825434503108,0.3336718579133354,0.9995577335357666,0.9038371472131645,0.34796812278883826,0.9981256127357483,0.8465809623400378,0.5115277369817102,0.9997428059577942,0.8809548758325129,0.5122898618380233,0.9994003772735596,59.783526521839256,0
1213,0.8393557071685798,0.3336499943619685,0.9995567798614502,0.90382073322932,0.3479609872613637,0.9981119632720947,0.8465771391278228,0.5115242572057819,0.999741792678833,0.8809441952478324,0.5122865012713844,0.9993981719017029,59.783526521839256,0
1214,0.83931771346501,0.3336288716111867,0.9995578527450562,0.9038061414446157,0.34794944382849224,0.9981094598770142,0.8465628396897096,0.511517240887597,0.999740719795227,0.8809305003711162,0.5122860244342262,0.9993958473205566,59.783526521839256,0
1215,0.8392831001962942,0.33361621839659583,0.9995560646057129,0.9037962016605203,0.3479485199564982,0.9980925917625427,0.8465350298654473,0.5115063303992866,0.9997366666793823,0.8809122499965494,0.5122849572272532,0.9993853569030762,59.783526521839256,0
1216,0.8392608194124138,0.3336028172856288,0.9995512962341309,0.90379247778938,0.34795696110952495,0.9980764389038086,0.846498228254773,0.5114949657803494,0.9997304081916809,0.8808921802611586,0.5122871398925786,0.9993725419044495,59.783526521839256,0
1217,0.8392386691910887,0.3335938425291155,0.9995501041412354,0.903783925942013,0.347973126740683,0.998073399066925,0.8464497980617349,0.511488795280457,0.9997289180755615,0.8808644811312365,0.5122969462758022,0.9993703961372375,59.783526521839256,0
1218,0.8392136238870174,0.33357349321955754,0.9995501637458801,0.9037726266043534,0.3479853428545455,0.9980789422988892,0.8464018986338668,0.5114752196130303,0.9997263550758362,0.8808357431775056,0.5123050496691753,0.9993654489517212,59.783526521839256,0
1219,0.8391857345898954,0.33354711958340266,0.999549388885498,0.9037618608701804,0.34799233362788273,0.9980728030204773,0.8463584099497121,0.5114675902184991,0.9997237920761108,0.8808137377103178,0.5123142571676349,0.9993593096733093,59.783526521839256,0
1220,0.8391590600922001,0.3335101164522628,0.999548077583313,0.9037525682222283,0.3479929779257096,0.998070240020752,0.8463268649010438,0.5114724011648273,0.9997182488441467,0.880801024891082,0.5123220199630378,0.9993509650230408,59.783526521839256,0
1221,0.839144530750457,0.33347511291503934,0.9995505809783936,0.9037474649293089,0.3479957339309514,0.9980719089508057,0.8463118558838261,0.5114682941209706,0.9997165203094482,0.8807982433409925,0.5123022255443396,0.9993468523025513,59.783526521839256,0
1222,0.8391352295875556,0.333438507148198,0.9995497465133667,0.9037451091266822,0.3480054211048856,0.998062252998352,0.8462681571642564,0.5115268940017341,0.9997121095657349,0.880790415264312,0.5123564856393001,0.9993388652801514,59.783526521839256,0
1223,0.8391237940107079,0.33339361207825824,0.9995465874671936,0.9037425177437926,0.3480267226696017,0.9980478286743164,0.8461901063010813,0.5116293146496731,0.9997045993804932,0.8807743021420078,0.5124659935633346,0.9993245005607605,59.783526521839256,0
1224,0.8391026939664574,0.3333425578616917,0.9995376467704773,0.9037433777536672,0.3480597663493386,0.9980162978172302,0.8461062085060853,0.5117389020465674,0.9996933341026306,0.8807564718382707,0.5125906410671419,0.9993026852607727,59.783526521839256,0
1225,0.8390834132830308,0.3333011226994653,0.9995352029800415,0.9037452936172492,0.34809971707207843,0.9979937076568604,0.8460317282449639,0.511873617058709,0.9996873140335083,0.880739853495644,0.5127252737681076,0.9992892742156982,59.783526521839256,0
1226,0.8390522911435088,0.3332678746609463,0.9995309710502625,0.9037555796759477,0.3481336221808482,0.9979617595672607,0.845989434492021,0.5120022126606536,0.9996797442436218,0.880729428359441,0.512827819301969,0.9992724657058716,59.783526521839256,0
1227,0.8390195568402614,0.3332517828260152,0.9995290040969849,0.9037706284295952,0.34815630884397625,0.9979282021522522,0.8459921195393524,0.512073743911017,0.9996767044067383,0.8807300556273694,0.5128538126037239,0.9992635846138,59.783526521839256,0
1228,0.8389840154420769,0.3332484151635854,0.9995233416557312,0.9037847036407114,0.34817152505829246,0.9978893995285034,0.8459952757472091,0.5121464587393265,0.9996703863143921,0.8807279041835248,0.5128830699693593,0.9992519617080688,59.783526521839256,0
1229,0.8389505403382445,0.3332439079171138,0.9995203614234924,0.9037940445400426,0.3481773677326387,0.9978341460227966,0.8459964848700031,0.5121929929369976,0.9996641278266907,0.8807202293759308,0.5129026231311621,0.9992353916168213,59.783526521839256,0
1230,0.8388964335123705,0.3332393240360989,0.9995173215866089,0.9038016682579412,0.3481930707182206,0.9977912306785583,0.8459799147787554,0.5122722671145489,0.9996583461761475,0.8807173342931846,0.5129843325841998,0.9992219805717468,59.783526521839256,0
1231,0.8388408990133382,0.33323599611009896,0.9995142817497253,0.9037997552326754,0.34819608501025634,0.997759997844696,0.8459524881272096,0.5123917545591086,0.9996509552001953,0.8807008748962772,0.5131215765362698,0.9992052912712097,59.783526521839256,0
1232,0.8387834202675599,0.33323433001836167,0.9995144009590149,0.9037981941586457,0.3481723396551044,0.9977434873580933,0.8459274882362009,0.5125052474793939,0.9996486306190491,0.8806822810854238,0.5132510321480892,0.9991951584815979,59.783526521839256,0
1233,0.8387410442034411,0.33322686950365726,0.9995133876800537,0.9037915780430755,0.3481133977572126,0.9977432489395142,0.8459122549919862,0.5125859181086226,0.9996548295021057,0.8806520161174599,0.5133776749883383,0.9992088675498962,59.783526521839256,0
1234,0.8387126298177816,0.33321613641012315,0.9995153546333313,0.9037940048036128,0.348044839643297,0.9977519512176514,0.8458675089336584,0.5125118863014952,0.9996670484542847,0.8805942507017234,0.5133334511802314,0.9992334842681885,59.783526521839256,0
1235,0.8386978989555729,0.33320421831948444,0.9995153546333313,0.9038094679514574,0.3479860751401813,0.9977357387542725,0.8458128855341964,0.5123177454585125,0.9996713399887085,0.8805247034345361,0.5131254735447115,0.9992408752441406,59.783526521839256,0
1236,0.8386692347980688,0.3331937804108577,0.9995080232620239,0.9038381065641138,0.3479524027733578,0.9977303147315979,0.8457272904259825,0.5121213765371417,0.9996762871742249,0.8804662653378085,0.5128907476152698,0.9992575645446777,59.783526521839256,0
1237,0.8386404457546421,0.3331888885725115,0.9994995594024658,0.9038640147163762,0.34789784323601525,0.9977107048034668,0.8456306343986881,0.5118936669258849,0.9996780157089233,0.8804228476115643,0.512610032444909,0.9992698431015015,59.783526521839256,0
1238,0.8385999259494606,0.3331880101135801,0.9994936585426331,0.9038755042212356,0.3477814651670913,0.9976980686187744,0.8455502277328861,0.5116244668052314,0.9996851682662964,0.8803879278046751,0.5122932394345605,0.9992892146110535,59.783526521839256,0
1239,0.8385566700072522,0.3331727087497714,0.9994900226593018,0.9038640487761732,0.3475952474843891,0.9976994395256042,0.8454891869000033,0.5113694242068704,0.9996930360794067,0.8803364691280191,0.5120503136089873,0.9993093609809875,59.783526521839256,0
1240,0.8385147480737603,0.3331519620759149,0.9994764924049377,0.9038400820323407,0.34740307501384216,0.9976751804351807,0.8454260570662369,0.5110468495459788,0.9996886849403381,0.8802590597243543,0.5117671461332416,0.9993098378181458,59.783526521839256,0
1241,0.8384862542152411,0.33312584956487046,0.9994675517082214,0.9037972064245322,0.34724321819487103,0.9976561665534973,0.8453904305185598,0.5107585929688957,0.9996890425682068,0.8801733964965464,0.5115014683632628,0.9993149042129517,59.783526521839256,0
1242,0.8384649554888415,0.33310250866980806,0.9994569420814514,0.9037441157159358,0.34714999369212585,0.9976183176040649,0.8453702756336764,0.5105843685922173,0.9996874928474426,0.880102767830804,0.5113365167663215,0.9993126392364502,59.783526521839256,0
1243,0.8384523448489968,0.33309365028426785,0.9994409084320068,0.903678789025262,0.34710985138302786,0.9976062774658203,0.8453588457334617,0.5104968774886363,0.9996841549873352,0.8800704990114492,0.5112342862855824,0.9993183016777039,59.783526521839256,0
1244,0.8384309865179522,0.33308383396693664,0.9994301795959473,0.9036176147915075,0.34708921824182815,0.997577965259552,0.8453498255638856,0.5104599311238247,0.999681830406189,0.8800565997759507,0.5111745993296309,0.9993181824684143,59.783526521839256,0
1245,0.8384104881967824,0.3330648938814802,0.9994184374809265,0.9035665080660872,0.3470774080072133,0.9975448846817017,0.8453345582598739,0.5104739836284097,0.9996762871742249,0.8800520698229479,0.5111720590364369,0.9993136525154114,59.783526521839256,0
1246,0.8383955132393617,0.33303391507693725,0.9994072914123535,0.9035251083828162,0.3470712091241567,0.9975253343582153,0.8453221604937605,0.5104580521583562,0.9996681213378906,0.8800513148307807,0.5111491850444253,0.9993064403533936,59.783526521839256,0
1247,0.8384001992997676,0.33298853323573185,0.9993998408317566,0.9034829310008465,0.34706537496475975,0.9974981546401978,0.8453171451886501,0.5104091820262732,0.9996639490127563,0.8800498843193062,0.51110471430279,0.9993038177490234,59.783526521839256,0
1248,0.838404522055672,0.3329403159164249,0.9993972778320312,0.9034386930011575,0.3470778294972014,0.9974932670593262,0.8453165065674562,0.5103496398244589,0.9996629953384399,0.8800531427065539,0.511057848022098,0.9993069171905518,59.783526521839256,0
1249,0.8384154580888301,0.3328963035628912,0.9993959665298462,0.9033946338154029,0.3471104616210577,0.9974917769432068,0.8453017700286145,0.5102639936265495,0.9996628761291504,0.8800609196935388,0.5109904890968691,0.9993122220039368,59.783526521839256,0
1250,0.8384295503298449,0.3328498332273395,0.9993962645530701,0.9033519568897437,0.34715165268807213,0.9974920153617859,0.8452639920370926,0.5101566825594225,0.9996652603149414,0.8800703542573118,0.510890818777539,0.9993207454681396,59.783526521839256,0
1251,0.8384531225476953,0.3328158216817041,0.9993968605995178,0.9033114001864486,0.3471873005231224,0.9974870085716248,0.8452035273824426,0.5100709256671728,0.9996663331985474,0.8800765985534311,0.5108041763305669,0.9993273615837097,59.783526521839256,0
1252,0.8384914625258679,0.33278457749457613,0.9993970394134521,0.903266492344085,0.34720421405065655,0.9974734783172607,0.8451453305426104,0.5099987529572991,0.999670147895813,0.8800789288112103,0.5107152234940306,0.9993384480476379,59.783526521839256,0
1253,0.838554813748315,0.33274637517474975,0.999393105506897,0.9032260633650286,0.3472072042170028,0.9974560141563416,0.8450975474857155,0.509948001021431,0.9996743202209473,0.8800747394561774,0.510649246828897,0.9993501901626587,59.783526521839256,0
1254,0.838615985143753,0.3326874602408639,0.999393105506897,0.9031822312445875,0.34720399266197594,0.9974095821380615,0.8450696894100741,0.5099317573365715,0.9996753334999084,0.8800669908523566,0.5106200973192855,0.999351441860199,59.783526521839256,0
1255,0.8386635751951315,0.33262040217717515,0.9993889927864075,0.9031484041895192,0.34719993103118196,0.9973477125167847,0.8450516632625041,0.5099248886108403,0.9996720552444458,0.8800593870026732,0.5106125701041453,0.999344527721405,59.783526521839256,0
1256,0.8386799040294837,0.33256071947869825,0.9993849396705627,0.9031097236133765,0.34720439144543264,0.9972693920135498,0.8450331404095611,0.5099136432011926,0.9996680617332458,0.8800530007907329,0.5106021279380439,0.9993342757225037,59.783526521839256,0
1257,0.8386780591238119,0.33252814979780315,0.9993875026702881,0.9030791123708096,0.3472153998556594,0.9972169399261475,0.8450109987031853,0.509917863777706,0.9996680021286011,0.8800478492464345,0.5106114518074767,0.9993284940719604,59.783526521839256,0
1258,0.8386715309960509,0.33250495649519446,0.9993966817855835,0.9030440591630489,0.3472337424755099,0.9972307682037354,0.8449968156360452,0.5099338321458731,0.9996711015701294,0.8800489022618255,0.5106257398923242,0.9993312358856201,59.783526521839256,0
1259,0.8386873489334477,0.33248136157081265,0.9994008541107178,0.9030079103651508,0.3472443492639635,0.9971985220909119,0.8449870489892513,0.5099494457244877,0.999674916267395,0.8800438018072226,0.5106405445507598,0.9993336200714111,59.783526521839256,0
1260,0.8387206367083965,0.33244792194593553,0.9993996620178223,0.9029540078980589,0.3472358669553487,0.9971394538879395,0.8449903187297646,0.5099624622435801,0.9996731877326965,0.8800308675993064,0.5106418473379957,0.9993263483047485,59.783526521839256,0
1261,0.8388258474213743,0.33241163974716575,0.999392032623291,0.9029080073038744,0.3472066550027759,0.9970479011535645,0.8449983426502781,0.5099641283353173,0.9996709227561951,0.8800096199626022,0.5106260010174346,0.9993174076080322,59.783526521839256,0
1262,0.8389909011977066,0.332379826477596,0.9993920922279358,0.9028519363630393,0.347161290191469,0.9970081448554993,0.8450172401609882,0.5099602880932039,0.999673068523407,0.8799859711102085,0.5106047902788439,0.9993168711662292,59.783526521839256,0
1263,0.8391675863947194,0.33234840489569195,0.9993856549263,0.9027836493083417,0.34710023942447876,0.9969468116760254,0.8450527077629459,0.5099569615863622,0.9996702075004578,0.8799672864732295,0.5105728762490412,0.9993090629577637,59.783526521839256,0
1264,0.8393313714436129,0.33228424049559124,0.9993723630905151,0.9027097906385155,0.3470396513030646,0.9968306422233582,0.8450985721179424,0.5099537514504937,0.9996647834777832,0.8799625322932296,0.5105229701314657,0.9992963671684265,59.783526521839256,0
1265,0.8394869679496408,0.3322040750866847,0.9993711709976196,0.9026417334874478,0.3469740038826355,0.9967387914657593,0.8451702197392789,0.5099383762904579,0.9996672868728638,0.8799645645277847,0.5104675718716216,0.9992944002151489,59.783526521839256,0
1266,0.8396107298987259,0.33213056127230356,0.9993695020675659,0.902585495085944,0.34691686999230187,0.9966557621955872,0.8452622067360658,0.5099496217001056,0.999669075012207,0.8799735534758801,0.5104217699595863,0.9992905855178833,59.783526521839256,0
1267,0.8397309496289214,0.33207773878460867,0.999373733997345,0.9025364631698252,0.3468778686864038,0.9965968728065491,0.8453695830844705,0.5099903742472335,0.9996728897094727,0.8799827212379099,0.5103890526862376,0.9992926716804504,59.783526521839256,0
1268,0.8398231182779592,0.3320653892698745,0.9993711113929749,0.9024685564495276,0.3468308434599925,0.9964848756790161,0.8454928454898659,0.5101381568681631,0.9996680021286011,0.8799915569169189,0.5104290843009953,0.9992783069610596,59.783526521839256,0
1269,0.8398614752860303,0.3320800179526922,0.999370276927948,0.902386937822615,0.34677681043034536,0.9964145421981812,0.8456050753593451,0.5103470001901903,0.999665379524231,0.8799943554969069,0.5105202907607673,0.9992691278457642,59.783526521839256,0
1270,0.8398539367176245,0.3320962602183935,0.9993647336959839,0.9023127158482878,0.3467275400956475,0.9963743686676025,0.8456789141609562,0.5106265346209212,0.999657154083252,0.8799941568147576,0.5106465816497807,0.9992515444755554,59.783526521839256,0
1271,0.8398557986531945,0.3321101736454739,0.9993685483932495,0.9022665676616495,0.3466523204530991,0.9964203238487244,0.8457305573281795,0.5108854089464464,0.9996556043624878,0.8799879579317009,0.5108221826099218,0.9992496371269226,59.783526521839256,0
1272,0.839915451549349,0.3321147192092172,0.999374508857727,0.9022535653341391,0.34655363219124957,0.9965251684188843,0.8457653494108297,0.5110961823236378,0.999653160572052,0.879979332288107,0.511009466080439,0.9992530941963196,59.783526521839256,0
1273,0.8399959944543391,0.3321130275726321,0.9993789196014404,0.9022509143466048,0.3464525895459314,0.9966195225715637,0.8457870227949966,0.5111766400791353,0.9996520280838013,0.8799628359930863,0.5111406644185388,0.9992584586143494,59.783526521839256,0
1274,0.8400812205814187,0.3320975048201428,0.9993890523910522,0.9022569798287898,0.346360022113437,0.9967318773269653,0.8458007403782442,0.5111424412046164,0.9996564984321594,0.8799441456794745,0.5112367471059167,0.9992727041244507,59.783526521839256,0
1275,0.8401754356565936,0.33206860792069237,0.999396800994873,0.9022779379572194,0.3462989103226437,0.9968339800834656,0.8458164391063515,0.5110108625321166,0.9996645450592041,0.8799262756393077,0.5112828583944415,0.999292254447937,59.783526521839256,0
1276,0.8402865699359356,0.3320162977491109,0.9994063377380371,0.9022826978138522,0.3462724714052112,0.9969346523284912,0.8458398154803692,0.5108845659664702,0.9996650815010071,0.8799051386969438,0.5112773378690088,0.9993003010749817,59.783526521839256,0
1277,0.8404267912819279,0.33195321049009074,0.9994112849235535,0.9022780997412552,0.34626594753492473,0.9970391988754272,0.8458674862271269,0.5108091320310324,0.9996673464775085,0.8798833461034873,0.5113441064244229,0.9993106126785278,59.783526521839256,0
1278,0.8405830434390484,0.3318952563263124,0.9994103908538818,0.9022500089236676,0.3462632426193785,0.9971222877502441,0.8459062689826609,0.5108432514326917,0.9996658563613892,0.8798665546235591,0.511485630557651,0.9993154406547546,59.783526521839256,0
1279,0.840720026266008,0.3318600129513516,0.999413788318634,0.902216465700241,0.3462680422124411,0.9971892833709717,0.8459485400290723,0.5109252589089535,0.999666154384613,0.8798532060214458,0.5116443946248013,0.999319314956665,59.783526521839256,0
1280,0.8408426699184243,0.33184153976894587,0.999411940574646,0.9021878611473818,0.3462690427189784,0.9972224831581116,0.8459825231915435,0.5109695508366543,0.999660849571228,0.8798371553421027,0.5117716363498147,0.9993131160736084,59.783526521839256,0
1281,0.8409462713059932,0.3318437465599608,0.9994097352027893,0.9021805780274534,0.34626806349981426,0.9972679615020752,0.8460106509072447,0.5109878948756631,0.9996591210365295,0.8798070351282763,0.5118428270022078,0.9993163347244263,59.783526521839256,0
1282,0.8410438100496935,0.3318398041384564,0.9994021058082581,0.9021598469643373,0.3462551931540174,0.9972965717315674,0.8460381258101697,0.5109580584934784,0.9996546506881714,0.8797481343859725,0.5118194023768111,0.9993181824684143,59.783526521839256,0
1283,0.8411324222882595,0.3318368749959131,0.9993976950645447,0.9021452665328986,0.34624880268460256,0.9973371624946594,0.8460688931601394,0.5109129548072819,0.9996504187583923,0.8796613443465467,0.5117907978239518,0.999319851398468,59.783526521839256,0
1284,0.8411763423965097,0.331834028164546,0.9993930459022522,0.9021119333448872,0.34624151104972506,0.9973359704017639,0.8461195315633508,0.510888965356918,0.9996471405029297,0.8795797313962671,0.5117634705134805,0.9993186593055725,59.783526521839256,0
1285,0.8412091618492497,0.3318337301413221,0.999386191368103,0.9020839730898547,0.3462424022810803,0.997317910194397,0.8462447552453911,0.5108736725080585,0.9996451735496521,0.8795240549814141,0.5117076493444901,0.999320387840271,59.783526521839256,0
1286,0.8412476919946223,0.3318479713939487,0.999378502368927,0.9020308908962076,0.34614867539632915,0.9972862005233765,0.8464334578741172,0.5108606332824348,0.9996457099914551,0.8794996993882322,0.5116467958404909,0.9993225932121277,59.783526521839256,0
1287,0.8412788169724608,0.33187042389597243,0.9993722438812256,0.9019589935030263,0.345977102007185,0.9972089529037476,0.846620528470903,0.51081319082351,0.9996446371078491,0.8795008545830143,0.5115444660186772,0.9993162155151367,59.783526521839256,0
1288,0.8412881493568427,0.3318883478641513,0.99936842918396,0.9018684285027647,0.3457456117584594,0.9971061944961548,0.8467593334970027,0.5106347770917987,0.9996463656425476,0.8795162808327455,0.5113191065334143,0.9993119835853577,59.783526521839256,0
1289,0.8412859269550874,0.3319033895220078,0.9993667006492615,0.901790088131315,0.3455036027090893,0.9970493316650391,0.8468345942951392,0.5103331492060711,0.9996487498283386,0.8795281648635871,0.5110069201106121,0.9993112683296204,59.783526521839256,0
1290,0.8412664419128788,0.3319088873409092,0.9993623495101929,0.9017273301169992,0.34531025801386184,0.9969987869262695,0.8468342536971689,0.5099438627560937,0.9996512532234192,0.8795398019609004,0.5105684342838472,0.9993121027946472,59.783526521839256,0
1291,0.8412485434895477,0.3319063612392973,0.9993566274642944,0.9017068431490951,0.34522540938286583,0.9969732165336609,0.8468205105690736,0.5095764228275848,0.999653160572052,0.8795507720538556,0.5101114170891902,0.9993163347244263,59.783526521839256,0
1292,0.8412356433414284,0.33190433184305856,0.999348521232605,0.9016977718898235,0.34517409546034705,0.9969675540924072,0.8468136872564049,0.5093399768783937,0.9996522068977356,0.879558702309927,0.5097572292600363,0.9993160963058472,59.783526521839256,0
1293,0.8412306223596853,0.3318994839986168,0.9993407726287842,0.9016889078276505,0.34517153813725454,0.9969812035560608,0.8468095887274976,0.5092397048359829,0.9996528029441833,0.8795682305381418,0.5095318782897227,0.9993181824684143,59.783526521839256,0
1294,0.8412218235787898,0.33189600138437203,0.999337911605835,0.9016871423948386,0.34522169544583303,0.9970204830169678,0.8467962912150799,0.5092288198925204,0.9996519088745117,0.879575104940506,0.5094222426414494,0.9993182420730591,59.783526521839256,0
1295,0.8412319549492431,0.3318953854697093,0.9993358254432678,0.9016889546598709,0.3452719875744413,0.9970786571502686,0.8467882573604587,0.509167300803321,0.9996519088745117,0.879578262567521,0.5093240141868592,0.9993225932121277,59.783526521839256,0
1296,0.8412525951862336,0.331896477511951,0.9993283748626709,0.9016958986009871,0.34534364087241054,0.99711012840271,0.8467809132167272,0.5091177948883603,0.999648928642273,0.879578454153879,0.5092841088771822,0.9993195533752441,59.783526521839256,0
1297,0.8412837442897614,0.3318992775110971,0.9993146061897278,0.9017079742181867,0.34543665533974066,0.9970710277557373,0.8467742587838851,0.5090803021476382,0.9996433854103088,0.8795756796995803,0.5093025267124178,0.9993088841438293,59.783526521839256,0
