frame_id,left_shoulder_x,left_shoulder_y,left_shoulder_visibility,right_shoulder_x,right_shoulder_y,right_shoulder_visibility,left_hip_x,left_hip_y,left_hip_visibility,right_hip_x,right_hip_y,right_hip_visibility,fps,low_visibility
0,0.5073990836029963,0.5161052672635944,0.9997000694274902,0.5199799211252305,0.5256268949735734,0.9999620914459229,0.4516486915804091,0.6269572050798512,0.9997251629829407,0.45925656386784175,0.637852748235067,0.9998096823692322,59.78090766823161,0
1,0.5086318424769812,0.5160066485404972,0.9996764659881592,0.5211567538125177,0.5255271281514851,0.9999622106552124,0.4501152166298458,0.6215193569660192,0.9997127652168274,0.45556623382227784,0.6328229393277852,0.999803364276886,59.78090766823161,0
2,0.509532805000033,0.5159284770488743,0.9996423721313477,0.522010833024979,0.5254789761134557,0.9999609589576721,0.44883605199200777,0.6172053558485854,0.9997063875198364,0.4526449122599195,0.6286596570696152,0.9998009204864502,59.78090766823161,0
3,0.5101019711721515,0.5158707527887257,0.9996397495269775,0.5225421587626143,0.5254824388594859,0.9999613165855408,0.4478111976668952,0.6140152017275498,0.9997009634971619,0.45049259918076684,0.6253629014605573,0.9998018741607666,59.78090766823161,0
4,0.5101270363444379,0.5157537233261839,0.9996479749679565,0.5227268338203435,0.5254712956292293,0.9999620914459229,0.4471811708949865,0.612475923129491,0.9996978640556335,0.449578838688987,0.6229081636383424,0.9998006820678711,59.78090766823161,0
5,0.5100264095124748,0.5158724671318422,0.9996452927589417,0.5225028963316058,0.5256342376981467,0.9999611973762512,0.4464855889479323,0.6115144576345177,0.9996865391731262,0.44879560243515776,0.6215505770274576,0.9997912645339966,59.78090766823161,0
6,0.5100421110788985,0.5160209394636612,0.999645471572876,0.5218816229275298,0.5257970009531299,0.9999595284461975,0.4460822116760984,0.6109070607594087,0.9996975660324097,0.44810210381235427,0.6208171702566605,0.9997960925102234,59.78090766823161,0
7,0.5101937424568908,0.516102248714084,0.9996206760406494,0.5209682981173201,0.5261104390734722,0.9999536275863647,0.4459642838864103,0.6101939848491129,0.9996818900108337,0.44724743139176176,0.620991326513745,0.9997798800468445,59.78090766823161,0
8,0.5103624377931871,0.5160967452185499,0.9996178150177002,0.5200238852273855,0.5263350180217202,0.9999516010284424,0.4457615032082516,0.6095384785107208,0.9996769428253174,0.4464474788733894,0.6212077254340767,0.9997624754905701,59.78090766823161,0
9,0.5107262588682633,0.516053866772425,0.9996213316917419,0.5193654582613995,0.526455626601265,0.9999492764472961,0.4458806656655815,0.6089556132044116,0.9996839165687561,0.4458884653590978,0.6208605794679556,0.9997580647468567,59.78090766823161,0
10,0.5112605719339284,0.5158565186318902,0.9996146559715271,0.5192865104902362,0.5266468893914,0.9999473094940186,0.4464821971598129,0.608479934079307,0.9996839761734009,0.44587126374244723,0.6206976686205188,0.9997493624687195,59.78090766823161,0
11,0.5117992247853964,0.5157988866170251,0.9996011853218079,0.5192350943883264,0.5268095476286756,0.9999451041221619,0.447193074794043,0.6085798626854311,0.9996816515922546,0.44595879742077454,0.6208677064804808,0.9997422695159912,59.78090766823161,0
12,0.5122855930101308,0.5157015380405249,0.9995901584625244,0.519101426714943,0.5269682691210796,0.9999422430992126,0.4478779605456764,0.6085431377093002,0.9996815919876099,0.4458859804130739,0.6208124501364577,0.9997368454933167,59.78090766823161,0
13,0.5125624253636318,0.5156316501753675,0.9995799660682678,0.5189258002099542,0.5272471819605151,0.9999416470527649,0.4482810625008178,0.6084954284486321,0.9996774792671204,0.44545224167051806,0.620805646692004,0.9997355341911316,59.78090766823161,0
14,0.5125647754896259,0.5156176118623647,0.9995723366737366,0.5187557453200935,0.5273137206122993,0.9999420046806335,0.44824283321698544,0.608296862670354,0.9996617436408997,0.44484943293389856,0.6204510643368681,0.9997299313545227,59.78090766823161,0
15,0.5125932040668674,0.5156734443846207,0.9995608925819397,0.5185961325963342,0.5272432395390105,0.9999417066574097,0.4481404962993807,0.6080296749160408,0.999652624130249,0.4443319539229078,0.6199406442188087,0.999721884727478,59.78090766823161,0
16,0.5126599300475352,0.5156812384015041,0.9995244741439819,0.5184159619467603,0.5271368878228327,0.9999371767044067,0.4480207108315971,0.6073875285330278,0.9996172785758972,0.4439289655004232,0.6192813175065182,0.9996858835220337,59.78090766823161,0
17,0.5128985104106726,0.5156665813355223,0.9995232820510864,0.5179691541762583,0.526945775463468,0.9999366402626038,0.44819682126953525,0.6066876706622901,0.9996126890182495,0.44351103759947313,0.6183448235193894,0.9996786713600159,59.78090766823161,0
18,0.5131684882300245,0.5157202141625545,0.9995068311691284,0.5174691819009332,0.5266645181746714,0.9999333024024963,0.44858420462835435,0.6061717016356336,0.9995880126953125,0.4433083505857562,0.6173537742523925,0.9996491074562073,59.78090766823161,0
19,0.5133328948702135,0.5158405871618366,0.9994497299194336,0.517002539975303,0.5260937809944157,0.999927282333374,0.44897671540578243,0.6060861377489004,0.9994954466819763,0.44318864600999053,0.6165350476900742,0.9995745420455933,59.78090766823161,0
20,0.5134353637695317,0.5159487270173577,0.9993425607681274,0.5166790400232592,0.5253441333770756,0.9999200701713562,0.44929247810727113,0.6060993671417241,0.9993574619293213,0.443032291673479,0.6158242282413305,0.9995097517967224,59.78090766823161,0
21,0.5134368226641705,0.5161659689176654,0.9992665648460388,0.5164860203152615,0.5246466880752931,0.9999184608459473,0.44940351020722197,0.6062310082571852,0.9992702603340149,0.4429557323455814,0.6155022553035197,0.9994896054267883,59.78090766823161,0
22,0.5131968373344062,0.5164287118684682,0.9992443919181824,0.5164021083286834,0.5241703504607795,0.9999174475669861,0.44918292193185755,0.6064195178803948,0.9992533326148987,0.44282730846178,0.6155220553988507,0.9994779229164124,59.78090766823161,0
23,0.5129390444074362,0.5166446935562865,0.9992132782936096,0.5163200866608397,0.5239500971067523,0.9999166131019592,0.4490575818788441,0.6066231216703147,0.9992234110832214,0.44274757873444365,0.6155694155465994,0.9994624853134155,59.78090766823161,0
24,0.51270242815926,0.516735760938554,0.9991856217384338,0.5162343553134378,0.5238301441783001,0.9999161958694458,0.44898809137798523,0.6067529547782176,0.999207615852356,0.4427762585026881,0.6156193926220854,0.9994537234306335,59.78090766823161,0
25,0.5125015888895311,0.5166932883716768,0.9992047548294067,0.5161478405907045,0.5236834316026602,0.9999184012413025,0.4489118357499444,0.6067792006901338,0.9992343783378601,0.44276655855632996,0.6155972906521394,0.9994680285453796,59.78090766823161,0
26,0.5124341192699617,0.5164973224912375,0.999220609664917,0.5160574856258578,0.5236816604932153,0.999919593334198,0.4489024622099744,0.6065928198042375,0.9992530941963196,0.44274264006387654,0.6155577387128562,0.9994753003120422,59.78090766823161,0
27,0.5124195047787261,0.5164013732047312,0.9992308616638184,0.5159280583972027,0.5237351428894774,0.999921441078186,0.4489039622602012,0.6067472015108386,0.9992450475692749,0.4427233537038171,0.6155930643989931,0.9994722008705139,59.78090766823161,0
28,0.512378485429855,0.5164130046254116,0.9992260336875916,0.5157775453158792,0.5237808766819185,0.9999222755432129,0.44891782601674435,0.6072782675425217,0.9992351531982422,0.442730872404008,0.6157701384453551,0.9994686841964722,59.78090766823161,0
29,0.5123188438869662,0.5164989147867479,0.9992122650146484,0.5156348262514391,0.5237741839318052,0.9999237060546875,0.448887917257491,0.6081506382851378,0.9992156624794006,0.4427350617590408,0.6160206652822954,0.999469518661499,59.78090766823161,0
30,0.5122294142132717,0.516571164131165,0.99918133020401,0.5155046837670467,0.5237395252500265,0.999923586845398,0.4488143111978262,0.6091173120907379,0.9991940259933472,0.4427841277349566,0.6162988146146144,0.9994702935218811,59.78090766823161,0
31,0.5120894029026943,0.5166276381129313,0.9991191029548645,0.5154874296415424,0.5237302013805938,0.999920666217804,0.44865746015594155,0.6098968244734269,0.9991399049758911,0.4429252360548296,0.6165937497502287,0.9994498491287231,59.78090766823161,0
32,0.512014882905143,0.5166348133768358,0.9990951418876648,0.5155399356569567,0.5237299771535968,0.9999209046363831,0.4485914749758588,0.610212902228038,0.999129056930542,0.44310366397812284,0.6168062658537007,0.9994504451751709,59.78090766823161,0
33,0.5119944470269344,0.5166329088665194,0.9990935325622559,0.5156142541340423,0.5237930615743006,0.9999228715896606,0.44863086938858066,0.6103945260956178,0.9991384148597717,0.4432785411675775,0.6170312194597158,0.9994621872901917,59.78090766823161,0
34,0.5120571851730351,0.5163130078996935,0.9990992546081543,0.5156551031839284,0.5237619451114114,0.9999252557754517,0.4488421536627274,0.6103541737511049,0.9991471171379089,0.443440288305283,0.6172664193879995,0.9994757175445557,59.78090766823161,0
35,0.5121708767754696,0.5158678889274602,0.9990881085395813,0.5156561902591165,0.5236854326157347,0.9999256134033203,0.4490802032606946,0.6102311554409214,0.9991536140441895,0.4434360194773905,0.6174259412856333,0.9994825720787048,59.78090766823161,0
36,0.512247272900173,0.5153338142803741,0.9990663528442383,0.5156112398420065,0.5235572968210498,0.9999255537986755,0.449240156582424,0.6100522904168997,0.9991435408592224,0.4433280924956008,0.6174532288596748,0.9994851350784302,59.78090766823161,0
37,0.5122396889187045,0.5147957063856583,0.9990492463111877,0.5155643366632012,0.523381508532025,0.9999246001243591,0.44930600268500226,0.6098323577926277,0.9991632699966431,0.4432026034309754,0.6174130354608813,0.9994922876358032,59.78090766823161,0
38,0.5121951273509439,0.514276158241999,0.999032735824585,0.5155631757917862,0.5232405066490178,0.999923586845398,0.44934895918482864,0.6095860543705174,0.9991685748100281,0.4430761166981292,0.617328652313778,0.9994896650314331,59.78090766823161,0
39,0.5121327099345983,0.5139559734435313,0.9990127086639404,0.515441701525734,0.5231549484389173,0.9999226331710815,0.44927235444386837,0.6094122472263523,0.9991686940193176,0.4429686410086499,0.6172749031157725,0.9994847774505615,59.78090766823161,0
40,0.5122053594816303,0.5136919873101374,0.9989978075027466,0.5151766368321014,0.5230938167799091,0.999921441078186,0.44954726241883813,0.6092795474188673,0.999178946018219,0.44294674055916955,0.6172552591278444,0.9994859099388123,59.78090766823161,0
41,0.5123848262287325,0.5137335232325967,0.9990045428276062,0.514777867566972,0.5230403287070142,0.9999205470085144,0.4500055015087131,0.6092723125503181,0.9992127418518066,0.4428977228346329,0.6172570160457072,0.9994950890541077,59.78090766823161,0
42,0.5125644292150229,0.5139010860806423,0.9990251064300537,0.5143668594814486,0.5229828669911344,0.999920666217804,0.4504275648366841,0.609334840661004,0.9992470145225525,0.4428818353584838,0.6172508086477012,0.999507486820221,59.78090766823161,0
43,0.512647166138604,0.5140791223162701,0.9990159869194031,0.5140748421351119,0.5228315478279482,0.9999188780784607,0.45071269926570745,0.6094285448392237,0.999257504940033,0.4429261074179698,0.6172465341431759,0.9995047450065613,59.78090766823161,0
44,0.5126943645023169,0.5141542525518512,0.9989619851112366,0.5139818957873757,0.522884757745834,0.9999132752418518,0.45084047885168205,0.6094905365081065,0.9992228150367737,0.44300685042426735,0.6172558211144952,0.9994849562644958,59.78090766823161,0
45,0.5127224127451584,0.5141902991703582,0.9989472031593323,0.5139206222125466,0.523001489185152,0.9999111890792847,0.45073908851260264,0.6095374482018612,0.9992223978042603,0.44307258583250536,0.6172798219181248,0.999480128288269,59.78090766823161,0
46,0.5128272715069003,0.5142004433132357,0.998934268951416,0.5138697567440219,0.5233090945652557,0.9999101758003235,0.4508245842797419,0.609530096962339,0.9992326498031616,0.44311190644900034,0.6172960457347694,0.9994890093803406,59.78090766823161,0
47,0.5129333024933229,0.5141912301381433,0.9989327192306519,0.5137948904718675,0.523645883514768,0.9999100565910339,0.45095674054963286,0.6095190417198912,0.9992504119873047,0.44311061785334666,0.6173532037507925,0.999504029750824,59.78090766823161,0
48,0.5129398391360332,0.5140647178604493,0.9989400506019592,0.5137471925644652,0.5238364424024313,0.9999107122421265,0.4509429222061524,0.6095675116493593,0.9992748498916626,0.4431009363560453,0.617433457147508,0.9995213150978088,59.78090766823161,0
49,0.5128518484887626,0.5138827221734188,0.9989449381828308,0.513696290197827,0.5238318812279479,0.9999115467071533,0.4508130862599331,0.6096441348393763,0.9993000626564026,0.4430707849207382,0.6175194638116024,0.9995408654212952,59.78090766823161,0
50,0.5128559101195567,0.5137941298030675,0.9989180564880371,0.5135994950930282,0.523916860421499,0.9999092817306519,0.45067389096532584,0.6097370897020618,0.9992949962615967,0.4430221546263925,0.6175965893836254,0.9995331764221191,59.78090766823161,0
51,0.5129733539762955,0.513806990214757,0.9989476203918457,0.5134695143926715,0.5240046523866204,0.9999114274978638,0.4506001614388969,0.6098137696584071,0.9993141889572144,0.4429670501322977,0.6176479515575233,0.999538004398346,59.78090766823161,0
52,0.5131359753154577,0.5138904906454544,0.9989604949951172,0.5133484601974492,0.5241162521498548,0.9999125003814697,0.45057007102739277,0.6098504974728545,0.9993259310722351,0.44293252343223244,0.6176364081246517,0.9995378851890564,59.78090766823161,0
53,0.5132743858155754,0.5139759977658593,0.9989687204360962,0.5132770623479574,0.5243106285731002,0.9999129772186279,0.4505845336687001,0.6097992828914103,0.9993389844894409,0.44293561719712793,0.617656514758156,0.9995414614677429,59.78090766823161,0
54,0.5133353812353956,0.5140111588296441,0.9989673495292664,0.5132573048273726,0.5245816764377417,0.9999135136604309,0.4505715015388674,0.6097311065310529,0.999346137046814,0.44296499235289477,0.617771875290644,0.999544620513916,59.78090766823161,0
55,0.5133268379029778,0.5139981792086651,0.9989813566207886,0.5132535894711816,0.5249410527093075,0.9999150633811951,0.4505638976891839,0.6096369170007256,0.9993616938591003,0.44299759751274503,0.617967443806785,0.9995545744895935,59.78090766823161,0
56,0.5133183229537241,0.5139801388695131,0.9989942908287048,0.5132451823779518,0.525182908489591,0.9999165534973145,0.4505397365206768,0.6095863211722606,0.9993737936019897,0.443023054372697,0.6181920142400836,0.999561071395874,59.78090766823161,0
57,0.5133339053108583,0.5139234264691674,0.9989993572235107,0.5131969082923167,0.5252224093391786,0.9999184012413025,0.45054979125658706,0.6095216018813002,0.9993821978569031,0.44303319993473267,0.6183654410498487,0.9995693564414978,59.78090766823161,0
58,0.5133243515377957,0.5138292000407269,0.9989913105964661,0.5131233817055116,0.5249930790492471,0.999919056892395,0.45053697341964394,0.6094418764114384,0.9993731379508972,0.4430384962331685,0.618413661207472,0.9995647668838501,59.78090766823161,0
59,0.5133035296485542,0.5136911982581733,0.9989925026893616,0.5130432730629335,0.5246471280143379,0.9999198317527771,0.45052121224857544,0.6093143536930998,0.9993782043457031,0.4430346914700103,0.61837211960838,0.999568521976471,59.78090766823161,0
60,0.5132723933174501,0.5135498756454109,0.9990009069442749,0.5129715998967493,0.5243532373791653,0.9999207258224487,0.45044056006840333,0.6091865897178654,0.9993780255317688,0.4430263681071149,0.6183350455193297,0.9995642900466919,59.78090766823161,0
61,0.5131935619172601,0.5133939442180456,0.9990048408508301,0.5129317414192931,0.5240800863220583,0.9999216198921204,0.45026854815937256,0.6090967229434427,0.9993797540664673,0.4430175820986434,0.6183141895702913,0.9995653629302979,59.78090766823161,0
62,0.5130869632675539,0.5132811126254858,0.9990236759185791,0.5129206379254663,0.5237845154035663,0.9999234080314636,0.4500246686594831,0.6091126657667618,0.9993920922279358,0.4430032854988465,0.6183413891565237,0.9995724558830261,59.78090766823161,0
63,0.512972215811412,0.5131839485395526,0.9990291595458984,0.5129063867387322,0.5235549921081184,0.9999243021011353,0.4497799475987756,0.6091366779236571,0.9993899464607239,0.4429833392302199,0.6183747535660158,0.9995723366737366,59.78090766823161,0
64,0.5128986125900636,0.5131115601176311,0.9990362524986267,0.5128833481243682,0.5234346929050631,0.9999255537986755,0.4496482993875235,0.6091669372149882,0.9993876218795776,0.4429566349302023,0.6184295188812987,0.9995733499526978,59.78090766823161,0
65,0.5128910257702786,0.5130574476151244,0.9990358352661133,0.5128539516812283,0.5234316700980781,0.9999261498451233,0.44966219152723075,0.6092151971090412,0.9993795156478882,0.4429257654008415,0.6185089292980381,0.9995724558830261,59.78090766823161,0
66,0.5129177002679739,0.513025161765871,0.9990425109863281,0.5128392037891211,0.5235350415820171,0.999927282333374,0.44973165080660904,0.6092743816829869,0.9993779063224792,0.44290401112465666,0.6186020232382279,0.9995760917663574,59.78090766823161,0
67,0.512927509489514,0.5130016633442473,0.9990358948707581,0.5128413892927628,0.5236306190490727,0.9999271631240845,0.4497144080343704,0.6093201438585922,0.9993689656257629,0.4429005568935761,0.6186634926568899,0.9995728135108948,59.78090766823161,0
68,0.5129192783719021,0.5129953821500146,0.9990190863609314,0.5128537047477,0.5236870107196631,0.9999263286590576,0.4496076518581031,0.6093580666042514,0.9993403553962708,0.44290727518853723,0.6186853221484598,0.9995657801628113,59.78090766823161,0
69,0.5129172773588275,0.5129722413562597,0.9990164637565613,0.5128663295791267,0.5237219532330835,0.9999262690544128,0.4494999590374178,0.6093596220016485,0.9993236660957336,0.44289991543406565,0.6186569900739766,0.9995610117912292,59.78090766823161,0
70,0.5129236834389828,0.5129379062425526,0.9990209341049194,0.5128701158932282,0.5237341807002118,0.9999266862869263,0.4494239985942844,0.6093338046755115,0.9993164539337158,0.4428834304923106,0.6186197598775233,0.9995595812797546,59.78090766823161,0
71,0.5129458677201049,0.5129199709211081,0.9990185499191284,0.5128640135129297,0.5237202530815492,0.9999265074729919,0.4493956069151564,0.6093227863311772,0.9993091225624084,0.44283912721134405,0.6185832960265027,0.9995615482330322,59.78090766823161,0
72,0.5129723889487134,0.5128568808237716,0.9990279078483582,0.512866040070852,0.5237390711193997,0.9999273419380188,0.44942241907119784,0.6093193718365265,0.9993123412132263,0.442789577302479,0.6185554067293808,0.9995696544647217,59.78090766823161,0
73,0.5129908351671132,0.512763000669934,0.9990557432174683,0.512857990605491,0.5237351627576923,0.9999291896820068,0.4494288719835739,0.6092930350984851,0.9993314146995544,0.44274700965200187,0.6184909088271009,0.999579906463623,59.78090766823161,0
74,0.5129968609128683,0.512638004053207,0.9990972876548767,0.5128449598948165,0.5236965673310421,0.9999317526817322,0.44943031952494705,0.609258169219608,0.9993529915809631,0.4427312257744021,0.6184382069678538,0.999594509601593,59.78090766823161,0
75,0.5130097128096085,0.5125161437761221,0.9991251230239868,0.5128226649193541,0.523697347868057,0.9999334216117859,0.44949649629138805,0.6092283271607903,0.999363899230957,0.4427275969868618,0.6184312985056928,0.9996063709259033,59.78090766823161,0
76,0.5130149267968681,0.5124068913005652,0.999148964881897,0.512801425797599,0.5236673837616335,0.9999350905418396,0.44957282429649753,0.6091899389312385,0.9993723034858704,0.44274760427929144,0.6184155572028393,0.9996180534362793,59.78090766823161,0
77,0.5130271968387426,0.5123498070807688,0.9991623759269714,0.5127868709110083,0.5236032605171208,0.999936044216156,0.44961290416263433,0.6091859085219251,0.9993727207183838,0.4427566741194048,0.6183831265994486,0.999625563621521,59.78090766823161,0
78,0.5130372955685574,0.512293792906262,0.9991747736930847,0.5127846910839994,0.5235408601306738,0.9999367594718933,0.4496201574802402,0.6091955616360624,0.9993689656257629,0.44275776687122564,0.6183393257004879,0.9996280670166016,59.78090766823161,0
79,0.5130437357085096,0.5122650946889609,0.9991912841796875,0.5127800334067576,0.5234423393294929,0.9999380111694336,0.4495578819797156,0.6092213307108203,0.9993740916252136,0.4427394143172676,0.618269250506447,0.9996342062950134,59.78090766823161,0
80,0.5130452542077931,0.5122564264706206,0.99920654296875,0.512778909433456,0.5233598578543894,0.9999394416809082,0.4494615424247019,0.6092554415975303,0.999378502368927,0.44274461411294513,0.6182344782920115,0.9996368885040283,59.78090766823161,0
81,0.5130420242037097,0.512269204571134,0.9992156624794006,0.5127766416186382,0.5233421127001449,0.999940037727356,0.4493592395668942,0.6093023703211835,0.9993874430656433,0.4427683708213628,0.6182449743861249,0.9996404051780701,59.78090766823161,0
82,0.5130379285131186,0.5122628921554206,0.999234676361084,0.5127759348778501,0.5233401060104375,0.9999414086341858,0.44928967810812487,0.6093325302714399,0.999408483505249,0.44280671079953543,0.6182683422451933,0.9996542930603027,59.78090766823161,0
83,0.5130357827459067,0.512247122469403,0.9992529153823853,0.5127749357904711,0.5233573743275238,0.9999423623085022,0.4492280043306809,0.6093534969148187,0.9994266629219055,0.44284022847811416,0.618274935654232,0.9996663331985474,59.78090766823161,0
84,0.5130316246123545,0.5122294511113852,0.9992740750312805,0.5127678797358562,0.5233048768270587,0.9999440908432007,0.44918089253561877,0.6093466679255173,0.9994491934776306,0.44285868321146316,0.6182032653263643,0.9996828436851501,59.78090766823161,0
85,0.5130272649583366,0.51222532703763,0.9992802739143372,0.5127562539918087,0.523103583426703,0.9999448657035828,0.4491000700564615,0.609343840962365,0.9994609951972961,0.4428420038450336,0.6180277835755126,0.9996896982192993,59.78090766823161,0
86,0.513026492936271,0.5122393625123165,0.999274492263794,0.5127449092410864,0.5228421574547182,0.9999448657035828,0.44904673951012786,0.6093226500919892,0.9994504451751709,0.4428407918839231,0.6178158152671093,0.9996871948242188,59.78090766823161,0
87,0.5130212874639606,0.5122373274394448,0.9992740154266357,0.5127368058477133,0.5225434473582681,0.9999452233314514,0.4490097491514119,0.6093035397075477,0.9994571208953857,0.4428519209225976,0.6176271239916489,0.9996917843818665,59.78090766823161,0
88,0.5130163232485457,0.5122083851269317,0.9992862343788147,0.5127336524781732,0.522193088417962,0.9999459385871887,0.44900675756590747,0.609284171036312,0.9994669556617737,0.4428731032780242,0.6175036089760921,0.9996963143348694,59.78090766823161,0
89,0.5130125596409756,0.512156032380604,0.9992898106575012,0.5127276466006329,0.5219121575355534,0.9999457597732544,0.4490261347520923,0.6092645809763959,0.9994716048240662,0.4428573761667528,0.6174371270906363,0.999695897102356,59.78090766823161,0
90,0.513002679461525,0.5120709850674587,0.9992964267730713,0.5127133641924181,0.521614341508775,0.999945878982544,0.44904044838178764,0.6092831095059718,0.9994766116142273,0.4427995582421624,0.6174062093098963,0.999694287776947,59.78090766823161,0
91,0.5129832767304924,0.5119574637640094,0.999303936958313,0.5126964024135049,0.5212633070491614,0.9999463558197021,0.4489938574177882,0.6092768964313331,0.9994875192642212,0.44271487423351863,0.617321513947987,0.9996992349624634,59.78090766823161,0
92,0.5129557535761883,0.5118104389735635,0.9993130564689636,0.5126829260871528,0.5209964825993496,0.9999468922615051,0.44892081192561595,0.609129252887908,0.9995028972625732,0.4426491260528568,0.6171910365422573,0.9997072815895081,59.78090766823161,0
93,0.5129221507481171,0.5116459188007176,0.9993249177932739,0.5126692312104366,0.5208279887835189,0.9999471306800842,0.4488474996317004,0.6088648835817978,0.9995136260986328,0.4426094123295379,0.6170080417678475,0.9997076988220215,59.78090766823161,0
94,0.5128977554185055,0.5115116721107851,0.9993381500244141,0.51265994991575,0.5206735985619686,0.9999472498893738,0.44881454393977244,0.6084653508095519,0.9995219707489014,0.442604604221526,0.6167911035673964,0.9997061491012573,59.78090766823161,0
95,0.5128861069679265,0.5114421418734963,0.9993482232093811,0.5126515286309383,0.5206206554458259,0.9999468326568604,0.4488809534481597,0.6080335435413184,0.9995265007019043,0.442600094136738,0.6165888366245094,0.9997014403343201,59.78090766823161,0
96,0.5128846736181354,0.5114416990961351,0.9993512630462646,0.5126498114495055,0.5206106475421365,0.999945878982544,0.449021418889364,0.6077434051604502,0.9995288252830505,0.4426003467468992,0.6164831433977405,0.9996964931488037,59.78090766823161,0
97,0.5128943607920696,0.5114771610214601,0.9993526339530945,0.5126448188509264,0.5205364567892896,0.9999449849128723,0.44918034332139184,0.6076114035788042,0.9995297789573669,0.44260948470660655,0.61642641112918,0.9996926784515381,59.78090766823161,0
98,0.5129085069610964,0.5115440374328981,0.9993549585342407,0.5126614315169202,0.5205988713673186,0.9999440908432007,0.4493211124624529,0.6075862163589119,0.9995297193527222,0.44262451784951384,0.6164086489450369,0.9996890425682068,59.78090766823161,0
99,0.5129255907876156,0.5116375088691716,0.9993510246276855,0.512706836064657,0.5207586714199616,0.9999426603317261,0.44939437650498926,0.6076772071066362,0.9995275735855103,0.442632995900654,0.6164079194977174,0.9996823668479919,59.78090766823161,0
100,0.5129374379203437,0.5117131783848721,0.9993612766265869,0.512770533561707,0.5209279315812252,0.99994295835495,0.44940852976980705,0.6077713625771664,0.9995415806770325,0.4426412298565823,0.6164375997724992,0.9996890425682068,59.78090766823161,0
101,0.5129430861700153,0.5117812554041549,0.9993515610694885,0.5128656058084401,0.521062879335313,0.9999419450759888,0.4494007329146071,0.6078717055774875,0.9995284676551819,0.4426542861121045,0.6164969801902775,0.9996823668479919,59.78090766823161,0
102,0.512933160577502,0.5118295067832588,0.9993385672569275,0.5129847668466118,0.5211636424064641,0.9999409317970276,0.44932290344011255,0.6079545900935224,0.9995133876800537,0.44267233780452214,0.616566053458623,0.9996743202209473,59.78090766823161,0
103,0.5129199709211081,0.5118533514794854,0.9993293285369873,0.5131011605262761,0.5211537792569119,0.9999402761459351,0.449173280170986,0.6080175155685067,0.9995042085647583,0.44267352847825947,0.6166337529818222,0.9996708035469055,59.78090766823161,0
104,0.5129098636763441,0.5118973368690132,0.9993313550949097,0.5132380298205789,0.5212296701612931,0.9999407529830933,0.44900876993224775,0.608046534515563,0.9995051622390747,0.4427072093600322,0.6166840990384425,0.9996758699417114,59.78090766823161,0
105,0.5129003212565472,0.5119474189622066,0.9993357062339783,0.5133758840106786,0.5213473098618648,0.9999411106109619,0.4488243120057246,0.6080556710561121,0.9995028376579285,0.44276424958592403,0.6166984893026811,0.9996767044067383,59.78090766823161,0
106,0.5128150951294675,0.5119773035957704,0.999341607093811,0.5135163608051485,0.5214624064309261,0.9999414086341858,0.4485257807232088,0.6080796377999447,0.9994979500770569,0.4428758465108421,0.6167820152782264,0.9996760487556458,59.78090766823161,0
107,0.5126678943634038,0.5119976089114239,0.9993529915809631,0.5136555348123827,0.5215613842010502,0.9999417066574097,0.4482223036743349,0.6081212248120994,0.999504029750824,0.4430459553287146,0.6169185950642545,0.9996809363365173,59.78090766823161,0
108,0.5124880217370538,0.5119950856481283,0.9993613362312317,0.5137867274738498,0.5216975155330843,0.9999425411224365,0.447947618507204,0.6081664902823316,0.9995149374008179,0.44326143037705235,0.6170944174130764,0.9996932148933411,59.78090766823161,0
109,0.5123330922353839,0.5119846576736091,0.9993671774864197,0.5138849502518068,0.5217734064374655,0.9999426007270813,0.4477380826359707,0.6082441267513099,0.9995177984237671,0.44346658956436913,0.6172702312469487,0.99969881772995,59.78090766823161,0
110,0.512242129870824,0.5119866416567852,0.9993707537651062,0.513948222001394,0.5219349236715412,0.9999424815177917,0.4477070158436188,0.6083375272296729,0.9995142817497253,0.44364050598371635,0.617387555894398,0.9997010231018066,59.78090766823161,0
111,0.5122321560269314,0.5119798552422301,0.999362587928772,0.5139637021791372,0.5221949021021529,0.9999415874481201,0.4478199368431458,0.6084449262846088,0.9994974136352539,0.4437472082319717,0.6174036718550187,0.9996954798698425,59.78090766823161,0
112,0.5122121146747048,0.511922189167568,0.9993617534637451,0.5139901524498354,0.5225103724570506,0.9999419450759888,0.4478955283051449,0.6085497907229838,0.999495267868042,0.44381367450668735,0.617468308834803,0.9997019171714783,59.78090766823161,0
113,0.5121778448422754,0.5118368665377303,0.9993610382080078,0.5140292616117572,0.5228425548190166,0.9999420046806335,0.4479522903760278,0.6086318379356752,0.9994828104972839,0.4438489193008063,0.6175937397139417,0.9997022151947021,59.78090766823161,0
114,0.5121318073499774,0.5117455124855046,0.9993703961372375,0.5140856078692849,0.5231344501177475,0.9999434351921082,0.4479754680678961,0.6086994920458118,0.9994877576828003,0.44388198001044177,0.6177863393511096,0.9997124075889587,59.78090766823161,0
115,0.5120952356429331,0.5116567129180549,0.999372661113739,0.5141330020768307,0.5232647600628085,0.9999440908432007,0.447968952712559,0.6087450129645215,0.99948650598526,0.44390313398270415,0.6179516769590836,0.9997181296348572,59.78090766823161,0
116,0.512060750098456,0.5115816508020677,0.9993675351142883,0.5141673315139048,0.5233222615151183,0.9999441504478455,0.4479619292985829,0.6087684744880317,0.9994710683822632,0.44389437351908034,0.6180444388162527,0.9997153282165527,59.78090766823161,0
117,0.5120405157407129,0.511523116202582,0.9993578195571899,0.5141824029740837,0.5233581889243357,0.9999434351921082,0.44798855838321544,0.6087807445299063,0.9994422197341919,0.4438821233454208,0.6180410413515005,0.9997065663337708,59.78090766823161,0
118,0.5120166710444863,0.51144985641752,0.9993584752082825,0.5142025748888656,0.523405185767583,0.9999440908432007,0.44803163976896415,0.6087681679498587,0.9994296431541443,0.4438793630827044,0.6180143753687546,0.9997074604034424,59.78090766823161,0
119,0.5119933599517463,0.5114301556632637,0.9993612170219421,0.5142319145656772,0.5234468777974451,0.9999446868896484,0.4480638844626294,0.6087685738291064,0.9994201064109802,0.4438846650577731,0.618003149827322,0.9997091889381409,59.78090766823161,0
120,0.5119742041542421,0.5114606647264394,0.999356746673584,0.5142628635678976,0.5234852489970983,0.9999444484710693,0.4481300300075898,0.6087813973426823,0.9994117617607117,0.4439164769081846,0.6180124935649696,0.9997092485427856,59.78090766823161,0
121,0.511966657070887,0.5115203488440745,0.9993449449539185,0.5142862711633959,0.523482671805791,0.9999433159828186,0.44820793185915303,0.6087831939969749,0.9993910193443298,0.44394986260504987,0.6180050571759547,0.9996999502182007,59.78090766823161,0
122,0.5119615310714363,0.5115807595707126,0.9993426203727722,0.51430679786773,0.5234544731321793,0.9999431371688843,0.4482857726869133,0.6087711056073511,0.999382495880127,0.4439974867162254,0.6180148408526471,0.9996976852416992,59.78090766823161,0
123,0.5119623030935019,0.5116601330893384,0.9993419647216797,0.5143246338480999,0.5234452883402512,0.9999428987503052,0.4483662900470556,0.6087361602556143,0.9993813037872314,0.44407227919215286,0.6180461900574825,0.9996975064277649,59.78090766823161,0
124,0.511952896912893,0.5116186170350943,0.9993433952331543,0.5143480982099264,0.5234494833719168,0.9999430179595947,0.44841331669262513,0.608687852110182,0.9993745684623718,0.4441474321342654,0.6180914526893984,0.9996998906135559,59.78090766823161,0
125,0.5119402947879977,0.5115166760626297,0.9993433356285095,0.5143809999738425,0.5234170556068425,0.999943196773529,0.44841267523311473,0.608654657999675,0.9993717074394226,0.44421593490101074,0.618135824089959,0.9997048377990723,59.78090766823161,0
126,0.5119301619983858,0.5113610426584884,0.9993444681167603,0.514415698392051,0.5233687871978401,0.9999436736106873,0.4484538946832933,0.6086091314043323,0.9993789196014404,0.4443171450069976,0.618166565895081,0.9997135400772095,59.78090766823161,0
127,0.5119112133979802,0.5111997326215112,0.9993401765823364,0.514453768730164,0.5233073773838229,0.9999436736106873,0.44846996381169313,0.6085395699455629,0.9993782639503479,0.44440568912596967,0.6181742577325735,0.9997187852859497,59.78090766823161,0
128,0.5118895428521297,0.5110679041771666,0.9993382692337036,0.5144893016133993,0.5232726023310711,0.9999433159828186,0.44846173127492306,0.6084557771682744,0.9993743896484375,0.444478755905515,0.6181829770406092,0.9997185468673706,59.78090766823161,0
129,0.5118774856839865,0.5110067299434121,0.9993464350700378,0.5145209346498766,0.5232370666095193,0.999943733215332,0.4484243690967563,0.6083692596072248,0.9993946552276611,0.4445285115923204,0.6181886962481913,0.9997287392616272,59.78090766823161,0
130,0.5118576713970733,0.5109480534281053,0.9993526339530945,0.5145459827922644,0.5232302546501164,0.9999442100524902,0.44836644757361677,0.6083030558767777,0.9994149804115295,0.4445389310518904,0.6181921192577912,0.9997377991676331,59.78090766823161,0
131,0.5118599448885242,0.5110199167614896,0.9993594288825989,0.5145654735111059,0.5232427716255192,0.9999451041221619,0.44829683076767735,0.6083150647935418,0.999424397945404,0.444517484733037,0.6181920482998807,0.9997455477714539,59.78090766823161,0
132,0.5118990370205474,0.5111602147420251,0.9993641376495361,0.514570514361064,0.5232445881480268,0.9999455809593201,0.44828733518010133,0.6083826224009201,0.9994345307350159,0.44450974890163997,0.618187322503045,0.999752402305603,59.78090766823161,0
133,0.5119508022353767,0.5113127799261188,0.9993700981140137,0.5145850919541862,0.5232277796382,0.9999464154243469,0.4482964844930743,0.6084690548124772,0.9994452595710754,0.4445081637019206,0.6181755605198094,0.9997566342353821,59.78090766823161,0
134,0.5119973790077941,0.5113770308948703,0.9993670582771301,0.5146034672146755,0.523234932195573,0.9999467730522156,0.4483358391693664,0.6085541787601658,0.9994397163391113,0.44450625067665495,0.6182085587864836,0.9997536540031433,59.78090766823161,0
135,0.5120387531462174,0.5114949402355016,0.999366283416748,0.5146116330510098,0.5232670903205876,0.9999470114707947,0.44840594416572976,0.6086089043390188,0.9994357824325562,0.4444833809421179,0.6182597024100172,0.999752938747406,59.78090766823161,0
136,0.512060554254623,0.5117239185741974,0.9993658661842346,0.5146497970535646,0.5233339269955957,0.9999474287033081,0.44849408240545396,0.6086312504041768,0.9994319081306458,0.44445143143336013,0.618330964020321,0.9997542500495911,59.78090766823161,0
137,0.5120884180068974,0.5121672806285681,0.9993676543235779,0.5147555811064588,0.5235399461927872,0.9999478459358215,0.44856465856234273,0.6086375032152453,0.9994255304336548,0.44440829753875766,0.6183917295365111,0.9997517466545105,59.78090766823161,0
138,0.5121201248396015,0.512673812253135,0.9993743300437927,0.514945453121549,0.5238255461057031,0.999949038028717,0.44860961607524363,0.6086250997724992,0.9994262456893921,0.4443987281549548,0.6184610497383849,0.9997557997703552,59.78090766823161,0
139,0.5122031853312542,0.5130809914498107,0.9993886947631836,0.5152559166862856,0.5240818602698194,0.9999508261680603,0.44862465631394194,0.6086354028610961,0.999433696269989,0.4444606616383511,0.6185258201190409,0.9997619986534119,59.78090766823161,0
140,0.512297976584662,0.5132424093428116,0.9993890523910522,0.5156514076959524,0.5242641426268082,0.9999520778656006,0.44863356862749404,0.6086642117727376,0.9994435906410217,0.44464292554628315,0.6186349164871947,0.9997721910476685,59.78090766823161,0
141,0.5123965456372219,0.5134372938246958,0.9993782043457031,0.5160269623711,0.5243552242006578,0.9999528527259827,0.44864344596862826,0.6087022054763073,0.9994572401046753,0.44488124620346836,0.6187428179241368,0.9997814297676086,59.78090766823161,0
142,0.5124628856068569,0.5136688663845974,0.9993746876716614,0.516383256231036,0.5243187262898403,0.9999540448188782,0.4485671789873218,0.6087400856472203,0.9994620084762573,0.4451093659514476,0.6188307801882431,0.9997904300689697,59.78090766823161,0
143,0.5125098966416863,0.5140119336900262,0.999377429485321,0.5166889429092412,0.524474992638543,0.9999548196792603,0.44837616738818975,0.6087398954800202,0.9994792938232422,0.44522226140612686,0.6187106314159581,0.9997991919517517,59.78090766823161,0
144,0.5124890804290776,0.5145042198044917,0.9993926882743835,0.5169186166354592,0.5247440565200083,0.9999563694000244,0.44811798561187055,0.6087396939595545,0.9995076060295105,0.4452309168520432,0.6184394700186597,0.9998103380203247,59.78090766823161,0
145,0.5126032488686703,0.5150538654554462,0.9993886947631836,0.517106828235445,0.5250395820254375,0.9999555945396423,0.44792428045045796,0.6087562952722827,0.9995224475860596,0.445164582559041,0.6180209318796799,0.9998117685317993,59.78090766823161,0
146,0.5128407620248344,0.5156498891966688,0.9993656277656555,0.5172762161209474,0.525353570779165,0.9999547004699707,0.44791093610581934,0.6088142224720552,0.9995076656341553,0.44511502271606845,0.6176220348903116,0.9998027682304382,59.78090766823161,0
147,0.5131662317684722,0.516350573017484,0.9993293881416321,0.5174864189965388,0.5256869906470893,0.9999527335166931,0.4480753966740203,0.608959453446525,0.999472439289093,0.4451023042202,0.6174352906999139,0.9997830986976624,59.78090766823161,0
148,0.5135790961129328,0.5168929752849402,0.9992892146110535,0.5178434621720092,0.5258651687985378,0.999950647354126,0.44832862700734855,0.6090166682288765,0.9994258880615234,0.44513881206512484,0.61729512612025,0.999763011932373,59.78090766823161,0
149,0.5141425530115767,0.5172511850084581,0.9992635250091553,0.5183055968511676,0.5261549807730179,0.9999498724937439,0.44863320106551796,0.608892767202287,0.9994173049926758,0.445172176474617,0.6170491462662111,0.9997629523277283,59.78090766823161,0
150,0.5146784385045373,0.5174513232140319,0.999275803565979,0.5188280571074717,0.5263891759372897,0.9999510049819946,0.4488535424073541,0.6086719433466599,0.9994329214096069,0.4452749675228486,0.6166463465917683,0.9997706413269043,59.78090766823161,0
151,0.5153331586292815,0.5174885221890044,0.9992753863334656,0.5192842597053169,0.5265434441112341,0.9999507665634155,0.44911848363422247,0.6083492069017324,0.999442994594574,0.4454391272295093,0.6161271816208254,0.999773383140564,59.78090766823161,0
152,0.5161253128732958,0.5175981663522271,0.999276340007782,0.519514762219929,0.5266549047969641,0.9999514222145081,0.4495621181669693,0.6080678445952284,0.9994446635246277,0.4456686249801094,0.615692345868974,0.9997760653495789,59.78090766823161,0
153,0.5167917211850488,0.5177855690320337,0.9992483258247375,0.519742193676177,0.5268740824290689,0.99994957447052,0.45000517935979967,0.6078809584890098,0.9993975758552551,0.44590562582016025,0.6155132310731075,0.9997541904449463,59.78090766823161,0
154,0.5173329824493049,0.5179433567183362,0.9992401003837585,0.5201235555467156,0.5272287556103302,0.9999495148658752,0.4503648380438491,0.6077069186028985,0.9993705153465271,0.4461061713241399,0.615435552029383,0.9997450709342957,59.78090766823161,0
155,0.5177722062383383,0.5179792699359717,0.9991862773895264,0.5206695454461239,0.5277373024395537,0.9999449849128723,0.450613013335637,0.6074191360246572,0.9993610382080078,0.446261720997947,0.6154624337241767,0.9997308254241943,59.78090766823161,0
156,0.5181417238144652,0.5182097469057361,0.999162495136261,0.5212312738100692,0.5284111045655755,0.9999426007270813,0.4507145725545433,0.6071137388547266,0.9992806315422058,0.44637626551446496,0.6154721861793886,0.999686598777771,59.78090766823161,0
157,0.5184510719208495,0.51868425380616,0.9991316199302673,0.5217019347917471,0.5289639064243865,0.9999414086341858,0.45081189842451225,0.6068941950798039,0.9992272853851318,0.44648055519376517,0.6154507483754844,0.9996629953384399,59.78090766823161,0
158,0.5189642650740491,0.5197712665512453,0.9990807175636292,0.5219967507180718,0.5292593836784367,0.9999364614486694,0.4510080814361576,0.6068828077543355,0.9991880059242249,0.44657906606083864,0.6154126099177775,0.9996448755264282,59.78090766823161,0
159,0.5194799304008488,0.5211385630425958,0.9990036487579346,0.5222872836249219,0.529451327664512,0.999930739402771,0.4511491656303409,0.6069891367639819,0.9990854263305664,0.446634092501232,0.6153860404377897,0.9996006488800049,59.78090766823161,0
160,0.5202422283944634,0.5224285523096724,0.9989818334579468,0.5228340200015481,0.530360769657862,0.9999268054962158,0.4512157823358267,0.6071988798323136,0.9990513920783997,0.4466451619352616,0.6153265777088353,0.9995698928833008,59.78090766823161,0
161,0.5212503189132331,0.5235344370206201,0.9989848732948303,0.523513427802495,0.5314996157373706,0.9999232292175293,0.45127372514633945,0.6073755394844786,0.999030351638794,0.44666535797573304,0.6152497246151883,0.9995422959327698,59.78090766823161,0
162,0.5224094617934458,0.5245526745205839,0.9989737868309021,0.5240449110666915,0.5329782309986301,0.9999219179153442,0.4514259426366719,0.6074027021725978,0.9990413188934326,0.44665514855157795,0.6151053962253394,0.9995407462120056,59.78090766823161,0
163,0.5231053715660463,0.525240866910844,0.9989435076713562,0.5247736800284617,0.5346370821907411,0.9999182820320129,0.4515732782227656,0.6075174581436888,0.9990237355232239,0.44666211094175107,0.6151803930600489,0.9995208382606506,59.78090766823161,0
164,0.5236159506298251,0.5262579066412794,0.9989151358604431,0.5254478681655161,0.5360179969242646,0.9999134540557861,0.45175986488660214,0.6078306408155537,0.9989999532699585,0.446633236748832,0.6153476011185424,0.9994930028915405,59.78090766823161,0
165,0.5238570656095236,0.5272508377120613,0.9989084601402283,0.5258938982373196,0.5373800936199373,0.9999077320098877,0.4520822820209325,0.6080506245295212,0.998989462852478,0.4466761109374822,0.6157013064339052,0.9994654655456543,59.78090766823161,0
166,0.5240918170838134,0.5281114975611373,0.9989058971405029,0.5261973937352503,0.5389344663847064,0.9999045729637146,0.4524112939834598,0.608553846677145,0.9989579319953918,0.4467275951589861,0.616416352135795,0.99942946434021,59.78090766823161,0
167,0.5244287280809315,0.5297572130248664,0.9989234805107117,0.5262057156789874,0.5400600603648599,0.9999029040336609,0.45275913391794514,0.609545889354888,0.998978316783905,0.4467799039114093,0.6171809718722394,0.9994320869445801,59.78090766823161,0
168,0.5247393165315904,0.531466452848344,0.9989016056060791,0.5259361664454146,0.5407132960501175,0.9998955130577087,0.45304546469733864,0.6107523100716732,0.9989385008811951,0.44679166447548674,0.6178374318849478,0.9994065761566162,59.78090766823161,0
169,0.5247430262111487,0.5326137344042464,0.9988458156585693,0.5258496744292127,0.5409204193523957,0.9998911619186401,0.4531415757678807,0.6119863986968999,0.998898446559906,0.44681678215662674,0.6185588127090822,0.9993966221809387,59.78090766823161,0
170,0.524739591848283,0.5333284480231153,0.9988582730293274,0.5258435720489143,0.5408815911837991,0.9998879432678223,0.4531264787628541,0.6128967319216052,0.9988927245140076,0.4468454974038264,0.6191325414748423,0.9993865489959717,59.78090766823161,0
171,0.5245275497436528,0.5333938712165474,0.998883068561554,0.525768013227554,0.541073410283952,0.999886691570282,0.4530028275081093,0.6131231415839427,0.9989322423934937,0.44689707387061384,0.6195993877592545,0.999399721622467,59.78090766823161,0
172,0.5241305970010307,0.5327904394694741,0.9989202618598938,0.5255844876879742,0.541052273341588,0.9998867511749268,0.45276607785906153,0.6130532934552152,0.9989578127861023,0.4469200656527568,0.620077218328204,0.9994072914123535,59.78090766823161,0
173,0.5236074441955207,0.5322944862501966,0.9989404082298279,0.5254406446502327,0.5409834810665679,0.9998860955238342,0.4525175747417272,0.6129127542177841,0.9989755153656006,0.44692561598051195,0.6202224918774202,0.9994121193885803,59.78090766823161,0
174,0.5230510433514917,0.5313854643276764,0.998956561088562,0.5253636695089798,0.5407228044101174,0.9998834729194641,0.45231153425716253,0.6126609245936081,0.9989814162254333,0.44689744569006457,0.6199980037552975,0.9994056224822998,59.78090766823161,0
175,0.5226169313703268,0.530301031612215,0.9989830851554871,0.5253436026119055,0.5402413152513055,0.9998834133148193,0.45221071725799966,0.6123452385266627,0.999014675617218,0.4469037212076645,0.6195375834192554,0.9994176030158997,59.78090766823161,0
176,0.5224185926573621,0.5290348842030484,0.9989978671073914,0.525317368053255,0.5400310215495886,0.9998837113380432,0.45220414939380865,0.6118439435958867,0.9990329742431641,0.44694180857567595,0.6190674815859118,0.9994243383407593,59.78090766823161,0
177,0.5223090336436321,0.5277977216811411,0.998990535736084,0.5251564440273108,0.5398669583456861,0.9998801946640015,0.4522132845151996,0.6112797373817085,0.9990346431732178,0.4469356536865238,0.6186159622101561,0.9994226098060608,59.78090766823161,0
178,0.5222468915439791,0.5268431192352663,0.9989954233169556,0.5247733933585035,0.5390921944663642,0.9998774528503418,0.45227877157075097,0.6108819955871223,0.9990363717079163,0.44691565207072703,0.6182558621679038,0.9994187355041504,59.78090766823161,0
179,0.5221426288286849,0.5258213707378936,0.9989794492721558,0.5244139603206094,0.5380757791655408,0.9998732209205627,0.4523487672919322,0.6105773505710426,0.9989993572235107,0.4468803462528051,0.6179726918538416,0.999389111995697,59.78090766823161,0
180,0.5219562649726872,0.5245212117830916,0.9989824891090393,0.5241790754454481,0.537044187386831,0.999873161315918,0.4523881815728691,0.61011758020946,0.9989854097366333,0.4468878677913124,0.617705711296627,0.9993839263916016,59.78090766823161,0
181,0.5217071345874246,0.5230561210995632,0.9989977478981018,0.5240856919969835,0.5362974348522372,0.9998740553855896,0.45245159523827727,0.6095415069943387,0.9989789128303528,0.4469734245822547,0.6176421840985621,0.9993836283683777,59.78090766823161,0
182,0.5214290590513324,0.5214506643159053,0.9990095496177673,0.5239022033555172,0.5361064218339471,0.9998747110366821,0.4525247627780555,0.6088493324461441,0.9989733695983887,0.44709134527615174,0.6178651764279325,0.9993801116943359,59.78090766823161,0
183,0.5211509863535567,0.5200760761896773,0.9989798665046692,0.5236905955132989,0.5362504153024588,0.9998709559440613,0.45253066221873,0.608285370327178,0.9989505410194397,0.4472244949567889,0.6181790005593077,0.9993683099746704,59.78090766823161,0
184,0.5207163776670187,0.5195196611540662,0.9989922642707825,0.5234237568719051,0.536190041473934,0.9998714327812195,0.4521615718092241,0.6082246076493041,0.9989551901817322,0.447252099003111,0.6185089292980381,0.9993740916252136,59.78090766823161,0
185,0.5202069509597056,0.5194302286420555,0.9990184903144836,0.5231839588710244,0.5359473852884207,0.9998742341995239,0.45156073570251504,0.608518711158208,0.998978853225708,0.4471212228139245,0.6187302583739875,0.9993859529495239,59.78090766823161,0
186,0.5195874969164535,0.5195438436099464,0.9990333914756775,0.5230835278828943,0.535661603723254,0.999877393245697,0.4508107545829958,0.6088288908913027,0.999007523059845,0.44695946999958613,0.6188016931215927,0.9994035363197327,59.78090766823161,0
187,0.5190602512586688,0.5194480192093627,0.9990443587303162,0.5230424375761127,0.5350635335558941,0.9998786449432373,0.4501824449925199,0.6089817370687218,0.9990444779396057,0.44671731335776227,0.6187372860454383,0.9994238615036011,59.78090766823161,0
188,0.5187803364935379,0.5189796090126042,0.9990711212158203,0.5229145827747531,0.5343046188354497,0.9998821020126343,0.44987356804666107,0.6089814220155993,0.9990531206130981,0.44647337709154433,0.6186286040714813,0.9994280934333801,59.78090766823161,0
189,0.518697979904357,0.5184434822627481,0.999078631401062,0.5227737228075667,0.5335562938735603,0.9998836517333984,0.44978339899153974,0.6088943424678989,0.9990337491035461,0.4463433254332773,0.6184715231259669,0.9994160532951355,59.78090766823161,0
190,0.5184979978061861,0.5178663219724386,0.9990822672843933,0.52266747327078,0.5328763581457596,0.9998847246170044,0.44966518878936806,0.6088541064943591,0.9989785552024841,0.44618411007381653,0.6183285997027448,0.9993860125541687,59.78090766823161,0
191,0.5182622415678846,0.5174182852109277,0.9990877509117126,0.5224676813398093,0.5323279386474977,0.9998865127563477,0.4496359385195236,0.6088191895257864,0.9989496469497681,0.4460284922804155,0.6182167899040953,0.9993783831596375,59.78090766823161,0
192,0.5179087576412023,0.5171981482278737,0.9990602731704712,0.5222672053745818,0.532142974081494,0.999884307384491,0.4496059204850882,0.6087558014052259,0.9989120960235596,0.4459360426380524,0.6182353383018862,0.999361515045166,59.78090766823161,0
193,0.5176053898675106,0.5171249622390388,0.9990859031677246,0.5220024046443761,0.5319450384094606,0.999886691570282,0.4495893149148854,0.6087221474874592,0.9989677667617798,0.44580489822796443,0.6183691620826726,0.9993910789489746,59.78090766823161,0
194,0.5174545532181154,0.5169708444958645,0.9991172552108765,0.5216495593388879,0.5319074818066193,0.9998908042907715,0.4496118596621926,0.608752086049035,0.9990052580833435,0.44567404190699295,0.618644047351111,0.9994094371795654,59.78090766823161,0
195,0.5174289544423425,0.5168589381944569,0.9991416931152344,0.5211463116464164,0.5316641898382282,0.9998952150344849,0.4496628684656965,0.6088710427284245,0.9990154504776001,0.44569448204267625,0.6189279669807075,0.999420166015625,59.78090766823161,0
196,0.5170722859246394,0.5166014007159646,0.9991002082824707,0.5205980936686202,0.5313635950996767,0.9998966455459595,0.44966084758440694,0.6089250360216418,0.9989679455757141,0.4458521817411699,0.6194858267193755,0.9994246363639832,59.78090766823161,0
197,0.5165264748391656,0.5164381435939248,0.999075710773468,0.5200727638744177,0.5309301926976162,0.9998999834060669,0.44963300937698036,0.6091745552562537,0.9989452362060547,0.4461043434483668,0.6202030011585785,0.9994392991065979,59.78090766823161,0
198,0.5159417788187667,0.5162645720300224,0.999064564704895,0.5194530089696252,0.5304389709518074,0.9999040365219116,0.44963092889104606,0.6094550490379338,0.9989506602287292,0.44634218868755193,0.62079877228964,0.9994626045227051,59.78090766823161,0
199,0.5152747914904644,0.5160655521211175,0.9989809989929199,0.5188870259693695,0.5297498021806993,0.9999061822891235,0.449575884001596,0.6099955581483392,0.9988558888435364,0.4464889154547741,0.6212847828865056,0.9994753003120422,59.78090766823161,0
200,0.5146035466875353,0.5158162287303384,0.998937726020813,0.5182119380860106,0.528905292352041,0.999904215335846,0.44944191120919763,0.6106062872069227,0.9987950325012207,0.4464216828346256,0.621376806781406,0.9994586706161499,59.78090766823161,0
201,0.5140196255275186,0.515609477247511,0.9988598227500916,0.5172896697407681,0.527851516292209,0.9999023079872131,0.44939466601326394,0.6112872248604189,0.9987120628356934,0.446154892444611,0.6210153557005388,0.9994372129440308,59.78090766823161,0
202,0.5134812735375908,0.515359066781544,0.9988174438476562,0.5164094595682057,0.5270529985427861,0.9999003410339355,0.44946351079713764,0.611236589295524,0.998643159866333,0.4458124665986928,0.6204336030142652,0.9994019269943237,59.78090766823161,0
203,0.5129798934573223,0.5151830400739401,0.998847246170044,0.5157593204861599,0.526218712329865,0.9999032020568848,0.44971773170289575,0.6108747266587762,0.9987052083015442,0.4454228636764348,0.6196612715721135,0.9994271993637085,59.78090766823161,0
204,0.5123808298792162,0.5149151768003195,0.998877763748169,0.5152323047320053,0.5254146428335285,0.9999051094055176,0.4496084806464971,0.6101506324041461,0.9987733960151672,0.4450570415882841,0.6186834460213075,0.9994534254074097,59.78090766823161,0
205,0.5115677487282531,0.5145262990679064,0.998856246471405,0.5150694279443654,0.5248021682103479,0.9999037384986877,0.448963786874499,0.6094425717989609,0.9987598061561584,0.4448213321822034,0.6179860574858533,0.9994487166404724,59.78090766823161,0
206,0.510696873778389,0.5141607636497139,0.9988768696784973,0.5149712051664084,0.5238239367802942,0.9999074935913086,0.44803157164937013,0.6088603394372127,0.9988307952880859,0.4446917857442587,0.6171636581420903,0.9994914531707764,59.78090766823161,0
207,0.5098486003421606,0.5139621666499551,0.9989134073257446,0.5148238851910549,0.5225884403501242,0.9999116063117981,0.44705794396854626,0.6085911989212041,0.9989141821861267,0.4446029478595374,0.6161320947465447,0.9995342493057251,59.78090766823161,0
208,0.5093629076367336,0.5139921704928084,0.9988816380500793,0.5147462799435574,0.5217030360585172,0.9999096989631653,0.4463650513262979,0.6083996352695289,0.9989474415779114,0.44460564142181797,0.6150114905266539,0.9995495080947876,59.78090766823161,0
209,0.5091635442915421,0.5138252065295269,0.9988471269607544,0.5146532541229616,0.5206764028185894,0.9999079704284668,0.44619154220535673,0.6078137925692972,0.9989722967147827,0.4446104949428925,0.6136464363052736,0.9995679259300232,59.78090766823161,0
210,0.5090646885690239,0.5134147746222364,0.9988550543785095,0.5145862074125385,0.5198807602836977,0.999911367893219,0.44600256142162176,0.6067502072879252,0.9989984631538391,0.44436161432947463,0.6122113409496495,0.9995914101600647,59.78090766823161,0
211,0.5090236294837229,0.5127931833267216,0.99888676404953,0.5145390232404077,0.5195900031498505,0.9999154806137085,0.4457990073022392,0.6052370582308093,0.9990516304969788,0.44381642199697985,0.6111828514507843,0.9996213316917419,59.78090766823161,0
212,0.5091045300165816,0.5116123784156077,0.9989193081855774,0.5143288175264998,0.5189434176399599,0.9999200701713562,0.445870813869295,0.6028122022038419,0.9990922808647156,0.4431898693243666,0.6099971845036466,0.9996481537818909,59.78090766823161,0
213,0.5091489354769393,0.510073026021322,0.998950183391571,0.5140504297756018,0.5179327811513632,0.9999240040779114,0.4460090668428515,0.5999424741381696,0.9991087317466736,0.4426314745630541,0.6083326084273206,0.9996636509895325,59.78090766823161,0
214,0.5094206219627748,0.5084471560659867,0.9989334940910339,0.5137889073008587,0.5158775250116988,0.9999222159385681,0.44627961516380343,0.597581545511882,0.9990653395652771,0.4422873003142224,0.6061289509137476,0.9996498227119446,59.78090766823161,0
215,0.5098294275147579,0.5066156131880628,0.9989336729049683,0.5136022340683715,0.5134157112666543,0.9999216794967651,0.4465478701250898,0.5949286704971681,0.9990463256835938,0.4419725480533785,0.6035707763263163,0.9996480941772461,59.78090766823161,0
216,0.510237730684735,0.504511952400208,0.9989162087440491,0.5135519987060915,0.510599513848623,0.9999200701713562,0.446404440062387,0.5918691186677847,0.9990061521530151,0.4415572498525896,0.6010435791242694,0.9996382594108582,59.78090766823161,0
217,0.510494899182093,0.5027879249481932,0.9989514946937561,0.5135536051931839,0.5080303209168574,0.9999226927757263,0.4459403412682673,0.5896156543777107,0.9990013837814331,0.44095095708256715,0.5990695499238519,0.9996446371078491,59.78090766823161,0
218,0.5105987020901275,0.5009807731424063,0.9989302754402161,0.5136100649833684,0.5056780179341638,0.9999204874038696,0.445397530283247,0.586485434146155,0.9989790916442871,0.4404801712149669,0.5965153149196085,0.9996345043182373,59.78090766823161,0
219,0.5105356886273343,0.4990583047980358,0.9988776445388794,0.5137052536010747,0.5037784179051721,0.9999163150787354,0.44483364479882415,0.5828848027047662,0.9988681674003601,0.4401159939311803,0.5933514521235517,0.9995829463005066,59.78090766823161,0
220,0.5105448166529342,0.49692893737838423,0.9988088607788086,0.5137778548967274,0.5012486931823552,0.9999119639396667,0.44439210636275195,0.5799798341024494,0.9987679719924927,0.43995294542539726,0.5902076250030885,0.9995412230491638,59.78090766823161,0
221,0.5106273179962526,0.49465784288588066,0.9987819194793701,0.5138603562400459,0.49923262000083957,0.9999077916145325,0.4439654605729243,0.5769499171347849,0.99875807762146,0.4398033320903782,0.5871544707389109,0.9995315670967102,59.78090766823161,0
222,0.5108023342632116,0.4924659828344985,0.9987155795097351,0.5139020028568454,0.49732033269746,0.9998963475227356,0.44346611982300205,0.573917428652446,0.9987133741378784,0.4396317175456459,0.5845139963286268,0.9994844198226929,59.78090766823161,0
223,0.5109987769808092,0.49076160930451934,0.9987413287162781,0.5139038789839976,0.49530402393568174,0.9998921155929565,0.4431003019923259,0.5718854268391931,0.9987795352935791,0.4391662137848994,0.5820912434941251,0.9994930624961853,59.78090766823161,0
224,0.5111870879218696,0.4889660789853054,0.9987518191337585,0.5139122690473288,0.49259152724629396,0.9998868703842163,0.44285386658850207,0.5694976023265299,0.9988192319869995,0.43857040007909176,0.5792587938762851,0.9994950890541077,59.78090766823161,0
225,0.5113419038908826,0.48681289241427506,0.9986703991889954,0.5139138528278899,0.489841502337229,0.9998725056648254,0.44260761567524537,0.5665617386500046,0.9988059401512146,0.43785922867911237,0.5762646425338023,0.9994633793830872,59.78090766823161,0
226,0.5113885856810074,0.4840497559025178,0.9986969828605652,0.5139227821713406,0.4865295716694427,0.9998700022697449,0.4424362750280475,0.5639460909934275,0.9988845586776733,0.43726340787751367,0.5733445712498261,0.9994845390319824,59.78090766823161,0
227,0.5114834961437047,0.48080941892805595,0.998738706111908,0.5139571172850477,0.48266551608131086,0.999869167804718,0.44215949944087474,0.5607408483823144,0.99896240234375,0.436824616931734,0.5701776004972916,0.9995114207267761,59.78090766823161,0
228,0.5114178941363384,0.47731700681504785,0.9987704753875732,0.5139853897548861,0.4792401350679855,0.9998692274093628,0.4414003874574392,0.5569954060372857,0.9990320205688477,0.4370693905012952,0.5674772234190083,0.9995383024215698,59.78090766823161,0
229,0.5111768671444488,0.4736791480155222,0.9987105131149292,0.5140208488418947,0.47594580621946464,0.9998700618743896,0.4402222519829163,0.5528519976706736,0.99898761510849,0.4380453711464295,0.565085751669748,0.9995411038398743,59.78090766823161,0
230,0.5109121345338372,0.46971388941719455,0.9987576007843018,0.5140358039311005,0.47247016855648627,0.9998775720596313,0.43888312010538044,0.5485633583295917,0.9990381002426147,0.4396143896239148,0.5627308998789111,0.9995724558830261,59.78090766823161,0
231,0.5105861028035485,0.4656160275141402,0.9988327622413635,0.5140417672338944,0.46946260049229616,0.9998871684074402,0.4375970221701126,0.5441677882557828,0.999104917049408,0.4411741353216629,0.5603172041120987,0.9996095299720764,59.78090766823161,0
232,0.510277546587445,0.4611381519408457,0.9989024996757507,0.5140539152281629,0.4661601299331306,0.9998956322669983,0.4368484474363784,0.5399027268091842,0.9991865754127502,0.442032017878124,0.5566375198818393,0.9996469020843506,59.78090766823161,0
233,0.510088267780486,0.45673523346583084,0.9989468455314636,0.5140797297159835,0.46210572265443384,0.9999027252197266,0.43674610909961553,0.5356954648381193,0.9992225170135498,0.4424086198920299,0.5523568278267275,0.9996750950813293,59.78090766823161,0
234,0.5098307813916891,0.4522629408609303,0.998991847038269,0.5141090495245801,0.45793028388704615,0.9999098777770996,0.4366129211017067,0.5320375476564685,0.999230146408081,0.4427020152409875,0.5487829106194637,0.9996979236602783,59.78090766823161,0
235,0.5094847281773889,0.4475680007821041,0.9990012645721436,0.5141330560048425,0.4537350279944288,0.9999154210090637,0.4363930055073333,0.5285665023894541,0.9992499947547913,0.4431405549957642,0.5460715549332759,0.9997200965881348,59.78090766823161,0
236,0.5091224114100142,0.44293819155011893,0.999057948589325,0.5141525495620005,0.44914940425327887,0.9999200701713562,0.43622737555276814,0.5254340767860417,0.99931800365448,0.4436427127747312,0.5429891546567286,0.9997466206550598,59.78090766823161,0
237,0.508654253823417,0.4378453393777215,0.9991024732589722,0.514158773989905,0.44410188283239127,0.9999235272407532,0.4364268297240851,0.5226233629953299,0.9993749260902405,0.44397035241127053,0.5397756042934604,0.9997672438621521,59.78090766823161,0
238,0.5082363457906818,0.43199872402917805,0.9989587068557739,0.51414548215412,0.43863717005366404,0.9999173879623413,0.43737860236849135,0.5194717219897682,0.9992449283599854,0.4438853604452954,0.5343824653398427,0.999724805355072,59.78090766823161,0
239,0.5078931649525964,0.4260839181286951,0.998850405216217,0.5141390533674335,0.43337278990518513,0.9999043345451355,0.43897100715410176,0.5172583120209835,0.9991434812545776,0.44391593053227413,0.529335717360179,0.999639630317688,59.78090766823161,0
240,0.507410912286668,0.4201267304874605,0.9987755417823792,0.5141353124663948,0.428618608486085,0.9998976588249207,0.4405276221888409,0.5156891714958922,0.9989565014839172,0.4442512180124014,0.5263560187248961,0.9995669722557068,59.78090766823161,0
241,0.5064985525040403,0.41448670909518326,0.998691737651825,0.513945267314003,0.4236651786736083,0.9998973608016968,0.4416110373678665,0.515043437480927,0.998943567276001,0.44504992734818266,0.5256434934479854,0.9995747804641724,59.78090766823161,0
242,0.505325745968592,0.40962301833289044,0.9986661076545715,0.5134937337466653,0.4189857159342088,0.9999021887779236,0.4423001593067536,0.515300361883073,0.9989520907402039,0.4460790952046716,0.5263787252562391,0.9995967149734497,59.78090766823161,0
243,0.5041825601032806,0.40536708349273354,0.9986980557441711,0.5126530840283352,0.4138358306317106,0.999907910823822,0.44333967566490207,0.5158848876044868,0.9990144371986389,0.447329272826513,0.5276675820350651,0.9996252059936523,59.78090766823161,0
244,0.5030774417377657,0.40113434621265986,0.9986344575881958,0.5114747002011257,0.4084058588459381,0.9999080300331116,0.4449237556684589,0.5163078336488637,0.9990599155426025,0.44851466587611644,0.5276950739678887,0.9996450543403625,59.78090766823161,0
245,0.5019636721838092,0.39709144688787945,0.9984437227249146,0.5099604896136697,0.4031450152397159,0.9998976588249207,0.44689947224798693,0.5170348229862398,0.9990415573120117,0.44977257791019654,0.527697344621023,0.999635636806488,59.78090766823161,0
246,0.5007534850211375,0.3935576379299167,0.9980148077011108,0.5080075689724517,0.39837599510238314,0.9998800754547119,0.448891001088279,0.5170399347941085,0.9990304708480835,0.45087266677901894,0.5279297147478381,0.9996212124824524,59.78090766823161,0
247,0.49931561946868935,0.3903843164443973,0.9973391890525818,0.5052466832456138,0.3936390678087873,0.9998137950897217,0.4505306453931903,0.5175912124770032,0.9989863634109497,0.4519481275762834,0.5285099233899802,0.9995408654212952,59.78090766823161,0
248,0.49765020325070375,0.3868795292718073,0.9964730739593506,0.5017951499848143,0.38817610201381536,0.9996600151062012,0.4524921235584081,0.518406919070653,0.9989314675331116,0.4524794107391724,0.5291736750375661,0.999406635761261,59.78090766823161,0
249,0.4955146809419,0.38305219440233174,0.9961109757423401,0.49791271204040205,0.3824582539853599,0.9995967149734497,0.45447678793044355,0.5193132417542599,0.9989045858383179,0.45373112530935417,0.5293752778144114,0.9993098974227905,59.78090766823161,0
250,0.49260579546292665,0.3783226013183597,0.9953587651252747,0.4941582963580181,0.37660913382257766,0.9995529055595398,0.45605662890843024,0.5204474301565265,0.9985907673835754,0.45588031553086816,0.530023867175693,0.9990318417549133,59.78090766823161,0
251,0.4895523644628983,0.3728589713573459,0.9948064684867859,0.4903265152658739,0.37079125358944875,0.9994892477989197,0.45817509577387894,0.5213787839526227,0.9983222484588623,0.45763755979992127,0.5306831087384909,0.9987522959709167,59.78090766823161,0
252,0.4859219718547098,0.3683461277257831,0.994468092918396,0.48650482438859527,0.36604993116287987,0.9994672536849976,0.4611642559369409,0.5221354933012103,0.9981613755226135,0.4598064876738053,0.5318441163925902,0.998595654964447,59.78090766823161,0
253,0.4815762085574018,0.3638635064874379,0.994561493396759,0.48338301408858564,0.3625124664533709,0.9994726777076721,0.464090975977126,0.5223832783244909,0.9981127381324768,0.46328393050602545,0.5329668010984152,0.9985190033912659,59.78090766823161,0
254,0.4765167633692427,0.3589427982057847,0.9945989847183228,0.4797471264998122,0.35793245832125375,0.9994704723358154,0.4674138951869242,0.5222512966110597,0.9978406429290771,0.4660890712624508,0.532720804214478,0.9983776807785034,59.78090766823161,0
255,0.47019240685871705,0.3535537393320177,0.9949747920036316,0.47521777096248846,0.35314431360789733,0.9994862675666809,0.46992125681468455,0.5197442202340993,0.9979024529457092,0.4699168290410727,0.5279331860088171,0.9983929395675659,59.78090766823161,0
256,0.46321053448177557,0.34882780199959196,0.9951857924461365,0.47093056780951403,0.348668395053773,0.9994835257530212,0.471228251854579,0.5162850022315983,0.9977900981903076,0.47456404141017405,0.5209497894559592,0.9982536435127258,59.78090766823161,0
257,0.45750917281423337,0.34521072535287795,0.9952390789985657,0.466222247907094,0.34488484547251774,0.9994858503341675,0.47221097775868043,0.5127939780553186,0.9974281787872314,0.4778212606906895,0.5133055022784646,0.9980214834213257,59.78090766823161,0
258,0.45197900987806816,0.34385793265842285,0.9950705766677856,0.46160698220843394,0.3418782424359097,0.99950110912323,0.4736111249242514,0.5099699639138725,0.997236967086792,0.4806758321466904,0.5067702886604132,0.9978497624397278,59.78090766823161,0
259,0.4481911389600667,0.3430293727488748,0.9948296546936035,0.45794592017219216,0.3397479766891119,0.9995157718658447,0.4757115869295033,0.5078692748433071,0.9966574311256409,0.4834507306416833,0.5021419979277115,0.9975211024284363,59.78090766823161,0
260,0.44591924406233324,0.3413635974838623,0.9946701526641846,0.45443749002047984,0.3368543017478219,0.9995286464691162,0.47865001360575393,0.5047264141695844,0.9963012933731079,0.4844652882644112,0.4981174610909965,0.9971719980239868,59.78090766823161,0
261,0.4432014893917814,0.3379018860203882,0.9947860836982727,0.45033444960912106,0.33232115989639677,0.9995117783546448,0.4811439797991802,0.49854429704802417,0.9961501359939575,0.4845413679168342,0.49295777082443276,0.9967967867851257,59.78090766823161,0
262,0.4397735893726352,0.3346800392582306,0.9950037598609924,0.4470807966731847,0.32820919156074546,0.9995101094245911,0.482256141446886,0.4919336537520095,0.9955934882164001,0.484502467371169,0.4867486613137385,0.9961397647857666,59.78090766823161,0
263,0.4360257983207706,0.33249998802230496,0.9952729344367981,0.44431985134170204,0.3253136121091391,0.9995346665382385,0.48172020486422984,0.4860630588872096,0.9954012036323547,0.48405212163925215,0.48122436659676726,0.9960359334945679,59.78090766823161,0
264,0.4325349302518939,0.332339684168498,0.9954735636711121,0.44208112075215333,0.32395461911246914,0.9995641112327576,0.48027166156541773,0.4821663484686901,0.9953516721725464,0.48342763668014926,0.4771740464937123,0.9959500432014465,59.78090766823161,0
265,0.43133647952761,0.33284661457652165,0.995818555355072,0.440381752593177,0.32433575533685255,0.9995909929275513,0.4792932910578595,0.48116631167275603,0.9955014586448669,0.48317858292942995,0.4752004998070857,0.9957817792892456,59.78090766823161,0
266,0.43243121249335187,0.33435194691022263,0.9961689710617065,0.4397680475598293,0.3259615742024924,0.999624490737915,0.47896852237837695,0.4810374407541188,0.99569171667099,0.48291271783056755,0.47560563683509866,0.9957983493804932,59.78090766823161,0
267,0.4335385816437861,0.3371613976501286,0.9964774250984192,0.4398802093097145,0.3284903182869868,0.999657154083252,0.4780408839384719,0.485300142140616,0.995897650718689,0.4812706779865995,0.4833599925041203,0.9960476756095886,59.78090766823161,0
268,0.436329916829155,0.3418723217078621,0.9967630505561829,0.44087465887977995,0.33317438619477435,0.9996840357780457,0.4768611774558117,0.49385839984530533,0.9960702061653137,0.47859029826663824,0.49475181812331837,0.9962331652641296,59.78090766823161,0
269,0.44064717207636184,0.3476545697166809,0.9969561696052551,0.44144954284032223,0.3412784777936484,0.9997058510780334,0.4772058782123388,0.5046309729417169,0.9960165023803711,0.4748195253667381,0.5099890317235678,0.9964033961296082,59.78090766823161,0
270,0.44662081769534556,0.35725394317082027,0.996947169303894,0.44351396106538354,0.35300906499226914,0.9997137784957886,0.4815687835216526,0.5177065275964288,0.9956526756286621,0.4725266879513154,0.5239284691356482,0.9964290857315063,59.78090766823161,0
271,0.4567000057016104,0.36560178654534503,0.9968291521072388,0.44571093576295073,0.36807508128029987,0.9994673132896423,0.4888468157677427,0.5294451656795688,0.9954071640968323,0.47211022462163693,0.5357216852051875,0.9962982535362244,59.78090766823161,0
272,0.4530892372131351,0.374906366779691,0.9968406558036804,0.4230894488947735,0.3903330848330546,0.9993309378623962,0.4796279314018435,0.5397094715209239,0.9957765340805054,0.4502445331641609,0.545423683666048,0.9966091513633728,59.78090766823161,0
273,0.47878547509511354,0.37561755308083156,0.9968881011009216,0.4392434479225253,0.4027711990333742,0.9992120862007141,0.4982934225173228,0.5461339184216095,0.995958149433136,0.46397851265612144,0.5513485840388712,0.996851921081543,59.78090766823161,0
274,0.5809399102415362,0.35825174905004986,0.9969394207000732,0.5568480562596099,0.39004988329751183,0.9981850385665894,0.5914615477834434,0.5438840474401205,0.9961014986038208,0.5712030757041209,0.5477735911096849,0.9970345497131348,59.78090766823161,0
275,0.6983574936314241,0.33563768035835717,0.0,0.7082083426297663,0.3632949235893434,0.0,0.7058255932633845,0.535807085415674,0.0,0.7083765966078597,0.5389264169193454,0.0,59.78090766823161,1
276,0.8157750770213119,0.3130236116666645,0.9971364736557007,0.8595686289999227,0.336539963881175,0.9976961016654968,0.8201896387433256,0.5277301233912275,0.9962611198425293,0.8455501175115985,0.5300792427290058,0.9969924688339233,59.78090766823161,0
277,0.9331926604111997,0.2904095429749718,0.9973711967468262,1.0109289153700791,0.3097850041730066,0.9978300929069519,0.9345536842232667,0.519653161366781,0.9965918660163879,0.9827236384153374,0.5212320685386662,0.9972105622291565,59.78090766823161,0
278,0.9431345008668452,0.28841823907125586,0.9975832104682922,1.025744692200707,0.3084712269760316,0.9979550838470459,0.9443304907707949,0.5181748015539991,0.9968847632408142,0.9942430811268951,0.5204677241189144,0.9973992705345154,59.78090766823161,0
279,0.9234463175137846,0.2920492660431637,0.9977778196334839,1.0013339235669099,0.3139209633781799,0.998077929019928,0.9249515391531453,0.5181648305484231,0.9971563816070557,0.9705256053379612,0.5214356609753205,0.9975845217704773,59.78090766823161,0
280,0.9235101909864524,0.2920194708165671,0.99791419506073,1.0013172285897398,0.31377543438048616,0.9980027675628662,0.925135825361525,0.516933537664868,0.9973698258399963,0.9704463396753591,0.5206684072812402,0.9976911544799805,59.78090766823161,0
281,0.9235509151504161,0.291997225511642,0.9980202317237854,1.0012782471520567,0.3138606051603956,0.9977837800979614,0.9253434680757076,0.5162922030403505,0.9975560307502747,0.9704282737913593,0.5201016891570323,0.9977656006813049,59.78090766823161,0
282,0.9235589731307264,0.2919841678369615,0.9981848001480103,1.0012934207916269,0.3140345073881606,0.9978798031806946,0.9255569974581408,0.5162565197263449,0.997771680355072,0.9704424965949294,0.5198915402094527,0.9979231357574463,59.78090766823161,0
283,0.9235569777942846,0.2919992662611464,0.9983488321304321,1.0013677335920796,0.31433716842106435,0.9980168342590332,0.9257899806613021,0.5168678788911734,0.9979711771011353,0.9704026154109417,0.5201738136155268,0.9980800747871399,59.78090766823161,0
284,0.9235620356741413,0.29203417613392807,0.9984975457191467,1.0014646904809141,0.31461055931590876,0.9981141090393066,0.9259649089404522,0.5175960773513435,0.9981489777565002,0.9703210024606621,0.5205982724825545,0.99821537733078,59.78090766823161,0
285,0.9235556097257713,0.2920695302032291,0.9986208081245422,1.001524425688245,0.31460434624127004,0.998116135597229,0.9261468875975843,0.5177784476961412,0.9983028769493103,0.9702763443901433,0.5205295880635583,0.9983184933662415,59.78090766823161,0
286,0.9235452810923265,0.29210257104464965,0.9987218976020813,1.0015735058557427,0.3145381850855694,0.9979667663574219,0.9263132668676838,0.5176797878174559,0.9984304904937744,0.9702503510883884,0.5202416635694962,0.9983763098716736,59.78090766823161,0
287,0.9235324831235985,0.29213833241235665,0.9988022446632385,1.0016024169467754,0.3145132263501488,0.9977400302886963,0.9264000994818559,0.5175058274042043,0.9985195994377136,0.9702163906324486,0.5198489058585398,0.9983766078948975,59.78090766823161,0
288,0.9235232330503925,0.2921561471053534,0.9988746047019958,1.001647869745891,0.31451444540705026,0.9976596236228943,0.926433497951145,0.517358283201854,0.9986164569854736,0.9701677787871597,0.5195096759569081,0.9984248280525208,59.78090766823161,0
289,0.9235220494724462,0.2921461831955685,0.9989064335823059,1.0016590413593118,0.31448989964666846,0.9974305033683777,0.9264912832350964,0.5171577164105011,0.9986786842346191,0.9701197516350528,0.5191561466171632,0.9984115958213806,59.78090766823161,0
290,0.9235292446045656,0.2921036339941481,0.998934805393219,1.0016572816031328,0.3143775207655773,0.9971645474433899,0.9265714174225225,0.5167785003071743,0.9987266659736633,0.9700979193051664,0.5186580731755215,0.9983943104743958,59.78090766823161,0
291,0.9235366213889357,0.29205841535613675,0.9989471435546875,1.0016698383149654,0.31420178640456453,0.9968076348304749,0.9267253449984966,0.5162923477944878,0.9987536072731018,0.9701519239516493,0.5178151811872214,0.9983507394790649,59.78090766823161,0
292,0.9235317224547984,0.29204608287130107,0.9989928007125854,1.0016966149920516,0.3140186454568593,0.9965405464172363,0.9268784891991395,0.5157732367515568,0.9988114833831787,0.9702129789761142,0.516772982620058,0.9983538389205933,59.78090766823161,0
293,0.9235103442555389,0.2920758965469544,0.999056875705719,1.0017260313034066,0.31389782542274136,0.9964781403541565,0.9270562160582776,0.5153829795973646,0.9988967776298523,0.9702750075431105,0.5158024316742311,0.9984184503555298,59.78090766823161,0
294,0.9234804823285065,0.29212564371881056,0.9991155862808228,1.001744542803084,0.31382573218572735,0.996460497379303,0.927270398253487,0.5150272534007122,0.9989696145057678,0.9704262529100699,0.5150660106113982,0.9984684586524963,59.78090766823161,0
295,0.9234510518255694,0.2921763204392935,0.9991486072540283,1.0017293123971855,0.31380303133101717,0.9962999820709229,0.9275093419211259,0.5146682773317615,0.9990095496177673,0.9705886301540201,0.5146489483969556,0.9984595775604248,59.78090766823161,0
296,0.923418927760352,0.29219169985680377,0.9991732239723206,1.0016354435966135,0.3136860855988096,0.9961647391319275,0.9278631664457784,0.5140925645828252,0.9990361332893372,0.9708170266378502,0.5144308947381524,0.9984503984451294,59.78090766823161,0
297,0.9233994398798269,0.29217959727559795,0.9991675615310669,1.001514054480054,0.31342286864916513,0.9957882761955261,0.9282381052062632,0.5135100228445875,0.9990023970603943,0.9710510202816561,0.5141970770699642,0.9983372688293457,59.78090766823161,0
298,0.9233728647232063,0.29216770614896526,0.9991639256477356,1.001376299631029,0.3130476176738741,0.9954808950424194,0.9285068341663913,0.513095645677476,0.998976469039917,0.9711935548555292,0.5140538896833151,0.9982508420944214,59.78090766823161,0
299,0.9233452450661439,0.2921554261729833,0.999157190322876,1.0012704417819076,0.312699962229956,0.9951385259628296,0.928639335291727,0.5129938693273639,0.998975396156311,0.9712067842483528,0.5139949009532024,0.9981892108917236,59.78090766823161,0
300,0.9233274062474577,0.29214015744981336,0.9991604685783386,1.0012254431134187,0.31240386338461035,0.9950815439224243,0.9286743998527535,0.5130228371847247,0.9990045428276062,0.9712416870253434,0.5139035837990902,0.9982044696807861,59.78090766823161,0
301,0.9233178212529145,0.2921335768131985,0.999169647693634,1.0012370347976693,0.3122584706261047,0.9949422478675842,0.9286467546508432,0.5131515747024904,0.9990195035934448,0.971254419712794,0.5138704464549115,0.9981837868690491,59.78090766823161,0
302,0.9233139469510041,0.2921155251207808,0.999182939529419,1.00122854823158,0.3122101511274068,0.9948174953460693,0.9286787680217206,0.5132102625710628,0.999030351638794,0.971325445742835,0.5138338009516402,0.9981600642204285,59.78090766823161,0
303,0.9232992615018579,0.29208390627588565,0.999191164970398,1.0012304385503141,0.3121924840268637,0.994842529296875,0.9286040237971722,0.5132861619903932,0.9990507960319519,0.9713453309876586,0.5138925001734783,0.9981683492660522,59.78090766823161,0
304,0.92326801731473,0.29204007841291907,0.9992168545722961,1.0011910143352698,0.3121841124125892,0.994927167892456,0.9284576120830724,0.5133810979979383,0.9990714192390442,0.971301788375492,0.514001880373274,0.9981821179389954,59.78090766823161,0
305,0.9232356746991484,0.2919874361583167,0.9992615580558777,1.0011217594146737,0.3121522196701597,0.9952735900878906,0.9282675499007822,0.5136452487536843,0.9991176128387451,0.9711422239031118,0.514205722581773,0.9982717633247375,59.78090766823161,0
306,0.9232082707541337,0.2919416597911292,0.9992882609367371,1.0010085332961318,0.3120662669340772,0.9955122470855713,0.9280989255223964,0.5140189812296917,0.9991433024406433,0.9709430649167023,0.5144644379615788,0.998319149017334,59.78090766823161,0
307,0.9231849710146594,0.2919157502197086,0.9993046522140503,1.0008837665830348,0.31194665744191147,0.995587170124054,0.9280086840902064,0.5143971868923737,0.9991536140441895,0.9707818740890148,0.514686485131582,0.9983237385749817,59.78090766823161,0
308,0.9231862085206175,0.2918947551931656,0.9993190765380859,1.000776376043048,0.3118270124707906,0.9956105947494507,0.928018027827854,0.5146930132593431,0.999165952205658,0.9707107288496843,0.5148331948689056,0.9983282089233398,59.78090766823161,0
309,0.9231598377227791,0.2918748316310703,0.9993355870246887,1.0007135754539862,0.31174772835913184,0.9955987334251404,0.928006447496869,0.5148616262844635,0.9991569519042969,0.9706920470510219,0.5149740775426233,0.9982990026473999,59.78090766823161,0
310,0.9231178675379079,0.291873423826127,0.9993537068367004,1.0006869804291507,0.3117309056577231,0.9956286549568176,0.9280122348240452,0.5148934466498243,0.9991609454154968,0.9707234870819826,0.5151085058848067,0.9982994198799133,59.78090766823161,0
311,0.9230603802771803,0.291880535227912,0.9993740320205688,1.000685345558894,0.31172715056510225,0.995699405670166,0.9280112527665645,0.5149199792316985,0.999177098274231,0.970771823610579,0.5152594702584408,0.9983265995979309,59.78090766823161,0
312,0.9229964784213482,0.291916004249028,0.9993969798088074,1.0006451436451511,0.3117282873108276,0.995837390422821,0.9279990054312214,0.5149763340041755,0.9992007613182068,0.970829699720656,0.5154247879981999,0.9983795881271362,59.78090766823161,0
313,0.9229348273504354,0.2919665887242274,0.9994227886199951,1.000529612813678,0.31171496425356204,0.9959302544593811,0.9280071173395437,0.5150396540051418,0.9992180466651917,0.9708975354830431,0.51554092339107,0.9984107613563538,59.78090766823161,0
314,0.9229039010547463,0.29200039165360614,0.9994279146194458,1.0003611360277458,0.3116687053725835,0.995875895023346,0.9280469417572028,0.5151031045686635,0.9991975426673889,0.9709596123014186,0.5155932676224486,0.9983779788017273,59.78090766823161,0
315,0.9228758698418034,0.29201944385256107,0.9994305372238159,1.0002011231013714,0.3115987649985725,0.9958003163337708,0.9281048320588619,0.5151514127140957,0.9991871118545532,0.971006944066003,0.5156437868163704,0.9983593821525574,59.78090766823161,0
316,0.9228533761841917,0.2920308467887699,0.99942547082901,1.0000837246576952,0.3115109815484004,0.9956927299499512,0.9281622739065268,0.5151538309596837,0.9991756677627563,0.9710240591140028,0.5156859556833907,0.998337984085083,59.78090766823161,0
317,0.9228343566258757,0.29202346432776705,0.9993823170661926,1.0000187868163708,0.3114062647024793,0.9953981041908264,0.9282121062278754,0.5151534932000301,0.9991254210472107,0.9710502908343368,0.5157083301317129,0.998251736164093,59.78090766823161,0
318,0.9228215671720966,0.29203477076121764,0.9993441700935364,0.9999744409606579,0.3113090807483312,0.9950140714645386,0.9282423541659408,0.5152305307842441,0.9990620017051697,0.9710663074538829,0.5157511461348765,0.9981432557106018,59.78090766823161,0
319,0.9228114428974341,0.29206329300290085,0.9992879629135132,0.9999068578084318,0.3112423888274604,0.9946130514144897,0.9282688101132719,0.515359685534523,0.9989783763885498,0.971073113736653,0.5157912515458611,0.9979994893074036,59.78090766823161,0
320,0.922811618873052,0.2920914036887035,0.9992214441299438,0.9998747961861755,0.31118586375599844,0.9942582249641418,0.9283400405020948,0.5154864816438589,0.9988933801651001,0.9710815719195782,0.5157991590954012,0.9978611469268799,59.78090766823161,0
321,0.92281746012824,0.29211691873414203,0.9991769790649414,0.9998952320643842,0.3111573031970435,0.9940025806427002,0.9285008907318122,0.5155846504938039,0.9988375902175903,0.9711119958332615,0.5158395710445589,0.997755765914917,59.78090766823161,0
322,0.9228160523232967,0.29213697143963424,0.9991186261177063,0.9999537751788193,0.3111391578401841,0.9938797950744629,0.928719727765947,0.5156282470339825,0.9987705945968628,0.9711700933320189,0.5158953524771195,0.9976496696472168,59.78090766823161,0
323,0.9228154392469504,0.2921344637870791,0.9990798234939575,1.000039307844072,0.31112390047027977,0.9937183856964111,0.9289514990079978,0.5156362141881674,0.9987371563911438,0.9712401316279464,0.5159608523050948,0.9975830912590027,59.78090766823161,0
324,0.9228058400608252,0.2921381053470432,0.9990431666374207,1.0001076034137188,0.3111056500957128,0.9934890270233154,0.9291439652442939,0.5156369351205375,0.998706579208374,0.9713005849293308,0.5159955109868735,0.9975004196166992,59.78090766823161,0
325,0.922808970723834,0.2921190148308166,0.9990185499191284,1.0001498404003333,0.3110901486305966,0.9932715892791748,0.9292625273977014,0.5156289310682391,0.9986668825149536,0.9713331006822139,0.5159918751035422,0.9973936080932617,59.78090766823161,0
326,0.92282369590941,0.29208117581549164,0.9990034699440002,1.0001932041985655,0.31107075441451326,0.9930905699729919,0.9293296195211872,0.5155859674726218,0.9986291527748108,0.9713366854758497,0.5159322874886653,0.997302234172821,59.78090766823161,0
327,0.9228966860544121,0.29199983818190456,0.9989916086196899,1.0002207869575144,0.3110551067761015,0.9928464293479919,0.9293805559476224,0.5154485447066175,0.9985939264297485,0.9713310287112289,0.5158453328268873,0.9972121119499207,59.78090766823161,0
328,0.9230328259013956,0.29185879656246755,0.9989771842956543,1.0002356767654428,0.3110431021168121,0.992611825466156,0.9294496661140812,0.515202865714119,0.9985777139663696,0.9713323428517304,0.5157499937784108,0.9971559047698975,59.78090766823161,0
329,0.9232128688267307,0.29169364770253525,0.9989644289016724,1.0002214738300876,0.31103615817569574,0.9924662709236145,0.9295152368999671,0.5148939972832094,0.9985672831535339,0.9713266633805782,0.5156656475294208,0.9971163868904114,59.78090766823161,0
330,0.9233902408963165,0.29154755955650713,0.9989489316940308,1.0002474103655141,0.3110311386131107,0.9923748970031738,0.9295758605003365,0.5146296904200603,0.9985504746437073,0.9713313579559334,0.5155813807532905,0.997067928314209,59.78090766823161,0
331,0.923584197248732,0.2914298290298101,0.99892657995224,1.000382553963435,0.3110207815965019,0.9921730160713196,0.9296251308350343,0.5143370344525295,0.9985054731369019,0.9713427367664527,0.5154700449534829,0.9969679117202759,59.78090766823161,0
332,0.923740954626175,0.2913693700517929,0.9989036321640015,1.0005547602971403,0.31098200167928447,0.9920299053192139,0.9296501420793086,0.514093867370061,0.9984615445137024,0.9713577542986197,0.515347730545771,0.9968822598457336,59.78090766823161,0
333,0.923909891219367,0.2913428190208619,0.9988811016082764,1.0008184115091967,0.31095486169769676,0.9917704463005066,0.9296426091875356,0.5138927187238425,0.9984328746795654,0.9713565366608763,0.5152549686886019,0.996815025806427,59.78090766823161,0
334,0.9240649342536933,0.29129785725048635,0.9988607168197632,1.001084526379904,0.31091258781296893,0.9916712641716003,0.9296368871416372,0.5137158717427939,0.9984439015388489,0.971392940907252,0.5152001607985728,0.9968270659446716,59.78090766823161,0
335,0.924171345574516,0.2913323683398113,0.9988429546356201,1.0012033837182188,0.3107814079239257,0.9917694926261902,0.9296412070592253,0.5136085635139833,0.9984867572784424,0.971488813559215,0.5151920148304535,0.9968939423561096,59.78090766823161,0
336,0.9242123677617035,0.29141208813304015,0.9988259077072144,1.0012297062646782,0.3105285948231109,0.9916666746139526,0.9296470568293624,0.5136232745079772,0.9985009431838989,0.9716197961852673,0.5152546082224169,0.9968843460083008,59.78090766823161,0
337,0.9242206357774287,0.29152209418160596,0.9987977147102356,1.0011488880429957,0.31016636036691236,0.9916329383850098,0.9296760928063174,0.513627029600598,0.9985001087188721,0.9717531232606804,0.5153479661260336,0.9968761205673218,59.78090766823161,0
338,0.9242112182435542,0.2917116468860992,0.9987648129463196,1.000986962091356,0.3097985699063258,0.9915717840194702,0.9297110665412184,0.5136503520466037,0.998521089553833,0.9718528872444523,0.5154468559083489,0.9969005584716797,59.78090766823161,0
339,0.9242384604045331,0.29193677930604867,0.9987481236457825,1.0008928889320017,0.3095451621782215,0.99167400598526,0.9297485805693133,0.5136899834587465,0.9985468983650208,0.9718861296063386,0.5155464297249208,0.9969510436058044,59.78090766823161,0
340,0.9242855083374758,0.2921529171012699,0.9987376928329468,1.0008222943260565,0.3093867685113637,0.9917708039283752,0.9297747782298504,0.5137102064632239,0.9985565543174744,0.9718982066426967,0.515602963311332,0.9969724416732788,59.78090766823161,0
341,0.9243314067522692,0.29240158909843106,0.998727560043335,1.000764863831657,0.30929323179381263,0.9917728900909424,0.9297923417318442,0.5136759451457436,0.9985641837120056,0.9719148306619563,0.5155808868862337,0.9969733357429504,59.78090766823161,0
342,0.9243731214886628,0.2926098633380166,0.9987339377403259,1.000751109350296,0.30924141123181326,0.9918650984764099,0.9298024745214561,0.5137517225174681,0.9985816478729248,0.9719368673506246,0.5156311619849436,0.9970004558563232,59.78090766823161,0
343,0.924405997707731,0.2927417017164686,0.9987534880638123,1.000724361056374,0.3092455849761057,0.9920032620429993,0.9298267705099931,0.5139146731013348,0.9986312985420227,0.971968114376069,0.5157564906846913,0.9970836043357849,59.78090766823161,0
344,0.9244490890275872,0.29285064055806137,0.998802125453949,1.0007339886256634,0.30940678715705894,0.9924696683883667,0.9298505101885122,0.5141062424296429,0.9987069368362427,0.9720057873498834,0.5159123625074118,0.9972450733184814,59.78090766823161,0
345,0.9244855926150375,0.2928915179911116,0.998869001865387,1.0007227886290786,0.30963566189720537,0.9930679202079773,0.929870165529706,0.5142206748326623,0.9987972974777222,0.9720336454255248,0.5160108691170106,0.9974474906921387,59.78090766823161,0
346,0.9245360153062011,0.29285613128117177,0.9989334344863892,1.0006949390683864,0.3098320081120448,0.9936297535896301,0.9298757541747328,0.5142197608947758,0.9988816380500793,0.9720422426859545,0.5160244816825508,0.997628927230835,59.78090766823161,0
347,0.9245866196496154,0.2927735277584623,0.998985767364502,1.0006004061017726,0.3099297824360078,0.9941143989562988,0.9298762622333716,0.5140623507045569,0.9989550709724426,0.9720343919027427,0.5159341948372982,0.9977934956550598,59.78090766823161,0
348,0.9246295945984985,0.29267704912594406,0.9990161657333374,1.000473754746574,0.3099230811709452,0.9945558905601501,0.9298796426682252,0.5139501832780389,0.9990056157112122,0.9720275515601756,0.5158983951523195,0.9979193806648254,59.78090766823161,0
349,0.9246585851623906,0.2925791697842736,0.9990626573562622,1.0003598417554591,0.30991544184230646,0.9949125051498413,0.9298821716081536,0.5138812348956158,0.9990532994270325,0.9720405993007486,0.5159165774072925,0.9980350136756897,59.78090766823161,0
350,0.9246784505389993,0.2925013857228418,0.9991175532341003,1.0002753848121289,0.30996456032707603,0.9952457547187805,0.9298650934582672,0.5138426110858013,0.999104917049408,0.9720756581851422,0.5159552466301696,0.9981505870819092,59.78090766823161,0
351,0.9246757569767188,0.292443082446144,0.9991775751113892,1.0002464226314007,0.3100692445323583,0.9955992102622986,0.929822036198208,0.5137725699515574,0.9991568922996521,0.9721172366823476,0.5159820800735841,0.998264729976654,59.78090766823161,0
352,0.9247065867696497,0.2923421817166467,0.9992347359657288,1.000329914547149,0.31018111109733604,0.9958779811859131,0.9297744546617788,0.5136359362375172,0.9992066025733948,0.9721933319455109,0.5159442339624681,0.9983667731285095,59.78090766823161,0
353,0.9247849697158458,0.2921771038146248,0.9992886781692505,1.0004123335792912,0.3102850062506542,0.9961754679679871,0.9297306338946032,0.513420471123287,0.9992493987083435,0.9722782855942144,0.5158644630795438,0.9984601736068726,59.78090766823161,0
354,0.9248717711085372,0.29200287518047174,0.999337911605835,1.0004901318323052,0.31035680146444433,0.9963959455490112,0.9296906845910216,0.5131742528506691,0.9992891550064087,0.972349893479121,0.5157700975735986,0.9985392093658447,59.78090766823161,0
355,0.9249632301784704,0.29182991527375746,0.9993807077407837,1.0005419311069315,0.31043359353428823,0.9966151118278503,0.9296569284938638,0.512976271765573,0.9993252754211426,0.9723965610776637,0.5156919558842981,0.9986134171485901,59.78090766823161,0
356,0.9250680577187318,0.2916929296084815,0.9994178414344788,1.000564694404603,0.3104685005687534,0.996789276599884,0.9296448968705685,0.5128581949642731,0.999351441860199,0.972411683627538,0.5156453024773375,0.9986718893051147,59.78090766823161,0
357,0.9251769866262172,0.291621465058554,0.9994512796401978,1.000596585727874,0.31050282574835303,0.9969127774238586,0.9296508970714759,0.5128213876769661,0.9993731379508972,0.9724027400925054,0.5156815648078923,0.9987106323242188,59.78090766823161,0
358,0.9252841217177262,0.291581703083856,0.999480128288269,1.0006118899299992,0.3104793074585145,0.9970548152923584,0.9296784656388427,0.5128361894970852,0.9993900656700134,0.9723979972657711,0.5157852882430671,0.9987449645996094,59.78090766823161,0
359,0.9253887193543578,0.291532160270782,0.9995113015174866,1.0006258771533065,0.31046489590690274,0.9971852898597717,0.9296968380610156,0.5128789061591743,0.9994075894355774,0.9723797185080401,0.5160118653660732,0.9987808465957642,59.78090766823161,0
360,0.9254904389381415,0.29149388983136154,0.9995380640029907,1.0006274666105006,0.31042480326834204,0.9972772598266602,0.9296938549904604,0.512919332299914,0.9994232058525085,0.972331779343742,0.5162707652364462,0.9988092184066772,59.78090766823161,0
361,0.9255845518339255,0.2914510681515651,0.9995537400245667,1.000605742136638,0.31035778068360853,0.997366726398468,0.9296618813560129,0.5129248386337648,0.999420166015625,0.9722318166778209,0.5164869456064138,0.9988090395927429,59.78090766823161,0
362,0.9256689747174588,0.29140926116988797,0.9995489716529846,1.0006208022435514,0.31026752789815293,0.9973602294921875,0.9296195876030702,0.5128972104617532,0.9994011521339417,0.9721164022173209,0.5166234657877972,0.9987733960151672,59.78090766823161,0
363,0.9257483312061862,0.29136992352349445,0.9995441436767578,1.000667271159945,0.310171037912369,0.9974735975265503,0.9295708253270112,0.5127789520082024,0.9993865489959717,0.9720204869906115,0.5166569976579579,0.9987697005271912,59.78090766823161,0
364,0.9258052451269975,0.2913413856710709,0.9995328783988953,1.000708222389222,0.3101006689525788,0.9975515007972717,0.9295283981731968,0.5126407373519175,0.999366044998169,0.9719581660770242,0.5166421901612059,0.998754620552063,59.78090766823161,0
365,0.9258354277837852,0.2913319071133934,0.9995139241218567,1.0007073708942966,0.31004893637838843,0.9975804686546326,0.9294978522119075,0.5125177814846951,0.9993335604667664,0.9719306230545052,0.5166200285866152,0.9987066984176636,59.78090766823161,0
366,0.9258757091703876,0.29133160057522023,0.9994836449623108,1.0006966023218071,0.3100499312082929,0.9976264834403992,0.9294885936237525,0.5124609924498063,0.9992976784706116,0.9719289796692993,0.5166413273130148,0.9986622333526611,59.78090766823161,0
367,0.9258921884355098,0.2913378491288142,0.9994578957557678,1.000621330170405,0.31006429876600017,0.9975614547729492,0.9294795053345823,0.5124524235725407,0.999257504940033,0.9719301887920933,0.5166893544651217,0.9985728859901428,59.78090766823161,0
368,0.925882972422101,0.2913697659969332,0.9994757771492004,1.0005443550291524,0.31007576130685377,0.9976375699043274,0.9294621972810662,0.5125111710457579,0.9992691278457642,0.9719394700867796,0.5167649161247985,0.998595118522644,59.78090766823161,0
369,0.9258903548831039,0.29141203420502826,0.9994919896125793,1.0004771550496427,0.3100335839248841,0.9977521300315857,0.9294479801541291,0.5125579067638946,0.9992745518684387,0.9719556342987796,0.5168365041414901,0.9986153841018677,59.78090766823161,0
370,0.9259180426597602,0.29144851508594716,0.9994664788246155,1.000436124347506,0.3099845605237146,0.9977776408195496,0.9294245101156696,0.5125995647339598,0.999248743057251,0.9719554384549467,0.5168922770591013,0.9985813498497009,59.78090766823161,0
371,0.9259705571901238,0.29147927108265126,0.9994379281997681,1.0003872712453215,0.3098697818460921,0.9977418780326843,0.9294007477306192,0.51263078337624,0.9992228150367737,0.9719342731294186,0.5169091707184206,0.9985381960868835,59.78090766823161,0
372,0.9260477877798542,0.29148466104552884,0.9994382858276367,1.0003936688105273,0.30979740193911987,0.9977682828903198,0.9294014431181415,0.5126489429246817,0.999223530292511,0.9719132043066487,0.5169449931099306,0.9985430240631104,59.78090766823161,0
373,0.9261144371259787,0.2914637313002634,0.9994226694107056,1.0003978070758646,0.30974608092081,0.9977702498435974,0.9294354915618903,0.5126439474877862,0.9992064237594604,0.9719108854021352,0.5169574589956378,0.998518168926239,59.78090766823161,0
374,0.9262263519423357,0.29144813191323077,0.9994184970855713,1.0004548572358638,0.3097431276525772,0.9977955222129822,0.9295212967055193,0.512635055042449,0.9992102384567261,0.971933208760762,0.5169601355280199,0.9985250234603882,59.78090766823161,0
375,0.926371804305486,0.2914424964359831,0.9994425177574158,1.0003932913144438,0.3097328713962012,0.9978824257850647,0.9296727066948307,0.5126197111038939,0.999228298664093,0.9719752101671135,0.5169439202263246,0.9985681176185608,59.78090766823161,0
376,0.9265362478437886,0.2914346073354996,0.9994385242462158,1.0002521957669948,0.30972373343649384,0.9978885054588318,0.9298838518914729,0.5126050568762284,0.9992179274559021,0.972055307456426,0.5169230898221338,0.9985572099685669,59.78090766823161,0
377,0.9267132055191774,0.29141767393975054,0.9994480609893799,1.0000916180156534,0.30968234226817204,0.9978924989700317,0.9301198323567716,0.512611758141291,0.9992210865020752,0.9721608899888545,0.5169055717332027,0.9985649585723877,59.78090766823161,0
378,0.9268749015671873,0.29139052544321353,0.9994547963142395,0.9999486832391656,0.3096181948979698,0.9978801608085632,0.930327392759778,0.5125948559670226,0.9992443323135376,0.9722738805271338,0.5168847526822775,0.9985909461975098,59.78090766823161,0
379,0.9270018651371918,0.2913597822189333,0.9994521141052246,0.9999180265835361,0.3095556171167467,0.9978876709938049,0.9304866677238834,0.5125558603377574,0.9992590546607971,0.9724123165720994,0.5168432252747677,0.998613178730011,59.78090766823161,0
380,0.9271605724380138,0.2913362625099366,0.9994606971740723,1.000030267806281,0.30952587723732017,0.9979586005210876,0.9306358297665922,0.5125124284199309,0.9992753863334656,0.9726043570609327,0.5168171354702545,0.9986485242843628,59.78090766823161,0
381,0.9273054656528299,0.2913203012375607,0.9994574785232544,1.0000851778757012,0.30951434090023977,0.9980102181434631,0.93077572186788,0.5124639159157167,0.9992920160293579,0.9728213293211809,0.5167641810008462,0.9986812472343445,59.78090766823161,0
382,0.9274393518765774,0.2912970298812505,0.9994383454322815,1.0000415756588898,0.30945221724964345,0.9980204701423645,0.9309159630820871,0.5124108535902845,0.9993048906326294,0.9730387727419543,0.5166450426692059,0.9987078309059143,59.78090766823161,0
383,0.9275461832682299,0.29127097271737623,0.9994204044342041,0.9999440681366701,0.3093836492016204,0.998015820980072,0.9310621534075063,0.5123781987598968,0.9993129372596741,0.9732731013070978,0.5164813285782228,0.9987239241600037,59.78090766823161,0
384,0.9276124976930171,0.29124448980603923,0.9993974566459656,0.9997972051302599,0.30928740473020666,0.9979798793792725,0.9311602995509201,0.5123312075932824,0.9993171095848083,0.9734626185326357,0.516291737556458,0.99872887134552,59.78090766823161,0
385,0.9276361039706646,0.29122337698936485,0.9993897080421448,0.9996448840413783,0.3092633457410906,0.9980278015136719,0.9312075234594807,0.5122821870304294,0.9993155598640442,0.973622421423595,0.5161279950823107,0.9987357258796692,59.78090766823161,0
386,0.9276456236839302,0.2912265956401827,0.9993894100189209,0.999717198667073,0.30938544443675475,0.9980903267860413,0.9312797926721126,0.5122568862778804,0.9993162155151367,0.9737835554849541,0.5160550106139414,0.9987514615058899,59.78090766823161,0
387,0.9276364133471542,0.2912383264019378,0.9993889927864075,1.0000822515714745,0.3096637754213245,0.9981689453125,0.9313609174319684,0.5122758916446145,0.9993078708648682,0.9739938690548859,0.516162094615755,0.9987646341323853,59.78090766823161,0
388,0.9276448346319659,0.29125918660845096,0.9993742108345032,1.000513800552914,0.3099123849755244,0.9981120824813843,0.9314581439608627,0.5123203453563512,0.9993014931678772,0.9742308344159816,0.5163278977076217,0.9987414479255676,59.78090766823161,0
389,0.9276632808503658,0.2912865423020865,0.9993575215339661,1.0009459455808012,0.3101287370636352,0.9980568289756775,0.9315810600916552,0.512430017902738,0.9993036985397339,0.9745077888170887,0.5165823414212185,0.9987356066703796,59.78090766823161,0
390,0.9276804696945925,0.29131435354550705,0.9993388056755066,1.001349954378038,0.31028053590229604,0.997974693775177,0.9317055032366804,0.5126273575283237,0.9993070960044861,0.974749840441205,0.5168448828515556,0.9987304210662842,59.78090766823161,0
391,0.927706216062819,0.2913329132965635,0.9993245005607605,1.001611278170632,0.3105681964329313,0.9979503750801086,0.931824704011282,0.512869897342864,0.99930739402771,0.9749280952271968,0.5170838918004721,0.9987230896949768,59.78090766823161,0
392,0.9277434916723349,0.29134280057180517,0.9993048310279846,1.001946000825792,0.31099347841172015,0.9978330731391907,0.931928427446457,0.5131183181490221,0.9993091225624084,0.9750014344851183,0.5172703777040758,0.998708188533783,59.78090766823161,0
393,0.9277776933851704,0.29133778952416944,0.9992873668670654,1.0023272605169393,0.31145372702961904,0.9977265000343323,0.9319961354846054,0.5133519711948581,0.999308705329895,0.9750330306234821,0.5174664344106406,0.9986854791641235,59.78090766823161,0
394,0.9278209322974803,0.29132881618681433,0.9992697238922119,1.0026096275874554,0.3117834287030359,0.9976831674575806,0.9320565518878763,0.513522829328265,0.9992911219596863,0.9750459676697149,0.5175655058452066,0.9986371994018555,59.78090766823161,0
395,0.9278547735441306,0.29132159976732186,0.9992823004722595,1.0027901785714293,0.3119087758518403,0.9977368116378784,0.9321017378852489,0.5136995400701254,0.999288022518158,0.9750415909857986,0.5176563433238442,0.998630940914154,59.78090766823161,0
396,0.9278668704487036,0.29131469130516074,0.9993035793304443,1.0029371636254456,0.3118913088526047,0.9978234767913818,0.932154059410096,0.5139073814664572,0.9992994070053101,0.9750441057341448,0.517705048833575,0.9986517429351807,59.78090766823161,0
397,0.9278676254408709,0.2913050779274534,0.9993325471878052,1.0029934360867463,0.31184434606915457,0.997901439666748,0.9322157502174385,0.5140927831331893,0.9993136525154114,0.9750625093777981,0.5177400850114372,0.9986698627471924,59.78090766823161,0
398,0.9278703587395812,0.29129339967455203,0.9993483424186707,1.0030178001948773,0.3116972304525832,0.9979629516601562,0.9322575302351096,0.514259361085438,0.9993200302124023,0.9750784976141802,0.5177658626011443,0.9986789226531982,59.78090766823161,0
399,0.9278661750611813,0.2912892387026834,0.9993604421615601,1.002973743847439,0.31144993503888474,0.9980219602584839,0.9322778497423452,0.5144396708125164,0.9993243217468262,0.9750910855474934,0.517809737296332,0.9986879825592041,59.78090766823161,0
400,0.9278609326907573,0.2912999632812684,0.9993724226951599,1.0028793868564432,0.31111639028503807,0.9980608224868774,0.9323037238348105,0.5146021814573383,0.9993253350257874,0.9750986042476844,0.5178580936931433,0.9986857771873474,59.78090766823161,0
401,0.9279024373917361,0.291306854713531,0.9993612766265869,1.0028650987715957,0.3107883405117764,0.9980355501174927,0.9323169333594193,0.5147317023504352,0.9993193745613098,0.9750993109884724,0.5179257506415962,0.9986693859100342,59.78090766823161,0
402,0.9279968965621229,0.2912867040861223,0.9993482232093811,1.0027860913957876,0.31060967558906216,0.9980071187019348,0.932392392839705,0.5148192388670789,0.9993164539337158,0.9750995465687351,0.5180106702305026,0.9986645579338074,59.78090766823161,0
403,0.9281034838585634,0.2912241291432156,0.9993374943733215,1.0023760284696315,0.31051473816235886,0.9979633688926697,0.9325020114580798,0.5147945511908762,0.9993038177490234,0.9750979372433262,0.517997420969464,0.9986435174942017,59.78090766823161,0
404,0.9281945086660847,0.29114019019263154,0.9993485808372498,1.0017273709887557,0.3104515061492014,0.9979835748672485,0.9326091607411711,0.5147119136083698,0.9993090629577637,0.9750945653234218,0.5179114114670531,0.9986554384231567,59.78090766823161,0
405,0.928280106612615,0.2910088116214391,0.9993565678596497,1.0010048321315228,0.31038339507012164,0.9978964328765869,0.9326902883393432,0.5146604719616121,0.9992983937263489,0.9750914573669441,0.5178293529010958,0.9986227750778198,59.78090766823161,0
406,0.9283647849446259,0.29083007857913085,0.9993579387664795,1.0004492260160909,0.3102205424081714,0.9978928565979004,0.932732630343665,0.5146208291962038,0.9992871880531311,0.9750870579764964,0.5177162914049062,0.9986163973808289,59.78090766823161,0
407,0.928481320540111,0.2906333222275691,0.9993520379066467,1.0001164561226263,0.31001743390446646,0.9977530837059021,0.9327179363795697,0.5145805137498043,0.9992811679840088,0.9750810889970697,0.5176073227609912,0.998600423336029,59.78090766823161,0
408,0.9285898549216142,0.2904672693638577,0.999362051486969,0.9997955390385227,0.30973788953962805,0.997689425945282,0.9327176440329786,0.5145722712789267,0.9992857575416565,0.9750714614277802,0.517561583291917,0.9986107349395752,59.78090766823161,0
409,0.9286810273215892,0.2903604479063127,0.9993506669998169,0.9998483941668564,0.30937353486106534,0.9976121187210083,0.932718943981898,0.5145570777711418,0.999260663986206,0.975063451698849,0.5174787299973628,0.9985725283622742,59.78090766823161,0
410,0.9288127564248592,0.2903368473052981,0.9993590712547302,1.000282701991854,0.3090251187483472,0.9976184368133545,0.9327234285218382,0.5145556359064015,0.9992644786834717,0.9750771153540846,0.517405143805913,0.9985884428024292,59.78090766823161,0
411,0.9289821613402601,0.290346043450492,0.9993667006492615,1.0009096690586643,0.3086814880371096,0.997608482837677,0.9327288866043097,0.5145553293682285,0.9992687106132507,0.9751340264365794,0.5173177492050902,0.9986026883125305,59.78090766823161,0
412,0.9291502606301087,0.2903452175004144,0.9993844628334045,1.0015804597309665,0.3082991284983502,0.9976664185523987,0.932735468660083,0.5145210652124318,0.9992883801460266,0.9752248667535336,0.517171028114501,0.9986482858657837,59.78090766823161,0
413,0.9292842830930444,0.2903327487763907,0.9993763566017151,1.0019032557805387,0.3079467359043305,0.9976288080215454,0.9327339700290143,0.5144516995974954,0.9992805123329163,0.975340684254965,0.5170100558371775,0.9986360669136047,59.78090766823161,0
414,0.9293283110573186,0.2903203595252266,0.9993686676025391,1.00172051361629,0.30764273092860295,0.9975162148475647,0.9327187311081667,0.5143997924668452,0.999264657497406,0.9754409931954892,0.5169172599202114,0.9986092448234558,59.78090766823161,0
415,0.9293192369597305,0.2903194186233341,0.9993626475334167,1.0016332864761361,0.30745521613529775,0.9974708557128906,0.9326964503242863,0.5144389300119314,0.9992651343345642,0.9755162057422464,0.5169098717825757,0.998612642288208,59.78090766823161,0
416,0.9293331390335454,0.2903421847593219,0.9993517994880676,1.0017736468996328,0.30751413390750004,0.997431755065918,0.9326785547392716,0.5145524200939001,0.9992638826370239,0.9755839194570277,0.5169712986264914,0.9986189007759094,59.78090766823161,0
417,0.9293447818074916,0.29039604323250934,0.9993420839309692,1.0020534311022085,0.3077648069177358,0.9973837733268738,0.9326710672605613,0.5146862523896357,0.9992629885673523,0.9756657140595579,0.5170318995203295,0.9986187219619751,59.78090766823161,0
418,0.9293444752693184,0.29046418127559503,0.9993452429771423,1.002456784248353,0.30802254591669376,0.9973726868629456,0.9326520108041316,0.5147956155595329,0.9992615580558777,0.9757370352745064,0.5170503003256666,0.9986121654510498,59.78090766823161,0
419,0.9293426473935453,0.2905216955003287,0.9993460178375244,1.0027819531304503,0.3082248284703212,0.9973911046981812,0.9326156093960724,0.5148278531574072,0.9992662668228149,0.9757951441265296,0.5170208471161983,0.9986237287521362,59.78090766823161,0
420,0.9293285466375812,0.29055475337164766,0.9993506073951721,1.0027871756326592,0.308332932846887,0.9974030256271362,0.9325693136169804,0.5147673516046438,0.9992709159851074,0.9758323601314007,0.516955931981405,0.9986324906349182,59.78090766823161,0
421,0.929302536305928,0.2905716058753788,0.9993489384651184,1.0025279635474804,0.30832059610457674,0.9974141120910645,0.9325309026808973,0.5147311006273546,0.9992710947990417,0.9758864953404388,0.5169033181099669,0.9986349940299988,59.78090766823161,0
422,0.9292679656119581,0.2905776642617728,0.9993469715118408,1.0021350270225895,0.3083157269727619,0.9974380731582642,0.9325060929570886,0.5145654224214103,0.9992760419845581,0.9759566443307067,0.5168103433790665,0.9986432790756226,59.78090766823161,0
423,0.9292342634428123,0.29058610115732486,0.9993478655815125,1.001847011702402,0.3083630558990299,0.9974573850631714,0.9324965448606589,0.5143382833117535,0.9992807507514954,0.9760222832361864,0.5167020076797126,0.9986491203308105,59.78090766823161,0
424,0.9291664191654758,0.2906059225400291,0.9993467330932617,1.0017403250648869,0.3084223540056322,0.9974239468574524,0.9324854981331605,0.5141043946856548,0.999271035194397,0.9760576032456905,0.5165903681800483,0.9986255764961243,59.78090766823161,0
425,0.9290756611596978,0.29063734979856604,0.9993394017219543,1.001866919653757,0.30850869417190574,0.9973632097244263,0.9324620224180683,0.5139254700569884,0.9992542862892151,0.9760587527638398,0.5165274796031775,0.9985924363136292,59.78090766823161,0
426,0.9289645609401529,0.29066791137059556,0.9993383288383484,1.002091912996202,0.3085228885923116,0.9973206520080566,0.9324363555227014,0.5137780337106618,0.9992288947105408,0.9760431420235414,0.5164436726343068,0.9985502362251282,59.78090766823161,0
427,0.9288349917956769,0.2907281290917172,0.9993298053741455,1.0022758869897759,0.3084656823249093,0.9972994923591614,0.9324118750435972,0.5137514074643457,0.9992009401321411,0.976035225959052,0.5163894465991433,0.9985096454620361,59.78090766823161,0
428,0.9287422753515705,0.2908306717872622,0.9993225336074829,1.0024534861246752,0.3083969411395847,0.9973060488700867,0.9324049523898541,0.5136776424589615,0.9991886615753174,0.9760441496258698,0.5163078364871801,0.9984946846961975,59.78090766823161,0
429,0.9286816545895176,0.2909837507066275,0.9993013739585876,1.002795514606295,0.3083419515973048,0.9972555041313171,0.9324117359660928,0.5136096165293743,0.9991551041603088,0.9760585342134755,0.5162336826324467,0.9984439015388489,59.78090766823161,0
430,0.9285941152345575,0.29119737091518605,0.9992964863777161,1.003108881768727,0.30831468672979473,0.9972516298294067,0.9324250590233583,0.5135535654567541,0.9991416931152344,0.9760660841351471,0.5161845485369368,0.9984185099601746,59.78090766823161,0
431,0.9284696096465709,0.29140510303633577,0.9993083477020264,1.0033360606148138,0.3083440817537764,0.9973283410072327,0.9324317574501046,0.5135216202054709,0.9991526007652283,0.9760892873718633,0.5161841596875876,0.9984447956085205,59.78090766823161,0
432,0.928313490890322,0.29156772721381435,0.9993152022361755,1.0032613504500625,0.30833422995749,0.9973527789115906,0.932436821006594,0.5134950195040026,0.9991492629051208,0.9761368830998747,0.5161743731725787,0.9984428286552429,59.78090766823161,0
433,0.9281595207396015,0.29167658942086383,0.9993200898170471,1.0028592915762047,0.308316352821532,0.9973808526992798,0.9324474987529581,0.5134631565638955,0.9991525411605835,0.9761905613399695,0.5161172946294152,0.9984471797943115,59.78090766823161,0
434,0.9280474413008926,0.2917324971585049,0.9993201494216919,1.0022206022625886,0.30820832649866764,0.9973885416984558,0.9324769604773756,0.5133984060514545,0.9991503953933716,0.976250268164136,0.5159933964411422,0.998436450958252,59.78090766823161,0
435,0.9279782176017768,0.2917549979119076,0.999319314956665,1.0015105633508599,0.3080383581774578,0.997373640537262,0.9325039102917633,0.513326349712554,0.9991388916969299,0.9762914436204102,0.515841853050959,0.9984110593795776,59.78090766823161,0
436,0.9279323986598431,0.2917742871102835,0.9993155598640442,1.0009487810589026,0.3077876766522728,0.9972981810569763,0.9325169239725393,0.5132302045822148,0.9991122484207153,0.9762926357133055,0.5156876302900772,0.9983563423156738,59.78090766823161,0
437,0.9279250814801179,0.29177729288737003,0.9993171095848083,1.0007921797888628,0.307573192176365,0.9972493052482605,0.9325201057252437,0.5130894269262045,0.9990936517715454,0.9762941173144757,0.5155687956582936,0.9983202219009399,59.78090766823161,0
438,0.927958948271616,0.2917776490960805,0.9993234872817993,1.0008484295436322,0.3074534436066948,0.9972158074378967,0.9325171226546886,0.5129552710623972,0.9990866780281067,0.9763629181044451,0.5155292664255419,0.9983029365539551,59.78090766823161,0
439,0.9280235653831852,0.2917757559390297,0.9993363618850708,1.0010931435085486,0.3074736226172677,0.9972720742225647,0.9325432238124672,0.5128175445965362,0.9991005659103394,0.9764646944545572,0.5154871798696976,0.9983291029930115,59.78090766823161,0
440,0.9280758925846653,0.29176657824289254,0.9993495345115662,1.0012586343856094,0.3075282289868312,0.9973690509796143,0.9325944639387592,0.5126975689615526,0.9991159439086914,0.9765851100285856,0.5154230906849819,0.9983634352684021,59.78090766823161,0
441,0.9281061007863007,0.29173558524676757,0.9993423819541931,1.0011973608107803,0.3076102946485795,0.9973653554916382,0.9326687710625792,0.5126317682720369,0.999110221862793,0.9766954779624946,0.5153488289742247,0.9983537793159485,59.78090766823161,0
442,0.9281015907015127,0.29169612839108444,0.9993458390235901,1.0010293892451703,0.3076256769044061,0.9973858594894409,0.9327775722458257,0.5126000273795359,0.9991139769554138,0.9767620904105058,0.5152684308233719,0.9983561635017395,59.78090766823161,0
443,0.928095011484056,0.2916626901853655,0.9993646740913391,1.0012463671820513,0.3076059435095108,0.9974719285964966,0.9329284543082835,0.5125809084801451,0.9991369247436523,0.9767861394655144,0.515200447468531,0.9983958601951599,59.78090766823161,0
444,0.9281000750405455,0.291628101042339,0.9993826150894165,1.0015704631805429,0.3075998510633199,0.9975147843360901,0.933073750564031,0.512580670061566,0.9991488456726074,0.9768133560816454,0.5151762366294865,0.9984098076820374,59.78090766823161,0
445,0.9281114453361154,0.29160326009704973,0.9994019269943237,1.001964075224741,0.3076563065960296,0.9975332021713257,0.9332219390642083,0.512578441983178,0.9991658329963684,0.9768162909008216,0.5151488156545734,0.9984229207038879,59.78090766823161,0
446,0.928119687806993,0.29157739310037545,0.9994214773178101,1.0023694833119718,0.30790664326576983,0.9976034760475159,0.9333305869783681,0.5125739233834407,0.999180257320404,0.9768176362628037,0.5151276219458811,0.9984396696090698,59.78090766823161,0
447,0.9281334309350885,0.2915775563035695,0.9994287490844727,1.0025608028684352,0.3082917588097711,0.9975993633270264,0.9333854913711556,0.5126194045657206,0.9991858601570129,0.9768218085879379,0.5151493095216301,0.9984336495399475,59.78090766823161,0
448,0.9281314554668616,0.29160888564019,0.9994457364082336,1.0025259313129251,0.30868716892742,0.997711181640625,0.9334108943030955,0.5127256541025076,0.9992105960845947,0.9768307294164393,0.5152325885636471,0.9984791874885559,59.78090766823161,0
449,0.9280626858983728,0.2916508387951626,0.999463677406311,1.002601385116578,0.30894456874756615,0.9978227615356445,0.9334320936884206,0.5128633124487745,0.9992324709892273,0.9768413418815257,0.5153392468179979,0.9985246062278748,59.78090766823161,0
450,0.9279249651091447,0.2916789338702249,0.9994664788246155,1.0025228432246625,0.30900787881442504,0.9978552460670471,0.9334569346337098,0.512985555898576,0.99924635887146,0.9768588713237225,0.5154353493735908,0.9985388517379761,59.78090766823161,0
451,0.9277655539058511,0.29168822651817705,0.9994654655456543,1.0022223904019318,0.30890303424426513,0.9978458881378174,0.9335062645730526,0.5130432248115544,0.9992573261260986,0.9768751575833283,0.5154770612716679,0.998545229434967,59.78090766823161,0
452,0.9276274045308439,0.2916560726506372,0.9994601011276245,1.0017893768492208,0.3088117511499498,0.9978180527687073,0.9335584016073325,0.513067293734778,0.9992591142654419,0.9768766789209282,0.5154715861592978,0.9985371828079224,59.78090766823161,0
453,0.9275635395731252,0.29159796663693044,0.999460756778717,1.0012082429159264,0.30872289481617177,0.9978084564208984,0.9336080636296962,0.5130096702348622,0.999270498752594,0.9769060611724861,0.5154398594583788,0.9985575079917908,59.78090766823161,0
454,0.9275879462560025,0.29155758023262046,0.9994425773620605,1.0006891545795267,0.308757285277049,0.997697114944458,0.93364304304123,0.5128258012589959,0.999251663684845,0.9769522462572378,0.515391900425866,0.9985151886940002,59.78090766823161,0
455,0.9276586742628196,0.2915445665518445,0.9994324445724487,1.000437537829082,0.3088937643028443,0.997678279876709,0.933665349369958,0.512602031230927,0.9992428421974182,0.9770042981420253,0.5153851622626899,0.9984996318817139,59.78090766823161,0
456,0.9277203083038338,0.2915538733913787,0.9994231462478638,1.000335653622946,0.3090683065709616,0.9977044463157654,0.9336955746014921,0.5123972665695922,0.999226450920105,0.9770628270648783,0.5154231701578417,0.9984821677207947,59.78090766823161,0
457,0.9277641092027944,0.2915879913738798,0.9994233250617981,1.0002979948407136,0.30924938548178926,0.9977496862411499,0.9337229842231394,0.5122768708637786,0.999219536781311,0.9771049874169494,0.515527705351512,0.9984764456748962,59.78090766823161,0
458,0.9278168025470923,0.29161693368639285,0.9994193315505981,1.0003262701488684,0.3093524419126059,0.9978101253509521,0.9337993718328937,0.5122624635696416,0.9992063641548157,0.9771123670396358,0.5155578596251356,0.9984633922576904,59.78090766823161,0
459,0.92787581114542,0.2916065227417721,0.9994146227836609,1.000259439150493,0.309306574719293,0.9978603720664978,0.9339048152878179,0.5122380654017135,0.9991898536682129,0.9771306032226207,0.5154813783509395,0.9984558820724487,59.78090766823161,0
460,0.9279428606941593,0.29159647793996923,0.9994014501571655,1.0001708212352942,0.3092407981554669,0.997774064540863,0.9339894056320198,0.5121375606173564,0.9991562366485596,0.9771257071267998,0.5153155610674908,0.9983927607536316,59.78090766823161,0
461,0.9280057350794482,0.2916159615630197,0.9994008541107178,1.0000872782298504,0.30914838966869196,0.9977504014968872,0.9340385908172251,0.512070803415208,0.999147891998291,0.9771057253792179,0.5151858216240297,0.9983771443367004,59.78090766823161,0
462,0.9280377427736926,0.2916661146141236,0.9994063973426819,0.9999849739528845,0.30912160021918184,0.9977908134460449,0.9340407394227535,0.5120707125890827,0.9991385340690613,0.9770772144908004,0.5151351378077557,0.998369038105011,59.78090766823161,0
463,0.9280349527086538,0.2917290784063796,0.9994092583656311,0.9999572265715834,0.30924988928295344,0.9977891445159912,0.9340112294469568,0.5121086722328554,0.9991299510002136,0.9770511587460844,0.515178223450979,0.9983591437339783,59.78090766823161,0
464,0.9280319100334539,0.29178597245897586,0.9994007349014282,1.0000665471667345,0.30953893349284245,0.9977664947509766,0.9340137044588732,0.5121462657338101,0.9991274476051331,0.9770372226124726,0.5152035355567937,0.9983590841293335,59.78090766823161,0
465,0.9280445149966655,0.291819500071662,0.999396562576294,1.000415450050718,0.3100187877813978,0.99773770570755,0.9340374441373922,0.5121022633143837,0.9991272687911987,0.9770413693927591,0.5151610289301195,0.998353123664856,59.78090766823161,0
466,0.9280597652707788,0.2918210128943128,0.9993994832038879,1.000988858086723,0.3105742534001671,0.997776210308075,0.9340623333340606,0.5119605404990064,0.9991313219070435,0.9770462541353143,0.5150642877533327,0.9983634352684021,59.78090766823161,0
467,0.9280614966437939,0.2918255967753276,0.9994087219238281,1.0016610792704999,0.31103946055684795,0.997845470905304,0.9340845374833977,0.5118080122130262,0.9991475939750671,0.9770566225051888,0.5149617649260025,0.9983997344970703,59.78090766823161,0
468,0.928061232680367,0.2918211207503366,0.9994159936904907,1.002323303903853,0.3113511133761635,0.9979151487350464,0.934097900277093,0.511649398576646,0.9991633892059326,0.9770689209302275,0.5148640360151022,0.9984349608421326,59.78090766823161,0
469,0.9280606621787669,0.29181031953720843,0.9994313716888428,1.0028077080136262,0.31149824602263343,0.9979754686355591,0.9341062534423109,0.5114847875776749,0.9991796016693115,0.9770887465704063,0.5147864676657181,0.9984647631645203,59.78090766823161,0
470,0.928054210685549,0.2917697883787611,0.9994379878044128,1.003030498822531,0.3115233665420898,0.997969925403595,0.9341104229291288,0.5113685585203629,0.9991908669471741,0.977110099224818,0.5147611243384229,0.9984766840934753,59.78090766823161,0
471,0.9280568645113998,0.2917094628016156,0.9994477033615112,1.003160760516213,0.3115575838656655,0.9980265498161316,0.93411253747486,0.5112756661006386,0.999208927154541,0.9771214865502865,0.5147462033090142,0.9985110759735107,59.78090766823161,0
472,0.9280753788493935,0.29165017604827903,0.999451220035553,1.0032380251657402,0.31163228693462575,0.9980483055114746,0.9341041928245915,0.5112449214572002,0.9992079138755798,0.977099381742024,0.5147504806518559,0.9985002279281616,59.78090766823161,0
473,0.9281035434632081,0.29161344965298996,0.999459981918335,1.0032692977360325,0.3117455882685527,0.9980677366256714,0.934093131905511,0.511304548808507,0.9992256164550781,0.977060482615517,0.5147822726340525,0.9985246658325195,59.78090766823161,0
474,0.9281571081706463,0.29158812619390967,0.9994706511497498,1.0033035278320321,0.31184473917597844,0.9980846643447876,0.9340845289684484,0.5114737209819616,0.9992426633834839,0.9770208341734757,0.5148470061165951,0.9985484480857849,59.78090766823161,0
475,0.9282270811852962,0.29157741580690677,0.9994794726371765,1.003382018634252,0.3119402173019593,0.9980877041816711,0.9340837796529141,0.5116812274569561,0.9992607831954956,0.9769971257164374,0.5149192526226957,0.9985719919204712,59.78090766823161,0
476,0.9283193293071936,0.29155085342271014,0.9994820952415466,1.0034610770997556,0.31201521555582706,0.9980056881904602,0.934096711022514,0.5118853279522491,0.9992704391479492,0.976989876656306,0.5150072801680796,0.9985678791999817,59.78090766823161,0
477,0.9284129596891865,0.2915192374161314,0.9994884133338928,1.0035197280702146,0.31204898016793414,0.9979767203330994,0.9341109934307288,0.5120871776626228,0.9992874264717102,0.9770254776591354,0.5151074840908962,0.9985870718955994,59.78090766823161,0
478,0.9285460483460206,0.29149348537127195,0.9994935393333435,1.0035122235616056,0.31206646987370107,0.9979530572891235,0.9341466284933552,0.5122362715857374,0.9992904663085938,0.9770715520495469,0.5151813966887342,0.9985823035240173,59.78090766823161,0
479,0.928726065726508,0.2914812068144483,0.999487042427063,1.0035551616123752,0.3121879029841652,0.9978578686714172,0.9342109958330798,0.5123301120031452,0.9992889165878296,0.9771473748343339,0.5152421167918618,0.9985662698745728,59.78090766823161,0
480,0.9289612259183618,0.29147534711020356,0.9994792938232422,1.0035415206636709,0.31228752505211627,0.9977841377258301,0.9343200155666904,0.5123868698165535,0.9992794990539551,0.9772796233495085,0.5152223308881129,0.9985418319702148,59.78090766823161,0
481,0.9292108303024662,0.29144486926850843,0.9994812607765198,1.0037386757986895,0.3125321112927939,0.997748076915741,0.9344467691012799,0.5123749999772939,0.9992921948432922,0.9774201711018888,0.5151301991371886,0.998561680316925,59.78090766823161,0
482,0.929457244418917,0.2913992575236731,0.9994723200798035,1.004037675403414,0.31294539996555903,0.9976688027381897,0.9345506514821741,0.5123324309076587,0.9993007183074951,0.9775225151152845,0.5150199986639481,0.9985688924789429,59.78090766823161,0
483,0.9296695533252906,0.2913513183593752,0.9994707703590393,1.0042785519645336,0.31343190868695603,0.997673749923706,0.9346128985995346,0.512322462740399,0.9993027448654175,0.9775929252306628,0.5149548734937399,0.998566210269928,59.78090766823161,0
484,0.9298989574114489,0.2913327004228322,0.9994480609893799,1.0044625202814745,0.3138691428161805,0.9976078867912292,0.9346440831820177,0.5123287325813661,0.9993062019348145,0.9775859089124779,0.5149351131348388,0.9985753893852234,59.78090766823161,0
485,0.9301279811632073,0.2913384551093694,0.9994328618049622,1.0046463182994305,0.3143391566617151,0.997588574886322,0.9346565916424714,0.5123525971458076,0.9993108510971069,0.9775602732385915,0.5149819538706829,0.9985906481742859,59.78090766823161,0
486,0.9303216423307153,0.29138197217668826,0.9993966817855835,1.0047406298773636,0.3147507991109578,0.9975183606147766,0.9346753727822084,0.5123543512253539,0.9993143081665039,0.9775673037483587,0.515007927304223,0.9986041188240051,59.78090766823161,0
487,0.9304630131948569,0.2914444094612487,0.9993997812271118,1.00490156809489,0.31515824510937673,0.9975641369819641,0.9346907905169903,0.5123583731197179,0.9993345737457275,0.9775822787057794,0.5150329016503837,0.998649001121521,59.78090766823161,0
488,0.9305267192068563,0.29150557801837035,0.9993937611579895,1.0050502277555928,0.31549599199068,0.9976140260696411,0.9346893770354142,0.5123670356614253,0.999347448348999,0.9776084848812656,0.5150440789404374,0.9986840486526489,59.78090766823161,0
489,0.9305641424088258,0.2915625274181368,0.9994035363197327,1.0051140671684635,0.3157011682078954,0.9976626634597778,0.9346814666475576,0.5123778893834072,0.999364972114563,0.9776405067670921,0.5150545239448552,0.9987192153930664,59.78090766823161,0
490,0.9306094901902343,0.29164717878614177,0.9994143843650818,1.0052412578037815,0.31581761155809696,0.9977652430534363,0.9346605113574444,0.5123883145196102,0.9993816018104553,0.97764125324431,0.5150315193902884,0.9987674355506897,59.78090766823161,0
491,0.9306553034555352,0.29171829564230806,0.9994198083877563,1.0053613526480545,0.3156750713075913,0.9977946281433105,0.9346308935256239,0.512381854511443,0.9993924498558044,0.9776488911537905,0.5149479990913759,0.9987947940826416,59.78090766823161,0
492,0.9307007704462331,0.29178045051438495,0.9994174242019653,1.0051454816545768,0.31536951661109947,0.9978183507919312,0.9346297411691582,0.5123929636819027,0.9993987083435059,0.977706696305957,0.5148431147847861,0.9988149404525757,59.78090766823161,0
493,0.9308201017833899,0.2918271010830291,0.9994100332260132,1.0044962508337845,0.3147252500057223,0.9978187680244446,0.934698368821826,0.5124278011776157,0.9994068145751953,0.9778644669623611,0.5147317392485486,0.9988368153572083,59.78090766823161,0
494,0.9309872672671371,0.2918393526758469,0.9994139075279236,1.0036790881838125,0.31397313163394047,0.9978493452072144,0.9347892403602607,0.512466581094833,0.9994274377822876,0.9780856654757553,0.5146706161044897,0.9988745450973511,59.78090766823161,0
495,0.931213026955015,0.2918035004820145,0.9994268417358398,1.00291052886418,0.3132560551166537,0.9978722333908081,0.9348749177796507,0.512422172796159,0.9994475245475769,0.9783513801438476,0.514566228503273,0.9989064931869507,59.78090766823161,0
496,0.9314390676362182,0.29175724727766883,0.9994417428970337,1.0024757385253915,0.3125937481721245,0.9978685975074768,0.9349807727904553,0.5122697949409489,0.9994697570800781,0.9786426027615873,0.5144152868361704,0.998936116695404,59.78090766823161,0
497,0.9316462249982933,0.29169208804766356,0.9994577169418335,1.0024713448115765,0.3119840565181916,0.9979023933410645,0.9352041568074915,0.5120166171164744,0.9994874596595764,0.9789102389698945,0.5142178024564474,0.9989625215530396,59.78090766823161,0
498,0.931785756633396,0.29163155243510314,0.999462366104126,1.0025053194590985,0.31156103951590425,0.9979358911514282,0.9354992338589267,0.5118198423158559,0.9994871616363525,0.9791234305926739,0.5140559701692495,0.9989623427391052,59.78090766823161,0
499,0.9319003479821348,0.2915947891417006,0.9994450807571411,1.0024850141434452,0.3112391020570485,0.9979196190834045,0.9358682149932506,0.5117729845501131,0.9994720816612244,0.9793080006326955,0.514045601799375,0.9989436268806458,59.78090766823161,0
500,0.931970471427555,0.29158091545105,0.9994403719902039,1.002485598836627,0.31117983233361046,0.9979563355445862,0.9361701040040886,0.5119016936847146,0.9994696378707886,0.9794030217897332,0.514209784212567,0.9989525675773621,59.78090766823161,0
501,0.9320019795781098,0.29157395306087697,0.9994471669197083,1.0024637438002095,0.31127637340908987,0.9979879260063171,0.9363269919440869,0.5121495950789683,0.9994701743125916,0.9794368261382701,0.5144151534352988,0.9989646673202515,59.78090766823161,0
502,0.932000106289274,0.29158374383336044,0.9994432926177979,1.0025499832062503,0.31131097674369834,0.9979523420333862,0.9363610006514057,0.5124875874746417,0.9994698166847229,0.9794600804646817,0.5146598532086331,0.9989608526229858,59.78090766823161,0
503,0.93202068692162,0.29159261782964097,0.9994344115257263,1.0026887712024515,0.31129242834590753,0.997931182384491,0.9363947908083606,0.5127832463809425,0.9994704723358154,0.979467587811607,0.5148457913171681,0.9989644289016724,59.78090766823161,0
504,0.9320473046529868,0.2915906267506738,0.9994404315948486,1.0027945722852443,0.3112269980566844,0.9979323744773865,0.936389693192074,0.5130364781334291,0.9994733333587646,0.9794477763630103,0.5149692524047129,0.9989731311798096,59.78090766823161,0
505,0.932111737273989,0.29156910237811884,0.9994292855262756,1.002902411279225,0.3111635602655868,0.9979099035263062,0.9364031326203126,0.5132179515702388,0.9994657635688782,0.9794315042949866,0.51510458900815,0.9989644885063171,59.78090766823161,0
506,0.9321950276692715,0.29151768059957617,0.999420702457428,1.0029610111599885,0.311117422013056,0.9979011416435242,0.9364155672845395,0.5133075118064885,0.9994564056396484,0.9794152464185449,0.5152079094023936,0.9989553689956665,59.78090766823161,0
507,0.9322849710782376,0.291463253043947,0.9994053840637207,1.0029484317416244,0.31106971417154605,0.9978592395782471,0.9364202448299961,0.5133678799583803,0.9994462132453918,0.9794133305549629,0.5152892158145,0.9989424347877502,59.78090766823161,0
508,0.9323743212790724,0.29138049199467636,0.9994117617607117,1.0030000039509372,0.31115852367310326,0.9978770017623901,0.9364101148787006,0.5134643145969939,0.9994445443153381,0.9794144034385689,0.5154155123801463,0.9989465475082397,59.78090766823161,0
509,0.9324753766968145,0.2912579703898659,0.9994156360626221,1.0030060495649074,0.31124535202980064,0.9979173541069031,0.93639757235845,0.5135511046364198,0.9994429349899292,0.979400609220778,0.5155161023139958,0.9989526271820068,59.78090766823161,0
510,0.9325622972987955,0.2910933083011993,0.9993922114372253,1.0031885192507797,0.3114827218509858,0.9979146122932434,0.9363821092106055,0.5136174417677384,0.9994215369224548,0.9793789046151306,0.5155945505414694,0.9989349842071533,59.78090766823161,0
511,0.9326377340725498,0.2909285639013565,0.9993937015533447,1.0034184115273619,0.311808608827137,0.9979516267776489,0.9363694418044325,0.5136795696758092,0.9994184374809265,0.9793457076663071,0.5156557389668059,0.9989412426948547,59.78090766823161,0
512,0.9326752310707462,0.29080825050671916,0.9993925094604492,1.0036827779951558,0.3121720580827625,0.9979919791221619,0.9363614093689698,0.5137277359054206,0.9994200468063354,0.9793096780776986,0.5156824900990444,0.9989526867866516,59.78090766823161,0
513,0.9326846060298746,0.2907582705929168,0.9993879199028015,1.0037467309406833,0.312346479722432,0.9979828596115112,0.9363626582281938,0.5137557472501486,0.9994166493415833,0.9792927446819495,0.5156699759619581,0.9989513158798218,59.78090766823161,0
514,0.9326846542812537,0.2907450057211378,0.999383270740509,1.0037026235035496,0.3125845875058858,0.9979829788208008,0.9363580317724327,0.5137658346266978,0.999412477016449,0.9792833924293526,0.5156881298337669,0.9989520311355591,59.78090766823161,0
515,0.9326835274696358,0.2907449106375378,0.9993863701820374,1.0034899314244596,0.3127426476705645,0.9979588389396667,0.936339877900624,0.5137987278756645,0.999412477016449,0.979273696740469,0.515725794292632,0.9989540576934814,59.78090766823161,0
516,0.9326812766847163,0.29074187363897075,0.9994018077850342,1.00334085736956,0.31293650468190537,0.9980010986328125,0.9363086507433944,0.5138248318717598,0.9994236826896667,0.9792672083491378,0.5157568397976108,0.998976469039917,59.78090766823161,0
517,0.9326765963009432,0.2907433779466722,0.999424397945404,1.0031333707627803,0.31304278685933096,0.9980652928352356,0.9362766118276693,0.5138913818768097,0.999441385269165,0.9792613926387976,0.5157584689912347,0.9990049600601196,59.78090766823161,0
518,0.9326590441522151,0.2907465951783319,0.9994444251060486,1.0029945430301492,0.31303745224362356,0.998112678527832,0.9362123324757539,0.5139496979259313,0.9994591474533081,0.9792443854468218,0.5157272248041066,0.9990338087081909,59.78090766823161,0
519,0.9326373140017199,0.2907756226403375,0.9994640946388245,1.0028250501269393,0.3129197132019772,0.9981303811073303,0.9361519643238619,0.5140090102241157,0.9994764924049377,0.9792358023779741,0.5156706543195819,0.999060332775116,59.78090766823161,0
520,0.9325736051514043,0.29090266994067626,0.9994738101959229,1.0027486369723373,0.31270896111215885,0.998140811920166,0.9360771604946689,0.5141254209336785,0.9994897842407227,0.9792043169339506,0.5156218381155109,0.9990805387496948,59.78090766823161,0
521,0.9324645712262116,0.29110747008096627,0.9994933009147644,1.0027265208108094,0.31246265059425743,0.9981921315193176,0.9359714360464194,0.5143212108384999,0.999508798122406,0.979161032608578,0.5156167632057558,0.9991085529327393,59.78090766823161,0
522,0.9323401678176161,0.291332855111077,0.9995136260986328,1.002646968478249,0.31215944744291785,0.9982785582542419,0.9358619621821819,0.514564224651882,0.9995296597480774,0.9791206547192173,0.5156198285874871,0.9991400241851807,59.78090766823161,0
523,0.9321593840916959,0.2915508009138564,0.9995332360267639,1.0026125624066315,0.31191790387744023,0.9983503818511963,0.9357673383894428,0.5148452832585293,0.9995443224906921,0.979089109670549,0.515679932775952,0.9991627335548401,59.78090766823161,0
524,0.9319187800089526,0.2917676340966,0.9995431303977966,1.0026887257893888,0.3118086301145102,0.9984062910079956,0.9356442065466025,0.5151455402374272,0.9995508790016174,0.9790436767396481,0.5157929204759149,0.9991713762283325,59.78090766823161,0
525,0.9316710063389377,0.29194990084284855,0.9995576739311218,1.002871201151894,0.31180861876124455,0.9984350204467773,0.9355308583804547,0.5154132701101761,0.9995538592338562,0.9790066196804963,0.5159231282415848,0.9991768002510071,59.78090766823161,0
526,0.931459307670594,0.292114290453139,0.9995653033256531,1.0030910628182554,0.311723046359562,0.9984493851661682,0.9354195566404442,0.5157071720986144,0.9995596408843994,0.9789525525910521,0.5160325311479119,0.9991849064826965,59.78090766823161,0
527,0.9312545742307399,0.2922581235567731,0.9995735883712769,1.0033552533104315,0.311709998618989,0.9984681010246277,0.9352688448769713,0.5160175788970225,0.9995667338371277,0.9789136648178108,0.5161745973995757,0.9991986155509949,59.78090766823161,0
528,0.9310694989703958,0.2923519270760675,0.9995738863945007,1.0034924121130089,0.31166402498881046,0.9984753131866455,0.9351151244980955,0.5163703049932211,0.9995729923248291,0.9789203263464435,0.516296486059825,0.9992051124572754,59.78090766823161,0
529,0.9308457090741119,0.2924055570647832,0.9995832443237305,1.0035767157872526,0.31162154532614234,0.9985091090202332,0.934983296053751,0.5167175843602139,0.9995838403701782,0.9789900212060845,0.5164319475491845,0.9992192983627319,59.78090766823161,0
530,0.9305813511212675,0.2924819389979047,0.9995933175086975,1.0035943360555748,0.311854992594038,0.998528003692627,0.934877832730612,0.5170444817770099,0.999594509601593,0.9790745462690089,0.5165826735042395,0.9992310404777527,59.78090766823161,0
531,0.9303082852136528,0.2925348210902443,0.9995993375778198,1.0037749324526115,0.3121914295923145,0.9985169768333435,0.9348165847006306,0.5172274283000405,0.9996026158332825,0.9791724199340465,0.5166888350532173,0.9992345571517944,59.78090766823161,0
532,0.9300796020598646,0.2925501834778561,0.9995996952056885,1.0040355466661008,0.31253944124494304,0.9985031485557556,0.9347896065030786,0.5172953520502367,0.9996045827865601,0.9792449701400038,0.5167389682361062,0.9992280602455139,59.78090766823161,0
533,0.9298727966490253,0.29256063841638136,0.9996073842048645,1.0043376570656193,0.3128076224100025,0.9985126256942749,0.9347592677388881,0.5172961098807203,0.9996137619018555,0.9792932811237525,0.5167690061387565,0.9992356896400452,59.78090766823161,0
534,0.929724784124466,0.2925732859543394,0.9996163845062256,1.0045690763564346,0.3130215704441073,0.9985409379005432,0.9347286763645362,0.517297242368971,0.9996145963668823,0.9793268186705462,0.5167654781114491,0.9992313981056213,59.78090766823161,0
535,0.9296437899271655,0.2925724699383693,0.999616265296936,1.0046877633957645,0.31304422588575476,0.9984744787216187,0.934706057821002,0.5172889601616637,0.9996044039726257,0.9793753680728738,0.516724078428178,0.9992024898529053,59.78090766823161,0
536,0.9296216794422703,0.29259861792836894,0.999610185623169,1.0046886830102837,0.3132029899529051,0.9984254240989685,0.9346935947736112,0.5173182884852096,0.9995909333229065,0.9794175851912733,0.5166994503566201,0.9991757869720459,59.78090766823161,0
537,0.9296254742713208,0.2926457779748102,0.999586284160614,1.00480722245716,0.31335563319070026,0.9983088970184326,0.9346904215358559,0.5173539490926837,0.9995670318603516,0.9794485540617088,0.5166790598914741,0.9991353154182434,59.78090766823161,0
538,0.9296263569877269,0.292704156466893,0.9995633959770203,1.004907034692311,0.31343592632384554,0.9981263875961304,0.9346895899091455,0.5174008352415906,0.9995421767234802,0.9794545798074639,0.5166901719002501,0.9990811347961426,59.78090766823161,0
539,0.9296213189760851,0.2927529513835909,0.9995363354682922,1.0050320795604168,0.313423261755989,0.9979446530342102,0.9346898595492052,0.5174438130287902,0.9995133280754089,0.9794504103206461,0.5167051837557842,0.9990218877792358,59.78090766823161,0
540,0.9296208393006105,0.29278844311123825,0.9994932413101196,1.0050422180266616,0.3133988153366818,0.9977648854255676,0.9346495611327043,0.5174634626933511,0.9994723796844482,0.9794047418094824,0.5167229516165601,0.9989481568336487,59.78090766823161,0
541,0.9296254260199419,0.29280095582916643,0.9994789958000183,1.0050360588800347,0.313366648696718,0.9977432489395142,0.9345520734786994,0.5174706890469509,0.9994589686393738,0.97934590351014,0.5167145047869005,0.9989283680915833,59.78090766823161,0
542,0.9296212508564912,0.2928133039247425,0.9994655251502991,1.004942842892239,0.3133781580697925,0.9976683855056763,0.9344163111277997,0.5174372196197514,0.9994473457336426,0.9792920691626421,0.5166916847229008,0.9989069700241089,59.78090766823161,0
543,0.9296127500988195,0.2928223851181214,0.9994622468948364,1.004820426305136,0.3133713106314344,0.9976580739021301,0.9342825753348221,0.5173418096133645,0.9994410872459412,0.9792461083048873,0.5166295227550329,0.9988966584205627,59.78090766823161,0
544,0.9296029266856972,0.2928276572908676,0.999477207660675,1.0047705741155721,0.31335439852305846,0.9977284669876099,0.9341852040517905,0.5171993488357185,0.9994425177574158,0.97922702630361,0.5164922050067361,0.9988979697227478,59.78090766823161,0
545,0.9295974089985809,0.2928225071657274,0.9994964599609375,1.0048544009526579,0.3133405134791422,0.9978134036064148,0.934122446037475,0.5170121476763775,0.9994580149650574,0.9792477914265232,0.5163157071386069,0.998927652835846,59.78090766823161,0
546,0.9295895042873571,0.2928148437113991,0.9995114207267761,1.0049112070174453,0.3132873234294712,0.9979100227355957,0.9340557172184907,0.5167889964012877,0.9994702339172363,0.9792335203715741,0.516136765480042,0.9989562630653381,59.78090766823161,0
547,0.9295788520858409,0.2928082119850888,0.9995275139808655,1.0049889030910681,0.313233907733645,0.998015820980072,0.9339756766955065,0.5165835959570753,0.9994819164276123,0.979196162450882,0.515990895884378,0.998987078666687,59.78090766823161,0
548,0.9295549875213994,0.2928022330715545,0.9995418190956116,1.0049805357342683,0.31324754158655826,0.9980935454368591,0.9339049572036388,0.5163966757910596,0.9994949698448181,0.9791509849684588,0.5159274737040205,0.9990149140357971,59.78090766823161,0
549,0.9295227414085759,0.2928061598823186,0.999557614326477,1.0049429791314268,0.31342576798938593,0.9981991648674011,0.9338646304039735,0.5162635104996821,0.9995043873786926,0.9791137945084354,0.5159295399983728,0.9990414977073669,59.78090766823161,0
550,0.9294922947883614,0.2928186754385632,0.9995691180229187,1.0050121886389605,0.3137254956222718,0.998267412185669,0.9338534814970841,0.5161935516766143,0.9995121359825134,0.97907841205597,0.5159325883502056,0.9990560412406921,59.78090766823161,0
551,0.9294684444155019,0.2928336461385094,0.999576210975647,1.0050320625305185,0.31404062821751577,0.9983258247375488,0.9338537653287259,0.5161689207667399,0.9995086789131165,0.9790731867154447,0.5159440721784323,0.9990550875663757,59.78090766823161,0
552,0.9294619475092214,0.2928510776587897,0.9995876550674438,1.0049761249905549,0.3143037983349394,0.9983346462249756,0.9338546395301827,0.5161662130128775,0.9995166659355164,0.9790379518554332,0.5159571028891068,0.9990631937980652,59.78090766823161,0
553,0.9294688871928631,0.2928564278852374,0.9995996952056885,1.0047413905461637,0.3143495931511836,0.9984091520309448,0.9338539895557229,0.5161650294349311,0.9995240569114685,0.9789740670294996,0.515963557220641,0.9990834593772888,59.78090766823161,0
554,0.9294868083227256,0.2928511117185868,0.999610424041748,1.004434511775063,0.31426707761628314,0.9983963370323181,0.93385250227792,0.5161547604061312,0.9995282292366028,0.9789075198627661,0.515966341609047,0.9990870356559753,59.78090766823161,0
555,0.9295056206839433,0.2928501140503659,0.999616265296936,1.0041412966591978,0.3141784738926663,0.9984317421913147,0.9338478218941468,0.5161830328759697,0.9995308518409729,0.9788293611435671,0.5159817565055125,0.9990957975387573,59.78090766823161,0
556,0.9295149133318954,0.292861410549709,0.9996238350868225,1.0040740172068285,0.31409859089624337,0.9984300136566162,0.9338431074505767,0.5162403526760286,0.9995316863059998,0.9787364971070072,0.515993538356963,0.9990959167480469,59.78090766823161,0
557,0.9295306319282176,0.29279110829035465,0.9996330738067627,1.0041276159740637,0.31402167252131896,0.9984250068664551,0.9338328072002964,0.5163076264517652,0.9995378851890564,0.9785873918306267,0.5160025414966406,0.9991022348403931,59.78090766823161,0
558,0.9295780176208139,0.2926244749909358,0.9996423721313477,1.0041434878394724,0.3139796767916001,0.9983993768692017,0.9338181671642128,0.5163676454907375,0.9995437264442444,0.9783613483111072,0.5160092115402226,0.9991064071655273,59.78090766823161,0
559,0.9296428305762163,0.29239530080840725,0.9996522068977356,1.004016325587319,0.31395410072235863,0.9984071254730225,0.9338075319925951,0.5163992018926715,0.9995521903038025,0.9781214509691518,0.5160066542171301,0.9991182684898376,59.78090766823161,0
560,0.9297084779966454,0.29214241249220735,0.999660074710846,1.0037893624532799,0.3139631478559406,0.9984146952629089,0.9337942770549237,0.5163778577532091,0.999561071395874,0.9779380162556974,0.5159957352138705,0.9991321563720703,59.78090766823161,0
561,0.9297610719998686,0.29192732771237717,0.999668538570404,1.00359830969856,0.3141066275891806,0.9984018206596375,0.9338003680819564,0.5163540953681587,0.9995721578598022,0.9778697660991131,0.5159992632411778,0.9991481900215149,59.78090766823161,0
562,0.9297837842078444,0.2918110276971547,0.9996789693832397,1.0033672991253089,0.3140250486986981,0.998450756072998,0.9338303407033292,0.5163186731792635,0.9995832443237305,0.9779249883833394,0.5159964987209869,0.9991716146469116,59.78090766823161,0
563,0.9297944506009428,0.2917334777968273,0.9996828436851501,1.0031451611291802,0.31377595521154883,0.9984700679779053,0.9338659048080452,0.5162749801363268,0.9995916485786438,0.9780048415774399,0.5159924200602944,0.9991884827613831,59.78090766823161,0
564,0.9298046770549964,0.29167177989369375,0.9996914267539978,1.0028900362196431,0.31344009155318875,0.9984971880912781,0.9338977762631016,0.5162090375309902,0.9996033310890198,0.9780609465780721,0.5159845636004498,0.999209463596344,59.78090766823161,0
565,0.9298047962642859,0.29163666850044634,0.9996967911720276,1.0026413542883743,0.3131036190759571,0.9985371232032776,0.9339184250150415,0.5161381903148837,0.9996138215065002,0.9780981512296776,0.5159656746046888,0.9992313981056213,59.78090766823161,0
566,0.9298187920025424,0.29160528949328857,0.9997002482414246,1.002399790854682,0.312881417217709,0.9985731244087219,0.9339025957243791,0.5160734653472905,0.9996196627616882,0.9780245366550635,0.5159439132327129,0.9992474317550659,59.78090766823161,0
567,0.9298481032961898,0.2915783964452292,0.9997053146362305,1.0022004842758188,0.31281468556040837,0.9986055493354797,0.9338758559454062,0.5160092030252733,0.9996224641799927,0.9779140466735484,0.515918476240976,0.9992583990097046,59.78090766823161,0
568,0.9298833778926311,0.2915731469790143,0.9997128844261169,1.0019574449175888,0.3126677672068281,0.9986004829406738,0.9338430251394007,0.5159237867309938,0.9996281266212463,0.9777539031846191,0.515886193230039,0.9992632269859314,59.78090766823161,0
569,0.9299121584211084,0.29158090267862613,0.9997194409370422,1.0018722897484196,0.31252238722074627,0.9986025094985962,0.9338120704605473,0.515832378750756,0.9996381998062134,0.9775840838750212,0.515893087500618,0.9992753267288208,59.78090766823161,0
570,0.9299269715944933,0.2915814220905306,0.9997113347053528,1.001917418979464,0.31232886513074265,0.9985378384590149,0.9337933347338729,0.515766038781121,0.9996311068534851,0.9774520709401093,0.5159406860669458,0.9992577433586121,59.78090766823161,0
571,0.9298967605545415,0.29156796847070987,0.9997078776359558,1.0019758088248123,0.3120782361144114,0.9984712600708008,0.9337911094938013,0.5156645065262209,0.9996174573898315,0.9774074015163248,0.5159915714036855,0.9992233514785767,59.78090766823161,0
572,0.9298567857061121,0.29155327166829814,0.9997074007987976,1.0021100044250497,0.3118798150902705,0.9984571933746338,0.9337811356499088,0.5155626734097802,0.9996139407157898,0.9773647245906656,0.5160366154852372,0.9992141127586365,59.78090766823161,0
573,0.929816839240847,0.2915235573337194,0.999706506729126,1.0022301049459557,0.3117266013508754,0.9984325170516968,0.9337844139053715,0.515434943494343,0.9995989203453064,0.9773882003057578,0.5160522886684966,0.9991827607154846,59.78090766823161,0
574,0.9297670722007759,0.2914943893750511,0.9996991157531738,1.0023585671470285,0.31161356114205885,0.9983537197113037,0.9337995733533595,0.5152316888173425,0.9995843768119812,0.9774194785526829,0.5160310750915895,0.9991499781608582,59.78090766823161,0
575,0.9296810712133142,0.2914644564901082,0.999697744846344,1.0024927116575704,0.3114178563867299,0.9983727931976318,0.9338134498823264,0.5150215313548138,0.999566912651062,0.9774480944588079,0.5160188447861449,0.999119222164154,59.78090766823161,0
576,0.9295941534496496,0.29143767271723087,0.999694287776947,1.002516258330573,0.31116785463832697,0.9984287619590759,0.9338253594580159,0.5148870689528333,0.9995415210723877,0.9774791115806225,0.5160229858897986,0.9990788698196411,59.78090766823161,0
577,0.9294347167015083,0.2914346910658339,0.9996988773345947,1.0023779074351,0.31088027358055137,0.9984931945800781,0.9338205371584218,0.5147899020285838,0.9995412826538086,0.9775159557660429,0.5160172979036971,0.9990806579589844,59.78090766823161,0
578,0.9292035500208544,0.2914678596314932,0.999701201915741,1.0022643350419553,0.3106224962643217,0.9985387921333313,0.9337927670705894,0.5147402939342322,0.9995412230491638,0.9775420370556067,0.515986365931375,0.9990823268890381,59.78090766823161,0
579,0.9289662696066364,0.2914994742189137,0.9996993541717529,1.0020723797026143,0.3104502856731417,0.9985662698745728,0.9337666857810255,0.5146860395159044,0.9995363354682922,0.9775814328874868,0.5159263667606176,0.9990735650062561,59.78090766823161,0
580,0.9287400046984362,0.2915246032533194,0.999694287776947,1.0017941622507012,0.3103161709649225,0.998573362827301,0.9337572909536824,0.5146145763851351,0.9995161294937134,0.9776195230938147,0.5158811921165107,0.9990360736846924,59.78090766823161,0
581,0.9285703500111906,0.29153410309837,0.9996931552886963,1.0015345244180596,0.3101876704465778,0.9986020922660828,0.9337409479277483,0.5145778826304849,0.9994997978210449,0.9776442732129786,0.5158839736666002,0.9990193247795105,59.78090766823161,0
582,0.928509351753054,0.291515275126412,0.9996902346611023,1.0012065058662787,0.3101082728022623,0.9986204504966736,0.9337129990259814,0.5145864713759654,0.9994853138923645,0.9776634063039514,0.5159332950909936,0.9989978671073914,59.78090766823161,0
583,0.9285021197228213,0.29155548981257867,0.9996899366378784,1.0009744962056486,0.31018542817660766,0.9986013174057007,0.933652477605003,0.5146413871220185,0.9994798898696899,0.9776547068641308,0.5160146015031002,0.9989880323410034,59.78090766823161,0
584,0.928507205985842,0.2916364045370195,0.999683678150177,1.0008608273097455,0.3103272545905343,0.9985719323158264,0.9335777191888726,0.5146682517869137,0.9994667768478394,0.9776291194416236,0.5160469810167952,0.9989680051803589,59.78090766823161,0
585,0.9285090821129943,0.2917252821581707,0.9996814131736755,1.0007415839603977,0.31050704206739177,0.9985513687133789,0.9335108002026883,0.5146377398854214,0.9994621276855469,0.9776014799163464,0.5159878106344318,0.9989613890647888,59.78090766823161,0
586,0.9284808408646363,0.2918094581081756,0.9996859431266785,1.0006572519029897,0.31070407089732965,0.9985907673835754,0.9334730874924441,0.5145902775582818,0.9994608759880066,0.9775822815440958,0.5159040348870418,0.9989662766456604,59.78090766823161,0
587,0.9284466249602189,0.29186967441013906,0.9996825456619263,1.000643173853557,0.3108507962453936,0.9985898733139038,0.9334571872438711,0.5145628991581148,0.9994503259658813,0.9775807374999643,0.5158176564034966,0.9989490509033203,59.78090766823161,0
588,0.9284113163039805,0.2918886755193985,0.9996792078018188,1.0005494015557432,0.3108796278635663,0.9986116290092468,0.9334580131939487,0.514508772464026,0.999443531036377,0.9775958430199403,0.5156666125570029,0.9989511966705322,59.78090766823161,0
589,0.9284002156484702,0.29191549619038926,0.9996674656867981,1.000550939923242,0.31087609557878426,0.998570442199707,0.9334506818226412,0.5144217865807674,0.9994285106658936,0.977602646464394,0.5154956465675722,0.9989274740219116,59.78090766823161,0
590,0.9283826521464764,0.2919337266967412,0.9996673464775085,1.0006082966214143,0.3108515029861816,0.9985440969467163,0.9334277226811372,0.5142435658545725,0.9994254112243652,0.9775723900113795,0.5153126404398968,0.9989214539527893,59.78090766823161,0
591,0.928344905376435,0.2919510773250037,0.9996705055236816,1.0006853228523624,0.3109201717944375,0.99853515625,0.9333963734763016,0.513987935724713,0.9994208216667175,0.977528066862198,0.5151279284840542,0.9989155530929565,59.78090766823161,0
592,0.9282991204942983,0.29196219075293794,0.9996569752693176,1.0007614351454244,0.31103419973736746,0.998433530330658,0.93336155868712,0.5136526510829021,0.9994004368782043,0.9774774114290881,0.5149526312237698,0.9988714456558228,59.78090766823161,0
593,0.9282628297805794,0.2919929226239525,0.9996610879898071,1.0008612871170053,0.3112354519821351,0.9984018206596375,0.9333383639653531,0.5133526240076343,0.9994063973426819,0.9774484747932078,0.5148233288810371,0.9988710284233093,59.78090766823161,0
594,0.9282313642047708,0.29207105295998737,0.9996572136878967,1.0008052871340807,0.31143191598710585,0.9983305335044861,0.9333311830248159,0.5131298048155652,0.9994024634361267,0.9774260123570768,0.5147000239008953,0.9988510012626648,59.78090766823161,0
595,0.9282167639051172,0.29217857122421287,0.9996412396430969,1.0006115294638143,0.31150638631411987,0.9981957077980042,0.9333286313783562,0.5130291723069694,0.9993911385536194,0.9774178692272739,0.5146256174360007,0.9988169074058533,59.78090766823161,0
596,0.9281974122637802,0.2922899226347608,0.9996167421340942,1.0003176899183372,0.3115299386637554,0.9980601072311401,0.9333199631600161,0.5129944086074834,0.9993687272071838,0.9773706595102953,0.5145788306281684,0.9987742900848389,59.78090766823161,0
597,0.9281753216470998,0.2923812539804552,0.9996010661125183,1.0000041297503888,0.31159693996111576,0.9979838132858276,0.9332946198327209,0.5130015838713877,0.9993570446968079,0.977304452941532,0.5145508646965031,0.9987577795982361,59.78090766823161,0
598,0.9281476140022286,0.2924572442259109,0.9995898604393005,0.9997652314958126,0.311655219112124,0.9977590441703796,0.9332421223322558,0.51296858844303,0.9993351697921753,0.9772331090200523,0.5144957956813635,0.9986914992332458,59.78090766823161,0
599,0.9281151379857752,0.29249773139045376,0.9995809197425842,0.9997004980132702,0.3117830185663135,0.9976107478141785,0.9331757681710386,0.5129367027963915,0.9993283748626709,0.977187238988423,0.5144490883463909,0.9986550211906433,59.78090766823161,0
600,0.9280690295355668,0.2925311114106862,0.9995836615562439,0.9997043382553836,0.3119925530183886,0.9976022243499756,0.9331010807128187,0.5129171184131082,0.9993345141410828,0.9771639307339994,0.514423197224027,0.998659610748291,59.78090766823161,0
601,0.9280177581877943,0.292548077447074,0.9995734691619873,0.9997727388427379,0.31229744922547137,0.9974491596221924,0.9330275399344314,0.5129613393828987,0.9993240237236023,0.9771722328095216,0.5144313062940329,0.9986177682876587,59.78090766823161,0
602,0.927950561046601,0.29253434283392793,0.9995627999305725,0.9997877506982721,0.312613007568178,0.9972988963127136,0.9329704755828502,0.51305955080759,0.9993222951889038,0.9771895578929364,0.5144635098321102,0.9986019134521484,59.78090766823161,0
603,0.9278922478357958,0.29251594486690724,0.9995664358139038,0.9997600118319202,0.31283165727342904,0.9973600506782532,0.9329300976934894,0.5132135692096895,0.9993321299552917,0.9771867962110619,0.5145277920223421,0.9986262321472168,59.78090766823161,0
604,0.927841246128083,0.29254464734168306,0.9995629787445068,0.999669864064172,0.3128926314058761,0.9973554015159607,0.9329081206094658,0.5134021100543799,0.9993329644203186,0.9771652789342979,0.5146020253499353,0.9986303448677063,59.78090766823161,0
605,0.9277982200895044,0.2925761285282319,0.9995450973510742,0.9995895680927104,0.3128014121736802,0.9972479343414307,0.9329077828498121,0.5135756447201687,0.9993047118186951,0.9771401059059878,0.5146643718083703,0.9985671043395996,59.78090766823161,0
606,0.9277731236957376,0.2926111405804046,0.9995256066322327,0.9995779224804477,0.3126822568121413,0.9971436262130737,0.9329151454426001,0.5136826208659584,0.9992700219154358,0.97710216613043,0.5146906461034506,0.9984998106956482,59.78090766823161,0
607,0.9277280398777561,0.29262393145334176,0.9995037913322449,0.9997103356179745,0.3126454920995806,0.9970294833183289,0.9329212449845821,0.5137257717904595,0.9992414712905884,0.977073618343899,0.5146748281660538,0.9984410405158997,59.78090766823161,0
608,0.9276239730062946,0.2926111576103031,0.9994874000549316,0.999962562606449,0.3126807936600279,0.9968574643135071,0.9329200812748507,0.5137567378225785,0.9992063641548157,0.9770492059843888,0.5146657739366808,0.9983537197113037,59.78090766823161,0
609,0.9274871377717888,0.2925910836174377,0.9994716644287109,1.0003295994940267,0.31272033992267817,0.9967358112335205,0.9329105615615851,0.5137870027905423,0.9991760849952698,0.9770110079220371,0.514664973531451,0.9982832670211792,59.78090766823161,0
610,0.9273463657924115,0.2925809224446617,0.999448835849762,1.0007449530419856,0.3127695293653582,0.996566116809845,0.932904799779257,0.5138387963885357,0.9991540908813477,0.9769750010399599,0.5146700399262568,0.998220682144165,59.78090766823161,0
611,0.9272328104291652,0.2925710649717424,0.9994356036186218,1.0011190516608108,0.3128159784135367,0.9964398741722107,0.9329039823441285,0.5139149285498124,0.9991254806518555,0.9769549511727841,0.5146890765144716,0.9981415271759033,59.78090766823161,0
612,0.9271531899770108,0.29256486750784394,0.9994315505027771,1.0013559148425155,0.312765473411197,0.9963905811309814,0.9329116230919255,0.5139461131322955,0.9991067051887512,0.9769342172713514,0.5146851823443462,0.9980868101119995,59.78090766823161,0
613,0.927075263999758,0.2925094735054745,0.9994264245033264,1.0013919387544914,0.31254941650799367,0.9962899684906006,0.9329273672330956,0.5137691355886917,0.9990760684013367,0.9769400358200082,0.5145931073597504,0.9980076551437378,59.78090766823161,0
614,0.9270165988377169,0.2923986840815773,0.9994192123413086,1.0013055971690594,0.3123083128815608,0.996147871017456,0.9329448597771789,0.513405317351932,0.9990273714065552,0.9769439668882469,0.5144349450156807,0.997903048992157,59.78090766823161,0
615,0.9269810546012158,0.29226630074637305,0.9994031190872192,1.0011780999955686,0.312109925917217,0.9959585070610046,0.9329525090399251,0.5129895806312565,0.9989698529243469,0.9768958063352684,0.5142725365502498,0.9977825284004211,59.78090766823161,0
616,0.9269723154249654,0.2921699583530428,0.9993823170661926,1.0011080162865784,0.3120415423597611,0.9958462119102478,0.9329448711304446,0.5126681753567291,0.9989556670188904,0.9767973110789352,0.5141602782976064,0.9977579712867737,59.78090766823161,0
617,0.9269894985925592,0.29208420146079317,0.999342143535614,1.0011291503906259,0.312051118839355,0.9954635500907898,0.932927072048188,0.5125061898004445,0.9988981485366821,0.9766629849161428,0.51411213193621,0.9976233243942261,59.78090766823161,0
618,0.9269970059394844,0.2920412705058146,0.9993149042129517,1.0012045814877473,0.3120791826929368,0.9952158331871033,0.9329094404266002,0.5124968630926954,0.9988638162612915,0.9765277760369445,0.5140991466385982,0.9975519180297852,59.78090766823161,0
619,0.926986944107783,0.29196898142496763,0.9992892742156982,1.001224046661741,0.31198268703052,0.9947546124458313,0.9329034515789584,0.5124847406432746,0.9988213777542114,0.9764428167116083,0.5140452980995183,0.9974364042282104,59.78090766823161,0
620,0.926982189927783,0.2918694601172495,0.9992765784263611,1.0012661048344211,0.31181898003532793,0.9944719076156616,0.932906837690445,0.5124287860734126,0.9987863898277283,0.9763961037000028,0.513936042785645,0.997340977191925,59.78090766823161,0
621,0.9269775890168697,0.2917646751517344,0.9992714524269104,1.0013140156155549,0.311624199151993,0.9942663908004761,0.9329126959755315,0.5124037294160756,0.9987675547599792,0.9763630855651138,0.5138424805232461,0.9972769021987915,59.78090766823161,0
622,0.9269741574923205,0.2916926869324278,0.9992504715919495,1.001368749709357,0.3114723463853203,0.9937849640846252,0.9329161785897763,0.5123920383907503,0.9987158179283142,0.9763328234354662,0.5137431905383159,0.9971203804016113,59.78090766823161,0
623,0.926973657948631,0.29162908026150314,0.9992153644561768,1.001445168540592,0.3113409422692801,0.993448793888092,0.9329171152341941,0.5123654632341298,0.9986645579338074,0.9762780581201833,0.513652778807141,0.9969934225082397,59.78090766823161,0
624,0.9269680295671743,0.29159611179715134,0.9992104172706604,1.001467596916926,0.3113073933692208,0.9933580756187439,0.9329084555308031,0.5123407755579271,0.998665988445282,0.976211539336614,0.5135887918018164,0.9969947338104248,59.78090766823161,0
625,0.9269666529837116,0.29156410268374877,0.9991713762283325,1.001436392466228,0.3113772131147841,0.993075430393219,0.9328983823458361,0.5123051632018321,0.9986276030540466,0.9761267957233255,0.5135506561824258,0.9969038367271423,59.78090766823161,0
626,0.9269589583079028,0.29154621845199974,0.9991547465324402,1.0014730181012843,0.3114726018337979,0.9928506016731262,0.9328816078958064,0.5123188609168647,0.9985958337783813,0.976012675535112,0.5135395129521692,0.9968335628509521,59.78090766823161,0
627,0.9269482663699566,0.2915339413143342,0.9991254806518555,1.001594957851229,0.3115734443778086,0.9925637245178223,0.9328660595984694,0.512410782632374,0.998532772064209,0.975915281545549,0.513571591604324,0.9967061877250671,59.78090766823161,0
628,0.9269369187809179,0.29153678104991027,0.9990999102592468,1.0017227388563619,0.31164382043338984,0.9923730492591858,0.9328555890492037,0.5125237731706533,0.9984560012817383,0.9758531422842125,0.513591295196897,0.9965667724609375,59.78090766823161,0
629,0.9269322951634733,0.2915082715806509,0.9991000890731812,1.0018140247889935,0.3116624071484523,0.992394208908081,0.9328533070428039,0.5126105149586999,0.9984503984451294,0.9758252813702546,0.5136005906831654,0.9965516328811646,59.78090766823161,0
630,0.9269467109725597,0.291443052746001,0.9991064071655273,1.001839444750832,0.3116231887113483,0.9925610423088074,0.9328549844878069,0.5126434082076667,0.9984684586524963,0.9758257213092993,0.5135872789791656,0.9965909719467163,59.78090766823161,0
631,0.9269735387393414,0.2913563875924976,0.9991116523742676,1.0017975171407072,0.3116024732589724,0.9925518035888672,0.9328587679635918,0.5126188454173864,0.9984933733940125,0.9758276627177291,0.5135928619475596,0.9966269731521606,59.78090766823161,0
632,0.9270028897694187,0.29124848757471383,0.9990914463996887,1.0017556519735433,0.311570553552537,0.9921765327453613,0.9328602183432814,0.5125931785220195,0.9984535574913025,0.9758202490352457,0.5136182194664369,0.9965243935585022,59.78090766823161,0
633,0.9270268934113646,0.29116080204645817,0.9991039037704468,1.001751729420254,0.3115797127996175,0.9922046065330505,0.9328637605621709,0.5125907687913808,0.9984737038612366,0.9758109677405592,0.5137065081369313,0.9965626001358032,59.78090766823161,0
634,0.927043849513645,0.2910947217827754,0.9991077184677124,1.0017370950608036,0.31163205986931236,0.9923049807548523,0.9328579760733112,0.5126044352849329,0.9984965324401855,0.9757965008417774,0.5138292057173597,0.9966148734092712,59.78090766823161,0
635,0.9270496112959733,0.2910330976758687,0.9991051554679871,1.0017066228957412,0.3117013417539145,0.9923720359802246,0.9328492028372636,0.5126173808461147,0.9984660744667053,0.9757848268463506,0.5139344107537047,0.9965659379959106,59.78090766823161,0
636,0.9270662324769163,0.29097610712051414,0.9991245269775391,1.0017063958304278,0.3117646787847794,0.9927385449409485,0.9328382554508399,0.5126526015145443,0.9985005259513855,0.9757577209245599,0.5140008926391606,0.9966539144515991,59.78090766823161,0
637,0.9270934632846295,0.2909339964389803,0.9991427063941956,1.0017340410323379,0.31179619261196706,0.993019700050354,0.932828224840619,0.5127180218696599,0.9985402822494507,0.9757186770439155,0.5140360168048318,0.9967458248138428,59.78090766823161,0
638,0.9271258115768439,0.29089550744919573,0.9991487860679626,1.0017825478599194,0.3117321190379917,0.9930537939071655,0.9328208253497177,0.512781469594865,0.9985604882240295,0.975672145684561,0.5140061577161157,0.996785044670105,59.78090766823161,0
639,0.9271552136966168,0.290877387637184,0.9991543889045715,1.001879402569363,0.31165635160037475,0.9930113554000854,0.9328174051784341,0.5128477613131209,0.9985859394073486,0.9756317195438211,0.5139842146918892,0.9968351721763611,59.78090766823161,0
640,0.9271748803910762,0.2908619301659723,0.9991554617881775,1.0019873948324303,0.3115802889778503,0.993095338344574,0.9328106840451565,0.5129006448246187,0.998616635799408,0.9755972850890395,0.5139407288460509,0.9969071745872498,59.78090766823161,0
641,0.9271793819609151,0.2908575392904738,0.9991822838783264,1.0020419586272475,0.31150994840122426,0.9933502674102783,0.9328090264683685,0.5129373953455975,0.9986750483512878,0.9755844190007172,0.5138830542564397,0.9970343112945557,59.78090766823161,0
642,0.9271926170303716,0.2908517987955187,0.9992057085037231,1.002123463721503,0.31151328484217355,0.993560254573822,0.9328069772039148,0.5129740976151971,0.9987187385559082,0.9755754045077741,0.5138655929338369,0.9971243143081665,59.78090766823161,0
643,0.9271830462274105,0.2908421783220203,0.9992369413375854,1.0022316773732511,0.3115475461596537,0.9939007759094238,0.9328005086807984,0.5129732404436388,0.9987732172012329,0.9755598533721206,0.5137950692858019,0.9972580671310425,59.78090766823161,0
644,0.9271453420321154,0.290822288819722,0.9992511868476868,1.0023468619301215,0.31142638552756563,0.994064211845398,0.9327889879544584,0.5129045617012754,0.9988024830818176,0.9755842941147949,0.5136583362306871,0.9973227977752686,59.78090766823161,0
645,0.9270943119412384,0.2907973499525163,0.9992835521697998,1.0023960442770103,0.3111814842337656,0.9943543672561646,0.9327891270319628,0.5128122199149363,0.9988541603088379,0.9756628133001789,0.5135125347546173,0.9974340796470642,59.78090766823161,0
646,0.9270424956367137,0.2907727005935853,0.999305248260498,1.002370652698336,0.3108547556967965,0.9944583773612976,0.932827532291413,0.5127155355044777,0.9989016652107239,0.9757667155492882,0.5133825001262486,0.9975177645683289,59.78090766823161,0
647,0.9270139052754364,0.29075440480595566,0.9993215203285217,1.0022672925676628,0.3105469260896958,0.9945386052131653,0.9329006757055017,0.5126259383701147,0.9989333748817444,0.9758944993927373,0.5132763584454858,0.9975767731666565,59.78090766823161,0
648,0.9270157388278423,0.2907484585330602,0.9993302226066589,1.0022004275094902,0.3103900509221216,0.9945889711380005,0.9329803727921993,0.512587081818354,0.9989664554595947,0.9759965624128076,0.5132605774062025,0.9976345300674438,59.78090766823161,0
649,0.927017861888523,0.2907449163141707,0.9993538856506348,1.002137882368906,0.3103571718647369,0.9948824048042297,0.9330385582787657,0.5125769319988436,0.9990097880363464,0.9760403462818699,0.5132313796452117,0.9977421760559082,59.78090766823161,0
650,0.9269932253020159,0.2907416820526125,0.9993590116500854,1.0021142164866137,0.3103460485026952,0.9949027299880981,0.9330567916234342,0.5126292166255773,0.9990418553352356,0.9760625106947771,0.5132647099949068,0.9978022575378418,59.78090766823161,0
651,0.9269521605400819,0.2907384875274842,0.9993613958358765,1.0020375592367998,0.31031240593819415,0.9949491620063782,0.9330530677522939,0.5127214817773732,0.9990587830543518,0.9760621388753263,0.5133493400755387,0.9978431463241577,59.78090766823161,0
652,0.9268878414517365,0.290734614644732,0.999356746673584,1.0019632691428781,0.3102425947075801,0.9950383305549622,0.9330564254806163,0.5128081923439394,0.9990758895874023,0.9760533457710637,0.5134539831252329,0.997879147529602,59.78090766823161,0
653,0.9268009151731226,0.29072437399909634,0.9993485808372498,1.0019117423466282,0.3101566533247632,0.9951432347297668,0.9330680029732847,0.512852802163079,0.9990881681442261,0.9760741534687232,0.5135242201033097,0.9979082345962524,59.78090766823161,0
654,0.9267123369943536,0.29073754804474994,0.9993351101875305,1.0019057989120492,0.31008861036527746,0.9951497912406921,0.9330818908555175,0.5129117029053829,0.9990826845169067,0.9761048243159348,0.5135707457860315,0.9978960156440735,59.78090766823161,0
655,0.9266536462874648,0.2907508228506363,0.9993286728858948,1.0018956490925388,0.31002904545693194,0.9951953291893005,0.9330971127464666,0.5129709414073403,0.9990865588188171,0.9761372776258568,0.5135760988507956,0.9979016780853271,59.78090766823161,0
656,0.9266173215139488,0.2907605554376332,0.9993022084236145,1.001911679903667,0.31001626309894403,0.9950644969940186,0.9330960597310756,0.5130667118799123,0.9990593791007996,0.9761455342883163,0.513618301777613,0.9978314638137817,59.78090766823161,0
657,0.9265974022093281,0.29076921088354957,0.9993108510971069,1.0019296350933264,0.3100541503656481,0.9951221346855164,0.9330858786900845,0.5132161577542627,0.9990648031234741,0.97613206931523,0.5136803161530272,0.9978340268135071,59.78090766823161,0
658,0.9265720333371851,0.2907817193440031,0.9993022680282593,1.0019416468484068,0.31012040944326513,0.9950293898582458,0.9330720106760668,0.5133960474105113,0.9990440607070923,0.9761019916761497,0.5137671629587813,0.9977715015411377,59.78090766823161,0
659,0.9265245738483617,0.2907891514755433,0.9992969632148743,1.0019391150701622,0.3102054851395746,0.9949511885643005,0.9330602628844132,0.5135477724529453,0.9990196824073792,0.9760814706484485,0.513852695624034,0.997686505317688,59.78090766823161,0
660,0.9264687186195744,0.2908126016457878,0.9993007779121399,1.0019081774212073,0.3102825440111617,0.9949449896812439,0.9330522645087477,0.5136766859463286,0.9990021586418152,0.9760574556532368,0.5139209457806183,0.9976295828819275,59.78090766823161,0
661,0.9264064885321125,0.290824163527716,0.9993110299110413,1.0018504971549633,0.31029841445741224,0.9949789643287659,0.9330596157482699,0.5137467214039397,0.9990172982215881,0.9760440304165802,0.5139570974168327,0.9976511597633362,59.78090766823161,0
662,0.9263541755222147,0.2908286097503846,0.9993153810501099,1.0017984424318593,0.31023119602884586,0.9950178265571594,0.9330416321754462,0.5137287406694325,0.9990274906158447,0.9759923304830286,0.5139633786110656,0.9976664781570435,59.78090766823161,0
663,0.9263028928211764,0.2908318326586771,0.9993059039115906,1.001795933360146,0.31012546874228003,0.9949848055839539,0.9329751048769277,0.5136847325733733,0.9990090727806091,0.9758983169283193,0.5139548636618119,0.9976177215576172,59.78090766823161,0
664,0.9262588393120545,0.29083769662039644,0.9992976784706116,1.0018236069452202,0.3100053299041024,0.9949109554290771,0.9328830838203438,0.5136361576261979,0.9990037083625793,0.9757748785473059,0.513934331280845,0.9975892901420593,59.78090766823161,0
665,0.9262193299475178,0.2908434442111426,0.9992845058441162,1.0018817697252556,0.30990884701410953,0.9949145913124084,0.9327831154777897,0.5135711147671658,0.9989866018295288,0.9756709053402862,0.5138870875040694,0.9975621700286865,59.78090766823161,0
666,0.9261969214393987,0.2908452323504859,0.999262273311615,1.0019442126864486,0.30988480931236656,0.9948568344116211,0.9327000635010863,0.5135697126388554,0.9989538192749023,0.9755999814896364,0.5138814761525113,0.9975048899650574,59.78090766823161,0
667,0.926168654646193,0.29084346266019934,0.999254047870636,1.0019936675117136,0.3099010643504917,0.9949601292610168,0.9326600914909734,0.5136269841875354,0.9989522099494934,0.9755829544294455,0.5138781893820994,0.9975250363349915,59.78090766823161,0
668,0.9261427833920441,0.29084220812434264,0.9992356896400452,1.0020299355189013,0.30993417047318983,0.9950406551361084,0.932643033209302,0.513563638641721,0.9989471435546875,0.9755807802790695,0.5137999824115212,0.9975339770317078,59.78090766823161,0
669,0.926096873623985,0.29084072368485614,0.9992195963859558,1.0020692007882261,0.309982015973046,0.9950624108314514,0.9326291964167648,0.5133295570101061,0.9989287853240967,0.9755798493112844,0.5135892061960134,0.9975147247314453,59.78090766823161,0
670,0.9260278429303858,0.29083174467086814,0.9992163181304932,1.0020819788887396,0.3100206468786515,0.9950934648513794,0.9326190352439888,0.5130122445878532,0.9989250898361206,0.9755605175381623,0.5133068277722317,0.9975182414054871,59.78090766823161,0
671,0.925938722633181,0.2908630413668498,0.9992038607597351,1.0021498600641894,0.31008488649413724,0.995100736618042,0.9325992493402397,0.5127028766132541,0.9989204406738281,0.9755305193719418,0.5130368385996141,0.9975271821022034,59.78090766823161,0
672,0.9258457989919762,0.290958772102992,0.9992139935493469,1.0022486732119615,0.3101630608240766,0.995352566242218,0.9325782117389505,0.5125526502018887,0.9989294409751892,0.97549859682719,0.5129047376768934,0.9975998401641846,59.78090766823161,0
673,0.9257116119066882,0.29107696385610693,0.9992150068283081,1.0023510172253571,0.31016845504442875,0.9954798221588135,0.932567375046867,0.5125538281032022,0.9989245533943176,0.9754799916630708,0.512869429020655,0.9976259469985962,59.78090766823161,0
674,0.9255118653887802,0.2911964640730905,0.9991963505744934,1.0024260623114458,0.31025861558460077,0.9955548048019409,0.9325362245241808,0.512622538067046,0.9989179372787476,0.9754638501576023,0.5129286022413349,0.9976416826248169,59.78090766823161,0
675,0.9252397957302283,0.291288597243173,0.9992168545722961,1.0024576073601141,0.3104328669252852,0.9958108067512512,0.9324656242416025,0.5126884239060543,0.9989480972290039,0.975445869423095,0.5130022820972265,0.9977321028709412,59.78090766823161,0
676,0.92489299603871,0.2913537238325394,0.999250054359436,1.0024324939364486,0.31065285063925274,0.9960698485374451,0.932356570448195,0.5127552918025429,0.998984158039093,0.9754070157096507,0.5130989040647238,0.9978293180465698,59.78090766823161,0
677,0.9245271370524459,0.2914420352095652,0.9992818832397461,1.0023924679983238,0.3108340345677878,0.9962818622589111,0.9322374519847696,0.512786706288656,0.9990209937095642,0.9753645658493051,0.5131714287258334,0.9979232549667358,59.78090766823161,0
678,0.924198025748844,0.2915442387262982,0.9993041753768921,1.0022289355595915,0.3108978271484377,0.9964198470115662,0.932149305230096,0.5127771440006441,0.9990424513816833,0.9753280537469055,0.5132026076316838,0.9979725480079651,59.78090766823161,0
679,0.9238825128192001,0.29165606697400437,0.9993310570716858,1.0019922824133018,0.31080565140360905,0.9966164827346802,0.932128324395135,0.5127291906447642,0.9990832805633545,0.9753129908016758,0.5131671854427887,0.9980664253234863,59.78090766823161,0
680,0.9236160687037884,0.29174305569557946,0.9993523955345154,1.0017681235358837,0.31075191781634404,0.9968238472938538,0.9321432340712782,0.5127109118870331,0.9991068243980408,0.9753116170565295,0.5131429859570099,0.9981380701065063,59.78090766823161,0
681,0.9233592975707289,0.29180388365473087,0.9993548393249512,1.0016087577456527,0.3106890945207508,0.9969755411148071,0.9321645299593615,0.5127729262624472,0.9991040229797363,0.9752994491940461,0.5131458980696546,0.9981659650802612,59.78090766823161,0
682,0.9230440344129298,0.2918513005688079,0.9993582367897034,1.0015578269958505,0.3106392380737126,0.9970737099647522,0.9321951639084596,0.5131040925071357,0.9990946650505066,0.9752854733240044,0.5133039582343333,0.9981719255447388,59.78090766823161,0
683,0.9227034279278354,0.2919047815459117,0.9993594288825989,1.0015382028761373,0.3105606536070508,0.9970998167991638,0.9322096166156595,0.5137589942841307,0.9990789294242859,0.9752616712025242,0.5136901111829852,0.9981301426887512,59.78090766823161,0
684,0.9223431320417503,0.2919686763059528,0.9993541240692139,1.001456096058801,0.310487896203995,0.9970722198486328,0.9321179730551592,0.5147279699643457,0.9990360736846924,0.9751814887637191,0.51433182046527,0.9980279803276062,59.78090766823161,0
685,0.9220098796344947,0.2920567620368233,0.9993482828140259,1.0013680968965812,0.31045923062733266,0.9969416856765747,0.9319616329102296,0.5156893474715101,0.998995304107666,0.9750815459660129,0.515007887567793,0.9979110956192017,59.78090766823161,0
686,0.9217777734711063,0.29214661887713866,0.9993457198143005,1.0012644302277347,0.3104715758845922,0.9969073534011841,0.9317825805573243,0.5166344188508538,0.9989569187164307,0.974986380054838,0.5156900712421966,0.9978098273277283,59.78090766823161,0
687,0.9216373619579141,0.2922326269603913,0.9993547201156616,1.0012009825025294,0.31054896400088383,0.9969383478164673,0.9316375000136248,0.5173817560786297,0.9989597797393799,0.9748972427277346,0.5162085890769963,0.9977803230285645,59.78090766823161,0
688,0.9215507308642077,0.2922950259276801,0.9993446469306946,1.0012038946151742,0.31066060066223167,0.9968349933624268,0.9315152906236202,0.5178967402094891,0.9989428520202637,0.9747837100710195,0.5165416030656728,0.9977084994316101,59.78090766823161,0
689,0.9215208831287572,0.29233969818978106,0.9993308186531067,1.0012493587675557,0.3107255455993473,0.9967111945152283,0.9313930812336157,0.5181812303406855,0.9989425539970398,0.974626024564108,0.5167227500960945,0.9976702928543091,59.78090766823161,0
690,0.9214766394524354,0.292394117230461,0.9993188381195068,1.0012111096155083,0.3107149161043624,0.9966806173324585,0.9312019206228717,0.5183032126653766,0.9989387392997742,0.9743657821700693,0.5168320082482842,0.9976577758789062,59.78090766823161,0
691,0.9214337127549315,0.29244067839213805,0.99930340051651,1.0010794571467816,0.3106139628660114,0.9966080188751221,0.9310137629508979,0.5181877272469662,0.9989227652549744,0.9740615089734402,0.5168105420612158,0.997627317905426,59.78090766823161,0
692,0.9213301482654761,0.2924921115239464,0.9992993474006653,1.0008569331396202,0.3104460679349448,0.9965441226959229,0.9308713844844281,0.5181352070399696,0.9989058375358582,0.973787208398184,0.5168314292317349,0.997600793838501,59.78090766823161,0
693,0.9212036757242119,0.2925331223578682,0.9992969632148743,1.0005893253144773,0.31035732229550705,0.9962987303733826,0.930809418360393,0.5181354851949787,0.9988883137702942,0.9735945690245863,0.5168673821858001,0.9975588321685791,59.78090766823161,0
694,0.9210670817466016,0.2925596265565784,0.9992817044258118,1.0003091125261225,0.3103835114410948,0.9958757758140564,0.9307717993145904,0.5181049789701193,0.9988267421722412,0.9734785670325877,0.5168517203558063,0.9974167346954346,59.78090766823161,0
695,0.9209697956130626,0.29255668606076946,0.9992764592170715,1.0000503063201913,0.31037771276065307,0.9955588579177856,0.9307484797069012,0.5180329453377501,0.9987879395484924,0.9734392989249464,0.5167146325111394,0.9973019957542419,59.78090766823161,0
696,0.9209106791587112,0.29254673634256656,0.9992675185203552,0.9996990050588344,0.3103255033493044,0.9952960014343262,0.9307482753481191,0.5179460758254646,0.9987432360649109,0.9734321179844092,0.5164920290311181,0.9971785545349121,59.78090766823161,0
697,0.9209200143814094,0.29252817091487726,0.9992514252662659,0.999366746062325,0.3101832256430674,0.9951598048210144,0.9307656146231159,0.5178587039311731,0.9987171292304993,0.9734250307083137,0.5162503634180345,0.9971309304237366,59.78090766823161,0
698,0.9209204145840244,0.2925210737046744,0.9992222785949707,0.9991385936737069,0.3100094553970158,0.9949667453765869,0.9308107892672228,0.5178102708998185,0.9986993074417114,0.9734184600058065,0.5160704482169383,0.9970928430557251,59.78090766823161,0
699,0.9209091493061619,0.29252900679906235,0.9991969466209412,0.9989923040072132,0.30982358540807475,0.9946924448013306,0.9308680437860042,0.5178177924383258,0.9986620545387268,0.973411114442917,0.5159779843829931,0.997020959854126,59.78090766823161,0
700,0.9208691460745682,0.2925511073498501,0.9991838932037354,0.9989488266763241,0.30974953657104876,0.9943726062774658,0.9309161589259201,0.5178329660778958,0.9986284971237183,0.97341123081389,0.515946297418504,0.9969514608383179,59.78090766823161,0
701,0.9208175795418884,0.2925727991830738,0.9991822242736816,0.9989526953016017,0.30975532673654127,0.9940791130065918,0.9309530655543017,0.5178392983618241,0.9986263513565063,0.9734207902635855,0.515913912228176,0.9969264268875122,59.78090766823161,0
702,0.9207297251338059,0.2925615495159515,0.9991798400878906,0.9989450829369689,0.3097078090622314,0.9937692880630493,0.9309515357017525,0.5178428349040807,0.9986234307289124,0.9734223825590959,0.5158768721989226,0.9968931078910828,59.78090766823161,0
703,0.9206043084462491,0.29252964400109815,0.9991814494132996,0.9989455427442286,0.3095589436235885,0.9935236573219299,0.930882136027019,0.5178489486376449,0.9986231327056885,0.9734001755714425,0.515859337080093,0.9968757033348083,59.78090766823161,0
704,0.9204544311478032,0.29248868709518816,0.999197244644165,0.9989442711784734,0.309312130723681,0.9934884905815125,0.9307626116843457,0.5178086473828274,0.9986310005187988,0.9733336142131268,0.5158365681057888,0.9968774318695068,59.78090766823161,0
705,0.9203104575475065,0.29244185771260967,0.999181866645813,0.9989249081838707,0.30895499104545254,0.9933269023895264,0.9306004756972912,0.5177019181705661,0.9985944628715515,0.9732371369997668,0.5157580943334674,0.9967916011810303,59.78090766823161,0
706,0.9201596634728576,0.2924071692285086,0.9991702437400818,0.998892531508492,0.308635188000543,0.9931904673576355,0.9304360151290902,0.5175494665191291,0.9985455274581909,0.9730955362319954,0.5156514644622807,0.9966854453086853,59.78090766823161,0
707,0.9200150853111637,0.2923966163680669,0.9991680979728699,0.9988519975117283,0.30845243732134525,0.9931249618530273,0.9302697550682802,0.5173604857353941,0.9985278844833374,0.9729256942158662,0.51548916669119,0.9966488480567932,59.78090766823161,0
708,0.91986271029427,0.292379948354903,0.9991629719734192,0.9988127464339855,0.3083301371052154,0.9929990172386169,0.9301070656095239,0.5171810218266082,0.9984703660011292,0.9727604729788653,0.5152863803363985,0.9965511560440063,59.78090766823161,0
709,0.9196589645885294,0.2923683552514941,0.9991561770439148,0.998740826334273,0.3082863035656159,0.9928649067878723,0.9299645452272332,0.5170506721451174,0.9984086155891418,0.972627208346413,0.5150715226218818,0.9964422583580017,59.78090766823161,0
710,0.9194528602418452,0.29233671937670047,0.9991313219070435,0.9986720482508349,0.3082941671212517,0.9927679896354675,0.929843641462781,0.5169525941212976,0.9983394145965576,0.9725170532862354,0.5148901797476273,0.9963476657867432,59.78090766823161,0
711,0.919261398769561,0.2922449566069105,0.9991196990013123,0.9986107917059044,0.30831693751471406,0.9926736354827881,0.9297410420009076,0.5168753493399851,0.9983107447624207,0.9724458768254243,0.5147416563261127,0.9962965250015259,59.78090766823161,0
712,0.919083637850626,0.2921439593746551,0.9991086721420288,0.9985627588771647,0.30834487790153164,0.9925405383110046,0.9296777163233083,0.5168363906088334,0.9982826709747314,0.9723918040593473,0.5146598957833795,0.9962267875671387,59.78090766823161,0
713,0.918949816908156,0.29201304202988054,0.9991069436073303,0.9985433646610813,0.30837009066627163,0.9923977851867676,0.9296247192791538,0.5168203228995918,0.9982653260231018,0.9723516560736165,0.5145852594148549,0.9961610436439514,59.78090766823161,0
714,0.91889375448227,0.29178131620089237,0.9991003274917603,0.9985452833629799,0.3083388975688392,0.992235004901886,0.9295842136655543,0.5167446675754732,0.9982678890228271,0.9723319468044107,0.514441067264194,0.9961374998092651,59.78090766823161,0
715,0.9188776271683836,0.2914370837665742,0.9991054534912109,0.9985404724166514,0.30826196642149084,0.9921131730079651,0.929532536438534,0.5165517954599294,0.9982898831367493,0.9723070973441723,0.5142439632188711,0.9961498379707336,59.78090766823161,0
716,0.9188939134279894,0.29107241829236374,0.9991116523742676,0.9985489703360066,0.3082365123998554,0.991946280002594,0.9294744502930421,0.516323376269568,0.9983161091804504,0.9722692966461188,0.5140788555145268,0.9961779117584229,59.78090766823161,0
717,0.9189078041485385,0.29074525833129905,0.999104917049408,0.998545325937726,0.3082497914632164,0.9917504191398621,0.9294138635907863,0.5161011871837439,0.9983288645744324,0.9722278600647345,0.5139519032977881,0.996178150177002,59.78090766823161,0
718,0.9189104012080609,0.29055849427268643,0.9991016387939453,0.9985228180885323,0.30831197897593204,0.9915021657943726,0.9293627228055689,0.515961811656044,0.9983459711074829,0.9721856145631708,0.5138975211552216,0.9961774349212646,59.78090766823161,0
719,0.9188913475899476,0.29050190108163043,0.9991054534912109,0.9984925758270998,0.3084255442732859,0.9913209676742554,0.9293324578376051,0.5159236192703252,0.998345136642456,0.9721491847719472,0.5139039641334902,0.9961446523666382,59.78090766823161,0
720,0.9188536405563362,0.2904905378818514,0.9990962743759155,0.9984553058942167,0.3084932679221746,0.9911490678787231,0.9293140882537486,0.5159001974832448,0.9983286261558533,0.9721245311555415,0.5138760918662666,0.9961134195327759,59.78090766823161,0
721,0.9188073192323964,0.2904660616602219,0.9990782141685486,0.9984367234366289,0.3085421210243591,0.9910597205162048,0.9292869766553251,0.5158448219299321,0.9983229637145996,0.9720977913765688,0.5138300997870313,0.9961153864860535,59.78090766823161,0
722,0.9187298076493406,0.2904536142235713,0.9990853071212769,0.9984248337291544,0.3085893435137615,0.990936279296875,0.9292726658639461,0.5158021166211088,0.9983530640602112,0.9720796971094049,0.5137833981286916,0.9961646795272827,59.78090766823161,0
723,0.9186235467592883,0.29044273069926696,0.999094545841217,0.9984052947589338,0.30863682003248327,0.9909347295761108,0.9292081622850334,0.5157762141454791,0.9983696341514587,0.9720627693902887,0.5137492304756532,0.9962124228477478,59.78090766823161,0
724,0.918525417645773,0.29042186765443734,0.999079704284668,0.9983763212249401,0.308776398499807,0.9909372925758362,0.929095251219614,0.5157765973181956,0.9983677268028259,0.9720153922126414,0.5137390863327757,0.9962271451950073,59.78090766823161,0
725,0.918451300689153,0.29039257055237205,0.9990895390510559,0.9983446598052986,0.3089421533402945,0.990990400314331,0.9289753493808572,0.5157676197233658,0.9983833432197571,0.9719539710453586,0.5137266488302326,0.9962684512138367,59.78090766823161,0
726,0.9184106815428968,0.2903688748677574,0.9990900158882141,0.998310551756905,0.3091474260602681,0.9909816384315491,0.9288647231601541,0.5157711704572046,0.998388946056366,0.9718885733967744,0.5137568967682979,0.9962844252586365,59.78090766823161,0
727,0.9184189949716848,0.29033957208905925,0.999087393283844,0.9982948842502785,0.3094881020841147,0.9909297823905945,0.9287957208497192,0.5157683690389001,0.9984040856361389,0.9718371090434854,0.5138077735900883,0.9963231086730957,59.78090766823161,0
728,0.9184395954722457,0.29030538740612233,0.9990776777267456,0.9982804315430786,0.3098356354804268,0.9909301400184631,0.9287855994133729,0.5158065869694668,0.9984018802642822,0.9718025383495157,0.5138782291185292,0.9963265061378479,59.78090766823161,0
729,0.9184607068697619,0.2902686539150422,0.9990694522857666,0.9982800057956158,0.3101269432476591,0.9910231232643127,0.9287697218713313,0.5159058485712328,0.9984079599380493,0.9717846001897547,0.5139641960461938,0.9963474273681641,59.78090766823161,0
730,0.9184796497935348,0.29023599908465453,0.9990549683570862,0.998270741530828,0.31040892998377506,0.9910986423492432,0.9287548746381494,0.5160346371786939,0.9984062910079956,0.9717661369414564,0.5140356506620138,0.9963539838790894,59.78090766823161,0
731,0.9184980761437196,0.2902007926078072,0.9990586042404175,0.9982467974935267,0.3106254268260232,0.9911676645278931,0.9287585105214807,0.5161280546869554,0.9984390735626221,0.9717561659358804,0.5140502708298824,0.9964158535003662,59.78090766823161,0
732,0.9185138089316239,0.290178411063694,0.9990684986114502,0.9982175912175868,0.3108087636175612,0.991165280342102,0.9287374785968243,0.5161641041437789,0.9984754920005798,0.9717468590963463,0.5140732242947537,0.9964679479598999,59.78090766823161,0
733,0.9185239956492477,0.2901620453312286,0.999078094959259,0.9981950407936468,0.311017977339881,0.9910826086997986,0.9286986050151651,0.5160988711175469,0.9985102415084839,0.971747230915797,0.5140690434546702,0.9965096712112427,59.78090766823161,0
734,0.9185341766902386,0.29014834903535414,0.9990850687026978,0.9981976861045482,0.31113472438993933,0.9910777807235718,0.9286602309771954,0.5159536543346591,0.9985378384590149,0.9717491836774925,0.5140540599823002,0.9965495467185974,59.78090766823161,0
735,0.9185321728388476,0.29014241695404075,0.9990801811218262,0.9982061840239034,0.3111333038125722,0.9909850358963013,0.9286057580085035,0.515796039785658,0.998561441898346,0.9717447417122985,0.5140472196397331,0.9965797662734985,59.78090766823161,0
736,0.9184851504507526,0.2901474592231571,0.9990816712379456,0.998144107205528,0.31107575978551616,0.9910739660263062,0.9285616278648383,0.5155971844991052,0.9985772371292114,0.9717368483543405,0.5140213654154827,0.9966042041778564,59.78090766823161,0
737,0.9184087656793147,0.2901562863872167,0.9990825057029724,0.9980492733773739,0.31104901858738515,0.9911565184593201,0.9285117870285404,0.5153655353046602,0.998583972454071,0.971724544252669,0.513987691629501,0.9966239333152771,59.78090766823161,0
738,0.9183164068630771,0.29016651993706133,0.9990849494934082,0.9979579505466288,0.3110522897470568,0.9912927746772766,0.928448038441795,0.5151416148458212,0.9986010193824768,0.9717120102473675,0.5139523091770357,0.9966698884963989,59.78090766823161,0
739,0.9182328269595199,0.2901750178564165,0.9990807771682739,0.9978773281687789,0.31108880610693096,0.9914202094078064,0.9283843579746436,0.5149701266061696,0.9986026883125305,0.9716867293630336,0.5139223308790302,0.9966869950294495,59.78090766823161,0
740,0.9181854384286071,0.29017306509472096,0.9990625977516174,0.9978273652848751,0.31110679393722923,0.9915030598640442,0.9283428617886141,0.5148602780841649,0.9985736012458801,0.9716560074261265,0.5139082868893945,0.9966515898704529,59.78090766823161,0
741,0.9181714001156043,0.29016700528916883,0.9990635514259338,0.9977938930193592,0.31112885049411254,0.9915493130683899,0.9283089098476236,0.514840736275628,0.9985446929931641,0.9716237726665686,0.513921249480475,0.9966053366661072,59.78090766823161,0
742,0.9181653005736222,0.29015327777181377,0.9990592002868652,0.997746720200494,0.3111249180067156,0.9914689660072327,0.9283174418267757,0.5147754805428646,0.9985272288322449,0.9716188623791658,0.5138561044420519,0.9965707659721375,59.78090766823161,0
743,0.9181660413742073,0.29013859516098406,0.9990724325180054,0.997707943121593,0.31110994730676944,0.99155592918396,0.9283532500267037,0.5146437571162273,0.9985523223876953,0.9716440041859953,0.5137369320506145,0.9966169595718384,59.78090766823161,0
744,0.9181727880523326,0.2901259149823872,0.9990770816802979,0.9976884041513724,0.31115824835641065,0.9916785359382629,0.9284138452439088,0.5145678066072015,0.9985826015472412,0.9716917815662574,0.5136378719693142,0.996682345867157,59.78090766823161,0
745,0.9181915237790069,0.290119623854047,0.9990922212600708,0.9976804199672888,0.3113008184092388,0.9918046593666077,0.9284756921586544,0.5146166966074993,0.9986117482185364,0.9717337971641912,0.5136139449619116,0.9967401623725891,59.78090766823161,0
746,0.9182192115556633,0.2901154912653426,0.9991070032119751,0.9976752088183456,0.31147993320510525,0.9918349981307983,0.9285204069955016,0.5147802602677123,0.9986432194709778,0.9717589673541849,0.5136801941054212,0.9967963099479675,59.78090766823161,0
747,0.9182451594443556,0.2901194776807515,0.9991179704666138,0.9976787169774382,0.31165529858498375,0.9918336868286133,0.928537743432182,0.5149935654231484,0.9986656904220581,0.9717689156532296,0.5138060819535033,0.9968307614326477,59.78090766823161,0
748,0.9182635375431613,0.29011783145722914,0.9991288781166077,0.9976874277705245,0.3117402394612633,0.9918694496154785,0.9285428041503552,0.5151201656886514,0.9986667633056641,0.9717777314640235,0.5138746187800456,0.9968318939208984,59.78090766823161,0
749,0.9182682321185165,0.2901124656200411,0.9991504549980164,0.9976694669042323,0.3117243193444754,0.9920021295547485,0.92855020080294,0.515117807047708,0.9986861944198608,0.9717843901543397,0.5138773662703382,0.9968677163124084,59.78090766823161,0
750,0.9182728528976448,0.2901021582739696,0.999165415763855,0.9976360826265253,0.31168730202175343,0.9920946955680847,0.9285560988244563,0.5151036779085799,0.9986788630485535,0.9717874668893367,0.5138686384473532,0.9968580603599548,59.78090766823161,0
751,0.918279307229179,0.2900892396767937,0.9991786479949951,0.9976103901863107,0.3116551978247509,0.9922107458114624,0.9285588974044443,0.5151151787667052,0.9986814260482788,0.9717893259865904,0.5138668446313772,0.9968723654747009,59.78090766823161,0
752,0.9182888524872923,0.29008195371854895,0.9991752505302429,0.9975969734646033,0.3116462755770913,0.9923030138015747,0.9285592067809338,0.5151467039471584,0.9986612796783447,0.9717885596411577,0.513871706667401,0.9968558549880981,59.78090766823161,0
753,0.9182912764095132,0.29008562508083546,0.99918532371521,0.9976015346390869,0.31165285053707326,0.9923978447914124,0.9285578188442056,0.5151805423554924,0.9986758232116699,0.9717866324243098,0.5138833267348157,0.9968870878219604,59.78090766823161,0
754,0.9182835221290596,0.2900909710498086,0.9991853833198547,0.9976136088371286,0.31169805498350256,0.9923934936523438,0.9285592294874654,0.515214113962083,0.9986820816993713,0.9717888349578502,0.5139006802013946,0.996893584728241,59.78090766823161,0
755,0.9182676502636508,0.29010441615468,0.9991981387138367,0.997612811270215,0.31175568699836753,0.9924160242080688,0.9285587100755608,0.5152115310941427,0.9987009763717651,0.971784764812107,0.513916861443293,0.996922492980957,59.78090766823161,0
756,0.9182988972890953,0.29011512654168287,0.9992012977600098,0.9976135094960539,0.31182383071808617,0.9923219084739685,0.9285567289307011,0.5152212154297606,0.998711884021759,0.9717755062239518,0.5139517557053344,0.9969329237937927,59.78090766823161,0
757,0.9183827496710285,0.2901196195965724,0.9991722106933594,0.9976020512126749,0.3118609530585155,0.9921001195907593,0.9285551479884564,0.5151665891919821,0.9986758828163147,0.9717609116009311,0.5139447620936807,0.9968681931495667,59.78090766823161,0
758,0.9184967847097495,0.29011617529959927,0.999147891998291,0.9975841698192423,0.3118885585239958,0.9919249415397644,0.9285549634978892,0.5150754480134878,0.998630940914154,0.9717481448536834,0.5138930053938007,0.9967886209487915,59.78090766823161,0
759,0.9186103400729958,0.2901048120998203,0.9991310238838196,0.9975714371317916,0.3118631470771065,0.9917550683021545,0.9285574640546534,0.5149717330932622,0.9986075162887573,0.971740316777003,0.5138096298490256,0.9967506527900696,59.78090766823161,0
760,0.9186825184595026,0.29008802913484144,0.9991097450256348,0.9975425686155055,0.31183731555938743,0.9916284680366516,0.9285622920308803,0.5149170103527254,0.9985844492912292,0.9717302521069853,0.5137586650394262,0.9966986179351807,59.78090766823161,0
761,0.9187029089246485,0.2900685398351581,0.9990814924240112,0.9974994091760552,0.3117967687901999,0.9914214015007019,0.928562956196922,0.5149039484205704,0.9985364079475403,0.9717073412168602,0.5137511662074502,0.9965925812721252,59.78090766823161,0
762,0.9187142763819021,0.29004915271486575,0.9990552067756653,0.9974641941842587,0.3117698572930838,0.9912851452827454,0.9285609693754294,0.5149575528644385,0.9984704852104187,0.9716730430012666,0.5138023637589958,0.9964624047279358,59.78090766823161,0
763,0.9187213267598842,0.29003509169533165,0.9990373253822327,0.9974176230884741,0.31173563571203344,0.991241455078125,0.9285485063280385,0.5149810427711128,0.9984192848205566,0.9716350294294819,0.5138435619218014,0.9963648915290833,59.78090766823161,0
764,0.9187189170292454,0.2900258033048541,0.9990144968032837,0.997372249762218,0.3116929502714251,0.9912357330322266,0.92851061480386,0.5149820106370113,0.9983504414558411,0.9715991644632256,0.5138614745367145,0.9962437748908997,59.78090766823161,0
765,0.9187107426779618,0.2900339081173854,0.9990049004554749,0.9973511440413346,0.31165254541805837,0.9912480115890503,0.9283949903079449,0.51494821764174,0.9983202219009399,0.9715736025855664,0.5138501496542072,0.9961897730827332,59.78090766823161,0
766,0.9187020233699261,0.290044685204824,0.9989921450614929,0.9973465771902184,0.31160491988772465,0.991278350353241,0.9282135821524128,0.5149280059905283,0.9982794523239136,0.9715425968170174,0.5138629277547204,0.9961209297180176,59.78090766823161,0
767,0.9186938688868576,0.2900371821153734,0.9989742636680603,0.997332215309144,0.3114780726886933,0.9912500381469727,0.9279844278380992,0.5149734701429098,0.9982587695121765,0.9714966189293642,0.5138893524805709,0.9960809350013733,59.78090766823161,0
768,0.9186890891620098,0.2899927425952187,0.998946487903595,0.997325749624344,0.31122332101776506,0.9912271499633789,0.9277428502128245,0.5150827510016309,0.9982140064239502,0.9714093208312996,0.5139384212948032,0.9959990382194519,59.78090766823161,0
769,0.9186892708142606,0.2899214767274405,0.9989355206489563,0.997311643191747,0.3109095664251421,0.9912477135658264,0.9275454339526955,0.5151928918702267,0.9982000589370728,0.97128336770194,0.5139849583307906,0.9959644675254822,59.78090766823161,0
770,0.9186882291521352,0.2898701628049217,0.998928427696228,0.9973057196253831,0.31060371796290104,0.9912005066871643,0.9274272095589418,0.5153311292330428,0.9981589913368225,0.9711001146407362,0.5140822132428491,0.9958763718605042,59.78090766823161,0
771,0.9186838638214845,0.2898572697525935,0.9989281296730042,0.997302506651198,0.3104262195882346,0.9913254976272583,0.9273544039045069,0.5154360589526953,0.9981529712677002,0.9708889325459806,0.514199535051982,0.9958636164665222,59.78090766823161,0
772,0.9186804322969353,0.28985468404633685,0.9989223480224609,0.9973245348249171,0.31039223784492154,0.9914118647575378,0.9273277719815579,0.5155105221839182,0.9981113076210022,0.9706948626609083,0.5143206261453179,0.9957862496376038,59.78090766823161,0
773,0.9186856633140934,0.28983611010369825,0.9989228844642639,0.9973896202586954,0.31043043023064043,0.9915546774864197,0.9273251153173909,0.5155843127341502,0.9980745315551758,0.9705454820678355,0.514411500522069,0.9957299828529358,59.78090766823161,0
774,0.9187040016764694,0.28977111975351993,0.9989245533943176,0.9974869035539181,0.3104527777149566,0.9917617440223694,0.9273233271780476,0.5156308724766689,0.998058021068573,0.9704296986262011,0.5144628201212206,0.9957305788993835,59.78090766823161,0
775,0.9187302589416511,0.2896405671324051,0.9989296197891235,0.9975935504550034,0.3104801958515533,0.9919678568840027,0.9273250500361132,0.515623753979093,0.9980505108833313,0.9703435159864887,0.5144503059841341,0.9957578778266907,59.78090766823161,0
776,0.9187667029244566,0.28945653495334467,0.9989197254180908,0.9976979323795871,0.31049447400229346,0.9920637607574463,0.9273355745133907,0.5156251504307705,0.9980222582817078,0.9702570977665137,0.5144425800868447,0.9957454204559326,59.78090766823161,0
777,0.9188073646454591,0.2892636898018067,0.9989129900932312,0.9977646299770908,0.310504347085953,0.9921880960464478,0.9273485456194204,0.5156141434397021,0.9979950785636902,0.970174988110861,0.5144276987938659,0.99573814868927,59.78090766823161,0
778,0.918842344056993,0.28911293120611303,0.9989083409309387,0.9978270984831319,0.3106017850694205,0.9921378493309021,0.9273530670574741,0.5156148019291109,0.997982919216156,0.9701014813922708,0.5144231262661166,0.9957239627838135,59.78090766823161,0
779,0.9188771531695419,0.2890671292940778,0.998900830745697,0.9978985814821161,0.31080735723177616,0.9919730424880981,0.9273517926534024,0.5156184207825438,0.997981607913971,0.9700506301153282,0.5144130388895675,0.9957154393196106,59.78090766823161,0
780,0.9188854694366463,0.289180173760369,0.9988916516304016,0.9979586203893034,0.3110215919358392,0.9919471740722656,0.9273437148048772,0.5156334042549138,0.9979721307754517,0.9699945449829109,0.5144067321504869,0.9956977963447571,59.78090766823161,0
781,0.9188692796797987,0.2893938975674768,0.9988988041877747,0.9980315140315472,0.311205714941025,0.991978645324707,0.9273383191653668,0.5156429637046092,0.9979910254478455,0.9699466228485116,0.5143966788337349,0.9957414269447327,59.78090766823161,0
782,0.9188494341714049,0.28960611706688316,0.9989026784896851,0.9981105100540897,0.3112540472121468,0.9920557141304016,0.9273145511036835,0.5155478290149148,0.9979802966117859,0.9698958453677957,0.5143661300341291,0.9957342743873596,59.78090766823161,0
783,0.9188184709776024,0.2897983718486062,0.9988965392112732,0.9981094173022687,0.3111093342304232,0.9921239614486694,0.9272775394575944,0.5153987294151674,0.9979701042175293,0.9698471341814321,0.514329694566273,0.9957302212715149,59.78090766823161,0
784,0.9187856742313937,0.2899602850278221,0.9988945722579956,0.9980626503626513,0.31091628613926137,0.9920699596405029,0.9272339258875173,0.5152531181062975,0.997948169708252,0.9697994277590805,0.5143056994392763,0.9957082867622375,59.78090766823161,0
785,0.9187617926370537,0.29008782619521756,0.9989023208618164,0.9979744922547121,0.3107575674851738,0.9919477105140686,0.9271951998983119,0.5151278404962454,0.997910737991333,0.9697697957356779,0.5142777108010795,0.9956563115119934,59.78090766823161,0
786,0.9187367388180332,0.2902056688354131,0.9989194273948669,0.9978833908126477,0.3106502436456229,0.9920660853385925,0.9271690504891539,0.515061063425882,0.9978938102722168,0.9697395023845499,0.5142464921587994,0.9956672787666321,59.78090766823161,0
787,0.9187254139355259,0.2902981000287195,0.9989346861839294,0.9978526092710958,0.31063358556656634,0.9921891689300537,0.9271678158215121,0.5150495710827059,0.997873067855835,0.9697443700972066,0.5142189207531161,0.9956771731376648,59.78090766823161,0
788,0.9187156728335796,0.29034881080899944,0.9989425539970398,0.9978870749473581,0.31065299823170645,0.9923728108406067,0.9271636406580614,0.5150198851312914,0.9978315234184265,0.9697643546831047,0.5141932283129015,0.9956725239753723,59.78090766823161,0
789,0.9186672710237056,0.290378945214408,0.9989646673202515,0.9978992172649936,0.3106334209442141,0.99247145652771,0.9271950806890223,0.5149990178289872,0.9978074431419373,0.9698047808238446,0.5141741832097376,0.9956609010696411,59.78090766823161,0
790,0.9185994182314199,0.2904350998855775,0.9989901185035706,0.9979010082426534,0.3106627506869183,0.9927100539207458,0.9272429318655112,0.514999471959614,0.9977846145629883,0.9698505146162858,0.5141820453462151,0.9956617951393127,59.78090766823161,0
791,0.9185127133414867,0.29049453565052596,0.9990158081054688,0.9979101760046831,0.31071111985615346,0.9929167032241821,0.9273053748267046,0.5149871479897277,0.9977799654006958,0.9698959333556046,0.5141946474711105,0.9956908226013184,59.78090766823161,0
792,0.9184059670993268,0.2905661208289012,0.9990529417991638,0.9979229001771844,0.310804435185024,0.9930868148803711,0.9273778427214857,0.5149710377057397,0.9978311657905579,0.9699287073952819,0.514204513458979,0.9957799315452576,59.78090766823161,0
793,0.9183078635306592,0.29063137230419,0.9990759491920471,0.9979428904397155,0.3109051074300496,0.9932844638824463,0.9274427379880641,0.5149483198211311,0.9978525042533875,0.9699621228944695,0.5142020242554806,0.9958129525184631,59.78090766823161,0
794,0.9182117950348634,0.2906738420327507,0.9990944862365723,0.9979648703620555,0.3109827907312487,0.9935068488121033,0.9274822303227024,0.5149049957593286,0.9978956580162048,0.9699655317124873,0.5141993619146805,0.9958849549293518,59.78090766823161,0
795,0.9181172876130974,0.2906856465907326,0.9991296529769897,0.997949441274008,0.3109911694413142,0.9939061999320984,0.9275204965046482,0.5148432396707086,0.997961699962616,0.9699560432207024,0.5141821390106569,0.9960031509399414,59.78090766823161,0
796,0.9180593689282742,0.2906942693960102,0.9991685748100281,0.9979128326688502,0.3109973044622515,0.9942996501922607,0.9275304618335913,0.514644855544681,0.9980226159095764,0.9699305040495744,0.5140980482101445,0.9961231350898743,59.78090766823161,0
797,0.9180219627562031,0.290687714304243,0.9991899728775024,0.9978543605123255,0.31097958769117107,0.9945508241653442,0.9275257615816033,0.5143594287690667,0.9980548024177551,0.9699048456691568,0.5139496553511851,0.9961855411529541,59.78090766823161,0
798,0.9180006469999049,0.29069049869264896,0.999216616153717,0.997798096565974,0.31099535311971416,0.9948157072067261,0.9275174509911317,0.5140729461397449,0.9981016516685486,0.9698850853102556,0.513773912475223,0.9962671995162964,59.78090766823161,0
799,0.9180009393464958,0.2906871579942251,0.9992239475250244,0.9977638153802788,0.3110411138761614,0.9949195384979248,0.9275214274724332,0.5138549833070668,0.9981173276901245,0.9698841231209898,0.5136013314837505,0.9962906241416931,59.78090766823161,0
800,0.9180069225175047,0.29067331552505515,0.9992239475250244,0.9977543467567088,0.3111243205411096,0.9950527548789978,0.9275321052187971,0.5137245314461849,0.9981202483177185,0.9698989022345778,0.513482769330343,0.9963035583496094,59.78090766823161,0
801,0.917989339147296,0.29065976965995083,0.9992120265960693,0.9977462575549179,0.3112483265854066,0.9951367378234863,0.9275511559985941,0.5137240035193311,0.9981119632720947,0.9699304047084998,0.513447707607633,0.9963051676750183,59.78090766823161,0
802,0.917959942704156,0.29064309880847045,0.9992071390151978,0.9977512586684463,0.31141918471881347,0.9952348470687866,0.9275666957809818,0.513700278032394,0.9981315732002258,0.9699654352097292,0.5134320003645765,0.9963492751121521,59.78090766823161,0
803,0.9179205724171238,0.29064511259396897,0.9992132186889648,0.9977407852808642,0.31159305856341435,0.995463490486145,0.9275747395697101,0.5137294105121072,0.9981534481048584,0.9699926489875438,0.513477532636552,0.9964197278022766,59.78090766823161,0
804,0.9178878892035718,0.29066879408700147,0.9991987943649292,0.9977405269940702,0.3117657261235376,0.9955015778541565,0.9275742655708684,0.513804239886148,0.9981741309165955,0.9700068774677466,0.5135688781738286,0.996465802192688,59.78090766823161,0
805,0.9178611040115364,0.29069568145842806,0.9991881251335144,0.9977310668854494,0.3118798150902705,0.9954937696456909,0.9275869500069399,0.5138961190269111,0.9982020258903503,0.9700026767594481,0.5136498269580664,0.9965139031410217,59.78090766823161,0
806,0.9178507044201814,0.2907128348236995,0.9991821646690369,0.9977065523465483,0.31206305112157573,0.9956004023551941,0.9275786564463668,0.5140008585793636,0.9982247948646545,0.96996029218038,0.513762167521886,0.9965587258338928,59.78090766823161,0
807,0.917829646950677,0.2907623648643496,0.999162495136261,0.9976731907753725,0.31232086249760244,0.9956697821617126,0.9275142295019975,0.5141406967526394,0.9982470273971558,0.9698734652428408,0.5139428547450479,0.9966119527816772,59.78090766823161,0
808,0.9178057681946535,0.29082274436950706,0.9991546869277954,0.9976360485667282,0.31261873670986745,0.9957336783409119,0.9273839138803035,0.5142646290007096,0.9982641935348511,0.9697701675551287,0.5141396806353619,0.9966434240341187,59.78090766823161,0
809,0.9177660544713345,0.2909054614248732,0.9991455078125,0.9975981513659168,0.31288550581250896,0.9958016276359558,0.9272335512297502,0.5143914875530065,0.998298168182373,0.969683488210043,0.51433672507604,0.996698796749115,59.78090766823161,0
810,0.9177012642224637,0.2909825955118454,0.9991474747657776,0.9975817402203886,0.3130690739268351,0.9958420991897583,0.9270961511702772,0.5144865626380561,0.9983407855033875,0.9696371441795721,0.5144820752597994,0.9967625141143799,59.78090766823161,0
811,0.9176230884733662,0.2910435157162805,0.9991598129272461,0.9975745110284723,0.31311419748124647,0.9959492087364197,0.9270166499274125,0.5145252772739959,0.9983923435211182,0.9696401158968615,0.5145329776264377,0.9968450665473938,59.78090766823161,0
812,0.9175641650245311,0.2910691371985846,0.9991812705993652,0.9975795376868484,0.3131450074059625,0.996135413646698,0.9270135249410364,0.5145149486405513,0.998445987701416,0.9696680506070463,0.5145057383037752,0.9969375729560852,59.78090766823161,0
813,0.9175243406068718,0.2910954228469306,0.9992004632949829,0.9975776388531647,0.3131465656416759,0.9962857961654663,0.9270530201139913,0.514467455091931,0.9985120296478271,0.9697148913428906,0.5144303724879314,0.9970435500144958,59.78090766823161,0
814,0.9175174917493555,0.2911045253276827,0.9992276430130005,0.9975862446285438,0.3131293668633418,0.9964664578437805,0.9270598405883432,0.5143795552707857,0.9985838532447815,0.9697435186022811,0.5143396712484818,0.9971693754196167,59.78090766823161,0
815,0.9174958098502394,0.2911195286682676,0.9992563724517822,0.9975600980577023,0.3131202785741718,0.9966030716896057,0.9270451891989943,0.5142899751663212,0.9986532330513,0.9697456473395946,0.5142496426900232,0.9972808361053467,59.78090766823161,0
816,0.9174270374434341,0.29113797346750914,0.9992789626121521,0.9974868836857032,0.3131185330095748,0.9967501163482666,0.9269832684880219,0.5141693580718272,0.9987017512321472,0.9697054283959532,0.5141267464274456,0.9973636865615845,59.78090766823161,0
817,0.9173185882114236,0.29117897720564,0.9992969632148743,0.9973895606540507,0.3131268521149956,0.9968838691711426,0.9268942418552588,0.5140557459422525,0.9987431168556213,0.9696471265384137,0.513999095984868,0.9974362850189209,59.78090766823161,0
818,0.9172037754740042,0.291225082817532,0.999309241771698,0.9972997988973353,0.313115613801139,0.9969863295555115,0.9268356902258744,0.5139763610703608,0.998777449131012,0.969605987980253,0.5138634216217772,0.9974905252456665,59.78090766823161,0
819,0.9170965637479518,0.2912643495060151,0.9993230104446411,0.9972289715494437,0.31313356331416564,0.9970939755439758,0.926821913037982,0.5139697704996385,0.9988086223602295,0.9695957104365038,0.5137511605308174,0.9975481033325195,59.78090766823161,0
820,0.917024893420084,0.29128526505969843,0.9993346333503723,0.9972280065218615,0.3132459719975792,0.9971455335617065,0.926808314664024,0.5140439867973332,0.9988325834274292,0.9695710511434654,0.5137398129417787,0.9975844025611877,59.78090766823161,0
821,0.9169561096600132,0.2912988506612326,0.9993412494659424,0.9972064126105543,0.31345046985717073,0.9971722960472107,0.9267932545571108,0.5141747707412361,0.9988623857498169,0.9695285473551077,0.5138107509840106,0.9976255297660828,59.78090766823161,0
822,0.9168623515537815,0.2913046734673639,0.9993383884429932,0.997141707511176,0.31366937217258295,0.9971652030944824,0.926757923194341,0.5142597896712171,0.9988787770271301,0.9694689654168637,0.5138652353059682,0.997641384601593,59.78090766823161,0
823,0.9167643274579736,0.2913132423446294,0.9993179440498352,0.997061266785577,0.313849054631733,0.9970015287399292,0.9267062998953327,0.5142816702524825,0.9988821744918823,0.9694075981775928,0.5138798327673053,0.9976193904876709,59.78090766823161,0
824,0.9166913855643507,0.2913202033156443,0.9993079900741577,0.9969865083694466,0.31391303596042475,0.9969123601913452,0.9266567230224617,0.5142540647870022,0.9988877177238464,0.9693718268757783,0.51386646997361,0.9976059198379517,59.78090766823161,0
825,0.9166474569411512,0.2913241982460024,0.9992960095405579,0.9969337440672383,0.31392860838345144,0.9968212842941284,0.9265823591323133,0.5142117454892117,0.9989032745361328,0.9693456292152413,0.513856791314625,0.9976163506507874,59.78090766823161,0
826,0.9166291498002559,0.2913328792367665,0.9992697834968567,0.9969303295725875,0.3139612277348839,0.9966350793838501,0.9264895348321831,0.514176448186239,0.9988994002342224,0.9693054727145611,0.513902550651914,0.9975879192352295,59.78090766823161,0
827,0.9166219319616054,0.2913439117726828,0.999245822429657,0.9969269831975309,0.31403677094550386,0.9964543581008911,0.9263886241685784,0.5141516781988602,0.9989088177680969,0.9692426125208544,0.5139918582780024,0.9975951313972473,59.78090766823161,0
828,0.9166061934970681,0.2913549485660737,0.9992240071296692,0.9969369570414233,0.31413419899486383,0.9962580800056458,0.9262978377796361,0.5141546073414035,0.9989123940467834,0.9691833655039477,0.5141101536296667,0.9975972771644592,59.78090766823161,0
829,0.9165943719091877,0.29136450233913624,0.999197244644165,0.9969030902499253,0.3141894397281467,0.9961281418800354,0.9261987549918046,0.514127543994359,0.998914361000061,0.9691211467697515,0.5142210352988474,0.9976036548614502,59.78090766823161,0
830,0.9165850849378684,0.2913755575815839,0.999173641204834,0.9968000905854368,0.3141538302103681,0.9959359765052795,0.9260966380437223,0.5140828319958282,0.9989026188850403,0.9690635857127969,0.5143076493626553,0.9975718259811401,59.78090766823161,0
831,0.9165851275126147,0.2913735565685093,0.9991419315338135,0.9966594548452476,0.31404088224683513,0.9955993294715881,0.9259664075715208,0.5139428717749464,0.9988752007484436,0.9689699950672339,0.5142518650917784,0.9975085854530334,59.78090766823161,0
832,0.9165996227945608,0.2913650785173691,0.9991123080253601,0.9965417867615118,0.31390353611537414,0.995327889919281,0.9258429947353551,0.5137377125876295,0.9988487362861633,0.9688278124445969,0.5140912674722222,0.9974678158760071,59.78090766823161,0
833,0.9166193462553485,0.2913563194729035,0.9990970492362976,0.9964833117666707,0.31382328271865867,0.995114266872406,0.9257587307975413,0.5135656708762764,0.998813807964325,0.9686603858357392,0.5138875501496456,0.9974139332771301,59.78090766823161,0
834,0.9166473689533423,0.29134956002235435,0.9990838766098022,0.9965028393836257,0.3138142483575006,0.9951235055923462,0.9256767261595961,0.5135161592846829,0.9988049864768982,0.9684432517914554,0.5137484527769547,0.997412919998169,59.78090766823161,0
835,0.9166718465941299,0.2913453791822708,0.9990530014038086,0.9965431463150759,0.31380980071567377,0.9949893951416016,0.9255934442792627,0.5135704307329092,0.998782217502594,0.9682114493279238,0.5137202768098744,0.9973786473274231,59.78090766823161,0
836,0.916688419523694,0.29135690984271845,0.999012291431427,0.9965378329867417,0.31384599066915997,0.994793713092804,0.9255107868285415,0.5137270887692773,0.99873286485672,0.9679435945692525,0.513842066129049,0.9972860813140869,59.78090766823161,0
837,0.916706459862846,0.29136464283579894,0.9989678859710693,0.9964996888524018,0.31394680199169,0.9946600794792175,0.9254265427589424,0.5138291801725119,0.9986294507980347,0.9676304715020324,0.5139611051196148,0.9971555471420288,59.78090766823161,0
838,0.9167237962995265,0.29142543815431166,0.9989006519317627,0.996399368558612,0.3141182121776402,0.9944900274276733,0.9253685218947282,0.5139281721342182,0.998505175113678,0.9673102867035647,0.5141302205267411,0.9970242977142334,59.78090766823161,0
839,0.9167034540857595,0.2915320070016954,0.9988735914230347,0.996230329786029,0.31434765741938664,0.994476854801178,0.9253441890080778,0.5140842795372014,0.9984643459320068,0.967058445726123,0.5143403779892699,0.9969940781593323,59.78090766823161,0
840,0.9166572576477422,0.29165400777544315,0.9988064169883728,0.9960269757679538,0.3144620245411285,0.9942395687103271,0.9252770316033143,0.5142575871376769,0.9983668923377991,0.9668190308979587,0.514598077251798,0.9968807101249695,59.78090766823161,0
841,0.9165853943143579,0.29176334681965077,0.998798668384552,0.9958596059254246,0.3144326394512542,0.9939631223678589,0.9252020063854406,0.5145050031798231,0.9983439445495605,0.9666404071308325,0.5148861578532632,0.9968310594558716,59.78090766823161,0
842,0.9165077975818097,0.29184172550837223,0.9988033175468445,0.9957313083467036,0.3142998161770051,0.9937894344329834,0.9251313720430654,0.5148112660362612,0.9983367919921875,0.9664979179700224,0.5151593770299643,0.9968031644821167,59.78090766823161,0
843,0.9164430981590642,0.2918654311270943,0.9988124370574951,0.9956635548954926,0.31414089032581904,0.9936728477478027,0.9250704958325349,0.5150657863844013,0.9983468055725098,0.9663931216512415,0.5153349552835742,0.9968141913414001,59.78090766823161,0
844,0.9163911427770349,0.29188856908253286,0.9988229274749756,0.9956241136505498,0.3140229128655936,0.9934549331665039,0.9250308672587084,0.5152792504855569,0.9983562231063843,0.9663324639910751,0.5154405775524326,0.9968030452728271,59.78090766823161,0
845,0.9163332439604268,0.29190944631894455,0.9988457560539246,0.9955961619104666,0.3139482708204363,0.9932921528816223,0.9250189491680697,0.5154205191703074,0.998376727104187,0.966331308796293,0.515464061782474,0.9968101978302002,59.78090766823161,0
846,0.9162790775299079,0.2919238266490757,0.9988656044006348,0.9955591985157567,0.3138493455591659,0.9931747317314148,0.9250063442048579,0.5154412559100564,0.9983994960784912,0.9663355236961736,0.5154581297011607,0.9968142509460449,59.78090766823161,0
847,0.9162327703975502,0.2919395963350934,0.9988818764686584,0.9954992475963782,0.3137428221248448,0.9931694269180298,0.9249891525223148,0.5154235646838238,0.9984133243560791,0.9663275622186214,0.5154607154074173,0.9968220591545105,59.78090766823161,0
848,0.9162007116136104,0.29195517443475294,0.9988884925842285,0.9954206886745642,0.31363684506643413,0.9931962490081787,0.9249724859283092,0.5154807425680619,0.9984203577041626,0.9662921826044727,0.515524165970939,0.9968231320381165,59.78090766823161,0
849,0.9161867101987211,0.2919689871016005,0.9988884329795837,0.995323632444655,0.3135654855342141,0.993010938167572,0.9249480735687989,0.5155865436508547,0.9984144568443298,0.9662414249919717,0.5156641517366686,0.9967824816703796,59.78090766823161,0
850,0.9161837498346972,0.29198338304247196,0.9988933801651001,0.9952401064691097,0.3135402074881965,0.9928978681564331,0.9248919572149011,0.515714906510853,0.998421311378479,0.9661648330234354,0.5158900675319494,0.9967777132987976,59.78090766823161,0
851,0.9161779908906853,0.2920280652386804,0.9988983869552612,0.9950934449831652,0.31354623323395164,0.9927933216094971,0.9248199860254932,0.5158198560987204,0.9984399676322937,0.9660895410038184,0.5161094637144183,0.9967915415763855,59.78090766823161,0
852,0.916167270569575,0.29210190829776606,0.9988937973976135,0.9948951062702005,0.31359025126411827,0.9927286505699158,0.9247504046985088,0.5158729695138481,0.9984481334686279,0.9660347331137892,0.5162719261078612,0.9967920184135437,59.78090766823161,0
853,0.9161545776185542,0.29218255905878,0.9988886117935181,0.9946470033554812,0.31364190152713256,0.9926522374153137,0.9246934907776976,0.5158386599449889,0.9984608292579651,0.9660042070207149,0.5163279913720635,0.9967917799949646,59.78090766823161,0
854,0.9161434883163097,0.29227932152294,0.9988762140274048,0.9944199806167975,0.31367212392035015,0.9925879836082458,0.9246643554596682,0.5157995053700042,0.9984695315361023,0.9659867087999987,0.516328749202547,0.9967945218086243,59.78090766823161,0
855,0.916122496128083,0.29238485154651483,0.9988769292831421,0.9942274490992236,0.3135786170051214,0.9926266670227051,0.9246588917005637,0.5157471866834735,0.9984912276268005,0.9659897316069838,0.5162866739999684,0.9968322515487671,59.78090766823161,0
856,0.9161047963869011,0.29247204036939733,0.9988573789596558,0.9941083448273803,0.31338938503038344,0.9925905466079712,0.9246417766525639,0.5157083017485486,0.9984847903251648,0.9659830303419212,0.5162702912376045,0.9968200922012329,59.78090766823161,0
857,0.9160611175355465,0.2925531637100949,0.998844563961029,0.9939695029031671,0.3131620344661533,0.992649257183075,0.9246155250640149,0.5156863672392713,0.9984858632087708,0.9659671300933481,0.5162294847624647,0.9968279600143433,59.78090766823161,0
858,0.9159985922631771,0.2926217828478134,0.9988375306129456,0.993895425682977,0.31295614015488427,0.9925892353057861,0.9245676142828813,0.5156456430753076,0.9984618425369263,0.9659432371457426,0.516145331518991,0.996770441532135,59.78090766823161,0
859,0.9159229681605392,0.29265698506718607,0.9988174438476562,0.9938729916300101,0.3128488503751303,0.9923071265220642,0.9245064797855567,0.5155978940782097,0.9984002113342285,0.9659164491153907,0.516058186690013,0.9966052174568176,59.78090766823161,0
860,0.9158585525694355,0.29268531572251116,0.9987785816192627,0.993917303425926,0.3127991997060324,0.9920443296432495,0.924447212900435,0.5155535056477505,0.998326301574707,0.965895851453146,0.5159593139375963,0.9964384436607361,59.78090766823161,0
861,0.9158053057534361,0.2927078945296153,0.998745858669281,0.9939698917525164,0.3127212481839319,0.9918192028999329,0.9244108767736534,0.515509440785363,0.9983011484146118,0.9658895418757492,0.5158496697743737,0.9963605403900146,59.78090766823161,0
862,0.9157840751466304,0.2927208557015376,0.9986761808395386,0.9940338077999304,0.31265124110948495,0.9916126728057861,0.9243921694301431,0.5154961517878945,0.9982597231864929,0.9658883639744358,0.5157772075562255,0.9962682127952576,59.78090766823161,0
863,0.9157697104272395,0.2927272873265405,0.9986299276351929,0.9940661787986763,0.3125728439717068,0.9915001392364502,0.924361603600639,0.5155075561432616,0.9982263445854187,0.9658768773078926,0.5157259872981484,0.9961787462234497,59.78090766823161,0
864,0.9157358464740579,0.29278728791645614,0.9985960125923157,0.9941087280000968,0.31241279414721923,0.9914207458496094,0.9242897998718995,0.5155301803634285,0.9982059597969055,0.9658446822847646,0.5156921943028772,0.9961140155792236,59.78090766823161,0
865,0.9156805163338078,0.29286526356424625,0.9985786080360413,0.9941509564717619,0.31224004995255267,0.9914416670799255,0.9241855513481875,0.5155493162927177,0.9981865882873535,0.9658017868087414,0.5156939881188534,0.9960469007492065,59.78090766823161,0
866,0.9155988182340358,0.29297033803803607,0.9985783100128174,0.9941819225038809,0.31207369906561744,0.9914466142654419,0.9240662370409292,0.5155454760506044,0.998187243938446,0.965748398076921,0.5156861515272235,0.9960024952888489,59.78090766823161,0
867,0.9155174124808546,0.293062841608411,0.9985589385032654,0.9942043962932777,0.3119532040187293,0.9915071129798889,0.9239516144707096,0.5155168062164674,0.9981918334960938,0.9656935873485754,0.5156729760624118,0.9960044026374817,59.78090766823161,0
868,0.9154485038348614,0.29312932775134154,0.998528242111206,0.9942335628327876,0.31191389617465815,0.9915348291397095,0.9238552507900064,0.5154967336427603,0.9981762766838074,0.965641243117197,0.51566641671317,0.9959852695465088,59.78090766823161,0
869,0.9154021768342888,0.29315531821478,0.998527467250824,0.9942581540062323,0.31191940676598345,0.9915585517883301,0.9237431145849689,0.5154262866292685,0.998183012008667,0.9655729021344874,0.5156617675508776,0.9959947466850281,59.78090766823161,0
870,0.915366138730731,0.29321257557187785,0.998519778251648,0.9942721610977545,0.31190356044542245,0.9913932085037231,0.9236023936952871,0.5153065437362312,0.9981869459152222,0.9654752867562438,0.5156370770363585,0.9959942102432251,59.78090766823161,0
871,0.9153498496328089,0.2932770677975248,0.998545229434967,0.9942843176069721,0.3118604506765096,0.991418182849884,0.9234740336736051,0.5150536383901327,0.9982183575630188,0.9653751764978689,0.5155288122949151,0.9960518479347229,59.78090766823161,0
872,0.915334690184821,0.2933550604752134,0.9985640645027161,0.9942948477608824,0.3117971278372268,0.9914004802703857,0.9233834260985971,0.5146780184337074,0.9982277154922485,0.9652879805791953,0.5153280184382488,0.9960890412330627,59.78090766823161,0
873,0.9153269217127853,0.2934304461592722,0.9985938668251038,0.9943162344750911,0.3117344336850305,0.9915017485618591,0.9233324839955293,0.514297641458966,0.9982409477233887,0.965229463009608,0.5151141399428962,0.996164083480835,59.78090766823161,0
874,0.915316147463663,0.29349061846733115,0.9986346364021301,0.9943553124155325,0.31169713111150854,0.9917618632316589,0.923326614357177,0.5139882167180383,0.9982701539993286,0.9652061206953875,0.5149117623056688,0.9962705969810486,59.78090766823161,0
875,0.9153025774728691,0.2935213148593905,0.9986493587493896,0.9944113776797349,0.3116768570173357,0.991791307926178,0.923342718964532,0.5137523980367755,0.9982454776763916,0.965199237778074,0.5147519934745066,0.9962626695632935,59.78090766823161,0
876,0.9152907502083558,0.2935475394839335,0.9986679553985596,0.9944736900783729,0.31164529210045244,0.9919461607933044,0.923357063815708,0.5135774442127777,0.9982272386550903,0.9651929622604741,0.5145448020526345,0.9962809681892395,59.78090766823161,0
877,0.915298731554123,0.29355579188891845,0.9986900687217712,0.9945463112422406,0.3115691443284355,0.9919778108596802,0.9233877999441972,0.5134132334164214,0.9982106685638428,0.9651852675846653,0.5142446046783815,0.9962915778160095,59.78090766823161,0
878,0.9153237371217644,0.2935415407021843,0.998721718788147,0.9946183136531292,0.31148094648406643,0.9920996427536011,0.9234176902543938,0.513281983988626,0.9982038140296936,0.965175946553549,0.5139277662549704,0.9963181018829346,59.78090766823161,0
879,0.9153485695521044,0.2935287228652411,0.9987472295761108,0.9946716484569376,0.311404849801745,0.992098867893219,0.9234713145664768,0.5132037088984539,0.9981902837753296,0.9651683540571311,0.5136496594973977,0.99632328748703,59.78090766823161,0
880,0.9153675266674595,0.293518152974901,0.9987724423408508,0.9947283750488652,0.31134564677874277,0.9921776652336121,0.9235440662928998,0.5130162267457875,0.9981774091720581,0.9651664609000804,0.513360474790846,0.9963432550430298,59.78090766823161,0
881,0.9153772337096087,0.29351242950984435,0.9988008737564087,0.9947799444198616,0.3113665495600022,0.9922685623168945,0.9236210584640511,0.5126548891975771,0.9981679320335388,0.9651690068699073,0.5130933296112791,0.996354341506958,59.78090766823161,0
882,0.9153697206860504,0.2935201099940711,0.99881911277771,0.9948189173425954,0.31143166479610285,0.9923005104064941,0.9236790310768861,0.5122005627268841,0.9981556534767151,0.9651738660676147,0.512818759395963,0.9963746070861816,59.78090766823161,0
883,0.9153587732996267,0.29352633584113375,0.9988272190093994,0.9948521057764697,0.31154780302728946,0.9923067688941956,0.9237053025336499,0.5117866822651458,0.9981329441070557,0.9651699974423371,0.5125830287025093,0.9963761568069458,59.78090766823161,0
884,0.9153494096937641,0.2935247180007755,0.9988299012184143,0.9948607598032279,0.31170684666860693,0.9922865033149719,0.9237020923977814,0.5115365045411251,0.9981281757354736,0.9651764801570355,0.5124694392794659,0.9964146018028259,59.78090766823161,0
885,0.9153553219068626,0.293517867724101,0.9988323450088501,0.9948504652295802,0.31191636550994173,0.9922115206718445,0.9237351928438466,0.51146183695112,0.9981054663658142,0.9652147690455126,0.5124440448624752,0.9964302778244019,59.78090766823161,0
886,0.9153724170866475,0.29350311699367726,0.9988287091255188,0.9948409483546311,0.3120956789879574,0.9920334815979004,0.9237840601376132,0.5114440577370785,0.9980677366256714,0.9652919570604968,0.5124300916989648,0.9963962435722351,59.78090766823161,0
887,0.9153951037497754,0.29350521450951006,0.9988477826118469,0.9948341335569117,0.3124790830271587,0.9920162558555603,0.9238765608696717,0.5114998703911195,0.998080313205719,0.9654125514484595,0.5124506978761586,0.996419370174408,59.78090766823161,0
888,0.9154133484477096,0.29349742900757586,0.9988688230514526,0.9949154626755496,0.3128598488512496,0.9921064972877502,0.9239818311872944,0.5115363399187728,0.9981099963188171,0.9655269214085178,0.5124611315273108,0.9964457750320435,59.78090766823161,0
889,0.9154190477870767,0.29355245544796926,0.9988775849342346,0.9950519601504015,0.3133119515010291,0.9921136498451233,0.9240685616220754,0.5117907438959398,0.9981571435928345,0.965682974883489,0.5124950295402895,0.9965039491653442,59.78090766823161,0
890,0.9154246988750647,0.2936662463914783,0.9989013075828552,0.9951934019724535,0.3136752858048396,0.992231547832489,0.9241310386430657,0.5121724293345501,0.9982181191444397,0.9658631654012779,0.5125362049965636,0.9965977072715759,59.78090766823161,0
891,0.9154547736758285,0.2938171426455182,0.9988987445831299,0.9953048967179806,0.31408960194814795,0.9923138618469238,0.924176582268307,0.5126041230701268,0.9982924461364746,0.9660337567329416,0.5126433911777681,0.9967109560966492,59.78090766823161,0
892,0.9154949443680906,0.2939754000731879,0.9989133477210999,0.9953475736436399,0.31435672442118356,0.9923876523971558,0.9241797100929994,0.5129393424306601,0.9983617663383484,0.9661347553843551,0.5127624699047637,0.9968148469924927,59.78090766823161,0
893,0.915524553684962,0.2941160571007504,0.9989362359046936,0.9953472330456696,0.314607035546076,0.9925877451896667,0.9242007704008202,0.5131592580250335,0.9984353184700012,0.9661651764597219,0.5128775721504579,0.996938943862915,59.78090766823161,0
894,0.9155384160223469,0.2941807451702302,0.9989438056945801,0.9953819825535737,0.31467705965042136,0.9925002455711365,0.9242106392270051,0.5131222009658818,0.9984240531921387,0.9661134623345882,0.5129541158676152,0.9969111680984497,59.78090766823161,0
895,0.9156728528794796,0.29422637252580575,0.9989570379257202,0.9954287125950776,0.31471526338940603,0.9926449656486511,0.9242643344969984,0.5130903862771539,0.9984433054924011,0.9660771460760216,0.5130045186905637,0.996951699256897,59.78090766823161,0
896,0.9158900294985097,0.2942491046019965,0.9989804029464722,0.9954709013303129,0.3146599531173708,0.9927819967269897,0.9243451214972005,0.5130554097039364,0.9984786510467529,0.9660561652410606,0.5130162153925218,0.9970165491104126,59.78090766823161,0
897,0.9161629279454557,0.2942534670943308,0.9989891052246094,0.9955056820596976,0.31470533212025986,0.992732048034668,0.9244268139203398,0.5130544475146707,0.9984959959983826,0.9660406112670906,0.5130488815761752,0.9970301389694214,59.78090766823161,0
898,0.9164241892950883,0.29425160090128605,0.9990086555480957,0.9955241651762107,0.31471962446258206,0.9927161931991577,0.9244795895758138,0.5130136750993279,0.9985341429710388,0.9659576047034498,0.513080097380139,0.9970760941505432,59.78090766823161,0
899,0.9165751848902028,0.29423793298857576,0.9990348219871521,0.9955809655643653,0.31474071599188336,0.9927915334701538,0.9245192153113236,0.512947227273669,0.9985776543617249,0.9659710980597005,0.5130342159952441,0.9971372485160828,59.78090766823161,0
900,0.9165961373419996,0.29424776207833087,0.999065637588501,0.9955387087095359,0.31473883560725646,0.9928138256072998,0.9245249742553355,0.5128697440737774,0.9986112117767334,0.9660165820802968,0.5129045106115799,0.9971842169761658,59.78090766823161,0
901,0.9165572694369732,0.29435449270975045,0.9990882277488708,0.9953686963944216,0.31460553123837454,0.9929952621459961,0.9245369462739861,0.5129151259149829,0.9986995458602905,0.9660308758417773,0.5127427379290267,0.9973419308662415,59.78090766823161,0
902,0.9165116860753022,0.2944210597446989,0.9990739822387695,0.9951328266234634,0.3142422877606894,0.9929325580596924,0.9246275964237402,0.5130315650077097,0.9986954927444458,0.9660254574957355,0.512571513652802,0.9973511099815369,59.78090766823161,0
903,0.9167293480464398,0.29429450347310043,0.9990578889846802,0.9949042286191676,0.31381921115375727,0.9927035570144653,0.9247567313058044,0.5131761176245557,0.9986568689346313,0.9659333314214442,0.5124719710577106,0.9973006248474121,59.78090766823161,0
904,0.9171647542998912,0.29388807926859195,0.9990525245666504,0.9947517372313008,0.31332708256585284,0.9926809072494507,0.9248728638603582,0.5133058201699034,0.9986650943756104,0.9657350693430227,0.5124882402874179,0.9973189234733582,59.78090766823161,0
905,0.917764984426045,0.2932218724773046,0.9990444183349609,0.9947414313043874,0.31291756459644887,0.992538571357727,0.9249467991647274,0.5131398467790518,0.9986786246299744,0.9655867190588097,0.5124247755323141,0.9973390698432922,59.78090766823161,0
906,0.9183676555043183,0.2925507880392531,0.9990345239639282,0.9947430491447458,0.31264609240350294,0.9927541613578796,0.9249564920152944,0.5125952845528017,0.9986955523490906,0.9653913463865016,0.5122019080888662,0.9973942041397095,59.78090766823161,0
907,0.9187550062224986,0.292055408159892,0.9989844560623169,0.9947106951758984,0.31247137557892596,0.9928953051567078,0.924806753794353,0.5119965672492985,0.9986766576766968,0.9650734861691801,0.5119811495145166,0.9974121451377869,59.78090766823161,0
908,0.9189223618734459,0.2917070615859261,0.9989182949066162,0.9946660938717078,0.3122427435148333,0.9928349852561951,0.9246432298705699,0.5113562799635392,0.9986221790313721,0.9647681145440972,0.511714529423487,0.9973830580711365,59.78090766823161,0
909,0.9191120919727152,0.2914055500711716,0.9988886117935181,0.9946226931753621,0.31211001248586767,0.992622971534729,0.9245269497235624,0.5107881710642864,0.998627245426178,0.9645227591196703,0.5113937372253059,0.9973862767219543,59.78090766823161,0
910,0.9192493188948866,0.2911313885734197,0.9988768696784973,0.9946133068629681,0.3119841643742155,0.9924553036689758,0.9244500824383334,0.5104865942682544,0.9986081719398499,0.9643835964657019,0.5110513340859191,0.9973382353782654,59.78090766823161,0
911,0.9193833385195058,0.29090256066549414,0.998839259147644,0.9945658785956255,0.31192142480895657,0.9923051595687866,0.9244688380332227,0.5102189438683651,0.9986182451248169,0.9643447654587889,0.5105654143151788,0.9973567128181458,59.78090766823161,0
912,0.9194604669298452,0.290786276261012,0.998853862285614,0.9944507621583492,0.31184352721486797,0.9923462867736816,0.9246666544959666,0.5099185279437478,0.9986520409584045,0.964401826972054,0.5098717950639274,0.9974148273468018,59.78090766823161,0
913,0.9194707785333913,0.2907410732337409,0.9988918304443359,0.9942978421847034,0.31166950435865515,0.992331862449646,0.924927112602053,0.5096474885940556,0.9986647963523865,0.9644738492511575,0.5091536697887243,0.9974316954612732,59.78090766823161,0
914,0.9194209973017383,0.29073370354516187,0.9989147186279297,0.9941207198869623,0.3111711229596822,0.9923923015594482,0.9252558549245206,0.5092937407039464,0.9986763000488281,0.9646168067341767,0.5082937024888543,0.9974510669708252,59.78090766823161,0
915,0.9193989606130699,0.29071639691080386,0.9989355206489563,0.9939922690391548,0.31057083890551634,0.992653489112854,0.925559551942917,0.5089116522244048,0.9986904859542847,0.9648679267792482,0.5073290467262273,0.9975020885467529,59.78090766823161,0
916,0.9193894636063356,0.2907304040023261,0.9989615082740784,0.993962818668003,0.31006944037619116,0.9928588271141052,0.9257441617193684,0.5086573021752498,0.9987183809280396,0.9651874985013698,0.5064432195254739,0.9975538849830627,59.78090766823161,0
917,0.9193934173811056,0.29082712105342345,0.999024510383606,0.9939609936305462,0.3098114005156928,0.9930755496025085,0.925856550534567,0.5085412831533527,0.9987910985946655,0.9656907745770053,0.5057238311994647,0.9976605176925659,59.78090766823161,0
918,0.9193919897079476,0.29104770223299686,0.999083399772644,0.9939753668648864,0.30976053930464276,0.9933308959007263,0.9259834176018132,0.5085498066175556,0.9988587498664856,0.9663242726098931,0.5052405425480437,0.997769832611084,59.78090766823161,0
919,0.9193899546350759,0.291319841430301,0.9991393685340881,0.9940065996987487,0.309819457076845,0.9935385584831238,0.9261097482272564,0.5086113299642294,0.998924732208252,0.966963299683163,0.505051502159664,0.9978666305541992,59.78090766823161,0
920,0.9193845561572491,0.2915099887620837,0.9991963505744934,0.994027711096265,0.30985293359983557,0.993773341178894,0.9262420024190638,0.50862539382208,0.999000072479248,0.9675485690434781,0.5049566087268652,0.9979917407035828,59.78090766823161,0
921,0.9193916916847236,0.29166217645009385,0.999250054359436,0.9940583989733749,0.3099936289446697,0.9939825534820557,0.926333135082609,0.5086939221336733,0.9990683197975159,0.9680178420884277,0.5050440884771805,0.9980995059013367,59.78090766823161,0
922,0.9194006636029206,0.291762926748821,0.9993035197257996,0.9941046862375177,0.3102282413414549,0.9942379593849182,0.9264213102204467,0.5088477645601549,0.999133288860321,0.9683044865017854,0.5053410586856665,0.9982047080993652,59.78090766823161,0
923,0.9194168618747174,0.2918555282411124,0.9993404746055603,0.9941487851597022,0.3104679527736848,0.9943225979804993,0.9265291179929469,0.5091079047748025,0.9991807341575623,0.9685211380322782,0.5057668827828912,0.9982717037200928,59.78090766823161,0
924,0.9194729015940719,0.291999772900627,0.9993665814399719,0.9942383709407996,0.3107206523418429,0.9943814277648926,0.9266533908389871,0.5093901015463334,0.9992199540138245,0.9686217109362292,0.5062211297807243,0.9983258247375488,59.78090766823161,0
925,0.9195830680075153,0.2921257969878971,0.9993806481361389,0.9943333750679388,0.3109639868849802,0.9944065809249878,0.9267602420988544,0.5096782758122402,0.9992481470108032,0.9686329109328141,0.5066538907232743,0.9983695149421692,59.78090766823161,0
926,0.9197453487487074,0.29216269226301306,0.9993718862533569,0.9944289014452987,0.3111774963991985,0.994358479976654,0.9268145731517254,0.5099666629518786,0.9992556571960449,0.9685890986805878,0.5070762634277348,0.9983744621276855,59.78090766823161,0
927,0.919944916452681,0.2921877460820337,0.999355137348175,0.9945002879415248,0.31137187707991854,0.99421626329422,0.9268204882031403,0.5102300473621917,0.9992481470108032,0.9684750153904877,0.5075109742936638,0.998346209526062,59.78090766823161,0
928,0.9201490879058846,0.29218880335489933,0.9993367791175842,0.9945504466692614,0.3114997701985498,0.994109570980072,0.9268082947958091,0.5104675037520277,0.9992361068725586,0.9683268183753612,0.5079770088195805,0.998300313949585,59.78090766823161,0
929,0.9203515421776551,0.29218506671133515,0.9993273019790649,0.9945608150391361,0.31150546244212585,0.9941173195838928,0.92678968963169,0.510656371003106,0.9992276430130005,0.9681282469204502,0.5083597728184295,0.9982665777206421,59.78090766823161,0
930,0.9205386184510738,0.2921757953507562,0.9993062019348145,0.9945788525399716,0.31148170431455,0.9940229058265686,0.9267796561831527,0.5107469927696959,0.999211847782135,0.9678879578908293,0.508551569212051,0.9982211589813232,59.78090766823161,0
931,0.9207336363338297,0.29216290797506084,0.9992854595184326,0.9945847193400074,0.3114611364546279,0.9939917325973511,0.926778904029302,0.5107219559805738,0.9991936683654785,0.9676199754079191,0.5085650824365167,0.9981780052185059,59.78090766823161,0
932,0.9209415174665914,0.2921576272873654,0.9992733597755432,0.994595422631219,0.31142396870113576,0.993938148021698,0.9267827016966691,0.5106770680064251,0.9991803765296936,0.9673376594270987,0.5085352233478005,0.9981429576873779,59.78090766823161,0
933,0.9211334699676157,0.292173511925198,0.9992732405662537,0.9946100740205682,0.31143705192066395,0.9938710927963257,0.9267870272908899,0.5105906951995127,0.9991778135299683,0.9670780386243556,0.5084534400985359,0.9981202483177185,59.78090766823161,0
934,0.9213779228074217,0.2921881320930665,0.9992660880088806,0.9946376312346693,0.31147905758449035,0.9937220811843872,0.9268007448741375,0.5105366423016506,0.9991678595542908,0.9668810992013848,0.5084018565359574,0.99808669090271,59.78090766823161,0
935,0.9216181295258665,0.292235715048654,0.9992687702178955,0.9946905885423941,0.3115830534980413,0.9935979247093201,0.9268069948468898,0.5105322457495194,0.9991717338562012,0.9667156054860078,0.5083756617137368,0.9980809688568115,59.78090766823161,0
936,0.9218094547589628,0.292296540169489,0.9992799758911133,0.9947660849207931,0.3117293332304276,0.9935425519943237,0.9267979008810868,0.5105967294602172,0.9991916418075562,0.9665759149051856,0.508386733986083,0.9981061816215515,59.78090766823161,0
937,0.9219851806050263,0.2923385458333154,0.9992824196815491,0.9949171628270839,0.31189620920590017,0.9934582114219666,0.9267792247590572,0.5106545033909029,0.9991995096206665,0.9664437628927692,0.5083942555245903,0.9981075525283813,59.78090766823161,0
938,0.9221199949582425,0.2923643688360852,0.9992743134498596,0.9951064359574099,0.31203487089702087,0.9933355450630188,0.9268158929688597,0.5107065240542098,0.9991791248321533,0.9663685077712657,0.5083963360105246,0.998047411441803,59.78090766823161,0
939,0.9222159073466354,0.2923852716173447,0.9992802143096924,0.9953420105434608,0.31214150360652404,0.993244469165802,0.9268906116485603,0.5107460845084422,0.9991612434387207,0.9663700433004477,0.5083951439176291,0.9979817271232605,59.78090766823161,0
940,0.9223342963627414,0.2923467556635541,0.9992807507514954,0.9955496560959597,0.3122073426133113,0.9930528402328491,0.9269873130889174,0.5107579174495883,0.9991317987442017,0.9664009043148594,0.5083795842670262,0.997885525226593,59.78090766823161,0
941,0.9224282361212238,0.2922968041329159,0.9992814660072327,0.9956743660427283,0.31226614401454045,0.9928788542747498,0.927066936379388,0.5107514801479526,0.9991056323051453,0.9664194527126502,0.5083458849361968,0.9978017210960388,59.78090766823161,0
942,0.9224869211514798,0.2922445209253404,0.9992848038673401,0.995713622797104,0.31231620198204424,0.9928948879241943,0.927089847269513,0.5107414665676302,0.9991044402122498,0.9664212351753606,0.5083617312567579,0.9977930784225464,59.78090766823161,0
943,0.9225956485384994,0.29219725728034995,0.999286949634552,0.9957982330095208,0.3124640215010872,0.992952287197113,0.9270974482808803,0.5107204261280246,0.999109148979187,0.9664084741047458,0.5084296635219033,0.9977945685386658,59.78090766823161,0
944,0.9227238723209933,0.2921787230741412,0.9992930889129639,0.9958960754530779,0.31269447150684565,0.9929907917976379,0.9271448226202109,0.5107541879018151,0.9991227984428406,0.9664053604716354,0.5085639840080629,0.9978086948394775,59.78090766823161,0
945,0.9228666708582931,0.29218996422631427,0.9992899298667908,0.9960564403306879,0.31291543869745186,0.9929283261299133,0.9272105381602341,0.5108113005047756,0.9991232752799988,0.9664090446063458,0.5087202872548788,0.9978024959564209,59.78090766823161,0
946,0.9229855310349244,0.292187076239359,0.9992875456809998,0.996205131212871,0.3131102167424704,0.9928860068321228,0.9272802954628361,0.5109223638262071,0.9991328716278076,0.9664165320850562,0.5089068526313423,0.9978169202804565,59.78090766823161,0
947,0.9230600056194131,0.2921699200357712,0.9992743730545044,0.9962865341277357,0.3132534225781761,0.9926844835281372,0.927320551304591,0.5110485525358295,0.9991207718849182,0.9663994851566504,0.5091030342238294,0.9977827072143555,59.78090766823161,0
948,0.9230742653210965,0.2921990581921171,0.9992619156837463,0.9963090306236639,0.31323767985616435,0.9924392700195312,0.9273335962068474,0.5111260385740375,0.9990987777709961,0.9663883986927222,0.5092969678697136,0.9977232813835144,59.78090766823161,0
949,0.9230320765858612,0.2924205859502159,0.9992627501487732,0.9963060049783624,0.31314936280250577,0.9924585223197937,0.9273719333467036,0.5112144578070872,0.9991064667701721,0.9664638752029063,0.5094332723390492,0.9977337718009949,59.78090766823161,0
950,0.9229507020541607,0.2927545266492029,0.9992799162864685,0.996276299158733,0.3130648590269546,0.9925692677497864,0.9274187882741299,0.5113301816440767,0.9991356134414673,0.9665796274230603,0.5095167188417348,0.997783362865448,59.78090766823161,0
951,0.9228718961988184,0.29310281787599857,0.9992982745170593,0.996269214720954,0.3129936357339226,0.99268639087677,0.9274669772102726,0.511378177574703,0.9991737008094788,0.9667432506879178,0.5095001345589052,0.9978649020195007,59.78090766823161,0
952,0.9228384069034034,0.2932973759514945,0.9993013739585876,0.9962912883077353,0.313062301703862,0.9927269220352173,0.9275080221039911,0.5113747928823745,0.9991810917854309,0.966880857944489,0.5094891488552096,0.9978811740875244,59.78090766823161,0
953,0.9228265881538393,0.2934169641562871,0.9993125200271606,0.9963332457201829,0.3132196579660691,0.9928090572357178,0.9275451600551609,0.5113299446446555,0.9992015957832336,0.9670218527317053,0.5094505803925654,0.9979215264320374,59.78090766823161,0
954,0.922836439950126,0.29346158249037607,0.9993163347244263,0.9963950869582959,0.3134657045205437,0.992849588394165,0.9275783910637815,0.511243632861546,0.9992110133171082,0.9671662350495664,0.5093844291709724,0.9979410171508789,59.78090766823161,0
