frame_id,left_shoulder_x,left_shoulder_y,left_shoulder_visibility,right_shoulder_x,right_shoulder_y,right_shoulder_visibility,left_hip_x,left_hip_y,left_hip_visibility,right_hip_x,right_hip_y,right_hip_visibility,fps,low_visibility
0,0.4532932043075563,0.5860694646835328,0.0,0.4696092605590824,0.5848801732063296,0.0,0.544540524482727,0.5583184957504275,0.0,0.5572760105133059,0.571207344532013,0.0,59.91589016244743,1
1,0.45329320430755643,0.5860694646835329,0.0,0.4696092605590824,0.5848801732063296,0.0,0.5445405244827272,0.5583184957504275,0.0,0.5572760105133059,0.5712073445320129,0.0,59.91589016244743,1
2,0.4532932043075565,0.586069464683533,0.0,0.4696092605590824,0.5848801732063297,0.0,0.5445405244827272,0.5583184957504276,0.0,0.5572760105133059,0.5712073445320129,0.0,59.91589016244743,1
3,0.45329320430755654,0.5860694646835332,0.0,0.46960926055908236,0.5848801732063298,0.0,0.5445405244827275,0.5583184957504277,0.0,0.5572760105133061,0.5712073445320134,0.0,59.91589016244743,1
4,0.45329320430755654,0.5860694646835332,0.0,0.46960926055908236,0.5848801732063298,0.0,0.5445405244827275,0.5583184957504277,0.0,0.5572760105133061,0.5712073445320134,0.0,59.91589016244743,1
5,0.45329320430755654,0.5860694646835332,0.0,0.46960926055908236,0.5848801732063298,0.0,0.5445405244827275,0.5583184957504277,0.0,0.5572760105133061,0.5712073445320134,0.0,59.91589016244743,1
6,0.45329320430755654,0.5860694646835332,0.0,0.46960926055908236,0.5848801732063298,0.0,0.5445405244827275,0.5583184957504277,0.0,0.5572760105133061,0.5712073445320134,0.0,59.91589016244743,1
7,0.45329320430755654,0.5860694646835332,0.0,0.46960926055908236,0.5848801732063298,0.0,0.5445405244827275,0.5583184957504277,0.0,0.5572760105133061,0.5712073445320134,0.0,59.91589016244743,1
8,0.45329320430755654,0.5860694646835332,0.0,0.46960926055908236,0.5848801732063298,0.0,0.5445405244827275,0.5583184957504277,0.0,0.5572760105133061,0.5712073445320134,0.0,59.91589016244743,1
9,0.45329320430755654,0.5860694646835332,0.0,0.46960926055908236,0.5848801732063298,0.0,0.5445405244827275,0.5583184957504277,0.0,0.5572760105133061,0.5712073445320134,0.0,59.91589016244743,1
10,0.45329320430755654,0.5860694646835332,0.0,0.46960926055908236,0.5848801732063298,0.0,0.5445405244827275,0.5583184957504277,0.0,0.5572760105133061,0.5712073445320134,0.0,59.91589016244743,1
11,0.45329320430755654,0.5860694646835332,0.0,0.46960926055908236,0.5848801732063298,0.0,0.5445405244827275,0.5583184957504277,0.0,0.5572760105133061,0.5712073445320134,0.0,59.91589016244743,1
12,0.45329320430755654,0.5860694646835332,0.0,0.46960926055908236,0.5848801732063298,0.0,0.5445405244827275,0.5583184957504277,0.0,0.5572760105133061,0.5712073445320134,0.0,59.91589016244743,1
13,0.45329320430755654,0.5860694646835332,0.0,0.46960926055908236,0.5848801732063298,0.0,0.5445405244827275,0.5583184957504277,0.0,0.5572760105133061,0.5712073445320134,0.0,59.91589016244743,1
14,0.45329320430755654,0.5860694646835332,0.0,0.46960926055908236,0.5848801732063298,0.0,0.5445405244827275,0.5583184957504277,0.0,0.5572760105133061,0.5712073445320134,0.0,59.91589016244743,1
15,0.45329320430755654,0.5860694646835332,0.0,0.46960926055908236,0.5848801732063298,0.0,0.5445405244827275,0.5583184957504277,0.0,0.5572760105133061,0.5712073445320134,0.0,59.91589016244743,1
16,0.45329320430755654,0.5860694646835332,0.0,0.46960926055908236,0.5848801732063298,0.0,0.5445405244827275,0.5583184957504277,0.0,0.5572760105133061,0.5712073445320134,0.0,59.91589016244743,1
17,0.45329320430755654,0.5860694646835332,0.0,0.46960926055908236,0.5848801732063298,0.0,0.5445405244827275,0.5583184957504277,0.0,0.5572760105133061,0.5712073445320134,0.0,59.91589016244743,1
18,0.45329320430755654,0.5860694646835332,0.0,0.46960926055908236,0.5848801732063298,0.0,0.5445405244827275,0.5583184957504277,0.0,0.5572760105133061,0.5712073445320134,0.0,59.91589016244743,1
19,0.45329320430755654,0.5860694646835332,0.0,0.46960926055908236,0.5848801732063298,0.0,0.5445405244827275,0.5583184957504277,0.0,0.5572760105133061,0.5712073445320134,0.0,59.91589016244743,1
20,0.45329320430755654,0.5860694646835332,0.0,0.46960926055908236,0.5848801732063298,0.0,0.5445405244827275,0.5583184957504277,0.0,0.5572760105133061,0.5712073445320134,0.0,59.91589016244743,1
21,0.45329320430755654,0.5860694646835332,0.0,0.46960926055908236,0.5848801732063298,0.0,0.5445405244827275,0.5583184957504277,0.0,0.5572760105133061,0.5712073445320134,0.0,59.91589016244743,1
22,0.45329320430755654,0.5860694646835332,0.0,0.46960926055908236,0.5848801732063298,0.0,0.5445405244827275,0.5583184957504277,0.0,0.5572760105133061,0.5712073445320134,0.0,59.91589016244743,1
23,0.45329320430755654,0.5860694646835332,0.0,0.46960926055908236,0.5848801732063298,0.0,0.5445405244827275,0.5583184957504277,0.0,0.5572760105133061,0.5712073445320134,0.0,59.91589016244743,1
24,0.45329320430755654,0.5860694646835332,0.0,0.46960926055908236,0.5848801732063298,0.0,0.5445405244827275,0.5583184957504277,0.0,0.5572760105133061,0.5712073445320134,0.0,59.91589016244743,1
25,0.45329320430755654,0.5860694646835332,0.0,0.46960926055908236,0.5848801732063298,0.0,0.5445405244827275,0.5583184957504277,0.0,0.5572760105133061,0.5712073445320134,0.0,59.91589016244743,1
26,0.45329320430755654,0.5860694646835332,0.0,0.46960926055908236,0.5848801732063298,0.0,0.5445405244827275,0.5583184957504277,0.0,0.5572760105133061,0.5712073445320134,0.0,59.91589016244743,1
27,0.45329320430755654,0.5860694646835332,0.0,0.46960926055908236,0.5848801732063298,0.0,0.5445405244827275,0.5583184957504277,0.0,0.5572760105133061,0.5712073445320134,0.0,59.91589016244743,1
28,0.45329320430755654,0.5860694646835332,0.0,0.46960926055908236,0.5848801732063298,0.0,0.5445405244827275,0.5583184957504277,0.0,0.5572760105133061,0.5712073445320134,0.0,59.91589016244743,1
29,0.45329320430755654,0.5860694646835332,0.0,0.46960926055908236,0.5848801732063298,0.0,0.5445405244827275,0.5583184957504277,0.0,0.5572760105133061,0.5712073445320134,0.0,59.91589016244743,1
30,0.45329320430755654,0.5860694646835332,0.0,0.46960926055908236,0.5848801732063298,0.0,0.5445405244827275,0.5583184957504277,0.0,0.5572760105133061,0.5712073445320134,0.0,59.91589016244743,1
31,0.45329320430755654,0.5860694646835332,0.0,0.46960926055908236,0.5848801732063298,0.0,0.5445405244827275,0.5583184957504277,0.0,0.5572760105133061,0.5712073445320134,0.0,59.91589016244743,1
32,0.45329320430755654,0.5860694646835332,0.0,0.46960926055908236,0.5848801732063298,0.0,0.5445405244827275,0.5583184957504277,0.0,0.5572760105133061,0.5712073445320134,0.0,59.91589016244743,1
33,0.45329320430755654,0.5860694646835332,0.0,0.46960926055908236,0.5848801732063298,0.0,0.5445405244827275,0.5583184957504277,0.0,0.5572760105133061,0.5712073445320134,0.0,59.91589016244743,1
34,0.45329320430755654,0.5860694646835332,0.0,0.46960926055908236,0.5848801732063298,0.0,0.5445405244827275,0.5583184957504277,0.0,0.5572760105133061,0.5712073445320134,0.0,59.91589016244743,1
35,0.45329320430755654,0.5860694646835332,0.0,0.46960926055908236,0.5848801732063298,0.0,0.5445405244827275,0.5583184957504277,0.0,0.5572760105133061,0.5712073445320134,0.0,59.91589016244743,1
36,0.45329320430755654,0.5860694646835332,0.0,0.46960926055908236,0.5848801732063298,0.0,0.5445405244827275,0.5583184957504277,0.0,0.5572760105133061,0.5712073445320134,0.0,59.91589016244743,1
37,0.45329320430755654,0.5860694646835332,0.0,0.46960926055908236,0.5848801732063298,0.0,0.5445405244827275,0.5583184957504277,0.0,0.5572760105133061,0.5712073445320134,0.0,59.91589016244743,1
38,0.45329320430755654,0.5860694646835332,0.0,0.46960926055908236,0.5848801732063298,0.0,0.5445405244827275,0.5583184957504277,0.0,0.5572760105133061,0.5712073445320134,0.0,59.91589016244743,1
39,0.45329320430755654,0.5860694646835332,0.0,0.46960926055908236,0.5848801732063298,0.0,0.5445405244827275,0.5583184957504277,0.0,0.5572760105133061,0.5712073445320134,0.0,59.91589016244743,1
40,0.45329320430755654,0.5860694646835332,0.0,0.46960926055908236,0.5848801732063298,0.0,0.5445405244827275,0.5583184957504277,0.0,0.5572760105133061,0.5712073445320134,0.0,59.91589016244743,1
41,0.45329320430755654,0.5860694646835332,0.0,0.46960926055908236,0.5848801732063298,0.0,0.5445405244827275,0.5583184957504277,0.0,0.5572760105133061,0.5712073445320134,0.0,59.91589016244743,1
42,0.4531752154940655,0.5861713886260991,0.0,0.46966252724329666,0.5854696063768301,0.0,0.5445467460723155,0.5583367688315259,0.0,0.5575780641464965,0.5716481748081393,0.0,59.91589016244743,1
43,0.4532802388781597,0.5860172538530264,0.0,0.469609679210754,0.5846859386989053,0.0,0.5445386852536886,0.558302501837413,0.0,0.5571451925096063,0.571054787862869,0.0,59.91589016244743,1
44,0.45373542961620184,0.5857127025013883,0.9997743964195251,0.4694008742059984,0.5829346038046341,0.9981173276901245,0.5445211671647576,0.5582072706449603,0.9993651509284973,0.5561920801798508,0.5696796462649395,0.999187171459198,59.91589016244743,0
45,0.45437505841255227,0.5853193118458707,0.9996231198310852,0.46905605282102353,0.5803717090969999,0.9976922869682312,0.5446477901367919,0.5582270650636587,0.996346116065979,0.5550873478253686,0.5679382170949668,0.9970248341560364,59.91589016244743,0
46,0.4549803222928732,0.5850772658983872,0.9993721842765808,0.4689613083998366,0.5776655532064896,0.9970460534095764,0.5443705519040429,0.5584267548152383,0.992508053779602,0.5542355179786687,0.5663086431367061,0.9945294857025146,59.91589016244743,0
47,0.4554209765933812,0.5849190013749264,0.9992778897285461,0.46920985976855,0.5757063258261912,0.996555745601654,0.5437943310964679,0.5585891434124542,0.9905105233192444,0.5538868222917834,0.5648436205727718,0.9925378561019897,59.91589016244743,0
48,0.4554954185372311,0.5852837250346234,0.9991422295570374,0.46945729425975297,0.5756547138804485,0.9963201880455017,0.5433762811479119,0.5585663119951889,0.9894481301307678,0.553852620578948,0.5640970156306317,0.9922173619270325,59.91589016244743,0
49,0.4555040214742937,0.5859867022151044,0.9991713762283325,0.46944107044310834,0.5753102330934439,0.9964474439620972,0.5432219363394242,0.5583254269191201,0.9886254668235779,0.5533254572323395,0.5628935581161867,0.9912247657775879,59.91589016244743,0
50,0.45555676448912885,0.586933675266448,0.9991765022277832,0.46888733761651213,0.5752183227312002,0.9964353442192078,0.5435663944198976,0.558038038866861,0.9889674186706543,0.5524771582512633,0.5616171728997008,0.9913104772567749,59.91589016244743,0
51,0.45557815120333756,0.5878341907546638,0.9992019534111023,0.4679521790572579,0.5745140172186356,0.9965738654136658,0.5443408120246165,0.5579229082380027,0.9891231656074524,0.5515834689140324,0.5601546594074799,0.9912390112876892,59.91589016244743,0
52,0.45553850276129626,0.5885562187149416,0.9991371035575867,0.46725185996010227,0.5733463877723335,0.9965641498565674,0.5448684380168011,0.5580127125694643,0.9895458221435547,0.5510361762273883,0.5588702332405822,0.9915757775306702,59.91589016244743,0
53,0.4555535515149438,0.5890048430079511,0.9991011023521423,0.46700535076005156,0.5712833518073677,0.9965415596961975,0.544901984078544,0.5583271753220336,0.9897322654724121,0.5509296258290614,0.5573775030317765,0.9914987087249756,59.91589016244743,0
54,0.4555970941271104,0.5892664449555538,0.9990899562835693,0.4668906912917186,0.5695778216634483,0.9965386986732483,0.5450122384797963,0.5583600004514063,0.9897854924201965,0.5508318486667819,0.556013595490229,0.9914054274559021,59.91589016244743,0
55,0.4557066261768345,0.5894440185456054,0.9990844130516052,0.4670189023017887,0.5680347170148581,0.9966835975646973,0.545167914458684,0.5581725835800175,0.9903053045272827,0.5509642816725235,0.5552075278191344,0.9918573498725891,59.91589016244743,0
56,0.4559679726759596,0.5894933342933659,0.9990538954734802,0.4667781236625857,0.5672849416732793,0.9966390132904053,0.5459135146368121,0.5581744455155877,0.9900815486907959,0.5510696030798417,0.5549504955609643,0.9916048645973206,59.91589016244743,0
57,0.4562683275767739,0.5895018066678733,0.998953640460968,0.4660835010664808,0.5669997135798142,0.9962652325630188,0.5470350668543865,0.5584382301285158,0.990399181842804,0.550937910874685,0.5549302612032214,0.9914681911468506,59.91589016244743,0
58,0.4566230234645665,0.589521019231706,0.998845100402832,0.46524347861607906,0.5672042965888981,0.9958635568618774,0.5481704672177636,0.5589489738146468,0.9907021522521973,0.550650712989626,0.5552060149964837,0.9912680983543396,59.91589016244743,0
59,0.45695594520795946,0.5897376281874525,0.9988284707069397,0.46451958020528195,0.567039495422727,0.9957726001739502,0.54877572684061,0.559848478862218,0.9911606311798096,0.5503298072587881,0.5553908717064635,0.9914073944091797,59.91589016244743,0
60,0.45715365381467943,0.5898979675202147,0.9987838268280029,0.4641438750993641,0.5671289080665229,0.9957408308982849,0.5489987787746252,0.5605034061840607,0.9907904863357544,0.5500485017186124,0.5555492298943661,0.9905077219009399,59.91589016244743,0
61,0.45722714066505465,0.5899360548882262,0.9987642168998718,0.46433487676438867,0.5670937697092696,0.9956013560295105,0.5487828339849203,0.5608376718702774,0.990715742111206,0.5499252904029124,0.5559404832976209,0.9901539087295532,59.91589016244743,0
62,0.4572614119166423,0.5898755987485255,0.9987236857414246,0.4646432910646715,0.5670488930883866,0.9952791929244995,0.5486186061586658,0.5610231899079827,0.9910295009613037,0.5499662075723926,0.5564349605923612,0.9903725385665894,59.91589016244743,0
63,0.4572139510086608,0.589822425728753,0.9986648559570312,0.4648577627681554,0.5670223463149302,0.9947559833526611,0.5485468024299263,0.5610853575524835,0.9914183020591736,0.549945970376333,0.556921589942206,0.9905441403388977,59.91589016244743,0
64,0.4571625363259092,0.5897665023803715,0.9986696243286133,0.46498322061130015,0.5670551430611388,0.9944958686828613,0.5484973986943567,0.5610047011148367,0.9916315674781799,0.5498333800406687,0.5572437076341543,0.9904837608337402,59.91589016244743,0
65,0.45709596645264433,0.5897762519972669,0.9987244606018066,0.4649645572616944,0.5670863134520399,0.9945534467697144,0.5484706220172705,0.5610331382070274,0.9917840957641602,0.5496396848133637,0.5573387543360397,0.99037766456604,59.91589016244743,0
66,0.4570170073282155,0.5899152982802622,0.9987483620643616,0.465015808741252,0.5671725897561941,0.9945018291473389,0.5484482362156827,0.5612527359099619,0.991625189781189,0.5494475336301899,0.5573386010669532,0.989921510219574,59.91589016244743,0
67,0.45694028479712384,0.5901006318274004,0.9987726807594299,0.4651994364602229,0.5673225578807654,0.9944015145301819,0.5484230120976771,0.5617199568521414,0.9914618134498596,0.5493178651446392,0.557627223786854,0.9894219040870667,59.91589016244743,0
68,0.4568917041733155,0.590285806428819,0.9988182783126831,0.4655562866301767,0.567519102777754,0.9944717884063721,0.5483886003494267,0.5623121999558953,0.991260826587677,0.5492759460494636,0.5580545748983116,0.9889836311340332,59.91589016244743,0
69,0.4568853662127544,0.5904063923018323,0.9988667964935303,0.4659750830559507,0.5678155649276011,0.99458247423172,0.5483573419707166,0.5629429079237442,0.99125736951828,0.5492742827960428,0.5585675154413501,0.9887970089912415,59.91589016244743,0
70,0.4568852044287186,0.5904072494733905,0.9989143013954163,0.4663845187141786,0.5680994817188812,0.9946703910827637,0.5483380925087706,0.5633457359813513,0.9914775490760803,0.5493292496317914,0.5589641077177869,0.9888691902160645,59.91589016244743,0
71,0.45690198597453924,0.5903744584038149,0.9989461302757263,0.46663991752125006,0.5681850001925519,0.9946644902229309,0.5483968768801013,0.5636049906412766,0.9917050004005432,0.5494164994784768,0.5592470992179148,0.9888859391212463,59.91589016244743,0
72,0.45693102620896875,0.5903437960715525,0.9989790916442871,0.4667845439343229,0.5683230303582696,0.9946706295013428,0.5485238234202072,0.5637486435118181,0.9920663833618164,0.5495359046118604,0.5594247125443963,0.9891586303710938,59.91589016244743,0
73,0.45696334611801914,0.5903101166089381,0.9990226030349731,0.46671472560791777,0.5686566176868625,0.9947827458381653,0.5486997905231662,0.563818942932856,0.9925037622451782,0.5496368833950591,0.5596112637292775,0.989617109298706,59.91589016244743,0
74,0.45704996018182703,0.5902441938718165,0.9990773797035217,0.46657777542159706,0.5692270965803242,0.9950136542320251,0.5489511802082974,0.5638135529699784,0.9929208755493164,0.5497181216875717,0.5597720969290965,0.9901083111763,59.91589016244743,0
75,0.4572388473011202,0.5901462833086655,0.999110758304596,0.4663652210008534,0.569826069332305,0.9951557517051697,0.5491877879415243,0.563818162395841,0.9932299852371216,0.5496988154592972,0.5600038624945145,0.990427553653717,59.91589016244743,0
76,0.4575146195434392,0.590031572750637,0.9991222023963928,0.46620106129419275,0.5702432507560371,0.9952507019042969,0.5493416332063226,0.5637785678818117,0.9934086203575134,0.5496480635234293,0.5602547185761593,0.990568995475769,59.91589016244743,0
77,0.4577732086181644,0.5899163115592234,0.9991067051887512,0.46609580942562684,0.5704892618315565,0.995235025882721,0.5493964865094144,0.5637513966787433,0.9935941696166992,0.549587848640624,0.5605963326635819,0.9907464981079102,59.91589016244743,0
78,0.4580104649066929,0.5898026284717383,0.999080240726471,0.4659948391573774,0.5710476920718244,0.9952056407928467,0.5494192469687693,0.5637628067107432,0.993779718875885,0.549533137253353,0.561083472910382,0.9909791946411133,59.91589016244743,0
79,0.4581644449915208,0.5897285001618526,0.9990860819816589,0.4656261361780625,0.5716712616738824,0.9953287839889526,0.5494657669748584,0.5638983249664311,0.9939924478530884,0.5494296125003275,0.5615618881725134,0.9912198185920715,59.91589016244743,0
80,0.4582841963995074,0.5896769790422354,0.9990755319595337,0.46508595205488695,0.5722420243989859,0.9953975081443787,0.5496560136477158,0.5642297353063316,0.9941810965538025,0.5492875320570814,0.562000019209726,0.9913959503173828,59.91589016244743,0
81,0.4583910306294763,0.5896593105225341,0.9990322589874268,0.4645102875573298,0.5725604806627551,0.9953587055206299,0.5498773796217786,0.5647114231472927,0.99442458152771,0.5491035523868746,0.5624418968246101,0.9916335940361023,59.91589016244743,0
82,0.45849194555055567,0.5896695057551071,0.9989795684814453,0.4640660967145651,0.5726049230212262,0.9952588081359863,0.550093838146755,0.5652478990100683,0.9946008324623108,0.5489557357061481,0.5629000181243538,0.9917892217636108,59.91589016244743,0
83,0.4585270952610746,0.5896754605429517,0.998948335647583,0.4638774394989017,0.5721273876371842,0.9952011108398438,0.55022140343984,0.5657802848588858,0.9948134422302246,0.5488954385121667,0.563295389924731,0.9920106530189514,59.91589016244743,0
84,0.45855988774980855,0.5896867229824979,0.9989117980003357,0.46389778171266866,0.5715233768735618,0.9951368570327759,0.5503000191279824,0.5661949884323851,0.9950135946273804,0.5488959550857548,0.5636047976357601,0.9922023415565491,59.91589016244743,0
85,0.4585773817130501,0.5897003951526829,0.9988519549369812,0.4639381439912891,0.570785278365726,0.9949658513069153,0.5502146482467656,0.5664867474919278,0.9951868653297424,0.5488421576363705,0.5637110102744334,0.9923332929611206,59.91589016244743,0
86,0.45859467841330065,0.5897152281942826,0.9987921714782715,0.4640034564903808,0.5701468246323727,0.9948244094848633,0.5500466142381946,0.5667194525400802,0.9953032732009888,0.5487383660816015,0.5637294877143137,0.9923765063285828,59.91589016244743,0
87,0.45860093122436923,0.589740980239142,0.998729944229126,0.4639804604507632,0.5697039763132736,0.9946600198745728,0.5498286741120479,0.5668935718990512,0.9954291582107544,0.5485835784957527,0.5637262122971676,0.9924923181533813,59.91589016244743,0
88,0.45861309908685266,0.5897641948291239,0.9986941814422607,0.46388612616629865,0.5695943463416331,0.9944648146629333,0.5496635266712737,0.567012761320387,0.9955644607543945,0.5484578950064527,0.5637891860235309,0.9925991296768188,59.91589016244743,0
89,0.4586346546808882,0.5897694315229148,0.9986830949783325,0.4636998460406353,0.5693764601434985,0.9941990971565247,0.5495834776333405,0.567120770613353,0.9957154989242554,0.5483673356828239,0.5638505163646883,0.9927091002464294,59.91589016244743,0
90,0.4586851412341712,0.5897114276885991,0.9986861348152161,0.46347922228631555,0.5691902722631187,0.9939445853233337,0.5496217409769699,0.5671569988841108,0.9958837032318115,0.5483116990044008,0.5638877493994581,0.9928774237632751,59.91589016244743,0
91,0.4587425305729824,0.5895579599198846,0.9986816048622131,0.4633069620245983,0.5690749032156812,0.9937512278556824,0.5495840935480032,0.5670843408221294,0.9960145950317383,0.5482595931916014,0.563887979303088,0.9930158853530884,59.91589016244743,0
92,0.45878682250068337,0.5893586221195408,0.998673677444458,0.4632527487618586,0.5691492841357281,0.9936190843582153,0.5494943062464401,0.5668167784100492,0.996166467666626,0.5482427534602942,0.5638915782883058,0.9931981563568115,59.91589016244743,0
93,0.4588087825548085,0.5891530173165462,0.9986522793769836,0.4632166879517695,0.5692948585464845,0.9934722781181335,0.5493792125156951,0.5664484557651343,0.9962805509567261,0.5482305061249511,0.5639040952637087,0.9933380484580994,59.91589016244743,0
94,0.4588186315127785,0.5889693640527276,0.9986646175384521,0.4632094275383726,0.5694784436907092,0.9934445023536682,0.5492839330718635,0.5660520621708466,0.9964084029197693,0.54823606922513,0.563827426660629,0.9934990406036377,59.91589016244743,0
95,0.4588170690195905,0.5888563224247528,0.998667299747467,0.46318883839107733,0.5696868044989454,0.9933443069458008,0.5491941145488198,0.5656141723905296,0.996517539024353,0.5482432643572493,0.5636875856490366,0.9936158657073975,59.91589016244743,0
96,0.45881246385120245,0.5887884781474164,0.9986550807952881,0.46320182510784735,0.5698900364694146,0.9932636022567749,0.5491568304243546,0.565193062736875,0.9965322613716125,0.5482850018001743,0.5635454314095638,0.9935790300369263,59.91589016244743,0
97,0.45879647277650415,0.5887498628525512,0.9986387491226196,0.46324742833773336,0.5700222055117294,0.9931963086128235,0.5491090587207254,0.56478496392568,0.9965546131134033,0.5483412856147407,0.5634143097060071,0.9935557246208191,59.91589016244743,0
98,0.458775490522385,0.5887576398395362,0.9986633062362671,0.4633278931890219,0.5701657278197156,0.9932307600975037,0.5490663051605229,0.5643378013656257,0.9966445565223694,0.5484296253749307,0.563301299299513,0.9936525225639343,59.91589016244743,0
99,0.4587538880961286,0.5887852112452194,0.9986796379089355,0.46340805292129555,0.5702394729568849,0.9932712912559509,0.5490319955916636,0.5640038535708477,0.9966908097267151,0.5485199661481952,0.563259825820015,0.9936871528625488,59.91589016244743,0
100,0.45873056706928106,0.5888049545742221,0.9986922740936279,0.4634843752497722,0.5701631676583068,0.9933068156242371,0.5490038536843804,0.5638299754687722,0.996749997138977,0.5486061771710717,0.5631965200106308,0.9937359094619751,59.91589016244743,0
101,0.45870704310280974,0.5888288844199412,0.9987214207649231,0.4635601966154011,0.5700490786915738,0.9933695793151855,0.5489550715401064,0.5637421352522718,0.996810257434845,0.5486858941259843,0.5631511012713118,0.9937880039215088,59.91589016244743,0
102,0.45869024594624874,0.5888203183809921,0.998734712600708,0.4636278322764809,0.569954857939766,0.9933614730834961,0.5489142508733844,0.5637412213143853,0.9968446493148804,0.5487669053531833,0.5631913627896995,0.9938055276870728,59.91589016244743,0
103,0.45868269176710263,0.5887769574210762,0.998733401298523,0.46366105335099395,0.5699011541548233,0.9934038519859314,0.5488794956888476,0.5637737654504327,0.9968214631080627,0.5488133572396783,0.5632567944980809,0.993746280670166,59.91589016244743,0
104,0.45868746865363386,0.5886916489828204,0.9987450838088989,0.46367112369764457,0.569855650266012,0.9934048652648926,0.548858727727618,0.5637776709738236,0.9968571066856384,0.54884627035686,0.5633124737512503,0.9937949776649475,59.91589016244743,0
105,0.4586893944513234,0.5886010697909769,0.998771607875824,0.463637525127048,0.5700193955784757,0.9935652613639832,0.5488417489188062,0.5637159120468871,0.9969181418418884,0.548852384090424,0.5633740254810884,0.9939059615135193,59.91589016244743,0
106,0.45871605049996184,0.5885394045284822,0.9987988471984863,0.4636443328289762,0.5703178190049676,0.9937207102775574,0.5488313124293378,0.5635652911095397,0.9969534277915955,0.5488488674163823,0.5633391766321096,0.9939971566200256,59.91589016244743,0
107,0.4587524448122301,0.5885236972854255,0.9988248348236084,0.4636718786898117,0.570687836124784,0.993880569934845,0.5488069767043708,0.5633369627453036,0.996989369392395,0.5488321497326809,0.5632080464136038,0.9941088557243347,59.91589016244743,0
108,0.458800574143728,0.5885529007230491,0.9988542199134827,0.4637422135898049,0.5710918477603373,0.9940841794013977,0.548875022502173,0.5632648808615552,0.9969854354858398,0.5488619775999164,0.5631181484177004,0.9941666126251221,59.91589016244743,0
109,0.4588445410841991,0.5885964972632276,0.9988948106765747,0.4638483680429917,0.5714035346394498,0.9942970871925354,0.5490302358354846,0.5633650762694227,0.9969716668128967,0.5489526107197721,0.5631235014824645,0.9942163825035095,59.91589016244743,0
110,0.45886773012933313,0.588716118108659,0.9989359974861145,0.46396575655256034,0.5714943465732397,0.9944817423820496,0.5492397461618701,0.5636886812391739,0.9969918727874756,0.5490919323194599,0.5632605439140688,0.9942846298217773,59.91589016244743,0
111,0.4588688668750585,0.5888615647951767,0.9989694356918335,0.4640169214634672,0.5716037948926295,0.9945819973945618,0.5494732317470373,0.5642502222742358,0.9970185160636902,0.5492454455012372,0.5636116010802137,0.9943419694900513,59.91589016244743,0
112,0.45888209201040764,0.5889923969904587,0.9989873766899109,0.4640282548609238,0.5716767055647718,0.9946096539497375,0.5496668191183185,0.5648656146866939,0.9969559907913208,0.5493531482560299,0.5639602683839349,0.9942348599433899,59.91589016244743,0
113,0.4588949637753627,0.5890774982316158,0.9989930987358093,0.46396929025650063,0.5717262228329981,0.9945761561393738,0.549776517209553,0.565423326832908,0.996904730796814,0.5493906906672891,0.5642536992118476,0.9941462278366089,59.91589016244743,0
114,0.4589145282904311,0.5891253125099913,0.9990234375,0.463941057523092,0.5718368575686505,0.9946932792663574,0.5498631142434625,0.5659502943356837,0.9968836307525635,0.549460175491515,0.5645165670485728,0.9941401481628418,59.91589016244743,0
115,0.4589298424266637,0.5891222215834123,0.9990588426589966,0.464042357036046,0.572081429617746,0.9948550462722778,0.5499169940040229,0.5662895157223661,0.9968796968460083,0.54964311066128,0.5648657253810342,0.994130551815033,59.91589016244743,0
116,0.4589437629495352,0.5891610838118059,0.9990913271903992,0.46434732987767213,0.5724069674809779,0.9950026869773865,0.5499654412269597,0.5665427446365361,0.9968839287757874,0.549935604844775,0.5653012054307125,0.9941443204879761,59.91589016244743,0
117,0.45897284433955277,0.5892044532866709,0.9991152882575989,0.4648921844505132,0.572777853125618,0.9950500726699829,0.5500315626462304,0.5668366948763534,0.9968671202659607,0.5503207303228836,0.5659531127838866,0.9941307902336121,59.91589016244743,0
118,0.4590044816335046,0.5892119464420142,0.9991403222084045,0.46552415121169355,0.573076412791298,0.9951024651527405,0.5500862257821224,0.5670388255800525,0.9968839287757874,0.5507155145917624,0.566568737938291,0.9941520690917969,59.91589016244743,0
119,0.4590368441173013,0.58921020655405,0.9991685748100281,0.46602409936132927,0.5732525132951287,0.9951392412185669,0.5501631838934766,0.5672653147152497,0.9969221353530884,0.5510047872861231,0.5670275375956586,0.9942067861557007,59.91589016244743,0
120,0.4590609783218024,0.5891933724993756,0.9991828203201294,0.4662976534593677,0.5733097564606444,0.9951287508010864,0.550219677743458,0.567528835364751,0.9969276785850525,0.5511772632598881,0.5672930564199179,0.9941935539245605,59.91589016244743,0
121,0.45906934142112765,0.5891876050404145,0.9992062449455261,0.46638367999167707,0.5733449402309604,0.9951486587524414,0.550262014071147,0.5678569447426574,0.996970534324646,0.5512606671878274,0.5674844838324051,0.9942700862884521,59.91589016244743,0
122,0.4590729971726739,0.5892647731871836,0.9992285966873169,0.4662929744947528,0.5732659754298987,0.9951961636543274,0.550318959213439,0.5682271122932439,0.9970119595527649,0.5512544001851768,0.5675712256204519,0.994348406791687,59.91589016244743,0
123,0.45906602201007696,0.5894068593070625,0.9992513656616211,0.4662038783232375,0.5731932350567414,0.9951832294464111,0.5503777066866562,0.568599729310899,0.9970874190330505,0.5512251257896428,0.5676763426689879,0.9944495558738708,59.91589016244743,0
124,0.4590082764625553,0.5895658589544754,0.999268114566803,0.4661259168670294,0.572812139987946,0.995283842086792,0.5504309279578077,0.5688864560354328,0.9971344470977783,0.5512123391741802,0.5677214832532977,0.994509220123291,59.91589016244743,0
125,0.4588874479134881,0.5896953486260919,0.9992896914482117,0.4660630098411018,0.5722154492423652,0.9953595399856567,0.5504525616055448,0.569109249682654,0.9971924424171448,0.5511971201215475,0.5677085064706353,0.9945828914642334,59.91589016244743,0
126,0.45872922312645725,0.589687844117483,0.9993062019348145,0.46600501452173543,0.5716219714709695,0.9954431653022766,0.5504486333756224,0.5692649001166938,0.9972653985023499,0.5511861528669089,0.5676780655270536,0.9946755170822144,59.91589016244743,0
127,0.4585841652892888,0.5894980373836703,0.9993151426315308,0.46597972937992677,0.5711885520390106,0.9954429268836975,0.550387995583671,0.5693866298312238,0.9973220825195312,0.5511573865300138,0.5676743217876984,0.9947829842567444,59.91589016244743,0
128,0.45848510378883034,0.5891880421411428,0.9993137717247009,0.46592076619466183,0.5709663714681358,0.995446503162384,0.5502090425718402,0.5693911910057072,0.9973378777503967,0.5510728898502536,0.5676443434896927,0.9948176145553589,59.91589016244743,0
129,0.4584325708094101,0.5888405839602158,0.9993115067481995,0.46586377138183266,0.5710712075233464,0.9954578876495361,0.5499307059106378,0.5693041852542337,0.9973244667053223,0.5509502774193178,0.5676036477088933,0.9948481321334839,59.91589016244743,0
130,0.4583788528328854,0.5885708104996459,0.9993027448654175,0.46583404427483005,0.5710932356970655,0.9955106973648071,0.5496276361601697,0.5691998487427126,0.9972479939460754,0.5508315137454446,0.5675600909051446,0.9948219060897827,59.91589016244743,0
131,0.45828936497370437,0.5884105705079583,0.9992944002151489,0.4658246693157018,0.570978144804637,0.9954960942268372,0.549360641411373,0.5690967951502124,0.997222900390625,0.5507410452479412,0.5675057257924765,0.9948445558547974,59.91589016244743,0
132,0.4581665566989358,0.5884209332012,0.9992803931236267,0.4658183583191467,0.5707400753384548,0.9954371452331543,0.5492360478355776,0.5691584405444923,0.9971761703491211,0.5507197209766937,0.5675208653722494,0.9948240518569946,59.91589016244743,0
133,0.45804984938530735,0.588540755567097,0.9992708563804626,0.46574256249836554,0.5704594651858017,0.9953582286834717,0.5492526888847356,0.5693674995785672,0.9971575140953064,0.5507314744449802,0.5676301263627557,0.9948235750198364,59.91589016244743,0
134,0.4579636028834756,0.5886663453919552,0.9992510080337524,0.46561805691037894,0.5702723066012069,0.9951795339584351,0.5493790649232415,0.5695635506084992,0.9971049427986145,0.5507440339951293,0.5678008085205446,0.9947414398193359,59.91589016244743,0
135,0.4579261214960193,0.5886950521242056,0.9992413520812988,0.4654869295301895,0.569969699496315,0.9951215982437134,0.5495851721082419,0.5698583722114567,0.9970922470092773,0.5507483368828188,0.5680158024742494,0.9946973919868469,59.91589016244743,0
136,0.45792276944432975,0.5886086537724454,0.9992322325706482,0.46542362372080526,0.5693763891855881,0.9950849413871765,0.5498502140953432,0.5701352811995011,0.9970915913581848,0.5508248437018626,0.5682351163455424,0.9946625828742981,59.91589016244743,0
137,0.4579320777030222,0.5884297348204117,0.9992077946662903,0.4653331027144481,0.5686588940166297,0.9949772357940674,0.550122630028498,0.5703144300551646,0.9971287250518799,0.5509080319177542,0.5683714463597257,0.9946831464767456,59.91589016244743,0
138,0.45794032726969075,0.5882721798760555,0.9991751313209534,0.4652492333026163,0.567898103169033,0.9948606491088867,0.5503552328972594,0.5705267957278666,0.9971678853034973,0.5509846380778726,0.5685323987688342,0.9946557283401489,59.91589016244743,0
139,0.45794165702093254,0.5882150246983487,0.9990957975387573,0.4651351258868267,0.5671516600109286,0.9946343898773193,0.5504723361560281,0.5707927402995886,0.9971058964729309,0.5510267530168811,0.5686676473844623,0.9944756627082825,59.91589016244743,0
140,0.45794678302038316,0.5882477817081275,0.9990381598472595,0.46501808649017734,0.566584476402828,0.9943808913230896,0.5505838621230357,0.5711224760328025,0.9971099495887756,0.5510164130301707,0.5687613771075299,0.99440997838974,59.91589016244743,0
141,0.4579825301965082,0.5882868000439241,0.9989874362945557,0.4649115247385846,0.5661122770536517,0.9941682815551758,0.5507431711469382,0.5716126447632204,0.9969961643218994,0.5510044921012156,0.5690433155922667,0.9941980242729187,59.91589016244743,0
142,0.4580542118776416,0.5883205277579175,0.9989615678787231,0.46499754133678656,0.5657069768224448,0.9939615726470947,0.551003842126756,0.5720602784838,0.9969239830970764,0.5511184874035068,0.5694112891242622,0.9940212965011597,59.91589016244743,0
143,0.4581615555854075,0.5883347846212845,0.9989511966705322,0.4651334129628685,0.565591809295473,0.9938609600067139,0.55132311866397,0.5723279714584355,0.9968676567077637,0.5512705104691646,0.5697481944447477,0.9939003586769104,59.91589016244743,0
144,0.45833751985005006,0.5883064270019536,0.998947262763977,0.4652750946226578,0.5658009307725094,0.993757426738739,0.5516983299028311,0.5724136148180285,0.9967979788780212,0.5514149382000882,0.5700362835611621,0.9937474131584167,59.91589016244743,0
145,0.4585831222080053,0.5882838027817867,0.9989404082298279,0.46538239575567736,0.5661648483503436,0.9938153028488159,0.5520580155508863,0.5723860150291811,0.9966300129890442,0.5515126245362423,0.5701518285842173,0.9935635924339294,59.91589016244743,0
146,0.4588392930371424,0.5882497713679364,0.9989410042762756,0.46537226154690736,0.5665273098718557,0.9937798976898193,0.5523962775866195,0.572287812119439,0.9965065121650696,0.5515357880365286,0.5700358237539024,0.9933903813362122,59.91589016244743,0
147,0.4591283329895568,0.5882223191715428,0.9989402890205383,0.46539234831219667,0.5668573351133442,0.9937864542007446,0.552665199552264,0.5721314208848141,0.9963624477386475,0.551539662338439,0.5699481878961841,0.9931328892707825,59.91589016244743,0
148,0.4593910660062521,0.5881934449786237,0.9989593625068665,0.4656300331865042,0.5670398587272285,0.9938521981239319,0.5528328163283216,0.57195885692324,0.9963706135749817,0.5515748631386534,0.5698818677947639,0.9930977821350098,59.91589016244743,0
149,0.45958092950639307,0.5881398660796034,0.9989815354347229,0.4659632841746016,0.5671077257110964,0.9937652945518494,0.5528287149610978,0.5718014949844001,0.9964303374290466,0.5516179090454469,0.5698623174712776,0.9931561350822449,59.91589016244743,0
150,0.45971144522939444,0.5880468913487031,0.9989892244338989,0.466268584841774,0.5671471045130779,0.9936227202415466,0.5527470963341854,0.571711435204461,0.996501088142395,0.5516450802485153,0.5698759640966148,0.9932454228401184,59.91589016244743,0
151,0.45984401731264063,0.5879546347118565,0.9989764094352722,0.46643737668082863,0.5671944476309281,0.9933706521987915,0.5526837593033205,0.5716944053059537,0.9965227246284485,0.5516510009765629,0.5699150846118024,0.993277370929718,59.91589016244743,0
152,0.45994251114981555,0.5878498355547592,0.9989598393440247,0.46643466750780777,0.56719602289654,0.9932417273521423,0.5526343640827002,0.5715657188778835,0.9965424537658691,0.5516535923594524,0.5698953412827996,0.9932878017425537,59.91589016244743,0
153,0.46004623458499033,0.5877704989342467,0.9989754557609558,0.46645932538168805,0.5671853139286953,0.9931477308273315,0.5525696589833218,0.5712124279567178,0.9965928792953491,0.5516704122225449,0.5698505441347763,0.9933212995529175,59.91589016244743,0
154,0.46012014576367005,0.5876904470579969,0.9989944696426392,0.4665399250530065,0.5672999024391179,0.993069052696228,0.5525015564191913,0.5707296558788849,0.9966372847557068,0.5516977622395474,0.5698315472829915,0.993371844291687,59.91589016244743,0
155,0.4601450477327623,0.5876777257238119,0.9990280270576477,0.4666049821036206,0.5675156684148883,0.9931402802467346,0.5524122714996342,0.5702645750272847,0.9967483878135681,0.5517183371952606,0.5698400679088779,0.9935370683670044,59.91589016244743,0
156,0.46012992518288787,0.5876914603369581,0.999050498008728,0.4666358260881337,0.5677228740283425,0.9931538701057434,0.5523491331509185,0.569961113589151,0.9968116879463196,0.5517218595459352,0.5698516368865971,0.993625819683075,59.91589016244743,0
157,0.46010885636011795,0.5878211543673566,0.9990766048431396,0.466577407859621,0.5678805254754571,0.9931972026824951,0.5523302867299039,0.56989221913474,0.9968936443328857,0.551700816268013,0.5698581877208896,0.9937059879302979,59.91589016244743,0
158,0.46007685150419,0.5879431906200596,0.9990899562835693,0.46644435468174195,0.5678859239532839,0.9932432770729065,0.552339491390047,0.5699933455103925,0.9969150424003601,0.5516931357837863,0.5698722402254746,0.9936912655830383,59.91589016244743,0
159,0.46000295309793415,0.5880726150103983,0.9991052746772766,0.4662429392337803,0.5677725218591241,0.9933622479438782,0.5523446486109783,0.5701310946827848,0.9969673156738281,0.551670094331106,0.5698926221756713,0.993740975856781,59.91589016244743,0
160,0.45989213671003104,0.5881347769782661,0.999137818813324,0.46594535594894804,0.5677200130053934,0.9935957193374634,0.5523524965558738,0.5702551404635117,0.9970674514770508,0.5516048130534948,0.5699022866430741,0.9938802123069763,59.91589016244743,0
161,0.45976156847817595,0.5881463033812391,0.9991658329963684,0.4655742843945825,0.5677065735771547,0.9937487840652466,0.5523429427828112,0.5703514048031403,0.9971550107002258,0.5514463186264043,0.5699061581066681,0.9939824938774109,59.91589016244743,0
162,0.45962980389595065,0.5880372836476285,0.9991912841796875,0.4652273002124972,0.5676901482400445,0.9939138889312744,0.5523122549057011,0.5704001074745546,0.9972406625747681,0.5511782453173687,0.5698599957284478,0.9941020011901855,59.91589016244743,0
163,0.4594976064704717,0.5878988050279168,0.9992037415504456,0.4649695271537422,0.5676958220345638,0.9940232038497925,0.5522471978550869,0.5704073054449903,0.9973095059394836,0.5508654145967398,0.5697585911977863,0.994188666343689,59.91589016244743,0
164,0.45939851942516546,0.5877002761477521,0.9992127418518066,0.4648372275488721,0.5676620971588866,0.9940932989120483,0.5521240262758168,0.5703966248603098,0.9973968267440796,0.5505806633404328,0.5695964410191495,0.9943217635154724,59.91589016244743,0
165,0.4593023217859726,0.5875920255978907,0.9992125630378723,0.4647569060325626,0.5676137379237588,0.9941896200180054,0.5520424530619671,0.5704116225242619,0.9975127577781677,0.550343981810979,0.5694030835514982,0.9945839047431946,59.91589016244743,0
166,0.45923110558873165,0.5875155982517065,0.9992168545722961,0.4648418355555765,0.5674662448111039,0.9942598938941956,0.5518173632167639,0.5704161013875694,0.9976111650466919,0.5502145772888551,0.5692305877095182,0.9948186278343201,59.91589016244743,0
167,0.45918552364621884,0.5873544017473862,0.9992276430130005,0.46500954599607597,0.5672728930200854,0.9943541288375854,0.5515055628049945,0.5704034368197128,0.9976965188980103,0.5501496110643663,0.5691288283893046,0.9950413703918457,59.91589016244743,0
168,0.45915335984457145,0.5871357179823381,0.9992245435714722,0.4651871522267663,0.566904207070669,0.9944849014282227,0.551202203546252,0.5703839659690861,0.9977949857711792,0.5501126419930236,0.5690798390479319,0.9953173398971558,59.91589016244743,0
169,0.4591254648708165,0.5869033932685856,0.9992021918296814,0.4652734980696728,0.5665061104865305,0.9944751858711243,0.5509728732563205,0.5703635925338386,0.9977821707725525,0.5500805974006657,0.5690736344882424,0.9954089522361755,59.91589016244743,0
170,0.4591142620359152,0.5867432639712384,0.9991963505744934,0.465235850640706,0.5661042786779862,0.9944671988487244,0.5508534198715578,0.5703724537576953,0.9977889657020569,0.5500095344725113,0.569064128966559,0.9954569339752197,59.91589016244743,0
171,0.45906168222427407,0.5867148041725163,0.9991815090179443,0.465005267234076,0.5657199479284745,0.9944505095481873,0.5508954070863274,0.5704120539483575,0.9977879524230957,0.5498978013084053,0.5690479732695084,0.9954648017883301,59.91589016244743,0
172,0.45895749188604845,0.5867622409548083,0.9991703033447266,0.4647571146488194,0.5652657236371725,0.9943804144859314,0.5508629452614562,0.57044910249256,0.9977751970291138,0.5497535381998339,0.5690159343537835,0.9954578876495361,59.91589016244743,0
173,0.45881315923872484,0.5867899145398826,0.9991648197174072,0.4644983382452106,0.5648421361332853,0.9943757653236389,0.5508117448715941,0.570536281381335,0.9977595210075378,0.5495900483358478,0.5688761472702031,0.9954478144645691,59.91589016244743,0
174,0.458626413629169,0.5868171453475957,0.9991758465766907,0.4642882943153385,0.5644666070029853,0.9944204092025757,0.5507688124974572,0.5708832911082681,0.9977809190750122,0.549472258204506,0.5689374634197785,0.9954707026481628,59.91589016244743,0
175,0.4583869179089868,0.5868372860408969,0.9991953372955322,0.4641636170092087,0.5643623925390702,0.9944566488265991,0.5507273163114279,0.5713415486471998,0.9978355765342712,0.5494389562379751,0.5693491952759884,0.9955394864082336,59.91589016244743,0
176,0.45817175365629687,0.586874229567392,0.9992194771766663,0.4641708873567131,0.5647971743629097,0.9944222569465637,0.5507392003422696,0.5719035211063571,0.9979419112205505,0.5496042938459491,0.570335794062842,0.9957072734832764,59.91589016244743,0
177,0.4579518451577145,0.5869908162525727,0.999254584312439,0.4642641842365269,0.5656497279802963,0.9945120811462402,0.5507957197370987,0.5726386847950168,0.9980299472808838,0.5499290426572168,0.5719022495406019,0.9958508014678955,59.91589016244743,0
178,0.45776348028864217,0.5872264334133699,0.9992702007293701,0.4643720572903046,0.5663317129725506,0.9946312308311462,0.550954503672464,0.5735109732264568,0.9980146884918213,0.550340402693976,0.5735020779428033,0.995830237865448,59.91589016244743,0
179,0.45764485285395706,0.5875688110079089,0.999305009841919,0.4644824990204406,0.5668243595532013,0.9947462677955627,0.5512828997203286,0.5744788731847494,0.9981222152709961,0.5507232262974697,0.5749400485129588,0.9959992170333862,59.91589016244743,0
180,0.457546052478609,0.5878752413250157,0.9993531703948975,0.46465515380813993,0.5669268312908359,0.9950067400932312,0.5516570607821151,0.5754651370502658,0.9982668161392212,0.5511148032687964,0.5761209612800966,0.996253490447998,59.91589016244743,0
181,0.45743357567560144,0.5881423070317228,0.999398946762085,0.46485596895217934,0.5667425535974053,0.995327353477478,0.551921027047294,0.5760220204080859,0.9983866214752197,0.5514331346466432,0.5768298393204103,0.9964646697044373,59.91589016244743,0
182,0.45736071183567995,0.5883472391537262,0.9994445443153381,0.4650483798413053,0.5666521645727616,0.9956682920455933,0.5520048056330005,0.5764881031853817,0.9985167980194092,0.5516730263119657,0.577281460875557,0.9967239499092102,59.91589016244743,0
183,0.45730519862402097,0.5886276307560153,0.9994833469390869,0.4651698413349337,0.5667480400630411,0.9960001111030579,0.5520887261345278,0.5773188528560461,0.998599648475647,0.5518617715154379,0.5781573653221135,0.9968763589859009,59.91589016244743,0
184,0.4572701454162601,0.5891188411485586,0.9995126724243164,0.4651420570555191,0.5667204204059787,0.9962943196296692,0.5522615058081495,0.5784785605612259,0.9986324906349182,0.5519620889709114,0.5789590392793933,0.9969547390937805,59.91589016244743,0
185,0.45727451642354366,0.589694323993865,0.9995313286781311,0.464944890567235,0.5667118401754474,0.9964988827705383,0.5526466880525867,0.579840617520469,0.9986507296562195,0.5519080587795807,0.5795486143657145,0.9969416856765747,59.91589016244743,0
186,0.4572628523622244,0.5900707500321529,0.9995602965354919,0.46469074203854555,0.5665644208590194,0.9967436194419861,0.5532236553373795,0.5809231854620438,0.9987364411354065,0.5517678714933854,0.5799810006504972,0.9971091747283936,59.91589016244743,0
187,0.4571059190091636,0.5902636732373925,0.9995852112770081,0.4645780353319081,0.5662591258684799,0.9969418048858643,0.5532102471306215,0.5820172088486812,0.9988077282905579,0.5518102674257193,0.5809970526468191,0.9972575902938843,59.91589016244743,0
188,0.45686271219026514,0.5901951364108499,0.9996040463447571,0.46469137640226493,0.5659263559750152,0.9971117377281189,0.5526130369731364,0.5833783632233034,0.9987011551856995,0.5521274691536318,0.5828518470128381,0.9970856308937073,59.91589016244743,0
189,0.45664038118862005,0.5899289335523338,0.9996283650398254,0.46469277427310074,0.5658468746003655,0.9973184466362,0.551981784048535,0.5846839234942487,0.9985775947570801,0.5521691498302282,0.5851741716975263,0.9970166683197021,59.91589016244743,0
190,0.45649450875463976,0.5897075136502589,0.999650776386261,0.46455295312972333,0.5658939963295351,0.9975355267524719,0.5516012566430233,0.5856188195092342,0.9982675313949585,0.5518293976783757,0.5870054562886561,0.9965583086013794,59.91589016244743,0
191,0.45647994251478324,0.5895971457163498,0.999653160572052,0.4642559403464911,0.5659914697919577,0.9976301789283752,0.5516686524663658,0.586236695448558,0.9977511763572693,0.5512060097285684,0.5875508898780464,0.9956923127174377,59.91589016244743,0
192,0.45655271552857934,0.589483119192578,0.9996645450592041,0.4638905965146568,0.5661857979638241,0.9977786540985107,0.5521963153566638,0.586316633792151,0.9973695278167725,0.5504486276989896,0.5870219100089306,0.9953632354736328,59.91589016244743,0
193,0.4565754915986746,0.5890511813617894,0.9996592998504639,0.46375362220264654,0.5660077986263098,0.9978581070899963,0.5524751969746186,0.5864211377643408,0.9961787462234497,0.5500699792589465,0.5865090688069666,0.994010329246521,59.91589016244743,0
194,0.4565474901880541,0.5882252653439844,0.9996190071105957,0.46388173670995836,0.5650658465567093,0.9978058934211731,0.55245377052398,0.5865285226276947,0.994165301322937,0.5502316582770579,0.5860733389854436,0.99258953332901,59.91589016244743,0
195,0.4565082845233739,0.587246077401298,0.9996045827865601,0.46404238825752653,0.5639119488852369,0.9977982044219971,0.5523480602673125,0.586399288404556,0.9939815402030945,0.5504307065691272,0.5856689072790605,0.9925744533538818,59.91589016244743,0
196,0.45654562541416754,0.5861324923379085,0.999561607837677,0.46412656136921515,0.5628564102309095,0.9975879788398743,0.5524013354664761,0.5856169149989179,0.9930506348609924,0.5505467284293406,0.5847714458193103,0.9916599988937378,59.91589016244743,0
197,0.4566076979750683,0.5851557850837712,0.999453067779541,0.4645518518629532,0.5622530835015438,0.9971825480461121,0.5522920006797432,0.583572285515922,0.9905362129211426,0.5508358648845132,0.5830957776024233,0.9894778728485107,59.91589016244743,0
198,0.45665939932777805,0.5843518262817751,0.999414324760437,0.46559881454422397,0.5621990760167443,0.99704509973526,0.5516586729458405,0.580274397418613,0.9899160861968994,0.5513329420770923,0.5805911251476837,0.9886322617530823,59.91589016244743,0
199,0.4566946412835806,0.5825896177973071,0.99931401014328,0.4670805732409163,0.561470883233207,0.9966203570365906,0.5498612210864117,0.5751794888859708,0.9878627061843872,0.5518568896111993,0.5759930468740921,0.987021267414093,59.91589016244743,0
200,0.456685399725324,0.5804478185517452,0.9991711974143982,0.4684107459726791,0.5597292042913895,0.9964600205421448,0.547751815546127,0.5694026805105667,0.9869944453239441,0.5522700917153136,0.5697585088866102,0.9871429204940796,59.91589016244743,0
201,0.4566886112803508,0.5785710981913981,0.9992220401763916,0.46931735816456055,0.5577036312648233,0.9967741966247559,0.5460917410396399,0.563831468423208,0.9878936409950256,0.5526541755312969,0.5635402032307221,0.9880952835083008,59.91589016244743,0
202,0.4570763607819879,0.5769829806827368,0.9992718696594238,0.4694525528521769,0.5557867827869601,0.9970505833625793,0.5455364897137601,0.5591811026845664,0.9886937141418457,0.552749423753648,0.5571045137587052,0.9888952374458313,59.91589016244743,0
203,0.4575993276777725,0.5761592757134215,0.9993277788162231,0.4695196009817581,0.5543447903224404,0.9973036646842957,0.5458927268073677,0.5552952545029781,0.9895105361938477,0.5528040812129071,0.5523100977852236,0.9897509217262268,59.91589016244743,0
204,0.45817902684211764,0.5761827343986152,0.9993618130683899,0.469931930303574,0.5528861085573836,0.9975106716156006,0.5464974585033602,0.5527387431689675,0.9900387525558472,0.5530330453600207,0.548474218164172,0.9903733730316162,59.91589016244743,0
205,0.4588234509740561,0.5761050638698402,0.9993883371353149,0.47078295264925313,0.550970506100428,0.997701108455658,0.5464524399666564,0.5505181664512275,0.9902787804603577,0.5533632636070256,0.5443673758279715,0.99090576171875,59.91589016244743,0
206,0.4592787140891669,0.5762436900820056,0.999413788318634,0.47148840342249226,0.5492663014502757,0.9978771805763245,0.5462869292213808,0.5490933770225166,0.9909768104553223,0.5536188908985687,0.5405814193543939,0.9916439652442932,59.91589016244743,0
207,0.4594494558516007,0.576297263304393,0.9994587898254395,0.4721547095548543,0.5483330800419767,0.9980654120445251,0.5459692393030444,0.5473804445493793,0.9917097687721252,0.5539574197360453,0.5378603679793226,0.9923713803291321,59.91589016244743,0
208,0.4598994098958519,0.5766949909073971,0.999493420124054,0.4725772511391416,0.5478663245836899,0.9982191920280457,0.5460621373994015,0.5463461506934397,0.9922109842300415,0.5541677361442934,0.5357792831602555,0.9929630756378174,59.91589016244743,0
209,0.46034700104168524,0.5774125882557465,0.9995209574699402,0.47307362868672365,0.5486881051744738,0.998359739780426,0.5464381433668595,0.5456377381370185,0.9926564693450928,0.5542684992154443,0.5356256507691888,0.9935154318809509,59.91589016244743,0
210,0.4606688065188276,0.578565222876413,0.9995371699333191,0.47350672880808553,0.5499159778867453,0.9984396696090698,0.5467859279541747,0.5456770516577225,0.993129312992096,0.5544461522783557,0.536158490748633,0.9940255284309387,59.91589016244743,0
211,0.46109216128076863,0.5798484711419973,0.99955815076828,0.4738899057819734,0.5509008481389004,0.9985321164131165,0.5469779315448947,0.5471252742267795,0.9935693740844727,0.5547465199515937,0.5367746154467269,0.9944809675216675,59.91589016244743,0
212,0.46165564798173486,0.5807813945270724,0.9995250105857849,0.47410725695746325,0.5523223507971995,0.9985486268997192,0.5475376333509177,0.5496120282581879,0.9940370917320251,0.5550842285156254,0.5375480311257503,0.9949278235435486,59.91589016244743,0
213,0.46220867548670125,0.581297187578111,0.9995152354240417,0.47378012537956277,0.5545080190613161,0.9985890984535217,0.5489353764624827,0.5520595397268027,0.9943835139274597,0.5551811002549676,0.5394622598375598,0.9952581524848938,59.91589016244743,0
214,0.4628940636203407,0.5819176832834884,0.9994808435440063,0.47302315916333915,0.557291428248088,0.9984821081161499,0.5511960983276372,0.5558974260375618,0.9944860339164734,0.5549364771161764,0.5442167520523076,0.9953309297561646,59.91589016244743,0
215,0.46367411670230724,0.5824651377541683,0.9993540048599243,0.4717398186524713,0.5609797069004608,0.9982240796089172,0.553874566441491,0.5603027514048989,0.9945833683013916,0.5542128824052361,0.5511292020479842,0.9952288866043091,59.91589016244743,0
216,0.46419949474788885,0.5828854611941752,0.9992730021476746,0.4703130835578559,0.5645065477916177,0.998004138469696,0.5559877554575606,0.5659242868423466,0.9944572448730469,0.5533167946906321,0.5600489207676482,0.9950942397117615,59.91589016244743,0
217,0.46456498617217695,0.5825447553680061,0.9991096258163452,0.4692026759896963,0.5666345017296932,0.9977056384086609,0.5571890870730087,0.5726378616832557,0.9939283728599548,0.5526537043707715,0.5690556707836337,0.9945254325866699,59.91589016244743,0
218,0.4652035293124975,0.5814474452109568,0.9991399645805359,0.46877543557257917,0.5680383330299745,0.9974761605262756,0.5581978928475158,0.5793979253087729,0.9943471550941467,0.5525297664460687,0.5767350395520533,0.9947172999382019,59.91589016244743,0
219,0.4658676896776476,0.5797155357542496,0.9990436434745789,0.46852808339255236,0.5692337495940076,0.9967740774154663,0.5595928345407764,0.5859288402966096,0.9943714737892151,0.5530134297552567,0.5829918640000484,0.9942556023597717,59.91589016244743,0
220,0.4668790527752471,0.5779194235801701,0.9990195631980896,0.4692498033954987,0.5690438860938667,0.9964183568954468,0.5610355167161856,0.592569129807609,0.9945523738861084,0.5538345064435691,0.5877829563050048,0.9939174652099609,59.91589016244743,0
221,0.4683932789734435,0.5767474344798501,0.9990504384040833,0.4702804060209369,0.5671852287792029,0.9962286949157715,0.5631936504727323,0.5989336257889162,0.994779646396637,0.5545355989819486,0.5903874834378565,0.9937039017677307,59.91589016244743,0
222,0.4705867653801331,0.5760756929715479,0.9990193843841553,0.47143015123549,0.5644803217479165,0.9953896403312683,0.5651926994323735,0.6049780419894633,0.9952546954154968,0.5553071016357063,0.5922965606053675,0.9941592216491699,59.91589016244743,0
223,0.47318464801425064,0.5755153724125458,0.9990618824958801,0.4722207344713669,0.5620613012995044,0.9948034286499023,0.5663385589917506,0.6098749694370094,0.995719850063324,0.5550784099669688,0.5939110318819687,0.9946964979171753,59.91589016244743,0
224,0.476414114236832,0.5752376545043223,0.9991328716278076,0.47284233286267274,0.5608834198543009,0.9949865937232971,0.5671756835210895,0.6140564736865821,0.9961401224136353,0.5545190572738652,0.5966508785883591,0.9951912760734558,59.91589016244743,0
225,0.4794484646547412,0.575602097170694,0.9991852045059204,0.47304760700180454,0.5620773746853788,0.9951590895652771,0.5676940395718534,0.617768736112686,0.9965118765830994,0.5543074409166977,0.6008844290460864,0.995578408241272,59.91589016244743,0
226,0.48253486411912144,0.5771325968560723,0.9992523789405823,0.47360260004089033,0.5622461125964215,0.9954488277435303,0.5675155151458018,0.6211902385666261,0.9968300461769104,0.5534092925843743,0.6048011013439729,0.9959217309951782,59.91589016244743,0
227,0.48537057922000015,0.579160108452752,0.9993176460266113,0.47443012254578765,0.561997200761523,0.9957240223884583,0.5680667786371145,0.6245313712528778,0.9971283078193665,0.5534755843026302,0.6079568380401252,0.9962526559829712,59.91589016244743,0
228,0.4880092087246127,0.5812203685442611,0.9993776679039001,0.47504237861860404,0.5596930299486438,0.996085524559021,0.5687783048266462,0.6267355339867733,0.9974092841148376,0.5534442322594784,0.6088274149667654,0.9965894222259521,59.91589016244743,0
229,0.49043033236549055,0.5824027969723661,0.9992913603782654,0.47508823162033487,0.5567346924827217,0.9961491227149963,0.56909910270146,0.6280355396724888,0.9970318078994751,0.5526142943473094,0.6076873058364509,0.9953054189682007,59.91589016244743,0
230,0.49231436422893027,0.5828842974844437,0.9993507862091064,0.47502829489253856,0.5540722040903006,0.9964495301246643,0.5694135541007637,0.6301375201770243,0.9973196983337402,0.5519861096427559,0.6073275123323718,0.9957184195518494,59.91589016244743,0
231,0.49348318434896965,0.5832529664039616,0.9993927478790283,0.47480733479772336,0.5530721999350052,0.9967728853225708,0.5694854004042493,0.6323466528029673,0.9975566864013672,0.5509938682828635,0.6080596588906793,0.9960591197013855,59.91589016244743,0
232,0.49431678368931764,0.5836851568449116,0.9994135499000549,0.4764245507263006,0.5536017843655182,0.9969894289970398,0.5692958633104965,0.6349794978187203,0.9976443648338318,0.5510840217272445,0.6093381785211114,0.9959534406661987,59.91589016244743,0
233,0.4945384405908134,0.5837826813970298,0.9994521141052246,0.4792735236031672,0.5524672496886485,0.9971693754196167,0.5695059810365954,0.6379662156105046,0.9978339672088623,0.5532659065155761,0.610427183764322,0.9962116479873657,59.91589016244743,0
234,0.4950702360698159,0.5837574516023913,0.9994109272956848,0.48222414368674904,0.5493378582454866,0.9971141219139099,0.5700526436169947,0.6394486313774477,0.9964116215705872,0.5551945623897375,0.610728658380963,0.9927513599395752,59.91589016244743,0
235,0.4961322858220059,0.5836904389517652,0.9994052052497864,0.48459571316128724,0.5460337826183869,0.9972017407417297,0.5701163836887909,0.6409316772506356,0.9960604906082153,0.556848736036392,0.6110400642667502,0.9917287826538086,59.91589016244743,0
236,0.4970244084085741,0.584126350425539,0.9993839263916016,0.48624853718848493,0.5437905249141516,0.997370183467865,0.5691136008217226,0.6421619852383937,0.9959079623222351,0.558861530962445,0.6121680140495305,0.9917457103729248,59.91589016244743,0
237,0.49767970471155115,0.5846987026078365,0.9993968605995178,0.48636018094562383,0.5433950566110162,0.9975869655609131,0.5675819033668159,0.6433487875120986,0.9961273074150085,0.5589784923053928,0.6134768525759384,0.9922691583633423,59.91589016244743,0
238,0.49802943070729616,0.5853183212734409,0.9993008971214294,0.4869107575643634,0.5454101676032661,0.9977972507476807,0.5661251147588098,0.6446233845892412,0.9962302446365356,0.5606111202921191,0.613921171142942,0.9929810762405396,59.91589016244743,0
239,0.49757597134226883,0.5855095187822983,0.9993478655815125,0.4885704091617043,0.5459926724433903,0.997973620891571,0.5651572034472515,0.6476686625253592,0.9962894320487976,0.5634157402174818,0.6139328678449001,0.9931479096412659,59.91589016244743,0
240,0.49733778834342995,0.585058226471856,0.9993008971214294,0.4902057548364008,0.5446570515632634,0.9981269836425781,0.5651092813128522,0.6502839951288137,0.9963657855987549,0.5657429099082951,0.6144325250671028,0.9937999248504639,59.91589016244743,0
241,0.49734209406943586,0.5847156132970542,0.9992810487747192,0.4912049231075109,0.5423912888481508,0.9981260299682617,0.5653050996008377,0.6536752354531066,0.9962757229804993,0.5667057519867311,0.6161571797870459,0.9942784905433655,59.91589016244743,0
242,0.49754097064336184,0.5836736957232163,0.9993008971214294,0.49193113900366325,0.5403277760460268,0.9982699751853943,0.5652904113133752,0.6548694003195995,0.9961905479431152,0.567692027205513,0.6183742313157949,0.9945386052131653,59.91589016244743,0
243,0.49748851997511767,0.5822608896664215,0.9993407130241394,0.4933092863786792,0.5361942705653967,0.9984160661697388,0.5651915243693765,0.6557675372986571,0.9964141249656677,0.5681074006216872,0.6194984487124857,0.994940996170044,59.91589016244743,0
244,0.497069780315672,0.5809413109506885,0.9991251826286316,0.49511788714499744,0.531331022580465,0.9984598755836487,0.5650654463540945,0.6555853514444265,0.9963712692260742,0.569923409393856,0.6204876899719243,0.9953712224960327,59.91589016244743,0
245,0.4961731178419934,0.5798041621843979,0.9991104006767273,0.4976649241788051,0.530937098321461,0.9985765218734741,0.5648762952713744,0.6566239368347899,0.9965481758117676,0.5729297314371387,0.6225269834200546,0.9958115220069885,59.91589016244743,0
246,0.4950580057643713,0.5790914353870216,0.9989911317825317,0.49891917194638974,0.5332268902233672,0.9985950589179993,0.5647082981609167,0.6571308686619718,0.9965963363647461,0.5758443474769597,0.6247061349096757,0.9961429834365845,59.91589016244743,0
247,0.4942201972007755,0.5792528986930852,0.9989436268806458,0.49793051112265857,0.5383862029938475,0.9986312985420227,0.5640703468095694,0.6586253926867536,0.996580958366394,0.5752684473991398,0.6284868802343102,0.9964439868927002,59.91589016244743,0
248,0.49363177021344545,0.5789761855488736,0.9988348484039307,0.49533951992080366,0.5453877392269321,0.9986602067947388,0.5625867872011099,0.6604345866612031,0.9965393543243408,0.5722031423023773,0.635035702160427,0.9967073798179626,59.91589016244743,0
249,0.4929777667635967,0.5781465712047763,0.9987977743148804,0.49362418481281867,0.5492651888302399,0.9984846115112305,0.5598832482383369,0.6628670181546898,0.994495153427124,0.5684871191070198,0.6411449596995404,0.9934574961662292,59.91589016244743,0
250,0.49228268294107386,0.576980502832504,0.9988125562667847,0.49268160547528994,0.5494120206151694,0.9983561635017395,0.5602864537920276,0.6641599223727277,0.9934560656547546,0.5660100664411276,0.6453082760175075,0.9923093318939209,59.91589016244743,0
251,0.49142878254254696,0.5758906375794188,0.9988623261451721,0.4925222879364381,0.550676354340145,0.9983211755752563,0.560957721301488,0.6657460246767322,0.9936639070510864,0.564704727558863,0.6493231143270226,0.9924734830856323,59.91589016244743,0
252,0.4907453485897613,0.5751132567723597,0.9989320635795593,0.4920354826109754,0.5519986464863736,0.9983329176902771,0.5610229912258334,0.6662198078064697,0.9940906167030334,0.5632082649639679,0.6503778639293858,0.9928458333015442,59.91589016244743,0
253,0.49024721980094954,0.5750040440332327,0.998974621295929,0.4913612504800165,0.5532776088941669,0.9983007907867432,0.5597248928887508,0.6668655843961813,0.9941112399101257,0.5605881526356656,0.6498641740708129,0.992786705493927,59.91589016244743,0
254,0.489609003067017,0.5750925909905211,0.9990540742874146,0.4908748467763269,0.553914294356392,0.9983728528022766,0.5568264410609295,0.6677983658654354,0.9945013523101807,0.5585608312061859,0.6498834519159231,0.9931778907775879,59.91589016244743,0
255,0.48903460303942403,0.5751009413174225,0.9991242289543152,0.490734438101451,0.553031790824164,0.9984126687049866,0.553149561087291,0.6684638176645556,0.9948185086250305,0.5568003257115686,0.649195722171239,0.9934850931167603,59.91589016244743,0
256,0.48876301163718855,0.5748962419373653,0.9991909265518188,0.4903549324898497,0.5507813379878095,0.9984791874885559,0.5530685697283069,0.6674157040459774,0.9952534437179565,0.5562916937328525,0.6467740081605462,0.9939629435539246,59.91589016244743,0
257,0.4882824946017496,0.5744939020701821,0.9992554783821106,0.49024240175883016,0.5495387968562903,0.9985427260398865,0.5532223553884601,0.6663849609238766,0.9956718683242798,0.5557169062750684,0.6470382781255818,0.9944366812705994,59.91589016244743,0
258,0.48790253485952145,0.5740325564429878,0.9993163347244263,0.4887856713363106,0.5488214776629498,0.9986035227775574,0.5527961055437729,0.6653559662046893,0.9960165619850159,0.5532257812363766,0.6472332165354779,0.9948075413703918,59.91589016244743,0
259,0.4870152076085412,0.5736633737881983,0.9993722438812256,0.4870274265607202,0.5481763907841278,0.9986517429351807,0.551666188807715,0.6643475946925941,0.9962888956069946,0.551387815248399,0.6454373541332432,0.9951168298721313,59.91589016244743,0
260,0.4856217971869881,0.5731047051293514,0.9994206428527832,0.48624369076320145,0.5471418727011912,0.9987401366233826,0.5503720385687696,0.662735746020363,0.9966187477111816,0.5514274977502374,0.6426555230503996,0.9955291152000427,59.91589016244743,0
261,0.48444835486866217,0.5727136163484488,0.9994698762893677,0.485316912333171,0.5458485569272726,0.9988146424293518,0.5489842806543628,0.6603025396664942,0.9968999624252319,0.5496372779210413,0.6398932167461946,0.9958354830741882,59.91589016244743,0
262,0.4835028378736409,0.5725170175234482,0.9995065927505493,0.484281603779112,0.5436376900899982,0.9988135099411011,0.5482045837811066,0.6571945633207055,0.997050940990448,0.5477255667958945,0.6350130410421468,0.9958814382553101,59.91589016244743,0
263,0.4828860773926693,0.5718428322247101,0.9995384812355042,0.4840572604111266,0.5417539590880989,0.9988189339637756,0.5483161807060246,0.6531972289085394,0.9972367286682129,0.5461771573339194,0.6318430389676781,0.9961311221122742,59.91589016244743,0
264,0.4824098306042811,0.5706544007573814,0.9995749592781067,0.48334626498676525,0.5400799796694805,0.9988631010055542,0.5486570000648503,0.6488369987124494,0.9974783062934875,0.5447669568515963,0.629057611737933,0.9964423179626465,59.91589016244743,0
265,0.48172409477688055,0.5686343936693106,0.9995999932289124,0.4831426470052632,0.5389778500511537,0.9988789558410645,0.5491618145079844,0.644197373163133,0.9975156188011169,0.545137274832953,0.6260579001335875,0.996383786201477,59.91589016244743,0
266,0.48121171196301815,0.5662493961197994,0.999627947807312,0.48228882324127964,0.5372205149559752,0.9988976120948792,0.5504368770690196,0.6389508304141822,0.9976984858512878,0.5462860266367598,0.6231670436405005,0.9966395497322083,59.91589016244743,0
267,0.48091385761896804,0.564327044146402,0.9996557831764221,0.4800601857049129,0.5357220229648413,0.9989520907402039,0.5517808681442629,0.6335063974062607,0.9978503584861755,0.5458749163718455,0.6215934810184303,0.9968651533126831,59.91589016244743,0
268,0.480427939267386,0.5630224233581911,0.9996746778488159,0.4781977974233177,0.5342545708020532,0.9989416003227234,0.5530805559385394,0.629120426518577,0.9980003833770752,0.5455240777560647,0.618140700317565,0.9970789551734924,59.91589016244743,0
269,0.48009214372861986,0.5619413285028372,0.9996630549430847,0.47666591547784387,0.531712529205141,0.9989136457443237,0.5543975347564338,0.6251212642306379,0.997980535030365,0.5450914048013237,0.6146321154776078,0.9971035122871399,59.91589016244743,0
270,0.47948445734523626,0.5608430987312685,0.9996541142463684,0.4759246054149813,0.5294445724714374,0.9988666772842407,0.5554824953987489,0.6215902708825616,0.9980788230895996,0.5457010439464028,0.6109199240094145,0.9972754120826721,59.91589016244743,0
271,0.47852105186099136,0.5597326017561417,0.9996557831764221,0.47645521305856287,0.5287938997859051,0.9987870454788208,0.5547004654293973,0.6192614975429722,0.9982131123542786,0.5484987327030731,0.6067956345421932,0.9974674582481384,59.91589016244743,0
272,0.47743647013391805,0.5590266613733206,0.9996630549430847,0.47668620802107353,0.5268077538126995,0.9988314509391785,0.5532068865639828,0.6170538890929453,0.9983407258987427,0.5518570485569186,0.6014419056120377,0.9976567625999451,59.91589016244743,0
273,0.47618798272950347,0.5587887309846429,0.9996316432952881,0.47672860111509086,0.5250263781774616,0.9989144802093506,0.5514933041163858,0.614604512850444,0.9984312653541565,0.5550268320810232,0.5969302767799018,0.9978644847869873,59.91589016244743,0
274,0.4747510921387449,0.5575653342973623,0.9996350407600403,0.4770020360038398,0.5240905966077536,0.9989262223243713,0.5501241882642114,0.610938273725056,0.9985371828079224,0.5568268611317593,0.5929414119039268,0.997983992099762,59.91589016244743,0
275,0.4732253480525248,0.5555676477296017,0.999667763710022,0.4767716498602008,0.5224662451517019,0.9990088939666748,0.5495638847351079,0.6061812043190007,0.9986664652824402,0.5564192703792031,0.5898220028196067,0.998164176940918,59.91589016244743,0
276,0.47190718139920956,0.5528856856482374,0.9996742010116577,0.4765018664655235,0.5217222741671975,0.9988812208175659,0.5500541357767018,0.6018629244395669,0.9987100958824158,0.5553517625445417,0.5876895643415909,0.9982103109359741,59.91589016244743,0
277,0.4705894078527182,0.5495543451536273,0.9996899962425232,0.4764584813799181,0.5181039713677911,0.9989115595817566,0.549752689543225,0.5988365610440577,0.9987322092056274,0.555092519237882,0.5848233245667962,0.9982444643974304,59.91589016244743,0
278,0.46937783417247625,0.5462133600598295,0.9997071623802185,0.4768085281054183,0.514278196153187,0.9989019632339478,0.5494243956747513,0.5970938262485328,0.99882572889328,0.5543421308199569,0.5819409972145448,0.9983533620834351,59.91589016244743,0
279,0.46882785076186806,0.5427477274622241,0.9997097849845886,0.4766248251710623,0.505872834296454,0.9989472031593323,0.5489996728442968,0.5951746730577383,0.9988707304000854,0.5530674940063844,0.5785121151379181,0.9984415173530579,59.91589016244743,0
280,0.4684752864497052,0.5396635248547513,0.9997243285179138,0.47613588685081154,0.49850726695287834,0.9989550113677979,0.5485468222981412,0.5929305610202613,0.998968780040741,0.5515601095699133,0.575183144637517,0.9985687732696533,59.91589016244743,0
281,0.46819082044419824,0.5371904912449068,0.9997431039810181,0.4749650430111662,0.49478713671366414,0.9990211725234985,0.5482452483404254,0.5891913913545159,0.999069333076477,0.5495044986406966,0.5713363687197373,0.9987077713012695,59.91589016244743,0
282,0.46830431194532524,0.5353087924775628,0.9997431039810181,0.4733330493881593,0.4954795979318169,0.9989393949508667,0.547846947397505,0.5847890490577339,0.9991433024406433,0.5472614821933569,0.5675585667292282,0.9987999796867371,59.91589016244743,0
283,0.4682864490009493,0.5326785814194457,0.9997446537017822,0.4721811257657555,0.4971256114187699,0.9989420771598816,0.5480649130684994,0.5812891409510662,0.9992176294326782,0.5463307783717206,0.5648358095259898,0.9989004135131836,59.91589016244743,0
284,0.46816907894043736,0.529731602895828,0.9997484087944031,0.4710282356966113,0.5011041845594137,0.9989883899688721,0.5487495717548193,0.5785004922321869,0.9992889761924744,0.5454488566943582,0.5625499713988535,0.9989987015724182,59.91589016244743,0
285,0.4683327362650921,0.5261760183743073,0.9997352957725525,0.46980790439106207,0.5006836014134547,0.9989646673202515,0.5497022469838464,0.575555631092617,0.9993338584899902,0.5449492534001672,0.5595569071315589,0.9990642666816711,59.91589016244743,0
286,0.46822762489318887,0.5232325423331492,0.9997097253799438,0.4691012601057692,0.49999497050330793,0.9987732172012329,0.550752909410568,0.5739354349318009,0.999382734298706,0.5457739489419124,0.5567136861029129,0.9991282820701599,59.91589016244743,0
287,0.46809130907058755,0.5195591591653373,0.9997074007987976,0.46857801363581736,0.49824294022151444,0.9986924529075623,0.550840278466543,0.5710823252087552,0.9994402527809143,0.5462581373396378,0.5532895667212354,0.9992004036903381,59.91589016244743,0
288,0.4680733907790415,0.5145425768125629,0.9997199177742004,0.4681451022624973,0.49562379575911064,0.9986743330955505,0.5498035379818512,0.566884835561117,0.9994914531707764,0.5462754595847361,0.5502448819932488,0.9992660284042358,59.91589016244743,0
289,0.46802062363851676,0.5084972126143323,0.9997393488883972,0.46814289547148236,0.49299191719009805,0.9986547827720642,0.5487793485323593,0.562802910804749,0.9995365142822266,0.5463918816475646,0.5484412454423455,0.9993245005607605,59.91589016244743,0
290,0.4683391565368293,0.5020219598497667,0.9997514486312866,0.4676479172138945,0.48920143360183393,0.9985840320587158,0.5478122915540427,0.5576949176334204,0.999579906463623,0.5461226247605828,0.5466955843425937,0.9993836283683777,59.91589016244743,0
291,0.46899608912922125,0.496207496949605,0.9997678995132446,0.4673185760066627,0.48523693425314807,0.9986367225646973,0.5474431060609368,0.5535714541162768,0.9996206164360046,0.5455192015284588,0.5447757386025933,0.9994410276412964,59.91589016244743,0
292,0.4699269646690009,0.49051277552332234,0.9997848868370056,0.46765577793121377,0.48201006509008903,0.9986752867698669,0.5480901059650244,0.5500924473717104,0.9996576905250549,0.5452147523562119,0.543192116987138,0.9994940757751465,59.91589016244743,0
293,0.471062262852987,0.4847078635579068,0.9997899532318115,0.4687058599222278,0.47928026034718507,0.9986335635185242,0.5486942132314051,0.5466367517198839,0.9996886253356934,0.5447030862172448,0.5418307837985815,0.9995289444923401,59.91589016244743,0
294,0.4719811890806474,0.478944872106825,0.9997804760932922,0.47020131491479455,0.4750710456144246,0.9985260963439941,0.5491928373064318,0.5440054110118325,0.999710202217102,0.5443431394440792,0.5402093217486432,0.9995383620262146,59.91589016244743,0
295,0.4730667812483655,0.4738255881127861,0.9997932314872742,0.4716874219122391,0.4710491583460857,0.9985027313232422,0.5495153353327801,0.54169393721081,0.9997349977493286,0.5439551046916422,0.5385807780992421,0.9995683431625366,59.91589016244743,0
296,0.47427740976924027,0.4690302071117223,0.9997783899307251,0.47290805124101226,0.4670128921667739,0.9983547925949097,0.5496127066158117,0.5394513578641986,0.9997451305389404,0.5441491405169174,0.5377283181462973,0.9995551705360413,59.91589016244743,0
297,0.47561740023749255,0.463668803373973,0.9997576475143433,0.4737198225089486,0.4631491402784987,0.9982515573501587,0.549547862438929,0.5379438144820081,0.9997626543045044,0.5431324101629715,0.5373013331776577,0.9995707273483276,59.91589016244743,0
298,0.47714908775829173,0.45752736216499734,0.999699592590332,0.47399014802206163,0.4591955585139142,0.9980974793434143,0.5494477692104527,0.5364259878794357,0.9997609257698059,0.5413516731489276,0.5372320555505302,0.9995332360267639,59.91589016244743,0
299,0.47875562168303026,0.45035011711574774,0.9996157288551331,0.4738796552022302,0.4554819166660312,0.9978086948394775,0.5492053315753033,0.5358493157795502,0.9997366666793823,0.5386575034686502,0.5372412971087869,0.9994103908538818,59.91589016244743,0
300,0.4801841576894128,0.44228571085702845,0.9994783997535706,0.4745677922453203,0.44896934004057054,0.9976484775543213,0.5483471524147765,0.5358759987921946,0.9996463656425476,0.5363576071602962,0.5367262505349664,0.999199628829956,59.91589016244743,0
301,0.4821042688119983,0.434415005502247,0.9994796514511108,0.4762564060233892,0.4419934508346379,0.9978137612342834,0.5468190539450877,0.5360101518176855,0.9996429085731506,0.5345839914821447,0.5368487324033469,0.999229371547699,59.91589016244743,0
302,0.484434164705731,0.42844456576165735,0.9995214939117432,0.47953774673598193,0.43447643944195374,0.9979681372642517,0.5454019109408065,0.5388889511426295,0.9996331334114075,0.5354287823041284,0.5379432070822947,0.9991917014122009,59.91589016244743,0
303,0.4869317219776365,0.42387177039976864,0.9995465874671936,0.4835109305219589,0.42737383542417706,0.9981272220611572,0.5438078451318811,0.5415735151492013,0.9996269941329956,0.5369139471832591,0.5373738716248757,0.9992228150367737,59.91589016244743,0
304,0.4894129913680411,0.42117044998675013,0.9995797276496887,0.48751717907230907,0.4212913061080339,0.9982655644416809,0.5415992797637477,0.5457353275649406,0.9996524453163147,0.5387087926572688,0.5380426742592641,0.9992762207984924,59.91589016244743,0
305,0.4917696596813854,0.4184798707767412,0.9996024370193481,0.49125064656037093,0.41715241776031736,0.9983687400817871,0.5385768474364772,0.5518645923964836,0.9996760487556458,0.5393245086377986,0.541886577800829,0.9993224740028381,59.91589016244743,0
306,0.49390817783316826,0.41469020320444727,0.0,0.4951608318860843,0.41378183044543915,0.0,0.5343343449287679,0.5589225571982719,0.0,0.5389676698211103,0.549423917215698,0.0,59.91589016244743,1
307,0.4961551235241148,0.4100100191272038,0.0,0.49914400978964246,0.41142531844223473,0.0,0.5291708744302093,0.5667669197329053,0.0,0.5372451929008073,0.5613848619720567,0.0,59.91589016244743,1
308,0.4986753719193599,0.4053921954972407,0.0,0.5034658568246029,0.4086514881678993,0.0,0.5241608364241468,0.5769840138299129,0.0,0.5357170190129965,0.575836164610727,0.0,59.91589016244743,1
309,0.5011019153254377,0.40088198014668086,0.0,0.5076619429247724,0.40584812845502616,0.0,0.5192591207368038,0.5862603528159009,0.0,0.5343218956674853,0.588793175561088,0.0,59.91589016244743,1
310,0.5040173258010135,0.39588114022307597,0.0,0.5120515976543243,0.4026523896986488,0.0,0.5140035169555311,0.5963388159702159,0.0,0.5328718480159189,0.6031541257578594,0.0,59.91589016244743,1
311,0.5061994356723423,0.39161623715903876,0.0,0.5161508994398027,0.4000452195075277,0.0,0.5092787453151528,0.6052140928720406,0.0,0.5315041868234351,0.6154091670850153,0.0,59.91589016244743,1
312,0.5069149443351766,0.38882320781413693,0.9996252059936523,0.5196694953371341,0.39861518644691896,0.9982641339302063,0.5056156379565635,0.6116829972688849,0.9997045397758484,0.5303012985491162,0.6234523906729394,0.9993783235549927,59.91589016244743,0
313,0.5059194182547677,0.387747364474893,0.0,0.5225106010316275,0.39855848003857475,0.0,0.5031911389267277,0.6153444670765853,0.0,0.5292906453459896,0.6265818268984269,0.0,59.91589016244743,1
314,0.5034572909658641,0.38814339485478444,0.0,0.5247710008379738,0.3996789107607428,0.0,0.501828304178681,0.6165995643793055,0.0,0.5284447650610278,0.6254994453846828,0.0,59.91589016244743,1
315,0.5002618630727136,0.38927536209424374,0.0,0.5267410477002465,0.4013879100481672,0.0,0.5009963015715285,0.6166514754295354,0.0,0.5276812712351485,0.622311155001323,0.0,59.91589016244743,1
316,0.4975553022490612,0.38991670476065776,0.0,0.5289046631919018,0.4027045302920874,0.0,0.4998104108704465,0.617505510648092,0.0,0.5268628531032142,0.6205268038643736,0.0,59.91589016244743,1
317,0.4948487414254087,0.3905580474270718,0.0,0.5310682786835569,0.4040211505360077,0.0,0.4986245201693644,0.6183595458666489,0.0,0.5260444349712801,0.6187424527274243,0.0,59.91589016244743,1
318,0.4921421806017562,0.3911993900934858,0.0,0.5332318941752121,0.40533777077992794,0.0,0.4974386294682825,0.6192135810852055,0.0,0.5252260168393458,0.6169581015904748,0.0,59.91589016244743,1
319,0.48916244144162213,0.3914856831863447,0.0,0.536245934231572,0.4064164434475877,0.0,0.49530602857549394,0.6216171118948199,0.0,0.5247095372311027,0.6155383580576179,0.0,59.91589016244743,1
320,0.48659246978621046,0.39230455063953634,0.0,0.5379843374408746,0.40785203747963816,0.0,0.4945934929702652,0.6216963993178479,0.0,0.5237401498373228,0.6135717031186225,0.0,59.91589016244743,1
321,0.48534571935260146,0.3946043191448094,0.9995942115783691,0.5364746148624122,0.4101647980629455,0.9981920719146729,0.49792657910831434,0.6146628657976791,0.9997289180755615,0.5214898889026949,0.6087772411013411,0.9994263052940369,59.91589016244743,0
322,0.4838930033344444,0.3966712432090571,0.0,0.5328627440033771,0.41245936346117185,0.0,0.5026133083319542,0.6056537297036917,0.0,0.5179884397478965,0.6058019216729225,0.0,59.91589016244743,1
323,0.4833555033913369,0.40032779145493114,0.9995840191841125,0.5292396343574326,0.4165570705971393,0.998291552066803,0.5074793557641372,0.6012855673593193,0.9997332096099854,0.5157173231795986,0.6095829126696112,0.9994805455207825,59.91589016244743,0
324,0.48099529104573424,0.4043011672440032,0.9995997548103333,0.5271249725705105,0.42101079012666465,0.9984234571456909,0.5087182883705416,0.6015716308639167,0.9997479319572449,0.5178179641564691,0.6101141543615437,0.9995286464691162,59.91589016244743,0
325,0.47518070396922923,0.4087326994964058,0.9996311068534851,0.5278176807221917,0.42543848923274485,0.9985593557357788,0.5035569369792943,0.6072518711998354,0.9997660517692566,0.5227636184011191,0.6076933259055732,0.9995706677436829,59.91589016244743,0
326,0.46574242625917744,0.41502116691498564,0.9996675252914429,0.5302704856509258,0.4288582773435687,0.9986950755119324,0.4952586108729957,0.6129433966818315,0.9997894763946533,0.5289659301439925,0.600586593151093,0.9996135234832764,59.91589016244743,0
327,0.4565563613460181,0.427264233430227,0.9997004866600037,0.5308765882537483,0.43217304490861475,0.9988231658935547,0.48635179088229263,0.6127951031639467,0.999810516834259,0.5317124866303948,0.5886856970332923,0.9996521472930908,59.91589016244743,0
328,0.46034547118913594,0.43713629671505555,0.999730110168457,0.5212027288618546,0.4364797543911711,0.9989383220672607,0.4866153946944649,0.6046716491381332,0.9998294711112976,0.5238710954075773,0.580820252781823,0.9996868968009949,59.91589016244743,0
329,0.4739056357315612,0.448170200699852,0.9997543096542358,0.5066431015729909,0.44341015106155796,0.9990389347076416,0.4951953870909559,0.596078056948526,0.999846339225769,0.5122112177667169,0.5812017429442637,0.9997178316116333,59.91589016244743,0
330,0.48942591037069083,0.45984694929350023,0.9997643232345581,0.4917601190862205,0.45119391594614333,0.9991307854652405,0.507317141691844,0.5883080999056503,0.9998595118522644,0.5034814476966862,0.580261878172557,0.999745786190033,59.91589016244743,0
331,0.5002537312961763,0.47325959375926463,0.0,0.48077568553742944,0.4593697616032195,0.0,0.5185709822745554,0.5840359614008954,0.0,0.49986219122296327,0.5793317300932752,0.0,59.91589016244743,1
332,0.5007951259613042,0.48939161073593906,0.0,0.47779103545915547,0.465997954209646,0.0,0.5254356662432356,0.5853619348435181,0.0,0.503941118717194,0.5770010408901037,0.0,59.91589016244743,1
333,0.4929054081439976,0.510700643062592,0.0,0.4810018390417103,0.4717136621475223,0.0,0.525649476051331,0.5913690447807316,0.0,0.5125374794006352,0.573649144172669,0.0,59.91589016244743,1
334,0.48904669284820595,0.5299122333526616,0.0,0.48116418719291726,0.47786706686019936,0.0,0.5285026669502262,0.5950779676437383,0.0,0.5185890793800358,0.5707713246345525,0.0,59.91589016244743,1
335,0.4851879775524143,0.5491238236427312,0.0,0.48132653534412423,0.4840204715728763,0.0,0.5313558578491215,0.5987868905067448,0.0,0.5246406793594365,0.567893505096436,0.0,59.91589016244743,1
336,0.4813292622566227,0.5683354139328007,0.0,0.48148888349533114,0.49017387628555337,0.0,0.5342090487480168,0.6024958133697516,0.0,0.5306922793388371,0.5650156855583195,0.0,59.91589016244743,1
337,0.477470546960831,0.5875470042228703,0.0,0.4816512316465382,0.4963272809982304,0.0,0.537062239646912,0.6062047362327581,0.0,0.5367438793182377,0.562137866020203,0.0,59.91589016244743,1
338,0.4730762470336191,0.6070182607287458,0.0,0.48183794343282343,0.5027656829546372,0.0,0.5390145750272847,0.6084329722419621,0.0,0.5422042314968416,0.557690040459709,0.0,59.91589016244743,1
339,0.4694853240535376,0.6261000179109124,0.0,0.4819881097664912,0.5087765890454493,0.0,0.5423181936854412,0.61288223853187,0.0,0.5485514553766406,0.5555972239327814,0.0,59.91589016244743,1
340,0.46750115496771716,0.6444027764456617,0.9996662139892578,0.48206518519492414,0.5139325034050718,0.9987960457801819,0.5483243788991661,0.6217735653831851,0.999703586101532,0.5566724226588299,0.5582144254729866,0.9995607733726501,59.91589016244743,0
341,0.4680836044606712,0.6638031374840514,0.0,0.4823095744091371,0.5181582844446581,0.0,0.5640101875577659,0.6389948491066226,0.0,0.5726692865765288,0.5690538425294185,0.0,59.91589016244743,1
342,0.4689773775282364,0.6788372170357483,0.0,0.4821429214780296,0.5216886240338525,0.0,0.5673736225991026,0.6534881803724506,0.0,0.5772078046723021,0.5790587003268897,0.0,59.91589016244743,1
343,0.4686194218340378,0.6873042810530895,0.9996840953826904,0.48043213429905157,0.5238967992010575,0.9988754987716675,0.5609550305775238,0.6647363588923505,0.9997296929359436,0.572508003030505,0.5852920157568801,0.9995973706245422,59.91589016244743,0
344,0.4667031764984134,0.6930703009877892,0.9996321797370911,0.47841233535418476,0.5259693539331834,0.9986976981163025,0.544540385405223,0.6715817205489633,0.9997448325157166,0.5588320200405428,0.5846133449720963,0.9996329545974731,59.91589016244743,0
345,0.4645639799890068,0.6972566332135888,0.9996156096458435,0.4777675488638503,0.5281156736706935,0.998744547367096,0.5279107945305965,0.6753451899876676,0.9997586607933044,0.5447063569038637,0.5820925103293529,0.9996619820594788,59.91589016244743,0
346,0.4631727706818357,0.7005129910650714,0.999614953994751,0.48167217487380654,0.5275646703583858,0.9986984729766846,0.5153887726011734,0.6754153512773065,0.9997795224189758,0.5329480086054126,0.5799429388273334,0.999693751335144,59.91589016244743,0
347,0.46378263689222826,0.7047536032540463,0.9995987415313721,0.48870703010332056,0.5292704389208843,0.9987387657165527,0.5172774536269056,0.676982516334171,0.9997914433479309,0.5333020999318082,0.5853816214061924,0.9997162222862244,59.91589016244743,0
348,0.46482159268288425,0.7068713080315369,0.9995949864387512,0.4951473048755105,0.5332066615422572,0.9988051652908325,0.5153959251585465,0.6728912648700538,0.999809980392456,0.5292953990754631,0.5907445379665925,0.9997429847717285,59.91589016244743,0
349,0.4651810274947261,0.7082683454666825,0.9995002746582031,0.4981638890291967,0.5366828888654713,0.9985380172729492,0.5134370976260734,0.6688046043827425,0.9998229146003723,0.5246938828911104,0.5951615110749295,0.9997617602348328,59.91589016244743,0
350,0.4663359091750217,0.7115760351575562,0.9994888305664062,0.49860769661054766,0.5401706252069705,0.9986090660095215,0.5123663982819947,0.6683445963121601,0.9998337030410767,0.521505554162321,0.5981614387461123,0.9997790455818176,59.91589016244743,0
351,0.4686565331759911,0.7159605817425825,0.9995085597038269,0.49830031057908464,0.543237923866227,0.9986666440963745,0.5166995961751262,0.6705699037937897,0.9998487234115601,0.524448578556379,0.6005761474370961,0.9997990131378174,59.91589016244743,0
352,0.4722316556033638,0.7193182515246533,0.0,0.5005823952101529,0.5432541185901283,0.0,0.5235957538797746,0.672811369101207,0.0,0.5303447260743099,0.6015119141056429,0.0,59.91589016244743,1
353,0.47693613455409134,0.720173780407225,0.0,0.5043731707902186,0.545091569423676,0.0,0.5343307753403985,0.6757358851886937,0.0,0.5406755208969121,0.6041041924839934,0.0,59.91589016244743,1
354,0.48237383738160167,0.7199766598641879,0.0,0.5082413200289015,0.5478761121630673,0.0,0.5475923828780656,0.6789122670888906,0.0,0.5531344041228299,0.6073811873793606,0.0,59.91589016244743,1
355,0.48737989366054574,0.7204246073961265,0.0,0.5118457302451138,0.5502611696720128,0.0,0.5594257861375813,0.6818839311599736,0.0,0.5642077624797825,0.6103149950504307,0.0,59.91589016244743,1
356,0.4923859499394898,0.720872554928065,0.0,0.5154501404613261,0.5526462271809582,0.0,0.5712591893970971,0.6848555952310567,0.0,0.5752811208367352,0.6132488027215008,0.0,59.91589016244743,1
357,0.4973920062184338,0.7213205024600036,0.0,0.5190545506775384,0.5550312846899037,0.0,0.5830925926566128,0.6878272593021398,0.0,0.5863544791936879,0.6161826103925709,0.0,59.91589016244743,1
358,0.5023980624973777,0.721768449991942,0.0,0.5226589608937506,0.5574163421988492,0.0,0.5949259959161286,0.6907989233732229,0.0,0.5974278375506406,0.619116418063641,0.0,59.91589016244743,1
359,0.5074041187763219,0.7222163975238806,0.0,0.5262633711099629,0.5598013997077946,0.0,0.6067593991756444,0.693770587444306,0.0,0.6085011959075932,0.6220502257347111,0.0,59.91589016244743,1
360,0.5124101750552659,0.7226643450558192,0.0,0.5298677813261752,0.5621864572167401,0.0,0.6185928024351601,0.6967422515153892,0.0,0.6195745542645459,0.6249840334057812,0.0,59.91589016244743,1
361,0.5174162313342099,0.7231122925877577,0.0,0.5334721915423875,0.5645715147256856,0.0,0.6304262056946759,0.6997139155864721,0.0,0.6306479126214986,0.6279178410768514,0.0,59.91589016244743,1
362,0.5224222876131539,0.7235602401196963,0.0,0.5370766017585997,0.566956572234631,0.0,0.6422596089541917,0.7026855796575552,0.0,0.6417212709784513,0.6308516487479214,0.0,59.91589016244743,1
363,0.5274283438920979,0.7240081876516349,0.0,0.540681011974812,0.5693416297435765,0.0,0.6540930122137074,0.7056572437286383,0.0,0.6527946293354039,0.6337854564189916,0.0,59.91589016244743,1
364,0.5324344001710419,0.7244561351835734,0.0,0.5442854221910243,0.571726687252522,0.0,0.6659264154732233,0.7086289077997213,0.0,0.6638679876923566,0.6367192640900616,0.0,59.91589016244743,1
365,0.540247941300983,0.7250174809069866,0.0,0.5502067385684881,0.5744866274652032,0.0,0.6804775269258596,0.7118616018976489,0.0,0.6772836106164121,0.6399277420271016,0.0,59.91589016244743,1
366,0.5440727082036795,0.7262517263491954,0.0,0.5542019197628616,0.5804113731497815,0.0,0.6936111585015348,0.7164444270588108,0.0,0.6903506787050344,0.6462853536719373,0.0,59.91589016244743,1
367,0.5375513984333905,0.7258551237838615,0.9986575841903687,0.5457538243915359,0.5756634594429111,0.9981783032417297,0.6935409268453013,0.7170957341080626,0.9998117685317993,0.6901596820070637,0.6428573592787702,0.9997866153717041,59.91589016244743,0
368,0.5243181023924128,0.7225398401774117,0.9982244968414307,0.5307037588208918,0.5647707230278428,0.9979991316795349,0.6808437635856022,0.7130119353532797,0.9998020529747009,0.6768869817966512,0.6353079282811714,0.9997768998146057,59.91589016244743,0
369,0.5022895687392783,0.7157302488173762,0.9983102679252625,0.5090667617817723,0.5509346134605867,0.9980708956718445,0.642753215417976,0.7010802243437092,0.9998165965080261,0.6411626573119851,0.6206668054773699,0.9997846484184265,59.91589016244743,0
370,0.4808513522148137,0.7067246635754909,0.9983416199684143,0.4891795147032969,0.5379444843246828,0.9981176257133484,0.5957149579411466,0.6863945410365155,0.9998158812522888,0.5983563462893173,0.603376964728038,0.9997583031654358,59.91589016244743,0
371,0.466650010574432,0.69856760047731,0.998481273651123,0.4760900877770927,0.5304681232997354,0.9982340335845947,0.5589985194660373,0.6735885001364215,0.9998330473899841,0.5656721279734662,0.5891696952638177,0.9997797608375549,59.91589016244743,0
372,0.4577807542823614,0.6907819282440918,0.9985811114311218,0.4730715084643595,0.5312040646870935,0.9982955455780029,0.5354982359068738,0.6660233310290751,0.9998422265052795,0.546284982136318,0.5839617167200366,0.999795138835907,59.91589016244743,0
373,0.4531324860595526,0.6855036474409564,0.9986540675163269,0.4708650353408999,0.5273834211485731,0.9984093904495239,0.5255776615369891,0.6613695394425171,0.9998468160629272,0.5386796707198738,0.5785529301280072,0.9998079538345337,59.91589016244743,0
374,0.45463046999204765,0.6834253129504981,0.998730480670929,0.4738247323603861,0.5255437975838075,0.9983202815055847,0.5305915900639129,0.6602489550908412,0.9998577237129211,0.5424789616039826,0.5797838228089474,0.9998202919960022,59.91589016244743,0
375,0.4551080805914746,0.6835123470851359,0.9987219572067261,0.47597053930873,0.5249478618303939,0.998270571231842,0.5286464549246292,0.6578440950030378,0.99982750415802,0.5394478979564852,0.5805735985438033,0.9998059272766113,59.91589016244743,0
376,0.45694821789151185,0.6859709904307416,0.9988041520118713,0.4774935770602457,0.5252072527295072,0.9983222484588623,0.5266622077851073,0.6573236244065426,0.9998234510421753,0.5377850589298071,0.5816270879336771,0.9997952580451965,59.91589016244743,0
377,0.4574500379108251,0.6907084499086658,0.9987472891807556,0.47631524006525716,0.5260317893255329,0.9979626536369324,0.5267073994591127,0.6579274960926607,0.9998114705085754,0.5378639130365286,0.582392275333405,0.9997810125350952,59.91589016244743,0
378,0.4573507067703069,0.6938791558856061,0.9987999796867371,0.4761106797627044,0.5270643376168755,0.9979846477508545,0.5239227839878632,0.6600129405657456,0.9997996091842651,0.5347310531707041,0.5834018871897748,0.9997828006744385,59.91589016244743,0
379,0.45772895926520973,0.6968106684230628,0.9988749623298645,0.47585257036345385,0.5269634070850557,0.9979350566864014,0.523840325219291,0.6626670445714684,0.9998133182525635,0.5349014344669527,0.5838531709852677,0.9997914433479309,59.91589016244743,0
380,0.45844962057613226,0.6994310134933114,0.998972475528717,0.47601750067302195,0.5284193725813007,0.9980826377868652,0.5263569468543647,0.6660124347323468,0.9998311996459961,0.5367129814057128,0.583924804415022,0.9998105764389038,59.91589016244743,0
381,0.4589845850354153,0.7010355279559186,0.9990479946136475,0.47611515153022077,0.5302782115482153,0.9980699419975281,0.5282964507738753,0.6687288454600748,0.9998403191566467,0.5377184379668467,0.5833512147267664,0.9998130202293396,59.91589016244743,0
382,0.4593334283147543,0.7026535953794213,0.9991207718849182,0.47560112249283604,0.5312254457246693,0.998125433921814,0.5303139885266626,0.6707963943481451,0.9998536109924316,0.5402768452962244,0.582821198872158,0.9998266696929932,59.91589016244743,0
383,0.4595398079781309,0.7039935418537691,0.9991918802261353,0.47609270470483,0.5332583444459102,0.9982152581214905,0.5328415859313242,0.6714945690972469,0.9998612999916077,0.5438195353462587,0.5825620265234089,0.9998313188552856,59.91589016244743,0
384,0.4605336955615456,0.7059636314709987,0.9992443323135376,0.4762628035885951,0.5354721744855249,0.9981914162635803,0.5344091029394245,0.6714729042280294,0.9998683929443359,0.5440010996091937,0.5832706661451434,0.99983149766922,59.91589016244743,0
385,0.46152821608952155,0.708598468984877,0.9992915987968445,0.476305023545311,0.5398680681274055,0.9981943368911743,0.535298829986936,0.6721871807461699,0.9998740553855896,0.5435622958909903,0.5844238655907772,0.9998311996459961,59.91589016244743,0
386,0.4632426372596199,0.7131515883264093,0.9993281364440918,0.47805028018497325,0.5444380981581556,0.998292863368988,0.5338544419833596,0.6744774750300822,0.9998827576637268,0.5405300458272302,0.5862334030015133,0.999833345413208,59.91589016244743,0
387,0.464691044319244,0.7170947080566775,0.999373197555542,0.48156471195675116,0.5438932861600607,0.9984180927276611,0.5314155249368581,0.6767584255763468,0.999891459941864,0.5376632724489488,0.5878894215538393,0.9998436570167542,59.91589016244743,0
388,0.4664546323831754,0.7213073379148256,0.9994075894355774,0.48557364672580133,0.5390112497819168,0.9985189437866211,0.529134813124541,0.6786756603806112,0.9998993277549744,0.5348315462864269,0.5890694415127795,0.9998528361320496,59.91589016244743,0
389,0.4678438803348596,0.7233051320232418,0.9994475841522217,0.4891404560003335,0.5334543804958387,0.9985618591308594,0.5281388406400331,0.6787201167729802,0.9999080896377563,0.5337873085466016,0.5891876894014858,0.9998614192008972,59.91589016244743,0
390,0.4694999678740429,0.7231974043543383,0.99947190284729,0.490847159945776,0.5281036089337066,0.9986103177070618,0.5290277959808475,0.6758939018325205,0.9999146461486816,0.5329730435023237,0.5884151278980199,0.9998642802238464,59.91589016244743,0
391,0.4705235701074049,0.7215331843290385,0.0,0.4898424941711329,0.5279353219996059,0.0,0.5311073487397859,0.6727458803111289,0.0,0.5338239020140718,0.5875743444634498,0.0,59.91589016244743,1
392,0.4713156064036035,0.7194720522436521,0.0,0.48854704666390025,0.5297364879537516,0.0,0.5329170249126579,0.6694418469434067,0.0,0.534562937481694,0.5868878424483006,0.0,59.91589016244743,1
393,0.4713858018318816,0.7159248987833664,0.0,0.48763109246889785,0.530246367057165,0.0,0.5347187121709192,0.6653944750626887,0.0,0.5364690224329636,0.5859807630380001,0.0,59.91589016244743,1
394,0.4717425935798225,0.7130070063802937,0.0,0.4867435031467018,0.5307857460445833,0.0,0.5364815460311045,0.6616661416159741,0.0,0.5379286540879148,0.5851482219166231,0.0,59.91589016244743,1
395,0.4720993853277634,0.710089113977221,0.0,0.48585591382450566,0.5313251250320015,0.0,0.53824437989129,0.6579378081692595,0.0,0.539388285742866,0.5843156807952461,0.0,59.91589016244743,1
396,0.4724561770757043,0.7071712215741481,0.0,0.4849683245023096,0.5318645040194196,0.0,0.5400072137514755,0.6542094747225449,0.0,0.5408479173978173,0.5834831396738692,0.0,59.91589016244743,1
397,0.47281296882364526,0.7042533291710753,0.0,0.4840807351801134,0.532403883006838,0.0,0.5417700476116609,0.6504811412758302,0.0,0.5423075490527687,0.5826505985524923,0.0,59.91589016244743,1
398,0.47316976057158616,0.7013354367680027,0.0,0.48319314585791734,0.5329432619942563,0.0,0.5435328814718463,0.6467528078291157,0.0,0.54376718070772,0.5818180574311156,0.0,59.91589016244743,1
399,0.473526552319527,0.6984175443649299,0.0,0.48230555653572127,0.5334826409816746,0.0,0.5452957153320317,0.643024474382401,0.0,0.5452268123626713,0.5809855163097386,0.0,59.91589016244743,1
400,0.47388334406746796,0.6954996519618569,0.0,0.4814179672135251,0.5340220199690929,0.0,0.5470585491922171,0.6392961409356863,0.0,0.5466864440176227,0.5801529751883618,0.0,59.91589016244743,1
401,0.4742401358154088,0.6925817595587842,0.0,0.480530377891329,0.5345613989565112,0.0,0.5488213830524025,0.6355678074889717,0.0,0.548146075672574,0.5793204340669849,0.0,59.91589016244743,1
402,0.4745969275633498,0.6896638671557114,0.0,0.47964278856913284,0.5351007779439294,0.0,0.550584216912588,0.6318394740422572,0.0,0.5496057073275253,0.578487892945608,0.0,59.91589016244743,1
403,0.4749537193112907,0.6867459747526387,0.0,0.4787551992469367,0.5356401569313478,0.0,0.5523470507727734,0.6281111405955425,0.0,0.5510653389824767,0.5776553518242311,0.0,59.91589016244743,1
404,0.4753105110592316,0.6838280823495657,0.0,0.47786760992474064,0.536179535918766,0.0,0.5541098846329588,0.624382807148828,0.0,0.5525249706374278,0.5768228107028541,0.0,59.91589016244743,1
405,0.4756673028071725,0.6809101899464931,0.0,0.4769800206025445,0.5367189149061843,0.0,0.5558727184931442,0.6206544737021134,0.0,0.5539846022923791,0.5759902695814773,0.0,59.91589016244743,1
406,0.4759398985792094,0.6777325909604477,0.0,0.4761209746517206,0.5389032020139951,0.0,0.5613918225601242,0.6158399332768077,0.0,0.5595208031159864,0.5768609639828802,0.0,59.91589016244743,1
407,0.4765118347904673,0.6861385084964617,0.0,0.47510544190961884,0.5278891962041303,0.0,0.5583458006697362,0.6177179589473386,0.0,0.5554308008264617,0.5697333967244188,0.0,59.91589016244743,1
408,0.47661938033406737,0.6625482629215912,0.9994823336601257,0.47411926634728,0.5441808596489925,0.9986844062805176,0.5480858040234404,0.610222062421224,0.9999192953109741,0.5449842034824315,0.5707390630055993,0.9998680353164673,59.91589016244743,0
409,0.4778214170740399,0.6351928743262776,0.9992994070053101,0.47345764873914026,0.5563784891729637,0.9979449510574341,0.5336387865442451,0.5993103624651677,0.9999235272407532,0.5285302625683255,0.573237969485856,0.9998649954795837,59.91589016244743,0
410,0.4790933586499367,0.6099939528044575,0.9991363286972046,0.47327456687375075,0.5622381365527871,0.9975817203521729,0.519720373093767,0.5884252435788911,0.9999045729637146,0.5123644720900946,0.5763339950018148,0.9997864961624146,59.91589016244743,0
411,0.4796748917017668,0.5927542426756456,0.9987586736679077,0.47358351395953313,0.5602601770134203,0.9962354898452759,0.5111863882768726,0.5803642287140806,0.9999046921730042,0.5025893673300748,0.5792097538000066,0.999768078327179,59.91589016244743,0
412,0.4790699758699966,0.5891576224849342,0.0,0.47425749862477934,0.5496893092280347,0.0,0.51303285644168,0.5772799792743869,0.0,0.5051145248469857,0.5811265955368683,0.0,59.91589016244743,1
413,0.47742572568711816,0.6059377846263709,0.0,0.47490059974647747,0.5231124687762492,0.0,0.5134927857489817,0.5855682265190856,0.0,0.5073120012169796,0.5737600454262329,0.0,59.91589016244743,1
414,0.47437481954693833,0.5993367508053784,0.0,0.4754879344254736,0.5221501030027871,0.0,0.5141276270151142,0.5881951898336415,0.0,0.51216196641326,0.5733597017824654,0.0,59.91589016244743,1
415,0.47195674479007765,0.5976669490337376,0.0,0.4760754331946377,0.5148740857839589,0.0,0.5144183635711674,0.5912379026412968,0.0,0.5156476646661763,0.571700438857079,0.0,59.91589016244743,1
416,0.4695386700332168,0.5959971472620968,0.0,0.47666293196380183,0.5075980685651307,0.0,0.5147091001272206,0.5942806154489522,0.0,0.5191333629190926,0.5700411759316926,0.0,59.91589016244743,1
417,0.46712059527635613,0.5943273454904561,0.0,0.4772504307329658,0.5003220513463025,0.0,0.5149998366832738,0.5973233282566075,0.0,0.522619061172009,0.5683819130063061,0.0,59.91589016244743,1
418,0.4647025205194954,0.5926575437188153,0.0,0.47783792950212994,0.4930460341274743,0.0,0.5152905732393269,0.6003660410642628,0.0,0.5261047594249253,0.5667226500809197,0.0,59.91589016244743,1
419,0.4622844457626346,0.5909877419471745,0.0,0.47842542827129403,0.48577001690864596,0.0,0.5155813097953801,0.6034087538719182,0.0,0.5295904576778416,0.5650633871555333,0.0,59.91589016244743,1
420,0.4598663710057739,0.5893179401755337,0.0,0.47901292704045817,0.4784939996898178,0.0,0.5158720463514332,0.6064514666795735,0.0,0.533076155930758,0.5634041242301469,0.0,59.91589016244743,1
421,0.4574482962489132,0.587648138403893,0.0,0.4796004258096222,0.4712179824709896,0.0,0.5161627829074864,0.6094941794872288,0.0,0.5365618541836743,0.5617448613047604,0.0,59.91589016244743,1
422,0.45503022149205247,0.5859783366322522,0.0,0.4801879245787863,0.46394196525216136,0.0,0.5164535194635396,0.6125368922948842,0.0,0.5400475524365906,0.560085598379374,0.0,59.91589016244743,1
423,0.4526121467351917,0.5843085348606114,0.0,0.4807754233479504,0.4566659480333332,0.0,0.5167442560195927,0.6155796051025395,0.0,0.543533250689507,0.5584263354539876,0.0,59.91589016244743,1
424,0.450194071978331,0.5826387330889706,0.0,0.4813629221171144,0.449389930814505,0.0,0.5170349925756459,0.6186223179101948,0.0,0.5470189489424233,0.5567670725286011,0.0,59.91589016244743,1
425,0.44743098815282223,0.5812026517731808,0.0,0.4811711957057321,0.44105565973690614,0.0,0.5171376097769969,0.621487540858133,0.0,0.550819826977594,0.5530174587454119,0.0,59.91589016244743,1
426,0.4450920600266687,0.5790550013383234,0.0,0.48264596611261407,0.4340792461520153,0.0,0.517747473149073,0.6250517680531462,0.0,0.5544320337829141,0.5545508584805902,0.0,59.91589016244743,1
427,0.44413948875098036,0.5778577093567172,0.9988387823104858,0.4858942796431841,0.43119595128865507,0.9965269565582275,0.5185245062623709,0.6285519103209183,0.9999104142189026,0.5564359628728462,0.5590388090127996,0.999788224697113,59.91589016244743,0
428,0.44439954541268845,0.5747943843404457,0.9989027976989746,0.49037447740279533,0.4322719905702844,0.9968165159225464,0.5194395035505299,0.6312933173917594,0.9999033808708191,0.5567967276133247,0.5644224007569613,0.9998031854629517,59.91589016244743,0
429,0.4453653476777534,0.5694174475613099,0.9989911913871765,0.49411523963014325,0.4345641771242736,0.9970042705535889,0.5203081866105401,0.6328950907502862,0.9998923540115356,0.5559827419263981,0.5689224668201951,0.9998146295547485,59.91589016244743,0
430,0.4460700466519314,0.5619658515566875,0.9990308880805969,0.4969618703637808,0.4364368830408373,0.9970185160636902,0.5205577356474744,0.6333148138863705,0.9998704791069031,0.5548431504340403,0.5710746504011613,0.9998207688331604,59.91589016244743,0
431,0.4458457898525968,0.5556062147730878,0.9991014003753662,0.49712802398772504,0.43545838906651485,0.9971892833709717,0.52060383842105,0.6327253353028075,0.9998694062232971,0.554503826867967,0.5688280378069202,0.9998344779014587,59.91589016244743,0
432,0.44546075661977164,0.551838338375092,0.9991655945777893,0.49789046531631875,0.43373250961303744,0.9973955154418945,0.5196143928028293,0.6325724096525288,0.9998778104782104,0.5547343208676297,0.56915656441734,0.9998492002487183,59.91589016244743,0
433,0.44510489418393123,0.5502896223749438,0.9992322325706482,0.49903692376045994,0.43337114651997916,0.9975441098213196,0.5174145953995846,0.6323543105806628,0.9998821020126343,0.5547728765578501,0.5696691444941934,0.9998614192008972,59.91589016244743,0
434,0.445717451118288,0.5493097731045318,0.9992908835411072,0.5006132565793541,0.4341559154646741,0.9976822733879089,0.5142950500760765,0.6316096243404212,0.9998908042907715,0.553811697732835,0.5694464189665662,0.9998739957809448,59.91589016244743,0
435,0.44716044550850315,0.5488667544864477,0.9993442893028259,0.5015923565342317,0.4344736110596433,0.9978528618812561,0.5115521323113219,0.6307243506113693,0.9998965263366699,0.5527611658686687,0.5692517870948433,0.999884307384491,59.91589016244743,0
436,0.4486179834320435,0.5482143248830527,0.9993981122970581,0.502913350150699,0.43458773408617324,0.9979613423347473,0.5096123218536381,0.6301806852931073,0.9999035596847534,0.551310811723982,0.5693827356610983,0.9998944401741028,59.91589016244743,0
437,0.4500963205382941,0.5478389319919409,0.999415397644043,0.5030347279139931,0.43431713751384227,0.9979825019836426,0.5090016013100038,0.6288064292499003,0.99990314245224,0.5500505566596989,0.5705698018982301,0.9999027252197266,59.91589016244743,0
438,0.45117792629060327,0.5485572559492933,0.9994608759880066,0.5041830624852865,0.43412496504329534,0.9981109499931335,0.5079280592146378,0.6268346139362886,0.9999096393585205,0.5479055018652057,0.5693131969088605,0.9999085068702698,59.91589016244743,0
439,0.45103750768161993,0.5477879728589743,0.9994996190071106,0.5057105705851603,0.43410935714131343,0.9982311725616455,0.5073564960843044,0.6238076828774957,0.9999138712882996,0.5460953173183264,0.5666033994583861,0.9999156594276428,59.91589016244743,0
440,0.4521171975703471,0.5465712916283385,0.9995404481887817,0.5070834755897526,0.4340749950636004,0.9983199238777161,0.5058468182881677,0.6199128656160269,0.9999195337295532,0.5442822121438531,0.5605219261986873,0.9999220371246338,59.91589016244743,0
441,0.45326563290187327,0.545327620846885,0.9995806813240051,0.5082627194268367,0.43429962084406937,0.9984187483787537,0.5046212871869409,0.6170702519870944,0.9999266862869263,0.5442139052209405,0.5545839497021271,0.9999276399612427,59.91589016244743,0
442,0.45395594409533946,0.5425191550027761,0.9996150732040405,0.5090190200578603,0.43312021948042406,0.9985014796257019,0.5035586527415687,0.6157257613681617,0.9999315738677979,0.5450399319330856,0.5504244906561719,0.999930202960968,59.91589016244743,0
443,0.45487629515784167,0.5373385576974783,0.9996445775032043,0.5077737711724785,0.4311471581459049,0.9985707402229309,0.5023995581127352,0.6144789826302306,0.999935507774353,0.5468760586920243,0.5496357452301757,0.9999327659606934,59.91589016244743,0
444,0.45251306181862283,0.5316677348954342,0.9996739029884338,0.5062862946873623,0.4283792135261357,0.9986554980278015,0.5012340999784928,0.6140062808990483,0.9999405741691589,0.5472099355288919,0.5496966980752496,0.9999358654022217,59.91589016244743,0
445,0.44876484360013724,0.5274712698800228,0.9996933341026306,0.5051485044615613,0.424678723017375,0.9987018704414368,0.5008735060691838,0.6134466330210373,0.9999430179595947,0.5471729352360684,0.5510680136226477,0.9999372363090515,59.91589016244743,0
446,0.44708733189673683,0.526264778205327,0.999717652797699,0.5044422291574029,0.4247366232531415,0.9987843632698059,0.5002308005378364,0.6120151707104279,0.9999458193778992,0.5456632858230959,0.5512820595786689,0.9999392032623291,59.91589016244743,0
447,0.44643303184282246,0.5260343750317895,0.9997363090515137,0.5048071656908312,0.4287635187307997,0.9988399744033813,0.4998548768815544,0.6110636421612337,0.9999476671218872,0.5439806835992,0.5522044499715174,0.9999436140060425,59.91589016244743,0
448,0.4477048700764069,0.5266280032339554,0.999756932258606,0.5052710033598404,0.4323988911651433,0.9989136457443237,0.4998017123767312,0.6101745764414475,0.9999514818191528,0.5426923916453411,0.551909514835903,0.9999476671218872,59.91589016244743,0
449,0.4514227651414421,0.5251342597461885,0.9997748136520386,0.5049191372735163,0.4329649366083603,0.9989877939224243,0.5005250062261313,0.6095509387197954,0.9999547600746155,0.5415734506788712,0.5512547180766156,0.9999514222145081,59.91589016244743,0
450,0.4531982881682264,0.5223705967267358,0.9997954964637756,0.504185361521585,0.43011797893615034,0.9990562796592712,0.5018185973167423,0.6081147449357174,0.999958872795105,0.5403991568656199,0.5499041392689664,0.9999539256095886,59.91589016244743,0
451,0.4548699770654955,0.5178224756604153,0.9998144507408142,0.5033122102419539,0.4245897517317821,0.9991269707679749,0.5031184837931683,0.6052139883949648,0.9999629259109497,0.5404619347481505,0.546887922854651,0.9999581575393677,59.91589016244743,0
452,0.4556775093078617,0.5149489045143132,0.9998316168785095,0.5034234637305854,0.42110677418254705,0.9991900324821472,0.5034761968113131,0.6009419645581932,0.9999665021896362,0.5404165614218943,0.5435855729239332,0.9999615550041199,59.91589016244743,0
453,0.45626794014658284,0.5116610441889086,0.9998459219932556,0.5039204529353554,0.420450595163164,0.9992377161979675,0.5032486943971547,0.5972816802206498,0.9999696016311646,0.540789922078451,0.5406531833467034,0.9999644756317139,59.91589016244743,0
454,0.45514407470112794,0.5089965945198427,0.9998598098754883,0.5041096551077711,0.4193668422244847,0.9992885589599609,0.5024795447077074,0.5949740693682721,0.9999725222587585,0.5418824439957033,0.5405286692437676,0.9999675154685974,59.91589016244743,0
455,0.45349603323709436,0.5062669089862283,0.9998709559440613,0.50474854026522,0.41688481682822853,0.9993317723274231,0.5019308016413737,0.5949679329281766,0.9999744892120361,0.5414621120407472,0.5438882509867354,0.9999685883522034,59.91589016244743,0
456,0.4511349257968724,0.5052318913596021,0.9998793601989746,0.5055991609891259,0.41544335938635363,0.9993650913238525,0.501520917529152,0.5956473719506041,0.9999763369560242,0.5401238799095158,0.5475276282855447,0.9999696016311646,59.91589016244743,0
457,0.44891302358536533,0.5036080181598668,0.9998903870582581,0.5062696139017744,0.4138231490339555,0.9994168877601624,0.5012340006374181,0.5953666993549896,0.9999786615371704,0.5399563681511657,0.5489223798116052,0.9999724626541138,59.91589016244743,0
458,0.4484026446228939,0.502336917888551,0.999899685382843,0.5066299211411254,0.4124027135826296,0.999448299407959,0.5009696880976363,0.5946499875613627,0.9999807476997375,0.5411155592827575,0.5477513727687658,0.9999748468399048,59.91589016244743,0
459,0.4488724640437538,0.49921187474614137,0.9999086856842041,0.5070489247639978,0.4110814233620965,0.9994947910308838,0.5005763201486501,0.593297157968794,0.9999826550483704,0.5431047734760107,0.5466048036302843,0.9999772310256958,59.91589016244743,0
460,0.4515031703880859,0.49355388823009716,0.9999148845672607,0.506139232998803,0.408565387839363,0.9995280504226685,0.5020572486377902,0.592195039703733,0.9999836087226868,0.5437241622379851,0.5466325254667377,0.9999783635139465,59.91589016244743,0
461,0.4554504241262167,0.48920312807673544,0.9999224543571472,0.5056542498724805,0.4061203655742467,0.999563992023468,0.5046277897698543,0.5909134688831515,0.9999852180480957,0.5416065426099872,0.5475873351097111,0.9999803900718689,59.91589016244743,0
462,0.45773713219733503,0.4865885533037644,0.9999287128448486,0.5062017781393873,0.4047548018750694,0.9995805621147156,0.5066555227552145,0.5892144271305634,0.9999866485595703,0.5381490247590206,0.5480030888602851,0.9999820590019226,59.91589016244743,0
463,0.4573268904572445,0.4843236520176846,0.9999349117279053,0.5078543765204298,0.4036453990709217,0.9996095895767212,0.5073740766161967,0.5868895451227829,0.9999879598617554,0.5361460759526211,0.5473648792221437,0.9999837279319763,59.91589016244743,0
464,0.4571880882694611,0.48281142115592995,0.9999406337738037,0.5081498367445814,0.4018151007947471,0.9996335506439209,0.5071423252423608,0.5852052115258721,0.9999891519546509,0.5352441299529307,0.5457260750588921,0.9999852776527405,59.91589016244743,0
465,0.4561487521444052,0.48237018074308163,0.9999454617500305,0.5091386607715066,0.39923039078712497,0.9996523857116699,0.5057049336887545,0.5842623114585881,0.9999902248382568,0.5346492159934275,0.5441984307198302,0.9999864101409912,59.91589016244743,0
466,0.4606526550792517,0.48158782010986734,0.9999443888664246,0.5063887493950984,0.3982516811007548,0.9995279312133789,0.5069863569168822,0.5852622872307192,0.999990701675415,0.5321574012438461,0.5416555205980942,0.9999814033508301,59.91589016244743,0
467,0.4660355235849112,0.48289265235265133,0.9999381303787231,0.502696446010045,0.3967095556713289,0.9993146657943726,0.5090949506986713,0.5864578371956239,0.9999908804893494,0.5290791335560031,0.5377987821896875,0.99997478723526,59.91589016244743,0
468,0.47141695022583047,0.4838089219161446,0.9999125003814697,0.5003173777035308,0.3980064463047757,0.9991097450256348,0.51099758772623,0.5860194876080471,0.9999901652336121,0.5257885342552553,0.5339076433862964,0.9999614357948303,59.91589016244743,0
469,0.4761143113885611,0.4799431079909919,0.9999011754989624,0.49913532960982593,0.40270329373223474,0.9989541172981262,0.5121297013191954,0.5825999265625368,0.9999908208847046,0.5226939888227558,0.5324783041363674,0.9999610185623169,59.91589016244743,0
470,0.48279789515904054,0.46795308022272053,0.999877393245697,0.49459765212876494,0.41146431224686797,0.9988270998001099,0.5134388832818899,0.5742284229823527,0.9999843239784241,0.5168777448790418,0.536798511232649,0.9999303817749023,59.91589016244743,0
471,0.4885155601160871,0.45419206505730075,0.9998473525047302,0.49011368836675406,0.4218454304195589,0.9988270401954651,0.514727095762889,0.5652296287672864,0.9999687075614929,0.5115122880254477,0.5442754569507785,0.9999065399169922,59.91589016244743,0
472,0.4928562016714191,0.4385515337898621,0.9998330473899841,0.4846354822317763,0.42203654561724013,0.9989041090011597,0.51643127770651,0.5594329351470588,0.9999563694000244,0.5081337889035547,0.5498796701431279,0.9999024271965027,59.91589016244743,0
473,0.49297938460395485,0.42411938593501175,0.9998438358306885,0.4808814837819058,0.41424201499848173,0.9989633560180664,0.5174150523685278,0.558291594187419,0.9999600052833557,0.5079973283268161,0.551510714349293,0.9999049305915833,59.91589016244743,0
474,0.4886988656861445,0.4193481632641387,0.9998535513877869,0.4829508293242686,0.40059200638816506,0.998980700969696,0.517125263100579,0.5619942716189799,0.9999634623527527,0.5105763162885397,0.5466787275813879,0.9999077320098877,59.91589016244743,0
475,0.4804877738157912,0.41607882153420256,0.9998626112937927,0.4887393925871172,0.38380786918458515,0.9989960193634033,0.5151031301135113,0.5671453334036332,0.9999648928642273,0.5150079358191721,0.5384088073457994,0.9999010562896729,59.91589016244743,0
476,0.483097198463622,0.40599020747911396,0.999869704246521,0.4880492729800092,0.37648930436088957,0.9989922046661377,0.5157760211399628,0.5616669314248226,0.9999680519104004,0.5134293437004094,0.5323842338153298,0.9999067783355713,59.91589016244743,0
477,0.4858326017856602,0.3963864019938881,0.9998750686645508,0.48641763556571277,0.37234856401171035,0.9990069270133972,0.5161054105985736,0.5540198626972385,0.9999676942825317,0.5111414988835656,0.5302040804000132,0.999886691570282,59.91589016244743,0
478,0.48999886569522716,0.38565768230529096,0.9998385906219482,0.4825241821152827,0.36798122667130995,0.9990788102149963,0.5163249628884456,0.5447411026273459,0.999926745891571,0.5081401609239128,0.5289889346985595,0.9998868107795715,59.91589016244743,0
479,0.49236986892563994,0.37719915026710177,0.9998447299003601,0.482759433133262,0.36606611098562,0.999148964881897,0.5156999145235338,0.5385153549058102,0.9999307990074158,0.5070972357477465,0.5288350894337612,0.9998935461044312,59.91589016244743,0
480,0.48767079200063473,0.37987602324712877,0.9998421669006348,0.4919500194844749,0.3612269730795,0.9991913437843323,0.5125077508744744,0.5394295255343124,0.9999322295188904,0.5100457668304448,0.5242730435870947,0.9998948574066162,59.91589016244743,0
481,0.4837825525374644,0.3822530224209743,0.9998491406440735,0.4979650562717805,0.3544830580552422,0.9991539120674133,0.5091341166269215,0.5364368274098356,0.9999388456344604,0.5113508729707632,0.5186291847910205,0.9999033808708191,59.91589016244743,0
482,0.4907986138548174,0.38042076996394597,0.9998591542243958,0.4951670297554565,0.35221380988756845,0.9991540908813477,0.5084991568610786,0.5275326456342428,0.999944806098938,0.5083734762100951,0.5111567945707416,0.9999112486839294,59.91589016244743,0
483,0.49209210844267026,0.37413039235841694,0.9997623562812805,0.4950126806894942,0.3496463866460894,0.9991864562034607,0.5054288705190026,0.5199774759156368,0.9999440312385559,0.5058353770346873,0.5025421012015574,0.9999184608459473,59.91589016244743,0
484,0.4938456629003802,0.36494413869721576,0.9997796416282654,0.4919784565766656,0.349011580149333,0.9991238713264465,0.5027740328084859,0.5118028947285248,0.99994957447052,0.5023114454178588,0.493778004532769,0.9999251961708069,59.91589016244743,0
485,0.49117318789164266,0.35605981945991544,0.9997989535331726,0.49212428501674144,0.3451505615597682,0.9990294575691223,0.4998110731442773,0.5067260393074584,0.9999545812606812,0.5006071215584169,0.4845840207168038,0.999932050704956,59.91589016244743,0
486,0.48681297898292575,0.3522157002063028,0.9998099207878113,0.4937243646099458,0.3396053896063853,0.9988205432891846,0.4963949393658415,0.5073270982220064,0.9999590516090393,0.5004587627592545,0.47782664781525064,0.9999346733093262,59.91589016244743,0
487,0.494064311186473,0.3505198700087414,0.9998241066932678,0.48700669691676224,0.33431592725572157,0.998734712600708,0.49687867789041473,0.5000607144264952,0.999963104724884,0.4952551183246435,0.4729555561428982,0.9999396800994873,59.91589016244743,0
488,0.5013870880717327,0.34966962961923537,0.9998244643211365,0.4769231322265811,0.33374248515991967,0.9985609650611877,0.4971294261160355,0.49411953347069915,0.999966561794281,0.49089707930882814,0.47158883299146415,0.9999405145645142,59.91589016244743,0
489,0.5033578759148012,0.3439316139334727,0.9998376369476318,0.4728463930743085,0.33179010947545395,0.9982239603996277,0.4961398229712536,0.48915657543000757,0.9999693036079407,0.4875560715084988,0.47015746860277124,0.9999329447746277,59.91589016244743,0
490,0.5027425941966833,0.3324813942114515,0.9998410940170288,0.47180625512486446,0.32644208272298203,0.9981988072395325,0.49512556337174957,0.48484269636017974,0.9999722838401794,0.4858132047312604,0.4705213109652205,0.9999378323554993,59.91589016244743,0
491,0.4987904628117883,0.3207774573848364,0.9998546838760376,0.47421636467888284,0.3185073009559089,0.9981629252433777,0.49410617209616203,0.4797631303469344,0.9999749064445496,0.4855257372061415,0.4681778876554402,0.9999367594718933,59.91589016244743,0
492,0.49780577421188393,0.3138527430239181,0.9998676776885986,0.4759424797126229,0.31019552974473885,0.9982797503471375,0.49342510246095245,0.4781660437583927,0.9999773502349854,0.4848176013855711,0.4667751746518275,0.9999411106109619,59.91589016244743,0
493,0.5041440838859199,0.31305704088438147,0.999878466129303,0.47612890175410716,0.30299010021345985,0.9983370900154114,0.4947367821420946,0.4749042732375013,0.9999794960021973,0.48290836385318253,0.46158512575285815,0.9999423623085022,59.91589016244743,0
494,0.5075486401716872,0.3169955611228945,0.999889075756073,0.474126273677463,0.3010008505412513,0.9983320832252502,0.4948820798170003,0.4782354604630247,0.9999809265136719,0.4817163518496926,0.4621316549323858,0.9999282360076904,59.91589016244743,0
495,0.5123601697740104,0.3206081546488265,0.9998967051506042,0.47135325130962225,0.2973484084719706,0.9982001185417175,0.49594850341479024,0.4798028440702533,0.9999821186065674,0.4795602815491816,0.46055140381767673,0.9999064207077026,59.91589016244743,0
496,0.5150622980935237,0.31863200238772826,0.9999052882194519,0.4692488483020241,0.2960785811855682,0.9982985854148865,0.49662989661807144,0.4815430272193186,0.9999834895133972,0.47804721906071657,0.46254466970761654,0.9999054670333862,59.91589016244743,0
497,0.5165561238924666,0.3169417807034086,0.999913215637207,0.46807773766063543,0.2957417823019484,0.9983075857162476,0.4975752461524241,0.48173438083557896,0.9999848008155823,0.4771315143221904,0.4628228616146818,0.9998976588249207,59.91589016244743,0
498,0.5161657248224535,0.31453504023097834,0.9999191164970398,0.46901160904339423,0.2953882004533498,0.998432993888855,0.4972663365659264,0.4843690154098333,0.9999856352806091,0.47637419757388927,0.4668232372828896,0.9999001622200012,59.91589016244743,0
499,0.5150278778303241,0.31347941075052554,0.9999235272407532,0.4716510616597679,0.29635450811613195,0.9984952211380005,0.49622955066817187,0.48811109860738155,0.9999858736991882,0.47658243065788675,0.4722593157064351,0.9998888373374939,59.91589016244743,0
500,0.5139814615249638,0.3144312571911587,0.9999298453330994,0.47400298005058694,0.2982676866508668,0.9986045360565186,0.4953880026226956,0.49577236601284613,0.9999871850013733,0.47715590255601104,0.48095699293272876,0.9998974800109863,59.91589016244743,0
501,0.5147267665181845,0.31604796222278075,0.9999330043792725,0.4756286342938745,0.29912787250110107,0.998616099357605,0.49521600632440516,0.49874264143762176,0.9999874234199524,0.4775045542489919,0.48497938116391537,0.9998868107795715,59.91589016244743,0
502,0.515558154810043,0.31638065690086026,0.9999362826347351,0.4772960784889407,0.2997002289408731,0.9986051321029663,0.4952921640305296,0.5013727914719358,0.9999876618385315,0.47766385191962873,0.4878536732423877,0.9998767971992493,59.91589016244743,0
503,0.5178453269458957,0.3195217280160816,0.999936580657959,0.4776606488795511,0.3012263789063411,0.9986228942871094,0.4972220673447567,0.49797952175140425,0.9999872446060181,0.47823678453763363,0.48268259848867184,0.9998673796653748,59.91589016244743,0
504,0.5172553970700222,0.32363227861268207,0.9999368786811829,0.48210481376875053,0.30373023237500896,0.9985175132751465,0.4982351249172578,0.49313397918428736,0.9999863505363464,0.4803155305839724,0.4762923376900813,0.9998492002487183,59.91589016244743,0
505,0.5175339125451592,0.3286571616218207,0.9999373555183411,0.48569510806174543,0.30757184113775005,0.998518705368042,0.4994612208434518,0.488745680877141,0.9999874830245972,0.48342304144586873,0.4702014241899766,0.9998570680618286,59.91589016244743,0
506,0.5188555717468266,0.33387967092650306,0.9999351501464844,0.4861023525396987,0.31032401465234327,0.9984453916549683,0.5008740481876196,0.485616627193633,0.9999884366989136,0.48641088179179637,0.465740317390079,0.9998652338981628,59.91589016244743,0
507,0.5204932122003468,0.3383819503443585,0.9999381303787231,0.48133525961921364,0.3099182531947184,0.9985059499740601,0.5016888919330783,0.48494293434279345,0.9999893307685852,0.4879526836531507,0.46301753464199286,0.9998723268508911,59.91589016244743,0
508,0.5213653246561691,0.34086960837954594,0.9999421834945679,0.4792579071862361,0.31010886317207725,0.998532235622406,0.5017763546534951,0.4874179505166557,0.9999900460243225,0.4886014021578293,0.46514251402446244,0.9998743534088135,59.91589016244743,0
509,0.522220211369651,0.34368304695401897,0.9999456405639648,0.4792358108929229,0.31328069596063546,0.9985402226448059,0.5023966743832546,0.48735227613222065,0.9999907612800598,0.48877541507993466,0.4656699824900858,0.9998770952224731,59.91589016244743,0
510,0.5209103879474463,0.3454152601105829,0.9999355673789978,0.4841652583508268,0.3174469442594622,0.9983728528022766,0.5020602118401305,0.4870010231222429,0.9999907612800598,0.4891532730488554,0.46645873217355677,0.9998795390129089,59.91589016244743,0
511,0.5204958802177797,0.34571599250748075,0.9999306201934814,0.48892956120627307,0.32182143983386835,0.998357892036438,0.502295499756223,0.48686645996002964,0.9999819993972778,0.48912682561647364,0.4678837146077841,0.9998661279678345,59.91589016244743,0
512,0.5210381093479343,0.3462258619921551,0.9999232292175293,0.4909952495779314,0.32504325821286184,0.998422384262085,0.5028714991751175,0.4869236676465901,0.999975323677063,0.48862325861340516,0.4692173614388424,0.9998698234558105,59.91589016244743,0
513,0.5225674793833782,0.34698750433467707,0.9999229311943054,0.4886450696559183,0.32516331757817973,0.9985424280166626,0.5035083946727574,0.4869087153957008,0.9999725222587585,0.4870790626321524,0.46916947336424003,0.9998791813850403,59.91589016244743,0
514,0.5244256485076182,0.3475890684695474,0.9999229311943054,0.4880672139780866,0.3261083534785682,0.9985688328742981,0.5043292982237684,0.4870753004437405,0.9999629259109497,0.48605158641224855,0.46918218050684285,0.9998629093170166,59.91589016244743,0
515,0.5262512224061153,0.34831163429078627,0.9999228715896606,0.4876330807095486,0.3261748282682331,0.9985653758049011,0.5048970608484181,0.48724816526685477,0.9999531507492065,0.48517755383536976,0.4683972781612763,0.9998441934585571,59.91589016244743,0
516,0.5272031908943544,0.34877975923674476,0.9999266266822815,0.4866061153866,0.3250886641797568,0.998532772064209,0.5044093926747644,0.48533471709206033,0.9999500513076782,0.48415756367501794,0.4646650779814951,0.9998182654380798,59.91589016244743,0
517,0.5274825862475808,0.3480342626571658,0.9999300837516785,0.48555903633435604,0.3239057433037533,0.9985154867172241,0.5038704332851232,0.48264827330907223,0.9999476075172424,0.4832328345094412,0.46006091293834545,0.999800443649292,59.91589016244743,0
518,0.5271830274945218,0.3468533016386489,0.9999357461929321,0.48476207114401354,0.32295434815543067,0.9985430240631104,0.5034029029664544,0.4799016160624372,0.9999518394470215,0.4827355274132324,0.45639159991627687,0.9998052716255188,59.91589016244743,0
519,0.526886778218406,0.3455903629461927,0.9999337196350098,0.48419679204622945,0.3216293709618707,0.9985875487327576,0.5031628523554125,0.4777125375611445,0.9999459981918335,0.4822383764244266,0.45452153115045496,0.9998082518577576,59.91589016244743,0
520,0.5274417400360112,0.3449933472133821,0.9999334216117859,0.4847662534032553,0.3195506022090006,0.9985926151275635,0.503571919032506,0.4766683578491215,0.9999392628669739,0.48191529938152894,0.4534161630130953,0.9997988343238831,59.91589016244743,0
521,0.5284921555292043,0.34446250115122146,0.9999349117279053,0.4832898520288017,0.3145163101809368,0.9985848665237427,0.504018054122017,0.47661852978524744,0.9999334812164307,0.481310864289602,0.4531896341414683,0.9997712969779968,59.91589016244743,0
522,0.5295631488164271,0.3444400287809829,0.9999387264251709,0.4786387440704168,0.3088120477540155,0.9985775351524353,0.5041499137878422,0.4741029313632424,0.9999356269836426,0.48041730693408463,0.4499298163822723,0.9997586607933044,59.91589016244743,0
523,0.5303902654420767,0.34405543264888605,0.9999427795410156,0.4756287024134685,0.3052237715039937,0.9985754489898682,0.5042076820418953,0.4744661180745991,0.9999386072158813,0.48002154344604164,0.4488946738697237,0.9997543096542358,59.91589016244743,0
524,0.5304976843652276,0.3434934389023556,0.9999465942382812,0.4731788010824298,0.3030981549194883,0.9985334873199463,0.503847908406031,0.47745708908353574,0.9999426603317261,0.47984177299908265,0.45118500221343305,0.9997521638870239,59.91589016244743,0
525,0.5299075302623572,0.3431140539192021,0.9999499917030334,0.47177746040480517,0.30209014387357824,0.998468816280365,0.5032579955600561,0.48182033782913614,0.9999470114707947,0.4797932604948683,0.455551263831911,0.9997423887252808,59.91589016244743,0
526,0.5309818954694843,0.3431668224788851,0.9999531507492065,0.47234358532088183,0.3014919133413408,0.9984526038169861,0.5029374162356063,0.4859363479273664,0.9999499320983887,0.4797028487636933,0.4598932209469027,0.9997226595878601,59.91589016244743,0
527,0.5329789121945703,0.3427687088648481,0.9999544024467468,0.4716468694664187,0.2994026570093066,0.9983438849449158,0.5032085350581582,0.48860697093464117,0.999950647354126,0.47951652322496724,0.4635853710628695,0.9996902942657471,59.91589016244743,0
528,0.5349931120872502,0.34225997044926626,0.9999569058418274,0.469559653883889,0.29704927830469063,0.9982532858848572,0.5040590365727746,0.48705496816408106,0.999951958656311,0.4792231349718007,0.46209203771182505,0.9996530413627625,59.91589016244743,0
529,0.5363400805564158,0.3411408449922292,0.999958872795105,0.4695534365517756,0.29584754790578593,0.9981332421302795,0.5049697472935635,0.4855966085479377,0.9999540448188782,0.47924107455071985,0.460129973434267,0.9996183514595032,59.91589016244743,0
530,0.5366221155439109,0.3395729717754185,0.9999598264694214,0.4693055252234145,0.2946704611891794,0.9980528354644775,0.5055424287205654,0.4834260372888478,0.9999546408653259,0.4791872004667922,0.4572387011278247,0.9995871782302856,59.91589016244743,0
531,0.5356037304514935,0.33791331733976115,0.9999598264694214,0.46909702817599014,0.29372165316627163,0.9979528188705444,0.5056916957809816,0.48116494928087544,0.9999552965164185,0.47908139228820834,0.45446078124500494,0.9995618462562561,59.91589016244743,0
532,0.5344165251368572,0.33684037838663405,0.9999606013298035,0.46900553362710173,0.29337677643412663,0.9978465437889099,0.5052316501027065,0.4790918855440053,0.9999570846557617,0.47901067137718245,0.45236400621277983,0.9995514154434204,59.91589016244743,0
533,0.5328954174405056,0.33559811966759845,0.9999606609344482,0.46920078850927843,0.29327768796966214,0.9977332353591919,0.5046574558530539,0.47767645830199873,0.9999586343765259,0.4788317666167308,0.4518162920361477,0.9995399713516235,59.91589016244743,0
534,0.5305139252117707,0.3347148966221585,0.9999618530273438,0.46976330450602977,0.2930992997827987,0.9976977109909058,0.5035893945466909,0.47719739874204037,0.9999615550041199,0.47918072768620124,0.45153791421935713,0.9995556473731995,59.91589016244743,0
535,0.5281743549165276,0.33413668615477454,0.9999639391899109,0.4698790056364881,0.29285830826986425,0.9977561831474304,0.5024127193859649,0.47555881454831117,0.99996417760849,0.47909309608595746,0.4505410605952857,0.9995752573013306,59.91589016244743,0
536,0.5259841538610917,0.3337702055772148,0.9999638199806213,0.4702753268537071,0.29259605776696,0.9978388547897339,0.5015008421171283,0.4730903123106279,0.9999673366546631,0.4795413159188774,0.44868713333493226,0.9996057748794556,59.91589016244743,0
537,0.5266245149430779,0.3345085268928894,0.999962568283081,0.4706332484881087,0.2918562960057034,0.997666597366333,0.5011595118613474,0.4711546202500665,0.9999690055847168,0.48010158254986757,0.4472043585209623,0.999595046043396,59.91589016244743,0
538,0.5295458180563795,0.3359369053727107,0.9999627470970154,0.4698181379409067,0.29269553791909014,0.9976891279220581,0.5012132326761886,0.4689752842698782,0.9999715685844421,0.4806590945947742,0.44500457105182506,0.9996180534362793,59.91589016244743,0
539,0.5337150636173434,0.33788614046006005,0.9999625086784363,0.4686305820941929,0.29390961641357083,0.9977942705154419,0.5017982153665456,0.4656586831524262,0.9999738931655884,0.48103617344583827,0.4412116947628206,0.9996397495269775,59.91589016244743,0
540,0.5361947615941369,0.33995371915045264,0.9999608397483826,0.4664160084156767,0.29446716109911625,0.9976247549057007,0.5023066174416319,0.462871896369117,0.999975860118866,0.4810477310702918,0.43826481416111934,0.9996455311775208,59.91589016244743,0
541,0.5349420791580568,0.3414845409847444,0.9999619722366333,0.46637161147026823,0.2962429963407065,0.9976289868354797,0.5023668266478043,0.45956351217769476,0.9999772906303406,0.480111373322351,0.43496618384406716,0.9996521472930908,59.91589016244743,0
542,0.5305939572198055,0.3427903198060538,0.999952495098114,0.4701947754337678,0.29997171532540123,0.997444748878479,0.5023830731709802,0.4571197330951694,0.9999765753746033,0.4801829102493472,0.43277915318807003,0.9996544122695923,59.91589016244743,0
543,0.5262024714833219,0.34403875895908925,0.9999524354934692,0.4764734265350164,0.30508854843321326,0.9973950386047363,0.5021613297008337,0.4587764527116507,0.9999786019325256,0.4812139144965585,0.4345469134194514,0.9996795654296875,59.91589016244743,0
544,0.5232997451509752,0.34439917263530573,0.9999496936798096,0.4821527628671559,0.3115489312580656,0.9973278045654297,0.5020040671030684,0.46239269489333784,0.9999793767929077,0.4829083681106571,0.4380181701410388,0.9996887445449829,59.91589016244743,0
545,0.5219792524973557,0.34484422632626155,0.9999495148658752,0.48577556581724296,0.31625202723911855,0.9974005222320557,0.5017474520774119,0.4654243503298082,0.9999812245368958,0.4846482943920866,0.4405645188831151,0.999715268611908,59.91589016244743,0
546,0.521371736412957,0.3448336833999273,0.9999492764472961,0.4854465723037724,0.3181549424216863,0.9974870681762695,0.5012860794862115,0.46735110311281153,0.9999828934669495,0.4854195600464234,0.44249702777181393,0.9997393488883972,59.91589016244743,0
547,0.5204348876362759,0.344006194954827,0.9999503493309021,0.4853048125902816,0.31985416582652526,0.9975482821464539,0.5001007006281902,0.4688855381239032,0.9999841451644897,0.4852799886748908,0.4436035241399496,0.9997553825378418,59.91589016244743,0
548,0.5196652696246197,0.3443464736143751,0.9999520778656006,0.48303636057036303,0.3172709941864016,0.9976305365562439,0.49910828329268,0.4690741939204084,0.9999854564666748,0.4847511691706525,0.44311982393264804,0.9997721910476685,59.91589016244743,0
549,0.5213408356621156,0.3427976753030507,0.999954879283905,0.48007476045971864,0.31345203376951697,0.9977346062660217,0.4983261979761582,0.46965132582755353,0.9999866485595703,0.4839794919604351,0.4431930241130651,0.9997863173484802,59.91589016244743,0
550,0.5232211039179852,0.3411858067626048,0.9999565482139587,0.4776452723003573,0.3103106646310718,0.9976866245269775,0.49819682751383143,0.46941501895586685,0.9999872446060181,0.48318251399766876,0.4427203365734649,0.9997844099998474,59.91589016244743,0
551,0.5236583749453231,0.3393501511641914,0.9999577403068542,0.47976207875070154,0.30977873291288127,0.9976122379302979,0.49792596555891533,0.47029997195516354,0.9999873638153076,0.4829490624722984,0.44389144579569534,0.9997748732566833,59.91589016244743,0
552,0.5225834591048109,0.33809999341056485,0.9999569654464722,0.4801947971185052,0.30941766926220515,0.9975510239601135,0.4975509459064124,0.4686743503525147,0.9999880790710449,0.4829326896440419,0.4430465740816937,0.999783992767334,59.91589016244743,0
553,0.5205749500365489,0.3372648968583064,0.9999560117721558,0.4815326943283993,0.309763604686374,0.9975360035896301,0.49684181525593757,0.4663793061460771,0.9999889135360718,0.48310687854176515,0.44141251842180923,0.999799370765686,59.91589016244743,0
554,0.5177628454707922,0.33806999098686974,0.9999552369117737,0.48090939720471737,0.3076798816521965,0.9972952604293823,0.4966621044136233,0.4636366878237047,0.9999895095825195,0.48343065806797614,0.43909166824250034,0.9997981786727905,59.91589016244743,0
555,0.5188057848385407,0.33625080755778747,0.9999530911445618,0.4794003083592373,0.3060454357238045,0.9972202181816101,0.4970640625272482,0.46042458642096784,0.9999903440475464,0.4832026930082416,0.4364390855743775,0.9998071193695068,59.91589016244743,0
556,0.5206282479422437,0.3346148956389657,0.9999492168426514,0.47876749294144805,0.306321537210828,0.9971169233322144,0.4979116107736319,0.4578860700130466,0.9999909400939941,0.4825310224578498,0.4342051077456705,0.9998131990432739,59.91589016244743,0
557,0.5218818414778941,0.33278788129488657,0.9999471306800842,0.4826242895353412,0.30994535202071805,0.9968722462654114,0.4983268848487313,0.45837113828886156,0.9999911189079285,0.48186739569618625,0.43497724760146406,0.9998016357421875,59.91589016244743,0
558,0.5227665219988146,0.3317558666070305,0.9999455809593201,0.48038081186158355,0.3090156742504667,0.9965366721153259,0.4985956833476116,0.4577528791768214,0.999990701675415,0.4808423462368197,0.4345803842658092,0.9997705221176147,59.91589016244743,0
559,0.5230478303773067,0.3313346334866118,0.9999434947967529,0.47799899322646044,0.30548749509311884,0.9962214827537537,0.4983941472712021,0.4581426311106912,0.9999898672103882,0.4797604169164389,0.43495082997140466,0.9997333884239197,59.91589016244743,0
560,0.5220333933830266,0.33178246447018245,0.9999403953552246,0.47739988565444985,0.3016837523097086,0.9959664344787598,0.4978199913388211,0.4594914146832061,0.9999868273735046,0.47944609182221587,0.4356099494865966,0.9996636509895325,59.91589016244743,0
561,0.5196242587906978,0.3316522893451512,0.9999397993087769,0.4795336325963342,0.2989165229456768,0.9958575367927551,0.4959481457869216,0.4646079100313645,0.9999855160713196,0.48067621957688145,0.43934261798858676,0.9996307492256165,59.91589016244743,0
562,0.5168293629373827,0.3311597605546318,0.9999417662620544,0.48300308840615447,0.29991766242753914,0.9959949254989624,0.4939851193200978,0.47022832149551064,0.9999865889549255,0.4816562206972217,0.4441785301480978,0.9996572136878967,59.91589016244743,0
563,0.5138125589915689,0.3326896514211385,0.9999420642852783,0.48682623392059726,0.3050756766682582,0.9961881637573242,0.4926148582072489,0.474589247079123,0.9999878406524658,0.48207748929659566,0.4485772181124918,0.9996883273124695,59.91589016244743,0
564,0.5137227120853609,0.3348292055584138,0.9999426603317261,0.48592622932933666,0.3087423131579447,0.9961609244346619,0.49238568260556215,0.4767594365846547,0.9999850392341614,0.48138966304915326,0.45151185279800815,0.9996188879013062,59.91589016244743,0
565,0.5170268813769027,0.3357844409488499,0.9999444484710693,0.48300068151383213,0.3104416444188075,0.9961670637130737,0.4930555394717629,0.4756323184285849,0.9999838471412659,0.47919887446221887,0.4515780238878163,0.9995707869529724,59.91589016244743,0
566,0.5218184647105992,0.335277882360277,0.9999463558197021,0.48027184605598483,0.3097651771136695,0.99617600440979,0.4939019197509406,0.4712587765284951,0.999982476234436,0.4767490455082488,0.4483656925814496,0.9995076060295105,59.91589016244743,0
567,0.5254794955253606,0.33366658432143104,0.9999470114707947,0.47922457967485743,0.3076913796720053,0.9960535764694214,0.4939137725603017,0.46839331870987344,0.9999812245368958,0.47567267219225606,0.44601397854941266,0.9994426965713501,59.91589016244743,0
568,0.5279136129787995,0.3312609791755679,0.9999393820762634,0.4790193708170032,0.3055594634442105,0.995947539806366,0.4940531126090462,0.4650184753395266,0.9999712705612183,0.47494927332514847,0.4427555260204137,0.9993895888328552,59.91589016244743,0
569,0.527874194440388,0.3307750735964097,0.999937117099762,0.4794052115508492,0.30409109592437766,0.9956841468811035,0.4941006785347352,0.462063795044309,0.9999656677246094,0.47490664323171017,0.4393024387813753,0.9992775321006775,59.91589016244743,0
570,0.5276400475274954,0.33086641203789513,0.9999364018440247,0.48001295753887757,0.3030274467808862,0.9957030415534973,0.4938758711020156,0.46204396798497194,0.999963641166687,0.47528050627027274,0.4373057470435191,0.9992409944534302,59.91589016244743,0
571,0.5276090105374658,0.33070572075389704,0.9999390244483948,0.4802330448513943,0.30180114649591017,0.9957185387611389,0.49334926122710854,0.463193713199525,0.9999653697013855,0.47576236157190266,0.435810649678821,0.9992483854293823,59.91589016244743,0
572,0.5275680933679857,0.3306324226515636,0.9999439120292664,0.48004910349845925,0.3007551857403349,0.9960083365440369,0.492646687087559,0.46405197325206976,0.999968409538269,0.4757717138244996,0.4345785521325614,0.999302327632904,59.91589016244743,0
573,0.5273040816897442,0.3304803555920013,0.9999467134475708,0.48034382292202576,0.301116330283029,0.9961833357810974,0.49186623238381927,0.4655169035707205,0.999970555305481,0.4751482109228774,0.43471764950525227,0.9993264079093933,59.91589016244743,0
574,0.527902171725319,0.3302011163461779,0.9999473094940186,0.47628280236607545,0.29844140864553925,0.9961934089660645,0.4913847446441655,0.46469914345514246,0.999970018863678,0.4736044094676067,0.43397385165804947,0.9992650151252747,59.91589016244743,0
575,0.5285987485022776,0.32973775835264324,0.999947726726532,0.4696807449772248,0.2946729844524749,0.9961317181587219,0.4911145851725628,0.4624416757197611,0.9999704957008362,0.47190503705115583,0.43270009188425007,0.9992428421974182,59.91589016244743,0
576,0.5296545057069691,0.3294657482987361,0.999947190284729,0.4632716434342524,0.29103986847968355,0.9960560202598572,0.49117474328903965,0.45843023203668176,0.9999707341194153,0.47022643827256744,0.43006930039042557,0.9992168545722961,59.91589016244743,0
577,0.5298130909601851,0.32926419944990276,0.9999489784240723,0.46139385019029927,0.28957016695113436,0.9960144758224487,0.4908429426806317,0.4583987494309747,0.9999725222587585,0.47045449132011086,0.430008350383668,0.9992427825927734,59.91589016244743,0
578,0.5295210480690007,0.3285350373813087,0.9999497532844543,0.46349139724459004,0.2902299917879561,0.9959011673927307,0.4902798292182745,0.4581899529411683,0.9999726414680481,0.4707544431799938,0.4298968088059202,0.9992104768753052,59.91589016244743,0
579,0.5291016924948924,0.32629734419641065,0.9999523162841797,0.4689632938021709,0.293056293612435,0.9960164427757263,0.4896578888098403,0.45870150980495306,0.999974250793457,0.4707513281277252,0.43073522760754573,0.9992433190345764,59.91589016244743,0
580,0.5299321753638135,0.32317942522820997,0.9999507665634155,0.4713637899784819,0.2939229820455826,0.996105432510376,0.4894326740787147,0.4566720539615272,0.9999716877937317,0.4698436969802497,0.43077388831547364,0.9991903901100159,59.91589016244743,0
581,0.5308793556122557,0.3205643054984867,0.9999532699584961,0.47126053060804135,0.2939509153366091,0.996303915977478,0.48955027830033115,0.4548971951007847,0.9999704360961914,0.4687956060682028,0.430936225822994,0.999140739440918,59.91589016244743,0
582,0.5322862721624833,0.318720557859966,0.9999558925628662,0.4689897923242482,0.2934303794588364,0.9964766502380371,0.49018062012536223,0.4486962556838993,0.9999690055847168,0.46716335983503465,0.42754494150479666,0.9991133809089661,59.91589016244743,0
583,0.5331122818447299,0.31667677845273723,0.9999571442604065,0.4679163623423807,0.29246111852782136,0.9965581297874451,0.4906610676220489,0.4449844800290611,0.9999687075614929,0.4666886230309808,0.4251108410812563,0.9991064667701721,59.91589016244743,0
584,0.5326398384003417,0.3148675206161683,0.9999593496322632,0.467829776661737,0.29118374983469664,0.9967656135559082,0.4905727832090291,0.44130159417788223,0.9999703764915466,0.4662627819038576,0.42215236737614625,0.9991480112075806,59.91589016244743,0
585,0.5313304776237129,0.31274229004269577,0.9999521970748901,0.4688560579504289,0.28945104139191785,0.9967080950737,0.4901081607455303,0.43965497329121583,0.9999670386314392,0.4660611535821646,0.4208891264029915,0.9990789294242859,59.91589016244743,0
586,0.5294531129655389,0.311305554140182,0.9999512434005737,0.47062199456351184,0.2884582011472614,0.9961614012718201,0.48937626821654223,0.43972454184577614,0.9999656677246094,0.46604453807785434,0.4211356966268452,0.9989337921142578,59.91589016244743,0
587,0.5269939956210913,0.3118589023749036,0.9999524354934692,0.47222835960842346,0.28886450472332204,0.996128261089325,0.4882137846379057,0.44288523566155247,0.9999672770500183,0.4664143040066678,0.42342325903120526,0.9989355206489563,59.91589016244743,0
588,0.5254218833787105,0.3125369009517491,0.9999521970748901,0.4725244925135662,0.2897510769821351,0.9960272908210754,0.4872229737894879,0.44442124735741423,0.9999690651893616,0.46654031674067215,0.42467450527917805,0.9989625215530396,59.91589016244743,0
589,0.5259116093317673,0.3108868045466289,0.9999486804008484,0.4712694287300114,0.2884618796053389,0.995819091796875,0.48728395076025144,0.44071482334818196,0.9999690055847168,0.46601558299291734,0.4219729928743275,0.9989103674888611,59.91589016244743,0
590,0.5242985657283242,0.30865089524359957,0.9999440312385559,0.471738091536931,0.28914037204924103,0.9958865642547607,0.4856249235925224,0.444599834226427,0.9999681115150452,0.46604037568682755,0.4256100981008442,0.9988762140274048,59.91589016244743,0
591,0.5233471677416851,0.3051062737192429,0.9999390244483948,0.4724700692154117,0.2895674833229612,0.9957878589630127,0.48371032448042045,0.4536294355278927,0.9999632835388184,0.46621706514131495,0.43235829330626024,0.99873286485672,59.91589016244743,0
592,0.5191938905488882,0.3061102401642575,0.9999427795410156,0.47376020749410036,0.29116665039743717,0.9960161447525024,0.4816681033089051,0.4634965246631989,0.9999664425849915,0.46721815069516537,0.43890009039924294,0.9988275766372681,59.91589016244743,0
593,0.51400295325688,0.3100474703879586,0.999947190284729,0.47434240579605136,0.29326595436959063,0.9962791204452515,0.47992896749859804,0.47152039124852174,0.9999690055847168,0.4682644832701914,0.4437680599235357,0.9988911151885986,59.91589016244743,0
594,0.5104912065324334,0.31491576489948114,0.9999502897262573,0.4738511457329709,0.29431842480387027,0.9964720606803894,0.47942116005080126,0.4739875566391722,0.9999716877937317,0.46883720443362314,0.44523677939460427,0.9989796876907349,59.91589016244743,0
595,0.5100066150937765,0.31850194079535377,0.9999530911445618,0.47232493474369996,0.2936389715898607,0.9966152310371399,0.48058497479983775,0.46758819052151307,0.9999724626541138,0.4685597987402057,0.44124352648144716,0.9989897012710571,59.91589016244743,0
596,0.5099761656352456,0.3201967704863778,0.9999534487724304,0.4724880996204562,0.2943738486085622,0.996591329574585,0.48063878644080427,0.4646325168155492,0.9999731183052063,0.4685644549982892,0.43977714862142325,0.998984694480896,59.91589016244743,0
597,0.5155583705220907,0.3182277367228556,0.9999560117721558,0.4715118294670472,0.292631716955276,0.9967172741889954,0.48131613930066464,0.4613851294631054,0.9999750256538391,0.4679602938038966,0.43570900105294763,0.999040424823761,59.91589016244743,0
598,0.5154866065297812,0.3208486182349072,0.9999560117721558,0.4720304182597573,0.295049914291927,0.9967063665390015,0.48113930083456535,0.460581902946745,0.999976634979248,0.468675499870664,0.4342166653701241,0.9990845322608948,59.91589016244743,0
599,0.5132091669809254,0.32347328606106013,0.9999573230743408,0.4727138777573907,0.2997054940178283,0.996821939945221,0.48063993028232066,0.4621656735738122,0.9999775886535645,0.4695937264533274,0.4346724464779812,0.9991096258163452,59.91589016244743,0
600,0.5080184368860158,0.3278469528470723,0.9999576210975647,0.47398663418633635,0.30434965803509695,0.9969692826271057,0.479867164577757,0.4649644749505183,0.999979555606842,0.47073961013839394,0.4375337106840954,0.9991867542266846,59.91589016244743,0
601,0.5034264893758869,0.3323584496974948,0.9999586343765259,0.47463948953719404,0.3079224541073756,0.996993899345398,0.47914183139801064,0.4674235114029479,0.9999806880950928,0.47169847857384495,0.4406602496192572,0.9992160797119141,59.91589016244743,0
602,0.5041961073875432,0.3348206423577811,0.9999576807022095,0.4731030421597621,0.3084968129793805,0.9970610737800598,0.4791384452865241,0.46612157708122653,0.9999819993972778,0.47116445501645443,0.43936303399858057,0.9992639422416687,59.91589016244743,0
603,0.5103843836557302,0.33441717284066363,0.9999571442604065,0.4694849990663078,0.30500455555461725,0.9971250891685486,0.48043843678065745,0.4616444792066305,0.9999825358390808,0.4693320975417186,0.4346777200698856,0.999277651309967,59.91589016244743,0
604,0.5134056182134723,0.3343555345421748,0.9999544024467468,0.46664422608557243,0.3034662292117166,0.997053325176239,0.48208848777271496,0.4585717888105487,0.9999800324440002,0.4679301565601716,0.43229503432909683,0.9992042779922485,59.91589016244743,0
605,0.5169497160684499,0.33230282862981186,0.9999557733535767,0.4641954529853098,0.30239160146032085,0.9971052408218384,0.483954550254913,0.45637400235448605,0.999980628490448,0.46667239069938693,0.430735080015092,0.9992231726646423,59.91589016244743,0
606,0.5177235376267211,0.3321120455151515,0.999956488609314,0.4634810757069365,0.3015792114394054,0.9971296191215515,0.4851764866283966,0.45657210974466267,0.9999805092811584,0.46627697206678886,0.4315899014472965,0.9992300868034363,59.91589016244743,0
607,0.5180002394176669,0.33182654210499385,0.9999579787254333,0.4633785117240182,0.30154369700522676,0.997282862663269,0.4857916235923771,0.45900239689009564,0.9999809265136719,0.466500058060601,0.433826973040899,0.9992475509643555,59.91589016244743,0
608,0.5200738310813908,0.331604436749504,0.9999591708183289,0.4629475971062982,0.3015419386682059,0.9974134564399719,0.4856168840612688,0.4614270982288182,0.9999820590019226,0.46641741196314535,0.4354594236328492,0.9992864727973938,59.91589016244743,0
609,0.5208211796624324,0.33207889114107436,0.9999604821205139,0.46343721804164745,0.3019197725114371,0.9975497126579285,0.4846188383443019,0.4647780472324012,0.9999833703041077,0.4666487361703604,0.43747372996239464,0.9993318915367126,59.91589016244743,0
610,0.5179453974678407,0.3331673641999565,0.9999610185623169,0.46438513199488357,0.3025951484839124,0.9976759552955627,0.48302055540539013,0.4675429520152868,0.9999846816062927,0.46709982837949515,0.4388421475887302,0.9993771910667419,59.91589016244743,0
611,0.5154104176021761,0.33281281164714294,0.9999597072601318,0.46520786484082577,0.3029243137155263,0.9977423548698425,0.4812882996740799,0.46862142994290346,0.9999856948852539,0.4673867807501842,0.4391506342660817,0.9994106888771057,59.91589016244743,0
612,0.5130743015380137,0.33339220427331495,0.9999575614929199,0.46608086001305393,0.30320010724521845,0.9978006482124329,0.47995193657420965,0.4691322970957986,0.9999865889549255,0.4677267557098756,0.4392885721865158,0.9994445443153381,59.91589016244743,0
613,0.5122920019286024,0.33315496927215965,0.9999563097953796,0.46583130388032856,0.30322595153536136,0.9976701736450195,0.4797905158428923,0.4681591249647598,0.9999870657920837,0.4674820190384278,0.43864426300639237,0.9994401931762695,59.91589016244743,0
614,0.5115498389516562,0.3313945829868319,0.9999540448188782,0.4664688365800044,0.3030263937654952,0.9974976181983948,0.47939734089942243,0.4672999765191763,0.9999867677688599,0.4674912563392098,0.43851356137366554,0.9994027614593506,59.91589016244743,0
615,0.5126281664485027,0.3295179208119713,0.9999514222145081,0.4658170172146392,0.302216742719923,0.9973385334014893,0.4791210804666795,0.466159664449238,0.9999858736991882,0.4662387654894878,0.4381869165670308,0.9993371367454529,59.91589016244743,0
616,0.5118997352463863,0.3274465359392623,0.9999525547027588,0.4661400573594233,0.3020189986342478,0.9973984360694885,0.4785557006086626,0.46710616492089807,0.9999867677688599,0.46573840436481334,0.43967812118076177,0.9993711709976196,59.91589016244743,0
617,0.5105717749822711,0.324701059432257,0.9999483227729797,0.46736294314974863,0.30210470017932733,0.9972358345985413,0.4778455850623906,0.4683234649045131,0.9999836683273315,0.465919965789432,0.4418029174918224,0.9992039203643799,59.91589016244743,0
618,0.5094753929546906,0.3238647849786852,0.9999473094940186,0.46822783209028734,0.303288227035886,0.9973046183586121,0.4782807486397883,0.46985592728569436,0.9999845623970032,0.46693745965049416,0.4441343858128506,0.9992504119873047,59.91589016244743,0
619,0.5097133659181144,0.3243689537048342,0.9999438524246216,0.4673108628817971,0.30461353347415043,0.9971846342086792,0.4797830879688267,0.4695061828408926,0.9999846816062927,0.4673851444607693,0.4449358312856587,0.9992560744285583,59.91589016244743,0
620,0.5102105396134516,0.3246222110021685,0.9999374151229858,0.46640975134713347,0.305359163454601,0.9969431757926941,0.48120275707471977,0.4690260660080686,0.9999833106994629,0.46758308864775194,0.44546587268511484,0.9992151856422424,59.91589016244743,0
621,0.5124575807934719,0.32522107731728356,0.9999362230300903,0.4632985677037924,0.30449620031175184,0.9966511130332947,0.4825141032536829,0.4672527668021978,0.9999808669090271,0.46569046236219896,0.44462411744254016,0.9990327954292297,59.91589016244743,0
622,0.513873120148977,0.32548153826168635,0.999936044216156,0.46135448416074154,0.3034714417798181,0.9964597821235657,0.4831780223619374,0.466590774910791,0.999979555606842,0.4641240494591853,0.44437710018385057,0.9989027976989746,59.91589016244743,0
623,0.5144159112657823,0.3254929170722056,0.9999359250068665,0.46065358178956206,0.3021624102478938,0.996428370475769,0.48292385396503307,0.4652027090390527,0.9999786019325256,0.4630163893813182,0.4435161125092283,0.9988229274749756,59.91589016244743,0
624,0.5143884250095916,0.32559476012275357,0.9999334216117859,0.459711849689484,0.3017238123076305,0.9962655901908875,0.4828779527119232,0.4632797510851001,0.9999781250953674,0.46227192736807354,0.4419208637305672,0.9987626075744629,59.91589016244743,0
625,0.5145433942476912,0.32615619188263334,0.9999290704727173,0.45873285475231385,0.3018326361974083,0.9959661960601807,0.4828082848162882,0.46092436001414383,0.9999768137931824,0.4614061173938573,0.4397813961619427,0.9986659288406372,59.91589016244743,0
626,0.5155456037748432,0.32572280225299677,0.9999245405197144,0.4570707508495879,0.3016233415830706,0.9956661462783813,0.48278966404142876,0.4591484651679088,0.9999736547470093,0.4601414899031325,0.4381609928040281,0.998478889465332,59.91589016244743,0
627,0.5168494780858363,0.3239205323514487,0.9999184608459473,0.4553129346597766,0.3010625044504804,0.99517822265625,0.4826856752236688,0.45823531491415875,0.9999698400497437,0.4587927347137818,0.43757124599956365,0.9982332587242126,59.91589016244743,0
628,0.5183210997354422,0.32160288095474265,0.9999216794967651,0.45358009281612616,0.30031762804303874,0.9953694343566895,0.4827507379509158,0.45807616767429205,0.9999685883522034,0.45771444127673233,0.43787437677383456,0.9981937408447266,59.91589016244743,0
629,0.5194366262072613,0.3189590984866735,0.9999234080314636,0.4527628861722496,0.29934825499852524,0.995456874370575,0.48290306613558853,0.4585036536057794,0.9999661445617676,0.4573576861903784,0.43886168655895086,0.9981089234352112,59.91589016244743,0
630,0.5200141100656422,0.3176638086636864,0.9999250769615173,0.4516367074989141,0.2985365348202844,0.9955630898475647,0.4831867899213522,0.45854258111545054,0.9999623894691467,0.45704595531736136,0.439197720516296,0.9979701638221741,59.91589016244743,0
631,0.5199100176493331,0.31831326371147545,0.9999269843101501,0.45104953220912425,0.2980093061923983,0.9956875443458557,0.48338974231765425,0.4582718511422479,0.9999614953994751,0.4569638641107654,0.4383123616377516,0.997951328754425,59.91589016244743,0
632,0.5198323641504564,0.3193215004035407,0.9999266266822815,0.45091603483472587,0.29692264965602355,0.9957922697067261,0.4831958001568208,0.4575746939295818,0.999959409236908,0.45664205295699023,0.4366330944356468,0.9979145526885986,59.91589016244743,0
633,0.5171766621725904,0.3199654718240105,0.9999294877052307,0.45419907853716934,0.29723310328665253,0.9959088563919067,0.48185166290828196,0.4575422392005015,0.9999603033065796,0.45812138205482883,0.43575622638066647,0.9979536533355713,59.91589016244743,0
634,0.5137943029403691,0.32036664656230407,0.999930739402771,0.4584269481045863,0.29891815355845885,0.995743453502655,0.4802614705903193,0.45796025508926064,0.9999596476554871,0.460353099164509,0.4358095867293225,0.9979418516159058,59.91589016244743,0
635,0.5108129495666145,0.320324968724024,0.999929666519165,0.4625182563350318,0.30190845188640436,0.9955303072929382,0.47885818850426487,0.4586515469210492,0.9999604821205139,0.4630894873823442,0.4367467023077468,0.9980417490005493,59.91589016244743,0
636,0.51097165402912,0.320083049081621,0.9999290704727173,0.4643608686469854,0.3052361465635756,0.9953416585922241,0.47837609620321403,0.4588570779278168,0.9999611973762512,0.4651351911681043,0.43782059067771584,0.9981350898742676,59.91589016244743,0
637,0.5086909106799539,0.32204258158093435,0.9999277591705322,0.46453009474845197,0.30771590414501393,0.9954085350036621,0.4783513985929039,0.4592751193614237,0.9999628067016602,0.46669943843569117,0.43840507950101615,0.99826979637146,59.91589016244743,0
638,0.5033974250157678,0.3262401748271218,0.9999281764030457,0.4639953332287929,0.3085372944672905,0.9955334067344666,0.47761187099275176,0.4606640438238783,0.9999651312828064,0.46740474871226756,0.4388989536535176,0.9984046816825867,59.91589016244743,0
639,0.49782846797080305,0.33016405786786784,0.9999276399612427,0.4650831818580631,0.30886777667772225,0.9957157969474792,0.47609557566188665,0.463169104996182,0.9999683499336243,0.46830831680979085,0.4400700685523809,0.9985540509223938,59.91589016244743,0
640,0.49455641848700427,0.33182624408176997,0.9999307990074158,0.46596253202075083,0.30866566300392173,0.9960063099861145,0.4747843515305296,0.4657389294533506,0.999971330165863,0.46853730934006865,0.4414780267647338,0.9986919164657593,59.91589016244743,0
641,0.49597959717114803,0.3297542432943983,0.9999344348907471,0.4659259191581185,0.3084274530410769,0.9961223006248474,0.47411579319409003,0.46670041339738066,0.9999733567237854,0.46805518865585366,0.4418300716649922,0.9987810254096985,59.91589016244743,0
642,0.4996509679726196,0.32615118793078857,0.9999381899833679,0.4646040939149406,0.30829723392214115,0.9963549375534058,0.4741381832531524,0.46525996781530876,0.9999756217002869,0.4668965907323932,0.4406668742497766,0.9988836646080017,59.91589016244743,0
643,0.49842469748996593,0.3248336286771868,0.9999404549598694,0.46379833420117733,0.30855273490860374,0.9965524673461914,0.473989280916396,0.46396663217317524,0.9999776482582092,0.46644871433575985,0.43959724477359263,0.9989739060401917,59.91589016244743,0
644,0.49145728349685713,0.3274787267049156,0.9999412894248962,0.46434557863644227,0.3100256749561857,0.9967925548553467,0.4728571730000636,0.4649779853366674,0.9999797344207764,0.4668914122240888,0.44047600172814905,0.9990683794021606,59.91589016244743,0
645,0.4886565449691958,0.33057348643030465,0.9999393820762634,0.46534026520592864,0.3113672591391067,0.9969170689582825,0.47213445958637096,0.46722046392304595,0.9999815821647644,0.4674151326928824,0.4424911865166259,0.9991548657417297,59.91589016244743,0
646,0.4906314384369628,0.332035173972448,0.9999393820762634,0.4664849553789415,0.3123774599461331,0.9969950318336487,0.4725879359812967,0.46990332007408175,0.999983012676239,0.4681079898561754,0.44503858827409326,0.9992232322692871,59.91589016244743,0
647,0.4977860862300514,0.3303650291193102,0.9999426603317261,0.46649161832673247,0.3119594014826278,0.9970458745956421,0.4741831308319459,0.47115944254966047,0.9999839663505554,0.4680270879041585,0.4463799979005545,0.9992547631263733,59.91589016244743,0
648,0.5048568433239351,0.3280479482242042,0.9999449849128723,0.46497848771867334,0.3104148024604437,0.9970488548278809,0.4762555587859385,0.4706081492560254,0.999984622001648,0.46716506424404364,0.44618453014464643,0.9992799758911133,59.91589016244743,0
649,0.5094249929700583,0.3256597518920901,0.999947726726532,0.46292542417844174,0.3082789693559922,0.9971052408218384,0.4780095489252185,0.4689938241527198,0.9999849796295166,0.466034924700147,0.4452167976470224,0.9992771744728088,59.91589016244743,0
650,0.5096778415498283,0.32488452536719215,0.9999505877494812,0.461520924454644,0.30693179510888624,0.9972094893455505,0.47889724657649124,0.4678610506511874,0.9999852776527405,0.4652855949742457,0.44469896242732126,0.9992802739143372,59.91589016244743,0
651,0.5099433319909237,0.3242113632815228,0.9999528527259827,0.4605064633346743,0.3055985059056966,0.9973283410072327,0.47929003834724465,0.46689771612485287,0.99998539686203,0.4647419920989449,0.4440407270476935,0.9992795586585999,59.91589016244743,0
652,0.5098555570557008,0.3238257950260528,0.9999551177024841,0.4605332783290322,0.3049903682300025,0.9974015355110168,0.47944955882572027,0.46635178441093117,0.999985933303833,0.4647626649765745,0.44348390329451826,0.9992976188659668,59.91589016244743,0
653,0.5096397712117153,0.3235697732085276,0.9999566078186035,0.46094936558178534,0.3043853555406846,0.9974501729011536,0.4794195904618222,0.4661408066749576,0.9999862313270569,0.46492022134008903,0.4429875598067332,0.9993048906326294,59.91589016244743,0
654,0.5097976383708775,0.32356024214199636,0.9999579191207886,0.4611379788035441,0.30385184146109107,0.997445821762085,0.4792214830716455,0.4664487654254554,0.9999862313270569,0.46484743839218534,0.44276766549973295,0.9992988109588623,59.91589016244743,0
655,0.509331305821737,0.32346846234230797,0.9999594688415527,0.461448267811821,0.30344698400724524,0.9975176453590393,0.47897546064286045,0.46670080650420454,0.9999869465827942,0.46478102746463995,0.4426725010077162,0.999319851398468,59.91589016244743,0
656,0.5076079907871432,0.3230374895391013,0.9999611973762512,0.46226571287427665,0.3033636311690015,0.997557520866394,0.47843167895362526,0.4675035008362365,0.9999875426292419,0.465151755582719,0.4432144746893931,0.9993366599082947,59.91589016244743,0
657,0.505869703633445,0.32243607299668475,0.9999626874923706,0.4624481853984655,0.30300368581499393,0.9976059794425964,0.47786031734375767,0.4682232751732785,0.9999883770942688,0.46526993456341004,0.44377611080805496,0.9993742108345032,59.91589016244743,0
658,0.5048415149961203,0.32067192168462866,0.999963641166687,0.46229206806137485,0.3029299392586665,0.997700035572052,0.47744446992874184,0.46881323768979066,0.9999892711639404,0.4652817476363413,0.4444445329053065,0.9994195103645325,59.91589016244743,0
659,0.5022996692430409,0.3215006703422185,0.9999635815620422,0.46220746778306543,0.3034445345401766,0.9977744817733765,0.47734942606517283,0.4690627086730234,0.9999895095825195,0.4656361015070056,0.44492130194391555,0.9994291663169861,59.91589016244743,0
660,0.49914656508536603,0.3251776865550452,0.9999624490737915,0.46175056554022326,0.30433212291626727,0.997765302658081,0.477355288607734,0.46803400771958525,0.9999898076057434,0.46578071089017997,0.4437634050846103,0.9994485974311829,59.91589016244743,0
661,0.49467091049466855,0.330079610858645,0.9999558329582214,0.46226711358342887,0.3053044038159509,0.9976393580436707,0.4772032215481717,0.4663443139621194,0.9999891519546509,0.4664160595053722,0.4417520619574051,0.999444305896759,59.91589016244743,0
662,0.48957129177593084,0.3346633627301173,0.9999491572380066,0.4642287506943661,0.306031188794545,0.9975926280021667,0.47648986606370874,0.4653273281596959,0.9999891519546509,0.4679400040989834,0.44004899689129456,0.9994559288024902,59.91589016244743,0
663,0.48499352165630927,0.3374993346986319,0.9999312162399292,0.4660955468813582,0.3061368394465676,0.9973239898681641,0.4754136573700682,0.4648599425951644,0.9999871253967285,0.469307607128507,0.43900160278592826,0.999430775642395,59.91589016244743,0
664,0.4843838626430152,0.3369201705569315,0.9999149441719055,0.4678263252689729,0.30624465857233346,0.9971458315849304,0.4743527982916155,0.4643780617486867,0.9999857544898987,0.4705771576790586,0.43881150654384105,0.9994169473648071,59.91589016244743,0
665,0.4879380663235986,0.33610193076587885,0.9999004006385803,0.46679948341278843,0.3059204093047553,0.9971085786819458,0.4741386090006151,0.46237111517361273,0.9999857544898987,0.4704284511861351,0.43769205042294124,0.9994375705718994,59.91589016244743,0
666,0.4883359060401012,0.3366385826042723,0.99989253282547,0.4657657189028608,0.30776971152850585,0.9971029162406921,0.4732953749951866,0.4626707491420568,0.99998539686203,0.47017845795268143,0.4380485160010205,0.9994508624076843,59.91589016244743,0
667,0.48985636943862587,0.3371227128165112,0.9998931288719177,0.4643827094918209,0.3096109174546744,0.9971737861633301,0.472389882519132,0.4630996627467023,0.9999858140945435,0.4693764064993181,0.43825946393467163,0.9994691014289856,59.91589016244743,0
668,0.489921453453246,0.337482137339456,0.9998726844787598,0.4640703158719203,0.3110856896355041,0.9967957735061646,0.4715936112971537,0.4644361947263994,0.9999871253967285,0.4689007713681179,0.4390430762654262,0.9995173215866089,59.91589016244743,0
669,0.48724193232400115,0.33754636843999253,0.9998694062232971,0.4650521278381351,0.31178932672455223,0.996811032295227,0.4710155995119189,0.4659516712029778,0.9999869465827942,0.46892324657667284,0.44010741228149086,0.9995060563087463,59.91589016244743,0
670,0.48546616945947957,0.3370301709288645,0.9998648762702942,0.4665442634196512,0.31147758733658587,0.9968776702880859,0.47099832835651617,0.466157470430647,0.9999871850013733,0.46929577560651903,0.4406322680768516,0.9995205402374268,59.91589016244743,0
671,0.48562728365262386,0.3361567613624394,0.9998601675033569,0.4666876097520196,0.3102774080776035,0.9968758225440979,0.47174835772741447,0.464184661706289,0.9999873042106628,0.4691253545738406,0.4393485543273748,0.9995285868644714,59.91589016244743,0
672,0.48182928562164345,0.3365655371121,0.9998481273651123,0.4682229558626814,0.31113015044303194,0.9967740774154663,0.47170558004152247,0.46476271748542825,0.9999867677688599,0.4700199280466356,0.4400300880273187,0.9995242953300476,59.91589016244743,0
673,0.4809576911585675,0.33689817644300946,0.9998273253440857,0.468876801785969,0.3117364872069588,0.996579647064209,0.4717226510956178,0.4646586648055489,0.9999857544898987,0.4705102003756027,0.44006669947079285,0.9995119571685791,59.91589016244743,0
674,0.4801245998768583,0.33711624713171123,0.9998167157173157,0.4692406228610451,0.31235392320723787,0.9965157508850098,0.47168532013893166,0.4643399942488901,0.9999855756759644,0.47102814061301135,0.44000722680773086,0.9995136857032776,59.91589016244743,0
675,0.4790968525977366,0.3373661083834515,0.99980628490448,0.46966494974635936,0.312734989892869,0.996462881565094,0.47136783316021913,0.46390933791796407,0.999984622001648,0.4714802219754177,0.43982076928729136,0.9995008111000061,59.91589016244743,0
676,0.4787802284672151,0.337892423073451,0.9997959136962891,0.4695128088905701,0.31253891331808936,0.9964604377746582,0.47102706347193074,0.4632731761251181,0.9999842047691345,0.4714293664410005,0.43921981964792556,0.9995015859603882,59.91589016244743,0
677,0.477559776533218,0.33893638707342627,0.9997840523719788,0.47016556206203675,0.312734731606075,0.9964352250099182,0.4705046812693282,0.4627930550348195,0.9999843239784241,0.4718211775734315,0.43862573873429106,0.9995100498199463,59.91589016244743,0
678,0.4763050178686782,0.3400404623576576,0.999774158000946,0.4710686831247243,0.3131204857712703,0.9963748455047607,0.46994704859597375,0.4621492184343796,0.9999843239784241,0.4723213371776403,0.4377255241076155,0.9995132684707642,59.91589016244743,0
679,0.4751712623096651,0.3411140796684086,0.9997569918632507,0.47214444336437084,0.3136422066461475,0.9963226318359375,0.46943052609761593,0.46227773030598995,0.9999836683273315,0.47283794198717427,0.4373484551906589,0.9995113015174866,59.91589016244743,0
680,0.4731179958298097,0.34254816174507163,0.9997493624687195,0.47273383537928304,0.31436418777420433,0.9962738156318665,0.46923343056724226,0.4633151278609325,0.9999838471412659,0.4734306747005103,0.4378183668568024,0.9995219111442566,59.91589016244743,0
681,0.47485219013123325,0.3419112038044705,0.9997327327728271,0.4726142414978576,0.31440337498982773,0.9962515830993652,0.46927233395122386,0.4649302888484232,0.9999845623970032,0.4735330669652852,0.43889085167930275,0.9995466470718384,59.91589016244743,0
682,0.4805606546856112,0.33971254030863474,0.9997206330299377,0.4709367681117289,0.3135254099255519,0.9961458444595337,0.469835331042608,0.46658159721465375,0.9999845623970032,0.47260361484118907,0.44002272685368893,0.9995519518852234,59.91589016244743,0
683,0.4878072312900002,0.3362780866168797,0.9997333288192749,0.4683358995687398,0.3118707764716378,0.9961754679679871,0.47099938846769823,0.4674952541078844,0.9999853372573853,0.47102969317209187,0.44068014195987193,0.9995672702789307,59.91589016244743,0
684,0.49423480885369475,0.33211733897527085,0.9997454881668091,0.4652429521083835,0.3093439993404209,0.9961256980895996,0.47230997823533594,0.46708914069902363,0.9999856352806091,0.46891463370550285,0.44026210194542326,0.9995663166046143,59.91589016244743,0
685,0.49920382244246386,0.32904141431763084,0.9997599124908447,0.46248817585763513,0.3068405474935262,0.9960803389549255,0.4736227407341915,0.4666216288294115,0.9999856948852539,0.46671405150776857,0.43985739917982225,0.9995439648628235,59.91589016244743,0
686,0.5013595521450047,0.3284491683755605,0.9997724890708923,0.45975496087755513,0.30517640000297935,0.9960472583770752,0.47538080527668947,0.4662051697572076,0.9999858140945435,0.46484400119100333,0.4397357631297342,0.9995253682136536,59.91589016244743,0
687,0.5043113146509447,0.32818742876961143,0.9997890591621399,0.45772513179552027,0.30401527881622337,0.996015191078186,0.47692472736040786,0.4654888170106074,0.9999860525131226,0.46335354873112305,0.4394941755703521,0.9994996190071106,59.91589016244743,0
688,0.5065453563417712,0.32850066820780466,0.9998034238815308,0.456267771266756,0.3038326785677958,0.9959757328033447,0.4779054082575302,0.4648273502077379,0.9999858140945435,0.4622367109571188,0.4393295049667362,0.999450147151947,59.91589016244743,0
689,0.5075272860981173,0.32884420667375863,0.9998173117637634,0.4554287081673035,0.3042803335757485,0.9959880113601685,0.47844034291449083,0.46405488252639804,0.9999862909317017,0.4615312275432409,0.4390157659848535,0.9994417428970337,59.91589016244743,0
690,0.5068563421567285,0.3289362532751904,0.9998288154602051,0.4553375144799554,0.30495758283705965,0.9959776997566223,0.47827360601652275,0.46343785240536683,0.9999865293502808,0.46128032037190064,0.4387241729668212,0.9994395971298218,59.91589016244743,0
691,0.5064074425470266,0.3286798113868352,0.9998385310173035,0.4561130007108056,0.30534818626585486,0.9959002137184143,0.47782953012557294,0.4632862948236015,0.9999867081642151,0.46156928510892997,0.4387490238462179,0.9994468092918396,59.91589016244743,0
692,0.5041118250006725,0.3288325156484334,0.9998459815979004,0.45676810400826623,0.30536345924649944,0.9958769679069519,0.47765300813175426,0.4632478044146587,0.9999867677688599,0.46199810504913363,0.43884440546944065,0.9994532465934753,59.91589016244743,0
693,0.4999005510693509,0.32940384461766226,0.9998496770858765,0.4582595967111137,0.30485599523498924,0.9959498047828674,0.4773972460201812,0.46305222738356855,0.9999868869781494,0.46284083809171445,0.43864085135005804,0.999469518661499,59.91589016244743,0
694,0.4934519955090118,0.33206374020803564,0.9998541474342346,0.46096548863819703,0.30447433676038493,0.9960196614265442,0.4768369084312806,0.46342663395972516,0.999987006187439,0.46458357572555575,0.4388188435917812,0.9994875192642212,59.91589016244743,0
695,0.4888054771082746,0.33170594204039827,0.9998547434806824,0.4640473467963086,0.30385558945792085,0.9960767030715942,0.47624626188051167,0.4636102219422662,0.9999872446060181,0.46654672565914374,0.43872846450124503,0.9995088577270508,59.91589016244743,0
696,0.48788270212355156,0.32818913034030395,0.9998478293418884,0.4663591768060415,0.3033227026462557,0.9960323572158813,0.4758804511456266,0.46356058688390867,0.9999868869781494,0.4680830978211906,0.43857869505882296,0.9995189905166626,59.91589016244743,0
697,0.48978526251656707,0.32224407082512296,0.9998510479927063,0.46781120555741484,0.30270534753799466,0.9959867000579834,0.4756902044727692,0.46340008292879414,0.999985933303833,0.46916357676188186,0.4383447823070348,0.9995006322860718,59.91589016244743,0
698,0.49365784582637645,0.3166040096964158,0.9998493194580078,0.4678597223191038,0.3024130023661116,0.9958351254463196,0.4758152436642423,0.4632224412191485,0.9999854564666748,0.4694143093767624,0.43819725513458285,0.9994968771934509,59.91589016244743,0
699,0.4984847789718995,0.3130557125522979,0.9998480081558228,0.4670459770020988,0.3021062271935602,0.9957851767539978,0.4763264187744689,0.4633392251673203,0.9999858140945435,0.4691333770751957,0.4382792101019908,0.99951171875,59.91589016244743,0
700,0.5021391908327743,0.3139573917502452,0.9998558163642883,0.46537938997859085,0.3015532323292326,0.9957149624824524,0.4772455223969055,0.46314689091273753,0.9999860525131226,0.46875725757508085,0.4375053246816003,0.999507486820221,59.91589016244743,0
701,0.5058327955859052,0.3143960975465323,0.9998635053634644,0.4631387066273466,0.30039035138629755,0.9956791996955872,0.4783306661106295,0.4622135772591549,0.9999854564666748,0.4671709069183898,0.437409219287691,0.9994702935218811,59.91589016244743,0
702,0.5084036872500469,0.3146451512972517,0.9998705983161926,0.46088416235787566,0.29951820345152014,0.9956873655319214,0.47926996435437924,0.46106329844111527,0.9999839663505554,0.4647070424897334,0.43893222865604253,0.9994117617607117,59.91589016244743,0
703,0.5088619447889786,0.3146026574430014,0.9998801946640015,0.45886683889797797,0.29903654257456486,0.995744526386261,0.4797517047041942,0.46002761522928914,0.999984622001648,0.46206148749306125,0.4415216786520826,0.9994131922721863,59.91589016244743,0
704,0.5089199911980407,0.3147056159519016,0.9998883008956909,0.45778122260457027,0.2994423778284166,0.9957088232040405,0.4796945282391143,0.45977593319756677,0.9999851584434509,0.46003734497796955,0.44531853000323013,0.9994053840637207,59.91589016244743,0
705,0.5092280138106577,0.31495771237782094,0.9998955726623535,0.45745252853348184,0.30005055382138235,0.9957709312438965,0.47942563607579225,0.4603404161475957,0.9999854564666748,0.459001142354239,0.447557716142564,0.9993884563446045,59.91589016244743,0
706,0.5085123862539023,0.31514354688780677,0.999901294708252,0.4571951145217536,0.30047524826867267,0.9958040714263916,0.4789420792034698,0.46054467416944994,0.9999858736991882,0.4592037839548932,0.4463137714635762,0.9993975162506104,59.91589016244743,0
707,0.506831410385314,0.31425551999182955,0.9999055862426758,0.4570444013391226,0.30064718921979294,0.9958380460739136,0.4783042314506717,0.460716158151627,0.9999857544898987,0.45959597258340784,0.44401178899265503,0.9994032382965088,59.91589016244743,0
708,0.5048075304144908,0.314256005343937,0.999908983707428,0.45795267962274133,0.3010460876283194,0.9959096908569336,0.47718412393615395,0.46094196751004207,0.9999862909317017,0.4605432351430261,0.4416904094673342,0.9994335770606995,59.91589016244743,0
709,0.5002966324488326,0.31640812328883605,0.9999117851257324,0.4596564187890011,0.3014016108853479,0.9959580302238464,0.47565452683539655,0.461085330872309,0.999986469745636,0.46186529880478305,0.43991120940163053,0.9994503259658813,59.91589016244743,0
710,0.4936611467883704,0.3214848779496695,0.9999136924743652,0.46259662934712037,0.30228224538621473,0.9960106611251831,0.47387891865911974,0.46159222580137743,0.9999871850013733,0.4637181602773216,0.43998551084881776,0.9994852542877197,59.91589016244743,0
711,0.4881755709648136,0.3252458941368832,0.9999105930328369,0.46479382969084276,0.3025279612768267,0.9959447383880615,0.47243228554725686,0.4613732979411175,0.9999874234199524,0.46495096882184384,0.4390225027288713,0.9995089173316956,59.91589016244743,0
712,0.4865662810348333,0.3264439588501342,0.9999014735221863,0.46583632060459723,0.30224939755031066,0.9957770109176636,0.47163627403123076,0.460631948141825,0.9999876022338867,0.4656151958874298,0.4375998193309424,0.999531090259552,59.91589016244743,0
713,0.48976557027725987,0.32415527247247267,0.9999033808708191,0.4651850334235604,0.301487716890517,0.9957692623138428,0.471963750464576,0.45968982861155594,0.9999873638153076,0.46541762635821426,0.4360156868185319,0.9995267391204834,59.91589016244743,0
714,0.4969255640393216,0.32082987399328344,0.9999063014984131,0.46377552549044326,0.3005703517368864,0.9958644509315491,0.47313010976428116,0.458909284500849,0.9999874830245972,0.46494009665080516,0.43479888637860653,0.9995313882827759,59.91589016244743,0
715,0.5027772415251963,0.31857207843235585,0.9999083280563354,0.4625334470045003,0.29983679595447743,0.9960028529167175,0.4744230877785459,0.4586139292944049,0.9999874830245972,0.46465577398027724,0.43425423332623103,0.999535322189331,59.91589016244743,0
716,0.5054102767081492,0.3188280491601856,0.9999092221260071,0.4622982314654763,0.3000672658284508,0.9960380792617798,0.4755325430915473,0.4591464073885059,0.999986469745636,0.4650050671327685,0.43479349641572895,0.9995101690292358,59.91589016244743,0
717,0.5056885197049099,0.3185363809267683,0.999910295009613,0.46182669202486715,0.3002758962767467,0.9961354732513428,0.4763069337322602,0.45920265714327524,0.9999865293502808,0.46518269181251565,0.43487476167224737,0.9995192885398865,59.91589016244743,0
718,0.505969725904011,0.31834461007799447,0.9999117851257324,0.46157273934001053,0.30047606286548456,0.9961876273155212,0.4769577029205508,0.4588895056928911,0.9999862909317017,0.4653230664275946,0.4347640687511084,0.9995200037956238,59.91589016244743,0
719,0.5061212125278658,0.3181955998852142,0.999912679195404,0.46176783669562604,0.300658893017542,0.9961539506912231,0.47739462057749465,0.45843740730058613,0.9999854564666748,0.465429721843629,0.43471348427590906,0.9995080232620239,59.91589016244743,0
720,0.5064014508610684,0.31815849883215797,0.9999136328697205,0.4621306970005947,0.3007488108816604,0.9960883855819702,0.4778691799867725,0.45792610020864616,0.999983549118042,0.4654650730746137,0.43474267068363404,0.9994763731956482,59.91589016244743,0
721,0.5067446260225209,0.3181988256318231,0.9999153017997742,0.46227147749492137,0.3006436640308019,0.9960120320320129,0.4783181221712207,0.4574672863596965,0.9999822974205017,0.46536378633408354,0.4347739503497172,0.999456524848938,59.91589016244743,0
722,0.5070739445232213,0.3181283984865464,0.9999154806137085,0.46250406333378424,0.3003242583501909,0.995851993560791,0.4786853293577834,0.45728632949647485,0.9999796152114868,0.46518396905490367,0.434880790256319,0.9994168281555176,59.91589016244743,0
723,0.5074041911533904,0.3179231938861668,0.9999184012413025,0.4626367588837945,0.29979146236465115,0.9958072900772095,0.47895821361314717,0.45844378783589357,0.9999777674674988,0.464991200537909,0.43535736912772804,0.9993672370910645,59.91589016244743,0
724,0.5076119474002297,0.3176592588424685,0.9999227523803711,0.463011714674178,0.299150864283244,0.9958619475364685,0.4789747212614336,0.46010909335953887,0.9999781250953674,0.4649199247360233,0.4358545768828622,0.9993675351142883,59.91589016244743,0
725,0.5089668035507207,0.3164692137922562,0.9999280571937561,0.463772079774312,0.2986327792916982,0.9960501790046692,0.478771072058451,0.4623609057494576,0.9999792575836182,0.465245502335685,0.43683315600667716,0.9993885159492493,59.91589016244743,0
726,0.5069657365481063,0.3174711607751395,0.9999306797981262,0.4646725541069398,0.2984536176636108,0.9961113333702087,0.47828668781689276,0.4644868913150973,0.999979555606842,0.46588642540432196,0.43789498578934477,0.9993953704833984,59.91589016244743,0
727,0.5015894728047512,0.32162958099728567,0.9999322295188904,0.4653248928842094,0.298525283734004,0.9961652159690857,0.47762835877282317,0.4653611665680299,0.9999799132347107,0.4664973701749533,0.4383499920368198,0.999406635761261,59.91589016244743,0
728,0.49738461630685027,0.3258030442964466,0.9999313950538635,0.46491522874151,0.298687054997399,0.9961299896240234,0.47753657755397655,0.46481707124483057,0.9999803304672241,0.4668188875629792,0.4381694992383325,0.9994251132011414,59.91589016244743,0
729,0.4960167819545387,0.3282533259618853,0.9999276995658875,0.4636278322764809,0.2990948827493761,0.9961147308349609,0.47827868802206897,0.46425398758479564,0.999980092048645,0.46682909982545073,0.4379702664556961,0.9994341731071472,59.91589016244743,0
730,0.4986462962059751,0.3268175139313655,0.9999295473098755,0.4621644445828033,0.2989802658557894,0.9962100982666016,0.4793204040754413,0.4633485291685381,0.9999797940254211,0.46664640875089775,0.4373557652745932,0.9994354248046875,59.91589016244743,0
731,0.5031445650827322,0.32346023690132897,0.9999316334724426,0.4609775046507521,0.29844227007457214,0.9962778687477112,0.4804334853376665,0.46279340272858066,0.9999802708625793,0.46652323007583657,0.4367241745903382,0.9994489550590515,59.91589016244743,0
732,0.5037147814319252,0.32260849646159606,0.9999342560768127,0.4603892479624071,0.29750718814986116,0.9963071346282959,0.48102887329601146,0.4625594615936283,0.9999813437461853,0.46649683515230855,0.43608739688282955,0.9994726181030273,59.91589016244743,0
733,0.5000192097255165,0.3252264005797253,0.9999359250068665,0.4609167107513977,0.2965454473381953,0.9963758587837219,0.4807858282611488,0.46280528392110587,0.9999824166297913,0.46670502991903434,0.43560595597539664,0.9994984865188599,59.91589016244743,0
734,0.4956754928543458,0.3293494752475196,0.9999384880065918,0.4613253885791419,0.29595472131456674,0.99653559923172,0.48052088561512213,0.46325510030701084,0.999983549118042,0.46700627747036205,0.4354158412842527,0.9995279908180237,59.91589016244743,0
735,0.4951209965206332,0.330230228957676,0.999941885471344,0.46164300328209323,0.29557527105013554,0.9967250823974609,0.48040547115462207,0.46371019738061126,0.999984860420227,0.46728148204939746,0.43558004072734324,0.9995626211166382,59.91589016244743,0
736,0.497219793853306,0.3277853670574372,0.9999439716339111,0.461964180072149,0.295101705051604,0.9968692064285278,0.4803043859345576,0.46428206704911773,0.9999858140945435,0.46756226250103583,0.43602541372889597,0.9995892643928528,59.91589016244743,0
737,0.4988484340054652,0.3252645503906979,0.9999475479125977,0.462242716834659,0.294704854488373,0.9970468878746033,0.4802141317299438,0.464767599389667,0.9999868869781494,0.4677657555966154,0.43639434803099897,0.9996166825294495,59.91589016244743,0
738,0.4998622238636021,0.3235372092042653,0.9999503493309021,0.46216849202201515,0.2943051684470406,0.9971818327903748,0.4801562754880818,0.4639183226085848,0.9999879002571106,0.467719483943213,0.4357518156369531,0.9996451735496521,59.91589016244743,0
739,0.4994836279324127,0.32348695681208683,0.9999533891677856,0.4621725195930121,0.2939724609965372,0.9973098039627075,0.48012450621241654,0.4631292294888273,0.9999889135360718,0.46759292057582347,0.43526784720875,0.9996715188026428,59.91589016244743,0
740,0.49721532918158073,0.3261496907188781,0.9999562501907349,0.46243714292844174,0.2943868537743889,0.9974194765090942,0.48003630836804745,0.46287775323504526,0.9999897480010986,0.4675744119144625,0.4351698188554676,0.9996918439865112,59.91589016244743,0
741,0.49676734634808173,0.32762645681699143,0.9999585747718811,0.4627141782215667,0.2949337689649493,0.9975114464759827,0.4799379919256487,0.4631534843217763,0.9999905228614807,0.4675000678925291,0.4354143341382348,0.9997113347053528,59.91589016244743,0
742,0.4963434239228571,0.32904946662130835,0.9999605417251587,0.46301594234648247,0.2957265462194173,0.9976058006286621,0.47994927565256795,0.4638079461597265,0.999991238117218,0.4673938524155393,0.43608169896262067,0.999729335308075,59.91589016244743,0
743,0.49623076688675694,0.32968788913318114,0.999962329864502,0.462976245653062,0.29630490853672964,0.9976853728294373,0.4799160389673146,0.464331115995135,0.9999917149543762,0.4671347836653395,0.4366433819135034,0.9997377991676331,59.91589016244743,0
744,0.49538717809177624,0.33060938119888333,0.9999623894691467,0.4632194765976501,0.2967944783823833,0.9976864457130432,0.47930856403850414,0.46390900867325957,0.9999916553497314,0.46685996935481155,0.4362244535060159,0.9997326135635376,59.91589016244743,0
745,0.4939123321147196,0.3316891590754194,0.9999624490737915,0.46402824634597456,0.2970442686762131,0.9977056980133057,0.4781507040773123,0.46359569827715597,0.9999919533729553,0.46679703678403617,0.4357799121311736,0.9997367262840271,59.91589016244743,0
746,0.49204059299968583,0.3333969258126761,0.9999622106552124,0.46529268225034115,0.2977135181427004,0.9977306723594666,0.4767536123593652,0.46424963644572703,0.9999924898147583,0.46705433016731657,0.4358488818009698,0.9997518658638,59.91589016244743,0
747,0.49063937720798345,0.33488809068997727,0.9999628067016602,0.4664776921272281,0.2983921894005369,0.9977626204490662,0.4755824208259586,0.4654681157498136,0.999993085861206,0.4674293484006613,0.43639061138743485,0.9997686743736267,59.91589016244743,0
748,0.4902398813338511,0.3358397767657328,0.9999637007713318,0.4671251702876321,0.29880442931538564,0.9978015422821045,0.4751337099642985,0.4664984771183563,0.9999935626983643,0.4676853503499716,0.43696295789309947,0.9997817873954773,59.91589016244743,0
749,0.49068492083322474,0.33541930431411404,0.99996417760849,0.466868524040495,0.298658378067471,0.9978269934654236,0.47511579025359424,0.4667602096285143,0.9999939799308777,0.46767547017052097,0.4370284492061255,0.9997915625572205,59.91589016244743,0
750,0.48996072156088727,0.3343359047458288,0.99996417760849,0.46702891162463633,0.2989417967342197,0.9978445768356323,0.4744978987035301,0.4679658554849174,0.9999942779541016,0.4677064560708549,0.4385171631971998,0.9997979402542114,59.91589016244743,0
751,0.49060562678745856,0.3328655504045035,0.9999640583992004,0.4669543206691745,0.2990877245153702,0.9978448152542114,0.47498436059270627,0.46879816481045355,0.999994695186615,0.4679969960734961,0.4398869872093204,0.9998102188110352,59.91589016244743,0
752,0.49258868325324323,0.33252296845118234,0.9999649524688721,0.4654556782472705,0.2986183549676625,0.9978722333908081,0.476550141970317,0.46835536758105,0.9999949932098389,0.4673009614149733,0.44025665379705914,0.9998190402984619,59.91589016244743,0
753,0.4962775082815265,0.33050575142815025,0.9999648332595825,0.46328263623373883,0.2980619115488872,0.9978170394897461,0.4784901000204544,0.4671358451956798,0.9999948143959045,0.46620157219114794,0.43983549447286735,0.9998001456260681,59.91589016244743,0
754,0.5014576188155586,0.32633390880766394,0.9999648332595825,0.4611167155560997,0.29753308778717424,0.9976794123649597,0.48043492152577394,0.4656638957205277,0.9999937415122986,0.46505223995163364,0.4387432563872568,0.9997534155845642,59.91589016244743,0
755,0.5051886510281339,0.32250645189058236,0.9999650716781616,0.459634105364482,0.29716628789901756,0.9976785182952881,0.48147874502908655,0.46438392996788064,0.9999939203262329,0.4642219940821334,0.43728839641525663,0.9997575283050537,59.91589016244743,0
756,0.5056377110027136,0.31981054941813175,0.9999654293060303,0.45964589856919824,0.2974933939320703,0.9976187348365784,0.4810258334591279,0.4647958236081263,0.999993622303009,0.4640453571364997,0.4375492107300535,0.9997428059577942,59.91589016244743,0
757,0.5048641534078693,0.31955698984009906,0.999965250492096,0.4602824222473875,0.29777865040869966,0.9975755214691162,0.4808475133918585,0.46532531295503926,0.9999935030937195,0.4645611771515441,0.43793180442991747,0.9997362494468689,59.91589016244743,0
758,0.5019887316794627,0.3230197997320269,0.9999650120735168,0.4604156698499411,0.2975867461590542,0.9975420236587524,0.48093680256889015,0.46496141382626166,0.9999933242797852,0.4645697318372276,0.4377411958717168,0.9997254014015198,59.91589016244743,0
759,0.5016837091672992,0.3250026674497698,0.9999653697013855,0.460399075633004,0.2972805627754759,0.9975508451461792,0.48107092153458403,0.464531501134237,0.9999929666519165,0.46447153176580197,0.43747708343324243,0.9997107982635498,59.91589016244743,0
760,0.5047051906585698,0.32399305843171644,0.9999658465385437,0.4602527462300804,0.29655639046714444,0.9975307583808899,0.48138233593532054,0.46442026325634583,0.9999922513961792,0.46424339924539876,0.4374424715836846,0.9996829032897949,59.91589016244743,0
761,0.5094736814498906,0.3214196137019569,0.9999669790267944,0.4597576274758297,0.2952396089122411,0.9975732564926147,0.4817619110856741,0.4643585554191048,0.9999918341636658,0.4637902804783416,0.43733399964514263,0.9996598958969116,59.91589016244743,0
762,0.5130543112754826,0.3197338126954581,0.9999680519104004,0.45918801284971733,0.2937512298425041,0.997630774974823,0.4820426518008826,0.46429630972090263,0.9999914765357971,0.4633073324248908,0.4371267784209482,0.9996420741081238,59.91589016244743,0
763,0.5136866683051704,0.3193806296303161,0.9999685883522034,0.4586823029177533,0.29230036480086213,0.9976839423179626,0.4821546872456872,0.4637918401332132,0.9999907612800598,0.46285072962443075,0.4366348158745542,0.9996125102043152,59.91589016244743,0
764,0.5103565085501902,0.32149328220458284,0.9999690651893616,0.45842000700178637,0.29177796273004464,0.9977131485939026,0.4822098981766478,0.4629930570012051,0.9999905228614807,0.46265014154570483,0.43596847142492057,0.9996027946472168,59.91589016244743,0
765,0.5071501135826115,0.3245893191723599,0.9999677538871765,0.45828007516406866,0.29265998516763986,0.997576892375946,0.48225650191307107,0.4623976974260243,0.99998939037323,0.4626653520833882,0.43555530621891964,0.9995611906051636,59.91589016244743,0
766,0.5037390689055129,0.32820111796969487,0.9999675154685974,0.4586999231860755,0.2950533259482613,0.997494637966156,0.48218090193612273,0.46248735132671576,0.9999892115592957,0.46323104415621114,0.43563806017239926,0.9995551705360413,59.91589016244743,0
767,0.5019108142171591,0.3305258467083888,0.9999678134918213,0.45907044694537247,0.2979131951218562,0.9974853992462158,0.4821057191916878,0.4631412525971734,0.99998939037323,0.46391770811308036,0.4361432237284527,0.9995620846748352,59.91589016244743,0
768,0.5002382837590721,0.3331034297034857,0.999967634677887,0.45966293840181294,0.3012310635475888,0.9974417686462402,0.48201914628346804,0.464294784125828,0.9999898076057434,0.4648793680327283,0.43718673501695937,0.9995808005332947,59.91589016244743,0
769,0.49899902372133204,0.33466944098472623,0.9999681711196899,0.46046923029990455,0.30361995810554165,0.9974706768989563,0.48199013159388626,0.4653664827346805,0.9999901652336121,0.4658012503669379,0.438280257440749,0.9995973110198975,59.91589016244743,0
770,0.4981978280203687,0.33529630587214543,0.9999656677246094,0.4613370270956134,0.30451535185178147,0.9974416494369507,0.4820035823753906,0.465544008073353,0.9999897480010986,0.466344861757188,0.43880734699113066,0.999604344367981,59.91589016244743,0
771,0.4975634046963287,0.3352766505309516,0.99996417760849,0.46251380585488855,0.30518480851536733,0.9974207282066345,0.48201308363959944,0.465116062334606,0.9999890923500061,0.4669213209833421,0.4389993477435342,0.9995957016944885,59.91589016244743,0
772,0.4955513221876966,0.3352508885519848,0.9999603033065796,0.46507300649370503,0.3060959194387711,0.997330904006958,0.4813970597017383,0.4644723719074616,0.9999885559082031,0.468003250303723,0.4388660093148553,0.9995959997177124,59.91589016244743,0
773,0.49307651463009106,0.3349268549964544,0.9999500513076782,0.4681052310126172,0.30676241573833307,0.997177004814148,0.4802321082069764,0.46388204182897336,0.9999880194664001,0.46921593802315886,0.43870323612576473,0.9995998740196228,59.91589016244743,0
774,0.4906730552514398,0.33502988304410686,0.9999391436576843,0.47091530476297694,0.3077098642076767,0.997011661529541,0.47891905903816256,0.4635174501509897,0.9999874830245972,0.4704693527448749,0.4386870406922843,0.9996038675308228,59.91589016244743,0
775,0.4893839430241361,0.3347621843928385,0.9999280571937561,0.4726702883130032,0.308011054992676,0.9968509674072266,0.4779153040477212,0.4635000626246138,0.9999867677688599,0.4713049800623034,0.43872284037726306,0.999600887298584,59.91589016244743,0
776,0.4889388056028461,0.3342303562731973,0.9999246597290039,0.473090475513822,0.30763008055232843,0.9967179894447327,0.477325667937597,0.46338917811711666,0.9999862909317017,0.4714071821598783,0.4388151055290589,0.9996010065078735,59.91589016244743,0
777,0.49009132243338127,0.33328700917107745,0.9999228715896606,0.4721666091964362,0.3070837798572724,0.996680736541748,0.4777005215485895,0.4636120327881408,0.9999855160713196,0.4711698165961678,0.4393622605573567,0.9995940327644348,59.91589016244743,0
778,0.49244603372755547,0.3320486389455344,0.9999184608459473,0.47064069906870565,0.30566589747156436,0.9966798424720764,0.4785994646095098,0.46399099060467347,0.9999846816062927,0.47064434346698614,0.4399948304607758,0.9995894432067871,59.91589016244743,0
779,0.4939333739734835,0.3310346787884124,0.9999193549156189,0.47004365069525617,0.30374837205523564,0.996745228767395,0.47928117854254626,0.46441400902611907,0.9999843239784241,0.47055749382291556,0.44053640819731243,0.9995918869972229,59.91589016244743,0
780,0.49245374827157923,0.3306930292220346,0.9999210238456726,0.47190195463952606,0.30278241492453095,0.9968656301498413,0.4787636782441824,0.46484411188534364,0.999984622001648,0.4715119359039129,0.4410754257724402,0.9996065497398376,59.91589016244743,0
781,0.48970350623130837,0.33051093561308753,0.9999078512191772,0.4752014350323454,0.3020260390781223,0.9968062043190002,0.477419373534975,0.46502068638801614,0.9999851584434509,0.4729021901176093,0.4410079859551933,0.9996227622032166,59.91589016244743,0
782,0.4861775948887783,0.3305457248574214,0.9998882412910461,0.4786554518200106,0.3019624764011022,0.9966322779655457,0.47564479141008326,0.46508419087954966,0.9999855160713196,0.4743537093911856,0.44072199151629526,0.9996355175971985,59.91589016244743,0
783,0.48445149830409495,0.33137810939834256,0.9998856782913208,0.48080908116840215,0.30198992717833767,0.9965359568595886,0.4745669648760845,0.4651061736402061,0.99998539686203,0.4751405829475044,0.44015842676162753,0.999632716178894,59.91589016244743,0
784,0.4852148762771065,0.33317957747550264,0.9998863935470581,0.48043441488629335,0.30163717837560766,0.9964259266853333,0.47457304596900973,0.46511267622311947,0.9999853372573853,0.4749476327782589,0.43909397579374804,0.9996253252029419,59.91589016244743,0
785,0.48517239235696374,0.3355725109577182,0.9998815059661865,0.47935711769830647,0.30059684316317264,0.9961495399475098,0.47507962016832295,0.464958862179802,0.9999845623970032,0.47454136326199525,0.43769923562095314,0.9995988607406616,59.91589016244743,0
786,0.4889830237343202,0.334293698980695,0.9998804926872253,0.4772574518408098,0.2992627209141143,0.995969295501709,0.475643675951731,0.46284858101890236,0.9999843239784241,0.4733574291070306,0.4356879549367091,0.9995864033699036,59.91589016244743,0
787,0.4932804050899692,0.3305032934461324,0.9998852610588074,0.4745846702938992,0.29823567327998957,0.9959995150566101,0.475820138340905,0.46040727410997706,0.999984860420227,0.47169261035465093,0.4336805826141724,0.9995918273925781,59.91589016244743,0
788,0.4958777839229224,0.32569707717214336,0.9998875856399536,0.47205216969762565,0.2987617126532966,0.995785653591156,0.47568366641090065,0.4586336484977181,0.9999844431877136,0.4703801700047088,0.4332411246640345,0.9995611310005188,59.91589016244743,0
789,0.4966193167936238,0.3222024540106458,0.9998883008956909,0.4708249625705541,0.30050494699251107,0.9958383440971375,0.4754997066089089,0.45796354327883076,0.9999855756759644,0.46966590200151753,0.43434025418190764,0.9995916485786438,59.91589016244743,0
790,0.4948983703340807,0.3219772662435262,0.9998911023139954,0.4708760579427087,0.3026867437930337,0.9957131147384644,0.47533035278320357,0.4585804698013128,0.9999865293502808,0.4703662594159448,0.435714430752255,0.9996156692504883,59.91589016244743,0
791,0.490587189084008,0.3238793497993835,0.9998951554298401,0.4724927345911666,0.30504868853659883,0.9956614375114441,0.47511152710233456,0.46100827341988004,0.9999869465827942,0.47211911139034124,0.4388484131722226,0.9996278285980225,59.91589016244743,0
792,0.4906919868219471,0.32429756437029184,0.9998975992202759,0.4737776234036404,0.3062469150338857,0.9958639740943909,0.4754899073214762,0.4629063592070629,0.9999880194664001,0.47357880927267565,0.44148165129479944,0.9996598958969116,59.91589016244743,0
793,0.49188064677374743,0.3248364471253897,0.9998980760574341,0.47363766176360034,0.3062632126467571,0.9960508346557617,0.47620212180273913,0.46497473120689425,0.9999880790710449,0.47367866550173116,0.443436294794083,0.9996830821037292,59.91589016244743,0
794,0.49381890325319244,0.3280357477210819,0.9999013543128967,0.4720679933116554,0.3085140131768729,0.9961085915565491,0.4775336995011288,0.4680416839463374,0.9999875426292419,0.47279145746004053,0.4460365374883019,0.9996823668479919,59.91589016244743,0
795,0.4956899157592233,0.3320544191769194,0.9999026656150818,0.46987458353950906,0.3108798492522469,0.9960411190986633,0.4790320041633791,0.4696334444341209,0.9999819397926331,0.471342089630309,0.4461473850976857,0.999629557132721,59.91589016244743,0
796,0.4973279337088271,0.33577651920772766,0.9999075531959534,0.4678850471973423,0.3125463227430982,0.9961040019989014,0.48020451551392,0.4722404267106741,0.9999822378158569,0.4701304875669029,0.44841109429086995,0.9996293783187866,59.91589016244743,0
797,0.4980280683154156,0.338458509672256,0.9999023675918579,0.4671584793499542,0.3202998694919407,0.9961856603622437,0.4810346634615039,0.4788796958469213,0.9999815821647644,0.46983480311575426,0.4577281290576575,0.9996430277824402,59.91589016244743,0
798,0.49778213245528125,0.34313486587433617,0.9999027252197266,0.4679259657859806,0.3286292155583702,0.9964037537574768,0.4818031617573333,0.48520528134845586,0.999973475933075,0.4708227032706854,0.46712133004551876,0.9996482729911804,59.91589016244743,0
799,0.4983328609239492,0.34728078189350337,0.9998695254325867,0.46852521385465384,0.33295447627703373,0.9964473247528076,0.4827865305401034,0.48985259305863194,0.9999579787254333,0.4715019847665518,0.472970925626301,0.9996057748794556,59.91589016244743,0
800,0.49782663867587174,0.3529767081851054,0.9998730421066284,0.4697896426632295,0.3375404264245717,0.9965328574180603,0.4832955357574285,0.49733137658664195,0.9999603629112244,0.4723092828478136,0.4790365071523761,0.9996048212051392,59.91589016244743,0
801,0.49543088106882044,0.3587640765167421,0.9998766183853149,0.4713111775262019,0.3403207191399168,0.9964190125465393,0.4831484073684333,0.5026026808080223,0.9999629259109497,0.47333917305583084,0.48066901734897105,0.9996064901351929,59.91589016244743,0
802,0.4959975580374404,0.3605998016539077,0.9998811483383179,0.47186657928285186,0.34088474228268606,0.9964489936828613,0.48252293467521706,0.5081285025392264,0.9999657273292542,0.4736389787424182,0.4835588250841417,0.9996228814125061,59.91589016244743,0
803,0.49959370351973076,0.3587003392832623,0.9998882412910461,0.47089293882960404,0.34398361898603924,0.996654212474823,0.4831389359065469,0.512368004946482,0.9999688267707825,0.47329410342943135,0.48919345935185793,0.9996498823165894,59.91589016244743,0
804,0.5066799124081933,0.3588724065394632,0.9998915791511536,0.4668265098617194,0.3456091611158283,0.9965826869010925,0.4863714306127461,0.5143784483273828,0.9999706149101257,0.4721969337690448,0.49552873344648496,0.9996404647827148,59.91589016244743,0
805,0.5138337952750074,0.35625482315108914,0.9999003410339355,0.46189024902525444,0.3428615686439335,0.9967939257621765,0.4903519820599333,0.5129002531369531,0.9999716877937317,0.47045906100954366,0.5002428179695497,0.999613881111145,59.91589016244743,0
806,0.5183816239947369,0.3593088799998877,0.9999058842658997,0.4585179274990449,0.3444845775763197,0.9969207048416138,0.4944729790801098,0.5167170308885125,0.9999648332595825,0.4692200904800782,0.5072427619071238,0.9994382858276367,59.91589016244743,0
807,0.5189878032321026,0.3666441270283293,0.9999110102653503,0.4569961527983351,0.3524151458626705,0.9971457123756409,0.4976247236842205,0.5223255753517155,0.9999655485153198,0.4696735697133204,0.514121105273565,0.9994437098503113,59.91589016244743,0
808,0.5187353236334669,0.37299509843190537,0.9999161958694458,0.4584123066493447,0.3618161720888958,0.9973483681678772,0.4985830783843998,0.5307429716700603,0.9999626874923706,0.472253657522656,0.5222637199220208,0.9994198679924011,59.91589016244743,0
809,0.5179596316246764,0.37599572255497915,0.9999210834503174,0.46073687076568637,0.3694661046777456,0.9975379109382629,0.4986371071565723,0.5358019300869538,0.9999660849571228,0.47528330768857724,0.5265358260699685,0.9994701147079468,59.91589016244743,0
810,0.5177087159383869,0.3759062290191653,0.999926745891571,0.4632773271628792,0.3729071404252737,0.997765064239502,0.49866653482119283,0.5405035983948485,0.9999693632125854,0.47836949286006786,0.5321302016576135,0.9995201826095581,59.91589016244743,0
811,0.5173217483929229,0.3738258339109878,0.9999329447746277,0.4647545062360313,0.3717214209692822,0.9979749321937561,0.49844834208488503,0.5423550492241274,0.9999722838401794,0.4805095876966208,0.5367508814448406,0.9995639324188232,59.91589016244743,0
812,0.5178716750372028,0.3768607321239656,0.9999383091926575,0.46328768843696266,0.37059967006955863,0.9981602430343628,0.4995465434732895,0.5451331081844516,0.9999749660491943,0.48131473859151247,0.5402043177967984,0.9996048808097839,59.91589016244743,0
813,0.5189779883339296,0.3821989070801511,0.9999417066574097,0.4592747390270237,0.37035152174177655,0.9983174204826355,0.5011069661095033,0.54710846004032,0.9999768733978271,0.48050500949223873,0.5418933828671777,0.9996313452720642,59.91589016244743,0
814,0.5198496125993279,0.38765138103848445,0.9999445080757141,0.45591313640276626,0.3703352553503857,0.9984738826751709,0.5023025146552498,0.550415850820996,0.9999779462814331,0.4795317337626506,0.545400514489129,0.9996548295021057,59.91589016244743,0
815,0.5204048951466883,0.39212351044019095,0.9999489784240723,0.452988955236617,0.37126536312557434,0.9986132383346558,0.5031677427746004,0.5520716281164264,0.9999793171882629,0.47776285949207525,0.5466616664614001,0.9996750950813293,59.91589016244743,0
816,0.521093743188041,0.39432191848754916,0.9999518990516663,0.45267311306226854,0.3727700085867022,0.9987289905548096,0.5039159144674032,0.5552329193978087,0.9999808669090271,0.47670033006441065,0.5499732096989953,0.9996956586837769,59.91589016244743,0
817,0.5197073306356161,0.39707377694901996,0.9999539256095886,0.45308997659456196,0.3766950439839139,0.9988380074501038,0.5025889234883449,0.5584663209461035,0.9999822378158569,0.4761292877651401,0.552756752286639,0.9997158646583557,59.91589016244743,0
818,0.5162428305262615,0.39757020274798105,0.9999567270278931,0.4535854529766813,0.3798517897015529,0.9989320635795593,0.5003262928553994,0.5605567438261854,0.9999836683273315,0.4770505470888959,0.5552119953291761,0.9997373223304749,59.91589016244743,0
819,0.5120986132394705,0.39678246208599666,0.9999587535858154,0.45603814295360057,0.38091293686912203,0.9989911913871765,0.49761455825396983,0.5618806396211902,0.9999847412109375,0.4781151896431336,0.5563229038601833,0.9997517466545105,59.91589016244743,0
820,0.508567849795024,0.39426584045092294,0.9999607801437378,0.45528879619780077,0.38056028173083384,0.9990776181221008,0.49537105077788984,0.5628140625499548,0.9999860525131226,0.47960209420749156,0.558117928959075,0.9997724294662476,59.91589016244743,0
821,0.5068587263425195,0.39278086026509634,0.999960720539093,0.45305565567243705,0.3801914098716921,0.9991318583488464,0.494808388607843,0.5632532806623554,0.9999869465827942,0.4799273808797204,0.5600274858020605,0.9997836351394653,59.91589016244743,0
822,0.5079449358440584,0.3934074668657215,0.9999585151672363,0.45140845435006316,0.3822146086465748,0.9991912245750427,0.49601325534638946,0.5644638907341735,0.9999870657920837,0.47936163771720197,0.5615742490405132,0.9997845888137817,59.91589016244743,0
823,0.5092065419469565,0.39569907103266067,0.9999570250511169,0.44658664862314895,0.3863332342533842,0.9992454051971436,0.4972752219154726,0.5653851571537204,0.9999872446060181,0.4770747153531941,0.5623675159045632,0.9997885823249817,59.91589016244743,0
824,0.5095202979587377,0.39573284557887517,0.9999578595161438,0.4422042227926712,0.39255557173774386,0.9993011951446533,0.49846931866237143,0.5657370232400445,0.9999879598617554,0.4754198874746054,0.5632297595342004,0.9998002648353577,59.91589016244743,0
825,0.5085714601335076,0.39911797075044575,0.9999611973762512,0.44125667923972756,0.39945346826598793,0.9993672966957092,0.4992442017509828,0.566239178180695,0.9999889731407166,0.4751574127447041,0.563045285996937,0.9998180866241455,59.91589016244743,0
826,0.510563277062916,0.40204770650182486,0.9999610781669617,0.4369258752890999,0.4037554874306637,0.9994109869003296,0.5008476717131483,0.5654306695574811,0.9999890923500061,0.47577130510693544,0.5621753533681237,0.9998205304145813,59.91589016244743,0
827,0.5016921432245349,0.4052008688449863,0.9999598860740662,0.4433289553437918,0.4053595491818023,0.9994337558746338,0.4980759762582329,0.5655898480188284,0.9999896883964539,0.47861681381861404,0.5613150114104866,0.9998297095298767,59.91589016244743,0
828,0.4902302268005556,0.4091016366368252,0.9999542832374573,0.45492126402400823,0.4056391006424317,0.9994492530822754,0.4931776935145972,0.566319102332706,0.9999896287918091,0.4824786228793012,0.5580607737813682,0.9998346567153931,59.91589016244743,0
829,0.48171851322764486,0.41430534635271377,0.999957263469696,0.4638917488711225,0.40395226081212393,0.999473512172699,0.4892793127468658,0.5676785224959968,0.9999905824661255,0.4852137906210767,0.5550101711636503,0.9998498558998108,59.91589016244743,0
830,0.4777561255863738,0.408794972158614,0.9999573230743408,0.46927055148851343,0.399521921362196,0.9994639158248901,0.48679332506089024,0.5685928094954722,0.9999912977218628,0.486821932452066,0.5527600759551643,0.9998598694801331,59.91589016244743,0
831,0.4810722143877124,0.3997219219094234,0.9999541640281677,0.4691167502176198,0.391701617411205,0.9994239211082458,0.4867435608591356,0.5660766590209239,0.9999918937683105,0.4867594398203354,0.5509210143770495,0.9998652338981628,59.91589016244743,0
832,0.4882063752128968,0.3909740575722289,0.9999532699584961,0.46308650573094723,0.38317485934212125,0.9994467496871948,0.49013404193378673,0.5615214790616722,0.999990701675415,0.48538042675881193,0.5495343662443619,0.9998603463172913,59.91589016244743,0
833,0.47676374514897707,0.39161904510997625,0.9999405145645142,0.4643902466410686,0.37684817541213295,0.9994166493415833,0.49096780731564515,0.5607621783301948,0.9999905228614807,0.48717270294825277,0.5491058202016925,0.9998608231544495,59.91589016244743,0
834,0.4639631580738798,0.39943314095338217,0.0,0.46477070734614456,0.3760742750905812,0.0,0.49265246731894397,0.5605011298542936,0.0,0.4891155773685096,0.5464536732151399,0.0,59.91589016244743,1
835,0.46117401548794373,0.41043373942375216,0.99992835521698,0.46164811650912,0.38364529183932744,0.99936842918396,0.4969999790191655,0.5581207474072779,0.9999910593032837,0.48889933171726446,0.5418843570209688,0.999872624874115,59.91589016244743,0
836,0.4666932317472643,0.411700003913471,0.0,0.45638420326369183,0.3903607875108722,0.0,0.501600699765342,0.5532522712435045,0.0,0.48695155410539576,0.5354248370443077,0.0,59.91589016244743,1
837,0.4785594358330685,0.4047848113945556,0.9999234080314636,0.45021410783131954,0.3900785502933324,0.9992409944534302,0.5046022960117889,0.544647145838965,0.9999845027923584,0.483359481607165,0.5269153316815698,0.9998133778572083,59.91589016244743,0
838,0.4869666965234851,0.39597306081226924,0.0,0.4468559587285636,0.38402659907227504,0.0,0.504841777540389,0.5360992210251949,0.0,0.4808021265835993,0.5182934091204693,0.0,59.91589016244743,1
839,0.4811286457947326,0.392544637123744,0.999916672706604,0.4504521219503316,0.37246028156507616,0.9991618394851685,0.5011749920390905,0.531238763105302,0.9999809861183167,0.48282451998619846,0.5120564727556142,0.9997850656509399,59.91589016244743,0
840,0.47374003132184384,0.3902582987433391,0.0,0.4552253775653389,0.3618201783725197,0.0,0.4966526173409966,0.5282555705025087,0.0,0.4839999611888617,0.5077750640256068,0.0,59.91589016244743,1
841,0.47226723886671557,0.3852534237362093,0.9999163150787354,0.4586928018501831,0.35826045558566166,0.9991159439086914,0.4936535287471049,0.5224948837643582,0.9999803304672241,0.4825307670093722,0.5039891018753964,0.9997641444206238,59.91589016244743,0
842,0.4746459559315731,0.3784748564163847,0.9998956322669983,0.4560040923811144,0.35679376125335727,0.9974483251571655,0.4917587084429609,0.5141193710622337,0.9999777674674988,0.47961256546633624,0.4990762259278983,0.999665379524231,59.91589016244743,0
843,0.47962112795738987,0.3714848586491179,0.9998072385787964,0.44629133882976746,0.3544967940875465,0.9956765174865723,0.49139907814207573,0.5043169785113566,0.9999741315841675,0.4760257757845383,0.4902797994159521,0.9994968175888062,59.91589016244743,0
844,0.4834291495028,0.36532749732335434,0.9997613430023193,0.44067792381559134,0.34947285056114225,0.9950008988380432,0.4909981758821582,0.4968131596133826,0.9999703168869019,0.4744493890376322,0.48078438355809205,0.9993959665298462,59.91589016244743,0
845,0.4843544051760723,0.3614959787754788,0.9997238516807556,0.437489557833899,0.33903085759707885,0.9939509630203247,0.4900013804435734,0.4905412168729877,0.9999709129333496,0.47476027834983137,0.47158433709825825,0.9993764162063599,59.91589016244743,0
846,0.48646901760782557,0.35451672474543283,0.9996874928474426,0.4341456961064115,0.32618297707466876,0.9936496615409851,0.4894782531829111,0.486026410545622,0.9999688863754272,0.47299482283138133,0.4638201863992786,0.9993030428886414,59.91589016244743,0
847,0.4876981136344732,0.34271771283376806,0.9996972680091858,0.43328214827038025,0.3139852398917791,0.9936655163764954,0.48903629325685083,0.4802892846720563,0.9999653697013855,0.4703161730652768,0.45778095438366884,0.9991411566734314,59.91589016244743,0
848,0.48952212503978226,0.32701137803849745,0.9997182488441467,0.4303260672660104,0.2995207636129291,0.9940335154533386,0.4891845371041983,0.47482127518880973,0.9999633431434631,0.467111903996695,0.4547360184646792,0.9990125298500061,59.91589016244743,0
849,0.4906625847021743,0.31345330107779756,0.9997353553771973,0.4287346544719881,0.28608094510577997,0.994182288646698,0.4898790262994316,0.470014938286373,0.9999617338180542,0.46454102936245184,0.4510591384910405,0.9989220499992371,59.91589016244743,0
850,0.49078915090788017,0.3032283115954629,0.9997490048408508,0.43422732040995676,0.2742979767776673,0.9944461584091187,0.48887839913368264,0.4685121221201764,0.999956488609314,0.46426105925015076,0.4477292455378037,0.9987748861312866,59.91589016244743,0
851,0.49099488485427173,0.29484786731856233,0.9997426271438599,0.4407731848103663,0.2662751106988818,0.9943303465843201,0.486059862942923,0.46536299302464473,0.999941885471344,0.4645310640335087,0.4482775401501432,0.9986491203308105,59.91589016244743,0
852,0.49203381510007993,0.2942168740999133,0.9997559785842896,0.44760193427403805,0.27008995839527694,0.9944018125534058,0.4847974394048967,0.470150729020437,0.9998504519462585,0.4649917256264463,0.45590280067353056,0.998401403427124,59.91589016244743,0
853,0.4922726736182262,0.295794874429703,0.9997750520706177,0.4526014285428187,0.2775273919105532,0.994563639163971,0.4840488291922074,0.47861258614630964,0.99984210729599,0.46598317225774166,0.46600751365934134,0.9984409213066101,59.91589016244743,0
854,0.4919481348423735,0.3008282113642922,0.9997844696044922,0.4570240591253557,0.28904107638767806,0.9945730566978455,0.4840906971976875,0.4884531214123684,0.9998302459716797,0.4664796817870371,0.4796205461025242,0.9984517097473145,59.91589016244743,0
855,0.4905417107400444,0.3035993434133986,0.9998039603233337,0.460984955231349,0.2966406643390658,0.9950253367424011,0.4846957609767009,0.4947244113399873,0.9998393654823303,0.4661877566859839,0.4889124461582733,0.9985695481300354,59.91589016244743,0
856,0.4897096540246695,0.31596724901880563,0.999819278717041,0.46452731177920425,0.3126690103894191,0.9954171776771545,0.4842764919712434,0.5050734352497832,0.999849259853363,0.4660966140883313,0.5016671915849054,0.9986935257911682,59.91589016244743,0
857,0.48965260812214484,0.33235329673403813,0.9998334050178528,0.4685571080162415,0.33587004741032944,0.9958162903785706,0.4832594522408081,0.5160079158487778,0.9998606443405151,0.46717771320115986,0.519101753121331,0.9988168478012085,59.91589016244743,0
858,0.49044076317832624,0.35770192032768644,0.9998410940170288,0.47352556529499273,0.36713446180025766,0.9960973858833313,0.48449352383613625,0.535305377982912,0.9998698234558105,0.469210179079147,0.5405379136403405,0.9989220499992371,59.91589016244743,0
859,0.4910355295453757,0.3798898926803047,0.999856173992157,0.4770606642677674,0.3907017140161427,0.9964827299118042,0.4859077831109369,0.5550994220234103,0.9998825788497925,0.47160688184556543,0.5579334639367608,0.9990293383598328,59.91589016244743,0
860,0.49092614650726357,0.3986448063736873,0.9998669624328613,0.479325890541077,0.4089810436680207,0.9968143701553345,0.4874397204035808,0.5715376167070303,0.999893069267273,0.47326043248176614,0.5720364281109406,0.9991251826286316,59.91589016244743,0
861,0.4895458703949342,0.40646769461177673,0.999873161315918,0.4786052334876292,0.41794769253049613,0.9970999956130981,0.48907441326550116,0.5812847273690365,0.9999021887779236,0.47355139397439544,0.5794465087708978,0.9992110133171082,59.91589016244743,0
862,0.4872926331701737,0.4163158521765758,0.9998761415481567,0.4772219076043087,0.4288994982129055,0.9973750710487366,0.49049009595598536,0.5908216351554512,0.9999105930328369,0.4732143609296712,0.5879089094343644,0.9992884397506714,59.91589016244743,0
863,0.4848239237353919,0.424728768212455,0.9998733401298523,0.47509671109063323,0.4391060443151569,0.9976170063018799,0.4918791708492101,0.597125215189798,0.9999175071716309,0.47315208542914655,0.594395064172291,0.9993571639060974,59.91589016244743,0
864,0.48248653752463244,0.43183899777276213,0.9998843669891357,0.47332232480957437,0.4476671587853208,0.9978451728820801,0.4932552178700769,0.6008465886116032,0.9999254941940308,0.47402462930906425,0.5990762994402936,0.999420702457428,59.91589016244743,0
865,0.4800399783111758,0.43646262373243094,0.999893844127655,0.47180769273213014,0.4524033992063435,0.9980530738830566,0.49429944299516265,0.6026684358006437,0.9999325275421143,0.4755489868777143,0.6022554068338308,0.999477744102478,59.91589016244743,0
866,0.47831173170180585,0.43978902271815745,0.9999024868011475,0.47011994038309407,0.45531911793209295,0.9982404112815857,0.49531876331283975,0.6044633587201441,0.9999389052391052,0.47724576223464277,0.6053733399936136,0.9995290040969849,59.91589016244743,0
867,0.47680050986153777,0.4418622737839112,0.9998992681503296,0.4685290782224568,0.4590624755337128,0.9983986616134644,0.49643402298291567,0.6055653322310679,0.999943733215332,0.478801236266182,0.6072931176140199,0.9995737671852112,59.91589016244743,0
868,0.47574751575787905,0.44075629682767997,0.9999021887779236,0.4665728864215673,0.45921397918746626,0.9985411763191223,0.4976174377259758,0.6051299713906793,0.9999483823776245,0.479541707606543,0.6073737655367175,0.9996142983436584,59.91589016244743,0
869,0.4749399877729874,0.43843747320629334,0.9998870491981506,0.46483142744927214,0.45692886625017476,0.9983404874801636,0.4983986502601991,0.6031758501416166,0.9999489784240723,0.47968207654498907,0.6057236478442243,0.9996423721313477,59.91589016244743,0
870,0.4743680499848869,0.43696309555144575,0.9998699426651001,0.464057130473001,0.4534226897216982,0.998188316822052,0.4987977728957225,0.6007528163137894,0.9999510049819946,0.47991153314000123,0.6029512399718879,0.9996689558029175,59.91589016244743,0
871,0.47394702264240846,0.4363057868821284,0.999873161315918,0.4637580925510047,0.45022014493034035,0.9981668591499329,0.4987645248572036,0.5988790875389467,0.99995356798172,0.48002966954594606,0.6010373092833023,0.9996954202651978,59.91589016244743,0
872,0.4737907846768701,0.4373828115917391,0.9998344779014587,0.463715011165256,0.4488173567113426,0.9975637793540955,0.4985845159916655,0.5983419815699265,0.9999521374702454,0.47997428689684224,0.6005831190517975,0.9997138381004333,59.91589016244743,0
873,0.47339812063035547,0.4385200738906864,0.9998173117637634,0.46387508795374954,0.4491517501217982,0.9969848990440369,0.4984148002806168,0.5982607915287932,0.9999532103538513,0.4801665118762429,0.6006135486421136,0.9997339248657227,59.91589016244743,0
874,0.4728130570479806,0.4385599153382441,0.9997974634170532,0.46381440616789354,0.4502890322889604,0.9965780973434448,0.4984284667741689,0.5984197287332449,0.9999544024467468,0.4806320496967864,0.6009679635365809,0.9997520446777344,59.91589016244743,0
875,0.4721910910946986,0.43786776349658096,0.9998101592063904,0.46365319689114926,0.45178853897821375,0.9968066215515137,0.49850937866029327,0.59850367477962,0.999955952167511,0.48138712417511753,0.6014469634918944,0.9997710585594177,59.91589016244743,0
876,0.47165048690069333,0.4371326310294018,0.999820351600647,0.46346924134663214,0.4533194133213592,0.9969251155853271,0.4986065924167637,0.5987064810026264,0.9999570250511169,0.4820537978694556,0.6018965840339665,0.9997856020927429,59.91589016244743,0
877,0.47133521522794486,0.43609879414240554,0.9998315572738647,0.46301914822487644,0.45453351736068764,0.9971414804458618,0.49869770237377753,0.5991141029766633,0.9999592900276184,0.4823249692008613,0.6022877267428812,0.999801516532898,59.91589016244743,0
878,0.4711264740853086,0.4357627630233768,0.9998357892036438,0.4621105137325472,0.4557207907949179,0.9973548650741577,0.498641947905223,0.5998000758034847,0.9999609589576721,0.48203737253234535,0.6026968530246195,0.9998144507408142,59.91589016244743,0
879,0.47083440564927637,0.4355198116529559,0.9998247027397156,0.4610586492788228,0.457043134030842,0.9975374341011047,0.49850081687881875,0.60042112781888,0.9999601244926453,0.4816809183075319,0.6030623458680657,0.9998230338096619,59.91589016244743,0
880,0.47054525074504705,0.4354329038233987,0.9998278617858887,0.46024806584630734,0.457835918381101,0.997687816619873,0.4982901002679556,0.6006593817756294,0.9999610185623169,0.4815160802432472,0.603033962703887,0.9998321533203125,59.91589016244743,0
881,0.4702382300581255,0.43532704171680303,0.9998316168785095,0.45967650129681575,0.45802775309199417,0.9978216290473938,0.498012292952765,0.600592360610054,0.9999622702598572,0.48133475723720776,0.6028759394373218,0.9998403191566467,59.91589016244743,0
882,0.4697241811525258,0.434998106388819,0.9998403787612915,0.4594389611766455,0.45760728915532467,0.9979147911071777,0.49773122725032665,0.6004504930405394,0.9999637007713318,0.4812177462237226,0.6026619474093124,0.9998482465744019,59.91589016244743,0
883,0.46881919673510997,0.43474138492629677,0.9998490214347839,0.45926359153929247,0.4572942129203255,0.9980223774909973,0.497401500032062,0.6003945980753222,0.9999654293060303,0.4808834564118162,0.602549913383666,0.9998570084571838,59.91589016244743,0
884,0.467615134659268,0.43532789746920303,0.9998410940170288,0.45910018114816614,0.45676542605672604,0.9981423616409302,0.4970732615107586,0.6004049409003489,0.9999648928642273,0.4804496381964006,0.6024591582162044,0.9998613595962524,59.91589016244743,0
885,0.466370625155313,0.43639006217320797,0.9998393654823303,0.45911707764580173,0.45566087535449473,0.9982578158378601,0.4967144060702555,0.6003115716434665,0.9999649524688721,0.48010918072291825,0.6020522287913737,0.9998664855957031,59.91589016244743,0
886,0.4652700594493325,0.43635925792512475,0.999811053276062,0.45882646384693365,0.4538578192392989,0.9982834458351135,0.496290036610195,0.5994943380355839,0.9999600052833557,0.47978253733544163,0.6010242388361982,0.999860405921936,59.91589016244743,0
887,0.464293901409422,0.43538517185619935,0.9998123049736023,0.4581129323868528,0.45169055178051937,0.9983693957328796,0.4957925975322727,0.5978088946569539,0.999959409236908,0.4794719176633021,0.5994929273923243,0.9998623132705688,59.91589016244743,0
888,0.4631487429142002,0.4334802812054047,0.9998244643211365,0.45712435387429773,0.4492044079871408,0.9984345436096191,0.4948991168112986,0.5957239866256718,0.9999615550041199,0.47897428841817985,0.597795733383724,0.9998677968978882,59.91589016244743,0
889,0.4610061787423637,0.43126842947233324,0.9998279809951782,0.4561507673490619,0.4463210630984537,0.998403012752533,0.4934758742650354,0.5932839484441852,0.9999620318412781,0.47830368649391936,0.5957904798643934,0.9998664259910583,59.91589016244743,0
890,0.45840616311345816,0.4295189096814114,0.999832034111023,0.45515063121205324,0.4433464280196602,0.9981383681297302,0.491843931731724,0.5905978480974838,0.999962568283081,0.4772997001806899,0.5938782777105064,0.9998618364334106,59.91589016244743,0
891,0.4560501788343706,0.42784150867235127,0.9998207092285156,0.453719197284608,0.44057673499697764,0.9975548982620239,0.4903699741477062,0.5878253579139714,0.9999622106552124,0.476091400498436,0.5917167578424731,0.9998525381088257,59.91589016244743,0
892,0.45389152566591934,0.42547720670700107,0.9998302459716797,0.4516532761710034,0.4373926846753987,0.9974136352539062,0.4890053329013647,0.5846787549200516,0.9999643564224243,0.47474303273927637,0.5890892176401052,0.9998562932014465,59.91589016244743,0
893,0.4517851883456824,0.42389346588225624,0.999826967716217,0.44961321921575675,0.4358422898110893,0.9970183372497559,0.4878079947971166,0.5818018288839435,0.9999653697013855,0.4739016890525822,0.5864891523406623,0.9998575448989868,59.91589016244743,0
894,0.4496307344663714,0.4230246629033773,0.9997799396514893,0.44775936717078835,0.4338593454588031,0.9948188066482544,0.48609317910103605,0.579587476594108,0.9999651908874512,0.4730933138302398,0.5838832628159301,0.9998526573181152,59.91589016244743,0
895,0.44698083684557993,0.42172059700602615,0.9997854232788086,0.4460565603914719,0.4315183262030287,0.9950388669967651,0.4836362117812751,0.5781509819484897,0.9999655485153198,0.47231492400169406,0.5817107331185118,0.9998517036437988,59.91589016244743,0
896,0.4445002575715386,0.4192499858992444,0.9997714757919312,0.4443003208864306,0.428221397456669,0.9937006235122681,0.4809322768733619,0.5768214038440164,0.9999666213989258,0.47091317744482164,0.5801349679629013,0.9998496770858765,59.91589016244743,0
897,0.44258926028297096,0.4144269639537451,0.99977707862854,0.4415209591388706,0.4249306704316824,0.9935320019721985,0.4785067949976244,0.574474399998075,0.9999675750732422,0.46850066099848103,0.5788866991088508,0.9998471736907959,59.91589016244743,0
898,0.44109429489998625,0.40891238621303044,0.9997138977050781,0.4386169484683449,0.420611184267771,0.9916350245475769,0.476238398324876,0.5713708315576831,0.9999673962593079,0.46552797300475024,0.5773098099799387,0.9998412728309631,59.91589016244743,0
899,0.439082218067987,0.40274758991741033,0.9996378421783447,0.4362724508558004,0.41690502422196557,0.9895641803741455,0.47453176123755353,0.5682064777328859,0.9999674558639526,0.4631461486929943,0.5755788570358644,0.9998392462730408,59.91589016244743,0
900,0.43705527555374907,0.3973178863525394,0.999644935131073,0.4342156038397838,0.41289029944510725,0.9899062514305115,0.4730693967569446,0.5651613814490186,0.999968409538269,0.4610249357564113,0.5734758916355319,0.9998383522033691,59.91589016244743,0
901,0.43477598684174706,0.39365726141702595,0.9995341897010803,0.43221180211930077,0.41081767706644,0.9885173439979553,0.4712482747577489,0.5623741433733991,0.9999668598175049,0.4587870495659968,0.5713776804151993,0.9998349547386169,59.91589016244743,0
902,0.4330329171248848,0.3911089414641974,0.999505877494812,0.43077320853869155,0.4087838118984589,0.9881128072738647,0.4692875870636535,0.5601998851412824,0.9999665021896362,0.4564574630487536,0.5692931129818876,0.9998310208320618,59.91589016244743,0
903,0.4315361678600315,0.3882113411313015,0.9995390176773071,0.42919534586724817,0.4065613505386174,0.989081084728241,0.46744797059467896,0.5577877163887028,0.9999681115150452,0.45395340380214544,0.5669663690385369,0.9998352527618408,59.91589016244743,0
904,0.4303171010244464,0.38477309402965393,0.9995002150535583,0.42790506993021316,0.4025467761925292,0.988348662853241,0.46527088256109367,0.554867789858864,0.9999683499336243,0.4515995979309086,0.5633509783517752,0.9998340606689453,59.91589016244743,0
905,0.4290981306916195,0.37979650923184016,0.9994587302207947,0.4268392395405546,0.3970292139621011,0.9883249402046204,0.46317978274254606,0.5514133061681479,0.9999678134918213,0.449693036930902,0.5591161705198746,0.9998340010643005,59.91589016244743,0
906,0.4281091988086704,0.37597395266805406,0.999472975730896,0.42589367429415415,0.3920834561189019,0.988768994808197,0.4613027459099183,0.548451389585223,0.9999690055847168,0.4483368694782261,0.555718146619343,0.9998417496681213,59.91589016244743,0
907,0.4273178180058801,0.3740408448945911,0.9994921088218689,0.4251534754321692,0.38935093510718605,0.989433765411377,0.4594618252345498,0.546213615508307,0.999968409538269,0.44723083575566647,0.5534944562684927,0.9998427629470825,59.91589016244743,0
908,0.42716647613616254,0.37316191196441684,0.9995160102844238,0.425084974084582,0.38826573888460825,0.9900681376457214,0.45805301268895504,0.5450845502671746,0.9999679923057556,0.4462930262088779,0.5526038692111065,0.9998447299003601,59.91589016244743,0
909,0.4270640767755966,0.3720979420911701,0.9995434880256653,0.4252700862430394,0.3875276687599367,0.9906883835792542,0.45746988767669355,0.5447180725279313,0.9999677538871765,0.44582204733576125,0.5523971319198613,0.9998483657836914,59.91589016244743,0
910,0.42697707811991403,0.369787693023682,0.9995585680007935,0.42524196846144574,0.38584684616043485,0.9911072254180908,0.4571016303130562,0.543843595754533,0.9999672770500183,0.445260238079798,0.5518164776620416,0.9998536109924316,59.91589016244743,0
911,0.4271250452314108,0.36698403103011024,0.9995845556259155,0.424763191313971,0.3834434151649478,0.9917505383491516,0.45628530780474386,0.5420434162730267,0.999966561794281,0.4446330709116803,0.5501166014444265,0.9998579621315002,59.91589016244743,0
912,0.42690913592066115,0.3632513866538096,0.9996109008789062,0.4238272564751765,0.3797762677783061,0.992429256439209,0.45517556866010067,0.539552782263075,0.9999653100967407,0.4444317250024708,0.5475010758354555,0.9998615980148315,59.91589016244743,0
913,0.426398214839754,0.35983113731656785,0.999627947807312,0.42281561948004254,0.375435041529792,0.9930639266967773,0.4536436640080955,0.537301824206398,0.9999529719352722,0.44462162965819985,0.5438584543409806,0.9998549818992615,59.91589016244743,0
914,0.4257620232445857,0.35627533282552476,0.9996404647827148,0.42238924900690744,0.37168181652114535,0.9935277104377747,0.45198273233005015,0.5346606771151229,0.9999402761459351,0.4451364974180861,0.5396999035562793,0.9998382329940796,59.91589016244743,0
915,0.4252298602036071,0.35247818061283687,0.9996643662452698,0.4220275637649358,0.3681602648326332,0.9940530061721802,0.45087830935205764,0.5326202767235897,0.9999379515647888,0.445298525549117,0.53637174765269,0.9998365640640259,59.91589016244743,0
916,0.42485708565939073,0.35011846678597613,0.9996870756149292,0.4216004184314186,0.36595503773008103,0.9945122003555298,0.44981070785295435,0.5310112010864989,0.9999402165412903,0.44500295463062506,0.5342371861139938,0.9998434782028198,59.91589016244743,0
917,0.4246544383821037,0.34994897246360807,0.9997082948684692,0.42102423594111527,0.3655731223878409,0.9949421882629395,0.4487059386003589,0.5293553216116773,0.9999378323554993,0.4442439930779597,0.5319727857907617,0.9998406171798706,59.91589016244743,0
918,0.42405453324317965,0.34741936836923903,0.9997285604476929,0.4205239755766736,0.3640348059790478,0.9953321218490601,0.44790863139288795,0.5271088849930541,0.9999327063560486,0.443638669592994,0.5294160104933243,0.999828577041626,59.91589016244743,0
919,0.4233248077687766,0.3450218793891728,0.999746561050415,0.41966649889946017,0.3627709079356424,0.9955160617828369,0.4474831890492216,0.5241505901018783,0.9999246597290039,0.4423178704012012,0.525925199190776,0.999792218208313,59.91589016244743,0
920,0.4226358007817045,0.3422749269576303,0.9997579455375671,0.4187716699781875,0.36139900343758746,0.9954624772071838,0.44699898078328126,0.5210744454747158,0.9999157190322876,0.44080418490228235,0.5226775379407977,0.999740481376648,59.91589016244743,0
921,0.42208738696007536,0.3401825967289155,0.9997634887695312,0.4175037514595762,0.3596010122980393,0.9952719807624817,0.44611411435263537,0.5192753928048274,0.9999091029167175,0.4389996940181372,0.5207485017322362,0.9997032284736633,59.91589016244743,0
922,0.4216867316336862,0.3402693257445384,0.9997581243515015,0.4163787180469153,0.3592187946751007,0.9950864315032959,0.44400152705964624,0.518916717597417,0.9999039769172668,0.4379157721996311,0.5203386176200144,0.9996697902679443,59.91589016244743,0
923,0.42112445121719755,0.34251009566443336,0.99973464012146,0.41582224198750123,0.35917784486498183,0.9945675730705261,0.4411522064890184,0.5196715508188525,0.9999004006385803,0.43757521538507405,0.5207862797237581,0.999619722366333,59.91589016244743,0
924,0.4199628645465491,0.3428325085412891,0.999718189239502,0.4158862800825213,0.35722526766005047,0.9945917129516602,0.4384977647236419,0.5206974319049295,0.9998977780342102,0.43828255505788927,0.5217033993630187,0.9995929598808289,59.91589016244743,0
925,0.4186218182245894,0.34240357932590326,0.9997212886810303,0.41569405936059534,0.3554512006895886,0.9947836399078369,0.43697838556198876,0.5210082644508003,0.9998977184295654,0.4385851053964528,0.5222104759443378,0.9995836019515991,59.91589016244743,0
926,0.4170266659486865,0.3416352669397993,0.9997369647026062,0.4146746794382734,0.3537536405381705,0.9950687885284424,0.43623928229014114,0.5211484914734255,0.9999009370803833,0.43786899106843163,0.5226708196458366,0.9995937943458557,59.91589016244743,0
927,0.4156759140037358,0.34115889242717223,0.9997420907020569,0.4125774375029976,0.35270875834283405,0.9952711462974548,0.4361992279688521,0.5207936110950655,0.9999006986618042,0.43610730625334276,0.5227792206264682,0.9995883703231812,59.91589016244743,0
928,0.4148419499397281,0.3412335273765385,0.9997438192367554,0.41012930586224544,0.3530995065257666,0.9955216646194458,0.43605993049485375,0.5203140321232028,0.9999008774757385,0.43417724115507983,0.5228185909135006,0.9995908737182617,59.91589016244743,0
929,0.41419251050267936,0.341863240514483,0.999744176864624,0.4082365163734984,0.35389397541681955,0.9957269430160522,0.4350073280788607,0.5199660006023593,0.9999032020568848,0.43240844068073125,0.5228382774761748,0.9995975494384766,59.91589016244743,0
930,0.41326784661838023,0.34218938010079547,0.9997477531433105,0.40705638982000836,0.35389756162961356,0.9958881139755249,0.43358254432678256,0.5193947383335662,0.9999073147773743,0.4311231559231171,0.5225207039288116,0.9996079802513123,59.91589016244743,0
931,0.41201329798925523,0.34236483914511573,0.9997461438179016,0.40666882197062204,0.3538002244063789,0.9959497451782227,0.4313464803355084,0.5196676112356644,0.9999094009399414,0.4305920969872251,0.5226502730732876,0.9996125102043152,59.91589016244743,0
932,0.41044256658781175,0.3425597704592208,0.9997461438179016,0.40619293706757714,0.35362759090605267,0.9960330724716187,0.42850430380730437,0.520373642444611,0.9999105930328369,0.42959061690739253,0.5230569981393365,0.9996092319488525,59.91589016244743,0
933,0.40879256810460807,0.3429958962258841,0.9997426271438599,0.4053475218159815,0.3534795755431768,0.9960319995880127,0.4258681464762918,0.5214315766379951,0.9999094009399414,0.428613635755721,0.5238541052454998,0.9996028542518616,59.91589016244743,0
934,0.40757636087281396,0.3435209138052807,0.9997482895851135,0.4039063638164887,0.3535233281907584,0.9961931109428406,0.4237167608170286,0.522380371888479,0.9999111890792847,0.4275775991735008,0.524452992847988,0.9996112585067749,59.91589016244743,0
935,0.40648856049492277,0.34400868132000906,0.9997528791427612,0.4022658367951714,0.35383294877551874,0.9963535070419312,0.4215603584334967,0.522919146787553,0.99991375207901,0.4260465814953762,0.5244891501608353,0.9996230602264404,59.91589016244743,0
936,0.40524023771286044,0.3445338535876504,0.9997593760490417,0.4010363136019029,0.35385966584796025,0.9964523911476135,0.4195113849072233,0.5229712043489733,0.9999176263809204,0.4245180714698068,0.523967373938788,0.9996395707130432,59.91589016244743,0
937,0.40414168295406194,0.34478572010993985,0.999752938747406,0.39977761393501676,0.3537706491493046,0.9965059757232666,0.41771953872271983,0.5231021245320642,0.999919593334198,0.42280137538909945,0.5234697546277731,0.9996494650840759,59.91589016244743,0
938,0.4031285998367131,0.3451932072639468,0.9997518062591553,0.39822545363789547,0.35368690036592054,0.9966437816619873,0.4159152521973568,0.522976744742621,0.9999222755432129,0.4203055188769389,0.5228686105637328,0.9996597170829773,59.91589016244743,0
939,0.40194842503184397,0.34568948830877055,0.9997584819793701,0.3968658475648792,0.3535469770431522,0.9967831969261169,0.4142051750705359,0.5231337745984399,0.9999242424964905,0.41836830405961933,0.5225774276824229,0.9996688365936279,59.91589016244743,0
940,0.4008224209149682,0.3462146847021015,0.9997673034667969,0.39545910699026954,0.353689755712237,0.9968531727790833,0.412400739533561,0.5231623337382366,0.9999275207519531,0.41692036674136246,0.5223151445388798,0.9996837377548218,59.91589016244743,0
941,0.39950232704480526,0.3466541568438215,0.9997687935829163,0.3942958230064032,0.3539841075738274,0.9968934655189514,0.41037445834704844,0.5231143747057238,0.9999282360076904,0.4158886855556855,0.5221061394328167,0.99969083070755,59.91589016244743,0
942,0.39799514838627437,0.34710600972175626,0.9997708797454834,0.39361794647716375,0.35432539951233666,0.9968929290771484,0.4081336330799833,0.5231129612241476,0.9999298453330994,0.415132311128435,0.5219457859084724,0.9996996521949768,59.91589016244743,0
943,0.39669008198238587,0.3473208021549954,0.9997798800468445,0.39275768541154443,0.3546340522311986,0.9969503879547119,0.40663591311091496,0.5229864148866566,0.9999316334724426,0.41390171930903513,0.521784657523746,0.999711811542511,59.91589016244743,0
944,0.39536160798299913,0.3477023854142146,0.9997776746749878,0.3915048894428075,0.35484488237471834,0.9968923926353455,0.40525816168103934,0.5231341435795742,0.9999314546585083,0.4121331175168359,0.521709955873944,0.9997126460075378,59.91589016244743,0
945,0.393922560271763,0.3479854024591903,0.9997727274894714,0.39023011922836337,0.35489240288734464,0.9968544840812683,0.4040955106417341,0.5234554296448122,0.9999310970306396,0.41042498463676125,0.521730082375663,0.9997161030769348,59.91589016244743,0
946,0.3924061216059188,0.34850275658425856,0.9997628927230835,0.38913064485504545,0.35511654189654784,0.996777355670929,0.40283354974928387,0.5240022454942981,0.9999299049377441,0.4092869233517423,0.5218901889664791,0.9997146129608154,59.91589016244743,0
947,0.39103948360397733,0.3489233553409579,0.9997556209564209,0.38787852724393246,0.35522837582088684,0.9967543482780457,0.40173287051064654,0.5245017125493008,0.9999282956123352,0.40795180485362126,0.5220172348476595,0.9997122883796692,59.91589016244743,0
948,0.3899621793201995,0.3488750769978481,0.9997386932373047,0.386510857513973,0.3548476014818467,0.9966002106666565,0.40083418147904565,0.5249074044681735,0.9999253749847412,0.4059949886231199,0.5222107711292452,0.9997028112411499,59.91589016244743,0
949,0.3892862924507689,0.34832326429230853,0.9997286796569824,0.3849713674613411,0.35405532944770113,0.996509850025177,0.40006137178057743,0.5251448495047437,0.999923825263977,0.40373748682794147,0.5224703181357615,0.9996916055679321,59.91589016244743,0
950,0.3887008967853731,0.34762507960909916,0.9997215867042542,0.38321717296327895,0.3532132946309592,0.9963758587837219,0.3989476178373612,0.5254704611642024,0.9999226927757263,0.40153200143859535,0.5228386549722586,0.9996746182441711,59.91589016244743,0
951,0.38801431513968,0.34693431286584797,0.9997140169143677,0.3816027811595375,0.3526461933340348,0.9961351156234741,0.3976559624785472,0.5256775929814297,0.9999212026596069,0.39973395211356055,0.5232022830418183,0.999657154083252,59.91589016244743,0
952,0.38731632204282884,0.3466772011348182,0.9997105002403259,0.37999880313873324,0.3525605826150806,0.996018648147583,0.39665239481698933,0.5258301922253203,0.9999210238456726,0.3982569504351846,0.5234480698903405,0.9996474981307983,59.91589016244743,0
953,0.3865178156466714,0.3464948137601219,0.999708354473114,0.37838106779825154,0.35270021075294156,0.9959893226623535,0.3959631607646037,0.5257977814901447,0.9999207258224487,0.39629113248416387,0.5234719089099343,0.9996365308761597,59.91589016244743,0
954,0.3855851037161694,0.3461281813326339,0.9996978640556335,0.37724335846446844,0.352688428901491,0.995851457118988,0.39554744816961773,0.5257568927038287,0.9999197125434875,0.39457715692974304,0.5235070273989727,0.999616801738739,59.91589016244743,0
955,0.38484389441353967,0.34575471140089514,0.9996894598007202,0.3764723000072301,0.35243751747267615,0.9956758618354797,0.3949641329901562,0.5258032026745029,0.9999194741249084,0.3932903820560095,0.5235178867975875,0.999602198600769,59.91589016244743,0
956,0.3843527776854382,0.3451298532031834,0.9996758103370667,0.37606945775804096,0.35184792251814007,0.9954804182052612,0.39402057585262146,0.5258051809810461,0.9999178051948547,0.3926169645218625,0.5233856609889443,0.9995752573013306,59.91589016244743,0
957,0.38367606770424645,0.3443620985462555,0.9996700286865234,0.37608963676861384,0.35110436025119995,0.9953410029411316,0.39283501534234944,0.5257562938190645,0.999916672706604,0.3926672580696291,0.5231785320100335,0.9995532631874084,59.91589016244743,0
958,0.38268912973858094,0.3439561596938545,0.9996708631515503,0.3759742521104361,0.35056477785110507,0.9951779842376709,0.39191524187723825,0.5256771729105999,0.9999170899391174,0.3929531872272495,0.5229472517967229,0.999541699886322,59.91589016244743,0
959,0.38136712284315233,0.34370529509726055,0.9996605515480042,0.3756564302103863,0.3502009255545483,0.9948183298110962,0.39115372867811327,0.5256344903083079,0.9999164342880249,0.39306132850192876,0.5227793284824921,0.9995216727256775,59.91589016244743,0
960,0.3799036769639881,0.34374377273377943,0.9996525645256042,0.3749498682362696,0.350083805265881,0.994522750377655,0.390538790396282,0.5257025531360086,0.9999163150787354,0.39323967837152063,0.5227222471010122,0.999501645565033,59.91589016244743,0
961,0.37896150918233995,0.34409036948567373,0.9996547102928162,0.3739263982999895,0.35021795545305556,0.9943715929985046,0.39004771198545213,0.5258783102035527,0.9999179244041443,0.39317245710463783,0.5227888567107069,0.9994924068450928,59.91589016244743,0
962,0.37852419841857216,0.34417410123915926,0.9996581673622131,0.3730204204718275,0.3501286307970686,0.9943783283233643,0.3897151095526562,0.5259967077346079,0.9999173879623413,0.3930716770035883,0.5228091563497275,0.9994787573814392,59.91589016244743,0
963,0.3779544106551582,0.3440679482051307,0.9996411800384521,0.37259914477666245,0.3500196394466221,0.9940063953399658,0.3893206190495267,0.52605319306964,0.9999149441719055,0.3930479997680304,0.5228282979556497,0.9994422793388367,59.91589016244743,0
964,0.3771894630931676,0.344039599100749,0.9996188282966614,0.37245701182456276,0.35004787643750535,0.9937231540679932,0.38910707831382785,0.5260177652041121,0.9999113082885742,0.39298825888406697,0.5228368838628137,0.9994041323661804,59.91589016244743,0
965,0.3763362069924675,0.34396822679610506,0.9995951056480408,0.372593225467773,0.3500781570162095,0.9930727481842041,0.3889211189179197,0.5258879746709555,0.9999065399169922,0.39295877445311805,0.5228047228994828,0.9993650317192078,59.91589016244743,0
966,0.37559985263007056,0.3438958923021955,0.9995737075805664,0.37246053985187016,0.3500809442429318,0.992566704750061,0.3885717760948911,0.5257148657526293,0.9999021887779236,0.39272781213124625,0.5226922489347916,0.999330997467041,59.91589016244743,0
967,0.3751877376011443,0.34390312149411184,0.9995548129081726,0.371942256178175,0.35019759195191547,0.9920529723167419,0.38807625004223445,0.5255002890314379,0.9998993873596191,0.39230708990778274,0.5224689074925017,0.9993040561676025,59.91589016244743,0
968,0.3746115707215812,0.3437717613719761,0.999555230140686,0.3712996357963202,0.3501274188359581,0.9918407201766968,0.3873964207512995,0.5251967594737104,0.99989914894104,0.3918411618187317,0.5220975137892228,0.9992992877960205,59.91589016244743,0
969,0.3737001163618908,0.3436466526417508,0.9995439648628235,0.3708330222538542,0.35019671207382597,0.9916353225708008,0.38652192410968633,0.5249308688300001,0.999896228313446,0.39147534966468844,0.521718575840905,0.9992796182632446,59.91589016244743,0
970,0.37291461938903475,0.3435386688936327,0.9995415806770325,0.3703843213263015,0.3505976767767046,0.9916391968727112,0.3859070440133416,0.5247309094383608,0.999893307685852,0.3910995437985378,0.5214487484523233,0.9992566108703613,59.91589016244743,0
971,0.3724209212121512,0.3435225642862777,0.9995340704917908,0.3701764699958623,0.35120196995281067,0.9915978908538818,0.3856388812973389,0.5245955047153296,0.9998897314071655,0.3909284571806593,0.5213538266363602,0.9992274641990662,59.91589016244743,0
972,0.3724072618143902,0.34349471898306017,0.999512791633606,0.3700392530077983,0.3517518667947681,0.9913358688354492,0.38557074183509493,0.524434089660645,0.999882698059082,0.3908112858022965,0.5213593244552617,0.9991731643676758,59.91589016244743,0
973,0.3727674839042485,0.3434778267428991,0.9994988441467285,0.3697700046357657,0.35201291385151123,0.9912489652633667,0.38566273450851474,0.5239091799372723,0.9998787045478821,0.39071203271547983,0.5212263919058304,0.999149739742279,59.91589016244743,0
974,0.3726011968794326,0.3433767613910496,0.9994964003562927,0.36967970785640564,0.3527797758579257,0.9912957549095154,0.3857457864852182,0.5229709943135583,0.9998773336410522,0.39071966494832755,0.5209501669520428,0.9991430044174194,59.91589016244743,0
975,0.37208531016395235,0.34333445912315763,0.9994812607765198,0.3699666616462529,0.35385373660496333,0.9909861087799072,0.3857405980428063,0.5219562195596245,0.9998729228973389,0.3908760902427495,0.5205861755779815,0.9991147518157959,59.91589016244743,0
976,0.3715029983293445,0.34322787324587534,0.9994598031044006,0.3701060925211228,0.3550385634104414,0.9902721643447876,0.3857889799844654,0.5211904389517652,0.9998641610145569,0.3909525800318948,0.5202757460730421,0.999052107334137,59.91589016244743,0
977,0.3710924188296003,0.34310445047560223,0.9994637966156006,0.3701528779097969,0.35585861972400146,0.990217387676239,0.38587524493535397,0.520902153991518,0.9998605251312256,0.3909648514929275,0.5201176234654022,0.9990227818489075,59.91589016244743,0
978,0.3711087107658389,0.3429266427244462,0.9994651079177856,0.37000627744765535,0.356035167262668,0.9901496171951294,0.3859754999478661,0.521103592146011,0.9998577237129211,0.390900946798779,0.520127810183026,0.9990013837814331,59.91589016244743,0
979,0.37126757417406386,0.3426838332698462,0.9994664788246155,0.3697260348569782,0.35543911088080665,0.9901328682899475,0.38606551715305903,0.5214535111472725,0.9998552799224854,0.3908544367267975,0.5201558811323987,0.9989739060401917,59.91589016244743,0
980,0.3710982260249913,0.3425069990612214,0.999451756477356,0.3696497068518687,0.3552515265487492,0.9896706938743591,0.38614611114774466,0.5216803408804398,0.9998462200164795,0.39092554222969816,0.5202558948880154,0.9989113807678223,59.91589016244743,0
981,0.3709012936978116,0.34181226577077617,0.9994344115257263,0.36970994727952167,0.3546957714217053,0.9894049763679504,0.3862264425981615,0.5214741627375289,0.999834418296814,0.3910705929710755,0.5202047200430011,0.998853325843811,59.91589016244743,0
982,0.37046596975553636,0.3411466294810888,0.9994150996208191,0.3696974686213905,0.3544854521751407,0.989037036895752,0.3863328283741364,0.5209647445451651,0.9998244047164917,0.3911278403940658,0.5200596082778208,0.9987860321998596,59.91589016244743,0
983,0.36988436750003295,0.3408248438721614,0.999390184879303,0.36948339144388864,0.3548829129764015,0.9885326027870178,0.3863804226829895,0.5203693196887066,0.9998109936714172,0.3909053731532327,0.5198820659092499,0.9987103939056396,59.91589016244743,0
984,0.3693551704997111,0.34092717369397507,0.9993456602096558,0.36914187385922415,0.3555256554058623,0.9875595569610596,0.3865760763486229,0.5199519452594579,0.9997877478599548,0.39032309679758015,0.5197047165461953,0.9985838532447815,59.91589016244743,0
985,0.36884803999037996,0.34131597337268677,0.9993111491203308,0.3684511525290356,0.3561820245924453,0.9868341684341431,0.3868896776721594,0.519850523698898,0.9997684359550476,0.389520286094575,0.5197713403474722,0.9984843730926514,59.91589016244743,0
986,0.36856875249317744,0.3418722578457426,0.9992836713790894,0.3676171728542876,0.3567484234060563,0.9864452481269836,0.38723173737525973,0.5199728295916607,0.9997460842132568,0.3887324617022563,0.520090656621116,0.9984045028686523,59.91589016244743,0
987,0.3686397572358452,0.341919065940948,0.9992402195930481,0.3667367725145252,0.35659199101584327,0.985694944858551,0.3874539661975137,0.5201073515982859,0.9997281432151794,0.3880950042179656,0.5204206534794403,0.9983223676681519,59.91589016244743,0
988,0.36866538013730765,0.3423142007419044,0.9992052316665649,0.3660268116564981,0.3564979944910325,0.9850547909736633,0.3874724095775971,0.5202751897630242,0.9997133016586304,0.38767975994518855,0.5206905603408818,0.9982452988624573,59.91589016244743,0
989,0.368612919534956,0.34298533343133497,0.99918532371521,0.3655253719715848,0.356593313671294,0.9848552346229553,0.38725085769380874,0.5205027659734094,0.9997023344039917,0.38737561021532363,0.5208717442694168,0.998196542263031,59.91589016244743,0
990,0.36851264891170354,0.34376579239254934,0.9991512894630432,0.365386064563479,0.35667657284509596,0.9840849041938782,0.3870931409654166,0.5207063896315443,0.9996837973594666,0.3871379395325982,0.5208799725487123,0.9981128573417664,59.91589016244743,0
991,0.3684352168015074,0.3444562029270901,0.9991225004196167,0.3652742604414625,0.3568116469042645,0.9832088947296143,0.38702493196442045,0.5208439117386232,0.999666154384613,0.3869487345218661,0.5209060282934284,0.9980348348617554,59.91589016244743,0
992,0.3683936397234602,0.34493418250765145,0.999104917049408,0.3652445404302509,0.3568940560022993,0.9826235175132751,0.3870336285659248,0.5209192917460491,0.9996554851531982,0.3868775651568461,0.520940190269834,0.997991144657135,59.91589016244743,0
993,0.36843519835245075,0.34513249425661024,0.9991043210029602,0.36527722790127737,0.35714418405578274,0.9826899170875549,0.3869921934036985,0.5209515917868845,0.9996484518051147,0.3868783357597536,0.5209558123633979,0.9979791045188904,59.91589016244743,0
994,0.3684346065634776,0.34523638657161193,0.9990943074226379,0.36526109065328355,0.3575251840409781,0.9825194478034973,0.38683204565729445,0.5209268359910878,0.9996360540390015,0.3869006137053175,0.5209551737422039,0.997948169708252,59.91589016244743,0
995,0.36842952313877314,0.3452222063427882,0.9990962743759155,0.365258492174603,0.3579136644090928,0.9825091361999512,0.3865130827540446,0.5208908291090106,0.999630868434906,0.38690250686236816,0.5209692404383709,0.9979477524757385,59.91589016244743,0
996,0.36845131431307143,0.34517993245806045,0.9991087913513184,0.3652628546669373,0.35831965718950576,0.9826585054397583,0.38606064660208594,0.5208330608549576,0.9996349215507507,0.3868932823340101,0.5209921655200781,0.9979786276817322,59.91589016244743,0
997,0.36849332139605595,0.34509256482124356,0.9991101026535034,0.3652812128975281,0.35848131066276945,0.9825938940048218,0.3856147258054645,0.5207791129748031,0.9996341466903687,0.3868611398197359,0.5209801935014275,0.9979775547981262,59.91589016244743,0
998,0.36854250800041954,0.34498704189345974,0.9991093277931213,0.3652498225371046,0.3582751339390167,0.9825145602226257,0.385257510911851,0.5207488763900034,0.9996285438537598,0.38680157065391574,0.5209218064943953,0.9979530572891235,59.91589016244743,0
999,0.36855492137727314,0.3448337912559512,0.9991136193275452,0.3653071480137964,0.3580396799814136,0.9825462102890015,0.3850210976032987,0.5208198144322355,0.9996237754821777,0.38678860948199345,0.5208712929771064,0.9979351162910461,59.91589016244743,0
1000,0.3685331160113928,0.34451800726708937,0.9991296529769897,0.36540951615288175,0.35774325472967994,0.9829042553901672,0.38488362658591524,0.5209734439849858,0.9996256232261658,0.38682594327699604,0.5208463810739068,0.9979512691497803,59.91589016244743,0
1001,0.3685473643598105,0.34412819856689114,0.9991458058357239,0.3655024284408209,0.35758897094499525,0.9830721020698547,0.3848116284325013,0.5211488207181298,0.999622106552124,0.3868917780263086,0.5208559433619185,0.997935950756073,59.91589016244743,0
1002,0.3684437870979312,0.34373769731748705,0.9991573691368103,0.3657094935576124,0.35726712573142305,0.9832032918930054,0.3847654788267048,0.5212589190119793,0.999619722366333,0.38705465623310664,0.5208607287633991,0.997930109500885,59.91589016244743,0
1003,0.36826078380857225,0.3437217175960543,0.9991629719734192,0.36615271937279503,0.35679607590039597,0.9832353591918945,0.38481024475324754,0.5215094117891226,0.9996175169944763,0.38731083557719304,0.5208636181695125,0.997918426990509,59.91589016244743,0
1004,0.3679652100517639,0.3442646094730925,0.9991694092750549,0.3667434198515759,0.35632609895297485,0.9833012223243713,0.38486319780349765,0.5220189718973073,0.9996153116226196,0.38758453584852703,0.5210155333791464,0.9978803992271423,59.91589016244743,0
1005,0.3677467391604472,0.3451138422602702,0.9991711974143982,0.3671775658925377,0.35618043513525127,0.9832993149757385,0.38504035841851036,0.5227400660514836,0.9996151924133301,0.3878292427176524,0.5213988253048493,0.9978598356246948,59.91589016244743,0
1006,0.36766934678668095,0.3458266102132346,0.9991660118103027,0.36729243965376024,0.35627452390534564,0.982968270778656,0.38532325341588003,0.5233962848072965,0.9996199011802673,0.3879768890993939,0.5218323469161992,0.9978475570678711,59.91589016244743,0
1007,0.36778348258563476,0.34634661248752074,0.9991697072982788,0.3671091681434998,0.3567494480382831,0.9830309748649597,0.3857428800492063,0.5238492432094759,0.9996271133422852,0.38797015093621784,0.5221844570977352,0.997857391834259,59.91589016244743,0
1008,0.36788075594675007,0.3467062598183044,0.999188244342804,0.36705290703546467,0.35714179135504254,0.9833053350448608,0.386174308402198,0.5238992884045559,0.9996322989463806,0.38799361813636085,0.5223047704923724,0.9978721737861633,59.91589016244743,0
1009,0.367957766566958,0.34650576966149493,0.9992008209228516,0.36724245973995784,0.35741924813815557,0.9834170937538147,0.38681741981279316,0.5235639924094795,0.9996364116668701,0.38805283109347055,0.5222823421160384,0.9978860020637512,59.91589016244743,0
1010,0.36776307509059025,0.34601958450816955,0.9991950988769531,0.36774044377463233,0.35745116784459097,0.9832553267478943,0.387443501324881,0.52305395262582,0.9996367692947388,0.3883650203545891,0.5219669938087468,0.997893214225769,59.91589016244743,0
1011,0.36796908009619966,0.34549092678796706,0.9992054104804993,0.36823018675758756,0.35726013779640226,0.9829685091972351,0.38832930439994484,0.522569562707629,0.9996494054794312,0.3888978475616095,0.5215342924708416,0.9979487657546997,59.91589016244743,0
1012,0.368304918209712,0.3447000441097081,0.999225914478302,0.36859620185125475,0.3566875117165704,0.9833194017410278,0.3894899742943903,0.5220788575354081,0.9996516704559326,0.3896982471148176,0.5210286832991105,0.9979598522186279,59.91589016244743,0
1013,0.36908441498166067,0.34387613478161067,0.9992501139640808,0.3693922970976151,0.35574695893696406,0.9836239218711853,0.39076703644934185,0.5217232590629945,0.9996584057807922,0.3906764586766564,0.52058204866591,0.9979696869850159,59.91589016244743,0
1014,0.36996310097830665,0.34359239112763207,0.9992692470550537,0.370796845072792,0.35475593947228956,0.9839385151863098,0.39170000240916325,0.5216175998960226,0.9996600151062012,0.3918539626257763,0.5203219538643251,0.9979857206344604,59.91589016244743,0
1015,0.37090214235442054,0.3429161792709716,0.9992740750312805,0.3725022120135174,0.3540209702083046,0.9840357303619385,0.39267431128592745,0.5214065313339238,0.9996542930603027,0.39318363155637504,0.520325518789746,0.9979973435401917,59.91589016244743,0
1016,0.3725613270487107,0.34222168723742197,0.9992850422859192,0.374373365016211,0.3538180092970533,0.9843209385871887,0.3937892644178303,0.5210887449128291,0.9996441006660461,0.39430057009061215,0.5203879248528258,0.9979656338691711,59.91589016244743,0
1017,0.37507233449390986,0.3417415235723771,0.9993026852607727,0.3767353395620985,0.35341922300202533,0.9842706918716431,0.39515202953701956,0.5208209298905876,0.9996443390846252,0.3953101847852983,0.5203785357021155,0.9979641437530518,59.91589016244743,0
1018,0.37752299223627395,0.34168197569393005,0.999326765537262,0.380169586056755,0.35307911889893695,0.9848082065582275,0.39677422954922664,0.5207190996124635,0.9996588826179504,0.3968738757428672,0.5203716442698528,0.9980564117431641,59.91589016244743,0
1019,0.37996989630517536,0.3410876237210776,0.9993392825126648,0.3849688427788874,0.3522073669092999,0.9851403832435608,0.3983030092148557,0.5203617555754529,0.9996621012687683,0.3990441064039869,0.5201003040586203,0.9980769753456116,59.91589016244743,0
1020,0.381584031241281,0.33969648111434236,0.9993788599967957,0.3907946532680878,0.3514453598431181,0.9858888387680054,0.39916179435593774,0.5197412797382903,0.9996762871742249,0.40222796939668237,0.5196435565040229,0.998149573802948,59.91589016244743,0
1021,0.3831020480110535,0.3371218726748515,0.9994063377380371,0.39648390525863314,0.35071105332601665,0.9862802028656006,0.40032496196883094,0.518921900363196,0.9996872544288635,0.4064199072974072,0.519214008535658,0.9982048869132996,59.91589016244743,0
1022,0.38524124452046016,0.33278948778197903,0.9994608163833618,0.4010962091741111,0.3493935323896865,0.9875299334526062,0.40178082102821017,0.5178816914558415,0.9997119307518005,0.41012621493566637,0.518753602391198,0.9983372092247009,59.91589016244743,0
1023,0.387937311615263,0.3279061402593343,0.9995009899139404,0.40534557898839346,0.34701619829450364,0.9884743094444275,0.40321625414348816,0.5173100119545351,0.9997317790985107,0.41287810887609244,0.5185389064607171,0.9984397888183594,59.91589016244743,0
1024,0.3925561266286036,0.32465340835707557,0.9995331764221191,0.40814459040051443,0.3436897936321443,0.9892088770866394,0.40520626164618023,0.5176840935434618,0.9997486472129822,0.41419774719647034,0.5186586919285006,0.9985177516937256,59.91589016244743,0
1025,0.3984339989366989,0.3231324482531777,0.9995527863502502,0.41001852495329755,0.34015910256476656,0.9900367259979248,0.4072719897542684,0.5182375936281117,0.9997613430023193,0.41449954963865765,0.5187267973309475,0.9985806941986084,59.91589016244743,0
1026,0.40452876545134075,0.3232887699490504,0.9994892477989197,0.41150948972929124,0.33765954772631357,0.9890525937080383,0.4096337088516783,0.5190284308933081,0.9997453093528748,0.4146912012781419,0.518876643407913,0.9984546899795532,59.91589016244743,0
1027,0.41086433756919166,0.32470412055651376,0.9994263648986816,0.41258109893117667,0.33608011262757465,0.9887030124664307,0.41247813048816895,0.5199712145896189,0.99971604347229,0.4152784503641586,0.5191551049550378,0.9982878565788269,59.91589016244743,0
1028,0.41533479804084444,0.3256184004601981,0.9993603229522705,0.41472126330648185,0.33505916027795724,0.9888358116149902,0.4150074124336246,0.5205810467402145,0.9996795654296875,0.41635150994573356,0.5190763672192895,0.9981168508529663,59.91589016244743,0
1029,0.4185670983223691,0.3262475061984292,0.9993246793746948,0.4180785190491453,0.33457341932115126,0.9891961216926575,0.4170475346701489,0.5210048982075286,0.9996548295021057,0.41776223977406857,0.5187722416151141,0.997995138168335,59.91589016244743,0
1030,0.4212192963986173,0.32635387210618905,0.9993675947189331,0.422074051130386,0.3351738807700932,0.989946722984314,0.41855654120445285,0.5209133170899894,0.9996768236160278,0.41997949566159964,0.5180615073158632,0.998085081577301,59.91589016244743,0
1031,0.42225926546823445,0.3273324356192637,0.9994144439697266,0.4269810205414185,0.3381639009430298,0.9907948970794678,0.4189289169652125,0.5213482294763842,0.9996932148933411,0.4230246898673833,0.518592877047403,0.9981428980827332,59.91589016244743,0
1032,0.42178513180641936,0.3306246797243757,0.9994617700576782,0.43248189489046773,0.34347977666627816,0.9914702773094177,0.41873683106331633,0.5231075144949417,0.9997162222862244,0.42633706615084727,0.5209473797253203,0.99825119972229,59.91589016244743,0
1033,0.4205640298979626,0.3351151886440461,0.99950110912323,0.43684809832345906,0.34976402067002826,0.9921362400054932,0.4181376695632938,0.5254187810988658,0.9997355341911316,0.42921898194721797,0.524358953748431,0.9983670711517334,59.91589016244743,0
1034,0.4185914766220823,0.3404391010602318,0.9995418787002563,0.4406897170203076,0.3555369519052054,0.9926581382751465,0.4176725432986308,0.5275586559658962,0.9997527003288269,0.43152826172964953,0.5277476509412135,0.998464047908783,59.91589016244743,0
1035,0.4175771148431872,0.34562363794871764,0.9995816946029663,0.4419455059937072,0.3589820081279394,0.99327152967453,0.418075399739402,0.5287691837265382,0.9997702240943909,0.4322726641382494,0.5298062733241494,0.9985711574554443,59.91589016244743,0
1036,0.41710462030910345,0.34899003165108844,0.9996175169944763,0.441598440919604,0.3604866436549598,0.9938539266586304,0.41907053760119883,0.5287898239635289,0.9997830390930176,0.43284594870749005,0.5301753282547002,0.9986662864685059,59.91589016244743,0
1037,0.41681756859733976,0.3519945300760726,0.9996464848518372,0.4410832339809058,0.36156268914540635,0.9943751096725464,0.42002857582909753,0.5292204249472849,0.9997875690460205,0.4336483095373429,0.5307345645768307,0.9987357258796692,59.91589016244743,0
1038,0.4165591242767519,0.3551936887559439,0.9996730089187622,0.4412755810079124,0.36339066000211834,0.9948272109031677,0.4205519542807628,0.5302475634075351,0.9997884631156921,0.4346339589073548,0.5318305151803158,0.9987601041793823,59.91589016244743,0
1039,0.4162685473759973,0.3579683942454205,0.9996931552886963,0.4413043288957509,0.36573458285558824,0.9952372908592224,0.42061035406021885,0.5311335665839063,0.9997909069061279,0.43554453055063924,0.5328495701154077,0.9987775087356567,59.91589016244743,0
1040,0.4159823868955888,0.3615099078132996,0.9997122287750244,0.44212233736401546,0.3682831852209003,0.995630145072937,0.42033405672936247,0.5324876365207494,0.9997833371162415,0.4367629828907198,0.5343103011449183,0.9987596273422241,59.91589016244743,0
1041,0.41580802627972224,0.3651414329097388,0.9997346997261047,0.44269967221078455,0.3702086380549843,0.9959953427314758,0.42007060419945524,0.534159138089135,0.9997783303260803,0.4378468394279484,0.5358694791793828,0.9987614154815674,59.91589016244743,0
1042,0.41571587607974136,0.3685809671878818,0.9997518658638,0.4428018430868788,0.37154638767242465,0.9963021278381348,0.4198471960567296,0.536008042948587,0.9997673630714417,0.438741532110033,0.5375542697452368,0.998741626739502,59.91589016244743,0
1043,0.4155783412002385,0.37154555178823956,0.9997738599777222,0.4435170945667089,0.37300999391646644,0.996554970741272,0.4198585606756668,0.537989321209136,0.999764621257782,0.44057521224021945,0.5394367859477094,0.9987382888793945,59.91589016244743,0
1044,0.4155599943229134,0.3737296007928397,0.9997950792312622,0.4444141402131039,0.37455844027655494,0.9968472123146057,0.41995398771195214,0.5394003646714352,0.9997618198394775,0.44248070461409467,0.5408762920470469,0.9987662434577942,59.91589016244743,0
1045,0.415707281657628,0.37510305926913334,0.9998151063919067,0.4449547543412166,0.3754785898185915,0.9971219301223755,0.42064227518581243,0.5397602688698546,0.9997677803039551,0.4445259457542786,0.5413402205421816,0.9988059997558594,59.91589016244743,0
1046,0.4159355887344909,0.3759096094540191,0.9998332262039185,0.44530225083941544,0.37569165655544856,0.997386634349823,0.4215671306564698,0.5398589287485399,0.9997710585594177,0.4463234118052895,0.5414038981710165,0.9988479018211365,59.91589016244743,0
1047,0.4162662582738062,0.37618215878804556,0.9998496174812317,0.4453898725055517,0.37522236931891695,0.9976338744163513,0.42325350358372676,0.5396473606427514,0.9997801184654236,0.44859153883797814,0.5408470261664622,0.9989005923271179,59.91589016244743,0
1048,0.4166722922098072,0.3763869504133864,0.9998645186424255,0.4451336222035548,0.37462906326566453,0.9978578090667725,0.42582830502873414,0.5393346462930957,0.999785840511322,0.45044679443041524,0.5400849041484655,0.9989444017410278,59.91589016244743,0
1049,0.4170911198570618,0.3761769703456337,0.9998777508735657,0.4448329763753077,0.37430358358791926,0.9980573654174805,0.42844363195555585,0.5393711044674833,0.9997812509536743,0.4520212766670049,0.5395095376741323,0.9989669919013977,59.91589016244743,0
1050,0.4175097246964776,0.37606739572116343,0.9998897314071655,0.44453085462252334,0.37391353363082547,0.998236358165741,0.43044794031551936,0.5400548520542331,0.9997833967208862,0.4529105651946299,0.5394038926987426,0.9989884495735168,59.91589016244743,0
1051,0.41788527795246705,0.3759044834545684,0.9999005794525146,0.44486984752473413,0.37341017524401376,0.9984006285667419,0.43165066412517034,0.5410712134270446,0.9997814297676086,0.45326432727632104,0.539691357385545,0.999006450176239,59.91589016244743,0
1052,0.41829278639384715,0.37583525124050354,0.9999103546142578,0.4457157041345327,0.3729941901706517,0.9985504746437073,0.43162694431486615,0.542042868477958,0.9997914433479309,0.4526730648108894,0.5401007561456594,0.9990410208702087,59.91589016244743,0
1053,0.4186806125300274,0.3761739759218128,0.9999191761016846,0.4469174132460643,0.3725344240665439,0.9986708164215088,0.43122743282999343,0.5428523761885511,0.9997984766960144,0.4526427104359585,0.5409936365627112,0.9990268349647522,59.91589016244743,0
1054,0.41917860649880945,0.3764964469841552,0.9999270439147949,0.4481425583362583,0.37208771705627475,0.9987823367118835,0.4311437450704124,0.5429166101274041,0.99980628490448,0.45261251784506334,0.5416401454380585,0.99903404712677,59.91589016244743,0
1055,0.41987241591726066,0.3763821650119058,0.9999340176582336,0.44888803646678055,0.3713056913443977,0.9988799691200256,0.4316161544550036,0.5415914512815934,0.9998127818107605,0.45273323144231564,0.5407752848806839,0.9990518689155579,59.91589016244743,0
1056,0.4207289375009994,0.375649554388864,0.9999403357505798,0.4489657722768333,0.3699355707282115,0.9989703297615051,0.43297592231205567,0.539153791609265,0.9998195171356201,0.4537112244537902,0.5386617666199098,0.9990679621696472,59.91589016244743,0
1057,0.4216569066047672,0.37449235717455576,0.999946117401123,0.44903896536145926,0.3683511160668876,0.9990436434745789,0.4347066041969121,0.536312682288034,0.9998230934143066,0.45482307530584826,0.5358839091800512,0.9990501403808594,59.91589016244743,0
1058,0.422694088447662,0.37337782411348286,0.9999513626098633,0.44930345103854263,0.36693973058746004,0.9991143345832825,0.43626815222558557,0.5337006052335107,0.999832808971405,0.45580214687756165,0.5328102565947037,0.9990711212158203,59.91589016244743,0
1059,0.42359047844296444,0.37206615436644813,0.9999561309814453,0.45003948609034256,0.36580464527720524,0.9991716146469116,0.43742226418994756,0.532399713993073,0.9998418688774109,0.45746496319770846,0.5311392517316914,0.9991021156311035,59.91589016244743,0
1060,0.4242480184350698,0.37032435337702463,0.9999603629112244,0.4512739876906081,0.3650384658858893,0.9992163181304932,0.4379456809588845,0.5321926219122755,0.9998502135276794,0.45913085909116874,0.5306509506134764,0.9991338849067688,59.91589016244743,0
1061,0.4248391914935342,0.36870883901913987,0.9999639987945557,0.45262546340624527,0.364376790466763,0.9992456436157227,0.4382907067026414,0.5323922577358432,0.9998537302017212,0.4605334443705426,0.5305714436939789,0.9991036653518677,59.91589016244743,0
1062,0.42556546699433134,0.36725154802912785,0.9999672770500183,0.45369111498196957,0.36368160588400733,0.9992691278457642,0.4388281930060617,0.5323717622529897,0.9998602867126465,0.46168240337144795,0.5303793294089185,0.9990975856781006,59.91589016244743,0
1063,0.4264262460526969,0.3662100632985436,0.9999702572822571,0.45425842915262526,0.36310474503608003,0.9992976784706116,0.43942994021234094,0.5320863610222231,0.9998669624328613,0.46204317325637495,0.5300859695389162,0.9990841150283813,59.91589016244743,0
1064,0.42745211436635006,0.3653139699073068,0.9999728202819824,0.45460264029957037,0.36269841165769695,0.9993192553520203,0.4398157852036616,0.5318819227672763,0.999869704246521,0.4614904877685369,0.5297330050241383,0.9990778565406799,59.91589016244743,0
1065,0.4286773630550933,0.3640951585201993,0.9999751448631287,0.4550942991461076,0.3626825667562942,0.9993410110473633,0.4404634010224119,0.532610762686957,0.9998724460601807,0.46093712818054966,0.5304333510853,0.9990705847740173,59.91589016244743,0
1066,0.4298218630609062,0.3626089408284145,0.9999774098396301,0.45575766762097714,0.3628977338473005,0.9993866682052612,0.44113836969648124,0.5348153994196941,0.9998748898506165,0.46055981516838107,0.5325498893147427,0.9990816712379456,59.91589016244743,0
1067,0.43099871419725,0.3614381906532109,0.9999793767929077,0.4566599116438915,0.36357799881980557,0.9994106888771057,0.4417733053366346,0.5386331478754683,0.9998694658279419,0.4601931061063498,0.5360619283857804,0.9990286231040955,59.91589016244743,0
1068,0.4323367547421232,0.36043860940706196,0.9999812245368958,0.4574342398416432,0.364378794318154,0.9994327425956726,0.4431027202379139,0.542431766078586,0.9998584389686584,0.4599171309244069,0.5394134549867543,0.9989218711853027,59.91589016244743,0
1069,0.4338686239151731,0.3598417838414513,0.999983012676239,0.45795252209618015,0.36520972847938565,0.9994709491729736,0.44503244189989033,0.5449681083361313,0.9998560547828674,0.4598975337686997,0.5417803923288985,0.9988945126533508,59.91589016244743,0
1070,0.4355524735791346,0.3593407344250455,0.9999846816062927,0.45842077476637744,0.3658853471279147,0.9995079040527344,0.4475134298914959,0.5445526355788826,0.999857485294342,0.46097589674450146,0.5417459152993707,0.9988947510719299,59.91589016244743,0
1071,0.43724995283853474,0.35899463579768254,0.9999861717224121,0.4587331726437527,0.3663359142485122,0.9995405673980713,0.4500741234847481,0.5424297451972966,0.9998595118522644,0.46245497607049524,0.5401902142025179,0.9989093542098999,59.91589016244743,0
1072,0.43884961236090925,0.35883582489831134,0.9999874830245972,0.4582849641640985,0.36639859846660094,0.9995662569999695,0.45235939252944257,0.5386246641476954,0.999862015247345,0.46387301314444807,0.5369711802119306,0.9989251494407654,59.91589016244743,0
1073,0.44039111619903965,0.3589375544162027,0.9999886751174927,0.4572189492838727,0.3661123854773388,0.9995748400688171,0.4545523552667531,0.5344184296471737,0.9998701810836792,0.4649147958982562,0.5331472953160609,0.9989719986915588,59.91589016244743,0
1074,0.44246271394548,0.3592007883957457,0.9999897480010986,0.4550965470927106,0.36572484175364206,0.9995797872543335,0.4569515401408789,0.5307289617402217,0.9998764991760254,0.46491354420071596,0.5298636470522203,0.9990171194076538,59.91589016244743,0
1075,0.44517107378868864,0.35940981762749835,0.9999905824661255,0.4525943242368248,0.36541782816251145,0.9995863437652588,0.45966582213129353,0.5281187522979014,0.9998816251754761,0.46398189096223774,0.5280233139083503,0.999060332775116,59.91589016244743,0
1076,0.44806840306236667,0.35909263292948435,0.9999913573265076,0.45042403964769306,0.36524352857044795,0.9995949864387512,0.46237551598321863,0.5262442656925751,0.9998858571052551,0.46313855335826004,0.5270108098075508,0.9991020560264587,59.91589016244743,0
1077,0.45064646431377997,0.3582539998349692,0.9999920725822449,0.44897673811231376,0.365233849911463,0.9995953440666199,0.46432956627437083,0.5261224281220214,0.9998902082443237,0.46211486487161585,0.5272288549514048,0.9991384148597717,59.91589016244743,0
1078,0.45267729532151035,0.35731247067451505,0.9999927282333374,0.4483077767349429,0.3653912047545118,0.9995883703231812,0.46553162166050543,0.5261427419526241,0.9998944401741028,0.46138586032958295,0.5275241193317236,0.9991666674613953,59.91589016244743,0
1079,0.45429007212321,0.3563638925552371,0.9999932646751404,0.44833072026570675,0.3654342989126844,0.9995676279067993,0.4664776594865893,0.5261126047088991,0.9998975396156311,0.46126625793320825,0.5277192479088197,0.9991838932037354,59.91589016244743,0
1080,0.455963953619912,0.3556466414814906,0.999993622303009,0.44845319645745446,0.3652409783431465,0.9995324611663818,0.4672666135288424,0.5261318541708451,0.9998990297317505,0.46141642757824525,0.527882107666561,0.9991921186447144,59.91589016244743,0
1081,0.4577021158876877,0.3550302315325967,0.9999935030937195,0.4486455434844611,0.3648815524010434,0.9994418025016785,0.4683251480261489,0.5259482519967219,0.9998860955238342,0.46162360197021884,0.5280477716809231,0.9991210699081421,59.91589016244743,0
1082,0.4595856978779751,0.35440766527539236,0.9999926090240479,0.44880676269531283,0.3643310055846263,0.999313235282898,0.4698650240898136,0.5259543855985009,0.9998697638511658,0.46175294263022326,0.5282562403451834,0.9990459680557251,59.91589016244743,0
1083,0.46142740334783316,0.35353036437715835,0.999991774559021,0.4489068871452699,0.36361903236025883,0.9991636276245117,0.4717367759772713,0.5261589402244209,0.9998471140861511,0.46195700764656106,0.5286012348674597,0.998929500579834,59.91589016244743,0
1084,0.46314540079661815,0.3527827617667973,0.9999881386756897,0.4490160700820745,0.3627920108182093,0.9989471435546875,0.4734802586691724,0.5263234603972666,0.9996665120124817,0.4623040358225508,0.5291938753355121,0.998479425907135,59.91589016244743,0
1085,0.46545225665682877,0.3520599844909853,0.9999839663505554,0.4490087018126537,0.362662888708569,0.9987417459487915,0.47508172903742146,0.5263467856815887,0.9995546340942383,0.4624261359373732,0.5298731724421187,0.9981973171234131,59.91589016244743,0
1086,0.4679749295825054,0.35154550416129005,0.9999820590019226,0.4490427076816563,0.3631486949466527,0.9986602067947388,0.47697581421761326,0.5261819078808743,0.9995443820953369,0.4623712443170097,0.5303491893268771,0.9981680512428284,59.91589016244743,0
1087,0.47033127432777805,0.3509601851304375,0.9999802708625793,0.4492631497837252,0.364070690813519,0.9985886812210083,0.47901605424426896,0.5260204076766972,0.9995478987693787,0.4622209852650056,0.5307802898543226,0.9981796145439148,59.91589016244743,0
1088,0.47250096570877836,0.3504740936415539,0.9999802112579346,0.4498568134648463,0.3649467244034724,0.9985929727554321,0.4811698411192217,0.5262027978897099,0.9995549917221069,0.4621061625934786,0.5314270144417177,0.9982113242149353,59.91589016244743,0
1089,0.4745321032546819,0.34962661351476426,0.9999802708625793,0.4506375207787472,0.3655720239593872,0.9985974431037903,0.48299199910390983,0.5266288178307674,0.9995554089546204,0.46220794036274904,0.5321662255695893,0.9982029795646667,59.91589016244743,0
1090,0.4763331214586897,0.3486815123330982,0.999979555606842,0.4514581007616864,0.3655898670355482,0.9985470771789551,0.48397919677552764,0.5271223159063434,0.9995343089103699,0.4624303238732478,0.5328873991966252,0.9981306791305542,59.91589016244743,0
1091,0.4784322522935417,0.34777976075808237,0.9999788999557495,0.45256746666772063,0.36587809381030884,0.9984603524208069,0.4844460969879517,0.527350192978269,0.999502420425415,0.46254728805451206,0.5334038081623264,0.9980204105377197,59.91589016244743,0
1092,0.48087303127561337,0.347441504398982,0.9999797344207764,0.45368179537001146,0.3663209123270855,0.9984811544418335,0.4853608877885913,0.5278510649998986,0.9995205402374268,0.4626073780513949,0.5338571525755387,0.998060405254364,59.91589016244743,0
1093,0.48345679470471015,0.3475023791903544,0.9999805092811584,0.4545444633279532,0.3669972859677817,0.998534083366394,0.48670567217327343,0.5289958970887325,0.999542772769928,0.46267049937021204,0.5346515774726872,0.9981327056884766,59.91589016244743,0
1094,0.48623014631725536,0.34870402443976656,0.9999802112579346,0.4551617474783038,0.36758587615830585,0.9985970258712769,0.4879997940290546,0.5312262432915829,0.9995504021644592,0.46270687807173994,0.5360252289544972,0.9981728792190552,59.91589016244743,0
1095,0.4894313727106371,0.35054770112037686,0.9999789595603943,0.4552931459177112,0.36857702618553556,0.9986526370048523,0.48935778651918727,0.5339400597981048,0.9995580315589905,0.46267358320100005,0.5376331124986926,0.9982157945632935,59.91589016244743,0
1096,0.4927314746947519,0.35271557314055335,0.9999762773513794,0.4550337890783949,0.3695893287658694,0.9986817240715027,0.4904742780185885,0.5367822363263088,0.9995521903038025,0.4625449180603031,0.5390814173789256,0.9982441663742065,59.91589016244743,0
1097,0.49586800166538825,0.3544658379895349,0.9999776482582092,0.45491963766870086,0.3707559974420641,0.9987900257110596,0.4914836968694418,0.538692326772781,0.9995810389518738,0.4624987996759873,0.5400191431953798,0.9983657002449036,59.91589016244743,0
1098,0.4989516280946282,0.356412497304735,0.9999792575836182,0.4549333353837335,0.37163749337196383,0.9988929629325867,0.4927411817369011,0.539708324841091,0.9995993375778198,0.46264057641937656,0.5405318878945855,0.998462438583374,59.91589016244743,0
1099,0.5014554844016125,0.35832182424409076,0.9999809265136719,0.45510803659757015,0.3724983930587772,0.9989899396896362,0.4945067309197929,0.5393894229616443,0.9996176958084106,0.4631345413980034,0.5405210966155647,0.9985516667366028,59.91589016244743,0
1100,0.5038163136868254,0.36042003972189796,0.9999824166297913,0.45550686688650255,0.37323974143891137,0.9990805983543396,0.49646329454013316,0.539920202323369,0.9996375441551208,0.46451860950106705,0.5405035529817858,0.9986422061920166,59.91589016244743,0
1101,0.5062863684835892,0.36239712011246483,0.9999836087226868,0.45603169287954093,0.3742699608916331,0.9991621971130371,0.4990164169243408,0.5414267863546104,0.9996546506881714,0.4665816085679194,0.5411485291662674,0.9987295866012573,59.91589016244743,0
1102,0.5085840367135552,0.36365884968212703,0.9999846816062927,0.45692187263852113,0.37544993275687844,0.999235212802887,0.5014001457464132,0.5437041833287197,0.9996716380119324,0.46887296438217196,0.5424880215099884,0.998812198638916,59.91589016244743,0
1103,0.5110399723052983,0.36387404657545575,0.9999854564666748,0.45776761997313764,0.3765649454934259,0.9992992877960205,0.503711010728564,0.5463902581305735,0.9996851682662964,0.47073760770616113,0.5445712946710137,0.9988820552825928,59.91589016244743,0
1104,0.5136974624225075,0.36459988071804983,0.9999858736991882,0.45852705126717014,0.37705538244474535,0.9993501901626587,0.5058891063644777,0.5485123736517774,0.9996979832649231,0.4722162967636475,0.5464900590124588,0.9989466071128845,59.91589016244743,0
1105,0.5159648089181814,0.3657338406358449,0.9999862313270569,0.4591481685638431,0.37693979484694373,0.9994014501571655,0.5077099828493031,0.5484318931897485,0.9997147917747498,0.4730912333443055,0.5467226249831068,0.9990154504776001,59.91589016244743,0
1106,0.518223433267503,0.36686762173970566,0.9999865889549255,0.45951595050948046,0.37636791524432983,0.9994527101516724,0.5090549644969762,0.5476648097946535,0.9997256994247437,0.4738618050302782,0.5457861168043958,0.9990719556808472,59.91589016244743,0
1107,0.5205729745683221,0.36791968345642123,0.9999867081642151,0.45965156526792655,0.37552759618986253,0.9995004534721375,0.5101417019253689,0.5459290487425672,0.9997385144233704,0.4743650967166541,0.5436496791385473,0.9991259574890137,59.91589016244743,0
1108,0.5224601058732901,0.36829331942967036,0.9999868869781494,0.4600140154361729,0.3743456247307009,0.9995424747467041,0.5108859794480464,0.5434392974490216,0.9997491240501404,0.47471100801513344,0.54088116259802,0.9991666078567505,59.91589016244743,0
1109,0.5244241413616003,0.3680748343467715,0.9999873042106628,0.4604709418047046,0.3728790410927367,0.9995825886726379,0.5117699844496595,0.5416440367698674,0.9997613430023193,0.47467772875513387,0.5388703913915729,0.9992122054100037,59.91589016244743,0
1110,0.5262523946307959,0.3679821008727667,0.9999879002571106,0.4611131421157296,0.3714332154818947,0.9996203780174255,0.5127449830373132,0.5407969128517882,0.9997722506523132,0.4748197382404694,0.5378029715447203,0.9992586970329285,59.91589016244743,0
1111,0.5278682112693791,0.3680541203135539,0.999988317489624,0.4618661361081263,0.3697950272333057,0.9996541142463684,0.5135134288242889,0.5403793709618709,0.9997788071632385,0.4749558638958708,0.5372130672136948,0.9992977380752563,59.91589016244743,0
1112,0.5293704328082861,0.36786703410602783,0.9999890327453613,0.46260940886679186,0.36821258210000574,0.9996861219406128,0.5141221455165322,0.5405117784227649,0.9997876882553101,0.4751714255128592,0.5373849102428985,0.9993429780006409,59.91589016244743,0
1113,0.5309216947782611,0.36715820431709323,0.9999896287918091,0.46335054295403655,0.3668199536346257,0.9997150897979736,0.5142976244290673,0.5408304049855192,0.9997946619987488,0.4753072801090426,0.5374862353007004,0.999385416507721,59.91589016244743,0
1114,0.5322399792217076,0.36573501144136733,0.9999899864196777,0.4641841408752263,0.3655962546666466,0.9997414946556091,0.5145719051361088,0.5411451629229959,0.9997990131378174,0.47558790303411974,0.537442232881274,0.999424159526825,59.91589016244743,0
1115,0.5337189918472658,0.3639416850748519,0.9999902248382568,0.4651472313063489,0.36474258417174954,0.9997653365135193,0.5150236771220257,0.5417910842668447,0.9997990727424622,0.475834938741866,0.5374919743764972,0.9994590878486633,59.91589016244743,0
1116,0.5352168821153191,0.36205096613793175,0.9999905228614807,0.46608373806590164,0.36440893440019545,0.999786376953125,0.5156837474732175,0.5430255134900416,0.9997988343238831,0.47609116775648974,0.5379361907641098,0.9994893074035645,59.91589016244743,0
1117,0.5367994450387505,0.3604249556859337,0.9999901652336121,0.4669010880447573,0.3641416175024853,0.9998047947883606,0.5163889896302,0.5445143012773428,0.9997897744178772,0.4762764998844696,0.5385771109944303,0.999510645866394,59.91589016244743,0
1118,0.5384878402664552,0.35922691651753047,0.9999898672103882,0.4675711506888983,0.36378155435834647,0.9998220205307007,0.5169770433789211,0.5461257355553768,0.9997805953025818,0.4763945199194412,0.5392857534544813,0.9995312094688416,59.91589016244743,0
1119,0.5402088193666372,0.3583055876550223,0.9999896883964539,0.4681286882786527,0.36326555694852586,0.9998376965522766,0.5171481143860593,0.5476642109098893,0.9997608661651611,0.4763992442971188,0.539929154373351,0.9995430707931519,59.91589016244743,0
1120,0.5415721791131161,0.3576326441197171,0.9999892711639404,0.46861812898090943,0.362721771001816,0.9998518228530884,0.5175301659674876,0.548703755651202,0.99974524974823,0.4766073439802446,0.5404479134650462,0.9995571374893188,59.91589016244743,0
1121,0.5428353207451961,0.35729871477399583,0.9999887347221375,0.46903660041945355,0.3620348374048872,0.9998647570610046,0.5180794795354211,0.549502205281031,0.9997201561927795,0.47690616335187674,0.5409866259211591,0.9995688796043396,59.91589016244743,0
1122,0.5439816344352,0.3571616808573408,0.9999880194664001,0.46939429073106714,0.3612645240057085,0.9998764395713806,0.5189332933652973,0.5507212451526102,0.9996842741966248,0.47733764563288045,0.5420542643183759,0.999581515789032,59.91589016244743,0
1123,0.54499744233631,0.3570852393195746,0.9999875426292419,0.4697133785202393,0.3606008163520271,0.9998872876167297,0.5199439185006282,0.5522579352060959,0.9996398687362671,0.4778340515636266,0.5436210518791567,0.9995931386947632,59.91589016244743,0
1124,0.5459456018039164,0.3571603113696692,0.9999874234199524,0.47002093706812215,0.3600524394285114,0.9998962879180908,0.5209010754312792,0.5543938364301413,0.9996073246002197,0.4782980566933045,0.5456958469890417,0.9996007084846497,59.91589016244743,0
1125,0.546993249938602,0.357218275467555,0.999987781047821,0.47027524596168924,0.35961224209694664,0.9999054074287415,0.5217357732000809,0.5564879462832502,0.9995838403701782,0.47872276107470235,0.547795380864825,0.9996142387390137,59.91589016244743,0
1126,0.5479483434132171,0.35725046907152475,0.999988317489624,0.470441145556314,0.35932336109025165,0.9999139308929443,0.5227935654776441,0.5582522551218673,0.9995651245117188,0.47931318907510706,0.5499380259286795,0.9996294379234314,59.91589016244743,0
1127,0.5489605551674257,0.3573060929775241,0.9999890327453613,0.47051670012019964,0.3590470268612819,0.999921977519989,0.5238307799611777,0.5594221268381396,0.9995548129081726,0.47994416242554117,0.5517246609642397,0.9996524453163147,59.91589016244743,0
1128,0.5498887414023994,0.35741663262957646,0.9999897480010986,0.47061160774458055,0.3589049010049732,0.9999291896820068,0.5250040463038858,0.5604930065927056,0.9995512962341309,0.48068787370409327,0.5534471557253887,0.9996740221977234,59.91589016244743,0
1129,0.5506445623579483,0.3576076711927144,0.9999902248382568,0.47071496503693755,0.35888234206608394,0.9999358654022217,0.5262914555413387,0.5615942393030444,0.9995424151420593,0.4815673019204824,0.5553607741991684,0.9996957182884216,59.91589016244743,0
1130,0.5511953830718999,0.35816560472760905,0.999990701675415,0.4708198550201601,0.35902577354794485,0.999941885471344,0.5275763358388632,0.5629761956986932,0.9995349049568176,0.48264886651720357,0.5574050233477642,0.9997178912162781,59.91589016244743,0
1131,0.5517518435205736,0.358967041685468,0.9999911785125732,0.4709648106779375,0.35914385602587773,0.9999473690986633,0.5289001833824889,0.5639442773092365,0.9995266199111938,0.4840204091299152,0.5590223471323654,0.9997373819351196,59.91589016244743,0
1132,0.5522288623310275,0.36009023161161546,0.9999915957450867,0.47109041469437773,0.3592639962832136,0.9999523162841797,0.5303478127434145,0.5644317978904365,0.9995195865631104,0.4856529973802116,0.5602440379914788,0.9997566938400269,59.91589016244743,0
1133,0.5527322689692185,0.3612509142784848,0.9999919533729553,0.4711938060465317,0.35936732377324815,0.9999568462371826,0.5318001168114803,0.5644653098923824,0.9995090365409851,0.4873186960106808,0.5609747511999952,0.9997732639312744,59.91589016244743,0
1134,0.5531450566791357,0.3622233739921028,0.9999924302101135,0.47126369675000546,0.3594699090435394,0.9999608993530273,0.5331569881666278,0.5645548672903156,0.9994924664497375,0.48885988337653064,0.5618617307572142,0.9997857809066772,59.91589016244743,0
1135,0.5534738500912988,0.36277700463930795,0.999992847442627,0.47131188142867353,0.35952127831322833,0.9999645352363586,0.534255771409898,0.5647678971290593,0.9994909167289734,0.4900716869604024,0.562865637597584,0.9997971653938293,59.91589016244743,0
1136,0.5538198777607514,0.363177007152921,0.9999932646751404,0.47130174438158706,0.359585082247144,0.9999678134918213,0.5350344748724079,0.5650703907012944,0.9994889497756958,0.4908244482108529,0.5635988201413841,0.9998089075088501,59.91589016244743,0
1137,0.5541894946779529,0.36335898297173663,0.999993622303009,0.4712847911176231,0.3596503635247551,0.9999707937240601,0.5355662930579417,0.5653542053131835,0.9994881749153137,0.491252115794591,0.5640015744027642,0.9998200535774231,59.91589016244743,0
1138,0.554570283208575,0.36357253789901767,0.9999937415122986,0.4713219248113182,0.35952140036083435,0.9999733567237854,0.5360290663582943,0.565333968117124,0.9994848966598511,0.49155905133202005,0.5639268330165322,0.9998267292976379,59.91589016244743,0
1139,0.5549911771501819,0.363682446025667,0.9999940991401672,0.4714541250751136,0.3591997211887726,0.999975860118866,0.5366382740792778,0.5652179349036448,0.999482274055481,0.4918565565631507,0.5641843818482903,0.9998384118080139,59.91589016244743,0
1140,0.5554462671279912,0.363785932461421,0.9999940991401672,0.4716756684439527,0.35875940890539293,0.9999779462814331,0.5372272162210378,0.5652100642522181,0.9994398951530457,0.492299406301408,0.5653301931562882,0.9998409748077393,59.91589016244743,0
1141,0.5559000458036154,0.36369947450501605,0.9999939799308777,0.4719727677958356,0.358327993324825,0.9999797940254211,0.5376279354095463,0.5661900753066658,0.9994121193885803,0.49272550997279985,0.5674908899125604,0.9998459815979004,59.91589016244743,0
1142,0.5563485991387145,0.36366722697303433,0.9999934434890747,0.4722366219475159,0.3580581403913955,0.9999815821647644,0.5377474597522195,0.5679848705019275,0.999406099319458,0.4928814428193232,0.5702112345468435,0.9998550415039062,59.91589016244743,0
1143,0.5566714973676776,0.36338972477685866,0.9999930262565613,0.4724170012133466,0.35800260305404696,0.9999830722808838,0.5377239102409004,0.5701392236210056,0.9993895292282104,0.493194482156209,0.5728057878358028,0.9998615980148315,59.91589016244743,0
1144,0.5567981430462433,0.36287029158501427,0.9999924302101135,0.47254666686058083,0.35797428517114577,0.9999845623970032,0.53766280412674,0.5719239030565539,0.9993848204612732,0.49377067458061985,0.574495395024618,0.9998701810836792,59.91589016244743,0
1145,0.5567930539449061,0.3618759669008712,0.999991774559021,0.4725967929476787,0.35799228435470976,0.9999858736991882,0.5377506585348224,0.5733679334322617,0.9993588924407959,0.49446054583504123,0.5760270130066649,0.9998765587806702,59.91589016244743,0
1146,0.556740488324847,0.3607336211772195,0.9999910593032837,0.4725916087627415,0.3581128219763441,0.9999871253967285,0.5381379978997372,0.5740418121928266,0.9993496537208557,0.4953978444848746,0.5770407602900556,0.9998844265937805,59.91589016244743,0
1147,0.5566820700963342,0.3595618194057831,0.9999901652336121,0.4726021005993801,0.3578542258058278,0.9999881982803345,0.5386275450388595,0.5746238373574761,0.999311089515686,0.49634782189414656,0.57806693656104,0.9998889565467834,59.91589016244743,0
1148,0.5566755561601553,0.35856118230592665,0.9999871253967285,0.4726350364230932,0.35733153706505216,0.9999889135360718,0.5393809732936682,0.5752081161453615,0.9992095828056335,0.4970219504265563,0.5789971209707718,0.9998850226402283,59.91589016244743,0
1149,0.5566094971838456,0.3572040441490358,0.9999850392341614,0.47269867289634016,0.3564952101026265,0.9999896287918091,0.5405007203420007,0.5749890662374955,0.9991826415061951,0.49785303076108334,0.5794872499647599,0.9998867511749268,59.91589016244743,0
1150,0.5565029921985812,0.3556421853247146,0.999981164932251,0.4728220928282969,0.3552212459700451,0.9999892711639404,0.5414590778804964,0.5738370163100112,0.9990347623825073,0.4984957490648546,0.5793321388108394,0.9998665452003479,59.91589016244743,0
1151,0.5563862494059976,0.35391673161869985,0.9999771118164062,0.47296613029071305,0.3536854599203385,0.9999886751174927,0.5421722474552341,0.5726518375532972,0.9989026784896851,0.4988738681588858,0.5792112009865902,0.9998226761817932,59.91589016244743,0
1152,0.5563019655999688,0.3524097317741034,0.999970018863678,0.4730773355279654,0.35214307336580214,0.999987006187439,0.5428178395543783,0.5714782930555802,0.9988732933998108,0.4991230922085902,0.5788605979510721,0.9997605681419373,59.91589016244743,0
1153,0.5562594901947753,0.3509647548198703,0.9999645948410034,0.4732359605176112,0.35050933701651465,0.999985933303833,0.5433111559777037,0.5706602732340499,0.9989057779312134,0.4992897396995912,0.5785520786330818,0.9997059106826782,59.91589016244743,0
1154,0.5562093115988236,0.3495069614478523,0.9999594688415527,0.4734114961964747,0.3493172214144755,0.999984860420227,0.5438816008113684,0.5705563426017766,0.9989453554153442,0.4993810823985512,0.5783062662397116,0.9996674060821533,59.91589016244743,0
1155,0.5560939425513862,0.3477646822021124,0.9999570846557617,0.473595153717768,0.34857068033445476,0.9999839663505554,0.5444444559869316,0.5705169269016815,0.9989990592002869,0.4995467024190089,0.5781480017162509,0.9996398687362671,59.91589016244743,0
1156,0.5559027478808454,0.3461661636829379,0.9999551773071289,0.47404346863428787,0.34783384771574144,0.9999832510948181,0.5446842795326601,0.5705211673464099,0.9990552067756653,0.4996347200302855,0.5781962530953548,0.9996228814125061,59.91589016244743,0
1157,0.555690861883618,0.3449150934105831,0.9999548196792603,0.4747063787210559,0.3469825912089578,0.999982476234436,0.544665132250105,0.5706342969621936,0.9991128444671631,0.4997726693039853,0.5785130319141212,0.9996111989021301,59.91589016244743,0
1158,0.5555418587866288,0.3443222102664769,0.9999544620513916,0.4756801625092828,0.34550266464551316,0.9999825954437256,0.5445854550316225,0.5708492000897729,0.9991694688796997,0.49955742699759387,0.5790500328654339,0.9996101260185242,59.91589016244743,0
1159,0.5554742188680744,0.3437191262131648,0.999954879283905,0.476876544100898,0.34348631188983036,0.9999829530715942,0.5442813322657635,0.5709593409583686,0.9992249608039856,0.4987508910042903,0.5796036266145257,0.9996148347854614,59.91589016244743,0
1160,0.5554605495362059,0.34321412444114713,0.9999551177024841,0.47828287311962714,0.34087740097727126,0.9999822378158569,0.5438128624643602,0.5707497284525922,0.9992863535881042,0.4974440293652675,0.5797607416198371,0.9996246695518494,59.91589016244743,0
1161,0.5554760666120624,0.34281152770632817,0.999954879283905,0.4799709277493617,0.33804031922703726,0.9999798536300659,0.5431263957704822,0.5699165009316949,0.9993353486061096,0.4955664404800964,0.5793691391036628,0.9996157288551331,59.91589016244743,0
1162,0.5554155707359318,0.34254060898508376,0.9999566078186035,0.48178771280107086,0.3354214259556364,0.9999798536300659,0.542649538744064,0.5686939018113277,0.9993876814842224,0.4947338061673304,0.5789366109030591,0.9996268153190613,59.91589016244743,0
1163,0.5553193915457957,0.342317947319576,0.9999577403068542,0.48357064951033857,0.3332247322513946,0.9999797940254211,0.5424281954765324,0.5673365791638697,0.9994273781776428,0.49536482067335263,0.5785874554089142,0.999626100063324,59.91589016244743,0
1164,0.5552021577244718,0.34237178308623206,0.9999588131904602,0.48541288858368326,0.3314126105535601,0.9999807476997375,0.54273343653906,0.566690944489979,0.9994646310806274,0.4975590280124123,0.5792095462481186,0.9996317625045776,59.91589016244743,0
1165,0.5551007900919238,0.34232232684180874,0.99996018409729,0.4874080873671036,0.32967183703467984,0.9999818801879883,0.543288301853907,0.5667617008799603,0.9995055198669434,0.5004393728006458,0.5803842374256684,0.9996479749679565,59.91589016244743,0
1166,0.5550876430102761,0.3423001326265792,0.9999606013298035,0.4895407912277044,0.32796264262426494,0.9999827146530151,0.5439494933400839,0.5673305562564309,0.9995383620262146,0.5029940846420473,0.5814944647607354,0.9996576309204102,59.91589016244743,0
1167,0.5551760594050095,0.3423535625139875,0.9999609589576721,0.49173620485124175,0.3265371223290764,0.9999833106994629,0.5448017063595003,0.5677676229249868,0.9995657801628113,0.5041697678111852,0.582144677639008,0.9996599555015564,59.91589016244743,0
1168,0.5553810142335442,0.34225757349105135,0.9999614953994751,0.49434823507354414,0.3256026676722938,0.999983549118042,0.5458971829641437,0.5681876114436564,0.9995877146720886,0.5050622537022549,0.582411110401154,0.999650776386261,59.91589016244743,0
1169,0.5557073184422089,0.34211293714387103,0.9999603033065796,0.49731302545184225,0.32499468610400273,0.999983549118042,0.5476778064455309,0.5690609557288038,0.9996013045310974,0.5062432062058226,0.5825606868380596,0.9996342062950134,59.91589016244743,0
1170,0.5563992290269765,0.34212234048616347,0.9999549388885498,0.5003939185823718,0.3244915831656686,0.9999828934669495,0.5502384276617145,0.5708104627473018,0.9996042251586914,0.5080866473061703,0.5835665407634921,0.999600350856781,59.91589016244743,0
1171,0.5572955296153119,0.34195279223578345,0.999945342540741,0.5037826810564318,0.32386514260655386,0.9999819993972778,0.5529488381885351,0.5728941872006376,0.99959796667099,0.5104209752309894,0.5849167988413861,0.99956214427948,59.91589016244743,0
1172,0.5584415906951545,0.34139994780222604,0.9999243021011353,0.5068328749565856,0.3233959277470909,0.9999805688858032,0.5560098006611783,0.5758376291819987,0.9995614886283875,0.512952287991842,0.5867031131471911,0.9994996190071106,59.91589016244743,0
1173,0.5597732379322964,0.3405285165423442,0.9998966455459595,0.5093673694701426,0.3231871695745562,0.9999781250953674,0.5591871568134857,0.5789361596107487,0.9994749426841736,0.5155746709732787,0.5883552290144426,0.9993980526924133,59.91589016244743,0
1174,0.5615929904438205,0.33944915589832153,0.999809741973877,0.5116070877938048,0.32316167013985797,0.9999765753746033,0.5622186235019143,0.5817711722283141,0.9992861151695251,0.5179800873711,0.5897648391269508,0.9992551803588867,59.91589016244743,0
1175,0.563600565705981,0.3384595385619575,0.999679446220398,0.5139088630676274,0.32342387239138315,0.999973475933075,0.5651628289903918,0.5845230817794804,0.9989898800849915,0.5203896079744615,0.5910531708172394,0.9990322589874268,59.91589016244743,0
1176,0.5660775701204941,0.3378816772074929,0.999538779258728,0.5161832429113846,0.32368896262986346,0.9999715089797974,0.5677337050437932,0.586527784665426,0.9988074898719788,0.5222739179929101,0.591919342676799,0.998909592628479,59.91589016244743,0
1177,0.568842953159696,0.33749251990091256,0.9993558526039124,0.518808171862648,0.3240103750001819,0.9999662637710571,0.5696159203847254,0.5880127577554617,0.9985776543617249,0.5237504073551726,0.5924579245703565,0.9987095594406128,59.91589016244743,0
1178,0.572013051736923,0.33734290088926067,0.9991801381111145,0.5214443405469262,0.32473250939732534,0.9999629855155945,0.5717690587043767,0.590032285168058,0.9983000159263611,0.5252027000699728,0.593428614593688,0.9985207319259644,59.91589016244743,0
1179,0.5752661625544235,0.3373529740742277,0.9990519881248474,0.5242070953051253,0.32587005410875614,0.9999594688415527,0.5737510011309674,0.5922040655499418,0.9979930520057678,0.5270958287375318,0.5945075580051972,0.9982577562332153,59.91589016244743,0
1180,0.57867139294034,0.33755834329695955,0.9988858699798584,0.5266602890832088,0.32700943379175124,0.9999552369117737,0.575919730322702,0.5941520248140613,0.9977843761444092,0.5290161711829053,0.5959325120562604,0.9980819225311279,59.91589016244743,0
1181,0.5818128160067972,0.3377794197627479,0.9986128211021423,0.5292294621467595,0.3282409750279929,0.9999498128890991,0.5779222760881702,0.5963647450719566,0.9975191950798035,0.5313676964669005,0.5981581693603883,0.997846245765686,59.91589016244743,0
1182,0.5845315115792415,0.3378879882040481,0.9984139204025269,0.5320876013664977,0.329474971407936,0.999947190284729,0.5798200425647558,0.5979446059181581,0.9970889687538147,0.5342400925500057,0.6003129624185113,0.9975603222846985,59.91589016244743,0
1183,0.586931631678627,0.337880577359881,0.9983410835266113,0.5351999515578865,0.3302808489118306,0.9999455809593201,0.5819122933206109,0.5998185986564277,0.9969964623451233,0.5373374365624931,0.6025218906856724,0.9974923729896545,59.91589016244743,0
1184,0.5898041583242875,0.3378506004810336,0.9982212781906128,0.5390231098447531,0.3309994013536547,0.9999406337738037,0.5847831964492802,0.601596145402818,0.9968193769454956,0.5406525589170914,0.6043093318030952,0.9972957372665405,59.91589016244743,0
1185,0.5932641029357915,0.33780455873126103,0.9980443716049194,0.5428900292941506,0.3315159252711708,0.9999368190765381,0.587999528362638,0.6034604538054698,0.9966668486595154,0.5437644436245878,0.6055358733449668,0.9971067905426025,59.91589016244743,0
1186,0.596863400368464,0.33780832091967294,0.9980023503303528,0.5471201879637586,0.33122319408825496,0.9999338388442993,0.5912383340653924,0.6050135067531046,0.9966065883636475,0.54638360511689,0.6061393760499505,0.9968858957290649,59.91589016244743,0
1187,0.6012594444411147,0.33789461709204205,0.9978199601173401,0.5514876700582962,0.3301143106960117,0.9999305009841919,0.5952087300164364,0.6069453756014511,0.9964672327041626,0.549489640054249,0.6069023637544546,0.9965951442718506,59.91589016244743,0
1188,0.6056954945836753,0.3378620828901021,0.9977571368217468,0.5558180042675568,0.3284213514555071,0.9999266266822815,0.599396787938618,0.6083426787739713,0.9964060187339783,0.553203540188926,0.6074237085524063,0.996365487575531,59.91589016244743,0
1189,0.6101500448726477,0.3377255116190232,0.9975935220718384,0.5600788848740719,0.3259047865867617,0.9999217391014099,0.6040927852903099,0.6094497555778144,0.9962371587753296,0.5574492982455667,0.6080528866677062,0.9961445331573486,59.91589016244743,0
1190,0.6148196118218563,0.33692094541731366,0.9974838495254517,0.5648064471426468,0.3226870809282578,0.9999200105667114,0.6090488831202194,0.6095916657220755,0.9961694478988647,0.5619526221638638,0.6078635425794697,0.9960108995437622,59.91589016244743,0
1191,0.6191824646223165,0.33516995821680373,0.9973809719085693,0.5689983878816882,0.31920217616217506,0.9999142289161682,0.6138377161253072,0.609473015580859,0.9960687756538391,0.566392390500932,0.607358180341267,0.9957152009010315,59.91589016244743,0
1192,0.6229861293520251,0.332503798462096,0.997324526309967,0.572862687565032,0.3152252208618893,0.9999115467071533,0.6180397470792139,0.6086511526788989,0.9959863424301147,0.5705627117838183,0.6063523633139479,0.9955558776855469,59.91589016244743,0
1193,0.6265124735378089,0.32916607885133675,0.9972405433654785,0.5765667642865866,0.31103760571706884,0.9999117255210876,0.6223704105331789,0.6079239646593735,0.9958938956260681,0.5749369689396454,0.6054630364690513,0.9955883026123047,59.91589016244743,0
1194,0.6301572039013822,0.3262180827912833,0.9971991181373596,0.5798101709002544,0.30708914853277686,0.9999104142189026,0.6264444504465381,0.6072788806188678,0.9959786534309387,0.578847970281329,0.6048449363027305,0.9956443309783936,59.91589016244743,0
1195,0.6337399198895415,0.3238064973127277,0.9970418810844421,0.5828553920700441,0.3035575264976141,0.9999076128005981,0.6302850728943239,0.6068876243772965,0.9959298372268677,0.5826309181395036,0.6047306798753289,0.9955880045890808,59.91589016244743,0
1196,0.6372595826784775,0.32114105990954833,0.9969073534011841,0.5857648366973518,0.3006155462492082,0.9999079704284668,0.6340048653738845,0.6063768664995834,0.9958925247192383,0.5862671562603546,0.6045270448639284,0.9956433773040771,59.91589016244743,0
1197,0.6405776171457205,0.31869275371233646,0.9969334602355957,0.5882651153064914,0.29867965124902296,0.9999106526374817,0.6374426824705948,0.6064330083983289,0.9960300922393799,0.5901545229412266,0.6047132980255858,0.9957965016365051,59.91589016244743,0
1198,0.6439804094178341,0.316876163085302,0.9969367384910583,0.5904249179930918,0.2972906260263355,0.9999144077301025,0.6407252010845008,0.6065195656958086,0.9960944652557373,0.5943189774240771,0.6049061673028133,0.995927095413208,59.91589016244743,0
1199,0.646982059592293,0.31582116796856863,0.9969081282615662,0.5928659779684888,0.2961125827970961,0.9999170899391174,0.643236671175276,0.6071216605958489,0.9962376356124878,0.5982558386666439,0.6053053623154054,0.9960916042327881,59.91589016244743,0
1200,0.6500772777057835,0.31609216616267277,0.9970172643661499,0.5952408597582867,0.294874103296371,0.9999216794967651,0.6458450640950889,0.6080414879889721,0.9964030385017395,0.6022429693312876,0.605800915332068,0.9962895512580872,59.91589016244743,0
1201,0.6528652338754568,0.31683182432538015,0.9971602559089661,0.5975996710005266,0.2934183180332186,0.9999255537986755,0.6482978945686708,0.6095923185348515,0.9962791204452515,0.6064569950103764,0.606654082025801,0.9962901473045349,59.91589016244743,0
1202,0.6557757031349913,0.3172272159939723,0.9973710179328918,0.5996233253251944,0.29204835352443537,0.9999305605888367,0.6506424319176451,0.6113359757832123,0.9963335394859314,0.6103969074430926,0.607735483419328,0.9964072704315186,59.91589016244743,0
1203,0.6588550153232762,0.31748650897116915,0.9975751042366028,0.6018366501444867,0.2909528684048428,0.9999358654022217,0.6525289813677475,0.6131970059304015,0.9963104724884033,0.6137772741771885,0.6091150471142366,0.9964956641197205,59.91589016244743,0
1204,0.6624352392696204,0.31770362740471275,0.9977444410324097,0.6042311049643021,0.2898890007109871,0.9999404549598694,0.6543464149747581,0.6145393848419194,0.9960125088691711,0.6166116737184075,0.6102039643696382,0.9965034127235413,59.91589016244743,0
1205,0.6671280122938615,0.31792915435064434,0.9979194402694702,0.6065799196561182,0.2889496116411121,0.9999446272850037,0.6561853601818999,0.6151351644879302,0.9958173632621765,0.6181737298057197,0.6106576124827072,0.9965214133262634,59.91589016244743,0
1206,0.6713217865853088,0.31821767347199603,0.9980090260505676,0.6091418805576512,0.28815119890939644,0.9999470710754395,0.6583238414355692,0.6154643751326065,0.9953485131263733,0.620115180810293,0.610840050947099,0.9964576959609985,59.91589016244743,0
1207,0.6749375008401421,0.3183241600082037,0.9981514811515808,0.6118762407984057,0.2873867437953043,0.9999496340751648,0.6608598799932576,0.6164370406241649,0.9952304363250732,0.6230269954318097,0.6118308617955168,0.9964456558227539,59.91589016244743,0
1208,0.6778949030808042,0.3178022738013952,0.9982565641403198,0.6147985075201309,0.28677445011479535,0.9999526143074036,0.662810849291938,0.6173811980656216,0.9949918985366821,0.6259101884705683,0.6129702840532577,0.9964892268180847,59.91589016244743,0
1209,0.6802396391119278,0.31688106060028104,0.9983798861503601,0.6178926740373885,0.2863108388015205,0.9999553561210632,0.6645187224660603,0.6185118896620615,0.9949048161506653,0.6290731217179983,0.6144472914082665,0.9965502023696899,59.91589016244743,0
1210,0.6819717089335123,0.31556052040486127,0.9984850883483887,0.6211587403501782,0.2859959098554797,0.9999572038650513,0.6659834995156242,0.6198291154134842,0.994666576385498,0.6325157951740997,0.6162618838605427,0.996476411819458,59.91589016244743,0
