frame_id,left_shoulder_x,left_shoulder_y,left_shoulder_visibility,right_shoulder_x,right_shoulder_y,right_shoulder_visibility,left_hip_x,left_hip_y,left_hip_visibility,right_hip_x,right_hip_y,right_hip_visibility,fps,low_visibility
0,0.6102319799718406,0.5422041032995498,0.9988746047019958,0.6168969117459802,0.5503640685762682,0.9998094439506531,0.50237706729344,0.5331317115397682,0.9942359328269958,0.5024935929548175,0.5305636170364562,0.9952582716941833,60.02487756725132,0
1,0.6103241613933021,0.5415959358215334,0.9988874793052673,0.6168264448642735,0.5505425078528272,0.9998145699501038,0.5026657496179857,0.5325513609818052,0.9940862059593201,0.5028017035552436,0.5296479931899479,0.9951714277267456,60.02487756725132,0
2,0.6103960914271223,0.5411513490336284,0.9988755583763123,0.6167820010866442,0.5507809604917258,0.9998118281364441,0.502943234784263,0.5319666607039318,0.9937800765037537,0.5031027197837831,0.5287464175905501,0.9949773550033569,60.02487756725132,0
3,0.6104477700733009,0.540870342935835,0.9988422989845276,0.6167635804130922,0.5510794264929639,0.9998053908348083,0.5032095227922717,0.5313776107061481,0.9937034845352173,0.5033966416404365,0.5278588902382628,0.9949145913124084,60.02487756725132,0
4,0.61048854532696,0.5408259772119073,0.998812198638916,0.6168084343274439,0.5515704580715729,0.9998034834861755,0.5034325889178688,0.530669246401106,0.9934163689613342,0.5037231047948205,0.5270214024044223,0.9947344064712524,60.02487756725132,0
5,0.6104713394528348,0.5408907589458288,0.9988262057304382,0.6168227082207094,0.551953412237622,0.9998074769973755,0.5036815688723614,0.5300625732966836,0.9934447407722473,0.5039699900717967,0.5261089886937826,0.9948313236236572,60.02487756725132,0
6,0.6104401151339218,0.5408986920402168,0.9988576173782349,0.6168234546979273,0.5521356321516495,0.9998124241828918,0.5039084298270093,0.5297656882376902,0.9938462972640991,0.5041727877798539,0.5253208563441326,0.995171308517456,60.02487756725132,0
7,0.6104403876122979,0.5408922206787841,0.9989165663719177,0.6168052185149424,0.5521192323593871,0.9998221397399902,0.5041016368638905,0.5298568549610324,0.994323194026947,0.5043312708536788,0.5248666575976785,0.9955690503120422,60.02487756725132,0
8,0.6103872912270687,0.5408870776494348,0.9989832639694214,0.6167884156817487,0.5518888774372286,0.9998340010643005,0.5041632737432211,0.5300333386375795,0.9947856068611145,0.5043833596365797,0.5246561027708512,0.9959560632705688,60.02487756725132,0
9,0.61032270533698,0.5409102894011002,0.9990491271018982,0.6167900108155755,0.5518925417037241,0.9998461008071899,0.5040623432114014,0.5301873570396791,0.9952160120010376,0.5043774616150634,0.5244473814964299,0.9963180422782898,60.02487756725132,0
10,0.6102673411369328,0.5409428165072491,0.9990873336791992,0.6167820464997069,0.5520399099304567,0.999853789806366,0.5039142994653615,0.5303272775241311,0.9954972863197327,0.5043152343659179,0.5244005379222693,0.9965875148773193,60.02487756725132,0
11,0.6102014127231784,0.5410863189470205,0.9990870952606201,0.6167471948124119,0.5522813030651642,0.9998523592948914,0.5037469438144142,0.5306667004312792,0.9954695105552673,0.5042615249043423,0.5244518631980537,0.9966195225715637,60.02487756725132,0
12,0.6101060452915379,0.541137950760978,0.9990684986114502,0.6167058149973557,0.5524907821700691,0.999848484992981,0.5036214873904278,0.5312230274790813,0.9952636361122131,0.5043312708536787,0.5245654157229837,0.9965025782585144,60.02487756725132,0
13,0.6099564660163157,0.5410654857045132,0.9990893602371216,0.6166613130342398,0.552515600408827,0.9998519420623779,0.5034710594585967,0.5321377941540314,0.9954642057418823,0.5044832371530084,0.5246194118545173,0.9966988563537598,60.02487756725132,0
14,0.6097272577739903,0.5410902329853607,0.9990748167037964,0.6165710205123542,0.5522949213073371,0.9998489618301392,0.5032969372613093,0.5336060438837328,0.9956046342849731,0.5046564454124092,0.5250037113825485,0.9968413710594177,60.02487756725132,0
15,0.6094780564308171,0.5412804569516867,0.9990737438201904,0.6164587480681288,0.5521644240333925,0.9998482465744019,0.5030333456538976,0.5355230144092019,0.9957703351974487,0.5047454606919066,0.5260400403113596,0.9969905018806458,60.02487756725132,0
16,0.609201365993137,0.5416489555722196,0.9990592002868652,0.6163304249445603,0.5520816445350651,0.9998460412025452,0.5026902925400512,0.5379856626192734,0.9956941604614258,0.5047332559313097,0.5277949372927352,0.9970043301582336,60.02487756725132,0
17,0.6089640571957547,0.5421893852097652,0.9990878105163574,0.6162130719139467,0.552108656792414,0.9998522996902466,0.5023876173155652,0.5405214031537378,0.9958528876304626,0.5046772644633343,0.5301376325743543,0.9971762299537659,60.02487756725132,0
18,0.6087931479726524,0.5424665695145021,0.9990419745445251,0.6161706050237025,0.5520961256254291,0.9998471736907959,0.5021528289431622,0.5424855833961855,0.9957972764968872,0.5046658146949046,0.5322573298499702,0.9971909523010254,60.02487756725132,0
19,0.6085693864595327,0.5424871444702153,0.9990341663360596,0.6161431357974103,0.5520468694823133,0.9998489022254944,0.5019680573826748,0.5434806829407106,0.9957633018493652,0.5046886972018655,0.5334404536655976,0.9972450733184814,60.02487756725132,0
20,0.6083915120079408,0.5423249687467308,0.9990739226341248,0.6160848339398707,0.5520234448569166,0.9998564124107361,0.5019199507577082,0.5436285932858789,0.9960331320762634,0.5046931334904265,0.5339922422454475,0.9974472522735596,60.02487756725132,0
21,0.6082581423577813,0.5420648966516772,0.9991012215614319,0.6159481917108813,0.5520613136745639,0.9998618364334106,0.501924506255559,0.5432243148485824,0.9962060451507568,0.5046782663890298,0.5342011962618152,0.9975858926773071,60.02487756725132,0
22,0.6081775284948808,0.5418664472443722,0.9991046190261841,0.6157654154868357,0.5521540329569867,0.9998645782470703,0.5019290447235112,0.5432373143377762,0.9962840676307678,0.5045905056453891,0.5345801001503359,0.9976713061332703,60.02487756725132,0
23,0.6081302279517768,0.5417574502172928,0.9991382956504822,0.6155719359715784,0.5522296144848782,0.999871551990509,0.501907362824395,0.5437736227398831,0.996432900428772,0.5044880140395396,0.5356825959114806,0.997804582118988,60.02487756725132,0
24,0.6082874337832138,0.5416990774018429,0.9991664290428162,0.6153521566163931,0.5524783020927797,0.9998776912689209,0.5020856147720705,0.544604409308661,0.9965736269950867,0.5044152537981673,0.5375601989882337,0.9979335069656372,60.02487756725132,0
25,0.6084688987050743,0.5416987311272399,0.9991496801376343,0.6150582517896385,0.5528140550567995,0.9998795986175537,0.5023664094152909,0.5454400522368299,0.9962697625160217,0.5042042902537759,0.5401805951481778,0.9978250861167908,60.02487756725132,0
26,0.6086329647472931,0.5417073340643025,0.9991710782051086,0.614772016093845,0.5532865779740475,0.9998856782913208,0.502656806082953,0.5460572271119986,0.9962422251701355,0.5039479533831283,0.5425787624858679,0.9978876113891602,60.02487756725132,0
27,0.6087331743467427,0.5416379939942138,0.9991176724433899,0.6144748528798427,0.5537595209621252,0.9998865127563477,0.5029005550202873,0.5462713837623601,0.9955980181694031,0.5037122908092684,0.5444696517217731,0.9976038932800293,60.02487756725132,0
28,0.6087782893862048,0.5413948581332256,0.9990848898887634,0.6142406889370514,0.554105191003709,0.9998863339424133,0.5029156633785797,0.546355403604962,0.9950355887413025,0.5034016058558513,0.5456259789920993,0.9973730444908142,60.02487756725132,0
29,0.6087452740896321,0.5411526021503271,0.9990160465240479,0.6140701628866655,0.5542726658639459,0.9998851418495178,0.5027067718051732,0.5467395356723245,0.9944069981575012,0.5031477326438545,0.5464141879762926,0.9970829486846924,60.02487756725132,0
30,0.608676930268606,0.5408793233689813,0.9989372491836548,0.6139225732712523,0.5542486735752655,0.999882161617279,0.5024471538407467,0.5472204798743843,0.9938196539878845,0.5030286595934917,0.5470445014181595,0.9968279004096985,60.02487756725132,0
31,0.6085733629408341,0.540617982546489,0.9988369345664978,0.6138124778157195,0.5540157528150654,0.9998796582221985,0.5021255356924879,0.5477196233613155,0.9934168457984924,0.5028095131828676,0.5476216106187733,0.9966928958892822,60.02487756725132,0
32,0.6084660774185549,0.5404725670814519,0.9987868070602417,0.6137534976005559,0.5538357638177422,0.9998762011528015,0.5018559296925866,0.5480897029240931,0.9932209253311157,0.5026289224624638,0.5476512539954417,0.9965702295303345,60.02487756725132,0
33,0.6083350124813267,0.5404314966428851,0.998806357383728,0.6136948551450462,0.5537076620828543,0.9998795390129089,0.5017039378484094,0.5482354476338346,0.9933010935783386,0.5025241119521009,0.5474580923716232,0.9966312050819397,60.02487756725132,0
34,0.6082086279278714,0.5403999203727363,0.9988219141960144,0.6135886027699431,0.5536527037620549,0.9998818039894104,0.5015832866941183,0.5482692321141566,0.9933049082756042,0.5024245438121618,0.5471629386856447,0.9965974688529968,60.02487756725132,0
35,0.6081356917108813,0.5403446072623848,0.9988111853599548,0.6134351974441896,0.5537482698758447,0.9998820424079895,0.5015375046502981,0.5481168088458838,0.9931151866912842,0.5023797693706697,0.5470219822157001,0.9964213371276855,60.02487756725132,0
36,0.6080593438375569,0.5401482411793305,0.9988028407096863,0.6132307421593444,0.553731310935248,0.9998809099197388,0.5015270170711339,0.5475870115416395,0.9929927587509155,0.5024108347438635,0.5468089438620072,0.9962709546089172,60.02487756725132,0
37,0.6080031025977366,0.5399167282240735,0.9988426566123962,0.6129949745677772,0.5536561154183892,0.9998841881752014,0.5015367581730801,0.5466620893705463,0.9930298328399658,0.5024100598834814,0.546132380054111,0.9962618350982666,60.02487756725132,0
38,0.608022652921223,0.5396240637415936,0.9989060163497925,0.612777241638729,0.5535745422045395,0.9998903274536133,0.5016068702652345,0.5450916545731685,0.9931191205978394,0.5024381308328542,0.5447161736942477,0.9963165521621704,60.02487756725132,0
39,0.607866817996616,0.5396667378289364,0.9989545941352844,0.6126065765108386,0.5533585888998853,0.9998930096626282,0.5016521130289354,0.5428235303787963,0.9933425188064575,0.5024826753707163,0.541799610569364,0.9963803887367249,60.02487756725132,0
40,0.6076148180734549,0.539954128719512,0.9989940524101257,0.6124711973326551,0.5530288957414178,0.999894380569458,0.5017387611525403,0.5402837509200691,0.9935569167137146,0.5025826777730673,0.5380569753192724,0.9964221715927124,60.02487756725132,0
41,0.6073518792788193,0.5402315911792578,0.9990249872207642,0.6124068839209424,0.5527403723625914,0.9998920559883118,0.5018250771931244,0.5376327236493432,0.993828296661377,0.5027058351607554,0.534340239706494,0.9964866638183594,60.02487756725132,0
42,0.6071784184092572,0.5405616306123284,0.9990444183349609,0.6123510968117492,0.5525317021778655,0.9998903870582581,0.501919337681362,0.5352192663011102,0.9939345717430115,0.502784527483441,0.5311311625299004,0.9964936375617981,60.02487756725132,0
43,0.6071218081883027,0.540828176907131,0.9990552067756653,0.6124153846786141,0.5523702786082317,0.999887228012085,0.501964736552466,0.533476517314003,0.994062066078186,0.5028087752205989,0.52891656046822,0.996497631072998,60.02487756725132,0
44,0.6072102785110478,0.540905736741566,0.9990543127059937,0.6126017258280805,0.5522690330232897,0.999882698059082,0.5019963099842983,0.5320489463352026,0.9941192269325256,0.5028283624421988,0.5277369277817867,0.9964513778686523,60.02487756725132,0
45,0.6072502278146295,0.5409491828509744,0.9990105628967285,0.6128595726830623,0.5521520943868732,0.9998722672462463,0.5019172231356307,0.530166396072933,0.9939519166946411,0.5027991164298289,0.5259320764314565,0.9962648749351501,60.02487756725132,0
46,0.6072287729808268,0.5409234535126464,0.9990056753158569,0.6130978777295072,0.5519639111700516,0.9998695850372314,0.5017489961215432,0.528328447114854,0.9940700531005859,0.5027805651937216,0.5241281248274308,0.9962702989578247,60.02487756725132,0
47,0.6071742233775916,0.5407352844874069,0.9989843368530273,0.613244439874377,0.5517883754911881,0.999862015247345,0.5015426874160771,0.5266413887341822,0.9940711259841919,0.5027729216076083,0.5224851540156777,0.996205747127533,60.02487756725132,0
48,0.6071168638411027,0.54047570625941,0.9989359974861145,0.6132432250749502,0.5515982678958353,0.999851644039154,0.501345535119375,0.5252045648438595,0.9938223958015442,0.5027127067248031,0.5207584358396988,0.9959912300109863,60.02487756725132,0
49,0.6069553040322808,0.5402042922519507,0.9988842010498047,0.6132495403289799,0.5514031818934854,0.9998367428779602,0.5011006139573602,0.5244932713962741,0.9935534000396729,0.502663041864123,0.5197976742471971,0.9957614541053772,60.02487756725132,0
50,0.6067473831630894,0.5398607481093638,0.9988816380500793,0.6132042663437984,0.5513348636173071,0.9998275637626648,0.5008483160109751,0.524178056489854,0.9936666488647461,0.5026161244937355,0.5194930519376486,0.9957889914512634,60.02487756725132,0
51,0.6065264259065906,0.5394952552659176,0.998816192150116,0.6131310406185337,0.5513723265557067,0.9998088479042053,0.5005951580547154,0.5237084485235672,0.9936816692352295,0.5025052257946564,0.5190509217126034,0.995765745639801,60.02487756725132,0
52,0.6063039189293276,0.5399620050475715,0.9987855553627014,0.6130709080469046,0.5517165547325502,0.999794602394104,0.5003260175387068,0.5235003062656952,0.9937423467636108,0.5022624532381696,0.5188712222235548,0.9957994222640991,60.02487756725132,0
53,0.6062838889303667,0.5408602867807666,0.9987959861755371,0.6130048433939621,0.5523861249287927,0.9997941851615906,0.5001866448493235,0.5234053645815172,0.9940304756164551,0.5019319539978394,0.5188806965237576,0.9960180521011353,60.02487756725132,0
54,0.6064383643014095,0.5418043590727311,0.9988672733306885,0.6129511197408045,0.5531966601099292,0.9998063445091248,0.5001782320794609,0.5232387866292685,0.9945229291915894,0.5015748313495094,0.5189297852062048,0.9963659644126892,60.02487756725132,0
55,0.6066015760103867,0.5425832470258081,0.998903751373291,0.6129357275508704,0.5539463730085468,0.999809205532074,0.5001487093312403,0.5234752723148894,0.9948477745056152,0.501300760677883,0.5196799834569299,0.9965915679931641,60.02487756725132,0
56,0.6067386525017879,0.5430202682813012,0.9988759160041809,0.6128771305084233,0.5545417978650052,0.9997971057891846,0.5001133339745663,0.5240389477638976,0.9948033690452576,0.5011630171821235,0.5206871061098013,0.9965724945068359,60.02487756725132,0
57,0.6067685229437697,0.5430734668459215,0.9988338947296143,0.612810957999457,0.5547603453908652,0.9997895956039429,0.49995423782439496,0.5249464966001969,0.9945946931838989,0.5011314040138611,0.521597836698805,0.9965108036994934,60.02487756725132,0
58,0.6066795332091199,0.5433674426305866,0.9987903237342834,0.6127837413833259,0.5548472177414672,0.999781608581543,0.4996907611687982,0.526858991100675,0.994014322757721,0.5011164091882255,0.523910136449905,0.9962034821510315,60.02487756725132,0
59,0.6066655317942307,0.5435812984194079,0.9986703395843506,0.6127497213227413,0.5548931814375382,0.9997645020484924,0.49946786818050243,0.5291638062113813,0.9926280975341797,0.5011191992532643,0.5269965501058673,0.9954447746276855,60.02487756725132,0
60,0.6067174275716151,0.5436364639373057,0.9986072182655334,0.6127397559937982,0.5549098281633291,0.9997574090957642,0.499316228287561,0.531711490381332,0.9916331171989441,0.5011448775018968,0.530323119390579,0.9950721263885498,60.02487756725132,0
61,0.6067914111273635,0.5436162437711447,0.998490571975708,0.612732677232652,0.5548878454026727,0.9997422695159912,0.4992475878624693,0.5339777412868686,0.990169107913971,0.5010895047869005,0.5334105945768814,0.9943225383758545,60.02487756725132,0
62,0.6069694785844717,0.5436254143714909,0.9983898401260376,0.6126890267644615,0.5549893010230296,0.9997350573539734,0.49933209731465333,0.5354803715433398,0.9890191555023193,0.5009562429927648,0.5356925413722088,0.9938262104988098,60.02487756725132,0
63,0.6072348611695431,0.5431766453243442,0.9983248114585876,0.6126277219681517,0.5550824886276613,0.9997288584709167,0.49941056966781655,0.5361442651067465,0.9879434704780579,0.500651407809485,0.5366768496377132,0.993301510810852,60.02487756725132,0
64,0.6074684489341015,0.5424503059614276,0.9982542395591736,0.6126017598878775,0.5550788130079001,0.9997233152389526,0.499276568492254,0.5368975457691015,0.9872753024101257,0.5002392416908632,0.537206663971856,0.9930124878883362,60.02487756725132,0
65,0.607781310876211,0.5416668681871327,0.998211145401001,0.6124372312000825,0.5550835898944315,0.999716579914093,0.49904765401567774,0.536085236640204,0.9872844219207764,0.4996323784192408,0.5358507434527083,0.9930219650268555,60.02487756725132,0
66,0.6079117173240303,0.5410000823792962,0.9981908202171326,0.6120956710406718,0.5550488744463244,0.9997047185897827,0.4986537950379512,0.5345226412727724,0.9874316453933716,0.4990310981160122,0.5331783266294574,0.9930163025856018,60.02487756725132,0
67,0.6073301434516911,0.5409316193489806,0.9981944561004639,0.6117002850487123,0.5550871491432194,0.9996826648712158,0.49829336149351977,0.5316764570417862,0.9877100586891174,0.4986082812150323,0.5288345813751225,0.9930945038795471,60.02487756725132,0
68,0.6059605564389915,0.5413326422373459,0.9982439279556274,0.6113595252945314,0.5550382194064917,0.9996762275695801,0.49784633517265364,0.526959876219432,0.9883581399917603,0.49843022369203155,0.5232682228088383,0.993366003036499,60.02487756725132,0
69,0.6041369069190257,0.5413630207379664,0.9982849955558777,0.6108668418157672,0.5548665069398431,0.9996702075004578,0.4973049532799497,0.5215975301606319,0.9888491630554199,0.4984614863282162,0.5178753676868625,0.9935328364372253,60.02487756725132,0
70,0.6024087553932558,0.5407169603166131,0.9981570839881897,0.6102966354006818,0.5545712425595243,0.999622642993927,0.49705853916349907,0.5164652807371961,0.988545835018158,0.4986361378715156,0.5129985866092504,0.9930786490440369,60.02487756725132,0
71,0.601569206941696,0.539146979649862,0.9981647729873657,0.6095042455764048,0.5545782134646466,0.9996059536933899,0.497646333206268,0.5103803049950377,0.9889752864837646,0.49863184491793355,0.5080687403678898,0.9931835532188416,60.02487756725132,0
72,0.6014074995404203,0.5371348318599524,0.9982104301452637,0.6086005682036995,0.5547511889821011,0.9995923638343811,0.4986271389893127,0.5053776928356719,0.989546000957489,0.4987855525243854,0.5041073631672636,0.9933509826660156,60.02487756725132,0
73,0.6015377669107351,0.5354846630777637,0.9981876611709595,0.6079241690181556,0.5555993857837863,0.9995372295379639,0.49972659065609926,0.5014902140413016,0.9899799227714539,0.4993054980323432,0.5010785545621603,0.99336838722229,60.02487756725132,0
74,0.6016585344359993,0.534528303714026,0.9981940984725952,0.6075152016821367,0.5566227123850873,0.999523937702179,0.5004889993440542,0.49811810113134875,0.9905219078063965,0.4999463955561324,0.4982515332244696,0.9935454726219177,60.02487756725132,0
75,0.6017150736990433,0.5342255092802506,0.9982249736785889,0.6071878217515496,0.5576168128422333,0.9995239973068237,0.5006759166717534,0.49621168204716315,0.9911435842514038,0.5005536902518504,0.49665838905743226,0.9938541650772095,60.02487756725132,0
76,0.6016379169055399,0.5342072276842031,0.9982571601867676,0.6070146390369965,0.5580882061095469,0.9995192885398865,0.5006347156706314,0.4953649838765466,0.9916796684265137,0.5009942395346509,0.4960477792081383,0.9941256046295166,60.02487756725132,0
77,0.6017202280816583,0.5338502923647568,0.9982598423957825,0.6067843295279007,0.5586648810477488,0.9995152950286865,0.5005574510211039,0.4948797935531257,0.9920459985733032,0.5008838857923239,0.4958956738313043,0.994309663772583,60.02487756725132,0
78,0.6012871009962903,0.5343934042113172,0.9982455372810364,0.6065248165811816,0.559333511761257,0.999512791633606,0.5001002138569246,0.49494120194798463,0.9924505949020386,0.5005807195390978,0.4957088785512111,0.9945542216300964,60.02487756725132,0
79,0.6003017993200398,0.5363343812170487,0.9981920123100281,0.6063468229203002,0.560308450744266,0.9995020031929016,0.4988767547266828,0.4958850187914716,0.9925916194915771,0.5003176672118055,0.4966513102962861,0.9945784211158752,60.02487756725132,0
80,0.5991783652986804,0.5390125115712487,0.9981456398963928,0.6061791947909769,0.5614758588018876,0.999498188495636,0.4974661909398582,0.49751864444641886,0.9927449226379395,0.5000619519324534,0.49869219887824323,0.9946624040603638,60.02487756725132,0
81,0.5983742702574961,0.5418017194384626,0.998094916343689,0.606100425833748,0.5625525088537311,0.9995075464248657,0.49629455237161585,0.5004045963287358,0.9928535223007202,0.49973830722627227,0.502431100323087,0.9948015213012695,60.02487756725132,0
82,0.5978965730894185,0.5438131207511543,0.9980363249778748,0.6062370879309523,0.5629516811597919,0.9995095133781433,0.495609439554669,0.5037605521224797,0.992561936378479,0.49949671824773195,0.5069340737093067,0.994642972946167,60.02487756725132,0
83,0.5980712288901924,0.5444575150807702,0.997890830039978,0.6063731795265566,0.5632280820891975,0.9994972944259644,0.49546177330471264,0.5086796510787241,0.9915010929107666,0.4988777211734231,0.5139013131459558,0.994128942489624,60.02487756725132,0
84,0.5988616517611918,0.5449793565840952,0.9976876974105835,0.6065543095270798,0.5635875832466857,0.9994725584983826,0.4956972528071635,0.5147120072728115,0.9898273944854736,0.4979095274493812,0.5210775222097128,0.9934216141700745,60.02487756725132,0
85,0.5997928835096819,0.5458321344284789,0.9975001215934753,0.6067788033258352,0.5637958078157339,0.9994530081748962,0.49566804085459065,0.5224105261621026,0.9883992671966553,0.4969552726972675,0.5282753280230935,0.9928964376449585,60.02487756725132,0
86,0.6006978608313066,0.5465897179785233,0.997573971748352,0.6070003168923519,0.5640828808148707,0.9994749426841736,0.4955158233642582,0.5299512460118252,0.9881392121315002,0.496268980559849,0.5347369398389548,0.9929558634757996,60.02487756725132,0
87,0.6018002884728573,0.5469975556646078,0.9975578784942627,0.6071559190750127,0.5642291080384032,0.9994825124740601,0.4954322533948085,0.5375615557034814,0.9874059557914734,0.4959203160944443,0.5405904820987161,0.9928924441337585,60.02487756725132,0
88,0.6025863091150925,0.5468949760709494,0.9973044395446777,0.6072991433597752,0.5640318280174623,0.9994543194770813,0.49547036772682596,0.543239968163627,0.9854406118392944,0.49596985748836014,0.545691657634009,0.992189884185791,60.02487756725132,0
89,0.6033312820252923,0.5464132002421792,0.9971359372138977,0.6073376820200971,0.5637360754467197,0.9994450807571411,0.4958990074339371,0.5481276483762836,0.9831142425537109,0.49611190387180915,0.5510849101202833,0.9914224743843079,60.02487756725132,0
90,0.6041869663056878,0.5462657411893213,0.9970558881759644,0.6073412157240372,0.5635946847143632,0.9994468092918396,0.4964746676740196,0.5536674261093144,0.9823113083839417,0.4960751349017738,0.5562963797932584,0.9911601543426514,60.02487756725132,0
91,0.6047764647574656,0.5461816447121761,0.9970068335533142,0.6073595711163118,0.5627777008783255,0.9994556903839111,0.49691189612661124,0.5605194909232007,0.9814302921295166,0.4960024711631597,0.5621277576401125,0.9908609390258789,60.02487756725132,0
92,0.6049559286662516,0.5462983108702164,0.9968394041061401,0.6073196643874763,0.5613747494561336,0.9994643926620483,0.4969936368011297,0.5681704765274416,0.9803737998008728,0.4959034635907132,0.5678178100358877,0.9904054999351501,60.02487756725132,0
93,0.6050099134445195,0.5465790969984876,0.9966132044792175,0.6072101082120628,0.5595751177696959,0.9994727373123169,0.4970596957774393,0.576074273813339,0.9801574945449829,0.49585304799534063,0.573310684590113,0.9905462265014648,60.02487756725132,0
94,0.6048723033496317,0.5462430374962948,0.9963930249214172,0.6070785550844107,0.5579246282577519,0.9994752407073975,0.49735483243351936,0.5820521314938868,0.9804620742797852,0.4959506903375902,0.5791863089516054,0.9908288717269897,60.02487756725132,0
95,0.6048960401898343,0.5451826651891076,0.9963759183883667,0.606966118017833,0.5569786060424082,0.9994946122169495,0.4983462379092266,0.5855195493925189,0.9816521406173706,0.4962413609027867,0.5842391848564152,0.9915052652359009,60.02487756725132,0
96,0.6049488357135233,0.5434657108216063,0.996481716632843,0.6069184967449739,0.5568350383213592,0.9995242953300476,0.4996132510049006,0.5873857793353858,0.9829080700874329,0.4966965090660826,0.5887656297002525,0.9921717643737793,60.02487756725132,0
97,0.6050150933719822,0.5414163952782045,0.9966489672660828,0.6069083582787291,0.5571798228082208,0.9995552897453308,0.5008198207332979,0.5888925563721434,0.9839978814125061,0.49720339548020176,0.5937207142512009,0.9927523136138916,60.02487756725132,0
98,0.6050565526598981,0.5399462523914523,0.9968581795692444,0.6068280225708376,0.5576592683792119,0.9995888471603394,0.501603993631545,0.5914023859160292,0.9852406978607178,0.4975391683124365,0.5980810097285685,0.9933719635009766,60.02487756725132,0
99,0.6050235856147044,0.5390346958523708,0.9970611333847046,0.6065612293425066,0.5583228525661291,0.999621570110321,0.5025033780506682,0.5936683132534941,0.9864102602005005,0.49783678707622386,0.6017168277785897,0.9939488768577576,60.02487756725132,0
100,0.604979983397893,0.5383398845082241,0.9971990585327148,0.6062216020765764,0.5590828572000781,0.9996442794799805,0.5035466495014376,0.5956075361796793,0.9873859882354736,0.49821604149682225,0.6050276302155999,0.9944263100624084,60.02487756725132,0
101,0.6049861624127347,0.5379960764022105,0.997395932674408,0.6059029641605564,0.559735530898685,0.9996709823608398,0.5048659642537439,0.597193144616627,0.988259494304657,0.4986346065998082,0.6077131714139671,0.9948472380638123,60.02487756725132,0
102,0.605192085107168,0.5374902486801152,0.9974920153617859,0.6057178207806183,0.5600865483284001,0.9996798038482666,0.5060985854693825,0.5981887351898925,0.9890068769454956,0.4990850786368056,0.6093137008803237,0.9951786994934082,60.02487756725132,0
103,0.6055482682727638,0.537259888081324,0.9975590109825134,0.6055577539262322,0.5604602836427239,0.9996786117553711,0.5071672967502053,0.5992051902271458,0.9897580742835999,0.4994349309376312,0.6104008810860775,0.9954955577850342,60.02487756725132,0
104,0.6059545335315528,0.5373403004237587,0.9976485371589661,0.6054645095552722,0.5605898896853134,0.9996768236160278,0.5078173819042392,0.6002174161729363,0.9904520511627197,0.4995047989345736,0.6106720878964385,0.9957963228225708,60.02487756725132,0
105,0.6062859807695666,0.5372341473897302,0.997748613357544,0.6053178934823904,0.5607721379825052,0.999687135219574,0.50865650177002,0.6009985804557805,0.9911701083183289,0.4996088828359335,0.6111328119323371,0.9961260557174683,60.02487756725132,0
106,0.6065541420664111,0.536946140584492,0.9978620409965515,0.6052472477867494,0.5607409051486428,0.9996989965438843,0.509421547253927,0.6016280055046086,0.9917950630187988,0.49980292575699986,0.6113395889600124,0.9964019060134888,60.02487756725132,0
107,0.6065054138501491,0.5367865477289477,0.9979564547538757,0.60521050578072,0.5606939593950913,0.9997093081474304,0.5099850069908873,0.6027557026772277,0.9922415018081665,0.5000339164620358,0.6119868414742611,0.9966241717338562,60.02487756725132,0
108,0.606112468810309,0.5362305925005962,0.9980544447898865,0.6052845120429997,0.5604370179630467,0.9997239112854004,0.5102438273884005,0.6039606219246278,0.9926088452339172,0.500440929617201,0.6131118081864861,0.9968210458755493,60.02487756725132,0
109,0.6053451100985214,0.5356206638472425,0.9981250762939453,0.6052605055627374,0.5596883978162498,0.9997355937957764,0.5102960240273253,0.605172713597616,0.9930206537246704,0.5008770908628195,0.6144347673370729,0.9970263242721558,60.02487756725132,0
110,0.6044458491461623,0.5351668653034033,0.9981606006622314,0.6051219020571033,0.5582487526394077,0.9997417330741882,0.5100235541661584,0.6061173677444462,0.9934583306312561,0.501148675169264,0.6153344540368948,0.9972085356712341,60.02487756725132,0
111,0.6038025645982656,0.5347802042961125,0.998151957988739,0.6049269210724608,0.5567218718074621,0.9997467994689941,0.5101331131798885,0.6069177587827053,0.9938621520996094,0.501301018964677,0.6160414105369936,0.9973905682563782,60.02487756725132,0
112,0.6034322750000731,0.5341950030553912,0.9981039762496948,0.6047610413460509,0.5554339090983077,0.9997408986091614,0.5104176969755267,0.6072120780036567,0.9942708611488342,0.5013486742973332,0.6163973155475804,0.9975616335868835,60.02487756725132,0
113,0.603201153732482,0.5336652653557918,0.9981217384338379,0.6046250717980526,0.5550028142474951,0.9997453093528748,0.5107368202436542,0.6073091228803004,0.9945976734161377,0.5012781960623609,0.6168877964928041,0.9977256655693054,60.02487756725132,0
114,0.6028780681746351,0.5328677779152284,0.9981507658958435,0.6045519567671281,0.5547809004783635,0.9997530579566956,0.5109844633511138,0.6071273514202667,0.994909405708313,0.501303803353083,0.6175396045049036,0.9978688359260559,60.02487756725132,0
115,0.6023989944230947,0.5320655618395128,0.9981788992881775,0.6043391710235964,0.5546063780784611,0.9997608661651611,0.5110882719357812,0.6070782939593002,0.9952393770217896,0.501354228882563,0.6182165202640357,0.9980230927467346,60.02487756725132,0
116,0.6017478250321893,0.5315051873524987,0.9981909394264221,0.6040522853533432,0.5541299836976192,0.9997683167457581,0.5109260593141833,0.6071990699995136,0.9954988360404968,0.5013803130104432,0.6186784789675763,0.998151957988739,60.02487756725132,0
117,0.6008928616841639,0.5311521859396076,0.9982851147651672,0.6038253562791012,0.5536260349409925,0.9997830986976624,0.5107364484242035,0.6073093272390824,0.9958627223968506,0.5015886000224525,0.6190894785381504,0.9983078241348267,60.02487756725132,0
118,0.5998938594545642,0.5310778305644085,0.9983488321304321,0.603516748973302,0.5533459016254975,0.9997912049293518,0.5105389952659611,0.6077218736921043,0.9962058663368225,0.5018671467190701,0.6195764286177503,0.9984415769577026,60.02487756725132,0
119,0.5990401506423955,0.5309174912316463,0.9983775019645691,0.6032217627479921,0.5532774300802326,0.9997967481613159,0.5104796262014484,0.6085316907791869,0.9964807629585266,0.5020939849671867,0.6200222855522524,0.9985554218292236,60.02487756725132,0
120,0.5981823660078507,0.5304114960488823,0.9983901381492615,0.6029347607067659,0.5531189810662047,0.9997953772544861,0.5102882612319224,0.6095059400513063,0.9967377185821533,0.5022055960836869,0.6206351036117195,0.9986530542373657,60.02487756725132,0
121,0.5974930524826054,0.5292441447575892,0.9984357953071594,0.602661340009599,0.5527173592930753,0.9998048543930054,0.5099338803972522,0.6103235284487412,0.9969633221626282,0.5021682977676395,0.6213768465178358,0.9987413287162781,60.02487756725132,0
122,0.596913976328714,0.5279410509836111,0.9984738230705261,0.602489604836419,0.5520866825467069,0.9998111128807068,0.509403330939157,0.6108527353831705,0.9971824884414673,0.5020483448391873,0.6224528295653211,0.9988188147544861,60.02487756725132,0
123,0.5963107319105243,0.5265408584049773,0.9985325932502747,0.6023149859337584,0.5513174562227163,0.9998142719268799,0.5088945598829364,0.6110088768459506,0.9974048137664795,0.5020905931790673,0.6236199481146681,0.9988960027694702,60.02487756725132,0
124,0.5958130217733841,0.5254269497735163,0.9985710978507996,0.60180622906912,0.5507119014149625,0.9998194575309753,0.5088801383972172,0.6111891553515485,0.9975941181182861,0.5021540125211084,0.6244224593752912,0.9989621639251709,60.02487756725132,0
125,0.5955176410220924,0.5242560023353218,0.9986198544502258,0.6010064596221565,0.5498023430506394,0.9998281002044678,0.5094867178371978,0.6116126236461463,0.9977593421936035,0.5022280982562477,0.6252065556389951,0.9990290403366089,60.02487756725132,0
126,0.595059332393465,0.5231409016109652,0.998663604259491,0.5999599893887843,0.5488305148624243,0.9998371601104736,0.5101635512851538,0.6119751192274552,0.9979078769683838,0.5022572619574415,0.626005799997421,0.9990932941436768,60.02487756725132,0
127,0.594444836888995,0.522045317150298,0.9987242817878723,0.5989623609043307,0.5476979017257695,0.9998478889465332,0.5105434230395729,0.6121749508948559,0.9980489611625671,0.5020908883639749,0.6265191549346565,0.9991494417190552,60.02487756725132,0
128,0.5937968719573252,0.5213152198564442,0.9987799525260925,0.5981235078402933,0.5467694855871659,0.9998571872711182,0.5105678353990831,0.6122853699184604,0.9981630444526672,0.5018335665975302,0.6269633855138511,0.9991887807846069,60.02487756725132,0
129,0.5931505958239243,0.5208271685100742,0.9988046288490295,0.5974280777431675,0.5463594254993261,0.9998629689216614,0.5103834243047809,0.6122969019980662,0.9982624650001526,0.5015721008891155,0.6272429227828984,0.9992292523384094,60.02487756725132,0
130,0.5926234154474173,0.5202297170956934,0.9988502264022827,0.5968223356065301,0.5464993147622976,0.9998691082000732,0.5102315119334634,0.6122154366402404,0.9983662962913513,0.5013218805903484,0.6272395593779433,0.9992688894271851,60.02487756725132,0
131,0.5923082204092122,0.5195532526288718,0.9989083409309387,0.5963524608385,0.5462749600410466,0.9998737573623657,0.5100805617514115,0.6121670972733275,0.9984769225120544,0.5010445259866265,0.6273029616900858,0.9993114471435547,60.02487756725132,0
132,0.5920823869251074,0.5189278040613451,0.9989730715751648,0.59584124883016,0.545696460065388,0.9998815059661865,0.5098632290249783,0.6121553125835606,0.9985803961753845,0.5007565106664389,0.6273653932980134,0.999356746673584,60.02487756725132,0
133,0.5917893165633796,0.5180599888165796,0.9990195631980896,0.5952782063257132,0.544975964795976,0.9998859763145447,0.5096129093851366,0.612221879618509,0.9986532926559448,0.50045272849855,0.627432579085941,0.9993797540664673,60.02487756725132,0
134,0.5913452335766388,0.5171391963958745,0.9990592002868652,0.5946703524816609,0.5442626447904682,0.9998908638954163,0.5093783594313126,0.6122700855845502,0.998733639717102,0.5000363077436178,0.6273236076037094,0.9994073510169983,60.02487756725132,0
135,0.5907773120062696,0.5165057522909986,0.999060869216919,0.5936654493922284,0.5438674319358103,0.9998907446861267,0.5092225358599712,0.6122783564385919,0.998746931552887,0.49942188745453286,0.627050467899868,0.9994032979011536,60.02487756725132,0
136,0.5900603078660516,0.5160721710750038,0.9990713596343994,0.5924572887874789,0.5432005098887857,0.999889612197876,0.5091852772803538,0.6121771619433454,0.9987951517105103,0.49877563544682135,0.6267466828936628,0.9994221925735474,60.02487756725132,0
137,0.5893840704645434,0.516164512861343,0.9990830421447754,0.5912029686428256,0.542234843685514,0.999888002872467,0.5092784308251884,0.6121648550033574,0.9988521933555603,0.4981826912789121,0.6265303379013429,0.9994446039199829,60.02487756725132,0
138,0.5888891532307584,0.5161849544161846,0.9990634322166443,0.5900766168321887,0.5411597036180047,0.9998916983604431,0.5094033025559929,0.6119627299762912,0.9987866878509521,0.49779891400110193,0.6260132023266389,0.9994372725486755,60.02487756725132,0
139,0.5886485264414838,0.514923717294421,0.9990612268447876,0.5893185819898337,0.5397163714681358,0.9998937249183655,0.5096839751516073,0.6113944507780533,0.998780369758606,0.49767903344971837,0.6252174377441411,0.9994402527809143,60.02487756725132,0
140,0.5884389252889729,0.5128595176197238,0.9990567564964294,0.5891086771374662,0.5380854067348303,0.9998915195465088,0.5096474488576257,0.6101124797548572,0.9987872838973999,0.4975790651071643,0.6235775578589671,0.9994403719902039,60.02487756725132,0
141,0.58819896266574,0.5104083589145119,0.9990761280059814,0.5890895497231261,0.5365915866125202,0.9998955130577087,0.5091898526464194,0.6084316656703046,0.9988409280776978,0.4972852837471739,0.6216096764519106,0.9994684457778931,60.02487756725132,0
142,0.5877984762191777,0.508410961855026,0.9990991353988647,0.5892801511855357,0.5349905490875249,0.9999001026153564,0.5083264226005195,0.6065187965120593,0.9988660216331482,0.49701674211592944,0.6195357952799121,0.9994881749153137,60.02487756725132,0
143,0.5874801022665845,0.5075684360095437,0.9991359710693359,0.5894513045038501,0.5339052308173411,0.9999041557312012,0.5072731063479472,0.6045780777931218,0.9989400506019592,0.4967259523414434,0.6175768233480912,0.9995248317718506,60.02487756725132,0
144,0.5872921347618107,0.5076406768390114,0.999164342880249,0.5895689640726367,0.5334878819329403,0.9999067187309265,0.5062521667707538,0.6023229133515136,0.9990067481994629,0.4962512765611925,0.6151596307754521,0.9995590448379517,60.02487756725132,0
145,0.5873432783853445,0.5078597891898387,0.9991976022720337,0.5896359313102001,0.5330547803924202,0.9999087452888489,0.5055168441363747,0.600348693983896,0.9990689158439636,0.4957416838123689,0.6128186583518986,0.9995889663696289,60.02487756725132,0
146,0.5873221130598163,0.5083471650169014,0.9992151260375977,0.58968616667248,0.5322353839874272,0.9999085664749146,0.5043334137825742,0.5983957165763496,0.9991236329078674,0.49501737810316576,0.60986416112809,0.9996183514595032,60.02487756725132,0
147,0.5871859419913523,0.5084386098952525,0.9992073178291321,0.5897172377223066,0.5304752957253234,0.9998995065689087,0.5030230141821366,0.5964075412069053,0.9991665482521057,0.4941642341159643,0.6066199938456223,0.999634861946106,60.02487756725132,0
148,0.5869933849289308,0.5078736032758444,0.9992266893386841,0.5897626309167776,0.5275785071509229,0.9998917579650879,0.5019022027651473,0.5947759463673552,0.9992172718048096,0.4935164763813931,0.6037981879143492,0.9996504187583923,60.02487756725132,0
149,0.586834847927094,0.5064920896575569,0.999255895614624,0.5898091622761322,0.5245218532426021,0.9998937845230103,0.501248433476403,0.592608321280707,0.9992651343345642,0.49311200210026374,0.6013441199348091,0.9996755719184875,60.02487756725132,0
150,0.5867494827225099,0.5047225072270352,0.9992841482162476,0.5897564575785688,0.5221744974454248,0.9998990297317505,0.5011879574684873,0.5898430773190094,0.9992993474006653,0.4927326213745848,0.598832454000201,0.9997004270553589,60.02487756725132,0
151,0.5868054003942585,0.5026620129744216,0.9993079900741577,0.5896662956192384,0.5204911856424246,0.9999038577079773,0.5015662000292828,0.5871691845712212,0.9993276000022888,0.49258635725293876,0.5968171556790675,0.9997224807739258,60.02487756725132,0
152,0.5868717488788427,0.5006715328920459,0.9993219375610352,0.5895094474156702,0.5193933589117872,0.9999067783355713,0.5016532653854011,0.5841463066282732,0.9993254542350769,0.4923310961042136,0.5940333406130478,0.999735951423645,60.02487756725132,0
153,0.5869701504707341,0.49875585238138875,0.99931401014328,0.5892954809325086,0.5172251576469062,0.9999062418937683,0.5015727253187274,0.5813093355723794,0.9993042945861816,0.49194616363162125,0.5905651875904634,0.9997432231903076,60.02487756725132,0
154,0.587133231617156,0.4966319714273729,0.9993083477020264,0.5891405599457882,0.5133694098109295,0.999907910823822,0.5013483918848496,0.5792011391548888,0.9992950558662415,0.4915988842646285,0.5875726853098193,0.9997531771659851,60.02487756725132,0
155,0.5869814696766087,0.49378275871276894,0.9993225336074829,0.5890837595576337,0.5071347824164802,0.9999126195907593,0.5004945638633913,0.5760758121808374,0.9993005990982056,0.49138881478990865,0.5842582583427434,0.9997691512107849,60.02487756725132,0
156,0.5866661043394183,0.49045718425796186,0.9993324279785156,0.5890415339242849,0.5011043037687033,0.9999141097068787,0.4993915103730705,0.5722928785142449,0.9993186593055725,0.4911523958047235,0.5802158401125959,0.999783456325531,60.02487756725132,0
157,0.5860389414287754,0.48714127852803224,0.9992941617965698,0.5890644419760935,0.49586045883950775,0.9999115467071533,0.49801980739548135,0.5683119126728607,0.9992620944976807,0.4909796799932211,0.5755139106795906,0.9997810125350952,60.02487756725132,0
158,0.585110792091915,0.4825388860134855,0.9992484450340271,0.5890863253956754,0.49129327280180835,0.9998801946640015,0.4964575668176019,0.5628955137161986,0.9992331266403198,0.4908113564763754,0.5699433542433244,0.9997386336326599,60.02487756725132,0
159,0.5840117023104718,0.4783385935283847,0.999148428440094,0.589021606104715,0.4861090736729762,0.999840497970581,0.495364884535472,0.5576420738583524,0.9991995096206665,0.49063669641812685,0.564195913927896,0.9996799826622009,60.02487756725132,0
160,0.5828040469260447,0.4729947887715843,0.9990682005882263,0.5889432997930621,0.4809871982960478,0.9998372793197632,0.4942757316998077,0.5515780675978892,0.9991693496704102,0.49055882862636063,0.5596069352967403,0.9996630549430847,60.02487756725132,0
161,0.581697182995933,0.46665834245227666,0.9989156126976013,0.5888183940024607,0.474609413317272,0.9998132586479187,0.4928990375427977,0.5459762726511279,0.9991386532783508,0.49051245053609255,0.5562017446472536,0.9996302127838135,60.02487756725132,0
162,0.5809891025225327,0.4607303312846596,0.9988284111022949,0.5885762004625235,0.46928053242819684,0.9998060464859009,0.49197922008378203,0.5415607634044833,0.9990694522857666,0.49038163678986724,0.5529206678980877,0.9996030330657959,60.02487756725132,0
163,0.5803856310390296,0.45451449780237146,0.9987583160400391,0.5882683481488913,0.4651547869046533,0.9997899532318115,0.49142325066384857,0.5368881679716568,0.9990498423576355,0.4902115634509499,0.5496386317979727,0.9995704889297485,60.02487756725132,0
164,0.580016706671034,0.4487490057945255,0.9985762238502502,0.5879961167063037,0.4608153246697929,0.9997668862342834,0.4912041283789139,0.5321041061764676,0.9990017414093018,0.49004611656779373,0.545767860753196,0.9995377659797668,60.02487756725132,0
165,0.5798301753543676,0.4432495988550644,0.9985384345054626,0.5876541080928989,0.4556941475187033,0.9997720718383789,0.491629486992246,0.5273900741622566,0.9990562200546265,0.48990878746623123,0.5415356584957672,0.9995688796043396,60.02487756725132,0
166,0.5796583039419996,0.4373240485077816,0.9983326196670532,0.5873134618713747,0.45050301580202046,0.9997533559799194,0.4922508966355101,0.5223644205502106,0.9990594387054443,0.48991965112232067,0.5381794202895396,0.9995588660240173,60.02487756725132,0
167,0.5799075421832861,0.4299695236342297,0.998359203338623,0.5869082070532303,0.44368754540170974,0.999758243560791,0.49376852029845864,0.5188865349406292,0.9991124272346497,0.49000107674371673,0.5358989863168631,0.9995732307434082,60.02487756725132,0
168,0.5801036045664838,0.4234417875607812,0.9984314441680908,0.5867954464185811,0.43532215129761503,0.9997686147689819,0.49552113953090887,0.5165057409377329,0.9991791844367981,0.49026987240428055,0.5326856715338575,0.9995962977409363,60.02487756725132,0
169,0.5806102128255939,0.4159269545759477,0.9984445571899414,0.5870718473479866,0.4265633736337938,0.9997768998146057,0.49728270371755007,0.5134770075480147,0.9991981387138367,0.4908324210416707,0.5289685044969835,0.9995899200439453,60.02487756725132,0
170,0.5812936340059558,0.4093514695054012,0.9983908534049988,0.587620888437544,0.4174096499170579,0.9997768402099609,0.49817772138686445,0.509851211593265,0.999203085899353,0.49147790386563295,0.523918327831087,0.9995623230934143,60.02487756725132,0
171,0.5826710065205896,0.40150757630666134,0.9983523488044739,0.5882040262222294,0.40899011208897573,0.9997747540473938,0.4991376286461244,0.5054051719960716,0.999210000038147,0.49204613765080807,0.5175198401723593,0.999546468257904,60.02487756725132,0
172,0.5841727994737176,0.3927153476646972,0.9983007907867432,0.5888358808699113,0.40117626105036086,0.9997743964195251,0.5001056790351872,0.5000138921397077,0.9991327524185181,0.4928578791164221,0.5114688930057348,0.9994651675224304,60.02487756725132,0
173,0.5854063743636726,0.3826069931189222,0.9983510971069336,0.5891481779870538,0.39271235040255986,0.9997854232788086,0.5009572704633081,0.4949698079200022,0.9991698265075684,0.49365315408933774,0.5058449776399707,0.9994814395904541,60.02487756725132,0
174,0.585875550905864,0.37361929104441716,0.9984288215637207,0.5890386246499566,0.3844157599267509,0.9998001456260681,0.5022384439195909,0.4901968439420068,0.9991682171821594,0.4947836342312044,0.5001922320751921,0.9994817972183228,60.02487756725132,0
175,0.5861519944100158,0.3658285907336647,0.9984771013259888,0.5886120938119439,0.3768235430831004,0.9998089671134949,0.5043585016613918,0.48708171645800313,0.9991810321807861,0.49637827561015213,0.49610569647380326,0.9994831681251526,60.02487756725132,0
176,0.5855435501961486,0.3582995306877866,0.9985079765319824,0.5881594419479375,0.36897130807240835,0.9998157024383545,0.5054826566151214,0.4838067491849267,0.999147891998291,0.4987586239973708,0.49438786364737053,0.9994449615478516,60.02487756725132,0
177,0.5852762262026474,0.35106861023675856,0.9985170364379883,0.5873319478262043,0.3639227151870731,0.9998238682746887,0.5080914383842836,0.4823344846566522,0.9991253018379211,0.5012495730604448,0.494489058142617,0.9994226098060608,60.02487756725132,0
178,0.5841838036264697,0.3424812016032993,0.9985755681991577,0.5865761694454017,0.36021050668898114,0.9998354315757751,0.510335967654274,0.4812966826416202,0.9991660118103027,0.5041395014240632,0.4965548955258873,0.9994493722915649,60.02487756725132,0
179,0.5823978980382287,0.3349759252298449,0.9984709620475769,0.5857897713070829,0.35540674555869356,0.9998144507408142,0.5110859161331545,0.48142457150277673,0.9991034865379333,0.5071567779495607,0.4989632793835236,0.9993895292282104,60.02487756725132,0
180,0.5795442007836846,0.33026331663131736,0.9983881115913391,0.5838462000801454,0.3491551776727043,0.9997828602790833,0.511560542242868,0.4823259512583419,0.9989039897918701,0.5091067495800203,0.5005099205743703,0.9991541504859924,60.02487756725132,0
181,0.5758119991847452,0.32762179204395864,0.9979645609855652,0.5806334926968534,0.3415337446190065,0.9997335076332092,0.5119177074659442,0.48429119019281336,0.9985199570655823,0.5097560570353558,0.5006311521643688,0.9988916516304016,60.02487756725132,0
182,0.5703797084944593,0.3243422025725958,0.9970061779022217,0.5761992392085853,0.33330131712414,0.9994873404502869,0.5117455664135164,0.485466803823199,0.9981409311294556,0.5107000867525741,0.5012086942082363,0.998588502407074,60.02487756725132,0
183,0.5644980555488954,0.3205960463909878,0.9964579939842224,0.569520357109252,0.3257668387322201,0.9993664622306824,0.5136530143874036,0.48624764595712977,0.9977253675460815,0.5115115160033821,0.5017867627597994,0.9983187317848206,60.02487756725132,0
184,0.5567602940968109,0.3151060655003505,0.9961115121841431,0.5639965278761732,0.323537105605716,0.9991338849067688,0.5137323027565369,0.48833557537623856,0.9975860714912415,0.5141670334906809,0.5070075165657775,0.9980775713920593,60.02487756725132,0
185,0.5473107582046877,0.30679030219713865,0.9961373209953308,0.5617166502135145,0.3251973504111883,0.9991410374641418,0.5123806822867625,0.4907995661099756,0.997604250907898,0.5186439042999635,0.5147319946970264,0.9981840252876282,60.02487756725132,0
186,0.5378371193295437,0.2983455061912539,0.996422290802002,0.5624099969863896,0.3282346824804945,0.9991805553436279,0.5095071338471917,0.4929657564276745,0.9977901577949524,0.5235588096437005,0.5216476009005596,0.9983453154563904,60.02487756725132,0
187,0.530179775896527,0.29125102644874956,0.9967377185821533,0.5651231578418191,0.33052175101779785,0.999239981174469,0.5090612031164627,0.49625725973220136,0.9979745745658875,0.5289587633950374,0.5256408850351973,0.9984923601150513,60.02487756725132,0
188,0.5225932740029839,0.28450114102590673,0.9970077872276306,0.5671012174515502,0.3260080076399306,0.9992736577987671,0.5108236017681307,0.5003756156989511,0.998100757598877,0.5348059591792883,0.5265250915572761,0.9985836744308472,60.02487756725132,0
189,0.5159707409994947,0.27975701008524234,0.9972276091575623,0.5687561375754224,0.3153883786428545,0.9993236660957336,0.5158651471138005,0.5043627562977023,0.9981895089149475,0.5400383273760482,0.5254791208675934,0.9986646771430969,60.02487756725132,0
190,0.5114485025405888,0.27688735723495506,0.9974799752235413,0.5630209956850329,0.3000074057351978,0.9993840456008911,0.5213034039451967,0.5106503409998762,0.9983417391777039,0.5456257576034187,0.5251593674932211,0.9987666010856628,60.02487756725132,0
191,0.5075280410902845,0.27235562744594777,0.9977065920829773,0.5508422851562504,0.2823087800116768,0.9994308352470398,0.5262475467863541,0.512000633137567,0.9984826445579529,0.5491799882480081,0.5187264226731804,0.9988434910774231,60.02487756725132,0
192,0.5048148475942162,0.2687502815609889,0.9978553056716919,0.536740172476996,0.2666701844760352,0.9994440078735352,0.5286638339360559,0.5062067380973275,0.9985852837562561,0.5503936665398739,0.5032812129883544,0.9988570809364319,60.02487756725132,0
193,0.5030792156855269,0.26530835458210555,0.9976895451545715,0.5237575088228502,0.25379209504241057,0.9994131922721863,0.530082640193758,0.49556681513786355,0.9985540509223938,0.5496875672113333,0.48040586709976235,0.998672604560852,60.02487756725132,0
194,0.4999761694953559,0.26177958505494275,0.9976017475128174,0.5153227363313952,0.24406158072607875,0.9993805289268494,0.5297458455676128,0.48424077885491545,0.9985582828521729,0.5485160350799565,0.4605585322493602,0.9984549880027771,60.02487756725132,0
195,0.49606384549822163,0.2593395667416711,0.9973384141921997,0.5151715704372954,0.24086826330139544,0.9993348717689514,0.5294880583172757,0.47433808871677985,0.9985707402229309,0.5471483866373703,0.4485163972491313,0.9981995224952698,60.02487756725132,0
196,0.49420258970487724,0.25856489794594917,0.9973686337471008,0.5143859017462962,0.239898143779664,0.9993085265159607,0.5303955305190318,0.46972012377920647,0.9985496997833252,0.54732772849855,0.4461100995540622,0.9979854226112366,60.02487756725132,0
197,0.49357774002211474,0.2588233905179162,0.996979296207428,0.5124415982337229,0.24151256609530697,0.9991726875305176,0.5337123388335823,0.4675547892139075,0.9983901977539062,0.5477852622667952,0.4491940892878037,0.9976352453231812,60.02487756725132,0
198,0.49319446654546867,0.2601787362779892,0.9970089793205261,0.510202248891195,0.2441123780750095,0.9991437792778015,0.536373941671281,0.46596764666693585,0.998420238494873,0.5481684094383608,0.4523247310093475,0.997643232345581,60.02487756725132,0
199,0.5100965904338024,0.251780403511865,0.9969939589500427,0.5274136886000638,0.23495680803344382,0.9991146326065063,0.5621426027445571,0.45832633262588895,0.9984170198440552,0.5709819353762131,0.444149535326731,0.9976134300231934,60.02487756725132,0
200,0.5041734452048942,0.26460157547678287,0.9971737265586853,0.5163562835327221,0.2491946490038011,0.9991366267204285,0.5573163575359757,0.4690329240901133,0.9984932541847229,0.5594865289472402,0.4567436689422248,0.997741162776947,60.02487756725132,0
201,0.43515644328934844,0.3286361438887463,0.9973312020301819,0.4285247453621459,0.3196867257356646,0.9991153478622437,0.46790782681533305,0.519891290437608,0.9985881447792053,0.4553930127904532,0.5155459770134522,0.9978766441345215,60.02487756725132,0
202,0.3450313609034299,0.40648528176640747,0.0,0.31542342788879857,0.4051795256516293,0.0,0.3461678400635722,0.5810947936205642,0.0,0.3210003467069734,0.5871518817212852,0.0,60.02487756725132,1
203,0.25490627851751135,0.48433441964406865,0.9975817203521729,0.20232211041545126,0.490672325567594,0.9991847276687622,0.22442785331181136,0.6422982968035204,0.9981039762496948,0.18660768062349364,0.6587577864291181,0.9979690909385681,60.02487756725132,0
204,0.16478119613159287,0.5621835575217298,0.9978134036064148,0.08922079294210397,0.5761651254835587,0.9992269277572632,0.10268786656005051,0.7035017999864766,0.9970569610595703,0.052215014540013864,0.7303636911369511,0.997961163520813,60.02487756725132,0
205,0.15830404630729145,0.5700654387474064,0.9980244040489197,0.07989390584684561,0.5833100222405938,0.9992804527282715,0.09151736079227366,0.709291788793746,0.9961700439453125,0.0406525124396597,0.7367225601559599,0.9979832172393799,60.02487756725132,0
206,0.17494514726457155,0.5583676128160391,0.9982118010520935,0.09979682451202763,0.5689160426457728,0.9993157386779785,0.11215588202079146,0.6997930549439936,0.9953855872154236,0.06362684071064001,0.7249587547211426,0.997965931892395,60.02487756725132,0
207,0.17518703923338952,0.5590076588449029,0.9983811974525452,0.10011413196722674,0.568911731243134,0.9993464350700378,0.11223208975224278,0.7001989313534334,0.9951198101043701,0.06365353578612923,0.7250042813164854,0.9980039000511169,60.02487756725132,0
208,0.17477812653496166,0.5594680990491598,0.9985328912734985,0.10065066246759331,0.5689380452746442,0.9993864893913269,0.11181205298219418,0.7004547544888093,0.9946680665016174,0.06350394125495643,0.7249656291235067,0.998044490814209,60.02487756725132,0
209,0.17440673070294532,0.5598329362415136,0.9986680150032043,0.10113234072923669,0.5689798309689481,0.9994191527366638,0.11115941972959618,0.7005557077271602,0.9942822456359863,0.06330163776874548,0.7249342032841279,0.9980951547622681,60.02487756725132,0
210,0.17410611751533706,0.5599301145190289,0.9987887740135193,0.10153628353561682,0.5689945703461061,0.9994526505470276,0.11051290411324735,0.7005138737814773,0.9942091107368469,0.06300897364105502,0.7247773749487746,0.9981637597084045,60.02487756725132,0
211,0.17397966768060424,0.5598849001384922,0.9989032745361328,0.10182388623555509,0.569001368113927,0.9994750618934631,0.1100697542230289,0.700478409017836,0.9940811395645142,0.06267313907543823,0.724569093613398,0.9982139468193054,60.02487756725132,0
212,0.1739235435213363,0.5597833934284396,0.9990046620368958,0.10197778897626067,0.5690025147937597,0.9994891285896301,0.10995825380086909,0.7003765844163445,0.9938868880271912,0.0623495910494101,0.724351726827168,0.9982480406761169,60.02487756725132,0
213,0.17403617075511402,0.5597462796029595,0.9990938901901245,0.10197072547106525,0.5688948943501432,0.9995098114013672,0.11010299161786134,0.7002861244337906,0.9937552213668823,0.06210221971074745,0.7241772867384417,0.99830561876297,60.02487756725132,0
214,0.17391179714884092,0.5597179560434256,0.9991743564605713,0.10205486523253585,0.5686620331945877,0.9995376467704773,0.11008075731141236,0.7001774424598336,0.9938154816627502,0.06176926248839928,0.7239576265925458,0.9983898401260376,60.02487756725132,0
215,0.17387791829449806,0.5596812764803573,0.9992496967315674,0.10216173032919573,0.5683757520857317,0.9995668530464172,0.11003590588058754,0.7000215592838475,0.9938892722129822,0.06160485460644682,0.7236821906907224,0.9984754920005798,60.02487756725132,0
216,0.17390454808870964,0.559652149677277,0.9993177652359009,0.10227320910919288,0.5680980881055201,0.9995942115783691,0.10994236029329763,0.6999148187183204,0.9939081072807312,0.0613370129749889,0.7233518816175921,0.9985488057136536,60.02487756725132,0
217,0.17398622915858328,0.559677904560453,0.9993769526481628,0.10238884212005714,0.5679180196353373,0.9996128082275391,0.1097965400133815,0.699939858345759,0.9938781261444092,0.06104850325556033,0.723071109680903,0.998601496219635,60.02487756725132,0
218,0.1740374728327707,0.5598215148562482,0.9994271397590637,0.10255429006758199,0.5677997299603058,0.9996212124824524,0.10963018983602534,0.700063946701232,0.993830144405365,0.060708628878707024,0.7228300912039627,0.9986444115638733,60.02487756725132,0
219,0.1740430281275796,0.5600330148424426,0.9994744062423706,0.10269843574081157,0.5677133997281397,0.9996235966682434,0.10939970435131172,0.7003939662660876,0.9938269257545471,0.06029604889807252,0.7226946751276658,0.9986740350723267,60.02487756725132,0
220,0.17413776829129188,0.5602491100629174,0.9995205998420715,0.10279491188980293,0.5675919964199979,0.9996426105499268,0.10923969816593906,0.7007669040134981,0.9940546154975891,0.059953841957308046,0.722613189901625,0.998746395111084,60.02487756725132,0
221,0.17425151807921285,0.5603991548220321,0.9995585083961487,0.1029201377005805,0.56749781540462,0.9996489882469177,0.10917138875949958,0.7010293035280142,0.9941272735595703,0.05981035885356726,0.7225324397995364,0.9987908601760864,60.02487756725132,0
222,0.17437518423511883,0.5605310627392365,0.9995951056480408,0.10301872875009273,0.5674332323528476,0.9996598362922668,0.10915884056261616,0.7013107907204406,0.9942551851272583,0.0597393902994338,0.7225077776681814,0.9988439083099365,60.02487756725132,0
223,0.17445162790162236,0.5603925159999307,0.999626100063324,0.10316090427693875,0.56739506267366,0.999669075012207,0.10915124097040729,0.7013953101067322,0.9942539930343628,0.05977752538664005,0.7225074370702114,0.9988783597946167,60.02487756725132,0
224,0.17450380041485755,0.5601171226728534,0.9996544122695923,0.1034275417526564,0.5673703352610275,0.9996750354766846,0.10913755354427165,0.7013740567933952,0.9941958785057068,0.05983255980979833,0.7224972617058533,0.9988906383514404,60.02487756725132,0
225,0.17450961328688136,0.5595621778851468,0.9996798634529114,0.10379099136307135,0.5673539241154993,0.99969083070755,0.10903819082748331,0.7012868069467096,0.9941343665122986,0.05987070004145309,0.7225173768543067,0.998921275138855,60.02487756725132,0
226,0.17445655876681931,0.5588258731932871,0.9997021555900574,0.10420388905774988,0.5672888528733031,0.9997060298919678,0.10888515448286429,0.7011453026816965,0.9941834807395935,0.059877551559891065,0.7224922492390593,0.9989542365074158,60.02487756725132,0
227,0.17433699965477004,0.5581645795277191,0.9997237920761108,0.10454565251157405,0.5671875363304506,0.9997237324714661,0.10872258352381851,0.7009949173246117,0.9941558837890625,0.059858065453313694,0.7224674508685163,0.9989730715751648,60.02487756725132,0
228,0.17420889082409102,0.5578204166321532,0.9997440576553345,0.10466956027916507,0.5670363959811987,0.9997411370277405,0.10860873368524379,0.7009606985818777,0.9942641258239746,0.05986198711962932,0.7223122233436228,0.9990065693855286,60.02487756725132,0
229,0.17415080751691558,0.5576340272313077,0.9997590780258179,0.10462748968885068,0.5668687962350395,0.9997502565383911,0.10856547774303535,0.7008998904909411,0.9940906167030334,0.0598835075894992,0.721997567585537,0.9989928007125854,60.02487756725132,0
230,0.17424321174621596,0.557675162951152,0.9997754096984863,0.10463627179463714,0.566723534039089,0.9997600317001343,0.10857178838480094,0.7010250460533876,0.99407559633255,0.059896959080582624,0.721622853052049,0.9990015625953674,60.02487756725132,0
231,0.17453244186583033,0.5577353239059453,0.9997913837432861,0.10460327601148978,0.5665927444185535,0.9997687935829163,0.10883804126864396,0.700804892040435,0.9941911697387695,0.05994624609038948,0.7211767520223351,0.9990254044532776,60.02487756725132,0
232,0.17493943302404324,0.5578456606183738,0.9998050928115845,0.1044698804616929,0.5665458242098496,0.9997774958610535,0.10919008404016503,0.7004147200357352,0.9943202137947083,0.05995788602601919,0.7207642793655401,0.9990597367286682,60.02487756725132,0
233,0.17538083947840205,0.5579917317345033,0.9998169541358948,0.10411954068002255,0.5666103079205471,0.9997832775115967,0.10951731495914013,0.7000384160450532,0.9943042993545532,0.05987945376407537,0.7205434640248622,0.9990713000297546,60.02487756725132,0
234,0.17574750738484535,0.558197609015874,0.9998270869255066,0.10367796286231004,0.5667150077365698,0.9997859001159668,0.10973219467060916,0.6997675952457252,0.9943599104881287,0.05976280924819769,0.7204282595997771,0.9990910887718201,60.02487756725132,0
235,0.1759607770613263,0.5584171641440623,0.9998363256454468,0.10328167464051938,0.5668712712469559,0.999788224697113,0.10977184985365196,0.6996769706408188,0.9944372773170471,0.059620369935319585,0.7203618004208525,0.9991098046302795,60.02487756725132,0
236,0.1762579927841824,0.558542010330019,0.9998443722724915,0.10307137632653834,0.567061373165676,0.9997909069061279,0.10993141539040074,0.6998591366268345,0.9944926500320435,0.05955785814495318,0.7204010117621654,0.999126136302948,60.02487756725132,0
237,0.17662651198250923,0.5586907012122022,0.9998533725738525,0.10302962646597916,0.5672054035323011,0.9997918009757996,0.11031707447199603,0.69983511595499,0.9945630431175232,0.05959009769416995,0.72040377344404,0.9991381168365479,60.02487756725132,0
238,0.1770215403465999,0.558899683611734,0.9998632073402405,0.10311312938020352,0.5673504500162039,0.999793291091919,0.11067377917823347,0.6997940710612711,0.99470055103302,0.05965114260713264,0.7203932205835983,0.9991611838340759,60.02487756725132,0
239,0.1772238746995019,0.5590697668847588,0.999871015548706,0.10312932126578839,0.567529351938339,0.9997953772544861,0.11091050186327535,0.6997145130520781,0.9949086904525757,0.059677161631130085,0.7203713031042196,0.9991958737373352,60.02487756725132,0
240,0.17715066600413565,0.5592202686128167,0.9998745918273926,0.1033478191211111,0.5676196104004274,0.9997949600219727,0.1109180539136842,0.6996108889579779,0.995006799697876,0.05967647227503009,0.7203684761410674,0.9992203712463379,60.02487756725132,0
241,0.17667314977872953,0.5591299533843999,0.999882698059082,0.10365824756168192,0.5676522311710182,0.999809205532074,0.11066077294803811,0.6994286207925711,0.9952434301376343,0.05958414219674615,0.7203237896873843,0.999264121055603,60.02487756725132,0
242,0.17618134404931762,0.5589022068750296,0.9998905658721924,0.10404826665208461,0.5675962538946248,0.999821662902832,0.11043453074636922,0.6994434027444754,0.9954990148544312,0.05949540631402111,0.7203060019583934,0.9993078708648682,60.02487756725132,0
243,0.17570005499181307,0.5587168108849303,0.9998955130577087,0.10446294326157807,0.5675621628761296,0.9998299479484558,0.11016066620747257,0.6995911938803543,0.9956387877464294,0.05941907405143697,0.7203009809766503,0.9993330836296082,60.02487756725132,0
244,0.17528373073963904,0.5585859503064841,0.9998983144760132,0.10475875543696549,0.5676156793321887,0.9998361468315125,0.10978580372674132,0.6998295102800647,0.9957659244537354,0.05931605629268151,0.7202967689150861,0.9993536472320557,60.02487756725132,0
245,0.1749400070735388,0.5585427426156548,0.9999032020568848,0.10481720169385284,0.5677374913578946,0.9998440742492676,0.10942176090819504,0.7000924093382705,0.9959288835525513,0.059226272361619176,0.7203806042671209,0.9993802905082703,60.02487756725132,0
246,0.1747629365750723,0.558556993802389,0.9999065399169922,0.1049383385550409,0.5677082339922592,0.9998499155044556,0.10912304265158526,0.7001380437896371,0.9960247874259949,0.05917334130832132,0.7205061032658537,0.9994003176689148,60.02487756725132,0
247,0.1748783730325246,0.5585266039485028,0.9999098777770996,0.10512490854376846,0.5675228607086913,0.9998559355735779,0.10926492902494621,0.6998642228898554,0.9961358904838562,0.059188787603662175,0.7206047801744376,0.9994202256202698,60.02487756725132,0
248,0.17533270872774592,0.558613430886042,0.999914288520813,0.1054246929429827,0.5671992443856744,0.9998613595962524,0.10980111360549935,0.6995998535837451,0.9962641596794128,0.05934956031186245,0.7206777163914277,0.9994449019432068,60.02487756725132,0
249,0.1759994718290512,0.5587900195802966,0.9999199509620667,0.10547997447706413,0.5669330301738925,0.9998675584793091,0.11055390288432448,0.699299213432131,0.9964154362678528,0.05959282123616769,0.7206902872948425,0.9994726777076721,60.02487756725132,0
250,0.1766474069583985,0.5591526315325788,0.9999244809150696,0.10530865192413338,0.5668561799185621,0.9998734593391418,0.11125681478352784,0.6991408382143298,0.9965493083000183,0.0599060024888743,0.720668460641589,0.9994978308677673,60.02487756725132,0
251,0.1771018845694407,0.559590617815654,0.9999284744262695,0.10499206291777755,0.5669303763480418,0.999877393245697,0.11176434088320969,0.6991924359684905,0.9966564178466797,0.060274027465354874,0.7207063919021975,0.9995157718658447,60.02487756725132,0
252,0.17728925177029214,0.5599362906955542,0.9999314546585083,0.10468030224243809,0.5670270266987033,0.999879777431488,0.11197824563298915,0.6992535846573972,0.9967377185821533,0.06059056502722563,0.7207345962524421,0.9995329976081848,60.02487756725132,0
253,0.17735561444645853,0.5602003818466554,0.999933123588562,0.10455261454695756,0.5671403691882183,0.9998805522918701,0.1120999657682011,0.6992944819586624,0.9967414140701294,0.06082316949253996,0.7207501048133493,0.9995397329330444,60.02487756725132,0
254,0.17730615394456062,0.5602694182168875,0.9999353885650635,0.10458703764847355,0.5672490880602886,0.9998838901519775,0.11208522603625351,0.6993718175661001,0.9967446327209473,0.06095411699442641,0.7207769694782444,0.9995455741882324,60.02487756725132,0
255,0.1772982442662831,0.5601839934076587,0.9999366402626038,0.10452673406828025,0.5672861876941868,0.9998841881752014,0.1120449091706958,0.699419878778004,0.9967226386070251,0.06093078479170804,0.7207663030851461,0.9995445609092712,60.02487756725132,0
256,0.1773096507503874,0.5601214312371758,0.9999358057975769,0.10451278587182372,0.5673396190007531,0.9998830556869507,0.11200568328301122,0.6995126690183373,0.9966415166854858,0.06088477834349592,0.7207324334553316,0.999534010887146,60.02487756725132,0
257,0.17733616985025874,0.560040706679935,0.9999364018440247,0.10465726540202194,0.5672709714798705,0.999884843826294,0.11200626158998134,0.6995824547041036,0.996591329574585,0.06087066321855504,0.7206933498382574,0.9995325207710266,60.02487756725132,0
258,0.17735644181569432,0.5599892565182282,0.9999377727508545,0.10488114435048339,0.5671253573326842,0.9998866319656372,0.11205187085128976,0.6996407650765923,0.9966691732406616,0.06088153787312059,0.7206732545580188,0.9995387196540833,60.02487756725132,0
259,0.17741997965744577,0.5601248457318265,0.9999395608901978,0.10519438272430792,0.5669511386326386,0.9998891949653625,0.1120913199016027,0.6996801807766875,0.9966791868209839,0.06089173718577344,0.7207037040165498,0.9995400309562683,60.02487756725132,0
260,0.17746899454366608,0.560315696966081,0.9999419450759888,0.10530752475772594,0.5668758011999588,0.9998924136161804,0.11197914999155781,0.6996781911168786,0.9966920018196106,0.06077207021770028,0.7207441755703523,0.9995440244674683,60.02487756725132,0
261,0.17755085158915762,0.5605590740839645,0.9999446272850037,0.10511205274434325,0.566891519796281,0.9998944997787476,0.11194522111188807,0.6998167548860827,0.9967535138130188,0.06058704037041896,0.7208970047178728,0.9995551705360413,60.02487756725132,0
262,0.1776252530869985,0.5607885008766542,0.9999458193778992,0.10462766779320588,0.5670408918744047,0.9998939037322998,0.1119665993111475,0.7000538735162649,0.9967824816703796,0.06041523370714419,0.7211171388626105,0.9995541572570801,60.02487756725132,0
263,0.17766524851322188,0.5608952641487126,0.9999474883079529,0.10403861389273697,0.5671731063297821,0.9998952150344849,0.11199353812705912,0.7002280978929434,0.9967729449272156,0.06025535861651107,0.7212727041471578,0.9995548129081726,60.02487756725132,0
264,0.17765586078166978,0.5610902139118744,0.9999496340751648,0.10353135707832525,0.5672626864342467,0.999896764755249,0.11205564545733597,0.7003843614033296,0.996773362159729,0.060179688923415735,0.7213674414725537,0.999555230140686,60.02487756725132,0
265,0.17766214694295626,0.5613506322815309,0.9999517202377319,0.10329344797702072,0.5672621868905572,0.9998992085456848,0.11214087264878418,0.7004021179108398,0.9968051314353943,0.06017466261982923,0.7213614951996581,0.9995630979537964,60.02487756725132,0
266,0.1776600238822757,0.56169339021047,0.9999534487724304,0.10316946641320282,0.5672587127912617,0.9998999834060669,0.11209929628031604,0.7004553533735736,0.9968516230583191,0.06012636671463653,0.7213321214630496,0.9995686411857605,60.02487756725132,0
267,0.17765738708632345,0.5620549207641969,0.9999534487724304,0.10308537987016504,0.567241211732229,0.9998996257781982,0.1120986555303847,0.7006605693272188,0.9967858195304871,0.060094371083236925,0.7214325297446484,0.9995623230934143,60.02487756725132,0
268,0.17765309555189965,0.5623670191991901,0.9999541640281677,0.10298874406587519,0.5672206112316681,0.9998994469642639,0.11210212537220554,0.7009403932662243,0.9967747330665588,0.060097468041238375,0.7215970839772912,0.9995602965354919,60.02487756725132,0
269,0.17765801222551453,0.5625451036861969,0.9999551773071289,0.10285312575953356,0.567199533893949,0.9998993873596191,0.11209918487639663,0.7011263228598101,0.9967544078826904,0.060095048376492134,0.7217150529225673,0.9995590448379517,60.02487756725132,0
270,0.17769629827567524,0.5627222203073052,0.9999555945396423,0.10271975504500534,0.5671802219890417,0.9998976588249207,0.11216928313175846,0.7012580945378264,0.9967566132545471,0.060117412713312016,0.7218014853341245,0.9995610117912292,60.02487756725132,0
271,0.1776524853138698,0.5627647326106121,0.9999554753303528,0.10262890585831241,0.5671735377538776,0.9998958110809326,0.1121092080360368,0.7012164592742927,0.9967429637908936,0.060082932313283335,0.7217506028357012,0.9995566606521606,60.02487756725132,0
272,0.17754811190423525,0.5627582470575974,0.9999538660049438,0.10259449127174568,0.5671866649673103,0.999893307685852,0.1119693773133415,0.7011704302969439,0.9966616630554199,0.06000728887461486,0.7217056978316541,0.9995461106300354,60.02487756725132,0
273,0.1773840657302313,0.5627228106771202,0.9999510049819946,0.10257458722307577,0.567215082191286,0.9998907446861267,0.11183282555568795,0.7010657219659719,0.9965755343437195,0.05993612234791124,0.7216526042847413,0.9995317459106445,60.02487756725132,0
274,0.17721961296740046,0.5626963206699921,0.9999493956565857,0.10254945322161638,0.567204078038534,0.9998875856399536,0.11161502166872941,0.7009968417031431,0.9964905381202698,0.05983801594092737,0.7215821771394645,0.9995242357254028,60.02487756725132,0
275,0.1771122053975152,0.5626752632004879,0.9999490976333618,0.10247335086266207,0.5672733982404078,0.9998859167098999,0.1113988242688634,0.7008750608989176,0.9964413046836853,0.05975693730371344,0.7214873177664627,0.9995126724243164,60.02487756725132,0
276,0.17711717032250918,0.5626995932488219,0.9999481439590454,0.10231857711360576,0.5673724611600245,0.9998788833618164,0.11130016509975715,0.7007404026531043,0.9964266419410706,0.059707432275726724,0.7214010811987384,0.9995073080062866,60.02487756725132,0
277,0.1771515955527625,0.5627761256127135,0.9999472498893738,0.10211101387228291,0.5674954993384229,0.999871015548706,0.11117797877107358,0.7007079493431824,0.9963576793670654,0.059643653531869296,0.7213051233972827,0.9994909763336182,60.02487756725132,0
278,0.17723928462891364,0.5628339960461576,0.9999455809593201,0.10192777216434487,0.567597023078374,0.9998652338981628,0.11113302090338306,0.7007231939406628,0.9962806105613708,0.059599693332399686,0.7212476361365552,0.9994831681251526,60.02487756725132,0
279,0.17726327053138202,0.5628378476415365,0.9999457001686096,0.10182068993647901,0.5676618133272449,0.999864399433136,0.11106439537945256,0.7008257678576884,0.996259331703186,0.059555073046968145,0.7212357237225493,0.9994800686836243,60.02487756725132,0
280,0.17724134240831663,0.5627473110244392,0.9999454021453857,0.10178311062710635,0.5676571641649524,0.999864935874939,0.11087586979071307,0.7009872879300805,0.9961647987365723,0.05946236724654838,0.7212170107024063,0.9994639158248901,60.02487756725132,0
281,0.1771805399940129,0.5625698424520951,0.9999431371688843,0.101805033783118,0.5677079529989338,0.9998629093170166,0.11069438890332277,0.7010256392615187,0.9961137771606445,0.05937770523485688,0.7212405148006626,0.9994484186172485,60.02487756725132,0
282,0.17709136222090055,0.5624314802033565,0.9999389052391052,0.10184730447473989,0.5677902216003059,0.9998589754104614,0.11049258815390733,0.701066931088766,0.9959526062011719,0.05930352033603764,0.7213206915628348,0.9994194507598877,60.02487756725132,0
283,0.17698515242054363,0.5623775635446826,0.9999349117279053,0.10186478850387401,0.5679269915535341,0.9998540282249451,0.11036235519817905,0.7011461116018756,0.9958604574203491,0.059272357395717123,0.7214246534165888,0.9994014501571655,60.02487756725132,0
284,0.17692015568415337,0.5624095882688255,0.9999312162399292,0.10182392951988048,0.5680375127565298,0.9998471140861511,0.1103181821249781,0.7012810877391276,0.9957107305526733,0.059176170045421285,0.7215132826850534,0.9993690848350525,60.02487756725132,0
285,0.17685060557864976,0.5624772452172784,0.9999291896820068,0.10160351686534436,0.5681867145356683,0.9998421669006348,0.11024837621620732,0.7014660324369164,0.995599627494812,0.059006828814745,0.7215854298500795,0.9993530511856079,60.02487756725132,0
286,0.17679717569124145,0.5625052139872602,0.9999279975891113,0.1013238000727836,0.5683547343526572,0.9998379945755005,0.11017633052099327,0.7017022059077314,0.995469868183136,0.05882329937248008,0.7216788672265558,0.9993345737457275,60.02487756725132,0
287,0.1767758280038835,0.5625045554978512,0.9999262094497681,0.10107798200278062,0.5685081311634613,0.9998312592506409,0.11015639915352785,0.7019125138010303,0.9953468441963196,0.05868544589195937,0.7218292838051212,0.9993035197257996,60.02487756725132,0
288,0.1767981542008265,0.5624996480487646,0.9999268054962158,0.10091895574615123,0.5686160496303018,0.9998345375061035,0.11013603210449228,0.7019920604569576,0.9954407811164856,0.05862787348173918,0.7219041642688575,0.9993105530738831,60.02487756725132,0
289,0.17671503623326634,0.5623713703382587,0.9999266862869263,0.10089179092929484,0.5686757734843667,0.9998366832733154,0.11006067799670365,0.7018898015930545,0.995488166809082,0.058615868645055,0.7218852270217174,0.9993205666542053,60.02487756725132,0
290,0.17656657099723833,0.5621028712817605,0.9999274611473083,0.10099892176332936,0.5686694184939072,0.9998405575752258,0.10994736069724682,0.7016728179795407,0.9955581426620483,0.058553315344310984,0.7217814524968471,0.9993335604667664,60.02487756725132,0
291,0.17639673678647919,0.5617786163375496,0.9999290704727173,0.10108941332215363,0.5686529136839371,0.9998469948768616,0.10980328456276948,0.7013784788903741,0.9957075715065002,0.058461761190777776,0.7216613349460426,0.9993566870689392,60.02487756725132,0
292,0.1762355913718543,0.561446607112885,0.9999275803565979,0.101237534412316,0.5686669264520923,0.9998450875282288,0.10974267231566574,0.7012414364587698,0.9957465529441833,0.058417796911228316,0.7216966805003944,0.9993578791618347,60.02487756725132,0
293,0.17610586470081707,0.5611865804308941,0.9999285340309143,0.10141564054148546,0.5686700769833161,0.9998518824577332,0.10970706137872886,0.7013132458641422,0.9958663582801819,0.05842405504414018,0.721816017514184,0.9993765950202942,60.02487756725132,0
294,0.1760723016091757,0.5611703849974137,0.9999277591705322,0.10153908708265857,0.5686799940608801,0.9998541474342346,0.10972377586932419,0.7015831498872671,0.9959190487861633,0.058478438960654446,0.7219734475726178,0.9993852972984314,60.02487756725132,0
295,0.17602534521193747,0.5612804804529468,0.9999266862869263,0.10158736861887441,0.5687020619710291,0.9998591542243958,0.10969339736870365,0.7020994509969445,0.9960381388664246,0.058500332491738506,0.7222112133389433,0.9993977546691895,60.02487756725132,0
296,0.1759991865782512,0.5614113438697093,0.9999247193336487,0.10157220846130743,0.568756793226515,0.9998572468757629,0.10967451830705015,0.7026368890489857,0.9960558414459229,0.05849279232677964,0.7224442135720032,0.999387800693512,60.02487756725132,0
297,0.17599879205226912,0.561497134821756,0.9999243021011353,0.10158168418066851,0.568790285360246,0.9998573064804077,0.10991967043706358,0.7027293755894621,0.9960272908210754,0.058504799292201135,0.7225998327845624,0.9993821978569031,60.02487756725132,0
298,0.1760212069466002,0.5615056668009082,0.9999257922172546,0.10164994320699156,0.5687466774668017,0.9998611807823181,0.10956503450870522,0.7032240231831874,0.996078372001648,0.05840760238823441,0.7226850333667942,0.9993939399719238,60.02487756725132,0
299,0.1760166826702301,0.5614110089483719,0.9999265670776367,0.10175228260812313,0.568595775536129,0.9998642802238464,0.10866310731286102,0.7036003101439708,0.9961236119270325,0.058182206004858066,0.7225996993836907,0.9994039535522461,60.02487756725132,0
300,0.17603695676440298,0.5613926280112498,0.999925434589386,0.10183167209227889,0.5685109581266136,0.9998589158058167,0.10788873866910034,0.7038312639508935,0.9961265921592712,0.05791584420062251,0.7224296331405646,0.9993995428085327,60.02487756725132,0
301,0.17606121159735194,0.5614077562377571,0.9999235272407532,0.1018776407554037,0.5684970191546854,0.9998520016670227,0.10736526406946645,0.703913705689567,0.9960726499557495,0.05765586914051152,0.7222920769736886,0.9993832111358643,60.02487756725132,0
302,0.1761548987456732,0.5614530586061028,0.9999199509620667,0.10182272642850884,0.5685576143718906,0.9998437166213989,0.10754443350292398,0.7038113332930072,0.9959726929664612,0.05752235562318852,0.7222250359398984,0.9993640184402466,60.02487756725132,0
303,0.1762786699192866,0.5614568931715833,0.9999176263809204,0.1017594685157141,0.5686643520991013,0.999841034412384,0.10848106550318862,0.703343502112798,0.9958615899085999,0.05759128147647499,0.7222191123735342,0.9993433356285095,60.02487756725132,0
304,0.17643228173255934,0.5614513612928849,0.9999160170555115,0.10168330016590307,0.5687301527886168,0.9998392462730408,0.10905415174506969,0.7034215700058716,0.9958460330963135,0.057675104410875457,0.7222642841793248,0.9993433356285095,60.02487756725132,0
305,0.17655538661139367,0.561421740622748,0.9999163150787354,0.10162320342801874,0.568769596871876,0.999840497970581,0.10932537948801413,0.7034953917775841,0.9958748817443848,0.05777086353018175,0.7223059676942377,0.9993457794189453,60.02487756725132,0
306,0.17666686574618035,0.5614323417345687,0.9999179840087891,0.10160091767708468,0.568827643280938,0.9998440742492676,0.10955587880952027,0.7035336494445807,0.9959438443183899,0.05785019607061436,0.722295204798381,0.9993621706962585,60.02487756725132,0
307,0.17667106432574148,0.5614533168928968,0.9999187588691711,0.10160021980603544,0.5688571873165317,0.9998469352722168,0.1093979449499222,0.7035623079254519,0.9959550499916077,0.057854555369842665,0.7222874022665484,0.9993687868118286,60.02487756725132,0
308,0.17664697837261942,0.5614759127298995,0.9999188780784607,0.10162718594074258,0.5688048629533682,0.9998506307601929,0.10917411602678762,0.7035772544997085,0.996017336845398,0.05781664929929238,0.7222457641646982,0.999381959438324,60.02487756725132,0
309,0.17659198599202308,0.5614850861685621,0.9999179840087891,0.10168239154985981,0.5687002085504083,0.9998530745506287,0.10890025006873276,0.7035453177633746,0.9960532188415527,0.057758264420997574,0.7222034391902747,0.9993856549263,60.02487756725132,0
310,0.17655580171516977,0.561597585678101,0.9999192953109741,0.10173001743498311,0.5685951766513647,0.9998550415039062,0.108704597467468,0.7034620869727368,0.9961124658584595,0.057699997865018435,0.7221085883322222,0.9993922710418701,60.02487756725132,0
311,0.1765379572198506,0.5617666727020632,0.9999204277992249,0.10177337626616167,0.5685192857469835,0.9998565912246704,0.10864183838878368,0.7033604667300275,0.9962201118469238,0.05768527959783877,0.7219967018990295,0.9994074106216431,60.02487756725132,0
312,0.17656064317339956,0.5619653945877443,0.9999212026596069,0.10179622577769423,0.5684677305675693,0.999858021736145,0.10872137369144538,0.7032703785669241,0.9962749481201172,0.05768799285093948,0.7218751822199145,0.9994136095046997,60.02487756725132,0
313,0.17656158975192493,0.562134566761199,0.9999243021011353,0.10176946896882293,0.5684464431944352,0.9998635649681091,0.10876663242067618,0.7031843066215521,0.9964019656181335,0.05769855653246248,0.7218017436209185,0.9994362592697144,60.02487756725132,0
314,0.1765744310049785,0.5621259212493901,0.999927818775177,0.10175608169464846,0.5683717500595824,0.9998679161071777,0.10879067970173709,0.7029350116139372,0.9965068101882935,0.05769122179065436,0.7217284639676418,0.9994527101516724,60.02487756725132,0
315,0.17658733044351865,0.5620885207539518,0.9999304413795471,0.10176752826997221,0.5684171574456356,0.9998714923858643,0.10878338061627896,0.7026113896142874,0.99660724401474,0.057686888923247706,0.721705771627881,0.999465823173523,60.02487756725132,0
316,0.17660026607059312,0.5621753562064402,0.999933660030365,0.10174666699909037,0.5686459967068268,0.9998775720596313,0.10872509295032146,0.702285406135378,0.9967250227928162,0.0576176803026881,0.721673074222747,0.9994825124740601,60.02487756725132,0
317,0.17661161295005268,0.5623265107472742,0.9999346137046814,0.10166738004911521,0.5689515868822739,0.9998759031295776,0.10863737158832104,0.7020619625136971,0.9967984557151794,0.05748449975535988,0.7216528937930158,0.9994890093803406,60.02487756725132,0
318,0.1766095856825512,0.5625167858032958,0.9999359846115112,0.10155505261250913,0.5693160295486455,0.9998761415481567,0.10857377059402928,0.7019659678141281,0.9968782663345337,0.05733524919265797,0.7216453381947114,0.9995027780532837,60.02487756725132,0
319,0.1765926537059604,0.5626020686967037,0.9999354481697083,0.1014621378410431,0.5695891862823854,0.9998725652694702,0.10852917425689251,0.7019497184526358,0.9968138933181763,0.05722460984474141,0.7216628875051232,0.9994872808456421,60.02487756725132,0
320,0.17658486323697242,0.5625394440832596,0.9999361038208008,0.10138767957687386,0.5697119008927123,0.9998733997344971,0.10848203585261398,0.701908585571108,0.9968219995498657,0.05715352279089751,0.7216854663122274,0.9994844198226929,60.02487756725132,0
321,0.1765835732221605,0.5624964322362632,0.9999357461929321,0.10136248100371595,0.5698449923878629,0.9998674988746643,0.10845241411810838,0.7019016061510364,0.9967870116233826,0.057142164912961826,0.7217204514003941,0.9994654655456543,60.02487756725132,0
322,0.17656380434830998,0.562398235003154,0.999937117099762,0.10135198171649668,0.5700042049090073,0.9998669028282166,0.10840766876935967,0.7017396603311816,0.9968560934066772,0.05713403739389924,0.7217507220449908,0.9994716048240662,60.02487756725132,0
323,0.17649528738998246,0.5622795252572927,0.9999379515647888,0.10132758709646414,0.5701430553481697,0.9998642206192017,0.10828829130956114,0.701499087469919,0.9969004988670349,0.057119310789165094,0.7217820201601306,0.9994739294052124,60.02487756725132,0
324,0.17639182224160163,0.5621938052631564,0.999938428401947,0.10131365344637924,0.5702497391473684,0.9998654127120972,0.10809896176769629,0.7012343236378267,0.9969815015792847,0.057072465263661935,0.7218012412389125,0.9994827508926392,60.02487756725132,0
325,0.17629632637614312,0.5620913931301666,0.9999381899833679,0.1013328656554223,0.57019359157199,0.9998652935028076,0.10787753938209452,0.7010317898931964,0.9970353245735168,0.056999264728455366,0.7217628899074742,0.9994813799858093,60.02487756725132,0
326,0.17623240039462149,0.5620445580709552,0.9999372959136963,0.1013178949554762,0.5700597961743676,0.9998633861541748,0.10769496503330421,0.7009725854510359,0.9970662593841553,0.05692896069515324,0.7217024706658869,0.9994792342185974,60.02487756725132,0
327,0.1762330418541319,0.5620430906613672,0.9999366402626038,0.1012591446439426,0.5698983470598862,0.9998593926429749,0.10761539567084549,0.7010362006369096,0.997057318687439,0.056875731441236727,0.7216304654166817,0.9994702935218811,60.02487756725132,0
328,0.17633217856997552,0.5619805767422634,0.9999362826347351,0.1011620277450199,0.5697854104496188,0.9998576045036316,0.10765070929413759,0.7009799395288745,0.9970450401306152,0.05684786165754005,0.7215490596635007,0.9994634985923767,60.02487756725132,0
329,0.17648465292794377,0.561917608692533,0.9999355673789978,0.1010806450531597,0.5697196154367361,0.9998564720153809,0.10777567575375248,0.7010184725125637,0.9970337748527527,0.05685924366116528,0.7215350781168263,0.999458372592926,60.02487756725132,0
330,0.17666258840333862,0.5618948312032794,0.9999362230300903,0.10099006479694737,0.5697033859434587,0.999855637550354,0.10793745624167587,0.7011650289808007,0.9969881772994995,0.05686662718653683,0.7215833323342465,0.9994490146636963,60.02487756725132,0
331,0.17681775277569195,0.5619099707830524,0.999937117099762,0.10090896700109762,0.5696210889589224,0.9998576045036316,0.10812317438068852,0.7014061581520812,0.9970071315765381,0.05687081991207036,0.7216346490950818,0.9994548559188843,60.02487756725132,0
332,0.17688890156291795,0.5618092871847611,0.999937891960144,0.10083032931600305,0.5694877590451927,0.9998586773872375,0.10827801660412842,0.7016268571217861,0.996978759765625,0.056878529311645644,0.7217030865805496,0.9994507431983948,60.02487756725132,0
333,0.17688402178741652,0.5615916677883697,0.9999382495880127,0.10075826091425769,0.5693399253345676,0.9998626112937927,0.10832380042189652,0.7017217959676476,0.9969428777694702,0.05688367961418066,0.7217243342172537,0.9994489550590515,60.02487756725132,0
334,0.17690670206433265,0.5613828727177215,0.9999398589134216,0.10066646231072299,0.5691861879257933,0.9998689293861389,0.10832707229114723,0.7016594296409975,0.996947705745697,0.05687313101121363,0.721698837620872,0.9994564056396484,60.02487756725132,0
335,0.1769126802682878,0.5610904381388714,0.9999402761459351,0.1006348445301965,0.5690190224420462,0.9998719096183777,0.1083515988928932,0.7015188137690231,0.996947169303894,0.05686249158212121,0.7216691516694573,0.9994571805000305,60.02487756725132,0
336,0.17682246650968292,0.5607677612985889,0.9999402165412903,0.10061147702591769,0.5689071558770684,0.9998732209205627,0.10823228352126629,0.7013669439724519,0.996870219707489,0.0568356797808693,0.7216545144716904,0.999442458152771,60.02487756725132,0
337,0.17665208876132982,0.5604478830382942,0.9999406933784485,0.10058970784857169,0.568805112725213,0.9998747110366821,0.10800509048359744,0.7012810366494321,0.996919572353363,0.056778092114698364,0.7216578977448606,0.9994499683380127,60.02487756725132,0
338,0.1764665366638276,0.5601234123820356,0.9999396800994873,0.10061433840365645,0.5687355001767481,0.9998729228973389,0.10778187712033599,0.7012175917625433,0.9969304800033569,0.05672638827846169,0.7216762786819827,0.9994428753852844,60.02487756725132,0
339,0.17630183129083557,0.5598413859094897,0.9999375939369202,0.10066932688156771,0.5686742180869697,0.9998668432235718,0.10755030420564478,0.7010373785382231,0.996891438961029,0.05666463715689528,0.7216587208566217,0.9994198083877563,60.02487756725132,0
340,0.17620517597312035,0.5597323888824104,0.999938428401947,0.1006973800914629,0.5686021191733228,0.9998679757118225,0.1073342128878549,0.7008193419093183,0.9969220757484436,0.05661765255388764,0.7216335194451474,0.999422013759613,60.02487756725132,0
341,0.17613509581202566,0.559640731130328,0.9999392628669739,0.10081493996438534,0.5685366477285116,0.9998708367347717,0.10715750924178541,0.7005738218625392,0.9969672560691833,0.056543129895414664,0.7215923184440255,0.9994295835494995,60.02487756725132,0
342,0.17602907334055234,0.5595741186823169,0.9999399185180664,0.10094136638300766,0.5685003740446912,0.9998735189437866,0.10686720943167105,0.7003954876036876,0.9969998002052307,0.05643839087514655,0.7215721124694467,0.99943608045578,60.02487756725132,0
343,0.17595605694112337,0.5595310869671054,0.9999407529830933,0.10108010328951345,0.5683979221752716,0.9998769760131836,0.10656750556968515,0.7003446306501122,0.9970674514770508,0.05631837816465473,0.7215576086725513,0.9994478225708008,60.02487756725132,0
344,0.17594224782217133,0.5595370218867353,0.9999409317970276,0.10121846731219981,0.5683030344191057,0.999878466129303,0.10637105753024428,0.7004142800966904,0.9970741271972656,0.05622456524343722,0.721559175423214,0.9994452595710754,60.02487756725132,0
345,0.17599126767544535,0.5595304653758099,0.9999424815177917,0.10131362825632104,0.5681612321308686,0.9998834133148193,0.10636641191584731,0.7005065083503729,0.9970989227294922,0.056199334029640516,0.7215535158202767,0.9994519948959351,60.02487756725132,0
346,0.1760205356847674,0.5594979865210401,0.9999433755874634,0.10134140437557593,0.5681447727339614,0.9998868107795715,0.10644603023926424,0.7003984905424578,0.99712735414505,0.05626935494087996,0.721553041821435,0.9994543790817261,60.02487756725132,0
347,0.17604991013095506,0.5594927924019955,0.9999445080757141,0.10137760781106503,0.5682394703229273,0.9998887181282043,0.10656495498759415,0.7001884522892186,0.9971387386322021,0.05635818182712514,0.7215450377691366,0.9994558095932007,60.02487756725132,0
348,0.17606447424207428,0.5595190383139115,0.9999409914016724,0.10138565230937238,0.5683370828628544,0.9998777508735657,0.10665990979898551,0.6999785673050659,0.9970276355743408,0.056450958585455346,0.7215446574347366,0.9994217157363892,60.02487756725132,0
349,0.17609063429491875,0.5595634295826871,0.9999412894248962,0.10135893381777272,0.5685103762717478,0.9998776912689209,0.10676559486559467,0.6997149246079587,0.9969987869262695,0.05651755577751573,0.7215407178515485,0.9994149804115295,60.02487756725132,0
350,0.17610722780227678,0.5596081330662687,0.9999414682388306,0.10131554766779863,0.5687269540060138,0.9998767375946045,0.10680901046310161,0.699503347987221,0.9969613552093506,0.05653314984270509,0.7215370166869397,0.9994083642959595,60.02487756725132,0
351,0.17612526814142876,0.5595950569425314,0.9999393820762634,0.10130509201969429,0.5688224832216904,0.9998672604560852,0.10688711702823647,0.6994314676239383,0.9968140721321106,0.056524788872117135,0.7215192488261637,0.9993624687194824,60.02487756725132,0
352,0.17613536332334806,0.559449400220599,0.999939501285553,0.10134518998009825,0.568917416390919,0.9998677372932434,0.10710919435535167,0.6992862849008474,0.9967825412750244,0.05658801378948353,0.7214997467540565,0.9993526935577393,60.02487756725132,0
353,0.17616683315663126,0.5592769810131623,0.999940037727356,0.1013938294989723,0.5688521436282571,0.9998694062232971,0.10739714474905113,0.6992074903987708,0.996764063835144,0.056688236693541255,0.7214855665252328,0.9993466138839722,60.02487756725132,0
354,0.17620610481216809,0.5590698577108841,0.9999404549598694,0.10142432898283013,0.5685325832594014,0.9998718500137329,0.10767831901709247,0.6992273075240005,0.9966851472854614,0.05679128177109224,0.7214730552264628,0.99933922290802,60.02487756725132,0
355,0.17623820404211693,0.5588766762188507,0.999940812587738,0.10137559863783072,0.568257365907942,0.999873697757721,0.107898853364445,0.6991763427144011,0.9966279864311218,0.05685220978089746,0.7214724960781285,0.9993301630020142,60.02487756725132,0
356,0.17623551189899458,0.558743278185527,0.9999417066574097,0.101384365842456,0.567966534977868,0.9998788833618164,0.10792406577439544,0.6991345598584136,0.9966112375259399,0.05684008520273941,0.7214579525448033,0.9993265867233276,60.02487756725132,0
357,0.17636569341023778,0.5586896141370142,0.9999423623085022,0.10150432693106795,0.5676799728756863,0.9998809099197388,0.10819626102844881,0.6991388655844195,0.996604323387146,0.05685767016950112,0.7214361968494603,0.9993217587471008,60.02487756725132,0
358,0.17658626394612462,0.5586070304825197,0.999943733215332,0.10166424229031526,0.5675306660788405,0.9998867511749268,0.10840955199230294,0.6991544337499715,0.9967018961906433,0.056840913104159535,0.7214303016662603,0.9993494153022766,60.02487756725132,0
359,0.17681587877727706,0.5584885052272256,0.9999461770057678,0.1018094704264687,0.5674439072608952,0.999893069267273,0.10838906147650318,0.6991756331352965,0.9968092441558838,0.056722890408266204,0.7213813066482551,0.9993746876716614,60.02487756725132,0
360,0.17699665398824796,0.5583382617859618,0.999946117401123,0.101872847548553,0.5673857019061139,0.9998909831047058,0.10805545924674906,0.699190707433792,0.9968240857124329,0.05650953097002852,0.7213299898874198,0.9993688464164734,60.02487756725132,0
361,0.17707631062893656,0.5581942143894382,0.9999473094940186,0.10189946598949895,0.5673644173712962,0.9998936057090759,0.10745220028218777,0.6991276996476316,0.9968596696853638,0.056270947945969485,0.7212882496061785,0.9993773698806763,60.02487756725132,0
362,0.17698302652154663,0.5581035330182035,0.9999489784240723,0.10192471636193148,0.5674017923218868,0.999897837638855,0.10671034561736252,0.6990979512532558,0.9969297647476196,0.05604036276539172,0.7212672943160654,0.9993951916694641,60.02487756725132,0
363,0.17690930905796248,0.5581062209038512,0.9999491572380066,0.10192617667572847,0.5675210072880704,0.9998975992202759,0.1064247999872481,0.6990491293725518,0.9969226717948914,0.05598493026835582,0.7212831236067279,0.9993938207626343,60.02487756725132,0
364,0.17682415885584707,0.5581156043779287,0.9999479055404663,0.10179865998881212,0.5676852493059072,0.9998942613601685,0.10621039533898953,0.6989707606179378,0.996933102607727,0.055854917282149946,0.7213234276998617,0.9993972778320312,60.02487756725132,0
365,0.17675426176616138,0.5581076429003766,0.9999490976333618,0.10162145502510533,0.5678337131227771,0.9998943209648132,0.10608508402392985,0.6988843140147987,0.9969925880432129,0.05568549675600874,0.7213339663687213,0.99941086769104,60.02487756725132,0
366,0.17671246684732905,0.558115544773284,0.999950647354126,0.10143667388530012,0.567911993889582,0.9998953938484192,0.1060119235799427,0.6988378848348351,0.9970459938049316,0.05550679688652361,0.7213739468937834,0.9994239807128906,60.02487756725132,0
367,0.17670874652408433,0.5581266652970092,0.9999526143074036,0.10135419028145934,0.5679127375284836,0.9998973608016968,0.10598481056236095,0.6988390428679336,0.99712735414505,0.05542606221778057,0.7214254538218187,0.9994416832923889,60.02487756725132,0
368,0.17669743370442179,0.5581043958663945,0.9999532699584961,0.10134027720916847,0.5679255014374147,0.9998987913131714,0.10595807149296724,0.6989155184654968,0.9971850514411926,0.0554237259285791,0.7215070554188325,0.9994562268257141,60.02487756725132,0
369,0.1766845250413533,0.5581787228584294,0.9999517202377319,0.10137298632235762,0.5679686580385485,0.9998968839645386,0.10597253413427453,0.698960945719765,0.9971827268600464,0.05550978102144745,0.7215786349205751,0.9994611740112305,60.02487756725132,0
370,0.17670089290255608,0.5584108318601341,0.999953031539917,0.10141415894031533,0.5680054539725898,0.9998980760574341,0.10599363666205187,0.6989907366888869,0.9972729086875916,0.05555195024325739,0.7216010036922642,0.9994814991950989,60.02487756725132,0
371,0.17673649248622728,0.5587684824353177,0.9999542832374573,0.10140929796866016,0.5680246324766254,0.9998958706855774,0.10600992469560541,0.6989899135771258,0.9973236322402954,0.05555619742898719,0.7215898122106286,0.9994959831237793,60.02487756725132,0
372,0.17677262567338503,0.55916991971788,0.9999551773071289,0.1013655268720219,0.5680318474769597,0.9998959898948669,0.10598670265504301,0.6989911652746661,0.9973714351654053,0.05552459596878011,0.7215721209843959,0.9995054006576538,60.02487756725132,0
373,0.1767992029587429,0.5594783141499479,0.9999567866325378,0.10128247915279306,0.568080189682189,0.9998968839645386,0.10601954836220977,0.698967147441138,0.9974334836006165,0.055530708992765104,0.721551364376432,0.9995220899581909,60.02487756725132,0
374,0.17692715852033536,0.5595885657128838,0.9999572038650513,0.10123812974918464,0.5680901890709291,0.9998933672904968,0.10622535823356546,0.6989085674285894,0.9974119067192078,0.05557939818217645,0.7215524769964679,0.9995189905166626,60.02487756725132,0
375,0.1770912955204647,0.5596358123279758,0.9999572038650513,0.10127953049682445,0.5680165858495807,0.9998897910118103,0.10648988187313088,0.6988789439201362,0.9973700642585754,0.055627490438166165,0.7215742866198227,0.9995151162147522,60.02487756725132,0
376,0.17727412922041771,0.5596986725216824,0.9999581575393677,0.10141064616895866,0.5678211393810458,0.999891459941864,0.10673935853299649,0.6988754158928286,0.9973428845405579,0.055666117973270916,0.7215719904218407,0.9995185136795044,60.02487756725132,0
377,0.17741858462492638,0.5598428930555076,0.9999578595161438,0.10152368744214385,0.5675798399107801,0.9998923540115356,0.10689791327431097,0.6989427861713233,0.9973277449607849,0.05566653697973211,0.7215548696972081,0.9995222091674805,60.02487756725132,0
378,0.17748821775118523,0.5600192717143472,0.9999570846557617,0.10161499821004422,0.5673976427032839,0.9998877644538879,0.10690176274095271,0.6989507277806606,0.9972635507583618,0.05562705724012289,0.7215096269335071,0.9995101094245911,60.02487756725132,0
379,0.17747593990394062,0.5601679512432648,0.9999563097953796,0.1016452677902722,0.567332832586198,0.9998871088027954,0.10682118648574473,0.6988722994214018,0.9972293972969055,0.05559679883576579,0.7214428214799796,0.9995062351226807,60.02487756725132,0
380,0.17749303295498817,0.5602509010405772,0.9999545812606812,0.10166285612753467,0.5673389747029264,0.9998831748962402,0.10679326632193165,0.6987769092832299,0.9972175359725952,0.05560509718599778,0.7213969429334011,0.9995001554489136,60.02487756725132,0
381,0.1775006282897224,0.5601675510406499,0.999952495098114,0.10168572586207171,0.5673661969956902,0.9998824596405029,0.10675407839672915,0.6986259108497989,0.997161328792572,0.05563091681826687,0.7213247077805661,0.9994915723800659,60.02487756725132,0
382,0.1775106950884775,0.5603570796194535,0.9999501705169678,0.10169628404435666,0.5673445463180546,0.9998782277107239,0.10672842356420709,0.6986855978057503,0.997077226638794,0.05564350102628984,0.7212872902552292,0.9994801878929138,60.02487756725132,0
383,0.17752966710499368,0.5607689051401052,0.9999493956565857,0.10169016889163435,0.5672017392658056,0.9998793601989746,0.10672500481208175,0.6991977322669263,0.9970765113830566,0.055639451813130195,0.721318628106799,0.9994822144508362,60.02487756725132,0
384,0.17754242320855473,0.5613562833695189,0.9999476075172424,0.10164556510391698,0.5669954248837067,0.999874472618103,0.10670795575493866,0.6998463925861182,0.9970992207527161,0.05558522169788682,0.7213666353906909,0.9994854927062988,60.02487756725132,0
385,0.1775470063799905,0.5619259277979538,0.9999470710754395,0.10159913485958472,0.5667987664540612,0.9998776316642761,0.10671948641538628,0.7004927368391134,0.997109055519104,0.05555462021203273,0.7214173930031917,0.9994903206825256,60.02487756725132,0
386,0.17754751656736661,0.5622732014883137,0.9999439716339111,0.10159680140869967,0.5666107478595921,0.9998747706413269,0.106786035001278,0.70094797157106,0.9970436096191406,0.055609346323070116,0.7214683918725883,0.9994781017303467,60.02487756725132,0
387,0.17754357769375773,0.5622604319027495,0.9999411106109619,0.10165676226218548,0.5664940419651218,0.9998724460601807,0.10687957562151418,0.7009825876780924,0.9969467520713806,0.05574259232907072,0.7214353027797886,0.999456524848938,60.02487756725132,0
388,0.1775494352692651,0.5623158415158593,0.9999395608901978,0.10176046653872453,0.566479779425122,0.9998729825019836,0.1069541892835073,0.7008666452907386,0.9968677759170532,0.05588567558498614,0.7214171744528277,0.9994398355484009,60.02487756725132,0
389,0.17756465219316042,0.5623155974206475,0.9999383091926575,0.10189216371093485,0.5663719688143054,0.999873161315918,0.10696092070568183,0.7008192085084466,0.9968092441558838,0.0559916310012341,0.7214391316686364,0.9994255304336548,60.02487756725132,0
390,0.17757214889639913,0.5624433017912369,0.9999352693557739,0.10195174706833711,0.5661846172241942,0.9998688101768494,0.10691094185624812,0.7007303748811999,0.9966297149658203,0.056013795591536075,0.7214433323769347,0.9993888139724731,60.02487756725132,0
391,0.17761436814353593,0.5626280052321302,0.9999339580535889,0.10220128226847884,0.5658548701377146,0.999870240688324,0.10690368250721985,0.7008034728822259,0.9966364502906799,0.05604575077692672,0.7214137258983799,0.9993879795074463,60.02487756725132,0
392,0.1776711422772636,0.56273041736512,0.9999352693557739,0.10265550726935985,0.5654066176641559,0.9998739361763,0.10700890315430514,0.7009651944750837,0.9966914057731628,0.056147621678454586,0.7214027472904756,0.9994036555290222,60.02487756725132,0
393,0.17772737074465994,0.562818288803101,0.9999359250068665,0.10317174274296996,0.5650084870202206,0.999879002571106,0.10717757259096428,0.7012369916552594,0.9967390298843384,0.05627872954521865,0.7215800200189868,0.9994150400161743,60.02487756725132,0
394,0.1777825575499309,0.5628879041898822,0.9999369382858276,0.10356571489856364,0.5648053600674589,0.9998829364776611,0.10736855013029925,0.7015250665800918,0.9968138337135315,0.05640978951539317,0.7218613652955923,0.9994285702705383,60.02487756725132,0
395,0.1778129005715962,0.5629111244564969,0.9999369978904724,0.1037342119075004,0.564745894500188,0.9998821020126343,0.10745156911157436,0.7018025772912166,0.9968236088752747,0.056467794946261855,0.722206056118012,0.9994310140609741,60.02487756725132,0
396,0.17781487462066484,0.562955947149368,0.999938428401947,0.1036582922651655,0.5648035548982171,0.9998852610588074,0.10763261502697363,0.7017519871393845,0.9968611001968384,0.05649269815711752,0.7224315121060332,0.9994400143623352,60.02487756725132,0
397,0.17782859078475421,0.5629870692888901,0.9999392032623291,0.10361269151880635,0.5648224864687242,0.9998873472213745,0.10775803029537209,0.7014887332916266,0.9968903064727783,0.0565104305389382,0.7223902515002666,0.999448299407959,60.02487756725132,0
398,0.17783334851264967,0.5628765821456914,0.999941349029541,0.10362111386798686,0.5648149961516975,0.9998915195465088,0.1078467411654337,0.7011171352295653,0.9969617128372192,0.056546050700403444,0.7221849220139646,0.9994608759880066,60.02487756725132,0
399,0.17783162565458405,0.5626220021929065,0.999943196773529,0.1036490113252686,0.5647928686369038,0.9998959898948669,0.10791480612187168,0.7007801532745367,0.9970650672912598,0.0566200275151503,0.7220558779580258,0.9994781017303467,60.02487756725132,0
400,0.1778085203397843,0.562300596918379,0.9999439120292664,0.10366505774713705,0.5647804850623726,0.999898374080658,0.10786890167565583,0.7004013969784697,0.9970911145210266,0.056645618130763416,0.7218528162865417,0.999481737613678,60.02487756725132,0
401,0.17777464574291607,0.5620169015157794,0.9999451637268066,0.10368608434995025,0.5647720268794473,0.9999006390571594,0.10769444916929527,0.7001608383087891,0.9971294403076172,0.05661040828341534,0.7216595382917501,0.9994896054267883,60.02487756725132,0
402,0.17773830110118516,0.5618386211849399,0.9999449253082275,0.1037153647769066,0.5647689898808801,0.9998999834060669,0.10764309196245112,0.6998970735640759,0.9971423149108887,0.05658381024286865,0.7214664902005883,0.9994829297065735,60.02487756725132,0
403,0.17772467008658832,0.5618126477513998,0.9999456405639648,0.10374094794193911,0.5647291768164866,0.9999006986618042,0.1076802203343029,0.6996134519577032,0.9971709251403809,0.05653372034430508,0.7212014226686393,0.9994825124740601,60.02487756725132,0
404,0.1777413714499702,0.5618846473239721,0.9999463558197021,0.10371220289241709,0.5647411545117701,0.9999023079872131,0.10777706049737484,0.6995417475700384,0.9971975088119507,0.05648039724855201,0.7210120218140744,0.999487578868866,60.02487756725132,0
405,0.17776337265968337,0.5617712423914959,0.9999469518661499,0.10361348873093024,0.5648436801774166,0.999903678894043,0.10795157189880106,0.6994197283472339,0.9972167015075684,0.05647523115788192,0.7209261939639142,0.9994876980781555,60.02487756725132,0
406,0.17776771457422363,0.5615480485416598,0.9999464154243469,0.10352704319215965,0.56500084911074,0.9999029636383057,0.1080567772899356,0.6990966002146408,0.9972288012504578,0.05646063706704553,0.7208399119831272,0.9994872212409973,60.02487756725132,0
407,0.1777513417459671,0.5612181879225235,0.9999455213546753,0.10348689520642879,0.5651635385694962,0.9999023079872131,0.10802128130481364,0.6987642872901196,0.9971972107887268,0.056447849209819566,0.7207961621738621,0.9994717240333557,60.02487756725132,0
408,0.17772497449602415,0.5608813251767844,0.9999449253082275,0.1034950181132272,0.5652611397561578,0.9999019503593445,0.10787004445280357,0.6985560627210714,0.9971994161605835,0.05642821054373473,0.7208126641455157,0.9994639158248901,60.02487756725132,0
409,0.17778659718377263,0.5606648950349722,0.9999446272850037,0.10353690882523862,0.5652299494970416,0.9999004602432251,0.10781397989818037,0.6984616120656337,0.9971863031387329,0.05640880515178049,0.7208073933919277,0.9994535446166992,60.02487756725132,0
410,0.17791976744220384,0.5606222777139578,0.9999462962150574,0.10356875189713077,0.5651615659395858,0.9999023675918579,0.10787581049260647,0.6985500653584804,0.997193455696106,0.05640624463558201,0.720801730950674,0.9994567036628723,60.02487756725132,0
411,0.17807266258058108,0.5606074617022564,0.9999476075172424,0.10353187010401779,0.5651085461888999,0.9999040961265564,0.10803283396221351,0.6986089944839484,0.9971246719360352,0.05641987724673185,0.72079900049028,0.9994494915008545,60.02487756725132,0
412,0.1782172038441614,0.5606475614366082,0.9999493360519409,0.10347681953793489,0.5650804780778436,0.9999057650566101,0.10821778291747693,0.6987383479163766,0.9971597790718079,0.05644763420735091,0.7208881321407505,0.9994608163833618,60.02487756725132,0
413,0.17831276853879308,0.5605947801045014,0.9999508261680603,0.10343358346394138,0.5650787410281958,0.9999079704284668,0.10835531566824241,0.698837056046441,0.9972233176231384,0.05650015033426743,0.7210244678315668,0.9994728565216064,60.02487756725132,0
414,0.1783459399427688,0.5604746653920132,0.9999516606330872,0.10341810506014606,0.5650567923273364,0.9999086260795593,0.10834652859540223,0.6989453434944158,0.9972442388534546,0.05653572437309088,0.7211645898364845,0.9994784593582153,60.02487756725132,0
415,0.1784021513802666,0.5603399588948209,0.9999532699584961,0.10340001327650897,0.5650216085570203,0.9999122023582458,0.10831526524963841,0.6989323752267026,0.997284471988678,0.05656676579798976,0.7212365298044119,0.9994919896125793,60.02487756725132,0
416,0.17844609632378547,0.5602349894387386,0.9999548196792603,0.10342531225511015,0.564986231781188,0.9999151229858398,0.10823150653214691,0.6987937490145371,0.9973665475845337,0.056577328947328434,0.7212053622518273,0.9995086193084717,60.02487756725132,0
417,0.17852438702469794,0.5602367946079803,0.9999556541442871,0.10352336686281939,0.5649511274837318,0.9999158382415771,0.10830517645393108,0.6986714516367236,0.9973960518836975,0.05663564623821354,0.7211092994326642,0.9995133876800537,60.02487756725132,0
418,0.1786053585154671,0.5603531428745819,0.9999558925628662,0.10368405743723833,0.564943441322872,0.999916136264801,0.10842962669474747,0.6990818296160022,0.9973756670951843,0.05666847544766612,0.7211417328743712,0.9995049238204956,60.02487756725132,0
419,0.17859330560479858,0.5604267602875124,0.9999567270278931,0.1038815357855389,0.564990497770764,0.9999189972877502,0.10844828401293083,0.6997573546000895,0.9973828196525574,0.056707119303090275,0.7212687759172354,0.9995105862617493,60.02487756725132,0
420,0.17847504431293137,0.5604484024501987,0.999957799911499,0.10406611469529932,0.5650683669816885,0.999920666217804,0.10824575168745867,0.7005064657756266,0.9974730610847473,0.05671783447975209,0.7214314114479797,0.9995259642601013,60.02487756725132,0
421,0.17824745249180582,0.5603073012261168,0.9999575614929199,0.10417524263972336,0.5651916010039197,0.9999216198921204,0.10785373832498286,0.7010609081813273,0.9975361824035645,0.05670655873559775,0.721586826301757,0.9995386600494385,60.02487756725132,0
422,0.1779662022988003,0.5599919983318878,0.999957799911499,0.10422269183964965,0.5652972062428796,0.999922513961792,0.10729310413201659,0.7012217953091582,0.9975884556770325,0.056649338454008144,0.721668217863356,0.9995465278625488,60.02487756725132,0
423,0.17777707108429514,0.5596913610185901,0.999956488609314,0.10425980034328651,0.5653431869688493,0.9999220967292786,0.10694225238902237,0.7010581124396557,0.9975903034210205,0.0566235051623413,0.7216493260292787,0.9995422959327698,60.02487756725132,0
424,0.1776727920486815,0.5593079725901291,0.9999573826789856,0.104272365924858,0.5653362189020434,0.9999259114265442,0.10676206932181412,0.7009774474870597,0.9976252317428589,0.056564013872827855,0.7216285637446818,0.999553382396698,60.02487756725132,0
425,0.17761781456924633,0.5588982360703609,0.9999585151672363,0.10423574206374948,0.5653365595000135,0.9999295473098755,0.10666260513521386,0.7009167217072991,0.9976660013198853,0.056557429510922706,0.7216244879223057,0.9995655417442322,60.02487756725132,0
426,0.17754691200596961,0.558571406773159,0.9999587535858154,0.10425488189572388,0.5653952246620546,0.9999314546585083,0.10663487620296941,0.7008267272086377,0.9976443648338318,0.05660481023646541,0.7216025335448135,0.9995614886283875,60.02487756725132,0
427,0.17744049713725152,0.5582864057450072,0.9999591708183289,0.10432212977182306,0.5654880603154504,0.9999334216117859,0.10664247473080962,0.7008648259299148,0.9976680874824524,0.056692621182827765,0.7216554993674875,0.9995665550231934,60.02487756725132,0
428,0.17730015871070692,0.5580725357646038,0.9999600648880005,0.10442619664328448,0.5656215207917354,0.9999361634254456,0.10658187667528797,0.7009465495745346,0.9977014660835266,0.05676156300164409,0.7217424852507461,0.9995748400688171,60.02487756725132,0
429,0.17725768472467163,0.5580557641528906,0.9999607801437378,0.10449115009534934,0.5657675493331187,0.9999391436576843,0.10656128114178076,0.7010927569298523,0.9977394938468933,0.05680894709768754,0.7218409861837121,0.9995837211608887,60.02487756725132,0
430,0.17739614489532668,0.5580642138208667,0.9999610185623169,0.10445299176942743,0.5658465936070401,0.999940037727356,0.10680621365706133,0.7011956572532659,0.997760534286499,0.05681089063485468,0.721915103140332,0.9995841979980469,60.02487756725132,0
431,0.17766474400247861,0.5581101775169377,0.9999603033065796,0.10432181400912158,0.5658528606096908,0.9999392628669739,0.1072277362857547,0.7011830437751049,0.9977054595947266,0.056834052893377535,0.7219398135230661,0.9995733499526978,60.02487756725132,0
432,0.17790165188766677,0.5581993914785843,0.9999606013298035,0.10419430973983955,0.5658886035283411,0.9999400973320007,0.10765933068025689,0.7010824481646225,0.9976792335510254,0.056864806583949545,0.7219346250806542,0.9995751976966858,60.02487756725132,0
433,0.1780776040894646,0.5582799599284223,0.9999608397483826,0.1041089179260391,0.5658981913612007,0.9999407529830933,0.10798312652678727,0.7010545957656139,0.9976942539215088,0.056890849733636534,0.7219808669317342,0.9995785355567932,60.02487756725132,0
434,0.1780727959814527,0.5583111728940696,0.9999604821205139,0.10410494534742273,0.5659618264152895,0.9999397993087769,0.10805739355938784,0.7008397125062493,0.9976889491081238,0.05692121670359662,0.7220074818247846,0.9995754957199097,60.02487756725132,0
435,0.17793756865319765,0.5582701790900462,0.9999608993530273,0.10412870560373587,0.5660524850799928,0.9999406933784485,0.10790330987601063,0.7004255765960336,0.9977139234542847,0.05689888110473047,0.7219950528371908,0.999579906463623,60.02487756725132,0
436,0.17777936018648616,0.5582060984202799,0.9999610185623169,0.10416627781731749,0.566102076144446,0.9999415278434753,0.10771383593479801,0.6999125934782489,0.9977391958236694,0.056800751991215245,0.7219591538111375,0.9995825290679932,60.02487756725132,0
437,0.1776280466999328,0.5580681619190039,0.9999608397483826,0.10423728930098677,0.566093070166452,0.999940812587738,0.10753310365336291,0.6994210141045711,0.997772753238678,0.05668717427622709,0.7219125685237708,0.9995859861373901,60.02487756725132,0
438,0.1774134224369414,0.5579405654044383,0.9999600648880005,0.1042808759070579,0.5660767980984284,0.9999397993087769,0.10720851556176239,0.6992290871483945,0.9977585673332214,0.05654809677175118,0.721910354636965,0.99957674741745,60.02487756725132,0
439,0.1771762718756995,0.5578404012180515,0.9999598264694214,0.10425765280212683,0.566137484141759,0.9999412894248962,0.1068362412708147,0.6993240259942559,0.9977540373802185,0.05644130050426442,0.7220126645905637,0.9995771646499634,60.02487756725132,0
440,0.1769471012410665,0.5577751057488582,0.9999583959579468,0.10409305528515869,0.5663640243666517,0.9999398589134216,0.10654234815211532,0.699486048448654,0.9977489709854126,0.05641592329456697,0.7221561131023231,0.999566912651062,60.02487756725132,0
441,0.17675136739299424,0.5577391272499452,0.9999575018882751,0.10387029037589127,0.5666669522012988,0.9999402761459351,0.10632577999716722,0.6996565631457743,0.997755229473114,0.05637664755895029,0.7222945491472885,0.9995705485343933,60.02487756725132,0
442,0.176661809995061,0.5578047491255266,0.9999560713768005,0.10359958701190503,0.566951005231767,0.9999394416809082,0.1061994671112016,0.6999292174975082,0.9976965188980103,0.056326523245800154,0.7224326304027018,0.9995635747909546,60.02487756725132,0
443,0.17672036872023641,0.5579160820870177,0.9999558925628662,0.10338795291525985,0.5671213042168395,0.9999403357505798,0.10623334525596537,0.7001663304510577,0.9976848363876343,0.05629198483767968,0.7224891214143667,0.9995646476745605,60.02487756725132,0
444,0.1767987992082325,0.5580683520862039,0.9999548196792603,0.10321507673887988,0.5671361997014005,0.9999411702156067,0.10624221428519212,0.7003979768071862,0.9976425766944885,0.056247612550145154,0.7224726676940925,0.9995604753494263,60.02487756725132,0
445,0.1768549914870945,0.5582114429700946,0.9999551177024841,0.10312198670137504,0.5670804977416997,0.9999425411224365,0.10622481469597145,0.7004756161144807,0.997655987739563,0.05620734411336131,0.7224459676515493,0.9995636343955994,60.02487756725132,0
446,0.17688544662225827,0.5582638354528522,0.9999539256095886,0.1030750519462995,0.567040826593127,0.9999409914016724,0.10622764910970424,0.7004540619396034,0.9975422620773315,0.05619515212518832,0.7224194407463079,0.9995362758636475,60.02487756725132,0
447,0.17686273938133618,0.5581993375505725,0.9999530911445618,0.10308285057544717,0.5670605869520282,0.9999415874481201,0.1062429802758354,0.7003529696237479,0.9975177645683289,0.05618297290943922,0.7224006454149888,0.9995282292366028,60.02487756725132,0
448,0.17679154376188927,0.5580716416949322,0.9999527335166931,0.10305880719707133,0.5671922819955013,0.9999426603317261,0.10625504383019047,0.700269242127737,0.9974845051765442,0.05619543400548758,0.722431917985281,0.9995182752609253,60.02487756725132,0
449,0.17676299384662097,0.5579600617999126,0.9999526739120483,0.10306253603526533,0.567139980338869,0.9999424815177917,0.10635767628749221,0.7003225911231273,0.9974824786186218,0.0562405588016624,0.7224422948701047,0.999517560005188,60.02487756725132,0
450,0.17676178188551053,0.5579048764137999,0.9999528527259827,0.10304781759069087,0.5669433474540715,0.9999438524246216,0.10638156710636057,0.7005331885247009,0.9975025653839111,0.05626037663647111,0.72248828694934,0.9995223879814148,60.02487756725132,0
451,0.17679241654418779,0.5578992537089761,0.9999530911445618,0.10305743061360867,0.5665987332661951,0.9999455809593201,0.10630011097306305,0.7009636674608508,0.9975006580352783,0.05617326072284158,0.7225427428881332,0.9995211362838745,60.02487756725132,0
452,0.17683055145399923,0.557904924665179,0.999951183795929,0.10306930719386972,0.5662889991487781,0.9999455213546753,0.10612701482716069,0.7014758075986596,0.9974511861801147,0.05601642546909201,0.7226228884288248,0.9995073676109314,60.02487756725132,0
453,0.17683183579217834,0.5579845536322825,0.9999505281448364,0.1030033720391138,0.5662079027720864,0.9999456405639648,0.10588015474024282,0.7018923333712992,0.997416079044342,0.05581606995491759,0.7227190960021252,0.9994982481002808,60.02487756725132,0
454,0.17679229449658182,0.5581193935303466,0.9999481439590454,0.10284859119426645,0.566424375488645,0.9999426603317261,0.10563754254863385,0.7021005068506518,0.9973251819610596,0.05564553822789878,0.7228229017484762,0.9994741082191467,60.02487756725132,0
455,0.1767872259730386,0.5582771812166492,0.9999458193778992,0.10267821841296704,0.566495796044668,0.9999411106109619,0.10554305712382006,0.7021819608552121,0.997287392616272,0.05554236489392467,0.7228835054806306,0.9994633793830872,60.02487756725132,0
456,0.17678459556329834,0.5584259317034772,0.9999454617500305,0.10251424887350635,0.566465834776561,0.9999406933784485,0.10545582288787486,0.7021731592360003,0.9972725510597229,0.055482429053102265,0.7229268210274838,0.9994600415229797,60.02487756725132,0
457,0.17676175066402994,0.5584869611830943,0.9999454617500305,0.1023779185045334,0.5664240235374092,0.9999419450759888,0.10538622772409811,0.7021362469309858,0.9972546100616455,0.05542855638833278,0.7229260206222541,0.9994643926620483,60.02487756725132,0
458,0.176680590425219,0.5583349608239678,0.9999456405639648,0.10232259368612662,0.5665304206666497,0.9999432563781738,0.10532734578564062,0.701912071023669,0.9972943663597107,0.05541914861117095,0.7229029337565109,0.9994724988937378,60.02487756725132,0
459,0.1765649496089846,0.5580822115852724,0.9999465942382812,0.1022276182969412,0.5669215264774509,0.9999445676803589,0.10529089790015,0.7015984455744431,0.9973218441009521,0.05541957985787169,0.7228775024414068,0.9994816184043884,60.02487756725132,0
460,0.17646655298414698,0.5578546211833051,0.9999467730522156,0.10198543433632178,0.5674622796830682,0.9999454617500305,0.10521970334507179,0.7013668276014788,0.9973672032356262,0.05532940033645861,0.7228595869881771,0.999489426612854,60.02487756725132,0
461,0.17641790211200728,0.557571499120622,0.9999473690986633,0.10166761882248387,0.5679525392396114,0.9999460577964783,0.10511449795393724,0.701029070786068,0.9974061846733093,0.055181483072894,0.7227746248245246,0.9994968771934509,60.02487756725132,0
462,0.17642108599344902,0.5573298817589174,0.9999458193778992,0.10128364250773483,0.5682919053804312,0.9999445080757141,0.10500852337905348,0.7007017674900242,0.997316300868988,0.055027246297824996,0.722657515889123,0.999480128288269,60.02487756725132,0
463,0.17643683439209362,0.5572146603039337,0.9999440312385559,0.10094048650491813,0.5684777980759035,0.9999439716339111,0.1048631802910851,0.700468364216033,0.9973096251487732,0.054904486097040676,0.7224818638392863,0.9994810819625854,60.02487756725132,0
464,0.17645035542192927,0.5571783185005192,0.9999441504478455,0.10071661252351043,0.5685478363718309,0.999945342540741,0.10471214424996159,0.7004764647710897,0.9973311424255371,0.05484229113374442,0.7224730622200746,0.9994861483573914,60.02487756725132,0
465,0.17639643024830604,0.5572107263973786,0.9999445676803589,0.10054643629562296,0.5686174006689166,0.9999456405639648,0.1045783928462438,0.7007166345914211,0.9973521828651428,0.0547927483206704,0.7225862400872373,0.9994871616363525,60.02487756725132,0
466,0.17637358109156304,0.557429276761555,0.9999436736106873,0.1004187525028275,0.5686231056849167,0.999944269657135,0.10445981295335868,0.7011898983092542,0.9973507523536682,0.05469512691100442,0.7228322454861238,0.9994836449623108,60.02487756725132,0
467,0.17632728460289196,0.5574503881590711,0.9999443888664246,0.10033528967982255,0.5686903141793755,0.9999449253082275,0.10431833068529774,0.7014685074488327,0.9974216818809509,0.054601721465587665,0.7230754409517566,0.9994983673095703,60.02487756725132,0
468,0.17627879906268362,0.5573036755834312,0.9999436140060425,0.10025808818283544,0.5688149474916009,0.9999441504478455,0.10416063630864741,0.7015098957788382,0.9974502325057983,0.05448483179012939,0.723240841002692,0.9995031356811523,60.02487756725132,0
469,0.17619395185084585,0.557191440037319,0.9999446868896484,0.10023303223507753,0.5689284489268353,0.9999456405639648,0.10398135440690186,0.7014517415137524,0.9975042939186096,0.054388479107902205,0.7232686110905244,0.9995173215866089,60.02487756725132,0
470,0.1761096318562827,0.5571644958995643,0.9999437928199768,0.10021021642855243,0.5689765725817004,0.9999444484710693,0.10375237784215391,0.7014197565260394,0.9974952936172485,0.054277846500987145,0.7233126049950015,0.9995130896568298,60.02487756725132,0
471,0.17593609860965198,0.5572092533111577,0.9999439120292664,0.1002360436887969,0.5689396602766859,0.9999441504478455,0.1034468916200457,0.7013348965417776,0.9975172877311707,0.05407198447556727,0.7233482712791086,0.9995167851448059,60.02487756725132,0
472,0.17578779870555528,0.5573493270646963,0.9999440312385559,0.1003256578530585,0.5688347731317798,0.9999425411224365,0.1032023937219666,0.7011652901059111,0.997471809387207,0.05387587827585997,0.7234149433317645,0.999508261680603,60.02487756725132,0
473,0.17562972931634827,0.5573543054716932,0.9999440312385559,0.1003420530330568,0.5687198440233872,0.9999411702156067,0.10279100636641192,0.7009504636128749,0.9975050091743469,0.05360057116264393,0.723494532562438,0.9995130896568298,60.02487756725132,0
474,0.1755720462117878,0.5574061444827494,0.9999452829360962,0.10037099676472808,0.5687034868058709,0.9999409914016724,0.10301905444690168,0.7007000900450212,0.9975362420082092,0.05360349817644987,0.7235576254980911,0.9995188117027283,60.02487756725132,0
475,0.1755786729710444,0.5575909642946157,0.999945342540741,0.10045219496602112,0.5687113404273991,0.9999391436576843,0.1037916534003758,0.7005462674867544,0.9975930452346802,0.05390646361878944,0.7235847541264131,0.9995295405387878,60.02487756725132,0
476,0.17569741393838623,0.5578217137427561,0.9999465346336365,0.10054205074196779,0.568707026186444,0.9999369382858276,0.10501441927183251,0.7004074284008577,0.9975892901420593,0.05443633596102401,0.7234325777916687,0.9995297789573669,60.02487756725132,0
477,0.1759298486368998,0.5579968038059421,0.9999483227729797,0.10058971317041496,0.5686748453548981,0.9999377727508545,0.10614878826198132,0.7002510116213849,0.9975947141647339,0.05492306358757478,0.7231669340814868,0.9995326399803162,60.02487756725132,0
478,0.17625166617688692,0.5581531496275043,0.9999503493309021,0.1007657998374531,0.5686331221035553,0.9999375343322754,0.10703330132223318,0.6999975840250656,0.9976297616958618,0.055343279881136805,0.7228446262223385,0.9995400309562683,60.02487756725132,0
479,0.17663751613526132,0.5585217646190104,0.9999507665634155,0.1009683875100954,0.5685756859325232,0.9999359250068665,0.1073593408578919,0.6996508666447236,0.9976222515106201,0.055504984798885576,0.7224549282164807,0.9995366334915161,60.02487756725132,0
480,0.17703360106263857,0.5591427655447102,0.9999516010284424,0.10121715246211922,0.5685291659264342,0.9999359846115112,0.10773201215834853,0.6993366565023156,0.9976931214332581,0.05568225735000206,0.7221414503597083,0.9995514154434204,60.02487756725132,0
481,0.17732663310709468,0.5599200895854409,0.9999518394470215,0.101420687422866,0.5685587099620278,0.9999347925186157,0.10795417037748165,0.6991941219284425,0.997744619846344,0.05579180731659848,0.7219404720124749,0.999560534954071,60.02487756725132,0
482,0.17749320893060608,0.5606235379264473,0.999950647354126,0.10150863585017984,0.5687582492828374,0.9999337196350098,0.10809953262408584,0.6994778826123198,0.9977585673332214,0.05585393380551115,0.7218574285507209,0.9995633363723755,60.02487756725132,0
483,0.17757313521135437,0.5610140107926873,0.9999494552612305,0.10141448924938845,0.5690526167551682,0.9999322295188904,0.10803352118957618,0.6997933955419637,0.9977765083312988,0.055826902034736864,0.7217141418229971,0.9995661377906799,60.02487756725132,0
484,0.177566802217847,0.5611305832862858,0.9999494552612305,0.10137216533933374,0.569472023418972,0.9999330043792725,0.1078458378712337,0.7000070668402179,0.9978017807006836,0.055779059373197146,0.7215560873349514,0.9995729923248291,60.02487756725132,0
485,0.17755689081691575,0.5611847752616523,0.99994957447052,0.10131298466807329,0.5698533767745613,0.9999325275421143,0.10760925603764407,0.7000141285714655,0.9978343844413757,0.05571498083216808,0.721329285984948,0.9995788931846619,60.02487756725132,0
486,0.17752755823589522,0.561148930163611,0.9999492764472961,0.10131161305166433,0.5700238517352517,0.9999313354492188,0.10726190145526623,0.6999581399418064,0.9978424906730652,0.05564062279604735,0.7211669938904904,0.9995803236961365,60.02487756725132,0
487,0.17753601216134585,0.5611324537368052,0.9999480843544006,0.10119688617331649,0.5701890360741393,0.9999290108680725,0.10694848852498198,0.6998712448846731,0.9978325963020325,0.05552919475095617,0.7210728469349095,0.9995791912078857,60.02487756725132,0
488,0.17758317220778708,0.5611984758150015,0.9999462962150574,0.10103636199519755,0.5703671688125251,0.9999265074729919,0.10646697027342669,0.7000693167958947,0.9978352785110474,0.055311452774774506,0.7211301922798162,0.9995779991149902,60.02487756725132,0
489,0.1775949136132287,0.561291098594666,0.9999438524246216,0.10088307162125915,0.5705143979617533,0.9999209642410278,0.10599291927757726,0.7001895932924185,0.997844934463501,0.055080327781893,0.7211302603994103,0.999567449092865,60.02487756725132,0
490,0.1775521834691367,0.5613730209214352,0.9999425411224365,0.10077472243990225,0.5707323494411655,0.9999189376831055,0.10557369497560329,0.7001970211664841,0.99785315990448,0.05487152011621571,0.7210834338551482,0.9995604157447815,60.02487756725132,0
491,0.17744236900692908,0.5613667993318472,0.9999410510063171,0.10069702565670022,0.5710803752853761,0.9999145865440369,0.10526798594565628,0.7001263016746164,0.9978737831115723,0.05473605295022333,0.7211166478338701,0.9995565414428711,60.02487756725132,0
492,0.17728955901804438,0.5612943882033943,0.9999411702156067,0.10081494599580773,0.5714326245444167,0.9999143481254578,0.10508576780557641,0.7001043160756435,0.9978998899459839,0.05470598843835653,0.721262156963349,0.999561607837677,60.02487756725132,0
493,0.17717809123652337,0.5612148160026191,0.9999420642852783,0.10096244797820145,0.5718783651079455,0.9999161958694458,0.1050456921969142,0.7001818361736485,0.9979493021965027,0.05473163156282339,0.7214912914094477,0.9995743036270142,60.02487756725132,0
494,0.17712672622430908,0.5612112255323505,0.9999422430992126,0.10108369517894025,0.5723228568122505,0.9999170303344727,0.10492775944017238,0.7003012554986142,0.9980044960975647,0.05473168353949279,0.7217237183025911,0.9995875954627991,60.02487756725132,0
495,0.17710563398542872,0.5612409483818785,0.9999399781227112,0.10125034302473077,0.5725977733021695,0.9999128580093384,0.10480458892527089,0.7005056625320804,0.9980013966560364,0.054735041445209916,0.7218852412132996,0.9995840191841125,60.02487756725132,0
496,0.17712940914290304,0.5612833187693647,0.9999386668205261,0.10146523799215053,0.5726665315173926,0.9999083280563354,0.1047881898425875,0.7006536608650576,0.9979973435401917,0.05477529781914897,0.72190314815158,0.9995768070220947,60.02487756725132,0
497,0.17712657721269714,0.5612759817214243,0.9999381303787231,0.10166882226864504,0.5727177631287352,0.9999071955680847,0.10481468055929465,0.7006682129133321,0.9980056881904602,0.05484145099208473,0.7218809071041294,0.9995760917663574,60.02487756725132,0
498,0.17714789296899536,0.5612631468545828,0.9999352097511292,0.1018634544951576,0.5727039887791593,0.9999006986618042,0.10488028824329385,0.7007321999186567,0.997929036617279,0.05491060923252791,0.7218603718848462,0.9995577931404114,60.02487756725132,0
499,0.17716638531003692,0.5612806791350959,0.9999330043792725,0.10198170265981137,0.5727037531988967,0.9998958706855774,0.1048738019806999,0.7009672096797404,0.9978944659233093,0.05495778205139301,0.7219166869208933,0.9995456337928772,60.02487756725132,0
500,0.17719666446958285,0.5612571494919918,0.9999313950538635,0.10194805228994014,0.5727613766988123,0.9998924136161804,0.10483628263076156,0.7011277590479175,0.9978451132774353,0.05498049869423825,0.7219501960845227,0.999534547328949,60.02487756725132,0
501,0.1773136946417038,0.5612077429181058,0.9999317526817322,0.10191429832151966,0.5727689436503824,0.9998943209648132,0.10480799384060369,0.7012825040590202,0.9978220462799072,0.05498121164384347,0.7219591963858838,0.9995324611663818,60.02487756725132,0
502,0.17749988748913734,0.5611842416581658,0.9999337792396545,0.10190055661258252,0.5727969606717431,0.9998967051506042,0.10488736558528183,0.7013630270957952,0.9978424906730652,0.055014277320532615,0.7219603572572987,0.9995400905609131,60.02487756725132,0
503,0.17772005498409285,0.5610785824911939,0.9999345541000366,0.10198296393666956,0.572834344137283,0.999893307685852,0.10510166273230606,0.7012593888101128,0.9977893829345703,0.05507747669305124,0.7219270042010721,0.9995297193527222,60.02487756725132,0
504,0.17794966981524526,0.5610042583374755,0.9999346733093262,0.10210641828321283,0.5728605077380231,0.9998877644538879,0.1053826216430892,0.7012034342402509,0.9976847767829895,0.05514679316963473,0.7219082060314366,0.9995051026344299,60.02487756725132,0
505,0.17807682213329148,0.560857162589119,0.999936044216156,0.10226588589804522,0.5728790646507631,0.9998863339424133,0.10561310570864459,0.7010889649391181,0.9976751804351807,0.055204493304093716,0.7219427426656093,0.9995030164718628,60.02487756725132,0
506,0.17808031255290635,0.5605118161156069,0.9999356269836426,0.10241213405416133,0.5729063408715389,0.9998813271522522,0.10576583374114272,0.7006020631108971,0.9976257085800171,0.05524499093492831,0.7218752588544579,0.9994910359382629,60.02487756725132,0
507,0.17802764972051,0.5601197112174265,0.999935507774353,0.10251157411507206,0.572871483507611,0.9998781681060791,0.10583437092247472,0.6999892223448987,0.99753737449646,0.05525531779442519,0.7217589389710206,0.9994670152664185,60.02487756725132,0
508,0.17797840564023898,0.5598171523639138,0.9999353885650635,0.10251030751637058,0.5729763280777709,0.9998720288276672,0.10593196998039889,0.6993999992098132,0.9974732995033264,0.05529393344407994,0.7216684193838216,0.9994437098503113,60.02487756725132,0
509,0.17797969352631354,0.559583947772072,0.9999353885650635,0.10249901917718714,0.5731532687232612,0.9998670220375061,0.10604077967859457,0.698928174518404,0.9974163174629211,0.05528582845415392,0.7215476263137096,0.9994231462478638,60.02487756725132,0
510,0.17793042390119473,0.5595201878320608,0.9999327659606934,0.10245265314976382,0.5733673090026496,0.9998504519462585,0.10606946299473453,0.6987674065998628,0.9972342848777771,0.05524048031795596,0.721466081483024,0.9993643760681152,60.02487756725132,0
511,0.1777882419881368,0.5596183481670565,0.9999294877052307,0.10248209252243959,0.5735482999256684,0.9998315572738647,0.10602242215758287,0.6987690357934866,0.9970720410346985,0.05517110015664786,0.7214448366846363,0.9993001222610474,60.02487756725132,0
512,0.1775988177174615,0.5597204140254434,0.9999301433563232,0.10257478909833098,0.573656368823279,0.9998290538787842,0.10592505655118406,0.6987272330692842,0.9970853328704834,0.05512120787586489,0.7214318031356455,0.9992942810058594,60.02487756725132,0
513,0.1773889909187954,0.559863564513979,0.9999298453330994,0.10267347665060142,0.573641697565715,0.9998258352279663,0.10585273482969837,0.6987731513522926,0.9971001744270325,0.0551188116272291,0.7214572230974838,0.9992934465408325,60.02487756725132,0
514,0.1772187593437378,0.5600068086669563,0.99992835521698,0.1027599090621586,0.5736794244675414,0.9998146891593933,0.10582520032212855,0.698837612356459,0.9969756007194519,0.05515585112429804,0.7215239774613159,0.9992554783821106,60.02487756725132,0
515,0.17709723824546464,0.5601015374774029,0.9999272227287292,0.10283446737698154,0.573723123187111,0.9998040795326233,0.10576373267741439,0.6988808001790734,0.9969280958175659,0.05510283846940318,0.7215415665081575,0.9992392659187317,60.02487756725132,0
516,0.17702357967694615,0.5600982450303582,0.9999282956123352,0.1027963509162268,0.5737761429377969,0.9998031854629517,0.10567892484721692,0.6989067310378672,0.996965765953064,0.05500923842191701,0.7215647669065572,0.9992457628250122,60.02487756725132,0
517,0.17682907198156644,0.5599775314331059,0.999927282333374,0.10267602191084915,0.5737538678305494,0.9997976422309875,0.10555152559564236,0.6988820291700822,0.9969627261161804,0.054852363254342805,0.7214688914162778,0.9992466568946838,60.02487756725132,0
518,0.17660657706714827,0.5597071165130256,0.9999253749847412,0.10256912594749823,0.573470464774541,0.9997921586036682,0.10542787895316177,0.6989208743685773,0.9968921542167664,0.05471638767492208,0.7213436194828584,0.9992411136627197,60.02487756725132,0
519,0.17639587464786727,0.5593906726155966,0.9999232292175293,0.10244674483935047,0.5729103088378911,0.9997890591621399,0.10536567192702075,0.6990951526732678,0.9967864751815796,0.05464870624599007,0.7212297490664896,0.9992215633392334,60.02487756725132,0
520,0.176224952652341,0.5591252730006269,0.9999228119850159,0.10225945072514678,0.5719955733844216,0.9997879266738892,0.10531005369765425,0.6993095903169547,0.9966672658920288,0.05461134761571888,0.7211042330378583,0.9991933703422546,60.02487756725132,0
521,0.17615905616964628,0.5590056379636132,0.9999245405197144,0.1020053337727275,0.5709466054326017,0.9997922778129578,0.10528348421766653,0.699575631391435,0.9965852499008179,0.05458128771611627,0.7210462547483905,0.9991797208786011,60.02487756725132,0
522,0.17625173287732274,0.5589096432640444,0.9999273419380188,0.10166509414003017,0.5698896561350146,0.9998018145561218,0.10541163704225004,0.6997611096927103,0.9966037273406982,0.05459213079441166,0.7209473479361767,0.9991889595985413,60.02487756725132,0
523,0.17623083719185434,0.5585718325206217,0.9999285340309143,0.10116177619922737,0.5691209861210419,0.9998070001602173,0.10530287665980212,0.6996825167110994,0.9965558052062988,0.05453134132992658,0.7207303870291943,0.9991742968559265,60.02487756725132,0
524,0.17616072013264628,0.5581473764919104,0.9999296069145203,0.10066181421279916,0.5685954661596393,0.9998140931129456,0.10495450276704071,0.6997098411832543,0.9965530633926392,0.05431125259825166,0.7205766780035842,0.9991729259490967,60.02487756725132,0
525,0.1760770948160264,0.5577830700647268,0.9999309182167053,0.10021720010609861,0.5683543256350931,0.9998214840888977,0.10454442600409197,0.6998267514365065,0.9966009259223938,0.05401866208939329,0.7205200734592625,0.9991841912269592,60.02487756725132,0
526,0.17599610913367514,0.5576060471080603,0.999931275844574,0.09989217136587424,0.568193410124098,0.9998254776000977,0.10409035178877067,0.700013969625746,0.9966028928756714,0.053736707639126594,0.7205810546875006,0.9991790652275085,60.02487756725132,0
527,0.1759595679385323,0.5576642297563104,0.9999273419380188,0.09961106734616423,0.5682288805643722,0.9998164772987366,0.10378553860244305,0.70025726727077,0.9964259266853333,0.053574971145107675,0.7207852772303995,0.9991252422332764,60.02487756725132,0
528,0.1760022526695616,0.5578204478536338,0.99992436170578,0.09945099375077665,0.5682806599707835,0.9998084902763367,0.10371328322660364,0.7004395184062782,0.9963082075119019,0.05352885524431869,0.7209575005940034,0.9990938901901245,60.02487756725132,0
529,0.17579222718874626,0.5577950420833774,0.9999212622642517,0.09938904607579829,0.5683360894521082,0.9998027086257935,0.10307313253482192,0.7004475565183736,0.9961689710617065,0.05345195301231888,0.7210563648314708,0.9990606904029846,60.02487756725132,0
530,0.17522175893897118,0.5575358924411596,0.9999206066131592,0.09916051938420259,0.5683514106841319,0.9998036623001099,0.10197526571296517,0.7005100108328326,0.9961553812026978,0.05323075769203055,0.721118657361894,0.9990566968917847,60.02487756725132,0
531,0.1744831814652399,0.5570806605475294,0.9999203085899353,0.09871186670802895,0.5685294866561894,0.9998095035552979,0.10053145779030673,0.7006345220974519,0.9961482882499695,0.052776996401094296,0.7211182372910642,0.999049961566925,60.02487756725132,0
532,0.17353015996160975,0.5561410415740244,0.9999160766601562,0.09820098962102625,0.5689738137381422,0.9998045563697815,0.09894192502612167,0.700399659928822,0.9960079193115234,0.05221149343110271,0.7211595489865263,0.9989838600158691,60.02487756725132,0
533,0.1724991755826134,0.5546168457894103,0.9999113082885742,0.09769280219361905,0.5695518226850605,0.9997900724411011,0.09776968118690317,0.6998328311102737,0.9959291815757751,0.05168921518183894,0.7212035145078393,0.9989025592803955,60.02487756725132,0
534,0.17167008135999967,0.5528553809438437,0.9999078512191772,0.0973320404688518,0.5698804741814028,0.999783456325531,0.0972426157622111,0.6981435730343779,0.9958328604698181,0.05117993943748024,0.7207345111029495,0.9988548159599304,60.02487756725132,0
535,0.1710519712595714,0.5507076836767655,0.9999076724052429,0.09729280748537616,0.5692276528903422,0.999785840511322,0.09730085730552682,0.695465022609348,0.9958081245422363,0.050862557121685616,0.7197409470876064,0.9988220930099487,60.02487756725132,0
536,0.17046326966512784,0.5484186354137607,0.9999040961265564,0.09734481431189046,0.5675995066052396,0.9997782111167908,0.09743479249023264,0.6925652112279626,0.9956144690513611,0.05061913955779307,0.7185632472946536,0.9987355470657349,60.02487756725132,0
537,0.16887574181670248,0.5465285068466554,0.9998994469642639,0.0974037217951957,0.5658624626341325,0.999763548374176,0.09626635164022454,0.6908820782388965,0.9952641129493713,0.050103160774424005,0.7176845868428554,0.9986088871955872,60.02487756725132,0
538,0.16674136122067784,0.5448395666621985,0.9998850226402283,0.0975605650317102,0.5643047349793575,0.9997330904006958,0.09420904162384222,0.688692674750374,0.9944557547569275,0.049567046974386526,0.7165307885124576,0.9984062314033508,60.02487756725132,0
539,0.16474606451534102,0.54342870485215,0.9998603463172913,0.09757176502829515,0.5632914730480743,0.9996994733810425,0.0918762609362603,0.6865391958327526,0.9943566918373108,0.04902125203183723,0.7147414911360974,0.9984030723571777,60.02487756725132,0
540,0.16343636881737494,0.5426046081951691,0.9998316168785095,0.09722327582892926,0.562875242460342,0.9996675252914429,0.09013577160381142,0.6840315035411295,0.9940297603607178,0.04858538064928286,0.7124722458067401,0.998251736164093,60.02487756725132,0
541,0.16312266105697282,0.5421239449864347,0.9997773766517639,0.09652609910283777,0.5621410012245183,0.999620795249939,0.08970187462511524,0.6819111676443197,0.9935115575790405,0.04840620305566565,0.7105264748845788,0.9980103969573975,60.02487756725132,0
542,0.1638629883527757,0.5419771557762514,0.9997570514678955,0.09557975970563443,0.561092561199552,0.9995819926261902,0.09022160796892083,0.6807742203984948,0.993082582950592,0.04832008906773162,0.7093016930988862,0.9978784322738647,60.02487756725132,0
543,0.16396702400275653,0.5421416163444523,0.9997478723526001,0.0945777410552616,0.5595697845731467,0.9995546340942383,0.09057613178378067,0.6815310631479541,0.9931278824806213,0.048155962179104526,0.709293493202755,0.9979243278503418,60.02487756725132,0
544,0.16487204531828575,0.5424897244998391,0.9997414350509644,0.09386076316947037,0.5575030701501034,0.9995327591896057,0.09088447654531123,0.6821091203462515,0.9928522706031799,0.04807737132623086,0.709547536713737,0.9978653788566589,60.02487756725132,0
545,0.16625540313266585,0.5427509744962061,0.9997442364692688,0.093486212193966,0.5555312207766947,0.9995467066764832,0.09122221491166531,0.6825001977738885,0.9929065704345703,0.048000767117454934,0.7095943206832529,0.997978925704956,60.02487756725132,0
546,0.16791654981317988,0.541713192349389,0.999756395816803,0.09324070385524212,0.5518557145482023,0.9995332360267639,0.09171465145690108,0.6826207013357259,0.9928739666938782,0.04807172272176973,0.7096716676439563,0.9980404376983643,60.02487756725132,0
547,0.16861298041684303,0.5433694493202941,0.9997684955596924,0.09310886725073776,0.5467572212219243,0.9995223879814148,0.09193103441170292,0.6834322810173041,0.9928942918777466,0.04816494012872381,0.7098899313381746,0.9981204867362976,60.02487756725132,0
548,0.168635605346589,0.5470459461212163,0.9997812509536743,0.09305798439752495,0.5412088178452996,0.9995474219322205,0.09178114753393907,0.6844883135386881,0.9931750297546387,0.04817379372460505,0.7099376888502218,0.9982398748397827,60.02487756725132,0
549,0.16643286744753533,0.5530914352053692,0.9997870326042175,0.09303965206657144,0.535873671372732,0.9995794296264648,0.09095166623592382,0.6867889109111973,0.9933860898017883,0.048093300490152306,0.7101511784962251,0.9983590841293335,60.02487756725132,0
550,0.16306037278402433,0.5588812544232327,0.9998013377189636,0.09302907649959843,0.5322534896078568,0.9996130466461182,0.08944680399837955,0.6894688123748421,0.9938284158706665,0.04784391838170237,0.710658246562595,0.9984925985336304,60.02487756725132,0
551,0.15976159203620197,0.5618327288400564,0.9998067021369934,0.09296285502967389,0.5313223458471756,0.9996467232704163,0.08851132187105368,0.6915431221326198,0.9942401647567749,0.04776767889658614,0.7114546157064898,0.9986201524734497,60.02487756725132,0
552,0.15761688067799534,0.560475831940061,0.9998084306716919,0.09320624846787687,0.5310383211998717,0.9996774792671204,0.08890206969919666,0.692391815639678,0.9946104884147644,0.04816514040742606,0.7124728191466564,0.9987358450889587,60.02487756725132,0
553,0.1571398980560758,0.5587170606567751,0.9998236894607544,0.09376405250458497,0.5314443310101831,0.9997079968452454,0.09063526562282025,0.6925135680607393,0.9950655698776245,0.04909420581091022,0.7135155428023572,0.9988558292388916,60.02487756725132,0
554,0.15881473038877775,0.556446941125961,0.9998344779014587,0.0943579982434001,0.5317171670141678,0.9997345805168152,0.09302233727205375,0.6918168436913268,0.9954622983932495,0.05009444235336217,0.7142456968625392,0.9989621043205261,60.02487756725132,0
555,0.16091531160331918,0.5558794367881053,0.9998458027839661,0.0948480711806389,0.5316521894364135,0.9997581839561462,0.0953772018353145,0.6914763450622564,0.9957756400108337,0.05111593806317878,0.7147397540864496,0.9990527033805847,60.02487756725132,0
556,0.1623176087935767,0.5562168757120773,0.9998544454574585,0.09513013526087724,0.5313894862220405,0.9997793436050415,0.09685871785595312,0.6911220522153951,0.9960545897483826,0.05184286761851542,0.7149709548269005,0.9991331100463867,60.02487756725132,0
557,0.1630508232684364,0.5567964627629238,0.9998650550842285,0.09474485190141776,0.5314636627833054,0.999800443649292,0.09758039315541593,0.691133286271777,0.9963341355323792,0.05233551171563925,0.7153864531289968,0.9992129802703857,60.02487756725132,0
558,0.16270533984615704,0.5577493537039988,0.9998741149902344,0.09452769053833833,0.5309044775508703,0.9998190999031067,0.09781540149734141,0.6911481675647559,0.9966062307357788,0.052637560559170626,0.7160600452196035,0.999284565448761,60.02487756725132,0
559,0.1623960804371608,0.5592344687098554,0.9998834133148193,0.09442646907908583,0.5301062152499249,0.9998361468315125,0.09815001736084629,0.692158446425484,0.9968559145927429,0.052957135651792844,0.7175597434952151,0.9993497133255005,60.02487756725132,0
560,0.1623302811668034,0.5607501381919502,0.9998908042907715,0.09436741506769551,0.5291873216629033,0.9998517036437988,0.09842664712951305,0.6941560364904864,0.9971023201942444,0.05311041076978052,0.7197101882525858,0.9994098544120789,60.02487756725132,0
561,0.1629010133800054,0.5622704426447556,0.9998978972434998,0.09433226855028251,0.5285100511142189,0.9998657703399658,0.09890588195551017,0.6963269256410151,0.9973115921020508,0.053252793316330274,0.7219299929482601,0.9994640350341797,60.02487756725132,0
562,0.162930883112408,0.5634542391413738,0.99990314245224,0.09390252509287433,0.5282549631027953,0.9998766183853149,0.09885545394250334,0.6985415277026954,0.9974042177200317,0.05329805240035061,0.7238859846478423,0.9995044469833374,60.02487756725132,0
563,0.16228003799915328,0.5632538909003852,0.9999099969863892,0.09285900280589157,0.5282589821588429,0.9998865127563477,0.09832705663783217,0.7000317828995847,0.9975205063819885,0.05321832817225233,0.7253119803610308,0.9995437860488892,60.02487756725132,0
564,0.16081160732678018,0.5625185966491704,0.9999133348464966,0.09157995737734304,0.5273927081198924,0.9998969435691833,0.09736095652693802,0.7003783243043088,0.9976621270179749,0.05299195168273794,0.7257367088681181,0.999581515789032,60.02487756725132,0
565,0.1594441029287521,0.5603934242611844,0.9999146461486816,0.09023272849264606,0.5260776423272637,0.9999039769172668,0.09651098400354394,0.7002044745853975,0.9977564215660095,0.05284016739044875,0.7257796582721534,0.9996075630187988,60.02487756725132,0
566,0.15861767104693836,0.5562040862582983,0.9999128580093384,0.08933214062736156,0.5249233160700121,0.9999090433120728,0.09653759463911973,0.698812725998107,0.9976840615272522,0.05290586270746735,0.7255980883325855,0.999613881111145,60.02487756725132,0
567,0.15850865486122326,0.5521813517525087,0.9999173283576965,0.08833408568586629,0.5241630162511557,0.9999172687530518,0.09710836800790976,0.6971033187139608,0.9977415204048157,0.05296386210691365,0.7252814656212222,0.999641478061676,60.02487756725132,0
568,0.15825496543021444,0.5489067463647757,0.999920666217804,0.08709740674211872,0.5241479305993948,0.9999197721481323,0.09763685188123167,0.6954440985407153,0.9975346326828003,0.05295311180608618,0.7251028446924124,0.9996424317359924,60.02487756725132,0
569,0.1580362405095783,0.5460952577136816,0.9999235272407532,0.08623047350418007,0.5247863843327482,0.9999213218688965,0.09812215183462422,0.693677961826325,0.9975301623344421,0.05293379262799312,0.7249383699326294,0.9996553659439087,60.02487756725132,0
570,0.15740917906874716,0.5440376003583277,0.9999241232872009,0.08542600203128095,0.5256045687766306,0.9999145269393921,0.09818780883437118,0.6926729593958179,0.9972884654998779,0.052912131484065775,0.7247276703516649,0.9996471405029297,60.02487756725132,0
571,0.15634949008623772,0.5414256056149804,0.9999250173568726,0.08443347080832442,0.5260683383260458,0.9999105334281921,0.0979661132608142,0.6921699047088629,0.997260570526123,0.05306130417046097,0.7245723576772787,0.999646782875061,60.02487756725132,0
572,0.15559444611980813,0.5381430359113788,0.9999181628227234,0.08352924067349668,0.5267419758297153,0.9999050498008728,0.09814890686954778,0.6909868234679818,0.9970640540122986,0.053409438935064175,0.7243464958100098,0.9996340274810791,60.02487756725132,0
573,0.15425610045592003,0.5364092247826717,0.9999184608459473,0.0822467906844049,0.5278674165407821,0.9999112486839294,0.09806118515275782,0.6902577820278355,0.9970223307609558,0.053657758626199946,0.7241749763488776,0.9996451735496521,60.02487756725132,0
574,0.1523793786764146,0.5359082477433346,0.9999175071716309,0.08124597867329922,0.5295037740752815,0.9999147057533264,0.09780006536415653,0.6893465206736615,0.996596097946167,0.05383098391549932,0.723953803380331,0.9996296167373657,60.02487756725132,0
575,0.15072102064178117,0.5369423798152383,0.9999033808708191,0.08094973897650135,0.5319720109303796,0.9999100565910339,0.09737848774308258,0.6882806391943074,0.9956410527229309,0.05381077936007868,0.7232500399862023,0.9995428323745728,60.02487756725132,0
576,0.14935502551850832,0.5384863075755896,0.9999005198478699,0.08091635860147936,0.534920141810463,0.9999127984046936,0.0966290629335813,0.6875793990634742,0.9949327111244202,0.053497801756575036,0.7223243543079927,0.9995006322860718,60.02487756725132,0
577,0.14841319194861832,0.5405723310652237,0.9998962879180908,0.0808823921141171,0.5375163384846283,0.9999029636383057,0.09596526800167002,0.6871055279459277,0.9934505224227905,0.053135646241051854,0.7214104391279681,0.9993078708648682,60.02487756725132,0
578,0.1485623454763777,0.5428164118812202,0.9998811483383179,0.08084669531810859,0.5400178517614096,0.9998855590820312,0.0956339616151084,0.6869098998251422,0.9913936853408813,0.05281300133182893,0.7207636208761311,0.9990361332893372,60.02487756725132,0
579,0.14906122216156564,0.5452486361776083,0.9998641014099121,0.08072295926866084,0.5425064109620599,0.9998709559440613,0.0954007389289993,0.6874781790233799,0.9899075627326965,0.05254293410550985,0.7206112458592375,0.9988358616828918,60.02487756725132,0
580,0.1502388914426169,0.5477828951109027,0.9998283386230469,0.08070669748953416,0.5449140923363827,0.9998379945755005,0.09537408607346679,0.6893699793588552,0.9882568120956421,0.052485543879724726,0.7210225661595668,0.9985316395759583,60.02487756725132,0
581,0.15204914481866938,0.5505946023123609,0.9998117685317993,0.08066220865363173,0.5470423698425297,0.9998139142990112,0.09541884525900804,0.6915265066283095,0.987398624420166,0.05246853863909136,0.7213108255749663,0.9982373714447021,60.02487756725132,0
582,0.1537500797283083,0.5519118592852643,0.9998139142990112,0.08069269784859255,0.5491528511047368,0.9998236894607544,0.09540528307358431,0.693455216430483,0.9876329302787781,0.05244813007967817,0.7215128626142235,0.9982520937919617,60.02487756725132,0
583,0.15472568003904263,0.5517430390630453,0.9998247623443604,0.08085433429195774,0.5511882333528433,0.9998385906219482,0.0955797948298001,0.6945113937060043,0.9883928894996643,0.052672079099076174,0.721773749306089,0.9983593821525574,60.02487756725132,0
584,0.1547927466176806,0.5500158639181232,0.9998359680175781,0.08122339028687711,0.5532043122109918,0.9998520612716675,0.09596145436877304,0.6948760350545253,0.989179790019989,0.05312003124327891,0.7222269290969491,0.9984785914421082,60.02487756725132,0
585,0.15454818237395526,0.5478397295588543,0.9998467564582825,0.08213105939683465,0.555234361262549,0.9998637437820435,0.09675380303746185,0.6948264525050214,0.9899134635925293,0.05402866254250213,0.7228442345346728,0.9985817074775696,60.02487756725132,0
586,0.1547860694783076,0.5459735989570622,0.9998571872711182,0.08333022573164538,0.5572609958194557,0.9998740553855896,0.0979584501612755,0.6944903674579808,0.9905186295509338,0.05542018778976944,0.7235223849614467,0.9986636638641357,60.02487756725132,0
587,0.15596895913283043,0.5448054103624258,0.9998676180839539,0.08478199548664554,0.5587611368724282,0.9998836517333984,0.0995272234791802,0.6935311839694074,0.9911636710166931,0.0570288988805953,0.7239979136557813,0.9987524747848511,60.02487756725132,0
588,0.15811289917855048,0.5442006077085226,0.9998763203620911,0.08604911501918527,0.5603889170147128,0.9998911023139954,0.10148536555823834,0.6924487920034504,0.991680920124054,0.05839244489158907,0.7241608699162807,0.9988232254981995,60.02487756725132,0
589,0.1603128335305624,0.5442867165520082,0.9998851418495178,0.08689354785851078,0.5622440264338544,0.9998962879180908,0.10312110646849595,0.6914636804943999,0.9920282959938049,0.059271145257211916,0.724281685692924,0.9988602995872498,60.02487756725132,0
590,0.16193054616451275,0.5451724358967377,0.9998929500579834,0.08732129278637121,0.5638915981565207,0.9998978972434998,0.10402629311595651,0.6913154323895778,0.9923605918884277,0.05945707059332307,0.7247244800840111,0.9988798499107361,60.02487756725132,0
591,0.1626882155736289,0.5465565522511804,0.9998993873596191,0.08765157915297016,0.5654096773692544,0.9998863339424133,0.10426348518757601,0.692050212905521,0.9925975799560547,0.05932514830714185,0.7254476178260083,0.9988494515419006,60.02487756725132,0
592,0.1627774550801233,0.5474301690147041,0.9999051094055176,0.08772399844158271,0.5665011178879515,0.9998836517333984,0.10397592825548999,0.6926414257004152,0.992662787437439,0.05910170787856697,0.7260607963516604,0.9988166093826294,60.02487756725132,0
593,0.16280521239553192,0.5475522137823563,0.9999082088470459,0.08802835962602078,0.5670629058565417,0.9998814463615417,0.10360212978862589,0.6928658371879947,0.9927099943161011,0.05905254610947205,0.7263543918019255,0.9987630248069763,60.02487756725132,0
594,0.16306711733341228,0.548307870115553,0.9999112486839294,0.08834422628084826,0.5674252311388656,0.9998732805252075,0.10342705462660116,0.6929452901794803,0.992711067199707,0.058688792267016045,0.726277629534404,0.9987156391143799,60.02487756725132,0
595,0.16360651098546541,0.5490610940115797,0.9999117255210876,0.0887049582032931,0.567570873669216,0.999840497970581,0.10335575363465727,0.6927725530806048,0.9924986362457275,0.058229532092809726,0.7259620711916974,0.9985756874084473,60.02487756725132,0
596,0.16432250681377608,0.5505711322739015,0.9999109506607056,0.08903138233082641,0.5677213981038053,0.9998089671134949,0.10331221102249064,0.6928028748148969,0.9925855398178101,0.05779834960897768,0.7258363110678543,0.9985251426696777,60.02487756725132,0
597,0.16500088075796776,0.5520976469630291,0.9999142289161682,0.08926963451362799,0.5679126069659283,0.9997973442077637,0.10339397582269859,0.6929964366413304,0.9925823211669922,0.05745608199919978,0.7258157985551023,0.9985159635543823,60.02487756725132,0
598,0.16594542704877413,0.5532868334225249,0.9999154806137085,0.08946118574766893,0.5684074390502207,0.9997773170471191,0.10393401554652631,0.6931931404840384,0.9923179149627686,0.05742062592790245,0.7258606808526181,0.9984707832336426,60.02487756725132,0
599,0.16680565618333376,0.5536046879632137,0.9999163746833801,0.08990332555203218,0.5691265009698419,0.9997609853744507,0.10468423118193954,0.6932781367074881,0.9921160936355591,0.05774717973101711,0.7258775262605582,0.9984092712402344,60.02487756725132,0
600,0.16724447764101497,0.5540207936650235,0.999915599822998,0.0904470820512091,0.5699326367605305,0.9997465014457703,0.10533678921915245,0.6932564264252078,0.9918570518493652,0.05794714497668407,0.7255928573154273,0.9983680248260498,60.02487756725132,0
601,0.16743441280864546,0.5539164230937054,0.9999160766601562,0.09094048043092098,0.5706704117002945,0.9997503161430359,0.10580672997803924,0.6931145957538065,0.9920568466186523,0.058120691705317765,0.7252095171383455,0.998401403427124,60.02487756725132,0
602,0.16735949686595386,0.5535633422079544,0.9999135732650757,0.09145260353883114,0.5713738458497188,0.9997363686561584,0.10584919225601931,0.6929235259691879,0.9919009208679199,0.05819901522426382,0.7247579409962615,0.9983281493186951,60.02487756725132,0
603,0.16704773122356065,0.5528363074575156,0.9999127984046936,0.09210073344764264,0.5715655003275195,0.9997333288192749,0.10560310135285067,0.6925394591831031,0.9919719696044922,0.05808844860820548,0.724030792713166,0.9983038306236267,60.02487756725132,0
604,0.16699314756052847,0.5521201718421214,0.9999154210090637,0.0928802763422331,0.5714635111036759,0.9997426271438599,0.10548874806790133,0.6920865603855684,0.9922329783439636,0.057981700414703054,0.7233081034251627,0.9983401298522949,60.02487756725132,0
605,0.1674239209720068,0.551755527655284,0.9999183416366577,0.09364637200321477,0.5711954150881091,0.9997557997703552,0.105482850046385,0.6917220751444504,0.99248206615448,0.057943104810658,0.7226932673227225,0.9983927607536316,60.02487756725132,0
606,0.16806970252877204,0.5518294033550085,0.9999209642410278,0.0940875769371079,0.570903565202441,0.999760627746582,0.10564628988504418,0.6913465658823654,0.992671012878418,0.05799210390874322,0.7219380821500512,0.9984276294708252,60.02487756725132,0
607,0.1686726184118363,0.5522099676586337,0.9999216794967651,0.09413080591531034,0.5706711922373096,0.9997653365135193,0.10565209708043516,0.6911709478923258,0.9926114678382874,0.057684226405052955,0.7214822797548209,0.9983850121498108,60.02487756725132,0
608,0.16901841404892162,0.5524402118864518,0.9999208450317383,0.09394888934634989,0.5705753820283077,0.9997705817222595,0.1054428411381586,0.691182760965257,0.9927234053611755,0.057125887877884404,0.7212130739575346,0.998382568359375,60.02487756725132,0
609,0.16896899612177,0.5525081356366479,0.9999182820320129,0.09381234716801423,0.5705551391556154,0.9997758865356445,0.10492927864903503,0.6910304455530081,0.9930011630058289,0.05639109121901653,0.7209265033404039,0.9984277486801147,60.02487756725132,0
610,0.16880801603907644,0.552461703618368,0.9999188184738159,0.09402802373681757,0.5702839039620904,0.9997847080230713,0.1043279170989991,0.6907493159884504,0.9933015704154968,0.05563537581335935,0.7207124375161675,0.9984855651855469,60.02487756725132,0
611,0.1685687608662107,0.5525076162247435,0.9999191164970398,0.09468473848842446,0.5695987116722838,0.9997875690460205,0.10352680122568503,0.6908461565063119,0.99354487657547,0.055106039735532984,0.7206846021470575,0.9985252022743225,60.02487756725132,0
612,0.1680379424776351,0.5525483886400864,0.9999209642410278,0.09553301192465291,0.5687018462589813,0.9997994303703308,0.10284021071025312,0.6911432090259739,0.9939122796058655,0.05493601322883655,0.720697028296335,0.9986163377761841,60.02487756725132,0
613,0.1672409304550717,0.5524616922651022,0.9999215006828308,0.09634885191917428,0.5678267649241862,0.99981290102005,0.10225423070646476,0.6915586420467927,0.9942632913589478,0.054832885485319914,0.7208123207092292,0.9987045526504517,60.02487756725132,0
614,0.16638201120353893,0.5522988637288415,0.9999235272407532,0.09674303481976199,0.5674302890187223,0.9998276233673096,0.10178599542095557,0.6919813099361607,0.9946059584617615,0.054824981661070006,0.7209687857400808,0.9987930655479431,60.02487756725132,0
615,0.16598463342303335,0.5521278239431839,0.9999234676361084,0.09669278739463724,0.567504587627593,0.9998393058776855,0.10160047880240858,0.6921392083168035,0.9948328137397766,0.054880692135720076,0.7208541631698614,0.9988558292388916,60.02487756725132,0
616,0.16606190942582644,0.5519721990539919,0.9999228715896606,0.09647974052599506,0.5677603823798048,0.9998482465744019,0.10169982803719392,0.691896123545511,0.9950564503669739,0.054921919036479264,0.720527106807346,0.9989126920700073,60.02487756725132,0
617,0.16612819191955397,0.5519098242123925,0.9999235272407532,0.0962789612157005,0.5677639274370108,0.9998579025268555,0.10151572206190662,0.6919008663722452,0.9952268600463867,0.054906739188092135,0.7202227853593378,0.9989565014839172,60.02487756725132,0
618,0.16601161374932255,0.5519434156871982,0.9999260902404785,0.09615831893114823,0.5675826129459204,0.9998688101768494,0.10114015709786195,0.6920331858453301,0.9955002665519714,0.05485886016062332,0.720046046234313,0.9990220069885254,60.02487756725132,0
619,0.165701285714195,0.5519868845031379,0.9999293088912964,0.09599717990273529,0.5672477597282051,0.9998791813850403,0.1005012456859862,0.692244498502641,0.9957849383354187,0.05472872725554879,0.7200655028933576,0.9990900754928589,60.02487756725132,0
620,0.16522209062462773,0.552108316194444,0.9999334216117859,0.09571031232674926,0.5670575783366254,0.9998889565467834,0.09965813479253233,0.6925743534451445,0.9960938692092896,0.05449341911645167,0.7203331589698797,0.9991588592529297,60.02487756725132,0
621,0.1647485530092604,0.5520984700747903,0.9999345541000366,0.09557514141003298,0.5669195935839703,0.9998947978019714,0.0990799260990961,0.6926232916968216,0.9963172078132629,0.05429399279611456,0.7204680244127915,0.9992044568061829,60.02487756725132,0
622,0.16433137939089834,0.5519882497333349,0.9999369382858276,0.09556463963928684,0.5668636390141083,0.9999018311500549,0.09879271153892798,0.6923844558852065,0.9965294599533081,0.05416141077876095,0.7205180696078715,0.99924635887146,60.02487756725132,0
623,0.1639276402337212,0.5518279104005728,0.9999388456344604,0.09567846748090933,0.5667004528499789,0.9999086260795593,0.09867342951751899,0.6921453617867975,0.9967361092567444,0.054100834897586325,0.7205015165465225,0.9992953538894653,60.02487756725132,0
624,0.16362839298588902,0.5516300627163483,0.9999401569366455,0.09593893268278675,0.5667963709150046,0.9999132752418518,0.09870884496541259,0.6917763182095125,0.9969087243080139,0.054143345959129834,0.720442930857341,0.9993335604667664,60.02487756725132,0
625,0.16351343620391132,0.5515064284915021,0.9999376535415649,0.09606603745903296,0.5670956827345353,0.9999150037765503,0.09850445389747628,0.6914412350881673,0.9970095753669739,0.05411539599299435,0.7203929168837417,0.999356746673584,60.02487756725132,0
626,0.16350235754535325,0.5515649630909879,0.9999380707740784,0.0961708327134451,0.5674494221096952,0.9999182224273682,0.09806655737615774,0.6915454779352466,0.9971400499343872,0.0540497196572168,0.7204489424115141,0.9993874430656433,60.02487756725132,0
627,0.16344218168939875,0.5516936665489565,0.9999341368675232,0.09624089336111441,0.567677429744176,0.9999150037765503,0.0977821662312463,0.6918111301603777,0.997197151184082,0.054017825673023906,0.7205417071069995,0.999390184879303,60.02487756725132,0
628,0.1634747194392342,0.5519486977940519,0.9999282360076904,0.09599833509751737,0.567853572822753,0.9999082684516907,0.09790450299070003,0.6921964997336985,0.9972085356712341,0.05418829673102928,0.7206928077198216,0.9993888735771179,60.02487756725132,0
629,0.16355743862333766,0.5522345162573319,0.999926745891571,0.0956047624349595,0.5679159930774149,0.9999085068702698,0.09839507972910298,0.6925657363164999,0.9971966743469238,0.054505979376179875,0.7208221100625544,0.9993981719017029,60.02487756725132,0
630,0.16366147072542295,0.5524214591298788,0.9999253749847412,0.09513333014079511,0.5678879363196241,0.9999035000801086,0.09906742828232909,0.6926297403517229,0.9970967769622803,0.054831589971269926,0.7208990114075803,0.999387264251709,60.02487756725132,0
631,0.16361907550266824,0.5525047722316928,0.9999251365661621,0.09472760806481051,0.567551936422076,0.9999061226844788,0.09956659731410807,0.6924901689801903,0.9971063137054443,0.055056508453119414,0.7209480802218124,0.9994012713432312,60.02487756725132,0
632,0.16328060910815295,0.5524646185693292,0.9999280571937561,0.09462195421968195,0.5669851388250083,0.9999121427536011,0.09947586591754648,0.6924983631996886,0.9972479939460754,0.05508189116205492,0.7210679905755184,0.9994376301765442,60.02487756725132,0
633,0.16283075156665996,0.5522156357765202,0.9999313354492188,0.09465128538154427,0.5662152682031909,0.9999178051948547,0.09912532248667316,0.6923047162237628,0.9973975419998169,0.05492634964840756,0.7211504039310279,0.999473512172699,60.02487756725132,0
634,0.16242103917258138,0.5517655951636182,0.9999341368675232,0.09468666286695579,0.5656018455823267,0.9999231100082397,0.09877861397606993,0.6919940511385605,0.9975275993347168,0.05481214963254479,0.7211824059486396,0.9995065927505493,60.02487756725132,0
635,0.1622065561158318,0.5512635821387886,0.999936580657959,0.09480591366688418,0.565182487169902,0.9999277591705322,0.09852312256892529,0.6916362728391381,0.99761563539505,0.054743785765909055,0.7211518656639831,0.9995298981666565,60.02487756725132,0
636,0.16224934089751486,0.5508798247291933,0.9999377131462097,0.09487642134938928,0.5647844899268382,0.9999304413795471,0.09838509098404938,0.6913447124617446,0.9976757168769836,0.054677993236553146,0.7211011932009748,0.9995431303977966,60.02487756725132,0
637,0.16239717602729808,0.5507470738320128,0.9999402165412903,0.09500893311841155,0.5643461147944138,0.9999346733093262,0.09841386051405052,0.6912201103709998,0.9977784752845764,0.05465714154498922,0.7210652941749215,0.9995657801628113,60.02487756725132,0
638,0.16247274123487032,0.5507470454488487,0.9999436736106873,0.09522531536363427,0.5639185082344786,0.9999392628669739,0.0983903741552717,0.6913579588844667,0.997888445854187,0.05465107446625124,0.7211044090134763,0.9995909333229065,60.02487756725132,0
639,0.1625234349852518,0.5504020878246856,0.9999465346336365,0.09545136881726136,0.5635165458633791,0.99994295835495,0.09837092884949283,0.6912362320082533,0.9979881048202515,0.054634833619708154,0.721100949105763,0.9996116161346436,60.02487756725132,0
640,0.16252873199326665,0.5497990250587468,0.999948263168335,0.09566136485054388,0.5632608249073942,0.9999454021453857,0.09842245883884893,0.6909617412657971,0.9980558753013611,0.05464930495335947,0.7210437655448919,0.9996225833892822,60.02487756725132,0
641,0.1625294997578577,0.5492266643615,0.9999482035636902,0.0961913125855583,0.5628020167350773,0.9999471306800842,0.09821785418760218,0.6908497838746939,0.9980820417404175,0.0546314201894261,0.7210040291150417,0.9996305704116821,60.02487756725132,0
642,0.16249915531703418,0.548791885375977,0.9999487996101379,0.09641037065358396,0.5629843955948244,0.9999485015869141,0.09775152447677801,0.6910669406255092,0.9981310367584229,0.05450325210889185,0.7210532966114231,0.9996407628059387,60.02487756725132,0
643,0.16268993488379901,0.5483837723731999,0.9999504089355469,0.0961782857775689,0.5638312555494767,0.9999502897262573,0.09752984948101506,0.6905440744899574,0.9981981515884399,0.05442425094190102,0.7206896373203828,0.9996529817581177,60.02487756725132,0
644,0.16299774320352658,0.5480487091200696,0.9999480247497559,0.09560249320098341,0.56494152545929,0.999946117401123,0.0975941636023068,0.6895919101578853,0.9981050491333008,0.05441414281016309,0.7200959495135721,0.999627947807312,60.02487756725132,0
645,0.1633158886716481,0.5475875820432394,0.9999458193778992,0.09486451674075361,0.566146742729914,0.9999434351921082,0.09791665027538943,0.6883254505339129,0.9979784488677979,0.05449788644909863,0.7194861854825707,0.9995929002761841,60.02487756725132,0
646,0.16364137260686795,0.5472981248583118,0.9999467730522156,0.09426856750533702,0.5669875854537605,0.9999443292617798,0.09847361842791247,0.687180116063073,0.9979484677314758,0.05465679846349221,0.7190527291524984,0.9995871186256409,60.02487756725132,0
647,0.1639336283717838,0.5473027513140728,0.999948263168335,0.09415617798055928,0.5670612965311327,0.9999454021453857,0.09888543756235221,0.6867382866995682,0.99795001745224,0.05485214133347788,0.7189656382515324,0.9995899796485901,60.02487756725132,0
648,0.16415054883275726,0.5474870488757183,0.9999486207962036,0.0940782906753677,0.5671741735367553,0.9999458193778992,0.09906544217041569,0.6871043727511457,0.9979267120361328,0.054944787529252866,0.719256826809475,0.9995898604393005,60.02487756725132,0
649,0.16450319971357086,0.5475669247763502,0.9999492168426514,0.09394233744768876,0.5673546592394516,0.9999457597732544,0.09945948421955117,0.6871972708475027,0.9979111552238464,0.05510558312137927,0.7193746737071451,0.9995930790901184,60.02487756725132,0
650,0.16493328625247605,0.5476095818337944,0.9999493360519409,0.09382008477335893,0.5674889485041306,0.9999436736106873,0.09996628229107184,0.6872918577421285,0.997870922088623,0.05526276908460122,0.7194145463761834,0.9995845556259155,60.02487756725132,0
651,0.16534794086501725,0.5476070699237646,0.9999511241912842,0.09370408242657079,0.5676606893539433,0.9999455809593201,0.10050100513866977,0.6874218356041687,0.9978969097137451,0.05538795303021163,0.7194554181326009,0.9995937943458557,60.02487756725132,0
652,0.1657405006034035,0.5476089772723974,0.9999518394470215,0.09366598654361005,0.5676911813872205,0.999946117401123,0.10093990429526291,0.6875265638033554,0.997895359992981,0.05544850620485492,0.7194967468579616,0.999595582485199,60.02487756725132,0
653,0.16609256324313948,0.5475435682705474,0.9999518990516663,0.09354638911428914,0.5675496941521059,0.9999451637268066,0.10125479031176801,0.6878066658973699,0.9978223443031311,0.05548758325832236,0.7195858274187366,0.9995840787887573,60.02487756725132,0
654,0.16630675182456078,0.5474353233973189,0.9999533295631409,0.0935360938310624,0.5670683440707983,0.999946653842926,0.10135101136707132,0.6881638226054969,0.9978369474411011,0.05545002328498027,0.7197178091321679,0.999592125415802,60.02487756725132,0
655,0.16636824891680776,0.5472764713423597,0.9999541640281677,0.09356656847965159,0.5664663144520355,0.9999481439590454,0.10137429336706805,0.6884317738669266,0.9977860450744629,0.05545071281847504,0.7197773002442864,0.9995911121368408,60.02487756725132,0
656,0.16642041717256834,0.5471768265678774,0.9999547004699707,0.09362185036852254,0.5659224845114212,0.999949038028717,0.10138134800252468,0.6887258716991975,0.997768759727478,0.05546839162707333,0.7199437050592337,0.9995924830436707,60.02487756725132,0
657,0.16645297337146045,0.5471972709610353,0.9999561905860901,0.09367864898272932,0.5655702863420763,0.9999507665634155,0.10140527181682141,0.6890509298869547,0.9978095293045044,0.055522490824971925,0.7202983072825846,0.9996081590652466,60.02487756725132,0
658,0.1665326243355162,0.5472471742402945,0.9999573826789856,0.09351985724199394,0.5655894818760104,0.9999507069587708,0.10143288295893449,0.689204110985711,0.9978072047233582,0.05555389661874094,0.7206753094991054,0.9996119141578674,60.02487756725132,0
659,0.16667461111432041,0.5473094100043892,0.9999576210975647,0.09321428019376035,0.565830997058324,0.999950647354126,0.10146570844309678,0.6895831113769899,0.9977588653564453,0.05558362017784804,0.7211963846569975,0.9996091723442078,60.02487756725132,0
660,0.16679097995871606,0.5475038375173301,0.9999570250511169,0.09279345153343117,0.5661271640232636,0.9999494552612305,0.10145508923700886,0.6899843556540358,0.9977210760116577,0.0554995593570528,0.7216960106577197,0.9996054768562317,60.02487756725132,0
661,0.166864077959742,0.5477418218340196,0.9999576807022095,0.09228966881831495,0.5664816725821726,0.9999505877494812,0.10146315041042518,0.6902221554801584,0.9977331757545471,0.05533937435774581,0.7219212963467558,0.9996175169944763,60.02487756725132,0
662,0.16692009355340698,0.5480403133801055,0.9999571442604065,0.0919090498770987,0.5667695261183244,0.9999500513076782,0.10150410660675602,0.6903910977499832,0.9976975321769714,0.05521449482157122,0.7221450181234457,0.9996173977851868,60.02487756725132,0
663,0.1668758456196105,0.5483856257938208,0.9999561309814453,0.09174051951794404,0.566924061094012,0.9999457001686096,0.1015644563095911,0.6905148738906502,0.997576117515564,0.055188708716914815,0.722398928233556,0.999600887298584,60.02487756725132,0
664,0.16681259089992173,0.5486690033049815,0.9999557733535767,0.09162123323906043,0.5670700896353953,0.9999426007270813,0.10159796760195786,0.690459066913242,0.9974997639656067,0.05514099998843107,0.7225078060513457,0.9995915293693542,60.02487756725132,0
665,0.16674968884104788,0.5488672398385552,0.9999552965164185,0.09165170043706902,0.5674889598573962,0.9999368786811829,0.10165738207953325,0.6905147064299817,0.9974263906478882,0.055141470616772104,0.7226303503626874,0.999576210975647,60.02487756725132,0
666,0.16668413863295614,0.5490222516514011,0.9999533891677856,0.09178737089747482,0.5659593286968417,0.9999274611473083,0.10168104370435088,0.6906882354191377,0.9973440170288086,0.05506438708731111,0.722694907869612,0.9995549917221069,60.02487756725132,0
667,0.16665389637152367,0.5490979978016449,0.9999526739120483,0.09187673990215581,0.5636802713076279,0.9999241232872009,0.10170350223779687,0.6910013897078384,0.9972802400588989,0.054950287831681155,0.7226762062027347,0.9995471835136414,60.02487756725132,0
668,0.1666836241881054,0.549052252655938,0.9999513626098633,0.09197329765274419,0.561520602021899,0.9999200701713562,0.10177247935817363,0.691315060570127,0.997199296951294,0.05492381325789865,0.722684712637039,0.9995321035385132,60.02487756725132,0
669,0.16669716011910224,0.5489199927874978,0.9999508261680603,0.09201477538971681,0.5600997890744894,0.9999184608459473,0.10176677753527967,0.6916151075136099,0.9970903992652893,0.05485762300945468,0.722723992097946,0.9995187520980835,60.02487756725132,0
670,0.16665587538764604,0.5487573288735894,0.9999502301216125,0.09153321882088987,0.5600118239720666,0.999916672706604,0.1016134637452308,0.6917690322512677,0.9969693422317505,0.05458882610712737,0.7227484413555696,0.9995020031929016,60.02487756725132,0
671,0.16653666113104154,0.5486002138682778,0.9999496936798096,0.09077312158686782,0.5618085577374418,0.9999168515205383,0.10137110416378302,0.6918243936129984,0.9968885183334351,0.054256231834491145,0.7227481575239278,0.9994860291481018,60.02487756725132,0
672,0.16634335617224388,0.5484936549550016,0.9999508261680603,0.0901672208593006,0.5616262980869843,0.9999193549156189,0.10108911884682528,0.6919520355406268,0.9969480633735657,0.05394977739169489,0.7227476806867696,0.9994986057281494,60.02487756725132,0
673,0.16614690990675077,0.548495661644709,0.9999513626098633,0.08999373834757585,0.5596937338511154,0.9999212622642517,0.10087109924781898,0.6921586678141645,0.9969136118888855,0.05374344722146084,0.7227825295357484,0.9994982481002808,60.02487756725132,0
674,0.1660053588095167,0.5484907655488882,0.9999508857727051,0.09031126719145555,0.5575904533976604,0.9999212622642517,0.10078894524347223,0.6923127912339715,0.9968899488449097,0.053709846344732144,0.7228180170059211,0.999495804309845,60.02487756725132,0
675,0.16595850033419485,0.548520820481437,0.9999503493309021,0.09098189678930108,0.556210597356161,0.9999179244041443,0.10076993916715903,0.6924462488719401,0.9968447685241699,0.05372555465215732,0.7228420632226132,0.9994853734970093,60.02487756725132,0
676,0.16591738590172372,0.5485677179836096,0.9999499917030334,0.09130294975780313,0.5564400837534955,0.9999167323112488,0.1007670394721486,0.6924844866707216,0.9967887997627258,0.053704245459465796,0.7228343288103745,0.999484121799469,60.02487756725132,0
677,0.1657922466595969,0.548592294965472,0.9999483823776245,0.09134616028694886,0.5586038288616003,0.9999074339866638,0.10074358043216532,0.692473139081683,0.9966546893119812,0.053695255447001725,0.7228065785907569,0.9994518160820007,60.02487756725132,0
678,0.16564248715128232,0.5486020218758361,0.9999468922615051,0.09123871830247704,0.5609225772676019,0.9999029636383057,0.10076118260622033,0.6924209708259225,0.9965718388557434,0.053720333746501425,0.7227884275572646,0.9994400143623352,60.02487756725132,0
679,0.16538475737685263,0.5486206838062836,0.9999457597732544,0.09119547371353429,0.5622608093988333,0.9998986721038818,0.10078535690194092,0.69235471600578,0.9966000914573669,0.053732297427597546,0.7228139326685957,0.9994468092918396,60.02487756725132,0
680,0.165103187163671,0.5485882446879436,0.9999450445175171,0.09115704645713177,0.5634451394989382,0.9998932480812073,0.10077345619599032,0.6921581625938421,0.9966043829917908,0.053682916575954115,0.7228023381460287,0.9994475841522217,60.02487756725132,0
681,0.16489627318722877,0.5485923119953704,0.9999454021453857,0.09113031341916046,0.5643070709137694,0.9998902678489685,0.10084567077103124,0.6919871966044113,0.9966105222702026,0.05370840678612396,0.722807475498745,0.9994472861289978,60.02487756725132,0
682,0.16475461423397078,0.5486542241913936,0.9999449849128723,0.09117191462289727,0.5649690287453792,0.9998829960823059,0.10091346289430354,0.6919884766851158,0.9965828061103821,0.0537724498481978,0.7228575462386727,0.9994356632232666,60.02487756725132,0
683,0.16466991745290316,0.5487074483008616,0.9999451637268066,0.09086853726988754,0.5654940718696235,0.9998812079429626,0.10103073574247823,0.6921144667125889,0.9965829253196716,0.05385360742608711,0.7229264605612987,0.999439001083374,60.02487756725132,0
684,0.16471168966520414,0.5487182537714644,0.9999459385871887,0.09029810804696317,0.5660578835578196,0.9998778700828552,0.10121042636178798,0.6922775137992139,0.996645987033844,0.0539496450551919,0.7229873424484622,0.9994451999664307,60.02487756725132,0
685,0.16481857782318493,0.5486948830740797,0.999946117401123,0.08959316391320463,0.5666161945887979,0.999876856803894,0.1013369581529073,0.6923302979696371,0.9966304302215576,0.05399027732866156,0.723056106340318,0.9994431138038635,60.02487756725132,0
686,0.16508674550624136,0.5486349463462834,0.999944806098938,0.08893409123023358,0.5672133962313339,0.9998727440834045,0.10147983332475036,0.6920223236083989,0.9965384602546692,0.05393222400120331,0.7229332100777406,0.9994320273399353,60.02487756725132,0
687,0.16541007161140453,0.5485662023226425,0.9999452233314514,0.08852207731632966,0.5676519217945286,0.9998727440834045,0.10165242176680346,0.6915689536503389,0.9965064525604248,0.05390029773116116,0.7227246449107221,0.9994310140609741,60.02487756725132,0
688,0.16574714794045414,0.548578140281496,0.9999445676803589,0.0884545211281096,0.5680331048511328,0.9998661875724792,0.10189258449134381,0.6909992666471578,0.9964019060134888,0.053900411618607424,0.7225189634731843,0.9994103312492371,60.02487756725132,0
689,0.16589713877155682,0.548447205906823,0.9999443292617798,0.08839785414082671,0.5680892410732455,0.9998645186424255,0.1020675521521342,0.6909256463959109,0.9963014721870422,0.053924979375941456,0.7223887188094009,0.9993931651115417,60.02487756725132,0
690,0.16576717013404496,0.5482131299518408,0.9999440312385559,0.08840480872562961,0.5679444046247577,0.9998646378517151,0.10208230855919073,0.6914524010249552,0.9961727261543274,0.053968777968770025,0.7223781347274787,0.9993821382522583,60.02487756725132,0
691,0.165517956018448,0.54795629637582,0.9999459981918335,0.08845719801528121,0.5675796327136816,0.9998729228973389,0.10170891135931023,0.6925113030842378,0.9963939189910889,0.05392758441822873,0.7224994415328623,0.999413788318634,60.02487756725132,0
692,0.16508393415382944,0.547743868260157,0.9999475479125977,0.08858966401645123,0.5672245877129696,0.9998788237571716,0.10117784284410031,0.6936478217442836,0.9966053366661072,0.05381221412902791,0.7226046267009922,0.9994430541992188,60.02487756725132,0
693,0.164628069315638,0.5476535161336267,0.9999485611915588,0.08868009206794564,0.5671799097742357,0.9998837113380432,0.10067253063122439,0.6945444430623742,0.9967150688171387,0.053656717673653695,0.7227122868810387,0.9994540214538574,60.02487756725132,0
694,0.16439838707447066,0.547761318229494,0.9999492168426514,0.08887473777646118,0.5669817441985725,0.9998890161514282,0.10050845855758311,0.6948553380512061,0.9968534708023071,0.053559505691131,0.7227064342725851,0.9994753003120422,60.02487756725132,0
695,0.16432918750104464,0.5477568422045032,0.9999495148658752,0.08907015870014834,0.566470114957719,0.9998900890350342,0.10058436081522995,0.6950053941635864,0.9969086647033691,0.05350070641863918,0.7226557305880961,0.9994746446609497,60.02487756725132,0
696,0.16440915209906454,0.5477080089705335,0.9999492168426514,0.08939416351772497,0.5660728585152404,0.9998899698257446,0.10066029252040962,0.6950076591400878,0.9969910979270935,0.05345856025815014,0.7226008687700549,0.9994813203811646,60.02487756725132,0
697,0.16452743467830488,0.54758232831955,0.9999498724937439,0.09025919047139946,0.5660043869699756,0.9998955726623535,0.10044461311328987,0.695011422747658,0.9971140027046204,0.05337662888424741,0.7224811372302833,0.9995006322860718,60.02487756725132,0
698,0.16437704435416645,0.5474187561443878,0.9999509453773499,0.09139248764231098,0.5640556443305247,0.999901533126831,0.10007936117194956,0.6949754101889479,0.9972655177116394,0.053301239297503564,0.7223796447118129,0.9995261430740356,60.02487756725132,0
699,0.16411671326273974,0.5473278164863591,0.9999527931213379,0.0923230130048026,0.5615507052058271,0.9999075531959534,0.0997517992343222,0.6947583471025744,0.997424840927124,0.0532494082692124,0.7223184108734138,0.9995514154434204,60.02487756725132,0
700,0.16386828323205327,0.5472335985728677,0.9999522566795349,0.0930269896274522,0.5588754500661581,0.9999091029167175,0.09961993673018055,0.6945529949097411,0.9974797964096069,0.053281732967921706,0.7222447225025728,0.9995584487915039,60.02487756725132,0
701,0.1637290297519594,0.5470182327997122,0.9999511241912842,0.09321224866878426,0.5570051130794348,0.9999074935913086,0.09970931815249587,0.6942244285628915,0.9974418878555298,0.05334262815969335,0.7220295809564142,0.9995454549789429,60.02487756725132,0
702,0.1637464577243443,0.5467905004819239,0.9999517798423767,0.09318967447394425,0.5567565957705185,0.9999127388000488,0.09974995716696701,0.6939804014705482,0.9974654912948608,0.05337577916326981,0.7217654642604652,0.9995510578155518,60.02487756725132,0
703,0.163942969271115,0.5465224527177361,0.9999511241912842,0.09344186527388444,0.5579798931167244,0.9999158978462219,0.0998804714708102,0.6936787196568086,0.9975007772445679,0.05342235416173939,0.7214361230532335,0.9995552897453308,60.02487756725132,0
704,0.16417601633639578,0.5463187240418939,0.9999512434005737,0.09354290437130708,0.5586520206360595,0.9999187588691711,0.10011024028062829,0.6936627853484386,0.9975926280021667,0.05351244959802859,0.7212112205369138,0.9995695948600769,60.02487756725132,0
705,0.16437711105460226,0.5462700440770109,0.9999511241912842,0.09346627905255281,0.5584561881564917,0.9999178051948547,0.10021837020204188,0.6937159867513752,0.9975985288619995,0.05351413094571663,0.7211192165102283,0.9995652437210083,60.02487756725132,0
706,0.16452401308786313,0.5462535988716857,0.9999517202377319,0.09334541112184533,0.5566883030391879,0.9999221563339233,0.10022549118314479,0.6938816990171166,0.9976901412010193,0.05342633064304084,0.7211628244036725,0.9995818734169006,60.02487756725132,0
707,0.16460637393451882,0.5462246565591725,0.9999511241912842,0.09303192545970289,0.555221639928364,0.9999243021011353,0.1001486735684532,0.693996395383563,0.9977293610572815,0.053275065762656115,0.7211731019474217,0.9995850920677185,60.02487756725132,0
708,0.16461665857405905,0.5462182703472324,0.9999497532844543,0.09286805951879146,0.5525598724683131,0.9999231696128845,0.09990940704232179,0.6942030276571007,0.9977216720581055,0.05307897836679508,0.7212033186640064,0.9995781183242798,60.02487756725132,0
709,0.16467906676587618,0.5461587735584809,0.99994957447052,0.09275149660451079,0.5516386088870825,0.9999258518218994,0.10000950736658921,0.6940234189941775,0.9977527856826782,0.05300884747079444,0.7211660203479591,0.9995830655097961,60.02487756725132,0
710,0.1648104666244417,0.5460103352864587,0.9999499320983887,0.09248870469274982,0.5532289118993854,0.9999289512634277,0.10037798895722352,0.693800017947243,0.9977859854698181,0.05310004665738065,0.7211136931464792,0.9995904564857483,60.02487756725132,0
711,0.1649402791545506,0.5458325913974221,0.9999517798423767,0.0921185392709006,0.5564689011800861,0.9999322891235352,0.10068090189070937,0.6935206084024343,0.9978262186050415,0.0531599865782829,0.7210559930120202,0.9996005296707153,60.02487756725132,0
712,0.16508509147734882,0.5456775483630957,0.9999538064002991,0.09183635243347721,0.558119342440651,0.9999361634254456,0.10091964935972585,0.6930648542585833,0.9978739023208618,0.05316223186396422,0.7209537227948513,0.999613881111145,60.02487756725132,0
713,0.16515280590170917,0.5455764787537716,0.999954104423523,0.09140162382807057,0.5599250538008558,0.9999358654022217,0.10100001451515025,0.6927193857374652,0.9978622794151306,0.053101853955359726,0.7208903431892401,0.999611496925354,60.02487756725132,0
714,0.16513551274935417,0.5455341112046019,0.9999556541442871,0.09119451791048057,0.5598091625031976,0.9999373555183411,0.1009313662846884,0.6924350659052536,0.997883677482605,0.05301289934487574,0.7208710539908642,0.9996152520179749,60.02487756725132,0
715,0.16493682634262824,0.5455466281800048,0.9999566078186035,0.09095446197759545,0.5610425642558512,0.9999391436576843,0.10076172436986658,0.6919835294995995,0.9979263544082642,0.05292591683211785,0.7208044415428532,0.9996247887611389,60.02487756725132,0
716,0.1647580003454573,0.5455838612147744,0.9999561905860901,0.09062303602695472,0.5608286942754477,0.9999391436576843,0.10055249716554378,0.6917073471205581,0.9978839755058289,0.052869423336926,0.7207474765323463,0.9996209144592285,60.02487756725132,0
717,0.16458199563480572,0.5456489438102363,0.9999542832374573,0.09034151087204623,0.560989535990216,0.9999383091926575,0.10028568832647242,0.6916474699974067,0.9977900385856628,0.05278991446608593,0.7207121309779945,0.9996004104614258,60.02487756725132,0
718,0.16455447886671354,0.5457178382646474,0.9999521374702454,0.09017835983208256,0.5588136173429948,0.9999351501464844,0.10013795289255333,0.6915792595772522,0.997704267501831,0.052743732219650674,0.7206861802509859,0.9995821118354797,60.02487756725132,0
719,0.16462719227586486,0.5457654538608737,0.9999514222145081,0.09022771283274612,0.556590216500419,0.9999341368675232,0.10018054112082445,0.6915359184855512,0.9977062344551086,0.05272565923985985,0.7205813300041931,0.9995859265327454,60.02487756725132,0
720,0.16481345253331334,0.5457417368888859,0.9999516606330872,0.09065311082771854,0.5552941844576886,0.9999250769615173,0.10047182369799848,0.6913570421082638,0.9976280331611633,0.05276685349998024,0.7204284412520279,0.9995696544647217,60.02487756725132,0
721,0.16494355882917144,0.5457378540720264,0.9999513626098633,0.09111128711984279,0.5562337693713966,0.9999183416366577,0.10069082145180029,0.691127859410786,0.9976089596748352,0.05278335919692407,0.7202540352230986,0.9995620846748352,60.02487756725132,0
722,0.1651035078934262,0.5457658824466528,0.9999499320983887,0.09142073882477632,0.5576025503022335,0.9999112486839294,0.1009144963962692,0.6910143352690203,0.9975941181182861,0.05284968408800311,0.7201169587316972,0.9995533227920532,60.02487756725132,0
723,0.165198631939434,0.5458422303199773,0.9999492168426514,0.09165624280770626,0.5586369179544,0.9999087452888489,0.10101054928132475,0.6910163760185247,0.9976217746734619,0.05289097627003992,0.7200574591046294,0.9995552897453308,60.02487756725132,0
724,0.1653107021536147,0.545926119600024,0.9999480247497559,0.09163066141662152,0.5588003765969054,0.999900758266449,0.10102739078657977,0.691058652741569,0.9975146651268005,0.052914618026642615,0.720090758232844,0.999535858631134,60.02487756725132,0
725,0.16538631987004065,0.5460138604754498,0.9999465346336365,0.09157432260967444,0.5589883299100971,0.9998980760574341,0.101047555250781,0.691067414624351,0.9974944591522217,0.052932403272106576,0.720127117066157,0.9995334148406982,60.02487756725132,0
726,0.16546835714862473,0.5461136131059561,0.9999452233314514,0.09133919612282806,0.559453666210175,0.9998953342437744,0.10099310356946226,0.691072835808709,0.9974865913391113,0.05288639983960565,0.7201253289268137,0.9995313286781311,60.02487756725132,0
727,0.16559217089698441,0.5462430829093574,0.9999447464942932,0.09096180044469387,0.5606650085676288,0.9998931884765625,0.10089994647673206,0.6910094590414144,0.9974718689918518,0.05277491059331671,0.7200421407109221,0.9995312690734863,60.02487756725132,0
728,0.16583774912925006,0.5463905135790512,0.9999427795410156,0.09058639478115815,0.5627316037813828,0.9998887181282043,0.10093060916378394,0.6910483496529721,0.9973724484443665,0.05277437752201448,0.7199732632864095,0.999512791633606,60.02487756725132,0
729,0.16609960084869763,0.5465379839851747,0.9999409914016724,0.09031839917103457,0.5634626717794514,0.9998815059661865,0.10105508814255404,0.6911842567580093,0.9972600936889648,0.052838152185792055,0.7199405516896935,0.999494731426239,60.02487756725132,0
730,0.16631806180590689,0.5466503642854241,0.9999398589134216,0.09017868410973329,0.5638126645769397,0.9998805522918701,0.10118525333347783,0.6913944198971709,0.9972055554389954,0.052906594815708384,0.7199595400265291,0.9994890093803406,60.02487756725132,0
731,0.1664501187347232,0.5466510539963136,0.9999395608901978,0.09021717345430744,0.56405273221788,0.9998792409896851,0.10131087189628972,0.691576759020488,0.9971606731414795,0.052971589245966545,0.7200284543491551,0.9994832277297974,60.02487756725132,0
732,0.16647688760643928,0.5465264206840883,0.9999398589134216,0.09016276292857678,0.5643563611166822,0.9998782873153687,0.10131142323925389,0.6915858018965954,0.9971805214881897,0.052941612189724374,0.7200652559598293,0.9994841814041138,60.02487756725132,0
733,0.16644506795065755,0.5463444363503234,0.9999394416809082,0.09011375868604304,0.5646955257370363,0.9998761415481567,0.10126959426062455,0.691391493592944,0.99709552526474,0.052869929089432714,0.7200108596256807,0.9994624257087708,60.02487756725132,0
734,0.16645695978686936,0.5462189799263368,0.9999393820762634,0.09011552802154003,0.564956821146466,0.9998747110366821,0.1013229042291642,0.6912680552119306,0.9969764351844788,0.052897807565473416,0.7199630765687858,0.999441921710968,60.02487756725132,0
735,0.16647875521864225,0.5460717025257297,0.9999380707740784,0.09009579178832833,0.5651651280266903,0.9998680949211121,0.10149390782628748,0.6911190748214727,0.9969292283058167,0.05297168255561878,0.7198683222134914,0.9994357824325562,60.02487756725132,0
736,0.16644355441842773,0.5459584735688714,0.9999379515647888,0.09005167831977216,0.565319725445339,0.999865710735321,0.10143867276963742,0.6908518728755775,0.9969183802604675,0.05299413736377448,0.7197089024952485,0.999437153339386,60.02487756725132,0
737,0.16637823979059868,0.5458208918571477,0.9999386072158813,0.08999781629868922,0.5654185783295409,0.999869167804718,0.10122123821860277,0.6905183196067816,0.9969270825386047,0.052959991175504,0.7195259559722179,0.9994379281997681,60.02487756725132,0
738,0.16635310153166466,0.5456801709674658,0.9999381899833679,0.08992802316234233,0.5654503504435225,0.9998722076416016,0.10095958021425074,0.69016863050915,0.9969157576560974,0.05287887581757141,0.719381193319957,0.999433696269989,60.02487756725132,0
739,0.1663577443077452,0.5456175037792754,0.9999373555183411,0.08987064269326989,0.5655418322199872,0.9998704195022583,0.10082150357110167,0.6899001456442339,0.9967634677886963,0.052935102688414754,0.7193120859918145,0.9994046688079834,60.02487756725132,0
740,0.16634659752959313,0.5456759390376867,0.9999350309371948,0.08972711009638656,0.5657107035319016,0.9998564720153809,0.10086042363019225,0.6898459224473867,0.9965966939926147,0.053126487703550475,0.719353562309629,0.9993784427642822,60.02487756725132,0
741,0.1663136021012353,0.5457460199083605,0.9999330639839172,0.08951824406782793,0.5658511803263714,0.999846875667572,0.10103082514944539,0.690052109105247,0.9963995814323425,0.05335034908992908,0.7195253854706181,0.9993293881416321,60.02487756725132,0
742,0.16625735589436136,0.5457734465599064,0.999930739402771,0.0892897947203546,0.5659143782797318,0.9998433589935303,0.10112429694050842,0.690215584777651,0.9962372779846191,0.05352398735426725,0.7197071001643232,0.9993008375167847,60.02487756725132,0
743,0.1661761296646937,0.5457347432772323,0.9999291300773621,0.0889959700760388,0.5659124652544663,0.9998424649238586,0.10115572136072894,0.6903527975082403,0.9961869716644287,0.0535900195439657,0.7198709448178615,0.9992981553077698,60.02487756725132,0
744,0.16618125566414438,0.5456660844030838,0.9999284744262695,0.08872232089440035,0.5657892993518289,0.9998433589935303,0.1012068809497925,0.6904671220552359,0.9961185455322266,0.05356210931426007,0.7199621115412037,0.9992809295654297,60.02487756725132,0
745,0.16617912550767278,0.545583619957879,0.9999294877052307,0.08854497720797865,0.5657664821261456,0.9998494982719421,0.10127421503975287,0.6904832578840716,0.9961733818054199,0.0535031656424205,0.7199712934948155,0.9992917776107788,60.02487756725132,0
746,0.1660968200081872,0.5455332341648288,0.9999297261238098,0.08840169544730875,0.5658228198687241,0.9998534321784973,0.1013316199893044,0.6903370476904376,0.9962141513824463,0.053418351780800635,0.719919778051831,0.999302089214325,60.02487756725132,0
747,0.16602973001343876,0.5454967731521247,0.9999317526817322,0.0883653742216883,0.5658547736349564,0.9998605251312256,0.1013761105991546,0.6902085883276808,0.9963187575340271,0.05333168059587483,0.7198927459262672,0.9993256330490112,60.02487756725132,0
748,0.1660390226613909,0.545482076349713,0.9999302625656128,0.0884121837360519,0.5659042483284364,0.9998599290847778,0.10146347859076099,0.6901138595172343,0.9961665868759155,0.05327096989467034,0.7199088363420402,0.9992967844009399,60.02487756725132,0
749,0.16599347974572876,0.5455110782668708,0.9999300241470337,0.08843097090721139,0.5658779144287114,0.9998601078987122,0.10154830274127788,0.6900676318577363,0.9961721301078796,0.05325328328070191,0.7199545786494306,0.9992901086807251,60.02487756725132,0
750,0.16594197778474729,0.5455983763649355,0.9999296069145203,0.08845960703634087,0.5657577457882114,0.9998634457588196,0.10162890950838732,0.6900960490817121,0.9962249398231506,0.05327029827804797,0.7200027959687374,0.9993026852607727,60.02487756725132,0
751,0.16577932664326273,0.545680131231036,0.9999293684959412,0.08846044150136774,0.5656809664907914,0.9998652935028076,0.10165414923713328,0.6901302763393953,0.996258556842804,0.05324839818335719,0.7200417774064206,0.9993094205856323,60.02487756725132,0
752,0.16561305522918712,0.5458749305634276,0.9999281764030457,0.08846677626882288,0.5655457519349603,0.9998639225959778,0.10163901036693945,0.6901683864139381,0.9962792992591858,0.05318068748428712,0.7200610978262771,0.9993177056312561,60.02487756725132,0
753,0.1654558025655294,0.5460616917837238,0.9999272227287292,0.08846574560517363,0.5654034671329322,0.9998589754104614,0.10159240130867286,0.6902146509715494,0.9962930083274841,0.05305984563061174,0.7200658491679606,0.9993138909339905,60.02487756725132,0
754,0.16539219092755103,0.5462407327833634,0.9999276399612427,0.08846916542166763,0.5653360486030583,0.9998570680618286,0.10154281024421971,0.6903269149008258,0.9964005351066589,0.05291761120870005,0.7200841761770709,0.9993318319320679,60.02487756725132,0
755,0.165288391567412,0.5464084460621793,0.9999248385429382,0.08848977692070469,0.5652941578910469,0.9998477697372437,0.10154056903861826,0.6904029051462814,0.9964187741279602,0.05280207115269847,0.7200866369974052,0.999331533908844,60.02487756725132,0
756,0.16509404920396364,0.5465265398933778,0.9999226331710815,0.08852558192752664,0.5653015204838349,0.9998403191566467,0.10159976993288321,0.6902289191881821,0.9963198304176331,0.052765439841009364,0.720057314350492,0.9993060827255249,60.02487756725132,0
757,0.16476244798728412,0.5465309307688763,0.9999223947525024,0.08856180913391573,0.5653604155495058,0.9998374581336975,0.1015007708753859,0.6899684099924002,0.9962653517723083,0.052704705191510104,0.7200614157177159,0.9992862343788147,60.02487756725132,0
758,0.1643625433955875,0.5465939669382008,0.9999235272407532,0.08862910242307762,0.5653052017802288,0.9998403191566467,0.1012314607699713,0.6898021470932738,0.9962835311889648,0.05261094176343513,0.7200915330932259,0.9992949962615967,60.02487756725132,0
759,0.1639839950061981,0.5466371292159675,0.9999240636825562,0.08867106976963232,0.5652379365194415,0.9998427033424377,0.10091655807835723,0.6897391506603792,0.9963316917419434,0.05251695588231091,0.7201499172619417,0.9993105530738831,60.02487756725132,0
760,0.16359774981226252,0.5466709619476686,0.9999251365661621,0.08873201409975695,0.5651724622363141,0.9998455047607422,0.10055403021119896,0.6898141389801395,0.9963838458061218,0.05243232402773135,0.7202091444106336,0.9993211627006531,60.02487756725132,0
761,0.16326303212415616,0.5466861951918833,0.999925971031189,0.08866207904758915,0.5651876415525168,0.9998500943183899,0.10029339541991558,0.6899288069634216,0.9965100884437561,0.05239739517370864,0.7202354073524481,0.9993442296981812,60.02487756725132,0
762,0.16302709636234114,0.5466628074646,0.9999270439147949,0.08843674936464861,0.5652632997149517,0.9998549818992615,0.10021502205303745,0.68982211748759,0.9966192841529846,0.05242754252893589,0.7202537116550269,0.999364972114563,60.02487756725132,0
763,0.16290544753982922,0.5466178229876931,0.9999268054962158,0.08813442289829262,0.5653657345544729,0.9998520612716675,0.10010476410388955,0.6899472702117199,0.9965266585350037,0.052414088731720376,0.7204446679069888,0.9993560314178467,60.02487756725132,0
764,0.16288985241027118,0.5465808879761473,0.999927818775177,0.0878464082876842,0.5653836500077025,0.9998486638069153,0.0999970141620864,0.6902197202046718,0.9964879155158997,0.052372559372867895,0.7207346274739226,0.9993537664413452,60.02487756725132,0
765,0.16303835525399174,0.5465379385721121,0.999927282333374,0.08765855608951484,0.5654204203968961,0.9998515248298645,0.09998858578148351,0.6905320712498262,0.9965766072273254,0.052365148173911275,0.7210651040077216,0.9993725419044495,60.02487756725132,0
766,0.16314103135040842,0.5464854694548111,0.9999276399612427,0.08770305769784117,0.5653272186006824,0.9998571872711182,0.09995207155034663,0.6908492076964611,0.9966951012611389,0.052353969109909915,0.7213919560114548,0.9993971586227417,60.02487756725132,0
767,0.16327725137983062,0.5464200547763284,0.9999282956123352,0.08777827946912682,0.5652071918760031,0.9998643398284912,0.0999297418055081,0.6910808852740702,0.9967827796936035,0.05242011518705463,0.7216200431187954,0.9994180798530579,60.02487756725132,0
768,0.16345772289094485,0.5463415866806398,0.9999284744262695,0.087901981103988,0.5650552369299393,0.9998710751533508,0.09992510825395592,0.6911285916964218,0.9968352317810059,0.052526388494741394,0.721737010138376,0.9994345903396606,60.02487756725132,0
769,0.1636782934268317,0.5462448142823724,0.9999308586120605,0.08803331922917146,0.5649215181668603,0.9998763799667358,0.09994773318370191,0.691204170385997,0.9969081282615662,0.052644033871945925,0.7218181377365481,0.9994467496871948,60.02487756725132,0
770,0.16386094192663841,0.5461124493962246,0.9999338388442993,0.088134238762515,0.5648130519049512,0.9998834133148193,0.09997832704158063,0.6912987487656735,0.9970244765281677,0.052732305157752304,0.7218476477123448,0.999468982219696,60.02487756725132,0
771,0.16401166362421865,0.545986686434065,0.9999359250068665,0.0881913676857949,0.5647837661561517,0.9998890161514282,0.10002699175051288,0.6913513484455296,0.9970364570617676,0.05278131951178827,0.7218281853766675,0.9994722008705139,60.02487756725132,0
772,0.16410369390533097,0.5458047673815777,0.9999380707740784,0.08818341862587709,0.5648565860021686,0.9998945593833923,0.10007019199076161,0.6912692473048261,0.9971455335617065,0.05276352646095417,0.7217798715546023,0.999489963054657,60.02487756725132,0
773,0.16419190807001943,0.54562068553198,0.9999393224716187,0.0881351019654956,0.5650184182893667,0.9998984932899475,0.1001246500582923,0.6911181154705235,0.9971947073936462,0.05275526589580949,0.7217011905851825,0.9994998574256897,60.02487756725132,0
774,0.1642621940090544,0.5454803733598623,0.9999396800994873,0.08817812410138909,0.5651149210475745,0.9999011754989624,0.10011180632171185,0.6909636599676956,0.9972118735313416,0.05276305388127059,0.7216186778885982,0.9995031356811523,60.02487756725132,0
775,0.16433900027048032,0.5453847760245918,0.9999409317970276,0.08815098057190585,0.5652996159735184,0.9999039769172668,0.10004036838100078,0.6907883314859304,0.9972635507583618,0.052731298974582175,0.7215234694026771,0.9995100498199463,60.02487756725132,0
776,0.16438889077731555,0.5453297268776671,0.9999425411224365,0.0880658842978024,0.5655121547835218,0.999905526638031,0.09995921523798088,0.6906750854991737,0.9972919225692749,0.05267917116483057,0.7214606744902481,0.9995153546333313,60.02487756725132,0
777,0.16443319334870304,0.5453714047159471,0.9999430775642395,0.08796319330022456,0.5657841847056438,0.9999020099639893,0.09986222216061191,0.6906070822761178,0.9971877932548523,0.052631031012251306,0.7214244206746425,0.9994906187057495,60.02487756725132,0
778,0.16442678088233598,0.5454066651208065,0.9999430179595947,0.08784421817177826,0.5659464030038748,0.9998986124992371,0.09973813274077015,0.6906158838953297,0.9971567988395691,0.052547835523173964,0.7214163712092814,0.9994841814041138,60.02487756725132,0
779,0.16444189846515667,0.5454287557374868,0.9999426603317261,0.08783453702926643,0.5657941415196378,0.9998946189880371,0.09965027939705629,0.690757022017525,0.997143566608429,0.052461745660929496,0.7214605496043256,0.9994827508926392,60.02487756725132,0
780,0.16447153758435035,0.5454493448847821,0.999941885471344,0.08793004318362199,0.5653506347111298,0.9998971819877625,0.09954683056899488,0.6911466490654724,0.9971469640731812,0.05240997636602043,0.7216161801701506,0.9994843602180481,60.02487756725132,0
781,0.16452779727322725,0.545476839655922,0.9999405145645142,0.08802909652392077,0.5648698835145864,0.9998981952667236,0.09956598636649912,0.6915381238574079,0.9971050024032593,0.05237261968709178,0.7217936033294321,0.9994773268699646,60.02487756725132,0
782,0.16460106628281745,0.5455161247934619,0.9999400973320007,0.08815052005506704,0.5644916381154746,0.9999001622200012,0.09940911048934581,0.6919951921417605,0.9971355199813843,0.052329841823804985,0.7219595795586001,0.9994845390319824,60.02487756725132,0
783,0.16463628766082594,0.5455869947160998,0.9999406337738037,0.08824638028939571,0.5643857745897207,0.9999016523361206,0.09900665389639998,0.6923348307609563,0.997189998626709,0.052243102519285156,0.7220497642244617,0.9994935393333435,60.02487756725132,0
784,0.16457415194738492,0.5456594143595018,0.999941885471344,0.08842967273223976,0.5643744156474163,0.9999029636383057,0.0983820067984718,0.6926466851007376,0.9972866177558899,0.05209579034930188,0.7220822998455598,0.9995091557502747,60.02487756725132,0
785,0.1645732294945491,0.5457078615824387,0.9999427795410156,0.08864773703472961,0.5643001056852799,0.999904453754425,0.0980298320452373,0.6928674919264664,0.9973918199539185,0.05194155676733884,0.7220467215492617,0.9995234608650208,60.02487756725132,0
786,0.16475102447328127,0.545756802672432,0.9999440312385559,0.08879633531683975,0.5642557484763013,0.9999081492424011,0.0980654273714339,0.6930815549123861,0.9975024461746216,0.05183017981194318,0.7220214435032442,0.9995444416999817,60.02487756725132,0
787,0.1651152251731783,0.5458572989418398,0.9999449849128723,0.08896166334549593,0.5641816371963142,0.9999092221260071,0.09871569701603489,0.6930928173519322,0.9975003004074097,0.051883117961032094,0.7220050635791966,0.9995433688163757,60.02487756725132,0
788,0.16554232438405367,0.545995862711044,0.9999455809593201,0.08895596897318256,0.5641234999611269,0.9999112486839294,0.09932982673247663,0.6930847480183562,0.9974932670593262,0.05198701488829799,0.7220248324530472,0.9995436072349548,60.02487756725132,0
789,0.165967908643541,0.5461189746856694,0.9999462366104126,0.08876159964572822,0.5641075684910732,0.9999129176139832,0.09998900869062977,0.6928408117521383,0.9974861145019531,0.05206106283835006,0.7219579021135971,0.9995452761650085,60.02487756725132,0
790,0.16621640040760963,0.5462012887001042,0.9999470114707947,0.08862932416654776,0.5641157343274076,0.9999144673347473,0.10042816613401694,0.6925552969887149,0.9975167512893677,0.05212558752724107,0.721871918156034,0.9995459914207458,60.02487756725132,0
791,0.16634980624630352,0.5463552247910277,0.9999470114707947,0.08863641428095961,0.564046530496507,0.9999111294746399,0.10081297797816148,0.6924226170494447,0.9974599480628967,0.05217658267134716,0.7217919712974917,0.9995311498641968,60.02487756725132,0
792,0.16649696018014648,0.5465527205240164,0.9999480247497559,0.08886684051581799,0.5639822255997435,0.9999112486839294,0.10107024368785684,0.6923503847349263,0.997499406337738,0.05220855169353035,0.7217380461238685,0.9995430707931519,60.02487756725132,0
793,0.16662479014623746,0.5467927626201089,0.9999481439590454,0.08930115011476342,0.563917511985416,0.9999103546142578,0.10123936867430104,0.6922715561730527,0.9975609183311462,0.05227820912287354,0.7217421645209908,0.9995564222335815,60.02487756725132,0
794,0.16671446817261848,0.5470033401534675,0.9999485611915588,0.08953139469737106,0.563891368252891,0.999909520149231,0.10119809494132095,0.6921971979595372,0.9975556135177612,0.05232379425849237,0.7217990670885364,0.9995542168617249,60.02487756725132,0
795,0.16675051195280904,0.5471076340902423,0.9999483823776245,0.08954060645330528,0.5638860804694044,0.999908447265625,0.10117850807451073,0.6920190680594678,0.9975396990776062,0.052325633310136385,0.7218010936464588,0.9995478391647339,60.02487756725132,0
796,0.16670732129187826,0.5470989658719022,0.9999487400054932,0.08939938176245923,0.563872371401106,0.9999078512191772,0.10112781858160391,0.6918713677497144,0.9975252151489258,0.052338861283801885,0.7217931123006918,0.9995461702346802,60.02487756725132,0
797,0.1666121106772197,0.547123872098469,0.9999499320983887,0.08934715886910763,0.56364822671527,0.9999107718467712,0.10106187349274054,0.6918922180221199,0.9975857138633728,0.052361150405236694,0.7217937168620887,0.9995594620704651,60.02487756725132,0
798,0.16657391616276346,0.54718386843091,0.9999510049819946,0.0894556953793481,0.5633846663293389,0.9999129772186279,0.10110404413370867,0.6919011729104183,0.997633695602417,0.05239332644712361,0.7217889115923932,0.9995687007904053,60.02487756725132,0
799,0.1665794799725216,0.5472514686130346,0.999952495098114,0.08971768156403595,0.5629131935891656,0.9999173879623413,0.10118230006524503,0.691885479858944,0.9977079033851624,0.052417534270456895,0.7217578944705787,0.9995825290679932,60.02487756725132,0
800,0.1666412289653507,0.5473823348681136,0.9999542236328125,0.09009398768345522,0.5621262135959811,0.9999213814735413,0.10131977356615529,0.6914621364502684,0.9978060126304626,0.052431397494815686,0.7216953436533616,0.9996021389961243,60.02487756725132,0
801,0.1666666169961295,0.5475918792542962,0.999954879283905,0.09048464468547283,0.5617644417853587,0.9999250173568726,0.1013153472117016,0.6925406115395688,0.9978892207145691,0.052470274979159987,0.7217402259508774,0.9996185302734375,60.02487756725132,0
802,0.16668884456157698,0.5477996241478698,0.999954342842102,0.09097767514841905,0.5601590786661426,0.9999263286590576,0.10119712636584335,0.6947071864491423,0.9979438185691833,0.052492952595154484,0.7218619528270909,0.9996277093887329,60.02487756725132,0
803,0.16670411541348426,0.5479943099476047,0.9999533891677856,0.09144222026779546,0.5583082040150965,0.9999268651008606,0.1010416153640975,0.6979630986849472,0.9979633688926697,0.05262891717609909,0.7221227997825266,0.9996368885040283,60.02487756725132,0
804,0.16672642103263324,0.5481451011839371,0.9999530911445618,0.0919281680669104,0.5559865491730831,0.9999277591705322,0.1010595726824943,0.7001275874319537,0.9979661703109741,0.05284952620665237,0.7223959593545829,0.9996423125267029,60.02487756725132,0
805,0.16675333962554037,0.5481932872817634,0.9999520182609558,0.0923329534984771,0.5540345594996502,0.9999290704727173,0.10118732743320019,0.7002880374590561,0.9979240894317627,0.05306769517206015,0.7225591994467242,0.9996427297592163,60.02487756725132,0
806,0.16674015422662114,0.548245211442312,0.9999507069587708,0.09267667290710276,0.5529839084261945,0.9999271035194397,0.10136014365014584,0.6980457703272507,0.9977817535400391,0.05321252612130987,0.722559565589542,0.9996289014816284,60.02487756725132,0
807,0.16682070635613955,0.5483133196830754,0.999951183795929,0.09282973231304267,0.5533674756685898,0.9999287724494934,0.10172196974356976,0.6959501022384286,0.9977668523788452,0.053318799783786175,0.7225232379777096,0.9996299147605896,60.02487756725132,0
808,0.16700174978801197,0.5483458155677436,0.9999523162841797,0.09290348383642386,0.5536771643729441,0.9999305605888367,0.10214369176399149,0.6940869234857111,0.9977911710739136,0.0533277307237898,0.7222771218844828,0.9996353983879089,60.02487756725132,0
809,0.16722006528150482,0.5484938593137836,0.9999531507492065,0.09283631720713215,0.5546664169856486,0.9999326467514038,0.10246811452366064,0.6935765970320934,0.9978175163269043,0.05338662188677565,0.7220324533326292,0.9996400475502014,60.02487756725132,0
810,0.167403056508019,0.5486478039196563,0.9999533295631409,0.09285300154061552,0.5552052514893673,0.9999327659606934,0.10273470232884097,0.6932458508582349,0.9977740049362183,0.05346348722066202,0.7217800305003217,0.9996345043182373,60.02487756725132,0
811,0.16749157153424776,0.5488783206258506,0.9999545216560364,0.09291975980713262,0.5557965948468168,0.9999346137046814,0.10272713998953509,0.6929355320476356,0.9977988004684448,0.053495390429383276,0.7216064504214702,0.9996386766433716,60.02487756725132,0
812,0.16753124977861145,0.5491536884080801,0.9999555349349976,0.0929887234455064,0.5561166093462994,0.999934732913971,0.10264562247764505,0.692488483020238,0.9977652430534363,0.05349588997307282,0.721445608706702,0.9996364712715149,60.02487756725132,0
813,0.16763667975153257,0.5493573120662149,0.9999566674232483,0.09299499328647348,0.5567086452529548,0.9999340772628784,0.10316932485217148,0.6923453268550697,0.9977731108665466,0.053633914284762926,0.721542704673041,0.9996392726898193,60.02487756725132,0
814,0.16785516057695676,0.5494315766152886,0.9999576807022095,0.09290689868586412,0.5577272602490021,0.9999338984489441,0.10411634225220917,0.6920816302299505,0.9977011680603027,0.054048621406157855,0.7215181645892921,0.9996275305747986,60.02487756725132,0
815,0.16803804181870974,0.5494836341767089,0.9999569058418274,0.09284583514644992,0.5588570520991376,0.9999368786811829,0.10505652959857675,0.691832670143673,0.9975054860115051,0.054561376749050094,0.7214595221337824,0.9996169209480286,60.02487756725132,0
816,0.16811828599089684,0.5495168708619622,0.9999574422836304,0.09277691230887467,0.5599699531282702,0.999937117099762,0.10559453744263886,0.6916708662396391,0.9974669218063354,0.05502388679555489,0.7213679722377238,0.9996121525764465,60.02487756725132,0
817,0.1680882935013091,0.5497531152906876,0.999956488609314,0.09278430647793279,0.5607631547110425,0.9999361038208008,0.10546109506062107,0.6915145090648112,0.9974860548973083,0.05527652108243538,0.7213086315563753,0.99961256980896,60.02487756725132,0
818,0.168048116422835,0.5501116116841639,0.9999555349349976,0.09281957043068757,0.5608995301382886,0.9999310374259949,0.10496824695950471,0.6913822094599411,0.9974006414413452,0.05529752923619184,0.7212168517566868,0.9995924830436707,60.02487756725132,0
819,0.16798505683739995,0.5505131937208634,0.9999552965164185,0.09285479464701252,0.5610767801602685,0.9999280571937561,0.10453841870739355,0.6914342017400839,0.997394859790802,0.05522313270540469,0.7212884965397068,0.9995869994163513,60.02487756725132,0
820,0.1680171688397727,0.5509101209186378,0.9999549388885498,0.0929151762809073,0.5611688324383332,0.9999255537986755,0.10432048922493353,0.691364861669995,0.9973558187484741,0.05521647436987791,0.7212755907149548,0.999576985836029,60.02487756725132,0
821,0.16802137522470398,0.5513009797959105,0.9999548196792603,0.09304472378322064,0.5611929240680881,0.9999213814735413,0.10414619708345058,0.6913885161990216,0.9972617030143738,0.05521034484817873,0.7212875173205426,0.9995588064193726,60.02487756725132,0
822,0.1680596591461274,0.5517840584119165,0.9999544024467468,0.0932996067262832,0.5612165757587982,0.9999187588691711,0.10392556091149656,0.6915751922698253,0.9972093105316162,0.055201204582339285,0.7213279179164347,0.9995517134666443,60.02487756725132,0
823,0.1679714464005971,0.5523257539385845,0.9999532699584961,0.09375208722693587,0.5613629789579486,0.9999176859855652,0.10354923847175788,0.6919722017787757,0.9972028136253357,0.055170681682371,0.7214169700940456,0.9995505213737488,60.02487756725132,0
824,0.1676933566729229,0.552802838030316,0.9999523758888245,0.09421546189557946,0.5618053532782059,0.9999148845672607,0.10313521644898832,0.6922729100499839,0.9971596002578735,0.05518614287887306,0.721511962867919,0.999543309211731,60.02487756725132,0
825,0.16733664841878995,0.5532509656179523,0.9999521970748901,0.09460054231541505,0.5624173822857089,0.9999105930328369,0.10285154871997387,0.6923377939632966,0.9970940351486206,0.055363912490152226,0.7216858040718812,0.9995371103286743,60.02487756725132,0
826,0.1670178771018983,0.5536049405733748,0.9999523162841797,0.0948484231318747,0.5630614502089369,0.9999039769172668,0.10284316291411726,0.6919624890599938,0.9969570636749268,0.05565654557375685,0.7218393456368226,0.99952232837677,60.02487756725132,0
827,0.16680387372062333,0.5538487434387211,0.9999520182609558,0.09482509288049887,0.563510792596,0.9998984932899475,0.10281592323666536,0.6919603177479341,0.9968791007995605,0.05586090240450137,0.7219940821329758,0.9995160698890686,60.02487756725132,0
828,0.16681105395158147,0.5540448824564621,0.9999508261680603,0.09477554403600247,0.5632963946887429,0.99989914894104,0.10281508274021611,0.6924938048635216,0.9968070983886719,0.05591953315195587,0.7221990852128898,0.9995090365409851,60.02487756725132,0
829,0.16681042810281133,0.5540614724159245,0.9999473094940186,0.0947902929924784,0.5627226886295141,0.9998958110809326,0.10269059524649674,0.6930410294305716,0.9967214465141296,0.05580150868211478,0.722269427208674,0.9994982481002808,60.02487756725132,0
830,0.16686365292185842,0.5539876506442121,0.9999428987503052,0.0946338939524833,0.5621240678287692,0.9998956918716431,0.1024672027145114,0.6937047697248918,0.9967128038406372,0.055508678690308656,0.7222202164786209,0.999496579170227,60.02487756725132,0
831,0.1668522315365929,0.5539623215084989,0.9999415278434753,0.09431116282939919,0.5616481077103392,0.9998968839645386,0.10197575496775771,0.6942562744731,0.9965234398841858,0.05520277275216016,0.7221778006780721,0.9994655847549438,60.02487756725132,0
832,0.1666197620687032,0.5538978065763206,0.9999407529830933,0.09411972335406721,0.5614597286496847,0.9998976588249207,0.10130027362278538,0.6943713000842509,0.9965630173683167,0.054939341687020846,0.7220637628010347,0.999460756778717,60.02487756725132,0
833,0.1662842134634655,0.5539639081273764,0.9999401569366455,0.09403646134194882,0.5614952132815412,0.9999001026153564,0.10052441592727396,0.6945658808662785,0.996597170829773,0.05468621442005752,0.7219903298786714,0.9994553923606873,60.02487756725132,0
834,0.1659631218229023,0.5541274774642222,0.9999398589134216,0.0941794897828784,0.5615083376566574,0.9999035000801086,0.09994203419912437,0.6947872979300369,0.9966567754745483,0.054545778781175655,0.7220318260647007,0.999460756778717,60.02487756725132,0
835,0.16564080828712113,0.5543119850612827,0.99993896484375,0.09444207910980504,0.5616297807012289,0.9999021887779236,0.09968883686122448,0.6947061760084976,0.9966889023780823,0.05452869105197139,0.7220701802344556,0.9994567036628723,60.02487756725132,0
836,0.16552871607598818,0.5544451106162303,0.999938428401947,0.09457513654515864,0.5618685342016678,0.9999029040336609,0.09976365417242058,0.6946269018309463,0.996654748916626,0.054536789478290694,0.7221345787956608,0.9994388818740845,60.02487756725132,0
837,0.16545252360048762,0.5543239343734019,0.9999369382858276,0.09451975176731753,0.5619738045192905,0.9999017715454102,0.09977766835973384,0.6945372990199503,0.9966127276420593,0.05452462161580726,0.7221737702687587,0.9994166493415833,60.02487756725132,0
838,0.16532136145092205,0.5539297177678068,0.9999368190765381,0.09443997095028568,0.5625081289382212,0.9999024868011475,0.09975485184362964,0.6942237615585333,0.9964633584022522,0.05449206577170467,0.7221714456876125,0.9993810057640076,60.02487756725132,0
839,0.16526091737406606,0.5534895828792032,0.9999344348907471,0.09438206858578191,0.5631943373453054,0.999904453754425,0.09982851183130637,0.6938283727282575,0.9963053464889526,0.05445866428670433,0.7221856401080182,0.9993425011634827,60.02487756725132,0
840,0.16521726619629645,0.5529874137469705,0.9999365210533142,0.09447112573044648,0.5637952827271966,0.9999099969863892,0.09978586790107553,0.6935268754050851,0.9963440299034119,0.05442703710425472,0.722240172681355,0.9993575811386108,60.02487756725132,0
841,0.1651291343427841,0.5523595299039573,0.9999400973320007,0.09465367488917859,0.5644807787168599,0.9999164938926697,0.09962231275581186,0.6933956855819343,0.9965192675590515,0.054415029961438446,0.7223278567904523,0.9993895888328552,60.02487756725132,0
842,0.16505524161316115,0.551709890365601,0.9999426603317261,0.09484905643122545,0.565072615941366,0.9999218583106995,0.09924607652993436,0.6934017908005493,0.9966534376144409,0.05439288878724693,0.7224257418087556,0.9994123578071594,60.02487756725132,0
843,0.16496268553393242,0.5511168014435546,0.999943733215332,0.09513475639479509,0.5651828447977707,0.9999251365661621,0.09865268142450431,0.6936316348257525,0.9966990947723389,0.054309880627053164,0.7224829991658535,0.99941486120224,60.02487756725132,0
844,0.16489810532047647,0.5506299961180918,0.999945878982544,0.0954013583915575,0.5653383987290523,0.9999298453330994,0.09809967591649019,0.6937597479139062,0.9968382120132446,0.054174860318501834,0.7224394338471556,0.9994384050369263,60.02487756725132,0
845,0.16489288778532132,0.5503735712596353,0.9999461770057678,0.09563577494450987,0.5653141850516914,0.999932587146759,0.09778563323475073,0.6938969947042926,0.9969146847724915,0.05402179417156042,0.7223319666726253,0.9994484186172485,60.02487756725132,0
846,0.16488249458017817,0.5504813194274907,0.9999464750289917,0.09585266915105646,0.5650473208654498,0.9999351501464844,0.09759100420134414,0.6940959493319199,0.9969851970672607,0.05384949328643939,0.7222528571174264,0.9994581341743469,60.02487756725132,0
847,0.16487363690421708,0.550672346637363,0.9999467730522156,0.09594690657797322,0.564835891837166,0.9999377727508545,0.09743720434960873,0.694206697600229,0.997092068195343,0.053565376571246597,0.7221951654979166,0.9994758367538452,60.02487756725132,0
848,0.1648578587032501,0.550964352630434,0.9999462962150574,0.09588750309887395,0.5646056561242971,0.9999389052391052,0.0971899703145028,0.6943329288845976,0.9971757531166077,0.05320557189129652,0.7221784478142154,0.9994873404502869,60.02487756725132,0
849,0.16487139605340517,0.5513831462178915,0.9999447464942932,0.09581277413027636,0.5643233600116915,0.9999383687973022,0.09692671895027169,0.6945543913614187,0.9972226023674011,0.052852511583339645,0.7222170035044357,0.9994913935661316,60.02487756725132,0
850,0.16506341596444463,0.5518334195727398,0.9999428391456604,0.09581392826068977,0.5640036208289014,0.9999363422393799,0.09679257053704496,0.69501733212244,0.9972690939903259,0.05257644557527138,0.7222848931948349,0.9994958639144897,60.02487756725132,0
851,0.1653491712751844,0.5522882257189075,0.9999402165412903,0.09568513397659582,0.5637672089395074,0.9999321103096008,0.09686037153005608,0.6956403028397339,0.9972841739654541,0.05244028426352006,0.7223787563187741,0.99949711561203,60.02487756725132,0
852,0.1657078727370218,0.5528376272746499,0.9999377131462097,0.09535494411275508,0.5636442559106014,0.9999256134033203,0.09710169228769491,0.6962350323086699,0.9972655773162842,0.05241513642526813,0.722480958416349,0.999492883682251,60.02487756725132,0
853,0.16601246453466884,0.5532824028105967,0.9999359846115112,0.09494803420134962,0.5635863996687394,0.9999189376831055,0.09729834113802235,0.6966134394918175,0.9971480369567871,0.052368142597732134,0.7225569174403241,0.9994727373123169,60.02487756725132,0
854,0.16618693655445477,0.5535530845324204,0.99993497133255,0.09457261044354673,0.5635616580645249,0.9999130368232727,0.09740338971217481,0.6966835657755539,0.9970237016677856,0.052288583701565194,0.7225517630577094,0.9994463324546814,60.02487756725132,0
855,0.16620040507543668,0.5536699067978637,0.9999343752861023,0.09430691316014253,0.5635454683076773,0.999911367893219,0.09743236643927446,0.6966155880973458,0.996972918510437,0.0521584327022235,0.7224800217719312,0.9994349479675293,60.02487756725132,0
856,0.16600218131428685,0.5537283392179584,0.9999328255653381,0.09427300698700414,0.5635963564827333,0.9999041557312012,0.09733180524337867,0.6965538916133704,0.996877133846283,0.05195142488394469,0.7224197614760631,0.9994068145751953,60.02487756725132,0
857,0.1656356106201809,0.5537379781405135,0.9999299645423889,0.09431054762431562,0.5637092703864692,0.9998995661735535,0.09721370218765175,0.6963637953712833,0.9967983365058899,0.05176226989853954,0.7223700909387504,0.9993859529495239,60.02487756725132,0
858,0.16532353134382352,0.5537472083455045,0.999931275844574,0.09430679359606342,0.5638514813922705,0.9999024868011475,0.09711866683903203,0.6960913737614955,0.9968755841255188,0.051624769433623305,0.7223429310889476,0.9993975758552551,60.02487756725132,0
859,0.16513093312581395,0.5537307631401793,0.9999341368675232,0.09431557570184987,0.563969799450466,0.9999061226844788,0.09706972007240576,0.6957958908308126,0.9969673156738281,0.051598643795365426,0.7223513977868222,0.9994096159934998,60.02487756725132,0
860,0.16513283692655123,0.5537571538062327,0.999936580657959,0.09430669602893656,0.564012141454788,0.9999074339866638,0.09705440948406863,0.6955710961705168,0.9969709515571594,0.051647784986666306,0.7223689499355503,0.9993905425071716,60.02487756725132,0
861,0.16532051279431312,0.5538079568317963,0.999939501285553,0.09425940151725504,0.5639731713703705,0.999911904335022,0.09714667286191675,0.6955472003845947,0.9970598220825195,0.05173685720988687,0.7223651125317534,0.9993998408317566,60.02487756725132,0
862,0.16545031397115628,0.5538669342086433,0.9999396204948425,0.09419052480232155,0.5639705232211527,0.9999101161956787,0.09727696542228978,0.6954709206308642,0.9970835447311401,0.05180021854383609,0.7223438507034671,0.9993923902511597,60.02487756725132,0
863,0.16557172437508916,0.5540041327476506,0.9999404549598694,0.0943139429603305,0.5639294300760546,0.9999113082885742,0.09751746093943013,0.695369442303976,0.9970816373825073,0.051948781879175315,0.722327039355324,0.9993855357170105,60.02487756725132,0
864,0.1656489471594494,0.553935153143747,0.99994295835495,0.09452185992683691,0.5638182872817634,0.9999139308929443,0.0977675120035808,0.6950861045292451,0.9971840977668762,0.05211815326696355,0.7222496696880891,0.9994022250175476,60.02487756725132,0
865,0.16564314422153303,0.5537134863081438,0.9999446272850037,0.09479205452260525,0.5636591968082252,0.99991774559021,0.09795295624505915,0.6946995286714468,0.9972942471504211,0.05226611310527443,0.7221317603474577,0.99942547082901,60.02487756725132,0
866,0.16562555091721687,0.5534564682415558,0.9999467134475708,0.09500910696529215,0.5634756655920123,0.9999217987060547,0.09804620593786248,0.6942468228794285,0.9973628520965576,0.05235139245078682,0.7219479765210839,0.9994362592697144,60.02487756725132,0
867,0.1656689395507178,0.553265111786979,0.999946653842926,0.09509139011303591,0.5633205147016621,0.9999210834503174,0.09813464539391661,0.6942548070635121,0.9973535537719727,0.05237876765784767,0.7218677117711028,0.9994332790374756,60.02487756725132,0
868,0.16575020906471083,0.5531939949308127,0.9999469518661499,0.09503841009877985,0.5632416974930541,0.9999222159385681,0.09820314319360832,0.6945394958768577,0.9973452687263489,0.05233497687038925,0.7218792353357594,0.9994293451309204,60.02487756725132,0
869,0.1658714761336646,0.5533157728967217,0.9999464154243469,0.09503843032178433,0.5632382773217706,0.9999225735664368,0.09835265115613037,0.6950516388529828,0.9973628520965576,0.05249744813357085,0.7220211483183367,0.9994385838508606,60.02487756725132,0
870,0.16595592952909938,0.5533873353685657,0.9999474883079529,0.09501440361851746,0.5632746702148805,0.9999239444732666,0.0984983919631868,0.6955456449871977,0.9973991513252258,0.052775221743754014,0.722201614152818,0.9994425773620605,60.02487756725132,0
871,0.16597756033852,0.5533919788542252,0.9999486207962036,0.0949743017554284,0.5633217238244561,0.9999249577522278,0.09860723572117949,0.6956319695427309,0.9974268078804016,0.053042368342479114,0.7222984631856288,0.9994434714317322,60.02487756725132,0
872,0.16595651564143965,0.5533560826664884,0.9999498724937439,0.09489440492221296,0.5634190411794757,0.9999266862869263,0.09864539369231187,0.6953274948256362,0.9974889755249023,0.053185723189796766,0.7222453866686146,0.9994579553604126,60.02487756725132,0
873,0.16590310420308807,0.5531736527170459,0.9999514818191528,0.09473010329973137,0.5635744673865186,0.999927818775177,0.09870997177703048,0.694866061210633,0.9975553154945374,0.053176539462237174,0.7221949185643883,0.9994688034057617,60.02487756725132,0
874,0.16585359190191556,0.5530714449428381,0.999952495098114,0.09454307385853367,0.5636888628914247,0.9999282956123352,0.09870686488492156,0.6944946816989359,0.9975647330284119,0.053037850629715735,0.7221728336243408,0.9994698166847229,60.02487756725132,0
875,0.16582326803888608,0.5530617010025756,0.9999520182609558,0.09438165099847892,0.5638026538349338,0.9999257922172546,0.0986861834923427,0.6942263926778527,0.9975035190582275,0.05296913906931881,0.7220698140916375,0.9994557499885559,60.02487756725132,0
876,0.16576109684648982,0.5531789660453801,0.9999505281448364,0.0943048372864724,0.563855227969942,0.9999220371246338,0.09864433996734173,0.6941827535629277,0.9974563121795654,0.05296263648640546,0.721961086704618,0.9994447827339172,60.02487756725132,0
877,0.16571165834154414,0.5533074339230859,0.9999520182609558,0.0944769719526882,0.563814086573465,0.9999256730079651,0.09859447074787965,0.6941103708176392,0.9975368976593018,0.052982648391099244,0.7218220659664705,0.9994634985923767,60.02487756725132,0
878,0.16552903041953146,0.5534102405820578,0.9999533295631409,0.09484002703712108,0.5637342646008451,0.9999291300773621,0.09845709623325447,0.6942184368769333,0.9976263642311096,0.05299334210299314,0.7217197900726688,0.9994872808456421,60.02487756725132,0
879,0.16531295151937592,0.55332324618385,0.999953031539917,0.09519709185475403,0.5637538858822418,0.9999303221702576,0.09847944478193926,0.6939920811426077,0.9976631999015808,0.05301375917735558,0.721604866640909,0.9994989037513733,60.02487756725132,0
880,0.16511062781016045,0.5532803961208893,0.9999524354934692,0.09545655477614637,0.563802804265704,0.9999302625656128,0.09850182632605242,0.6937236757505514,0.997710645198822,0.05302766000940691,0.7214634872618182,0.9995068311691284,60.02487756725132,0
881,0.16497874330906653,0.553200619561332,0.9999532103538513,0.09555166959762582,0.5639012001809625,0.9999324679374695,0.0984291097237951,0.6934179294677013,0.9977507591247559,0.05302625912285991,0.7212311767396478,0.9995182156562805,60.02487756725132,0
882,0.16481391375973126,0.5531368113699417,0.9999535083770752,0.09587515393892931,0.5639805878911703,0.9999345541000366,0.09827016081128809,0.6931450054759076,0.9977707266807556,0.05302701748552781,0.7209885971886776,0.9995270371437073,60.02487756725132,0
883,0.1649467427106132,0.5530393123626713,0.9999533295631409,0.09641547855876748,0.5640234407924475,0.9999361634254456,0.09822868555784234,0.6930464591298791,0.9978039860725403,0.05305903972614383,0.720810438905444,0.9995375871658325,60.02487756725132,0
884,0.165254443883896,0.5530334682691669,0.9999533295631409,0.09706715387957444,0.5637505338305523,0.9999364614486694,0.09798176905938566,0.693348646163941,0.9978119134902954,0.05299136929568794,0.7207652784529193,0.9995379447937012,60.02487756725132,0
885,0.16537359782627664,0.5530686208180023,0.9999538064002991,0.0971649008847419,0.5640142105874566,0.9999377727508545,0.09767105607759392,0.6935655361130129,0.997822105884552,0.05288232685554599,0.7207958868571696,0.9995412826538086,60.02487756725132,0
886,0.1653672556082409,0.5533460038048885,0.9999557733535767,0.0967010241888819,0.5645704808689304,0.9999406933784485,0.0976095174749693,0.6936700571151013,0.9979372620582581,0.05282321217514224,0.7208339515186497,0.9995648264884949,60.02487756725132,0
887,0.1651816112654551,0.5536868203253977,0.9999573826789856,0.09570181050470905,0.5652836334137694,0.9999427795410156,0.09759397911173964,0.6935558943521414,0.9980111718177795,0.052783197412888255,0.7208907859666013,0.9995814561843872,60.02487756725132,0
888,0.1648518414724442,0.5540276765823369,0.999959409236908,0.09487582175504601,0.5658534481411893,0.9999467730522156,0.09790973329827907,0.6932506277447661,0.9980640411376953,0.05299807978527891,0.720964582193466,0.9996034502983093,60.02487756725132,0
889,0.16470289443220426,0.5542592803637192,0.9999605417251587,0.09430267484415153,0.5662645186696739,0.9999498724937439,0.09851127224309111,0.6928893753460481,0.9980975389480591,0.053387136331626395,0.721042672793071,0.9996213316917419,60.02487756725132,0
890,0.16487227806023202,0.5545951979500912,0.9999582171440125,0.09383516226496023,0.5661958058675135,0.9999470710754395,0.09902939768064598,0.6926614727292748,0.9979574084281921,0.05371472328191716,0.721076959655399,0.9995982050895691,60.02487756725132,0
891,0.16498741507530226,0.5549099672408335,0.9999550580978394,0.09309054804699768,0.5664156306357615,0.9999417662620544,0.09931883712609617,0.6925864162899205,0.9976866245269775,0.053930553651991384,0.7211110052608314,0.9995505809783936,60.02487756725132,0
892,0.16516351770787024,0.5554097266424274,0.9999514222145081,0.09254158217282529,0.5664538769494925,0.9999329447746277,0.09959457566340772,0.692664694218409,0.9973121285438538,0.05407630563491871,0.721117013976688,0.9994734525680542,60.02487756725132,0
893,0.1652982213667462,0.5558374126752222,0.9999473690986633,0.09214953297660472,0.5663180691855298,0.9999259114265442,0.0996343951140132,0.6926997559411191,0.9971014261245728,0.05402903223321556,0.7209644629841765,0.9994257688522339,60.02487756725132,0
894,0.16533963169370391,0.5561106034687592,0.9999459385871887,0.09221278556755619,0.5659831364949549,0.9999228715896606,0.09968798465672002,0.692815800507864,0.9969601035118103,0.05404512992217432,0.7208042542139694,0.9993897676467896,60.02487756725132,0
895,0.16526144033386608,0.5561921851975582,0.9999445080757141,0.0923564533392589,0.5657493727547787,0.9999209642410278,0.0996116009496508,0.6929968112990974,0.9969615936279297,0.05402412602589249,0.720680191403344,0.999383270740509,60.02487756725132,0
896,0.16518471780277447,0.5561723623956958,0.9999455809593201,0.09224236366294687,0.565696327459245,0.9999246597290039,0.09956009189287829,0.6931036966187619,0.9970710873603821,0.05397380994898937,0.7205781312215902,0.9994091391563416,60.02487756725132,0
897,0.16516817041805826,0.5560873434657146,0.9999452829360962,0.09199102861540666,0.5658513364337744,0.999926745891571,0.09951122459911173,0.6933062473932907,0.9970400333404541,0.05390063194291937,0.7205608288447067,0.9994036555290222,60.02487756725132,0
898,0.16524532579240359,0.5560109076045813,0.9999457001686096,0.09189106169201086,0.5659823985326862,0.9999278783798218,0.09951038445745203,0.6935481287184222,0.9970204830169678,0.05388352966734346,0.7206710945992248,0.9994004964828491,60.02487756725132,0
899,0.16535861151559025,0.5559379373277942,0.9999475479125977,0.09191934374116723,0.5661332919484098,0.9999316930770874,0.09954231622673224,0.6936613122622177,0.99715656042099,0.05388865371545161,0.7207561277207879,0.9994332194328308,60.02487756725132,0
900,0.16543280581633263,0.5558137042181837,0.9999498128890991,0.0921457271490779,0.5662356075786414,0.999935507774353,0.0995715572720483,0.693652232487997,0.9972865581512451,0.05390002170488953,0.7208423869950437,0.9994626641273499,60.02487756725132,0
901,0.165451181786401,0.5555682097162522,0.9999517202377319,0.09224202749984609,0.5663326254912788,0.9999374747276306,0.09956892526575503,0.6935327010495326,0.9973672032356262,0.053865356902991074,0.7208941238267085,0.9994766712188721,60.02487756725132,0
902,0.1654255613684655,0.5552372591836116,0.9999536871910095,0.09230741858482364,0.566419682332448,0.9999398589134216,0.09954736488206051,0.6933002812521802,0.9974204301834106,0.05380741905953208,0.7209287498678484,0.9994906783103943,60.02487756725132,0
903,0.16535594456252609,0.5548208526202615,0.9999555945396423,0.09234190040401052,0.5664967781021486,0.9999430179595947,0.0995068761209647,0.6929549730959397,0.9975413084030151,0.053726208174512555,0.720946265118463,0.9995168447494507,60.02487756725132,0
