frame_id,left_shoulder_x,left_shoulder_y,left_shoulder_visibility,right_shoulder_x,right_shoulder_y,right_shoulder_visibility,left_hip_x,left_hip_y,left_hip_visibility,right_hip_x,right_hip_y,right_hip_visibility,fps,low_visibility
0,0.4310784786939621,0.3947154723462606,0.9863735437393188,0.427394863395464,0.4061955901838486,0.9993972778320312,0.42853116776262007,0.5908889997573131,0.977659285068512,0.42767358039106645,0.6048788442498163,0.9937750101089478,60.02479284922033,0
1,0.42798932109560295,0.39467076957225816,0.9874338507652283,0.42572543025016807,0.4054801400218694,0.9994491934776306,0.4267935795443399,0.5887252901281635,0.9794458150863647,0.42814939149788456,0.6004373473780497,0.9943049550056458,60.02479284922033,0
2,0.425981008580753,0.3946520920310704,0.9880103468894958,0.42408420571259114,0.40457254222461186,0.9994968175888062,0.42551976655210777,0.5869865034307757,0.9809566140174866,0.42809652856418073,0.5966697931289673,0.9947548508644104,60.02479284922033,0
3,0.42505354114941224,0.3946594397226973,0.988162636756897,0.42247118978273335,0.40347279679207604,0.9995373487472534,0.42470972878592383,0.5856726396651499,0.9818272590637207,0.42751499158995526,0.5935761815025697,0.9950546026229858,60.02479284922033,0
4,0.4255738315128148,0.3947614601680214,0.9889104962348938,0.42057346020426106,0.4020514218580158,0.9995770454406738,0.42461791634559665,0.5854368663969498,0.9830344915390015,0.4262984778199881,0.591768860816956,0.9954356551170349,60.02479284922033,0
5,0.42687464895702576,0.3947933231081285,0.9895828366279602,0.41897369850249555,0.40070979510034865,0.9996137619018555,0.4247558741342457,0.5846486091613774,0.9841704964637756,0.42459938072022974,0.5897697664442522,0.995781421661377,60.02479284922033,0
6,0.4278448209876109,0.3947382058416097,0.9902636408805847,0.41784041268484967,0.39934195932887884,0.999647855758667,0.42476698188554707,0.5840192096573971,0.9851843118667603,0.4230685943648932,0.5883296784900488,0.9960749745368958,60.02479284922033,0
7,0.4288986211731324,0.3947287854694188,0.9907629489898682,0.4165788448992233,0.3977690651303249,0.999679446220398,0.4249228423550019,0.5838269421032501,0.9861134886741638,0.4220224292505359,0.5870436515126913,0.9963696002960205,60.02479284922033,0
8,0.4296781051726572,0.3947688114075437,0.9912031888961792,0.41561271179290077,0.3969029684861504,0.9997081756591797,0.42481587330500314,0.5836517640522553,0.9870030879974365,0.4213648126238872,0.586061951659975,0.9966254234313965,60.02479284922033,0
9,0.42977319728760527,0.39499654940196477,0.9916377663612366,0.41501831440698567,0.39607124953042927,0.999733567237854,0.4243395058881672,0.5834889780907409,0.9878122806549072,0.42106175848415955,0.5852322095916389,0.9968587756156921,60.02479284922033,0
10,0.430244061208907,0.39571803524380667,0.9919353127479553,0.41463281852858436,0.39488958744775715,0.9997568726539612,0.42378237133934415,0.5831299395788287,0.9883577227592468,0.4202404887903307,0.5841338322276166,0.9970572590827942,60.02479284922033,0
11,0.4305791783900491,0.3966820083913352,0.9923949241638184,0.41397710783141034,0.3938728641896024,0.9997791647911072,0.423063641502744,0.5826184040024172,0.9890071153640747,0.41925090125628917,0.5828888473056616,0.9972679615020752,60.02479284922033,0
12,0.4308049125330792,0.3977754243782592,0.9927998781204224,0.41318559930438126,0.39315059213411274,0.9997993111610413,0.4224295204594025,0.5820788173448477,0.9895865321159363,0.41827515335310106,0.5822813624427436,0.9974574446678162,60.02479284922033,0
13,0.4310167829195662,0.3992149957588744,0.993148148059845,0.41204197491918326,0.3930591798964004,0.99981689453125,0.42214126955895226,0.5822502317882724,0.9900676012039185,0.41764265298843417,0.5822128312928341,0.9976018071174622,60.02479284922033,0
14,0.43110004351252634,0.4004550079504652,0.9935342073440552,0.41090910207657616,0.39347363085973863,0.9998329877853394,0.421820483037404,0.5825573291097372,0.9905823469161987,0.41684942869913044,0.5822261373202011,0.9977395534515381,60.02479284922033,0
15,0.43122054281688904,0.4013009426139653,0.9939439296722412,0.4098255733648939,0.3936472322259634,0.9998478889465332,0.42162636773926904,0.5830112922759287,0.9911518692970276,0.4157147322382249,0.5824388662974045,0.9978851675987244,60.02479284922033,0
16,0.43078535085632724,0.4018039447920666,0.9942625164985657,0.4089199886435557,0.39375389757610535,0.9998610615730286,0.42110165244057096,0.5833986543473748,0.9915634989738464,0.4143485852650237,0.5827608505884811,0.9980064034461975,60.02479284922033,0
17,0.4295173415115905,0.40174034095945843,0.9945635199546814,0.408285927204859,0.3938037582806182,0.9998733997344971,0.419742340133304,0.5833619691076737,0.9919594526290894,0.41282243529955576,0.5828272757076086,0.9981152415275574,60.02479284922033,0
18,0.4277501404285434,0.4014427917344233,0.9948607087135315,0.40781207453636925,0.39387829672722624,0.9998847246170044,0.4180874512309123,0.582959359600431,0.9924147129058838,0.41166197827884166,0.582831666583107,0.9982458353042603,60.02479284922033,0
19,0.4263810515403751,0.4014208160695579,0.9950573444366455,0.4074501040435976,0.3940050559384486,0.9998947978019714,0.41670735960915006,0.5828393669355487,0.9926703572273254,0.41097494108336347,0.5828765176591424,0.9983435273170471,60.02479284922033,0
20,0.423540701468786,0.40134992344038856,0.9953821897506714,0.40705799346878446,0.39419010565394474,0.9999040961265564,0.4150340982845855,0.5829071998596196,0.9930957555770874,0.41063598224094966,0.5830596515110565,0.9984527826309204,60.02479284922033,0
21,0.4212071696917219,0.4013541340827945,0.995650589466095,0.4065846034458709,0.3942477447646008,0.9999117255210876,0.41328257748058894,0.5825626481147044,0.9933720827102661,0.40992183486620615,0.5827007719448639,0.9985241293907166,60.02479284922033,0
22,0.4185195182050981,0.40135658780733774,0.995602011680603,0.40610887465022893,0.3942036685489476,0.9999184608459473,0.4110219549565092,0.5819834527515234,0.9934828281402588,0.4091153513817563,0.5820111802646097,0.9985762238502502,60.02479284922033,0
23,0.4159212708473209,0.40115025497618206,0.9956493973731995,0.40575199467795264,0.3940513573941734,0.9999246597290039,0.40859323314258067,0.5813335549263732,0.9935114979743958,0.40802142307871897,0.5813027705465049,0.9986019134521484,60.02479284922033,0
24,0.414804360696248,0.40105415951638024,0.9957654476165771,0.4051205345562529,0.393786328179496,0.9999305605888367,0.40722034232957055,0.5808068230038602,0.993583083152771,0.40709804069428246,0.5806716964358379,0.9986438155174255,60.02479284922033,0
25,0.41522022372200407,0.40087114487375564,0.9957403540611267,0.4044500064282194,0.39391266164325567,0.99993497133255,0.4071212226436255,0.580537977672759,0.9934626221656799,0.40617105080967886,0.5803323558398661,0.9986379146575928,60.02479284922033,0
26,0.4140580424240661,0.4004559871696294,0.9959427714347839,0.40376414145742173,0.39452839749200036,0.9999397397041321,0.40669544395946355,0.5809083013307486,0.9935051798820496,0.4057529710588005,0.5807591080665593,0.9986596703529358,60.02479284922033,0
27,0.41341347069967394,0.4000887544382189,0.996035099029541,0.402910323370071,0.39499900738398264,0.9999428391456604,0.4061561751933328,0.5807067297753838,0.9935439229011536,0.4050461933726359,0.5803270765713288,0.9986711144447327,60.02479284922033,0
28,0.41261442076592253,0.39982412258784006,0.9961499571800232,0.4020559972240815,0.39602782045091933,0.9999456405639648,0.40534888704617855,0.5802691976229354,0.9935826659202576,0.4040484470980511,0.5796324922924954,0.9986842274665833,60.02479284922033,0
29,0.4119949071180256,0.39960922939436805,0.9962497353553772,0.4010809234210426,0.39707093437512747,0.9999474883079529,0.4046413870084856,0.5794973117964614,0.9934548139572144,0.40267656530652757,0.5787889815512162,0.9986332058906555,60.02479284922033,0
30,0.4123399541491557,0.3996834300813224,0.9963123798370361,0.39993180263610145,0.3979113939262575,0.9999461770057678,0.4044632954256878,0.5785645558720547,0.9932622909545898,0.40148238624845267,0.5779836944171365,0.998534083366394,60.02479284922033,0
31,0.4121346161479045,0.39951504270235727,0.9962650537490845,0.3990756528718134,0.3986741105715437,0.9999472498893738,0.4041976361047657,0.5778198298953834,0.9929808378219604,0.4006023406982425,0.5775281559853331,0.9984978437423706,60.02479284922033,0
32,0.4100086674803783,0.3990767669110074,0.9963741898536682,0.39860050593103713,0.39933441082636545,0.9999491572380066,0.4031541986124859,0.5775881182579772,0.9929860234260559,0.4003538049402694,0.5777540433974497,0.9985010027885437,60.02479284922033,0
33,0.4076516131560011,0.39856239301817786,0.996446430683136,0.398326043571745,0.3991738543623973,0.9999514222145081,0.40195554778689463,0.5773800923710782,0.9930626153945923,0.40057626224699505,0.577631499086108,0.9985331892967224,60.02479284922033,0
34,0.4052616670018154,0.3979274616354991,0.996517539024353,0.39816416019485146,0.39868561994461815,0.9999539852142334,0.40074438282421687,0.5772350146656948,0.9932169914245605,0.40081689045542795,0.5774601272174295,0.9985840320587158,60.02479284922033,0
35,0.4037406316825325,0.39747425204231657,0.9965953230857849,0.39783469410169725,0.39786996585982215,0.9999569058418274,0.39990152631487197,0.5769954607600263,0.9933249950408936,0.4008742670218153,0.5771494451023288,0.9986359477043152,60.02479284922033,0
36,0.4029854110309059,0.3970794663542796,0.9967483282089233,0.39742517329397686,0.39677098677271916,0.9999597668647766,0.39946153334208934,0.576734860738119,0.9934697151184082,0.40112807353337643,0.5769152925128033,0.998683512210846,60.02479284922033,0
37,0.4027225091343838,0.39684185385704074,0.996842622756958,0.3967798167750952,0.39559985768227385,0.9999622702598572,0.39917799262773457,0.5765520107178466,0.9936490058898926,0.40140384719485356,0.5766918574060717,0.9987356066703796,60.02479284922033,0
38,0.40234829272542716,0.3968311959788916,0.9969522953033447,0.39621452916236183,0.39487946459225276,0.999964714050293,0.3990742777075089,0.5765533731097272,0.9938168525695801,0.4016752810705279,0.5766366067386813,0.998788595199585,60.02479284922033,0
39,0.40255128060068435,0.3970032760075164,0.9970390200614929,0.3954729054655351,0.3943547606468204,0.999967098236084,0.39913414489655297,0.5766258551960904,0.9935421347618103,0.40188997700100887,0.5765585530371897,0.9987360835075378,60.02479284922033,0
40,0.402553071578344,0.397173528160368,0.9971721172332764,0.3947339682351978,0.39396507399422814,0.9999693036079407,0.39904967659995705,0.5766658499127347,0.9936221241950989,0.4020780920982364,0.5764387505395077,0.9987545609474182,60.02479284922033,0
41,0.40237438820657306,0.39739368075416237,0.9972982406616211,0.39433445675032514,0.3939655465739117,0.9999713897705078,0.3988212716011777,0.5767045162972955,0.9937530755996704,0.4022055708226706,0.5763505470185057,0.9987953901290894,60.02479284922033,0
42,0.4012552187556315,0.3974014236813503,0.9974188804626465,0.3942564442044216,0.3939663554940908,0.9999729990959167,0.398315155789966,0.5766937846229194,0.9939994215965271,0.4023773428939641,0.5762862250918439,0.9988306760787964,60.02479284922033,0
43,0.39988260893594685,0.3974525275684542,0.9975282549858093,0.3942822445006601,0.3939377892585031,0.9999744892120361,0.3977853783539366,0.5766713221867883,0.9942260980606079,0.4025145981992997,0.5762681223097306,0.998870313167572,60.02479284922033,0
44,0.3986471664337888,0.3975687665598736,0.9976207613945007,0.39457516017414307,0.3940991149062205,0.9999753832817078,0.3973865991546997,0.5767391040211637,0.9944590330123901,0.4026050723734359,0.5763612134116041,0.9989035725593567,60.02479284922033,0
45,0.39799731686001766,0.3976665295305709,0.9976522326469421,0.3946486470245183,0.39439660452661096,0.9999763369560242,0.3971776564915978,0.5769135554631556,0.9946762919425964,0.40259838955743005,0.5767256844611399,0.9989446401596069,60.02479284922033,0
46,0.3979761444386985,0.3978210375422526,0.9976754188537598,0.3945993738515039,0.39480863298688645,0.9999769926071167,0.397119692393712,0.5771489427203229,0.9948574304580688,0.40242993405887095,0.5772048944518684,0.9989688396453857,60.02479284922033,0
47,0.39844201292310477,0.3980136726583757,0.9976561069488525,0.39448555878230535,0.39518272025244605,0.9999775886535645,0.39717374245325754,0.5773870973359976,0.9949665665626526,0.4021275341510776,0.5776789074852358,0.9989874362945557,60.02479284922033,0
48,0.39886181269373244,0.39815792441368136,0.9976085424423218,0.3943586164996741,0.3954031126839777,0.9999780058860779,0.3971622572058726,0.5774789424169636,0.9950241446495056,0.40161546071370474,0.577856492428553,0.9990009665489197,60.02479284922033,0
49,0.39905695688156884,0.3982429617927191,0.9975171089172363,0.39428121986843323,0.3953948858238405,0.9999783635139465,0.39717252907298894,0.5774680404436026,0.9950850009918213,0.4011064001492095,0.5778013269106551,0.9990206956863403,60.02479284922033,0
50,0.39927232549304087,0.39836052343958933,0.9973103404045105,0.394267559051514,0.3953373119944621,0.9999780654907227,0.3971865390028275,0.5774338813055134,0.9949702620506287,0.40077797713733887,0.5775668252082102,0.9989988207817078,60.02479284922033,0
51,0.3992012923672089,0.3984155399458752,0.9972547292709351,0.39432700191225356,0.3953020246255968,0.9999783039093018,0.3970705639748349,0.5773603603953412,0.995053768157959,0.40059990258443956,0.5773842249597827,0.9990058541297913,60.02479284922033,0
52,0.3984538245768777,0.3983114148889272,0.9971709251403809,0.3946748830023269,0.39533819896834266,0.99997878074646,0.3968208517347066,0.5772626371610737,0.9951717853546143,0.40047898604756343,0.5772532423337304,0.9990409016609192,60.02479284922033,0
53,0.3973139964398887,0.3979479982739407,0.9970703125,0.3952578632604511,0.39543878038724295,0.9999786615371704,0.39636193854468244,0.5771641390664242,0.9952308535575867,0.40040083158583906,0.5772252622104831,0.9990590810775757,60.02479284922033,0
54,0.3962407395953227,0.39743963451612596,0.9970623254776001,0.3959078064986641,0.39558845758438144,0.9999784827232361,0.3957608498278122,0.5771006601197384,0.9952893853187561,0.400244025957017,0.5772717311268766,0.9990745782852173,60.02479284922033,0
55,0.3955066445327944,0.3967774283318296,0.996969997882843,0.3964199381215235,0.3957128836995083,0.9999780654907227,0.3952120925698965,0.5768595962297354,0.9952614903450012,0.3998921400024781,0.5771679338954748,0.9990774393081665,60.02479284922033,0
56,0.3953586845170887,0.39618034873689956,0.9969793558120728,0.39661534769194495,0.395719294037138,0.9999779462814331,0.39484734336535166,0.5765371578080318,0.9953892827033997,0.3994164310750511,0.5769646565119431,0.9991117119789124,60.02479284922033,0
57,0.39544114896229365,0.3957482846010302,0.9969027638435364,0.39661919928732403,0.3956676437741237,0.9999774098396301,0.3945921276296891,0.576204705806006,0.995381236076355,0.3989360304105853,0.5767197892779401,0.9991124272346497,60.02479284922033,0
58,0.39544029604821007,0.3955970747130261,0.996907114982605,0.3966512140773595,0.3957014722483502,0.9999778270721436,0.3944111551557272,0.5762197488830207,0.9954743385314941,0.3984920723097668,0.576779757227217,0.9991418123245239,60.02479284922033,0
59,0.39568056946709074,0.3956030479499275,0.9969256520271301,0.3967024201438544,0.39582150181134573,0.9999784231185913,0.3943029117016569,0.576519316151029,0.995566189289093,0.3980668187141422,0.5771508415540064,0.9991720914840698,60.02479284922033,0
60,0.39761692853201036,0.3958442636898589,0.9968427419662476,0.39672091461363324,0.39615663602238643,0.9999787211418152,0.39482611701602055,0.5770917052314399,0.9955217242240906,0.3977483468396326,0.5779042612938659,0.9991894960403442,60.02479284922033,0
61,0.4001316868123557,0.39602983565557603,0.996760368347168,0.3966658243111205,0.39654796747934284,0.9999789595603943,0.3957260279428394,0.5774935342016678,0.995495617389679,0.3975539491290141,0.5785556776182996,0.9992056488990784,60.02479284922033,0
62,0.40254325384185463,0.39619607159069636,0.9967040419578552,0.39650260834466877,0.3967552667572388,0.9999790787696838,0.39688778207415654,0.5776893326214386,0.9954122304916382,0.39763726364998625,0.5789431929588322,0.9992039203643799,60.02479284922033,0
63,0.40444344565981943,0.39629126730419373,0.996665894985199,0.39631173582304124,0.3967719106447132,0.9999797344207764,0.39814877510070834,0.5777060048920772,0.9953854084014893,0.398082412424542,0.5790109634399419,0.9992166757583618,60.02479284922033,0
64,0.40543154307774165,0.39642695018223384,0.9966793060302734,0.39604400595029227,0.39666375659761005,0.9999804496765137,0.39908184182076256,0.5779436628023789,0.9954031109809875,0.3987029010341284,0.5790134583200732,0.999231219291687,60.02479284922033,0
65,0.4060432087807432,0.3965379084859579,0.9967186450958252,0.39571503798166946,0.39642700836772043,0.999981164932251,0.3999753864038561,0.5782382204419095,0.99543696641922,0.3993306713444849,0.578971922397614,0.9992461204528809,60.02479284922033,0
66,0.40767406849634114,0.39665729233196834,0.9966960549354553,0.3953319433189577,0.39625500781195533,0.999981701374054,0.40117335035687435,0.5785717084294278,0.995429515838623,0.39978450820559586,0.5790319556281684,0.9992567300796509,60.02479284922033,0
67,0.4091248185861681,0.3966888870511739,0.996667742729187,0.395004280975887,0.39616962699663105,0.9999822378158569,0.402556908982141,0.5787507096926376,0.9953315854072571,0.40019978937648626,0.5790951762880603,0.9992468357086182,60.02479284922033,0
68,0.4101127613158456,0.39675511206899405,0.9965370893478394,0.3947908367429464,0.3960473863851459,0.9999823570251465,0.4037839046546394,0.5789101038660327,0.9950562119483948,0.40077345002265236,0.5792047608466381,0.999209463596344,60.02479284922033,0
69,0.41050743063290945,0.3968101583776023,0.9962744116783142,0.3946903929823924,0.3958926612422583,0.9999815821647644,0.4047075212001804,0.5790295884722759,0.9945021271705627,0.40137202115285997,0.5792920646213354,0.9990991353988647,60.02479284922033,0
70,0.4102679278169362,0.3970449183668412,0.9962330460548401,0.3947367909408754,0.39577285590625977,0.9999819397926331,0.4051298442341036,0.5794783064297272,0.9944329261779785,0.40199761589368216,0.5794674555460617,0.9990947842597961,60.02479284922033,0
71,0.40998898517517846,0.3974001123791653,0.9961756467819214,0.39487055795533343,0.3956501867089956,0.9999821186065674,0.4053460387956532,0.5800616428965619,0.9943070411682129,0.40286986033121774,0.5796707187380115,0.9990795254707336,60.02479284922033,0
72,0.40993050734202097,0.39775998535610413,0.9961792230606079,0.39503179135776734,0.39555068810780875,0.9999825358390808,0.40533189546494286,0.5805835269746331,0.9943063259124756,0.40378671033041846,0.5798403989701049,0.9990803599357605,60.02479284922033,0
73,0.40988802342187824,0.39797423850922387,0.9960880279541016,0.3952795267105106,0.39552747919445974,0.9999827146530151,0.40543068448702524,0.5808431165558956,0.9942442178726196,0.4048394943986624,0.5799072640282772,0.9990712404251099,60.02479284922033,0
74,0.4100733016218461,0.39808058312961064,0.9959609508514404,0.3957558685824988,0.39553082982699106,0.9999825358390808,0.40554085090046876,0.5809309056827004,0.9940415620803833,0.4062215785185499,0.579976944696336,0.9990381598472595,60.02479284922033,0
75,0.4109511914707369,0.39803448887098436,0.9959049820899963,0.3962467497303376,0.3954996367295586,0.9999827146530151,0.40635619986624977,0.5808312609082181,0.9940921664237976,0.4073731331598194,0.5800069712457208,0.999053955078125,60.02479284922033,0
76,0.41252781237874747,0.3980493290083752,0.9958999752998352,0.3967608255999432,0.3955239795503165,0.9999831914901733,0.407897865488416,0.5808791262762891,0.9942100644111633,0.4080863538242525,0.5801731887317844,0.9990785121917725,60.02479284922033,0
77,0.41427047763552016,0.39808485337666133,0.9957897067070007,0.39712298909823135,0.3956892476195384,0.9999828338623047,0.40989739696184824,0.5808527725083492,0.994045078754425,0.4085595011711124,0.5803632991654537,0.9990350008010864,60.02479284922033,0
78,0.41558348706790416,0.3980246526854382,0.995553195476532,0.39742646047047236,0.39601714696202994,0.9999812245368958,0.41151352723439566,0.5804626884914584,0.9935811758041382,0.4087639380069009,0.5803253593898959,0.9988919496536255,60.02479284922033,0
79,0.41594129658880724,0.3978338695707778,0.995089590549469,0.39803379064514555,0.3965639145601366,0.9999789595603943,0.4124021246319729,0.5800246426037384,0.9930343627929688,0.4091438949108127,0.5805783215023227,0.998760461807251,60.02479284922033,0
80,0.4155956719602861,0.39765598802339497,0.9946646690368652,0.3989105820655826,0.397134248699461,0.9999762177467346,0.41268860300382015,0.5798584393092568,0.992772102355957,0.40975086745761724,0.5812104741732285,0.998678982257843,60.02479284922033,0
81,0.4156139478797008,0.39802366353216656,0.9945152401924133,0.39964817109562134,0.3976442402317414,0.9999743103981018,0.4135236598196487,0.5804471316791721,0.9927467107772827,0.4102760439827332,0.5822958974611196,0.9986138343811035,60.02479284922033,0
82,0.415800960291,0.39846283055487164,0.9943487048149109,0.4005629945368997,0.3982707829702471,0.9999731183052063,0.4144703944524133,0.5816769316082914,0.992710530757904,0.4109731600398112,0.5839690055165976,0.9985427260398865,60.02479284922033,0
83,0.4159956503482095,0.39859265798614174,0.9943247437477112,0.40141985104197575,0.3993384823912669,0.9999727606773376,0.4160619363898326,0.5829039414723719,0.9926925897598267,0.4115990343548006,0.5855639378229782,0.9985138773918152,60.02479284922033,0
84,0.41607281139918767,0.3983369838623777,0.9939349889755249,0.40230190328189336,0.4005689365523205,0.9999699592590332,0.41781683053289176,0.5838407505126231,0.9926031231880188,0.4120793981211529,0.5867428722835728,0.998391330242157,60.02479284922033,0
85,0.41591167449951205,0.3977022043296272,0.993643581867218,0.4033420540037612,0.40196253288359896,0.9999672770500183,0.4197739788464141,0.5843688959167121,0.992368757724762,0.412417414642516,0.5876234088625232,0.9982279539108276,60.02479284922033,0
86,0.4156310544127513,0.39698599349884794,0.9935535788536072,0.4041937759944374,0.40291785768100224,0.9999645352363586,0.42170625357400837,0.5846220850944523,0.9922754764556885,0.4125345562185564,0.5879727545238681,0.9980078339576721,60.02479284922033,0
87,0.4156216851302559,0.3966798555283323,0.993531346321106,0.4047469965049202,0.4034808292275387,0.9999597668647766,0.4235557218392694,0.5849855315117614,0.9921955466270447,0.4124823056516197,0.588040051006136,0.9977196455001831,60.02479284922033,0
88,0.4155969719092054,0.3964347456182755,0.9934311509132385,0.4055600890091491,0.40369843443234793,0.9999567270278931,0.4247333421593624,0.5852943346613934,0.9921765327453613,0.4126007925896421,0.588113977795556,0.9975141286849976,60.02479284922033,0
89,0.41542642457144635,0.3961509664853417,0.9933013916015625,0.4066610180196311,0.4040250579516096,0.9999535083770752,0.4255904654661818,0.5854537543796363,0.9921467900276184,0.4128040018535799,0.5880228650002257,0.9972954392433167,60.02479284922033,0
90,0.41598187883695004,0.3960064465091345,0.993438184261322,0.40761044621467624,0.40429039654277654,0.9999532103538513,0.4268329115141009,0.5853693712325327,0.9923592805862427,0.4129155732336502,0.5879374401909969,0.9972524642944336,60.02479284922033,0
91,0.4169560557320008,0.3959683023747947,0.9934597611427307,0.4083979754220875,0.404646014883405,0.9999497532844543,0.4282074315207348,0.5850046532494686,0.9925325512886047,0.4131931109087811,0.5877741773923243,0.9971387982368469,60.02479284922033,0
92,0.41799327589216717,0.3960335126944954,0.9933620095252991,0.40913459232875315,0.40495330237206995,0.9999464154243469,0.42951401642390696,0.5845522483189906,0.9921621680259705,0.4137025674184167,0.5875483155250554,0.9968087077140808,60.02479284922033,0
93,0.41875321950231315,0.39606818982533076,0.993340253829956,0.41000108207975144,0.40549476231847525,0.999944269657135,0.4306321342786157,0.584147691726685,0.9922526478767395,0.41435127598898785,0.5874194304148361,0.9967053532600403,60.02479284922033,0
94,0.4189480642477674,0.3961010092780707,0.9933642745018005,0.4113365227267859,0.40599835344723323,0.9999423027038574,0.4311991617793132,0.5841172905195332,0.9923094511032104,0.4158942969072436,0.5874633391698206,0.9966057538986206,60.02479284922033,0
95,0.4185993302436105,0.39605120675904437,0.9934561252593994,0.41322479219663744,0.4064777053537826,0.9999418258666992,0.4313212363492879,0.5844448748089023,0.9923552870750427,0.4179474385011767,0.5876639740807674,0.9965574145317078,60.02479284922033,0
96,0.41879409125873057,0.3962325326034004,0.9936304092407227,0.41508600541523555,0.4067437095301495,0.9999426007270813,0.4319577827340084,0.5848118151937217,0.9926456809043884,0.41986770289284875,0.5879793025198441,0.9966322183609009,60.02479284922033,0
97,0.41913315937632645,0.39651722425506264,0.9938580393791199,0.4171399814741955,0.4067787598995939,0.9999435544013977,0.43240450109754325,0.5852427482604985,0.9929635524749756,0.4216354219686421,0.5883880342756004,0.9967756271362305,60.02479284922033,0
98,0.4195084472497308,0.39686979850133297,0.9940571784973145,0.4192682533037098,0.406720951909111,0.9999449253082275,0.43269265407607704,0.5855311439150861,0.9933359622955322,0.42305094145593225,0.5886165528070364,0.9969629645347595,60.02479284922033,0
99,0.41978940509614526,0.39720660448074374,0.9943378567695618,0.42118513584136996,0.40675332006954046,0.999946653842926,0.4328664370945525,0.5855260235922682,0.9937246441841125,0.4240684977599556,0.588448924677713,0.9971686005592346,60.02479284922033,0
100,0.4201675525733406,0.39736925136475365,0.9945964813232422,0.4227644347009208,0.40687264998753897,0.999948263168335,0.43258083292416194,0.5852417037600568,0.9940454959869385,0.42500405794098295,0.5879300179935641,0.9973448514938354,60.02479284922033,0
101,0.4208285169942042,0.39728606314886217,0.9948331117630005,0.42383481065432266,0.4070258410204028,0.9999492168426514,0.4323189613364995,0.5847150456337706,0.9942996501922607,0.4258838139829185,0.5872205949964981,0.997466504573822,60.02479284922033,0
102,0.4216699174472267,0.39722147016298237,0.9951055645942688,0.42467300239063477,0.40720488769667523,0.9999510645866394,0.43200294460569144,0.5842448671658838,0.994585394859314,0.42704048894700586,0.5865892342158732,0.9976166486740112,60.02479284922033,0
103,0.4222979545593265,0.39723307745797326,0.9953363537788391,0.42576389369510503,0.4073584548064644,0.9999520182609558,0.4316012703237083,0.5845112346467523,0.9948236346244812,0.42867751632417983,0.5864676662853792,0.9977066516876221,60.02479284922033,0
104,0.42283619585491394,0.39762258813494755,0.9955711364746094,0.42696557726178885,0.40744684707550805,0.9999521970748901,0.4315034860656378,0.5857115104084928,0.9951223134994507,0.4306061211086458,0.5868823329607651,0.9978072643280029,60.02479284922033,0
105,0.42301363320577745,0.39834885512079543,0.9957697987556458,0.4288372085207988,0.40758011170796016,0.9999531507492065,0.43144584837414,0.5872179496855967,0.9953317642211914,0.4325625641005383,0.5874594790594923,0.9978911876678467,60.02479284922033,0
106,0.4232872710341502,0.39916628741082727,0.9959174990653992,0.4308909972508752,0.40775439001265057,0.9999540448188782,0.4318770766258243,0.5887904933520731,0.9955535531044006,0.4344201754956022,0.5882136367616204,0.99798583984375,60.02479284922033,0
107,0.4242272887911118,0.4000537054879328,0.9960256218910217,0.4328324567703977,0.4079011522588279,0.9999530911445618,0.4330422651200071,0.5898657895269853,0.9957590103149414,0.43602967971847206,0.5888406180200128,0.9980393052101135,60.02479284922033,0
108,0.4258218946911043,0.4007505859647481,0.9961398243904114,0.43477502323332323,0.4080995363848553,0.9999525547027588,0.4347029115472525,0.5903554189772837,0.9959916472434998,0.4376820453575683,0.589235405127208,0.9981083273887634,60.02479284922033,0
109,0.4276773191633682,0.40155184410867273,0.9962645769119263,0.43640377691813914,0.40831219582330647,0.9999528527259827,0.43657932962690116,0.5906902523267841,0.9961589574813843,0.43984371991384635,0.5895135658127926,0.9981700778007507,60.02479284922033,0
110,0.4306972665446149,0.4028136077381319,0.9962905049324036,0.4373612602551782,0.40850492602302946,0.9999520182609558,0.4389386716343111,0.590937041101002,0.9962506890296936,0.44167551682108963,0.5896846197900323,0.9981707334518433,60.02479284922033,0
111,0.4341766252404171,0.40420218592598356,0.9961202144622803,0.4385625237510321,0.408758708408901,0.9999508857727051,0.44179884450776274,0.5909733573595688,0.9962011575698853,0.44308368081138283,0.5897153502418886,0.9980986714363098,60.02479284922033,0
112,0.43695894025620996,0.4052490208830155,0.9961325526237488,0.44014105626515015,0.4088713115169892,0.9999522566795349,0.4441552956899011,0.5911448257310055,0.9962734580039978,0.44499245002156246,0.5898216026169918,0.9981581568717957,60.02479284922033,0
113,0.4393139651843483,0.406001068296887,0.9960112571716309,0.4419816164743336,0.40883253159977173,0.9999523162841797,0.44605289328666,0.5912003346851898,0.9963283538818359,0.44659976448331595,0.5898282073792962,0.998164713382721,60.02479284922033,0
114,0.44083101408822234,0.406271767048609,0.9960781335830688,0.4439512335118797,0.40865276399112915,0.9999526143074036,0.4475210011005405,0.5912573905218219,0.9965595602989197,0.448584338029226,0.5898390128498991,0.9982598423957825,60.02479284922033,0
115,0.44140218553088995,0.4064813752969109,0.9961052536964417,0.44600966572761575,0.408442835013072,0.9999533891677856,0.4480390179724924,0.5912837130682813,0.9967710971832275,0.4513030023801898,0.5898143109821143,0.9983584880828857,60.02479284922033,0
116,0.4424369179067161,0.4068944383235208,0.9962058663368225,0.4478158156077071,0.4082279645261313,0.9999549388885498,0.44857716418447985,0.5912713862600785,0.9970191121101379,0.45388985957418204,0.5897235189165393,0.9984756112098694,60.02479284922033,0
117,0.4445161493051623,0.4072988004911517,0.9962242841720581,0.4495925917511898,0.4082104833353136,0.9999552965164185,0.45095257532028965,0.5913376552718032,0.9971914887428284,0.45531422467458854,0.5896984310377216,0.9985562562942505,60.02479284922033,0
118,0.4468723010449186,0.4074876421973822,0.9962196946144104,0.45201684889339305,0.40830696622530654,0.999955952167511,0.4535510781265444,0.5914918496495207,0.9973112344741821,0.4564027488231663,0.5898773641813373,0.9986132979393005,60.02479284922033,0
119,0.449701418479284,0.40759834647178683,0.9960169792175293,0.4545879293055765,0.4084905414354237,0.999954879283905,0.45654440777642424,0.5915390338216514,0.99723881483078,0.4570958358900892,0.5900390829358787,0.9985868334770203,60.02479284922033,0
120,0.45279590998377156,0.407649690196628,0.9957053065299988,0.4568227061203552,0.40855330938384676,0.999952495098114,0.45984178639593615,0.5914227707045424,0.9970804452896118,0.45793120775904006,0.5900388445172996,0.9984847903251648,60.02479284922033,0
121,0.45508297852107493,0.40758155357270043,0.9956998825073242,0.45914070521082234,0.40835354299772386,0.9999522566795349,0.46182207976068806,0.5911359673454653,0.9970371723175049,0.45958480096998705,0.5899124883470086,0.9984322190284729,60.02479284922033,0
122,0.4576138016723455,0.4070573832307546,0.9957273006439209,0.4609308597587407,0.4076996715295885,0.9999539256095886,0.46297251042865606,0.5905370428448636,0.9970322251319885,0.46149609060514574,0.5893901359467284,0.9984589219093323,60.02479284922033,0
123,0.45946755579539744,0.4058540023508529,0.9957614541053772,0.46275591850280795,0.40696407925514977,0.9999545216560364,0.4640699554057352,0.589587577751705,0.9969609379768372,0.46312342513175275,0.588696318013328,0.9983961582183838,60.02479284922033,0
124,0.4622549513975783,0.40436562470027415,0.995834231376648,0.46443473725091877,0.4060863895075665,0.9999554753303528,0.465292083365577,0.5883848752294273,0.9968044757843018,0.4645002271447866,0.5878324792498639,0.9983435273170471,60.02479284922033,0
125,0.4646551694188803,0.40251587544168776,0.9957775473594666,0.4661431497051606,0.4049935355072933,0.999954342842102,0.4662484498251056,0.586925429957254,0.9966367483139038,0.4658969300133845,0.5867121020952866,0.9982051849365234,60.02479284922033,0
126,0.4678121280102506,0.4010396443662193,0.9959049820899963,0.46745828645569976,0.4040001744315741,0.9999561905860901,0.46755306919415834,0.5858447863942107,0.996559739112854,0.4667212906337923,0.5857726165226532,0.9982072114944458,60.02479284922033,0
127,0.4714968885694235,0.40018791244143564,0.9960165023803711,0.468460545653389,0.4031680098601753,0.9999575614929199,0.4693476997670677,0.5845198773202447,0.9965329170227051,0.46722162053698624,0.5846759762082786,0.9982258081436157,60.02479284922033,0
128,0.475181490182877,0.39982597458930275,0.9961124062538147,0.4690400475547431,0.40256140913282157,0.9999583959579468,0.4713095114344646,0.5831783413887028,0.9965048432350159,0.46752578445843324,0.583603163560232,0.9982172846794128,60.02479284922033,0
129,0.47677224732580675,0.39974799894151264,0.9962883591651917,0.4701619942982996,0.4029052626518979,0.9999600052833557,0.47297905456452183,0.5820961452665787,0.9964886903762817,0.46810407581783514,0.5828911690484915,0.9982495307922363,60.02479284922033,0
130,0.47855066259702084,0.39999964407512156,0.9964884519577026,0.4713528099514193,0.4040218463965828,0.9999619126319885,0.4752441502752762,0.5813834326607845,0.9965342879295349,0.4688198821885249,0.5823431071780981,0.9982785582542419,60.02479284922033,0
131,0.4788048068682356,0.4000183017480944,0.9966409206390381,0.473078419764837,0.4053761831351692,0.999962568283081,0.47668634284110334,0.5811383894511636,0.99654221534729,0.4700128024532685,0.5823324322700505,0.9982663989067078,60.02479284922033,0
132,0.48023633446012265,0.40008126128287574,0.9967432022094727,0.4745641918409442,0.4067643284797672,0.9999624490737915,0.4782491567588992,0.581584439391182,0.9964322447776794,0.4708181520303094,0.5829422615823296,0.99820476770401,60.02479284922033,0
133,0.4826845611844748,0.40016016222181805,0.9969406127929688,0.47585594228335826,0.40738219732329994,0.9999634027481079,0.48037714049929703,0.5816159645716354,0.9964593052864075,0.4711492913109919,0.5833638934862051,0.9982050061225891,60.02479284922033,0
134,0.48469004886490996,0.4000636977808819,0.9971548318862915,0.4770163822741739,0.4070866377580737,0.9999629259109497,0.4819807736646565,0.5814303131330585,0.996515154838562,0.47152016560236654,0.5836685214723865,0.9980952143669128,60.02479284922033,0
135,0.48570577871231846,0.3998012897514165,0.997390627861023,0.4783536153180262,0.40651923134213436,0.9999634027481079,0.4827609473750709,0.5812835579826723,0.9966201186180115,0.47240838124638546,0.5839434095791414,0.9980752468109131,60.02479284922033,0
136,0.48692151052611254,0.39945797976993414,0.9976081848144531,0.479748551334654,0.4060416704132447,0.9999635219573975,0.48328381634893913,0.5812312790325714,0.9967657923698425,0.47383516033490536,0.5841835112798786,0.9980939626693726,60.02479284922033,0
137,0.48785632848739663,0.3992141215574177,0.997780978679657,0.48124388144129837,0.40533179470471004,0.9999626874923706,0.48322571459270697,0.5814076151166648,0.9968051910400391,0.4755880605606809,0.5847216049830124,0.9980112314224243,60.02479284922033,0
138,0.4896519382794702,0.3991787646498002,0.9979557394981384,0.48227403419358433,0.4040823323386059,0.9999616146087646,0.48324639598528585,0.5816775503612704,0.9968813061714172,0.47685571511586544,0.5850561431476053,0.9979779720306396,60.02479284922033,0
139,0.4914018086024697,0.3993112473260792,0.9980953335762024,0.4832386856987367,0.4024051314308533,0.9999620914459229,0.48350349494389167,0.5811762923286079,0.9968231916427612,0.4777006010214492,0.584858650252933,0.9979323744773865,60.02479284922033,0
140,0.4923526971113118,0.3993311496008013,0.9982192516326904,0.48401845211074507,0.400598308869771,0.9999634623527527,0.4836765797365284,0.5799824283236554,0.996690034866333,0.47801091699373194,0.5839690253848127,0.9979395270347595,60.02479284922033,0
141,0.49250265388261744,0.399255644707453,0.9983511567115784,0.48492889744894885,0.39927475083442,0.9999647736549377,0.4839460225332355,0.5785191570009509,0.9966114163398743,0.4783897130262288,0.5828247041929341,0.9979969263076782,60.02479284922033,0
142,0.492764600685665,0.39913246319407536,0.9984583854675293,0.4858348568280542,0.39882317894981056,0.9999659061431885,0.4845008552074436,0.5771271671567648,0.9965806007385254,0.4786978917462489,0.5818255600475135,0.9980851411819458,60.02479284922033,0
143,0.4929823123273399,0.3990130069709963,0.9985738396644592,0.48680963970366015,0.39881466258139875,0.9999673366546631,0.4851132304895496,0.5763507286707565,0.9966597557067871,0.47901868394443003,0.5813225309054062,0.998187243938446,60.02479284922033,0
144,0.4938266958509177,0.399065944410506,0.998674750328064,0.4874405619643987,0.39878762477920204,0.9999685287475586,0.48578488117172647,0.576277735687438,0.9966963529586792,0.4793035941464564,0.5811976222764883,0.9982737898826599,60.02479284922033,0
145,0.4950008959997272,0.39923451202256377,0.9987452030181885,0.4880150570755917,0.3989946586745129,0.9999688267707825,0.4865606469767438,0.5762649150121784,0.9965853691101074,0.4797047291483202,0.5812768027895978,0.9982929825782776,60.02479284922033,0
146,0.49582257157280374,0.39945007505871033,0.9988223314285278,0.4885530301502776,0.3990841323421118,0.9999701380729675,0.4871198634306594,0.5763671880676637,0.9966349601745605,0.48022905275935257,0.5813687188284742,0.9983834624290466,60.02479284922033,0
147,0.49616997440656063,0.3996223395779022,0.9988958835601807,0.48945834381239794,0.3993552823861443,0.9999714493751526,0.4876227279504144,0.5764369198254181,0.9967629909515381,0.48104630481629185,0.58144775174913,0.9984886646270752,60.02479284922033,0
148,0.4960904206548422,0.39966294453257634,0.9989662170410156,0.49044379450026054,0.39966128979410476,0.9999730587005615,0.48800535145260077,0.5764301958538242,0.9968909025192261,0.4819793289615998,0.5814936501639234,0.9985914826393127,60.02479284922033,0
149,0.4956533710161849,0.39959409549122793,0.999019980430603,0.4916054606437687,0.40014519010271377,0.9999744892120361,0.48812578263736944,0.5763582785924279,0.9969522356987,0.4828270900817148,0.5815243238494514,0.9986763596534729,60.02479284922033,0
150,0.49537657414163905,0.39938243372099774,0.9990275502204895,0.492607951164246,0.4007202457813993,0.9999747276306152,0.4882514207136068,0.5762043056033911,0.9968751668930054,0.483544142473312,0.5815478336243407,0.9987108111381531,60.02479284922033,0
151,0.49518440450940854,0.39908261526198646,0.9990412592887878,0.49355636182285534,0.40129736065864596,0.9999752044677734,0.48830574467068666,0.5760383151826409,0.9969428777694702,0.4841222110248751,0.581568769046239,0.998778223991394,60.02479284922033,0
152,0.4954895235243302,0.398996601502101,0.9990517497062683,0.4942205746968591,0.4015391057445893,0.9999755620956421,0.48886504343577836,0.5759423488662361,0.9969924688339233,0.48469606183824127,0.5816136485054384,0.9988291263580322,60.02479284922033,0
153,0.4959126242569518,0.3983950245948068,0.9989888668060303,0.4946035742759709,0.4016606069746475,0.9999759793281555,0.489735196034114,0.5756506692795531,0.9969498515129089,0.4852122338045215,0.5815247070221679,0.9988670349121094,60.02479284922033,0
154,0.4958494192078004,0.39736476966312984,0.9989826679229736,0.49492257123901773,0.40153701958202215,0.9999762773513794,0.4905940067200438,0.5753245353698735,0.9969493746757507,0.4857916661671233,0.5813815536953159,0.9988994002342224,60.02479284922033,0
155,0.4954464946474352,0.39631224671999643,0.9989387392997742,0.49541406546320277,0.4014562623841425,0.9999766945838928,0.491076006775811,0.5749483988398603,0.9969224333763123,0.48627731913612043,0.5811174256461011,0.9989327788352966,60.02479284922033,0
156,0.49466437810943276,0.39527758388292256,0.9987789988517761,0.49603133258365484,0.4014690929935095,0.9999763369560242,0.49113317472594165,0.5747168234416421,0.9968389868736267,0.4868462241831284,0.5809810871169685,0.9989433288574219,60.02479284922033,0
157,0.49378481507301375,0.3945488518192658,0.9985397458076477,0.4967003436315631,0.4015330445198789,0.9999754428863525,0.490839772281193,0.5747379263242091,0.99668949842453,0.4874794483184819,0.5810122291247055,0.9989457130432129,60.02479284922033,0
158,0.49329014619191525,0.3943169187931791,0.9983502626419067,0.4972774585088098,0.4015563896724159,0.9999748468399048,0.490602050508772,0.5749992557934357,0.9966298341751099,0.4880971511205041,0.5812921410515199,0.998965322971344,60.02479284922033,0
159,0.49296836767877894,0.3937728788171499,0.9982606172561646,0.49754934651511096,0.4014264997981847,0.9999749660491943,0.4903112167403815,0.5750537032172798,0.9966326355934143,0.48863036008108274,0.5812434724399026,0.9990025162696838,60.02479284922033,0
160,0.4925186038017277,0.3931447962919874,0.998190701007843,0.49780162459328103,0.40120036403338144,0.99997478723526,0.4899932401520869,0.5749985149928507,0.9966427683830261,0.4891536661556793,0.5809956561951415,0.9990354180335999,60.02479284922033,0
161,0.4922418878191997,0.39266013957205304,0.998114824295044,0.49792290301550046,0.4009232308183401,0.9999744296073914,0.4897634273483643,0.5748361888385959,0.9966641664505005,0.4894813455286484,0.5804751827603299,0.999064028263092,60.02479284922033,0
162,0.49207302786055107,0.3923586890811015,0.9980592131614685,0.49796523650487307,0.40067045461563866,0.9999738931655884,0.48967817283812065,0.5749075128918607,0.9967076778411865,0.48977512546948065,0.5802857648758666,0.9990870952606201,60.02479284922033,0
163,0.49202917729105305,0.3922643661499027,0.9979613423347473,0.49799679432596516,0.40066132233256413,0.9999735355377197,0.4897282038416185,0.5751373001507355,0.9967057108879089,0.48989962396167613,0.5804079260144919,0.999099850654602,60.02479284922033,0
164,0.49204600424993644,0.39230521378063055,0.9979578256607056,0.4981717509882795,0.40111374287378254,0.9999740719795227,0.48979206596102076,0.5754877442405342,0.9967228174209595,0.4898512945288708,0.5809951878729325,0.9991214275360107,60.02479284922033,0
165,0.49198445819673126,0.3922892780531023,0.9979894161224365,0.49867258895011213,0.40193331383523523,0.9999748468399048,0.4897390107313796,0.5756744117963886,0.99677574634552,0.4898226630120054,0.5815091303416666,0.999151349067688,60.02479284922033,0
166,0.4918863276640578,0.3922621778079445,0.9980702996253967,0.49930591100738203,0.4029042167322979,0.999975860118866,0.4895970750422709,0.5756806277093438,0.9968666434288025,0.4899265851293295,0.5819023166384021,0.9991897940635681,60.02479284922033,0
167,0.4917882169995993,0.3922444610368641,0.9981585741043091,0.4999011556307479,0.4037675658861799,0.999976634979248,0.4894684084824157,0.5755012773332147,0.9969862699508667,0.49004102037066544,0.5820043541136247,0.9992278218269348,60.02479284922033,0
168,0.49172616714522993,0.39218882861591553,0.9981921315193176,0.5003895887306762,0.40427228240739765,0.9999770522117615,0.48936616664841104,0.5753170393762139,0.9970106482505798,0.49019314703487255,0.582002324717386,0.9992469549179077,60.02479284922033,0
169,0.4916307486238938,0.3920646991048543,0.9982305765151978,0.5008437207766946,0.404450527259282,0.9999775290489197,0.4890662786506475,0.575038041387286,0.9970524311065674,0.4903254551546918,0.5818303766704747,0.999263346195221,60.02479284922033,0
170,0.4915573114440559,0.3918541967868808,0.9982407689094543,0.5011331694466732,0.40442462904112714,0.9999770522117615,0.48870284500576244,0.57478126741591,0.997050940990448,0.49037937890915684,0.5816947335288642,0.9992465376853943,60.02479284922033,0
171,0.49147299357823004,0.39160874344053753,0.9982832074165344,0.5014867640676957,0.40438601942289476,0.9999767541885376,0.4882154535679594,0.5745707750320439,0.9970579147338867,0.4904217521349593,0.581612436544328,0.999237060546875,60.02479284922033,0
172,0.49141995679764566,0.39139352242151926,0.9982713460922241,0.5017026975041348,0.4042684932549797,0.9999759197235107,0.48769119949567924,0.5744030787831266,0.9970077276229858,0.4904445736181172,0.5815648833910628,0.9992016553878784,60.02479284922033,0
173,0.4914247975462963,0.39135121447699445,0.9982852339744568,0.5017580560275491,0.4040653961045405,0.9999752044677734,0.48733271729378513,0.574371423040118,0.997019350528717,0.49035453228723475,0.5815480748812363,0.9991793036460876,60.02479284922033,0
174,0.49153299984477855,0.39141706625620554,0.998293936252594,0.5017160517828809,0.4037236940293088,0.9999744892120361,0.4872306755610879,0.5744655189060034,0.9970131516456604,0.4903634446007869,0.5814944619224189,0.9991698861122131,60.02479284922033,0
175,0.4914755991527016,0.391508982295082,0.9982622265815735,0.5017809981391548,0.40331427682013776,0.9999733567237854,0.48709906850542384,0.5745971004168197,0.9969877004623413,0.49062405881427623,0.5814601012638642,0.9991359114646912,60.02479284922033,0
176,0.4912718619619101,0.39157555926413795,0.9982343912124634,0.5018552144368493,0.4028684681370148,0.9999719858169556,0.48704607571874386,0.5748365663346795,0.996971845626831,0.49119206695329615,0.5816031268664773,0.9991147518157959,60.02479284922033,0
177,0.4909483648481827,0.39162221267109854,0.9982458353042603,0.5019733792259584,0.402536627792177,0.9999715685844421,0.4869746778692522,0.5751277151561923,0.9970002174377441,0.4918531704516642,0.581937017894927,0.9991029500961304,60.02479284922033,0
178,0.4905653893947606,0.3916276537236716,0.9982367753982544,0.5021424350284398,0.40234701406388085,0.9999713897705078,0.48676795476958906,0.5752713651884174,0.9970206618309021,0.49242763717969296,0.5822939191545764,0.9990977048873901,60.02479284922033,0
179,0.4902010858058934,0.39162850096112234,0.9982383251190186,0.5022913444609873,0.40225613684881334,0.999971866607666,0.4865508519467857,0.5752941824141007,0.9970167875289917,0.4927481086481189,0.582587980088734,0.9991042017936707,60.02479284922033,0
180,0.48996409773826644,0.39159687076296157,0.9982665777206421,0.5023825253759115,0.40215599820727427,0.9999726414680481,0.4864132035346262,0.5751292421704252,0.9970399141311646,0.4929047056606842,0.5826967074757535,0.9991263747215271,60.02479284922033,0
181,0.48975845177968386,0.39150853951772085,0.9982945919036865,0.502444065752484,0.4020577115671979,0.9999732971191406,0.4863314940815884,0.5748659372329716,0.9970666766166687,0.4929933051268264,0.5826523133686615,0.9991495609283447,60.02479284922033,0
182,0.4895885657696501,0.39134971300760935,0.9983167052268982,0.502485899698167,0.4019678291820348,0.9999738335609436,0.4863225704147706,0.5746356419154581,0.9971330165863037,0.4930996979985922,0.5826087650798621,0.9991744160652161,60.02479284922033,0
183,0.4894867922578543,0.39117735056650105,0.998335599899292,0.502475290071397,0.4019116149062205,0.9999743700027466,0.48643387357393936,0.574485248043424,0.9971577525138855,0.4931418555123469,0.5825707202865968,0.999197781085968,60.02479284922033,0
184,0.4894428863411862,0.39104153712590567,0.9983619451522827,0.5024800839878268,0.40189721612703266,0.9999746680259705,0.48669790512039585,0.5744078897294549,0.9972091317176819,0.49315520837193483,0.5825130655652004,0.9992155432701111,60.02479284922033,0
185,0.4894160074847089,0.39096266598928575,0.9983858466148376,0.5025728515216286,0.40189321268172523,0.9999749064445496,0.48710434351648646,0.5745072109358655,0.9972766637802124,0.49328574822062576,0.5825400863374988,0.9992376565933228,60.02479284922033,0
186,0.4894149672417417,0.3909363675685159,0.9984310269355774,0.5027157125018896,0.4018498602367586,0.9999753832817078,0.48768358429273007,0.5748343325796585,0.9973481297492981,0.493606296323595,0.5826883032208402,0.9992625117301941,60.02479284922033,0
187,0.48942504468418346,0.3909222441060206,0.9984742403030396,0.5028346464747478,0.401798554829189,0.9999756813049316,0.48825406460535,0.5753557313056223,0.9974073767662048,0.4940081068447662,0.5830510996636895,0.9992797374725342,60.02479284922033,0
188,0.48945447944459497,0.39096426112311256,0.9984666705131531,0.5028252346175062,0.40177408286503413,0.9999756217002869,0.4886406546547303,0.5759683620362059,0.9974038004875183,0.4943863976569407,0.5835808345249726,0.9992858171463013,60.02479284922033,0
189,0.4895188482034778,0.39103932607741615,0.9984946846961975,0.5026844456082302,0.4017978849865145,0.9999761581420898,0.4888568761802859,0.5764635233652029,0.9974542856216431,0.4946397699060898,0.5840642906370621,0.9993088245391846,60.02479284922033,0
190,0.4895941714445754,0.3911710835638504,0.9984704852104187,0.5024561910402212,0.4018161949657262,0.9999760985374451,0.4889848984423142,0.5767349742707757,0.9974454641342163,0.49469944834709206,0.5843629212606526,0.9993184208869934,60.02479284922033,0
191,0.4896633284432551,0.3913214504718784,0.9984109997749329,0.5022299942516149,0.4017821905158818,0.9999753832817078,0.4890330291929703,0.5768459155446012,0.9973430633544922,0.49471035315876954,0.584505989438012,0.9992939233779907,60.02479284922033,0
192,0.4897536110310331,0.39145637977690956,0.9983295202255249,0.5019892965044299,0.40167041903450407,0.9999744892120361,0.4891646461827418,0.5769353877930419,0.9972639083862305,0.4948421986330127,0.5844906398228241,0.9992644786834717,60.02479284922033,0
193,0.4898196813606085,0.39153802820614436,0.9982322454452515,0.5017273965336032,0.4014335984275458,0.9999732375144958,0.48928019120579713,0.5770314591271541,0.9971204996109009,0.4950099161693032,0.5844726732798989,0.9992119669914246,60.02479284922033,0
194,0.48985438119797514,0.3916321893533074,0.9981709122657776,0.5014577735038035,0.40113575401760315,0.9999727010726929,0.48929499586423275,0.5771519172759287,0.9970622062683105,0.4952500434148883,0.5845389962196355,0.9991931319236755,60.02479284922033,0
195,0.48986948671795116,0.3916957151322141,0.9981253743171692,0.5012704644884386,0.40088426357223905,0.999972939491272,0.48952224566823,0.5772433678309128,0.997053325176239,0.49553372888338043,0.5846840937932337,0.9992008805274963,60.02479284922033,0
196,0.48989988650594474,0.39178457288515034,0.9980884790420532,0.5011979256357469,0.40057838814599206,0.9999729990959167,0.4898854706968584,0.5773665365718665,0.9970501065254211,0.49592821796735165,0.5848889123825805,0.9992131590843201,60.02479284922033,0
197,0.4899539578528635,0.39186514417330454,0.9980328679084778,0.5011908497129172,0.400318706319446,0.9999717473983765,0.4904154581683026,0.5774830636524024,0.9970605373382568,0.4963717432249164,0.5850628018379216,0.999205470085144,60.02479284922033,0
198,0.4900379365398775,0.39193585940769776,0.99793940782547,0.5011896831648694,0.4001260030837289,0.9999706149101257,0.4910970983051122,0.5776100470906217,0.9970498085021973,0.4969161493437635,0.5851295845849178,0.9992086291313171,60.02479284922033,0
199,0.4901109550680437,0.39202604407355934,0.997899055480957,0.5012007015092037,0.3999761584259218,0.999970555305481,0.4916541235787532,0.5776899371828357,0.9970800876617432,0.49744043321836606,0.5850686005183634,0.9992160797119141,60.02479284922033,0
200,0.4901433274859478,0.3921123884973075,0.9978625178337097,0.5012495091983254,0.3999049720310033,0.9999700784683228,0.49197566083499406,0.5776393072945736,0.9971116781234741,0.49786064454487433,0.5849153740065443,0.9992334246635437,60.02479284922033,0
201,0.4901247209026704,0.3921719250224889,0.9978196620941162,0.5013519411995302,0.39994454100018484,0.9999699592590332,0.4921768421218513,0.577458222707113,0.9971217513084412,0.49812466899553975,0.5847933547837398,0.9992485642433167,60.02479284922033,0
202,0.49011440929912425,0.3922128961199809,0.9978288412094116,0.5014708240826928,0.3999529154527758,0.999970018863678,0.4924486066613883,0.5772055245581131,0.9971728920936584,0.4982899682862422,0.5846150574230018,0.9992697834968567,60.02479284922033,0
203,0.49016147000449084,0.3922212322553002,0.9978471994400024,0.5015520368303575,0.3999783850851516,0.9999703764915466,0.4929699514593401,0.5768109872227628,0.9972355365753174,0.4983869578157156,0.5843701618058346,0.9992929100990295,60.02479284922033,0
204,0.49022845143363625,0.3921971122423811,0.9977892637252808,0.5015774880136765,0.40007503543581313,0.9999703168869019,0.49359261847677727,0.5764291910898123,0.9972204566001892,0.4985289985225318,0.5841691039857415,0.9993003606796265,60.02479284922033,0
205,0.4903296005158201,0.39217260054179637,0.9977243542671204,0.501650364626022,0.40026238276844966,0.9999697208404541,0.49409950772921285,0.5761420357794993,0.9972084164619446,0.49870294758251776,0.5840150742303762,0.9993063807487488,60.02479284922033,0
206,0.49048851927121523,0.39221218796003465,0.9977328777313232,0.5017778107098174,0.40049500550542594,0.9999694228172302,0.49455516395114757,0.5760037870634174,0.9972202777862549,0.4988236200241819,0.5839057820183895,0.9993127584457397,60.02479284922033,0
207,0.4907015888463887,0.3923727288132626,0.9977361559867859,0.5019742449124658,0.40064476075626587,0.9999685883522034,0.4948286740552815,0.5759776121094118,0.9972031712532043,0.49892933170000753,0.5838143059185578,0.9993147253990173,60.02479284922033,0
208,0.4909080635933653,0.3926120741026745,0.9976816177368164,0.5024310123352781,0.40067779875936993,0.9999666810035706,0.49511458476384523,0.5759415825208033,0.9971428513526917,0.498976085867201,0.5836095838319693,0.9992985129356384,60.02479284922033,0
209,0.4911147980462941,0.39288709986777565,0.9976056814193726,0.5030849405697417,0.40059978905178284,0.9999651908874512,0.4953888200578239,0.5758088571684705,0.997076153755188,0.49901739188603034,0.5833188522429698,0.9992834329605103,60.02479284922033,0
210,0.49125249470983273,0.39312673324630404,0.9976238012313843,0.5038990435146153,0.40046690191541434,0.9999642372131348,0.49555913323447853,0.5756801820936661,0.9970983862876892,0.49908200332096686,0.5830729461851579,0.9992681741714478,60.02479284922033,0
211,0.49130541511944403,0.3932025900908882,0.9976143836975098,0.5050335327784224,0.4004661980129427,0.9999634027481079,0.49547783959479597,0.5754903810364864,0.9971164464950562,0.4991225983415335,0.5829337296031776,0.9992596507072449,60.02479284922033,0
212,0.4913635665462135,0.3931704418999812,0.9976096749305725,0.5060567969367622,0.40061628818511996,0.9999625086784363,0.49527059992154476,0.5752150331224718,0.9971339106559753,0.49906917980739085,0.5828249340965639,0.9992507696151733,60.02479284922033,0
213,0.49145773478916754,0.3927965022268753,0.9976181387901306,0.5068842797052296,0.4007634038016913,0.9999625086784363,0.49479973032361024,0.5746566255887353,0.9971571564674377,0.4989935585430695,0.5826591537112287,0.9992495775222778,60.02479284922033,0
214,0.4915287778491069,0.39215929593358756,0.9975681900978088,0.5077401002248132,0.40098290784018414,0.999963104724884,0.49385324404353226,0.5739968873205644,0.997148871421814,0.49895601755096836,0.582546364693415,0.9992486238479614,60.02479284922033,0
215,0.4916421387876787,0.391481887726557,0.9975881576538086,0.5085498208091377,0.4011578914665044,0.9999643564224243,0.4928249716758732,0.5734372820172995,0.9971525073051453,0.49891062009902265,0.582414343243554,0.9992634057998657,60.02479284922033,0
216,0.49174930510066844,0.39097103334608563,0.997677206993103,0.509462260064625,0.4010374957606909,0.9999656081199646,0.4917564973944713,0.5731452845391778,0.9972124695777893,0.4989841466858278,0.5823415489423848,0.9992865920066833,60.02479284922033,0
217,0.4920459559985574,0.3906460021223344,0.997715950012207,0.510852518535796,0.4012952290830161,0.9999662637710571,0.49045899794215286,0.5730944758369814,0.9972467422485352,0.499221449806577,0.582420340606145,0.9993005990982056,60.02479284922033,0
218,0.4927737187771574,0.39066822472072815,0.9978131055831909,0.512176164558956,0.40185915998050176,0.9999675154685974,0.4894457686515085,0.5733260200137189,0.9973543882369995,0.4993968364738287,0.5827189627147861,0.9993379712104797,60.02479284922033,0
219,0.4939424636818117,0.39091201339449233,0.9978395104408264,0.5134792810394655,0.40279243105933815,0.9999672174453735,0.48814196104095137,0.5735048140798301,0.9974032640457153,0.49885703552336963,0.5830087917191646,0.9993522763252258,60.02479284922033,0
220,0.4951874088673368,0.39149254844302256,0.9977448582649231,0.514844343775795,0.4042377415157503,0.9999650120735168,0.48621511317434807,0.5737635493278508,0.9973984360694885,0.4981740627970018,0.5832635164260869,0.9993220567703247,60.02479284922033,0
221,0.4965790183771228,0.39289712763968,0.9977878928184509,0.516317969276792,0.40597860444159767,0.9999642968177795,0.4844620838051754,0.5737453954560421,0.9974864721298218,0.49656649998256175,0.5831170905204051,0.9993443489074707,60.02479284922033,0
222,0.49807838740802984,0.3948832792895184,0.997905433177948,0.51789479028611,0.40789186528750865,0.9999655485153198,0.4829666472616654,0.5744239120256338,0.997641921043396,0.4945626429149087,0.5836307349659152,0.9993875622749329,60.02479284922033,0
223,0.5003786881764734,0.39783031032198984,0.9979739785194397,0.5197163167453951,0.41064629952112863,0.9999655485153198,0.4820907059169955,0.5757749619938083,0.9977765679359436,0.49248841972578183,0.584670171851204,0.9994228482246399,60.02479284922033,0
224,0.5034271719909853,0.4017659510884969,0.9979351758956909,0.5217410893667316,0.4141648042769662,0.9999635815620422,0.4822557753040681,0.577545407272521,0.9978033304214478,0.49072498366946304,0.5858763087363474,0.9994282126426697,60.02479284922033,0
225,0.506446514810835,0.4068198431105844,0.9976483583450317,0.5243111054102584,0.41915497183799777,0.9999573230743408,0.48223097551436694,0.5798766187259133,0.9976956844329834,0.48949746858506016,0.5877079254104982,0.9993428587913513,60.02479284922033,0
226,0.5091674810364137,0.4123321842579618,0.9974623918533325,0.5268764836447584,0.4248323965640298,0.9999544620513916,0.4816000390620463,0.5820096277055291,0.9976239800453186,0.488879650831223,0.5894387875284472,0.9993298053741455,60.02479284922033,0
227,0.5118194023768111,0.41799825713748057,0.9974717497825623,0.5292176888102581,0.43178540752047617,0.9999544024467468,0.48101550056820863,0.5832452575365706,0.9976361393928528,0.4878889975093664,0.5907877712022696,0.9993416666984558,60.02479284922033,0
228,0.5139318278857644,0.4234897991021478,0.9974468350410461,0.5309176217942015,0.4390538207122261,0.9999475479125977,0.4801036204610556,0.5844524616286872,0.9975702166557312,0.4865324355307083,0.5924022708620349,0.9992445707321167,60.02479284922033,0
229,0.5162953564098908,0.4300217302072619,0.9974523186683655,0.5319776222819378,0.446691134146282,0.9999390244483948,0.47937645372890325,0.5852727776481996,0.9975733757019043,0.4841223912579677,0.5939622038886665,0.9991449117660522,60.02479284922033,0
230,0.5185590045792721,0.4386712426231025,0.9974484443664551,0.5327787399291997,0.45490628764742935,0.9999346137046814,0.4786273950622199,0.5865538971764706,0.9976301193237305,0.48157718068077493,0.595985747518994,0.9991030693054199,60.02479284922033,0
231,0.5203951966194884,0.448436328342983,0.997489333152771,0.5337213873863225,0.4631474018096927,0.9999287128448486,0.4777986989134838,0.5883457405226575,0.9976860284805298,0.4792166664486844,0.5990788397334875,0.9990410804748535,60.02479284922033,0
232,0.5217731907254177,0.4579083366053448,0.9976292252540588,0.5345836962972372,0.47149554178828323,0.9999288320541382,0.4766814538410735,0.5903196476754693,0.9978212714195251,0.4771806995073958,0.6027334843363086,0.9990567564964294,60.02479284922033,0
233,0.5233012125605633,0.4665549440043317,0.9978399872779846,0.5355173491296319,0.48108625979650627,0.999934196472168,0.47561454631033434,0.5917769784019111,0.997976541519165,0.47552283179192356,0.6061558524767563,0.9991122484207153,60.02479284922033,0
234,0.5247831940650944,0.4739674514248261,0.9980311393737793,0.5365209494318285,0.48981828916640546,0.9999394416809082,0.4746800221147995,0.5928228185290387,0.9981194734573364,0.47365852480842996,0.6089213405336658,0.99917072057724,60.02479284922033,0
235,0.5265156938916166,0.4822886231399722,0.9982032775878906,0.5375262754304073,0.49901284206481245,0.9999443888664246,0.4735172107106167,0.5936642260778523,0.9982649683952332,0.47115522197314713,0.6110538669994904,0.9992386102676392,60.02479284922033,0
236,0.5280984498205643,0.49129623316583215,0.9983664751052856,0.5381666734105068,0.5084037454355335,0.9999493360519409,0.4721056960877922,0.5948993535268878,0.9984050393104553,0.46861828224999597,0.6131309327625099,0.9992993474006653,60.02479284922033,0
237,0.5297188588551117,0.49927493646031373,0.9985107779502869,0.5388110166504274,0.5159127428418119,0.9999523758888245,0.47088703796977127,0.5957849508240114,0.9985286593437195,0.46578264804113517,0.6142285948707948,0.9993261694908142,60.02479284922033,0
238,0.5310272915022718,0.5056882472265338,0.9986308813095093,0.5392899938992096,0.523642548492977,0.999954879283905,0.4698993294011983,0.5964521112896153,0.9985077381134033,0.4634374082088474,0.6148971716562912,0.9992578029632568,60.02479284922033,0
239,0.5320260382833939,0.5118319051606319,0.9987328052520752,0.5396506672813783,0.5321336445354284,0.9999568462371826,0.4686940936815175,0.5965793813977929,0.99843829870224,0.46156379296666133,0.615143307617733,0.9991971254348755,60.02479284922033,0
240,0.5327549803824656,0.5176756268455873,0.9988184571266174,0.5400050452777322,0.5400288757823766,0.9999525547027588,0.46769633321535053,0.5967687311626622,0.9984281063079834,0.45991336731683674,0.6157223383585617,0.9990105032920837,60.02479284922033,0
241,0.5330267662093757,0.5259719859986083,0.9989045858383179,0.540415499891554,0.5483810958408178,0.9999516606330872,0.46622815302440135,0.5975195368131007,0.998478353023529,0.45855815637679365,0.6165025972184686,0.9989773035049438,60.02479284922033,0
242,0.5329106166249233,0.5341010689735417,0.998986542224884,0.5405603107951941,0.556057487215315,0.9999520778656006,0.46493481738226794,0.598547240098318,0.9985195398330688,0.4576837094057178,0.6175226966540024,0.9989679455757141,60.02479284922033,0
243,0.5328225493431096,0.5415222786721734,0.9990575313568115,0.5409403954233447,0.5617979537873046,0.9999523758888245,0.46344881256421444,0.5994488511766711,0.9985140562057495,0.4567497571309411,0.6177494128545129,0.9989287257194519,60.02479284922033,0
244,0.5329051500275026,0.5461180522328335,0.9991288185119629,0.5414193102291657,0.5671265153657827,0.9999544620513916,0.4621450730732513,0.5996492136092417,0.998557984828949,0.45594482052893903,0.6177178678058448,0.9989563226699829,60.02479284922033,0
245,0.5328865193185357,0.5499319746380765,0.9991781115531921,0.5419974582535885,0.5721191849027365,0.9999545812606812,0.46045369903246597,0.5997772699310671,0.9985746741294861,0.4552020416373302,0.6179539390972688,0.9989435076713562,60.02479284922033,0
246,0.5328770677248641,0.5523506402969365,0.9992114305496216,0.5425205628077193,0.5752902882439754,0.9999546408653259,0.4589574365388783,0.6000128530320672,0.9986481666564941,0.45448565483093295,0.6184712364560087,0.9989802241325378,60.02479284922033,0
247,0.5327570353235522,0.5553323229153956,0.9992291331291199,0.5430612337021605,0.57721320504234,0.9999524354934692,0.4572564462820693,0.6005343851589027,0.9985809922218323,0.45366740510577286,0.6186351180076604,0.9989176988601685,60.02479284922033,0
248,0.532754900909606,0.5577475400198078,0.9992513060569763,0.5435230476515638,0.5786971279553009,0.9999520778656006,0.4563523034254714,0.6012373197646372,0.9985567927360535,0.45327174947375376,0.6190340632484077,0.9989133477210999,60.02479284922033,0
249,0.5328262107712887,0.5603905944597158,0.9992441534996033,0.5438304146130883,0.5803010293415619,0.9999474287033081,0.45574202424004,0.6018942708060859,0.9985019564628601,0.45302201594625235,0.6195298064322703,0.9988456964492798,60.02479284922033,0
250,0.5329800844192509,0.5613079042661762,0.9992313385009766,0.544165392716726,0.5828350072815309,0.9999440312385559,0.45559125145276425,0.6020554304122929,0.9983969926834106,0.4531393633002331,0.6206371585528061,0.9987314343452454,60.02479284922033,0
251,0.5332914136704948,0.5620160812423347,0.999229371547699,0.5445393948327932,0.5859641943659106,0.9999403953552246,0.45574704238346686,0.6021379345939278,0.9983593821525574,0.4534778424671722,0.6220146020253504,0.9986653923988342,60.02479284922033,0
252,0.5339649461564568,0.5622114085015801,0.999229371547699,0.5448118817238585,0.587643146514893,0.9999382495880127,0.4563301744915194,0.6021144815853668,0.9983406066894531,0.4538373152414962,0.62314027831668,0.9986070990562439,60.02479284922033,0
253,0.5348200542586194,0.5626433520090017,0.9992453455924988,0.5449750338281909,0.5890350795927506,0.9999373555183411,0.4566091341631756,0.602302003474463,0.9983227849006653,0.45385221640269,0.6238354501270117,0.9985604286193848,60.02479284922033,0
254,0.5357421551431932,0.5633599559466048,0.999263346195221,0.5450982167607266,0.5902257363001511,0.9999372959136963,0.45694415484155965,0.6025411401476184,0.9982587099075317,0.4537661870320642,0.6242566931815379,0.9985033273696899,60.02479284922033,0
255,0.5365893244743352,0.5648722875685923,0.999268114566803,0.5450627661886673,0.5911306313105997,0.9999359250068665,0.4570959919974921,0.6034023988814585,0.9981561303138733,0.4535942886556902,0.6247882246971135,0.9984226226806641,60.02479284922033,0
256,0.5373363835471021,0.566338283675058,0.9992737770080566,0.5449905480657309,0.5922470745586218,0.9999349117279053,0.457236176445371,0.6044560103189383,0.9980721473693848,0.4534279888584504,0.6255608655157548,0.9983699321746826,60.02479284922033,0
257,0.5377702202115744,0.5681652937616626,0.9992730021476746,0.5449837389446445,0.5938209862936116,0.9999335408210754,0.45723298192024264,0.6057505068324867,0.9979574084281921,0.45332156902267856,0.6264487192744306,0.9983177185058594,60.02479284922033,0
258,0.538005562055679,0.5696275489670894,0.9992656111717224,0.5450964342980162,0.5952781410444354,0.9999318718910217,0.4570965951397309,0.6068296432495122,0.9978616833686829,0.4532440886611034,0.6271769092196515,0.9982571005821228,60.02479284922033,0
259,0.5382804501624339,0.5701717592421037,0.9992238879203796,0.5452829145249871,0.5972750158537007,0.9999244213104248,0.457001239061356,0.607561534359342,0.9976807236671448,0.45313163314546895,0.6277662799471906,0.9980780482292175,60.02479284922033,0
260,0.5386238637424655,0.5700703547114423,0.9991580843925476,0.5455095966657006,0.5989537040392563,0.999914288520813,0.45696757379032354,0.6076859718277345,0.997458279132843,0.4530503607931595,0.6280644564401541,0.9978293180465698,60.02479284922033,0
261,0.5390437444051112,0.5698404510815943,0.9991605281829834,0.5457114719209222,0.6003811614854,0.999911904335022,0.45700171164103953,0.6079356386548003,0.9974530339241028,0.4530081734770824,0.6288222017742344,0.9977960586547852,60.02479284922033,0
262,0.5395847275143582,0.5696946552821573,0.9991689920425415,0.5458485143525265,0.6011532687005547,0.9999096989631653,0.4572082488309773,0.6082685334341871,0.997429609298706,0.45300344342277205,0.629686071759179,0.9977495074272156,60.02479284922033,0
263,0.5399492184321091,0.5706668524515066,0.9991503953933716,0.5459320715495523,0.60192198412759,0.9999034404754639,0.45737101350511866,0.6090631144387386,0.9973457455635071,0.4530415577547895,0.6306262896174482,0.9976476430892944,60.02479284922033,0
264,0.5402379291398189,0.5717272417885921,0.9991298913955688,0.545969548679534,0.6026366324651814,0.999900221824646,0.45748037525585755,0.6098560009683887,0.9972758889198303,0.4530615962686997,0.6312467881611421,0.9976188540458679,60.02479284922033,0
265,0.5406059707914084,0.5723726550738022,0.9991340637207031,0.545990836052668,0.603492106710162,0.999899685382843,0.45760698971294256,0.6102839793477746,0.9972786903381348,0.4530552781763535,0.6312036769730709,0.9976291656494141,60.02479284922033,0
266,0.5409411135173984,0.572580028147925,0.9991480112075806,0.5460288070497062,0.6046146381469004,0.9998989105224609,0.4576753718512403,0.610403764815558,0.9973210692405701,0.4530672757398518,0.6311105489730839,0.9976659417152405,60.02479284922033,0
267,0.5412190811974666,0.5726937396185743,0.9991875290870667,0.5459982866332649,0.6064509380431408,0.9999024271965027,0.45775593462444525,0.610397563094185,0.9974486231803894,0.4530545799505147,0.6315877437591557,0.997771680355072,60.02479284922033,0
268,0.5414478636923294,0.5727883265132,0.9992084503173828,0.546026034014566,0.6077580650647486,0.99990314245224,0.4577863869212926,0.610322875635965,0.9975232481956482,0.45302262334596577,0.6321790814399724,0.9978227615356445,60.02479284922033,0
269,0.5415471650305252,0.5734263232776101,0.9992425441741943,0.5461997872307192,0.6085950902530131,0.9999054670333862,0.45754115212531354,0.6105258180981596,0.9976235032081604,0.45298768225170355,0.6328338015647166,0.997896134853363,60.02479284922033,0
270,0.5416360156876705,0.5743468517348884,0.9992392659187317,0.5464671396073845,0.6086597556159614,0.9999029040336609,0.4571129608721964,0.6111140080860689,0.9974851012229919,0.45293325327691614,0.6334329502923153,0.997745156288147,60.02479284922033,0
271,0.5415866545268472,0.5751013869331001,0.9992075562477112,0.5468181229773026,0.6081119293258308,0.9998982548713684,0.45653289556503335,0.612076546464648,0.9972566962242126,0.4528204784506847,0.6339596765381954,0.9975377917289734,60.02479284922033,0
272,0.5414490046955295,0.575553104991005,0.9991923570632935,0.5472398513839363,0.6076055509703504,0.9998955130577087,0.45602073555900974,0.6135106711160574,0.9972103238105774,0.4527427312873662,0.634654459499178,0.9974985718727112,60.02479284922033,0
273,0.5416267173630855,0.5756289618355892,0.99919593334198,0.547604342301687,0.607678753989084,0.9998957514762878,0.45580867642448103,0.6146659538859418,0.9971868395805359,0.4526765616167163,0.6353085012662983,0.9974769353866577,60.02479284922033,0
274,0.5421319944517957,0.5751483553931831,0.9991883039474487,0.5479574402173364,0.6080310287929721,0.9998948574066162,0.45578425129254696,0.6148281040645786,0.9971947073936462,0.4526462696847465,0.6353605559894022,0.9974639415740967,60.02479284922033,0
275,0.5427964187803727,0.5744083296684996,0.9991965889930725,0.548300269104186,0.6085224605741959,0.9998958110809326,0.4558233349096211,0.6142880178633195,0.9972786903381348,0.4526526317709972,0.6348709322157365,0.9975219368934631,60.02479284922033,0
276,0.5433773284866701,0.573694248994192,0.9992064237594604,0.5485926355634422,0.6093914054688958,0.9998959898948669,0.4559197723865513,0.6134008509772169,0.9974014759063721,0.45267966815403565,0.6340454220771794,0.9976005554199219,60.02479284922033,0
277,0.5436782184101291,0.5731369398889092,0.9992364645004272,0.5487786417915712,0.6103683823630928,0.9998990893363953,0.4559708819502879,0.6127016771407359,0.9975416660308838,0.45264633070854954,0.6334777644702372,0.997717559337616,60.02479284922033,0
278,0.5436607173510964,0.5729468691916697,0.999259889125824,0.5488956002962027,0.611418573629289,0.9999020099639893,0.4560401453858334,0.6125306997980395,0.997681736946106,0.45258603777204276,0.6332807257061919,0.9978457093238831,60.02479284922033,0
279,0.5435843581245063,0.5729578818593711,0.999280571937561,0.5489585371244525,0.612265513056801,0.9999057054519653,0.45605846246083614,0.6125817440804986,0.9977354407310486,0.4525012004943125,0.633374622889928,0.9979172945022583,60.02479284922033,0
280,0.5435511015710381,0.5729692152568276,0.9993045926094055,0.5489429292224707,0.6127900197392424,0.999910831451416,0.4560248979500366,0.6125815425600329,0.9977706670761108,0.45241761491412247,0.6336641198112856,0.9979640245437622,60.02479284922033,0
281,0.5435476501782739,0.5729206942376641,0.9993157982826233,0.5489236684072589,0.6128440697987879,0.9999133944511414,0.45598744352658627,0.6125312589463738,0.9978222250938416,0.4523505696228576,0.6339041760989603,0.9980291128158569,60.02479284922033,0
282,0.5435405004592173,0.5729191501935328,0.9993361234664917,0.548948154562996,0.6128518127259759,0.9999149441719055,0.4559510676633748,0.6126587419282827,0.9978801608085632,0.4523626097611022,0.6341783574649271,0.9980784058570862,60.02479284922033,0
283,0.5435220372109191,0.5729809006055201,0.9993553757667542,0.548984186989921,0.6128013730049138,0.9999161958694458,0.4559144108068379,0.6128721379098443,0.9979420900344849,0.4524035127390002,0.6345381992203853,0.9981243014335632,60.02479284922033,0
284,0.5435042466436117,0.5730263278597881,0.9993634819984436,0.5490178749674847,0.612748503684998,0.9999163746833801,0.45593551936603766,0.6131353435062232,0.9979624152183533,0.4525146995271959,0.6348666236514142,0.9981406927108765,60.02479284922033,0
285,0.5434532023611527,0.5731787482897446,0.9993854761123657,0.5490367781548278,0.6127407181830639,0.9999184012413025,0.4559937814871474,0.6133604333514264,0.9980295896530151,0.4526399203709197,0.6350605033692864,0.998199999332428,60.02479284922033,0
286,0.5433881850469684,0.5733806803112943,0.9994041919708252,0.5490302301588517,0.6128976799192888,0.9999206066131592,0.456093659003576,0.6134770001683921,0.9980617761611938,0.4527615010738376,0.635385345844996,0.9982351660728455,60.02479284922033,0
287,0.543315898804438,0.5736407524063478,0.9994094967842102,0.549038566294171,0.6133676057770143,0.9999209046363831,0.45619961903208817,0.6134459291185657,0.9980935454368591,0.45283574717385466,0.6358754095577063,0.9982415437698364,60.02479284922033,0
288,0.5432635943094893,0.573945386069162,0.9994083046913147,0.5490331337565472,0.6140117616880513,0.9999193549156189,0.4562839198680155,0.6135828523408804,0.9981111884117126,0.4528639969371618,0.6367517255601434,0.9982234835624695,60.02479284922033,0
289,0.5432167365437466,0.5742129342896602,0.9994074106216431,0.5490378141403203,0.6145212366467436,0.9999188780784607,0.4562984023775377,0.6138672516459516,0.9980958104133606,0.4528787136077884,0.6377158306893853,0.9981833100318909,60.02479284922033,0
290,0.5431858698527023,0.5744897552898957,0.9994052648544312,0.5489948704129178,0.6148889831134257,0.9999170303344727,0.4562772029922126,0.614656513645536,0.9981065392494202,0.45297228580429477,0.6390921019372491,0.998157262802124,60.02479284922033,0
291,0.5431765743664337,0.5743720758528941,0.9994121193885803,0.5487036960465572,0.6153758281753181,0.9999165534973145,0.45630551094100624,0.6153183863276532,0.9980958700180054,0.4530659502460847,0.6403591661226187,0.9981390237808228,60.02479284922033,0
292,0.543264264152164,0.5738940494401119,0.9994028806686401,0.5482848542077206,0.6158263427870618,0.9999148845672607,0.4564201590560735,0.6154796537898841,0.9979507327079773,0.4531874103205548,0.6412778042611627,0.9980174899101257,60.02479284922033,0
293,0.5434356615656902,0.5731235856101631,0.9994223117828369,0.5477450688680017,0.6164694598742899,0.9999184012413025,0.4565950305688953,0.615151323023297,0.9980008602142334,0.45327710963430895,0.6417949738956639,0.9980470538139343,60.02479284922033,0
294,0.5436241683505835,0.5721926859446939,0.9994369149208069,0.5472484344527839,0.617058824925196,0.9999220371246338,0.4567832279772989,0.6143539888518202,0.9980583786964417,0.45344141125679055,0.6420655846595769,0.9980827569961548,60.02479284922033,0
295,0.5437573989232385,0.5714328544480465,0.9994498491287231,0.5469653152284173,0.6173543561072581,0.9999247193336487,0.45687843788237836,0.6135001778602605,0.9980823397636414,0.45369322952770086,0.6419931678544912,0.9980908632278442,60.02479284922033,0
296,0.5438201455842886,0.5711431843893873,0.9994640946388245,0.5468472526186993,0.6171058274450761,0.999927818775177,0.45691001982916,0.613146236964635,0.9981090426445007,0.4540043459052135,0.6420542512621203,0.9981105923652649,60.02479284922033,0
297,0.5438487813586285,0.5709751730873476,0.9994626045227051,0.5466725343749641,0.6170853007407421,0.999926745891571,0.4569121173449929,0.6129888409659981,0.9980301260948181,0.454191461915062,0.6422575513521835,0.9980273842811584,60.02479284922033,0
298,0.5438845668520251,0.5710573650541764,0.999445378780365,0.5465424969082792,0.6160948702267244,0.9999219179153442,0.4568589329719547,0.6128778656323756,0.9978305101394653,0.45415534008116987,0.641629040241242,0.997836709022522,60.02479284922033,0
299,0.5439772435597016,0.5710017766271324,0.9994361400604248,0.5463045636812851,0.6149017441840404,0.9999188184738159,0.4568718842097695,0.6126400175548741,0.997735321521759,0.45387488461676134,0.6404677544321338,0.9977519512176514,60.02479284922033,0
300,0.5440366750671755,0.5708178111485077,0.9994261860847473,0.546040915307545,0.6137504804702036,0.999916672706604,0.45687584082285604,0.6121781440008259,0.9976317882537842,0.45359334349632296,0.6392312759444831,0.9976751208305359,60.02479284922033,0
301,0.543898775464013,0.570947144712721,0.999426543712616,0.5457285046577458,0.6123264375187106,0.9999158382415771,0.4568781455357873,0.6117913722991948,0.9976344704627991,0.4533897666704091,0.6376009469940553,0.9976851940155029,60.02479284922033,0
302,0.5435453397887098,0.5712849043664483,0.9994162917137146,0.5453689807937263,0.6105504376547682,0.9999136328697205,0.456790156307675,0.6115091641743983,0.9974868893623352,0.45333038341431425,0.6359084986505059,0.9976028203964233,60.02479284922033,0
303,0.5431248346964523,0.5717228537514101,0.9993975758552551,0.5448524781635833,0.6093794504801437,0.9999107718467712,0.4567263679844996,0.6113533746628539,0.9972440004348755,0.4532169756435216,0.6347079646019713,0.9974732398986816,60.02479284922033,0
304,0.542756869679406,0.5722171550705324,0.9993960857391357,0.5443515380223596,0.6081750250998003,0.9999094605445862,0.45673611618223686,0.6113217047282633,0.9970741271972656,0.453034755729494,0.6333987088430502,0.9973819255828857,60.02479284922033,0
305,0.5425733611697248,0.5725142047518781,0.9993851780891418,0.5438390005202525,0.607764309360868,0.9999030828475952,0.4569547928514939,0.6112295304025928,0.9970188140869141,0.4528318842252099,0.6325331131617233,0.9973337650299072,60.02479284922033,0
306,0.54254162311554,0.5726123111588619,0.9993597865104675,0.5432438708487015,0.6080717955316821,0.9998944997787476,0.45724496387300073,0.611158844970522,0.9968953728675842,0.45267387940770143,0.632318999086108,0.9972171783447266,60.02479284922033,0
307,0.5425292196727938,0.5728258206730802,0.9993552565574646,0.5426545654024402,0.6083977846872244,0.9998910427093506,0.457572596413749,0.6111803310258053,0.9967659115791321,0.4526080943289261,0.6322066102709094,0.9971268177032471,60.02479284922033,0
308,0.5424789190292363,0.5728978230839689,0.9993475079536438,0.5421663778168818,0.6085300530706138,0.999887228012085,0.45769996160552656,0.6111418292635968,0.9966407418251038,0.4524841237635843,0.6322688744181684,0.9970299005508423,60.02479284922033,0
309,0.5424296572094875,0.5728875966299153,0.9993466734886169,0.5417994714918595,0.6086368390492035,0.9998831748962402,0.45773330898512016,0.6109725009827391,0.9966225624084473,0.4522486470994499,0.632352179005033,0.9970059394836426,60.02479284922033,0
310,0.5423977687245327,0.5729293596176879,0.9993380904197693,0.5417077740033471,0.6086292664210007,0.9998790621757507,0.4576761183284581,0.610911817777725,0.9966046214103699,0.45195590598242663,0.6324206760951456,0.9969761967658997,60.02479284922033,0
311,0.542430128370013,0.5727933333033612,0.9993205070495605,0.541623867693402,0.6087707025664197,0.9998760223388672,0.4577670296033227,0.6107833328701207,0.9965915679931641,0.45164197257586924,0.6323952674865727,0.9969767332077026,60.02479284922033,0
312,0.5424091418584192,0.5731277778035122,0.9993132948875427,0.5414178371429448,0.6092436852909275,0.9998735785484314,0.4578648649510887,0.611006203151885,0.9965399503707886,0.45141115642729296,0.6323921027637669,0.9969276189804077,60.02479284922033,0
313,0.54226146993183,0.5741876051539471,0.9992954134941101,0.541203876336416,0.6099916639782139,0.999865710735321,0.457717019887198,0.6117710527919593,0.9963257312774658,0.45128051439921096,0.6325360195977352,0.9967078566551208,60.02479284922033,0
314,0.5419918781235109,0.5757237161908836,0.999265193939209,0.5409823797997978,0.6108675911313017,0.9998610615730286,0.4574230256534762,0.6127989803041736,0.9960076808929443,0.451098230623064,0.6328010473932544,0.9965183734893799,60.02479284922033,0
315,0.5415316536313016,0.5775115035829095,0.9992345571517944,0.5408372992560981,0.6116500099500025,0.9998581409454346,0.45692052159990626,0.6139033323242555,0.9957356452941895,0.4509435821147196,0.6330718369711018,0.9963898658752441,60.02479284922033,0
316,0.5409370887847178,0.5791617546762744,0.9992295503616333,0.5408350427945459,0.6120315392812099,0.9998580813407898,0.4563125017143435,0.6149198725110013,0.9958099126815796,0.4508003195126855,0.6333316507793614,0.9964748024940491,60.02479284922033,0
317,0.540353928293501,0.5799940228462224,0.99919193983078,0.5407522632962185,0.6121726121221275,0.999854564666748,0.45596206897781044,0.615498440606254,0.9956696629524231,0.45066038199833497,0.6335721470060808,0.9963892698287964,60.02479284922033,0
318,0.5399121585346408,0.5804352164268498,0.9991735816001892,0.5406153741337009,0.6123292304220658,0.9998548626899719,0.4558196848347077,0.6158469092278258,0.9956251382827759,0.4505846060457687,0.6338394965444298,0.9963852763175964,60.02479284922033,0
319,0.5395639113017495,0.5806042239779523,0.9991645216941833,0.5404934684435531,0.6121577279908321,0.9998564124107361,0.45571104685465535,0.6162742688542325,0.9956143498420715,0.45055951249031834,0.6341605044546587,0.9964272975921631,60.02479284922033,0
320,0.5393548778125222,0.5805879433949793,0.9991723299026489,0.540387400559017,0.6118552656400776,0.9998594522476196,0.45575576594897715,0.6166379167920072,0.9956984519958496,0.45055947275388847,0.6344530468895326,0.996533215045929,60.02479284922033,0
321,0.539160169306256,0.5805956863221673,0.9991633296012878,0.5403342530840923,0.6113959607623878,0.9998586773872375,0.45577273624283965,0.6172476666314266,0.9958449602127075,0.4505587276958288,0.634627413182032,0.9966691136360168,60.02479284922033,0
322,0.5389723352023538,0.5807258855728881,0.99916672706604,0.5403447009268265,0.6109224188895458,0.9998607039451599,0.45576451080186065,0.6180539982659481,0.9960553050041199,0.450576042845136,0.6347681709698274,0.9968555569648743,60.02479284922033,0
323,0.5388480084283016,0.5808443370319553,0.9991676211357117,0.5403218297731314,0.6107820783342639,0.9998639822006226,0.455761742024195,0.6188168837910611,0.9961983561515808,0.4505769000166942,0.6349708977199742,0.9969955682754517,60.02479284922033,0
324,0.5387747997329353,0.5809575659888135,0.9991756081581116,0.5402084078107565,0.6110752962884454,0.9998648762702942,0.45578136756306636,0.619293073813121,0.9963414072990417,0.4505622841063004,0.6353057963507521,0.9971121549606323,60.02479284922033,0
325,0.5385638588950752,0.5811093733424237,0.9991888999938965,0.5400582835787823,0.6113128945941022,0.9998656511306763,0.45576567309243377,0.6195248365402226,0.9964855313301086,0.4505020621277041,0.6356649938083836,0.9972221851348877,60.02479284922033,0
326,0.538265602929252,0.5812095687502911,0.9991792440414429,0.539893161682856,0.6116518349874592,0.9998648166656494,0.4557015654586614,0.6194512077740265,0.996566891670227,0.450376364446822,0.6360044536136451,0.9973071217536926,60.02479284922033,0
327,0.5377366514433002,0.5815932353337611,0.9991792440414429,0.5397764699799679,0.6119997104008997,0.9998665452003479,0.45549936805452657,0.619483746233441,0.9967244267463684,0.4502420638288774,0.6362774797848298,0.9974402189254761,60.02479284922033,0
328,0.5371058895474392,0.582159280776978,0.9991848468780518,0.5397099426814492,0.6123297384807047,0.9998680353164673,0.45512522402263855,0.6195882956186936,0.9968976974487305,0.4501239813509445,0.6364007081304284,0.9975787997245789,60.02479284922033,0
329,0.5365906726746337,0.5828505357106532,0.9992125034332275,0.5397000284422016,0.6124791900316879,0.9998737573623657,0.4546681003911158,0.619670723165785,0.9970290064811707,0.45005054417110657,0.6362073478244605,0.9976928234100342,60.02479284922033,0
330,0.536248590265002,0.5835778003647218,0.9992477297782898,0.5397023246401836,0.612430246103378,0.9998801350593567,0.45426217005366404,0.6197358937490559,0.9971385598182678,0.45004042699223507,0.635861476262411,0.9977954030036926,60.02479284922033,0
331,0.5360681783585326,0.5842744679678059,0.9992331862449646,0.5396320961770562,0.6122087467284434,0.999878466129303,0.4539627929528558,0.6198298363458548,0.9970746636390686,0.45001558604694586,0.6354941527048752,0.9977439641952515,60.02479284922033,0
332,0.5360916313670934,0.5846990829422365,0.999190628528595,0.5394616212163656,0.6120809345018301,0.9998724460601807,0.45383542918023645,0.6199460795947488,0.9969799518585205,0.4499425050758184,0.6352573661577139,0.9976722002029419,60.02479284922033,0
333,0.536118674845923,0.5850678199813484,0.9991294741630554,0.5392622692244398,0.6121787570771722,0.999862551689148,0.45380787622360996,0.6201144542012901,0.9966504573822021,0.4498976923170548,0.6352486014366155,0.9974416494369507,60.02479284922033,0
334,0.5361571170034867,0.5851435661315922,0.9990876317024231,0.5390707140877138,0.6124657449268165,0.99985671043396,0.4538258810838067,0.6202595120384584,0.9965118169784546,0.4498920071692698,0.6353782131558378,0.9973494410514832,60.02479284922033,0
335,0.5362254948843097,0.5849126066480369,0.9990445375442505,0.5389710409300672,0.612627213909513,0.9998502731323242,0.45388559784208066,0.620275838034494,0.9961129426956177,0.449937272639502,0.6353301576205668,0.9970614314079285,60.02479284922033,0
336,0.5362506139846079,0.5845913319360647,0.9990332722663879,0.5389548199517391,0.6126882547423957,0.9998474717140198,0.45370927594956934,0.620402560347603,0.9959632754325867,0.44993916863486916,0.6354418538865594,0.9969348907470703,60.02479284922033,0
337,0.5362299709093008,0.5840274407750089,0.9990288615226746,0.538912347384862,0.6127032580829808,0.9998483657836914,0.45335092431023044,0.62057204757418,0.9958404898643494,0.44984817930630316,0.6361905847276965,0.9968481659889221,60.02479284922033,0
338,0.5361936943871639,0.5834517592475532,0.9990076422691345,0.5388562821206597,0.612762726488568,0.9998469948768616,0.45296729036739936,0.6207819240433834,0.9956972599029541,0.4496929489430931,0.6374004341307146,0.9967561364173889,60.02479284922033,0
339,0.5361574803079883,0.5830461751847045,0.9990002512931824,0.5387251433872046,0.6131528615951543,0.9998472332954407,0.4525663881074818,0.6215763858386454,0.9955354928970337,0.44951796389761456,0.6394274092855913,0.996649444103241,60.02479284922033,0
340,0.5361548946017315,0.5827851891517644,0.9989955425262451,0.5385556362924127,0.6138600763820472,0.9998491406440735,0.45225147406260213,0.6225534819421319,0.9954558610916138,0.4493360036895392,0.6414720586368021,0.9966026544570923,60.02479284922033,0
341,0.5361553969837375,0.5827043794450311,0.9990073442459106,0.5384107090177994,0.6142913046337314,0.9998528957366943,0.45212390735035884,0.6233367948305044,0.9953934550285339,0.44919152628807835,0.642719115529742,0.9965389370918274,60.02479284922033,0
342,0.5360601572763356,0.5830899249939696,0.9990136027336121,0.5383041273979918,0.6142712093534929,0.9998561143875122,0.45192763351258813,0.6240747883206328,0.9954614043235779,0.44902535421507733,0.6432193602834434,0.9966059923171997,60.02479284922033,0
343,0.5358980099360153,0.5835372209548955,0.9990055561065674,0.5382537983712701,0.6138419480550861,0.9998591542243958,0.4517479893707097,0.6244654541923891,0.995510995388031,0.4488742791471031,0.6433297821453645,0.9966644048690796,60.02479284922033,0
344,0.5357629600025362,0.5839173538344251,0.9990251660346985,0.5382806374913175,0.6131361268815545,0.9998648166656494,0.4516736098698211,0.6244636887595771,0.9955631494522095,0.4487936212902981,0.6430268968854637,0.9967467784881592,60.02479284922033,0
345,0.5356311996777856,0.5845938835825244,0.9990339279174805,0.5382712852387206,0.612730293046861,0.9998682141304016,0.45159979377474135,0.6252512506076273,0.9955880045890808,0.44876468607357606,0.6434155418759306,0.9967907667160034,60.02479284922033,0
346,0.5355413953463242,0.5854959686597192,0.9990341663360596,0.5382562591916042,0.6126115066664564,0.9998700022697449,0.4515865828309744,0.6267858772050772,0.995529294013977,0.44875429357801205,0.643976875713894,0.9967861771583557,60.02479284922033,0
347,0.5354582724117102,0.5866421574638008,0.999025285243988,0.5382374298004882,0.6124123505183634,0.9998717904090881,0.4516595119521735,0.6288960065160485,0.995368480682373,0.44880808109328896,0.6444889732769563,0.9967236518859863,60.02479284922033,0
348,0.5353740510486424,0.5880453160830912,0.9990108609199524,0.538214314551581,0.6121609750248143,0.9998716711997986,0.4517170588175459,0.6310573191869832,0.994918942451477,0.448863152946745,0.6449854629380367,0.9965010285377502,60.02479284922033,0
349,0.5353393724986489,0.5883816253571288,0.9989898800849915,0.5381976025445125,0.61156805072512,0.9998683333396912,0.4518062628450852,0.6325271782420936,0.9946318864822388,0.44893362692424266,0.6453370764141997,0.9962818026542664,60.02479284922033,0
350,0.5353209206036162,0.5876932200931372,0.9989810585975647,0.5382220887002496,0.6106061140696213,0.9998682737350464,0.4519062169960571,0.6328587304978148,0.9943041205406189,0.4490390845707488,0.6453936610903064,0.9960898756980896,60.02479284922033,0
351,0.5352889725140167,0.5867265775090177,0.9989833831787109,0.538267967246828,0.6096627286502299,0.9998680949211121,0.4519635254428504,0.6325697870481587,0.9940561056137085,0.4491207571256732,0.6454874220348545,0.9959723353385925,60.02479284922033,0
352,0.5352002921558566,0.5858780457859952,0.9989622831344604,0.538321415583293,0.6088800345148364,0.9998681545257568,0.4519621048654832,0.6321052625065763,0.9938502907752991,0.4491505367415295,0.6453737673305335,0.995884120464325,60.02479284922033,0
353,0.535045947347369,0.5855592574392051,0.9989408850669861,0.5383705809002834,0.6084938333148053,0.9998645186424255,0.45187264255115,0.6319634942781363,0.9937000870704651,0.44917316521917106,0.645457511856443,0.9957952499389648,60.02479284922033,0
354,0.5348746890113472,0.5859642369406568,0.9989192485809326,0.5383884225572864,0.608493566513062,0.9998631477355957,0.45174320822670383,0.6320301265943623,0.9933273196220398,0.4491662170205801,0.6457257696560457,0.9955958724021912,60.02479284922033,0
355,0.534789621829987,0.5862891901107066,0.998907744884491,0.5383771516027909,0.608605061258589,0.9998597502708435,0.4516827946617494,0.6322869147573204,0.9931642413139343,0.4491843141260605,0.6461039157140829,0.9954760074615479,60.02479284922033,0
356,0.5347628848893307,0.5866410930951441,0.9988827705383301,0.538372343494779,0.6087145493144086,0.9998559951782227,0.45177800456682876,0.6324801984287449,0.992992103099823,0.44927433416956986,0.6465060937972302,0.9953355193138123,60.02479284922033,0
357,0.5347956787972228,0.5872178844043192,0.998839259147644,0.5383657018343612,0.6087257095745637,0.9998490810394287,0.45190722885586004,0.6330072397277474,0.9928980469703674,0.44935879537037476,0.6469452806881502,0.9952812194824219,60.02479284922033,0
358,0.5348692110606607,0.587471879663922,0.998786449432373,0.5383646828787672,0.6089705143656055,0.9998403787612915,0.4522716090792705,0.6334965825080876,0.9928075671195984,0.44951032740729235,0.6472744828178775,0.9951993227005005,60.02479284922033,0
359,0.5351488533474155,0.5870269991102678,0.9987149834632874,0.5383175072215857,0.6096406720933465,0.9998272061347961,0.4529954308555243,0.6338899050440112,0.9923494458198547,0.4497466711770924,0.6476655602455144,0.9949055314064026,60.02479284922033,0
360,0.5355578944796612,0.5861867779777168,0.9987549781799316,0.5383021689596634,0.6104393232436411,0.9998325705528259,0.4539098171960743,0.6340559295245585,0.9925894141197205,0.4501328525089086,0.6481043355805538,0.9950694441795349,60.02479284922033,0
361,0.5359962866419842,0.5854191354342874,0.9987661242485046,0.5383422942388629,0.6111873927570529,0.9998319149017334,0.45479651717912617,0.634010493755341,0.9927712678909302,0.4505787718863718,0.6484434633027945,0.9951592683792114,60.02479284922033,0
362,0.536374648412069,0.5845769870848887,0.9987660646438599,0.5384359473273872,0.6116645506450114,0.999830961227417,0.4554462447052914,0.6334534287452702,0.9928039312362671,0.4509765434832803,0.648646820159186,0.9951331615447998,60.02479284922033,0
363,0.5365319904826941,0.5841860203515921,0.9987683296203613,0.5385383537837442,0.6115732420058482,0.9998282790184021,0.45560617248217294,0.6330555052984334,0.9929245710372925,0.4511673904600601,0.6487262305759254,0.9951520562171936,60.02479284922033,0
364,0.5366383932885674,0.5836101373036707,0.9987747073173523,0.5385743180910751,0.6114319562911992,0.999828040599823,0.45557702723003607,0.6324065015429547,0.9930229187011719,0.45116527165685416,0.6486544495537172,0.9951902031898499,60.02479284922033,0
365,0.5367898941040044,0.5829074780146286,0.9987384080886841,0.5386256234986446,0.6111759940783188,0.9998238682746887,0.4555047267959235,0.632228260948545,0.9930448532104492,0.4511404335498813,0.6489591002464299,0.9951965808868408,60.02479284922033,0
366,0.5369566451935546,0.5824059673718048,0.9987207651138306,0.5388653505416148,0.6108240996088306,0.9998247027397156,0.4552909760248097,0.6335013537179861,0.9930546879768372,0.45118495396205394,0.6505479273341956,0.995221734046936,60.02479284922033,0
367,0.5370982289314274,0.5821786409332643,0.9987344741821289,0.5392094282876883,0.610431089287713,0.9998308420181274,0.45525348328408777,0.6354083532378791,0.9930857419967651,0.45141527482441524,0.6524325722739814,0.9953219294548035,60.02479284922033,0
368,0.5371569338298984,0.5822423270770486,0.9987639784812927,0.5395528674125676,0.6099596931820829,0.999838650226593,0.45538728435834286,0.6375687604858767,0.9931551218032837,0.4517623469943096,0.6544971466064458,0.9954507350921631,60.02479284922033,0
369,0.537247518698375,0.5825154554276244,0.9988043904304504,0.5397650003433232,0.6100587078503206,0.9998458623886108,0.45544244703792425,0.6393455380485176,0.9935240149497986,0.4521188622429261,0.6564692457516993,0.9956950545310974,60.02479284922033,0
370,0.537417312463125,0.5827166523252219,0.9988269209861755,0.5397711055619381,0.6106248157364986,0.9998505115509033,0.45545904125486136,0.6399698058764145,0.9938144087791443,0.452453400407519,0.6578184848739992,0.9958754181861877,60.02479284922033,0
371,0.5375631934120546,0.5827387741633828,0.9988662004470825,0.5397829413414006,0.611287999720801,0.999855637550354,0.4552830585411621,0.6397717765399393,0.994218647480011,0.4528206671987265,0.6594225253377648,0.9961177110671997,60.02479284922033,0
372,0.537699109032041,0.5825512806574509,0.9988867044448853,0.5399091158594408,0.6120353114037291,0.9998599886894226,0.4552344027019686,0.6399699392772862,0.994550883769989,0.45332170668102484,0.6613617425873171,0.9963168501853943,60.02479284922033,0
373,0.5377526737394791,0.582433992908115,0.9989040493965149,0.540130110014053,0.6122813366708306,0.9998651742935181,0.4556846065180646,0.6400449190820972,0.9948591589927673,0.4540021376950404,0.6624290716080443,0.9965229034423828,60.02479284922033,0
374,0.5377012406076708,0.582574708121164,0.9989346861839294,0.5403599483626234,0.6119424785886497,0.9998680353164673,0.4565261545635409,0.640557916391464,0.9951934814453125,0.45458354978334375,0.662910489808946,0.996748685836792,60.02479284922033,0
375,0.5377086344219394,0.5826731778326493,0.9989699125289917,0.5405141597702394,0.611574578852881,0.9998727440834045,0.4572816987832391,0.641057105291458,0.995514452457428,0.45496316608928533,0.6629401956285754,0.9969650506973267,60.02479284922033,0
376,0.5376157590321136,0.5830402771631882,0.9990026354789734,0.5405745052155999,0.6112537866546999,0.9998759627342224,0.45774321754773495,0.6420261036782042,0.995790958404541,0.45510516564051345,0.6635991789045794,0.9971593022346497,60.02479284922033,0
377,0.5374658505121871,0.5834139528728671,0.9989619851112366,0.5405867128145131,0.6110678059714185,0.9998719096183777,0.4577515125274662,0.6434087441081098,0.9958880543708801,0.4551026977243881,0.6652811964352932,0.9972521662712097,60.02479284922033,0
378,0.5372208016259334,0.5840208899407164,0.9989177584648132,0.5406082471211755,0.6111963646752498,0.9998694062232971,0.45756123321397,0.6462841573215672,0.9956963658332825,0.4552140434583032,0.6679159402847296,0.9972215890884399,60.02479284922033,0
379,0.5368325454848157,0.58498683997563,0.9988985657691956,0.5405023637272067,0.6109737101055331,0.9998683929443359,0.45737025709379325,0.6489293064389916,0.9956788420677185,0.4553207982154123,0.6698236720902584,0.9972613453865051,60.02479284922033,0
380,0.5363614559173588,0.5859024098941263,0.9988285303115845,0.5402660738854186,0.6105669197582069,0.9998599886894226,0.45715338417461976,0.6513126520883474,0.9955397248268127,0.45531875320843324,0.6712232175327488,0.9972125887870789,60.02479284922033,0
381,0.5359302560488387,0.5863139203616556,0.9988008737564087,0.5399758929298042,0.6101649602254237,0.9998577833175659,0.4569037216050288,0.6523760784240001,0.9957236051559448,0.45527503178233225,0.6718428305217203,0.9973359704017639,60.02479284922033,0
382,0.5353751551537291,0.5864245380674094,0.9987508654594421,0.5397206232661297,0.6101275739215675,0.9998536109924316,0.4566660140241899,0.6533848331088117,0.9958096146583557,0.45522626099132396,0.6737511612120134,0.9974001049995422,60.02479284922033,0
383,0.5349201560020451,0.5862300764946715,0.9987495541572571,0.5395796355747046,0.6102997802552728,0.9998549818992615,0.4567938645680749,0.6547438615844368,0.9957879185676575,0.45529938879467236,0.6764213896933062,0.9974219799041748,60.02479284922033,0
384,0.5346191582225622,0.5860553809574677,0.998699426651001,0.5396154749961131,0.6109201482364115,0.9998533129692078,0.457190234036673,0.657176744370234,0.9954708814620972,0.4555968344211582,0.6796885416621259,0.9973099231719971,60.02479284922033,0
385,0.5343278646469121,0.5859181086222336,0.9987131357192993,0.5396470172064649,0.611348064172836,0.9998577833175659,0.457861871946426,0.6588568857737955,0.9955340027809143,0.4560994548457013,0.6816049587158934,0.9973815083503723,60.02479284922033,0
386,0.5340780672572912,0.5858870091892429,0.9987184405326843,0.5396851726940703,0.6115288876351861,0.9998599886894226,0.4584965563955765,0.6603324810663864,0.9956694841384888,0.45671982566515645,0.6830235208783837,0.9974870085716248,60.02479284922033,0
387,0.5339656585738777,0.5858574679919657,0.9987555146217346,0.5397143108504163,0.6115831959815258,0.9998632669448853,0.4589065441063476,0.6616211079415826,0.9959753751754761,0.4572843483516152,0.683925038292295,0.9976575970649719,60.02479284922033,0
388,0.5337616063299637,0.5859341110501975,0.9987612962722778,0.5397529261452816,0.6114522474152706,0.9998634457588196,0.4588882057439717,0.6635014187721984,0.9961219429969788,0.4576206292424887,0.6858788189433875,0.9977203011512756,60.02479284922033,0
389,0.5336434103193741,0.586245749677931,0.998761773109436,0.5397752949169708,0.6114429888271156,0.9998656511306763,0.45908629468509166,0.6656401725042439,0.9963356256484985,0.45773615439732906,0.6890054487046746,0.9978442788124084,60.02479284922033,0
390,0.5335717740513034,0.5856109091213776,0.9986687898635864,0.5398994826135186,0.6117992798487351,0.9998566508293152,0.45936083225976887,0.6674631124451051,0.9961862564086914,0.45791104010173284,0.6919020953632542,0.9977369904518127,60.02479284922033,0
391,0.5334183403423858,0.5844309301603412,0.9986618161201477,0.5401261931373964,0.6122747404234755,0.9998562335968018,0.45985680676641955,0.6679758401144124,0.9963285326957703,0.4582839764299851,0.6935522386005952,0.9978154301643372,60.02479284922033,0
392,0.5332898611114143,0.5830444750331703,0.998725950717926,0.5404090682665511,0.6129128053074796,0.9998632073402405,0.46037101461773866,0.6675439505350028,0.9965894818305969,0.4586385431743807,0.6942638499396194,0.9979606866836548,60.02479284922033,0
393,0.5332522874786745,0.5816454262960529,0.998741090297699,0.5406918270247327,0.6136071227845696,0.9998659491539001,0.46100531447501447,0.6666215800103693,0.9967660903930664,0.4591784917172935,0.694196224212647,0.9980601668357849,60.02479284922033,0
394,0.5332294049717134,0.5811986809685121,0.9987549185752869,0.5409211346081328,0.6140743125052683,0.999866247177124,0.461644625379926,0.6664183480399002,0.996918261051178,0.4596658192929771,0.6941810079983308,0.9981458783149719,60.02479284922033,0
395,0.5332882120495754,0.5818069236619137,0.9988030195236206,0.5410363418715345,0.6143962116468525,0.999871551990509,0.46241890816461506,0.6668726290975304,0.9971103668212891,0.4600139700231102,0.694572806358338,0.9982596635818481,60.02479284922033,0
396,0.5333252889769422,0.582292809372857,0.9988412857055664,0.541145035198757,0.6144887890134544,0.9998759627342224,0.46301426490147946,0.6677497994332091,0.9972898960113525,0.46029550546691567,0.6948640885807225,0.9983645677566528,60.02479284922033,0
397,0.5333456141608106,0.5828958437556317,0.9988262057304382,0.5412476261456811,0.6143761390731453,0.999874472618103,0.4635651253518608,0.6689483154387706,0.9973963499069214,0.46041579473586347,0.6954217326073425,0.9984281659126282,60.02479284922033,0
398,0.533345412640345,0.583197360947019,0.9988164305686951,0.5413720437458587,0.6142038617815295,0.9998744130134583,0.46405853969710253,0.670117338498434,0.9974349141120911,0.46025475575810426,0.6961683318728498,0.9984550476074219,60.02479284922033,0
399,0.5333433321544107,0.5829742408934099,0.9988494515419006,0.5414770671299529,0.6140628740901044,0.9998781085014343,0.4647448077088314,0.6705737170718971,0.9975844025611877,0.4601618335360576,0.6969339535349897,0.9985464811325073,60.02479284922033,0
400,0.5335389404069815,0.5826365351676945,0.9988563060760498,0.5415982660793127,0.6140676651682178,0.9998798966407776,0.46598420824323417,0.6708576707612905,0.9976950883865356,0.4602296139512747,0.6975424828983494,0.9986205697059631,60.02479284922033,0
401,0.5338555801482432,0.5825102641468961,0.9988954663276672,0.541772720359621,0.6141447141056974,0.9998836517333984,0.4671185385613218,0.6708528740065444,0.9977973103523254,0.4605420614991873,0.697716945693607,0.998683750629425,60.02479284922033,0
402,0.5342386592002146,0.5825711431957431,0.9989022016525269,0.5420259719803224,0.6142633159955347,0.9998854994773865,0.46785383848916956,0.6705327005613424,0.997912585735321,0.4609793793587461,0.6974608273733236,0.998755693435669,60.02479284922033,0
403,0.5345583785147898,0.5828066383089343,0.9989522099494934,0.5424204582259773,0.6144676151729771,0.9998910427093506,0.46801226479666613,0.6705521997951331,0.9980667233467102,0.4613679420380369,0.6973811416398916,0.9988424181938171,60.02479284922033,0
404,0.5347014608837313,0.5829582015673324,0.9989771246910095,0.5428839098839537,0.6146369434538346,0.9998937845230103,0.467597835120701,0.6700426879383274,0.9981825351715088,0.4616661980038601,0.696911493937175,0.998906135559082,60.02479284922033,0
405,0.5347635008039933,0.5830136821383527,0.9990082383155823,0.5432368885903136,0.614699815000807,0.9998975396156311,0.4669571887879148,0.6692250910259434,0.9983144402503967,0.46175619108336347,0.6960397078877409,0.9989814162254333,60.02479284922033,0
406,0.5349627449398953,0.5827721300579257,0.9990328550338745,0.5434794936861315,0.6147470786457976,0.9998999238014221,0.46647104904765213,0.6679651793979469,0.9984161853790283,0.46177949508031246,0.6949175965218322,0.9990336894989014,60.02479284922033,0
407,0.5351975361506148,0.5825074088005797,0.9990628361701965,0.5436129853838971,0.6147156840278993,0.9999033808708191,0.4661001094749999,0.666856121449244,0.9985126256942749,0.4618950372650513,0.693690092790695,0.9990872144699097,60.02479284922033,0
408,0.5354200402895615,0.5820494890213017,0.9991042613983154,0.5436872101965409,0.6145770691689996,0.9999080300331116,0.4657325460797268,0.6658664828255069,0.9986198544502258,0.4620326501982556,0.6923914381435945,0.9991499781608582,60.02479284922033,0
409,0.5355622058823,0.581429052920569,0.9991326928138733,0.5438454491751539,0.6144582998184935,0.9999107718467712,0.46530089491889626,0.664825890745436,0.9987179636955261,0.4621640642484033,0.6912601363091248,0.9992039799690247,60.02479284922033,0
410,0.5356751935822628,0.5807372445151924,0.9991831183433533,0.5440484597569424,0.6143377366520115,0.9999163150787354,0.4648754795392358,0.6633116659663978,0.998823881149292,0.4623346271969027,0.6899127562840786,0.9992685317993164,60.02479284922033,0
411,0.5357956176712404,0.5801423504239042,0.9992186427116394,0.5442392740930835,0.6142452671414335,0.9999198913574219,0.4644654719602498,0.6620845681145082,0.9989144802093506,0.46240371465683017,0.6887808073134655,0.9993222951889038,60.02479284922033,0
412,0.535922263349806,0.5797262617519928,0.9992489218711853,0.5443680087725326,0.6141896673611238,0.9999228715896606,0.46396063906805896,0.6610193933759423,0.9990031123161316,0.4623421175139295,0.6879167812211179,0.9993738532066345,60.02479284922033,0
413,0.5360563596089685,0.5793976045790177,0.9992772340774536,0.544498185316722,0.6142177837235592,0.9999256134033203,0.4635749672140398,0.660343204225813,0.999078631401062,0.46222855221657566,0.6872955617450538,0.9994180202484131,60.02479284922033,0
414,0.5360131717863541,0.579038140319643,0.9993001222610474,0.5446591292108812,0.6142937881605971,0.9999276399612427,0.46286596003032904,0.6595140809104562,0.9991397261619568,0.46214192679950206,0.6870206480934512,0.9994515180587769,60.02479284922033,0
415,0.5358587247984754,0.57868143206551,0.9993211030960083,0.5448354482650761,0.6143969779922853,0.9999294281005859,0.46212734352974705,0.658273197355725,0.999199390411377,0.46211161499931735,0.6868080553554359,0.9994869232177734,60.02479284922033,0
416,0.5357195820127219,0.5784205794334416,0.9993569254875183,0.5450446151551751,0.6145090943291078,0.9999331831932068,0.46164364332244545,0.6568600535392766,0.9992623925209045,0.46231113445191196,0.6865931096531102,0.9995254278182983,60.02479284922033,0
417,0.5355755175862997,0.5781169051215767,0.9993886351585388,0.5452397607621697,0.6145571583793282,0.9999367594718933,0.46129127769243183,0.6558207557314923,0.9993155598640442,0.4624422135807223,0.6863674379530413,0.9995594024658203,60.02479284922033,0
418,0.5354830906504681,0.5778434134664994,0.9994169473648071,0.5453482185091296,0.614535150073824,0.9999398589134216,0.46119392202014053,0.6552456134841561,0.999355137348175,0.4624565357253669,0.6860668091546926,0.9995866417884827,60.02479284922033,0
419,0.5354846942992442,0.5775904201325921,0.9994315505027771,0.5454315685090569,0.6145204390798302,0.9999417662620544,0.46130202639670637,0.6553259094556179,0.9994034767150879,0.4623677758943471,0.6858134298097525,0.9996153712272644,60.02479284922033,0
420,0.5354787707328801,0.5774264960061941,0.9994441270828247,0.5454759484245668,0.6144931429908395,0.9999436736106873,0.46129100521405575,0.655672484920139,0.9994456768035889,0.46222185804730404,0.6856743636585423,0.9996424317359924,60.02479284922033,0
421,0.5355016958145873,0.5774411814553402,0.9994450807571411,0.545447477272579,0.6144756873448695,0.9999443292617798,0.46131038098108235,0.6561175386110947,0.9994819164276123,0.4619891132627218,0.6855387602533618,0.9996646642684937,60.02479284922033,0
422,0.5355308822223123,0.5775869857697264,0.999435544013977,0.545413142158872,0.6144705528304695,0.9999443292617798,0.46135812004407284,0.6562879823503045,0.9995086789131165,0.4617981201126466,0.685383387974331,0.9996836185455322,60.02479284922033,0
423,0.5355359486171182,0.5777073956671219,0.9994388818740845,0.5453841146968664,0.6143262897218982,0.9999451637268066,0.46136698268708765,0.6563035249710089,0.9995374083518982,0.4615303448268349,0.6851091470037194,0.999703049659729,60.02479284922033,0
424,0.5355180615470527,0.5777462862786797,0.9994369149208069,0.5453603636650817,0.6141183234396439,0.9999451041221619,0.4612787167231246,0.6563219825426743,0.9995560646057129,0.46125475423676665,0.6848610213824686,0.999713122844696,60.02479284922033,0
425,0.5354691289720085,0.577649295330048,0.9994319677352905,0.5453553710665027,0.6139202344985241,0.9999449849128723,0.4611016100361237,0.6556521654129033,0.9995672106742859,0.4610801452682135,0.6842956514585592,0.9997183084487915,60.02479284922033,0
426,0.5354356169700627,0.5775501642908374,0.9994505047798157,0.5453601252465026,0.6137840066637317,0.9999467134475708,0.4609384110995705,0.6547441198712309,0.9995926022529602,0.46108657121658364,0.6836655168306265,0.9997361898422241,60.02479284922033,0
427,0.5354360909689044,0.5774400234222417,0.9994679093360901,0.5453752591496426,0.613802396115803,0.9999482035636902,0.46063401443617724,0.6535448431968693,0.9996088743209839,0.4609847281660356,0.6826285663105198,0.9997497797012329,60.02479284922033,0
428,0.5353741901261471,0.5773576952162247,0.9994814395904541,0.5453686770938696,0.613529245058696,0.9999492168426514,0.4602416001615074,0.6525037089983627,0.9996323585510254,0.46059294541676876,0.6815574509756911,0.999763548374176,60.02479284922033,0
429,0.5352644608134319,0.5772758779071631,0.9994944334030151,0.5453458627065026,0.6127730437687471,0.9999505281448364,0.4598993687402638,0.6517732540766403,0.9996505975723267,0.46003804320380837,0.6806104779243475,0.9997726678848267,60.02479284922033,0
430,0.535126041798365,0.577378304231735,0.9994919896125793,0.5452912194388257,0.6116977163723541,0.9999507665634155,0.4596371948719028,0.652269650073279,0.999657928943634,0.45943579219636504,0.6800585559436259,0.9997742772102356,60.02479284922033,0
431,0.534994190647489,0.5775821010271712,0.9994804263114929,0.5452295257931667,0.6106872672126411,0.9999505877494812,0.45953212323642945,0.6529066278820952,0.9996588230133057,0.4588598282564258,0.6796535395440606,0.9997726082801819,60.02479284922033,0
432,0.5349193669500809,0.5778730426515857,0.9994799494743347,0.5451788476535256,0.6099717418352768,0.9999511241912842,0.4596385175273536,0.6539001748675397,0.9996588826179504,0.45852894584337905,0.6796547685350696,0.9997745156288147,60.02479284922033,0
433,0.5349273454575316,0.5781085860161559,0.9994810819625854,0.5451576766513647,0.6098824796222511,0.9999511241912842,0.4597281742663614,0.6545455909910661,0.9996615648269653,0.4583179468200324,0.679507922558558,0.9997764229774475,60.02479284922033,0
434,0.5349509602501283,0.5782027698698502,0.9994791150093079,0.5451589538937527,0.6102075349716918,0.9999507665634155,0.4597724420683728,0.6549998124440517,0.9996644258499146,0.4581804445811684,0.6797647419429966,0.9997772574424744,60.02479284922033,0
435,0.5349617231459849,0.5782460513569064,0.9994781017303467,0.545194043999627,0.6108080290612725,0.999950647354126,0.45972773858479127,0.655731686523983,0.999664843082428,0.458174885738464,0.6804810904321221,0.9997760057449341,60.02479284922033,0
436,0.5349646664801102,0.5785104859442942,0.9994651079177856,0.5451774341719495,0.6114461535499215,0.9999491572380066,0.4599969997292477,0.6575013597806301,0.999660849571228,0.458258525246666,0.6818850835164394,0.9997723698616028,60.02479284922033,0
437,0.5349485703877045,0.5788814680916927,0.999432384967804,0.5451275167011084,0.6120418508847558,0.9999459981918335,0.4604622608139405,0.6596568141664783,0.9996316432952881,0.45830729887599075,0.6839885172389808,0.9997511506080627,60.02479284922033,0
438,0.5349585868063431,0.579264913286482,0.9993844032287598,0.5449889671234862,0.6124658698127388,0.9999422430992126,0.46121476377759696,0.6615461735498342,0.9995872378349304,0.458368498654593,0.6865041397866755,0.9997290372848511,60.02479284922033,0
439,0.5349845687548324,0.579423586527507,0.9993511438369751,0.5447075395357046,0.6128033342815586,0.9999392032623291,0.4621590787456153,0.6624427806763428,0.9995673894882202,0.4584182060900192,0.6887749291601641,0.9997169375419617,60.02479284922033,0
440,0.535025571073805,0.5793644984563195,0.999286949634552,0.5444003059750516,0.6130740301949642,0.9999324083328247,0.46296759020714573,0.6623923863683434,0.9994974136352539,0.4585655274845309,0.6906253099441533,0.9996707439422607,60.02479284922033,0
441,0.5350873754138042,0.5791959280059455,0.9992485046386719,0.5440707235109243,0.6135033908344456,0.9999291300773621,0.46371716544741715,0.6617786316644583,0.9994377493858337,0.45876406204132847,0.6915571065176107,0.9996373057365417,60.02479284922033,0
442,0.5350611834299002,0.5794246622494293,0.9992093443870544,0.543692753428505,0.6139293284643269,0.9999260902404785,0.46440398976916397,0.6622068796839038,0.9994127750396729,0.4589206292515713,0.6922621074176976,0.9996269345283508,60.02479284922033,0
443,0.5349490387099134,0.579794151442392,0.9992086887359619,0.5433236814680558,0.6143155353409908,0.9999271631240845,0.46482224265734395,0.6632475909732642,0.9994195103645325,0.45905536129361146,0.6932445963223781,0.9996367692947388,60.02479284922033,0
444,0.5346891624586927,0.580470823106312,0.9991980791091919,0.5428166644913814,0.6144157761619209,0.9999273419380188,0.4649982424009418,0.6657148684774132,0.9994293451309204,0.45909124328976625,0.6949327133950738,0.9996461868286133,60.02479284922033,0
445,0.5343835893131441,0.5809704320771358,0.9991967678070068,0.5421035488446557,0.6142475292796186,0.9999271631240845,0.46513453125953713,0.668242630504427,0.9994367957115173,0.45897911701883626,0.6970852017402654,0.9996515512466431,60.02479284922033,0
446,0.5340961558478223,0.5816705113365541,0.9991806745529175,0.5413469104539785,0.6139095141774138,0.9999251961708069,0.46532456647782133,0.6715132083211632,0.999445915222168,0.45885280058497513,0.7000127519880028,0.9996570944786072,60.02479284922033,0
447,0.5339141573224753,0.5822839367957346,0.9991475343704224,0.5404937182153978,0.6136839815548494,0.9999226331710815,0.4657724088146577,0.6743330189159944,0.9994081258773804,0.4587063874517172,0.7023640871047979,0.9996501207351685,60.02479284922033,0
448,0.5338402901377002,0.583202841736022,0.9991074204444885,0.5396622987020587,0.6136075598852979,0.9999217391014099,0.4662112948440374,0.6776175300280258,0.999386191368103,0.4585699765455159,0.7047647209394552,0.9996532797813416,60.02479284922033,0
449,0.5336705503009619,0.5839350337073921,0.9991114139556885,0.5389232663881216,0.6137349861008785,0.999923050403595,0.4665559899239317,0.68039448772158,0.9994016885757446,0.45850771239825694,0.7072228732563206,0.9996675252914429,60.02479284922033,0
450,0.5332249573298867,0.5844758011045914,0.9990819096565247,0.5382854172161652,0.613732102371398,0.9999209642410278,0.4666222404865995,0.6826632562137791,0.9993166327476501,0.4585981298060648,0.7089748666400006,0.9996405243873596,60.02479284922033,0
451,0.5327190047218691,0.5844782846314571,0.9990532398223877,0.5376905940827873,0.6132368700844906,0.9999184012413025,0.4665416053363259,0.6832934504463564,0.9992981553077698,0.4587400612376989,0.7096519668896999,0.999630868434906,60.02479284922033,0
452,0.5322846145856952,0.5846563009988699,0.9990288615226746,0.5369914032164078,0.6123981475830083,0.9999170303344727,0.46659722214653415,0.6843742586317522,0.9993022084236145,0.4588931983425507,0.7102790815489639,0.9996318221092224,60.02479284922033,0
453,0.5320156869434179,0.5848066977092202,0.998986005783081,0.5361859372683938,0.6112531820933029,0.9999147057533264,0.4667916851384303,0.6852300905046014,0.9992914199829102,0.45905785191626813,0.7103516998745152,0.9996243715286255,60.02479284922033,0
454,0.5320538339160742,0.5850559813635694,0.9989635348320007,0.5353524287541711,0.6098467225120185,0.9999141693115234,0.46707830684525664,0.686275896571932,0.9992769360542297,0.4590202044873014,0.7104617783001497,0.9996179342269897,60.02479284922033,0
455,0.5319974308922182,0.5852666468847371,0.9989307522773743,0.5345817151523776,0.6087121026856563,0.9999127388000488,0.46726303299268124,0.6876907916296102,0.9992671608924866,0.4587894124644147,0.7110814196722854,0.9996151924133301,60.02479284922033,0
456,0.5318375087919693,0.5853325894900736,0.9989093542098999,0.5340248204412918,0.608063433851515,0.9999116063117981,0.4679054915905002,0.6886570907774431,0.9992706179618835,0.4586288588387629,0.7116426201093771,0.9996168613433838,60.02479284922033,0
457,0.5315519145556863,0.5852422061420627,0.9989046454429626,0.5337289146014627,0.6077051673616687,0.9999126195907593,0.46867618532407895,0.6892583398591909,0.9992822408676147,0.4585317586149492,0.7120806319373001,0.9996234774589539,60.02479284922033,0
458,0.5310593105497818,0.585019361405146,0.9988718628883362,0.5335196625618712,0.607742031415304,0.9999140501022339,0.46933322293417834,0.6900086317743579,0.9992908239364624,0.4584844736825856,0.71311689842315,0.9996343851089478,60.02479284922033,0
459,0.5305776397387191,0.5847085544041228,0.9988543391227722,0.5333815358933953,0.6079047833170215,0.9999169707298279,0.4701264188403179,0.6909058548155291,0.9992948174476624,0.4587800531160267,0.7146568497021999,0.9996438026428223,60.02479284922033,0
460,0.5301995447703775,0.5842064278466366,0.998837411403656,0.5332127014795943,0.6079186853908363,0.9999191761016846,0.4706475805668608,0.6920229224931631,0.9992846250534058,0.45911061338016,0.7161122106370477,0.9996473789215088,60.02479284922033,0
461,0.5298689206441247,0.5836535209701179,0.9987624287605286,0.5330184698104863,0.6077917416890467,0.9999189376831055,0.47075348240988635,0.6931852868625101,0.9992493987083435,0.45941088738895636,0.7172059189705627,0.9996404647827148,60.02479284922033,0
462,0.5297136675743834,0.5831849688575386,0.9987322688102722,0.5327539358820239,0.6074398018064958,0.9999175667762756,0.470997444220952,0.6939764193126139,0.9992423057556152,0.45965063571929965,0.7177054342769447,0.9996377825737,60.02479284922033,0
463,0.5295364885103139,0.5827107145672757,0.9986826181411743,0.5324930463518419,0.6068255163374406,0.9999136328697205,0.4710407597678052,0.6943273714610514,0.999204158782959,0.4597861326876144,0.7175965167227252,0.9996193051338196,60.02479284922033,0
464,0.5291876310393928,0.5821303554943634,0.9986506104469299,0.5322836694263281,0.6060857034864884,0.9999125003814697,0.4707779316675099,0.6941585143407192,0.9991984367370605,0.45974841997737015,0.7173612401598981,0.9996176362037659,60.02479284922033,0
465,0.5289166087195991,0.5817224610419505,0.9986779093742371,0.5320887650762289,0.6054007013638819,0.9999139308929443,0.47069921663829295,0.6939997559502016,0.9991781711578369,0.4597985701901576,0.7173682366098681,0.9996049404144287,60.02479284922033,0
466,0.5287012713296078,0.5814028013320202,0.9987004399299622,0.5319684119451618,0.604793142704737,0.9999151229858398,0.47055869301160214,0.6940053928466076,0.9991660118103027,0.4598282674948378,0.7175182898839321,0.9995985627174377,60.02479284922033,0
467,0.5285362658046545,0.5812484196254191,0.9987573027610779,0.5318784770511449,0.6042177251407084,0.999919056892395,0.47024991256850146,0.6939582540875395,0.9991523027420044,0.45979433258374575,0.7176164814404085,0.9995944499969482,60.02479284922033,0
468,0.5284629095168345,0.5812641070002607,0.9988025426864624,0.5316691568919595,0.6037328016190306,0.9999217391014099,0.46979270378748617,0.6939529265676232,0.9991462826728821,0.4596814768654963,0.7177352791740786,0.9995896816253662,60.02479284922033,0
469,0.5284117658933007,0.5812876877330603,0.9988614916801453,0.5313939508937658,0.6033451954523728,0.999925434589386,0.4693198473680591,0.6941299154644927,0.9991576075553894,0.45956963584536636,0.7179202465783988,0.9995945692062378,60.02479284922033,0
470,0.5282788077990219,0.5812533355894547,0.9988849759101868,0.5311545360656016,0.6031571796962198,0.9999260306358337,0.46879735872859085,0.6944369815644769,0.9991418719291687,0.45949269192559417,0.7181993949980968,0.9995853900909424,60.02479284922033,0
471,0.5282234208924435,0.5812663464319143,0.9988953471183777,0.5309943244570782,0.603305197897412,0.999925971031189,0.4684781148320156,0.694596389929454,0.9991183280944824,0.45948961802891364,0.7183880181539632,0.9995761513710022,60.02479284922033,0
472,0.5282266225133627,0.581175463540214,0.9989280104637146,0.5310017636844094,0.6033317645390833,0.9999258518218994,0.4681420468148735,0.6945294453984221,0.9991369247436523,0.4595416500454861,0.7182567147981558,0.999578058719635,60.02479284922033,0
473,0.5282397979781746,0.5807974253382007,0.9989611506462097,0.5311082771846231,0.6029884105636965,0.9999257326126099,0.4676753637336553,0.6939179812158862,0.9991542100906372,0.4595904123215452,0.7173706860769369,0.9995788931846619,60.02479284922033,0
474,0.5282536404473446,0.5800658010301141,0.9990012645721436,0.5311503240040375,0.6021925012270615,0.9999271035194397,0.4671461709908081,0.6930237894966494,0.9991837739944458,0.4596200031893598,0.7160118931815744,0.9995882511138916,60.02479284922033,0
475,0.5282584939684191,0.5793127956844516,0.9990383386611938,0.5312783491043822,0.6009095140865877,0.9999279379844666,0.4666318737325218,0.6922215053013399,0.999212384223938,0.4596147097292404,0.7143221242087233,0.9995969533920288,60.02479284922033,0
476,0.5282012139047899,0.5786848522367936,0.9990742802619934,0.5315535096895131,0.599512120087942,0.9999303221702576,0.4661211328847072,0.6916763527052749,0.9992398619651794,0.45955311968213075,0.7127969350133629,0.9996103644371033,60.02479284922033,0
477,0.528206104323978,0.5781144045648126,0.9990986585617065,0.5320192688987373,0.5982652420089363,0.9999318718910217,0.465811737946102,0.6905147575196771,0.999269425868988,0.45963804069019537,0.7113540399642223,0.9996245503425598,60.02479284922033,0
478,0.5282879869143172,0.5776504079500839,0.9991149306297302,0.5325666722797217,0.5973672866821294,0.9999321103096008,0.46555962307112597,0.6889736453692124,0.9992989301681519,0.45987327325911787,0.7101126710573837,0.9996377229690552,60.02479284922033,0
479,0.5285528358959021,0.5772844751675928,0.99915611743927,0.533133915492467,0.5967191173916777,0.9999344944953918,0.4654050852571219,0.6871408252489004,0.9993441104888916,0.4601362163112281,0.7087051981971384,0.9996589422225952,60.02479284922033,0
480,0.528956308251336,0.5767575019881843,0.9991987347602844,0.5336761730057856,0.5964666150865106,0.9999370574951172,0.4653802145095102,0.6851474415688292,0.9993880987167358,0.46047642543202394,0.7070832309268775,0.9996792674064636,60.02479284922033,0
481,0.5293666039194383,0.5759726507323133,0.9992360472679138,0.53430549019859,0.5959853047416328,0.9999389052391052,0.46549733195986104,0.6829172457967492,0.9994281530380249,0.46074900882584746,0.7045770826793858,0.9996978640556335,60.02479284922033,0
482,0.5296731051944555,0.5749115830376039,0.999267041683197,0.5349992825871426,0.5948748304730376,0.9999399781227112,0.4654893804164164,0.6807493822915218,0.9994645118713379,0.46086354340825797,0.7014393806457526,0.9997133016586304,60.02479284922033,0
483,0.52985863174711,0.5734232238360819,0.99928218126297,0.535627024514335,0.5931835855756492,0.9999377727508545,0.4652173703625092,0.6778559173856469,0.9994847178459167,0.4609575243223285,0.6979334127335326,0.9997135996818542,60.02479284922033,0
484,0.5299512630417238,0.5716596813428974,0.9993184804916382,0.5362540256409423,0.5911241344043192,0.9999393224716187,0.4648083618709023,0.6746338691030236,0.9995191693305969,0.46111379067103103,0.6945138147899088,0.999728262424469,60.02479284922033,0
485,0.5302305562155591,0.5700425505638127,0.9993497729301453,0.5368648426873348,0.5886817347435729,0.9999409317970276,0.4644216341631757,0.6710409607206078,0.9995512366294861,0.46097729319617897,0.6910572648048406,0.9997430443763733,60.02479284922033,0
486,0.5307457305136185,0.5684169388952715,0.9993818402290344,0.5375396382241027,0.5863528280031118,0.9999430179595947,0.4641684506620683,0.6668937376567301,0.9995828866958618,0.4605208479222801,0.6868759053094051,0.9997568726539612,60.02479284922033,0
487,0.5313855494771689,0.5667322192873278,0.9994131922721863,0.5381540230342325,0.5840396455356057,0.9999454617500305,0.4639677462123693,0.6624746067183364,0.9996127486228943,0.459925594783965,0.6820328860055838,0.9997713565826416,60.02479284922033,0
488,0.5319784709385467,0.5647285836083553,0.9994535446166992,0.538699192660196,0.5818778248060322,0.9999476075172424,0.4635641461326966,0.6584356852940156,0.999643862247467,0.4593824006262283,0.6775317220460806,0.9997841715812683,60.02479284922033,0
489,0.5323957602183029,0.5618759024710887,0.9994730949401855,0.5390859416552957,0.579914007868086,0.9999461770057678,0.46304264806565826,0.6535665250959856,0.9996544718742371,0.45907630239214253,0.6728621153604422,0.9997817277908325,60.02479284922033,0
490,0.5325559775034592,0.5583979203587491,0.9995008707046509,0.5395955755597073,0.5780341738746284,0.999947726726532,0.46243443375542087,0.6487463428860625,0.9996772408485413,0.45913218316577764,0.6688786007109149,0.9997929334640503,60.02479284922033,0
491,0.532592668419793,0.5547124658312121,0.9995254278182983,0.5401510681424826,0.5765431580089392,0.9999487400054932,0.46192764952069276,0.6438720935866952,0.999699056148529,0.4593280156453454,0.6658215097018656,0.9998074173927307,60.02479284922033,0
492,0.5325146516164149,0.5510579603058956,0.9995406270027161,0.5408145359584268,0.5742044704301021,0.9999497532844543,0.461416765337899,0.6387935507865183,0.9997178316116333,0.4595085013480417,0.661976365816026,0.9998202919960022,60.02479284922033,0
493,0.5324623499597827,0.5479232981091459,0.9995614886283875,0.5413602704093574,0.5705138388134189,0.9999520778656006,0.4609151525156842,0.6341286017781218,0.9997369647026062,0.4597879548867547,0.6570433662051252,0.9998330473899841,60.02479284922033,0
494,0.5326266061692015,0.5453002623149331,0.9995790123939514,0.5417432841800512,0.5668015111060374,0.9999518990516663,0.4606184207257774,0.6297557950019841,0.9997488260269165,0.4594123008705324,0.6517951318195894,0.9998408555984497,60.02479284922033,0
495,0.5330647599129454,0.5424740513165797,0.99958336353302,0.5420394284384595,0.5625859413828174,0.9999513626098633,0.4604479216393974,0.6242626337778006,0.9997596740722656,0.4582425951957706,0.6450157279060006,0.9998486638069153,60.02479284922033,0
496,0.5336471398671472,0.53981740134103,0.9995923042297363,0.5420088796388539,0.5594940072014223,0.9999520778656006,0.4605547516118916,0.6179787147612803,0.9997780919075012,0.4561637952214199,0.637937778518314,0.9998607039451599,60.02479284922033,0
497,0.5341324891362875,0.5369479287238352,0.9995996356010437,0.5415430636633014,0.5576201024509616,0.9999505281448364,0.461263294730868,0.6116263327144447,0.9997955560684204,0.4541214647747225,0.6319673629034138,0.9998716711997986,60.02479284922033,0
498,0.5345003519739427,0.5331750852721082,0.9996122121810913,0.5408562790779845,0.5555708578654702,0.9999505281448364,0.4624822593870621,0.604835504577274,0.9998090863227844,0.4526410968530749,0.626232905047281,0.9998798370361328,60.02479284922033,0
499,0.5347351687295101,0.5284238088698618,0.9995884895324707,0.5400555928548181,0.5518200142042982,0.9999464750289917,0.4640243195352104,0.5984701514244084,0.9998117089271545,0.4522549978324349,0.6201359402565734,0.9998810291290283,60.02479284922033,0
500,0.5349669229416625,0.5230624079704289,0.9995976090431213,0.5392119260061359,0.5471406976381942,0.9999472498893738,0.46513041995820587,0.5927676615260902,0.9998166561126709,0.452112422102974,0.6144906736555558,0.9998833537101746,60.02479284922033,0
501,0.5350737656865805,0.517108573800042,0.9995775818824768,0.5386744368643992,0.5407136054266071,0.9999406933784485,0.4650530020395919,0.5878161731220433,0.9998176693916321,0.4520395071733569,0.6087390979131069,0.9998819231987,60.02479284922033,0
502,0.53481213819413,0.5115391157922294,0.9995681047439575,0.5380902630942213,0.5338148843674437,0.9999353289604187,0.46360296152886926,0.582759295191084,0.9998130202293396,0.4513897413299201,0.6027815654164274,0.9998766183853149,60.02479284922033,0
503,0.5339696691149761,0.5067121741317572,0.9995654225349426,0.5372600952784224,0.5264712061200827,0.9999336004257202,0.4614810219832833,0.5792104346411573,0.99981290102005,0.4507424249535519,0.5980765251886282,0.9998742938041687,60.02479284922033,0
504,0.5326431847753983,0.5021295504910609,0.9995530247688293,0.5361373679978512,0.5191421991302858,0.9999279975891113,0.4595694456781663,0.5773129661877954,0.9998092651367188,0.45019417717343324,0.594857948166984,0.9998677968978882,60.02479284922033,0
505,0.5309562512806488,0.4973823499111906,0.9995408654212952,0.5342782480376111,0.5111183339641212,0.9999240040779114,0.4583603711355304,0.5776246559052245,0.9998040795326233,0.44967190850348737,0.5932908370381315,0.9998600482940674,60.02479284922033,0
506,0.529625276724498,0.49197023539316126,0.9994518160820007,0.5316281176748734,0.5049839076541722,0.9999017119407654,0.4581138335523155,0.5784148715791253,0.9997783303260803,0.4501564488524486,0.5931584579604017,0.9998271465301514,60.02479284922033,0
507,0.5288388246581672,0.4848501540365677,0.9991318583488464,0.5286668141682946,0.49962497325170646,0.9998332262039185,0.458782472780773,0.5787491259120765,0.9996278285980225,0.4519393444061283,0.5928923374130617,0.9996946454048157,60.02479284922033,0
508,0.5286477633884978,0.47812750509807084,0.9987561106681824,0.5259402223995758,0.493646302393505,0.9997715353965759,0.46050696287836385,0.5785997169358394,0.9994547963142395,0.4547280413763868,0.5921514091037574,0.9995304942131042,60.02479284922033,0
509,0.5274332336017068,0.4719149002007079,0.9985698461532593,0.5234194511458992,0.4870481760728931,0.9996678233146667,0.46257420380910275,0.5777242325601128,0.9992992281913757,0.4581644989195328,0.5916609991164439,0.999354898929596,60.02479284922033,0
510,0.5345240583022439,0.4592123556704752,0.9984416961669922,0.5316334129089405,0.47429438999721024,0.9995525479316711,0.47271613404154816,0.5719702598594488,0.998931884765625,0.46981422922440974,0.5871160257430308,0.9989171028137207,60.02479284922033,0
511,0.5244801416993146,0.4530964578901022,0.9982412457466125,0.5230087362939407,0.4697326570749287,0.9993416666984558,0.4694670366921599,0.5707682576917471,0.9988309144973755,0.4668174980296979,0.5883700052897141,0.9988011717796326,60.02479284922033,0
512,0.482946688930194,0.4613886702628367,0.9980816841125488,0.4812560397244639,0.4840796220870249,0.9990125298500061,0.44032147296127855,0.5787089821838202,0.9987661242485046,0.4368864237552601,0.6007569261959625,0.9987353086471558,60.02479284922033,0
513,0.4057378442514514,0.4867136421657748,0.0,0.40122668728941996,0.5190694913977673,0.0,0.3813267325361573,0.5983653267224635,0.0,0.37583932351498406,0.6256717925979982,0.0,60.02479284922033,1
514,0.28671257268814837,0.5328026896431337,0.0,0.27748140976542546,0.5752912830738799,0.0,0.28902621584988797,0.6331068915980208,0.0,0.27997080307631284,0.66622729528518,0.0,60.02479284922033,1
515,0.17317654653674094,0.5821528576669244,0.0,0.1558352934107895,0.6350438878649762,0.0,0.19748495590119153,0.6683151665188023,0.0,0.18425372562238163,0.7068127535638361,0.0,60.02479284922033,1
516,0.10057394454876589,0.6141743007160374,0.998170018196106,0.07535024892006609,0.669932182346072,0.9990897178649902,0.13897810149050907,0.6908369844868075,0.9988667368888855,0.12223252370243991,0.7298453279903963,0.9988530278205872,60.02479284922033,0
517,0.06409531654346562,0.6303182655856728,0.9983285665512085,0.03591117511192961,0.6908241219463808,0.9991732239723206,0.1088872957265094,0.7005199640989308,0.9989753365516663,0.09014321313727477,0.7391953099341626,0.9989637136459351,60.02479284922033,0
518,0.055823747955617495,0.6315300521396461,0.9984568953514099,0.030029886712630613,0.6975660451820924,0.9992510676383972,0.1024607829749585,0.700168105817977,0.999072253704071,0.08335376530885703,0.7376890381177272,0.9990637302398682,60.02479284922033,0
519,0.0670856233863604,0.6248015846524925,0.9985737204551697,0.041203532722734304,0.694445791698638,0.9993076324462891,0.11134899726935804,0.6946362994966058,0.9991573095321655,0.09227468179804946,0.7313901668503177,0.9991519451141357,60.02479284922033,0
520,0.06589705035800031,0.6210965116818751,0.9986550211906433,0.04449224525264335,0.6989020194326134,0.9993635416030884,0.11259374519189208,0.6925843329656698,0.999233067035675,0.09469681410562432,0.7322312848908566,0.9992309808731079,60.02479284922033,0
521,0.0695867456850552,0.6188423832257594,0.9986730217933655,0.04969638000641555,0.7070796660014567,0.9994109869003296,0.11481853893824995,0.6910931411243626,0.9992908239364624,0.09793542964117877,0.735739171504975,0.9993006587028503,60.02479284922033,0
522,0.0705846487766221,0.6187812714349661,0.9987695813179016,0.050966525184256734,0.7102569483575372,0.9994547963142395,0.11670180729457319,0.69268111104057,0.9993553161621094,0.10056831403857194,0.7397197314671113,0.9993653893470764,60.02479284922033,0
523,0.0722630584523792,0.6187199865068713,0.9988412261009216,0.05611861727776986,0.7155333899316338,0.9994927048683167,0.11630860964457203,0.6904081304868068,0.9994091391563416,0.1015669831207821,0.742359169891903,0.9994214177131653,60.02479284922033,0
524,0.07495297349634632,0.6172707194373726,0.9989061951637268,0.059887544562419306,0.7200799669538231,0.9995290637016296,0.11632628064780018,0.6860887692088178,0.9994592666625977,0.10149223925102333,0.7427236579713373,0.9994731545448303,60.02479284922033,0
525,0.08522530680611026,0.6131997988337567,0.9989947080612183,0.06236021983481593,0.716948793047951,0.9995717406272888,0.11879663346778789,0.6801588961056306,0.9995094537734985,0.10246228284779058,0.7401432565280375,0.9995231032371521,60.02479284922033,0
526,0.0960950847892535,0.6044289952232729,0.9990309476852417,0.06610786560035893,0.7058248463131138,0.9995993375778198,0.12300634206760508,0.6719474962779459,0.9995460510253906,0.10403321931759525,0.7331838778087076,0.9995605945587158,60.02479284922033,0
527,0.10620437668902541,0.5890403191248581,0.9991073608398438,0.0657295595322337,0.6880002504303346,0.9996340870857239,0.12776284771306184,0.6616222886812124,0.9995803833007812,0.10578285051243655,0.7219383943648572,0.9995997548103333,60.02479284922033,0
528,0.10437300091698065,0.5747758575848175,0.9991780519485474,0.05749715252646383,0.6701833804448452,0.9996684193611145,0.12994513589711426,0.6524774971462437,0.9996170401573181,0.10628761280150649,0.7126038159642907,0.9996370077133179,60.02479284922033,0
529,0.09110203704663693,0.5685413621720818,0.9991747140884399,0.044327159855692196,0.659705885819027,0.9996986389160156,0.12740853286924828,0.6527781912258699,0.9996376037597656,0.1031431353517942,0.7067893459683379,0.9996652603149414,60.02479284922033,0
530,0.07569868578797301,0.5705994027001522,0.9992144107818604,0.029431553069679532,0.6526735566911248,0.9997246861457825,0.12512746382327317,0.6625582178433742,0.9996494054794312,0.09933068354924528,0.7056223892030267,0.9996830224990845,60.02479284922033,0
531,0.06387505219096234,0.5740099747975672,0.9992188215255737,0.017782420230408526,0.6431542038917546,0.9997463822364807,0.12308921416600554,0.6738872868674147,0.9996604919433594,0.09535993138949084,0.7058862873486116,0.999697744846344,60.02479284922033,0
532,0.056191784994942845,0.5762908572242378,0.9990620017051697,0.010432416794910328,0.6341992389588134,0.9997677803039551,0.1223832940061888,0.6813820373444335,0.9996457099914551,0.09264514524312253,0.7068612830979488,0.9997044801712036,60.02479284922033,0
533,0.069923670518966,0.5660364116941184,0.9990158081054688,0.019545796859477264,0.6262102297374186,0.999786376953125,0.1255993630204883,0.670925446919033,0.999650776386261,0.09467114969378435,0.7006547876766756,0.9997217655181885,60.02479284922033,0
534,0.09093386537971958,0.5556657683281676,0.9990549683570862,0.03880648505652238,0.6263004229182294,0.999804675579071,0.1285724632796788,0.6473049407913576,0.999636173248291,0.09767582373959685,0.6922483813195007,0.9997314214706421,60.02479284922033,0
535,0.11007462158089601,0.550618824504671,0.9990716576576233,0.05175674396256609,0.6305121665909181,0.9998198747634888,0.12993876139322927,0.6308295414561322,0.999662458896637,0.09930607853900827,0.6862381753467384,0.9997528791427612,60.02479284922033,0
536,0.12225034123375311,0.5503981652713962,0.9991341829299927,0.058177801115172297,0.6314950840813778,0.9998246431350708,0.13172692805528652,0.624408106009166,0.999692976474762,0.10100452779304422,0.6829079389572149,0.9997746348381042,60.02479284922033,0
537,0.12608459556386595,0.5515972120421277,0.9990907311439514,0.05552539548703607,0.6238303865705223,0.9998317360877991,0.13403957230704183,0.6236103631201249,0.9997015595436096,0.10198404604480388,0.678476336456481,0.9997817277908325,60.02479284922033,0
538,0.10612879977339798,0.5565164259501871,0.9991058111190796,0.03619486945016046,0.6180401926948915,0.9998396635055542,0.131384130035128,0.6402179683957786,0.999722421169281,0.09788626680771517,0.6829630363555187,0.9997983574867249,60.02479284922033,0
539,0.09490003578719647,0.555589392071679,0.9991453289985657,0.027384405689580123,0.6140800345511668,0.9998530745506287,0.1300947190750214,0.6510619833355864,0.9997447729110718,0.0961206732761293,0.6870799007869908,0.9998140335083008,60.02479284922033,0
540,0.09380272953283227,0.550103760900952,0.9991570711135864,0.02953167330651059,0.6141660752750584,0.9998645186424255,0.13038113429432835,0.6490121682484951,0.9997524619102478,0.09441153563204274,0.6842701491855445,0.9998193383216858,60.02479284922033,0
541,0.10565191046113068,0.5393645905313043,0.9991189241409302,0.03826566182431724,0.605775776363555,0.9998542070388794,0.13565070075648183,0.6382647298631219,0.9997555613517761,0.09896950955901834,0.6764099512781421,0.9998213052749634,60.02479284922033,0
542,0.12832000283967893,0.5292069883573627,0.9990401268005371,0.05842950727258414,0.5971216247195295,0.9998407959938049,0.14442999873842524,0.6213838287762239,0.9997634291648865,0.10758789167517716,0.6653378094945641,0.9998219609260559,60.02479284922033,0
543,0.1571774177608037,0.522934320427123,0.9987426996231079,0.08142133766696573,0.5803726258732028,0.9998262524604797,0.15855384795438687,0.6001627729052594,0.9997512698173523,0.12213218105690829,0.6536039795194358,0.9998201131820679,60.02479284922033,0
544,0.17118934080714285,0.5215102320625673,0.9984660744667053,0.09632379739057458,0.5666744453566419,0.9997910857200623,0.17044883824530116,0.6003027075812934,0.9997509717941284,0.13283065848407302,0.6497815904163184,0.999825656414032,60.02479284922033,0
545,0.18001281221707677,0.5238219158990047,0.9984568357467651,0.10802954257953744,0.5608461697896326,0.9997892379760742,0.18095118942714888,0.6161629358927414,0.9997419118881226,0.14362801824297236,0.6599359994842897,0.9998297095298767,60.02479284922033,0
546,0.18277913615817132,0.5244057973225915,0.9985766410827637,0.114912177125613,0.558777096725646,0.9998093247413635,0.1873932573057358,0.6402922017233718,0.9997414350509644,0.14885483965987262,0.6762176723707296,0.9998377561569214,60.02479284922033,0
547,0.1825793896402633,0.5240573315393361,0.9987066984176636,0.11849178622166326,0.5539968325978238,0.9998271465301514,0.18945423691045687,0.6687597632408147,0.9997158050537109,0.15227718864168452,0.6947077683040079,0.9998409748077393,60.02479284922033,0
548,0.18351304247265784,0.5256252373967856,0.9988236427307129,0.12242395288887489,0.552139744872139,0.9998436570167542,0.1859369107655118,0.6876811782519028,0.9996046423912048,0.14981312553087883,0.7080132847740541,0.9998230338096619,60.02479284922033,0
549,0.18463383544059042,0.528604470548176,0.9989297389984131,0.12399685453800938,0.5479283020609905,0.9998555779457092,0.1819413630735308,0.6908926992189321,0.9995174407958984,0.14580151509670997,0.713995428312393,0.9997571706771851,60.02479284922033,0
550,0.18451693228312915,0.5307445895104186,0.9990245699882507,0.12495793047405436,0.5456905364990239,0.9998631477355957,0.177203030103729,0.6877053465162011,0.9992984533309937,0.13832519593692974,0.7107930921372918,0.9995933175086975,60.02479284922033,0
551,0.18456618204003306,0.532622595628103,0.9991156458854675,0.1252575967283477,0.5459807515144353,0.9998719096183777,0.1740918691669193,0.6826769368989132,0.9991254210472107,0.13289424351283494,0.7073254273051313,0.9994626641273499,60.02479284922033,0
552,0.1842196853387925,0.5334145228068038,0.9991954565048218,0.12622400834446873,0.5447326557976864,0.9998743534088135,0.17102725874810004,0.679132461547852,0.9988821744918823,0.12770299507038946,0.7051788965861008,0.9992477297782898,60.02479284922033,0
553,0.18320067652634225,0.5341197678021027,0.999271810054779,0.1261638090724038,0.5432380012103494,0.9998754262924194,0.16753538094815768,0.6799773431959613,0.998706579208374,0.12436953577257348,0.7048610420454122,0.9991092681884766,60.02479284922033,0
554,0.18274170089335684,0.5343354259218493,0.9993417263031006,0.12646027051267178,0.5426594955580579,0.9998788833618164,0.1647153823148638,0.6797720903442025,0.9985765814781189,0.1225730021085059,0.7043662014461705,0.999028742313385,60.02479284922033,0
555,0.18264706148987742,0.5343455161367148,0.9994049668312073,0.12635468798024324,0.5429116090138757,0.9998840689659119,0.16244552887621394,0.6797241256350568,0.9984716176986694,0.12118671018452883,0.7036191565649856,0.9989864230155945,60.02479284922033,0
556,0.1831031101090569,0.5342242973191402,0.9994614720344543,0.126234884772982,0.5429517030715947,0.9998868107795715,0.16112446643057338,0.6798249397959033,0.9984318614006042,0.12042694219521125,0.7021343452589858,0.9989984631538391,60.02479284922033,0
557,0.18404606694266923,0.5339733504113702,0.9995115995407104,0.12629411121209472,0.5436204558327089,0.9998896718025208,0.16020342707633983,0.6795359708013995,0.9984308481216431,0.12036429239170901,0.7002610677764535,0.9990421533584595,60.02479284922033,0
558,0.18507604513849546,0.5334119399388635,0.9995555877685547,0.1262445683990207,0.5441935005642122,0.9998918771743774,0.15925152954601118,0.6791556761378339,0.9983677864074707,0.11978367325805492,0.6987814363979163,0.9990752339363098,60.02479284922033,0
559,0.18548839787642174,0.532868243399121,0.9995980262756348,0.12619717986810786,0.5445060673214144,0.9998987913131714,0.1581090944153923,0.6790133430844267,0.9984185099601746,0.1183918235557421,0.6979235212008164,0.9991369247436523,60.02479284922033,0
560,0.18598999934537086,0.5324333139828278,0.9996362328529358,0.1261013462429956,0.544745763142904,0.999904453754425,0.1568451807612466,0.6790896058082586,0.9984979033470154,0.11660444807438633,0.6980752859796802,0.9991964101791382,60.02479284922033,0
561,0.18644504320053842,0.531920160566058,0.9996708035469055,0.12595754010336752,0.5450648523512345,0.9999068379402161,0.15556430816650402,0.6792242668923882,0.9985485672950745,0.11486109984772555,0.6983103837285729,0.999238908290863,60.02479284922033,0
562,0.18671691346736197,0.531520852020809,0.9997023344039917,0.12601609386148915,0.5452771186828618,0.9999120235443115,0.15487053848448268,0.6794199319112875,0.9985989332199097,0.11385399848222741,0.6985968975793753,0.9992870092391968,60.02479284922033,0
563,0.18668182123275046,0.5314172648248223,0.9997307062149048,0.1261422208377294,0.5454766608419876,0.9999173879623413,0.15423810056277698,0.68004383075805,0.99860680103302,0.11356630140826825,0.6991415960448135,0.9993286728858948,60.02479284922033,0
564,0.1866806057237445,0.5312710347629733,0.9997566938400269,0.12632329903897796,0.5456320132528036,0.9999226927757263,0.15423436675752925,0.6803290389833001,0.998636782169342,0.11402990314222526,0.699515078748976,0.9993690848350525,60.02479284922033,0
565,0.18665723928383432,0.5312065368606935,0.9997798800468445,0.12640456358591723,0.5457312521480383,0.9999282956123352,0.15420867502689373,0.6801829990886512,0.9986410140991211,0.11434976046993629,0.6994060334705177,0.9994078278541565,60.02479284922033,0
566,0.18692657209578029,0.5310953969047187,0.9998008608818054,0.12641649302982158,0.5457192971592862,0.999933660030365,0.15409853061040252,0.6797336794081194,0.9986672401428223,0.11438189234052396,0.6988360030310501,0.9994447827339172,60.02479284922033,0
567,0.1871966237113591,0.5309683850833352,0.9998190402984619,0.1263904876652219,0.5457491931461157,0.9999370574951172,0.1540882466804415,0.6791428923606878,0.9986832141876221,0.11443185593400691,0.6982919517017552,0.9994712471961975,60.02479284922033,0
568,0.18741235066027884,0.5309668864522665,0.9998360276222229,0.12640161457515908,0.5458645508402874,0.9999409317970276,0.1542158332608996,0.6787320943105793,0.9986913800239563,0.11450744810558511,0.6979066388947628,0.9994983077049255,60.02479284922033,0
569,0.18743645861035318,0.5310950336002173,0.9998512864112854,0.1265363267489843,0.5460435293969659,0.9999449253082275,0.1542077653464818,0.6785817089534947,0.998704195022583,0.11455374388467707,0.6978594121478858,0.9995274543762207,60.02479284922033,0
570,0.1873702520415898,0.5311961117244907,0.9998648762702942,0.12669264063948688,0.5462058441979549,0.9999476671218872,0.15418616504896265,0.6782370238077078,0.9986993074417114,0.11463004066830598,0.6977066539582757,0.9995478987693787,60.02479284922033,0
571,0.18735390688691833,0.5313347805114024,0.9998772144317627,0.12685708133947293,0.5463774459702633,0.9999502897262573,0.15406562884648653,0.6778387540862679,0.9986910820007324,0.11462596165282395,0.697333176930746,0.9995638728141785,60.02479284922033,0
572,0.18725187508832858,0.5314756120954245,0.9998880624771118,0.12696117020788658,0.5465054057893303,0.9999520182609558,0.15389061116036928,0.6775601222401579,0.9986792802810669,0.11459574919371388,0.696997449511574,0.99957275390625,60.02479284922033,0
573,0.18710168415591846,0.5315457809539073,0.999897837638855,0.1269819119146893,0.546589402925401,0.999954342842102,0.1537310679753623,0.6775439551898417,0.9986661076545715,0.1145813138712021,0.6968834911073962,0.9995861649513245,60.02479284922033,0
574,0.1869485988503412,0.5316135145369034,0.9999070167541504,0.12692441188153775,0.5467355137779604,0.9999570846557617,0.15362269963536956,0.6775278704507015,0.998666524887085,0.11456114408515758,0.696842423507146,0.9996041059494019,60.02479284922033,0
575,0.1868137965599697,0.5314840646017169,0.9999154806137085,0.12690355096544548,0.5469252126557491,0.9999598860740662,0.15356417567957026,0.6771512599218465,0.9986676573753357,0.11454967125540698,0.6965750455856329,0.9996206164360046,60.02479284922033,0
576,0.18675454173769285,0.5311783154805506,0.999923050403595,0.12687378341243388,0.5471395651499434,0.9999621510505676,0.1534772472722191,0.6765685507229402,0.9986805319786072,0.11445776266711108,0.6960616651035496,0.9996343851089478,60.02479284922033,0
577,0.18683421115080528,0.5309288104375207,0.9999297261238098,0.12687442274320704,0.5473668490137378,0.9999638795852661,0.1534964094559353,0.6760046765917829,0.9986935257911682,0.11447819428784517,0.6955399882225768,0.9996448755264282,60.02479284922033,0
578,0.18693982561429356,0.5308674006235037,0.9999355673789978,0.12691499718597968,0.5475126022384285,0.9999642372131348,0.15360439107531604,0.675736872922807,0.9987106919288635,0.11467145525273832,0.6952804440543772,0.9996485114097595,60.02479284922033,0
579,0.18712110675516597,0.5309472311110728,0.9999406933784485,0.12696994699182973,0.5476347889219015,0.999965488910675,0.15382418816997903,0.6758164763450628,0.9987183213233948,0.11495972992408852,0.6953649833088835,0.9996565580368042,60.02479284922033,0
580,0.18731415129843226,0.5310834362393337,0.9999454617500305,0.12704293500809455,0.5477154481978648,0.9999668598175049,0.15413173962207077,0.6759965306236635,0.9987176656723022,0.11529745587280826,0.6956025730995911,0.9996651411056519,60.02479284922033,0
581,0.18743724482400093,0.5313338665735158,0.9999498128890991,0.12705628928684062,0.5477840474673684,0.9999683499336243,0.15445612654799518,0.6761221743765338,0.9987137317657471,0.1155779351081168,0.6958497393698925,0.9996758103370667,60.02479284922033,0
582,0.18752030744439097,0.5315846289907187,0.9999536275863647,0.1269361213559197,0.5478567850022094,0.9999696612358093,0.15474096650169022,0.6761902741023478,0.9987031817436218,0.11566751698652913,0.6960810678345822,0.9996864795684814,60.02479284922033,0
583,0.18760202257406158,0.5320691551480978,0.9999569058418274,0.12672741498265958,0.5478691458702092,0.9999707937240601,0.1549942223798662,0.6764400033723745,0.9986990094184875,0.11565879909765162,0.6963164409001674,0.9996960759162903,60.02479284922033,0
584,0.18769361504486645,0.5327096609842215,0.9999597072601318,0.1265033788624265,0.5477977735655652,0.9999710917472839,0.15521720477512918,0.676902728421348,0.9986860156059265,0.11560854812463134,0.6964961176826847,0.9996988773345947,60.02479284922033,0
585,0.18779574760368908,0.5332931677500411,0.9999622702598572,0.12632092549687352,0.547714837959835,0.9999707937240601,0.1553297326678323,0.677416154316494,0.9986743330955505,0.11551301039400565,0.6966810084524615,0.9996943473815918,60.02479284922033,0
586,0.18786826729774492,0.5336161397752311,0.9999648332595825,0.1262624959150951,0.5475860351607917,0.9999714493751526,0.1553540123360499,0.6778352005141127,0.9986590147018433,0.11543727666139612,0.6968933088438857,0.9996962547302246,60.02479284922033,0
587,0.18781635378088285,0.5338689315886729,0.999967098236084,0.1262930901277634,0.5474948939822973,0.999972403049469,0.15530419491586245,0.6781205960682466,0.998634397983551,0.1153703647710029,0.6970597931316926,0.9996988773345947,60.02479284922033,0
588,0.18766996832121002,0.5340274884587247,0.9999691247940063,0.12634173532327025,0.5473519109544305,0.9999728202819824,0.1552470432860512,0.6781205591701331,0.998623251914978,0.11532925814390191,0.6970998900277279,0.9996988773345947,60.02479284922033,0
589,0.18745295845326937,0.5342894820939932,0.9999709725379944,0.1264231339806603,0.5471527604829702,0.9999731779098511,0.15509691337744408,0.6780387901124506,0.9986331462860107,0.11523556141626276,0.696986045156207,0.9997004866600037,60.02479284922033,0
590,0.18729238141150717,0.5345701177914941,0.9999727606773376,0.1264697185584478,0.5469560481253128,0.9999740123748779,0.15492050633544024,0.6779209687596282,0.9986539483070374,0.11511801538013286,0.6968574353626802,0.9997091889381409,60.02479284922033,0
591,0.18723818021161232,0.5348151922225957,0.9999744296073914,0.12644663453102123,0.5468242367108667,0.9999745488166809,0.1547383410590037,0.6778299127306262,0.9986737370491028,0.11500837547438494,0.6969425167356225,0.9997149705886841,60.02479284922033,0
592,0.18728148227646252,0.5348705904824398,0.9999759793281555,0.12638725269408463,0.5467526259876437,0.9999752044677734,0.1545989775941487,0.6778254111607874,0.9986921548843384,0.11488911722387596,0.6972022964840849,0.9997200965881348,60.02479284922033,0
593,0.18747330492451092,0.5346063999902639,0.9999774694442749,0.12631245950857808,0.5468158835456489,0.9999756813049316,0.15454592023577018,0.677870412667593,0.9987079501152039,0.11475381006797164,0.697449752262661,0.9997226595878601,60.02479284922033,0
594,0.18777195896421173,0.534212430318197,0.9999787211418152,0.1262540483758564,0.5469009933017553,0.9999754428863525,0.15474255453972602,0.6779174009958908,0.9987110495567322,0.11479005891652344,0.6976567024276376,0.9997208118438721,60.02479284922033,0
595,0.18807625486737223,0.5338704302197416,0.9999798536300659,0.12628093148980832,0.5469669472603575,0.999975860118866,0.15511458047798715,0.6779005981626971,0.9987176060676575,0.11497989971013306,0.6976314470881513,0.9997230172157288,60.02479284922033,0
596,0.18838154631001625,0.5335842314220615,0.9999805688858032,0.1263096034526826,0.546995341777802,0.9999760985374451,0.15555711729185934,0.6778807327860883,0.9987116456031799,0.11524991123449244,0.6975211018607735,0.9997243285179138,60.02479284922033,0
597,0.18859912596997777,0.5333738213493715,0.9999812245368958,0.12628468090579634,0.5470194759823032,0.9999760985374451,0.15593577992348456,0.677634838081542,0.9987212419509888,0.11553709102528445,0.6973115376063761,0.9997273087501526,60.02479284922033,0
598,0.18865776274885465,0.5332262913386032,0.9999819993972778,0.12636928757031768,0.5470286380677001,0.9999765157699585,0.15614264068149397,0.6772844706262866,0.9987301826477051,0.1157372459059671,0.6970711094992508,0.999732255935669,60.02479284922033,0
599,0.18867397166433802,0.5329908728599553,0.9999825358390808,0.12660723215057745,0.5470326486087985,0.9999768137931824,0.15611775574230025,0.6768098814146865,0.9987291097640991,0.11579997163443348,0.6967629109110156,0.9997367262840271,60.02479284922033,0
600,0.18867366086869025,0.5328130466597425,0.9999832510948181,0.1269119992142633,0.5470116791271032,0.9999772906303406,0.15601651157651641,0.676386211599623,0.9987511038780212,0.11586236492508943,0.6965248130616692,0.9997431635856628,60.02479284922033,0
601,0.18865734835465764,0.5327514523551582,0.9999839067459106,0.12722659465812514,0.5470314593542194,0.9999775886535645,0.15594219735690537,0.6760709399268746,0.9987722039222717,0.11593969272715715,0.6962957240286334,0.9997488260269165,60.02479284922033,0
602,0.18864794997941897,0.5327337696438749,0.9999844431877136,0.12742841030870175,0.5470488695871267,0.9999778866767883,0.1558790703614554,0.6760032517569411,0.9987912178039551,0.11599149022783561,0.6961794921330049,0.9997533559799194,60.02479284922033,0
603,0.18863802296774743,0.5327188542910989,0.9999848008155823,0.12745362307344174,0.5470742583274846,0.9999775886535645,0.15584302019505286,0.6759687690507803,0.9988046288490295,0.11602882757073366,0.6961321859132682,0.9997562766075134,60.02479284922033,0
604,0.18861321111520146,0.5327253370057973,0.9999849796295166,0.12742717351232266,0.5471496298199612,0.9999774694442749,0.15581225568339951,0.6760271418662304,0.9988080859184265,0.11602006568795167,0.6961643610681811,0.9997588396072388,60.02479284922033,0
605,0.18860333732196277,0.5327091500872662,0.9999850988388062,0.12740420443671102,0.547231725284032,0.9999772310256958,0.15578860966932218,0.6760573216847017,0.9988120794296265,0.11599716792504003,0.6961824723652437,0.999761700630188,60.02479284922033,0
606,0.1885511378447216,0.532716138022287,0.9999850988388062,0.12735601904846383,0.5472827951113387,0.9999765753746033,0.15575083167780024,0.6760638668423613,0.9987958669662476,0.11598237391029094,0.6962005183810285,0.9997610449790955,60.02479284922033,0
607,0.18843564745925737,0.5328006574085785,0.99998539686203,0.12732120000180752,0.5473645670073377,0.9999766945838928,0.15575688013008676,0.6760270652316871,0.9988040924072266,0.116041694368635,0.6962420798483355,0.999765157699585,60.02479284922033,0
608,0.18826929018611016,0.5330075139091133,0.99998539686203,0.12730454121317192,0.5474154012543819,0.9999760985374451,0.15575249776953753,0.6760127516019917,0.9988018274307251,0.11612673529556829,0.6962924656413856,0.9997662901878357,60.02479284922033,0
609,0.18808708588282283,0.5332868553343277,0.9999855160713196,0.1273298469327746,0.547432797295707,0.9999753832817078,0.15574833324977344,0.6761659752754943,0.998802125453949,0.11623975882927587,0.6964653588476641,0.9997683763504028,60.02479284922033,0
610,0.18792483352479494,0.5336921300206869,0.9999858736991882,0.1272332469622295,0.5474642685481484,0.9999754428863525,0.15571717279297975,0.6765580801736746,0.9988207221031189,0.11632217218478529,0.6968328527041849,0.9997740387916565,60.02479284922033,0
611,0.18785561834062864,0.5341616414842156,0.9999861121177673,0.12708498040835073,0.5474764222190498,0.9999755620956421,0.15572147355193194,0.6770967472167249,0.9988283514976501,0.11638519238858006,0.6972338784308667,0.9997780919075012,60.02479284922033,0
612,0.18778785566488918,0.5346226152919592,0.9999862909317017,0.12691070707071406,0.5474866827329004,0.9999753832817078,0.155669458565258,0.6777236546788903,0.9988422989845276,0.11640911478371857,0.6977229856309443,0.9997819662094116,60.02479284922033,0
613,0.18772540489832573,0.5348646839459741,0.9999865293502808,0.1267648878551666,0.547469746498835,0.9999755024909973,0.15560221388226475,0.6782436399232779,0.9988489747047424,0.11643994847933462,0.6981752344540193,0.9997851252555847,60.02479284922033,0
614,0.18766504100390857,0.5348630008243384,0.9999867677688599,0.12671323546341498,0.5474277195476355,0.9999755024909973,0.15547061534154996,0.6785258310181759,0.9988723993301392,0.11645007133483896,0.6984628410566427,0.9997909069061279,60.02479284922033,0
615,0.18762907031036574,0.5346295521372846,0.9999871253967285,0.1267197827498119,0.5474130000386923,0.9999759197235107,0.1553573494865782,0.6786459599222461,0.9988950490951538,0.11649454952705483,0.6986495228040792,0.9997971653938293,60.02479284922033,0
616,0.18759138101623188,0.5343958707082843,0.9999873638153076,0.1266650330452693,0.5474183616184057,0.9999759793281555,0.15525314353761233,0.6786407147135058,0.998916506767273,0.11653553446133941,0.6987727511496777,0.999803364276886,60.02479284922033,0
617,0.187572601295653,0.5342875719070439,0.9999875426292419,0.12660398937407005,0.5474013970011762,0.9999758005142212,0.15517350534598046,0.6785430113474533,0.9989345073699951,0.1165214975674948,0.6987076203028366,0.9998079538345337,60.02479284922033,0
618,0.18753429679643555,0.534131643317995,0.9999871850013733,0.12654655817009164,0.5474789994103573,0.99997478723526,0.1550368397008806,0.6784948848542718,0.9989244341850281,0.11642589278164374,0.6986747384071356,0.9998060464859009,60.02479284922033,0
619,0.1875002589963733,0.5338144898414616,0.9999874234199524,0.12651499538194574,0.5475513849939624,0.9999743700027466,0.15489938074634202,0.6784757063502362,0.9989336133003235,0.1162814058008649,0.6986066613878528,0.9998043179512024,60.02479284922033,0
620,0.18748305525098544,0.5334323814937051,0.9999876022338867,0.12651762579168602,0.5476306903929942,0.9999746084213257,0.15479040642579409,0.6784861740611854,0.9989513754844666,0.11617534891480501,0.6985655313446415,0.9998078942298889,60.02479284922033,0
621,0.1875002306132091,0.533050948665256,0.999987781047821,0.1265195941641218,0.5476600584529699,0.9999748468399048,0.15482302010059368,0.6784867133413048,0.9989760518074036,0.11620001388447636,0.6984880339531676,0.9998122453689575,60.02479284922033,0
622,0.18749702615397335,0.5328467743737362,0.9999880790710449,0.12648992666176398,0.5475998776299618,0.9999751448631287,0.15473131977376497,0.6784101015045535,0.9989973306655884,0.11614099286851438,0.6983562367303037,0.9998165369033813,60.02479284922033,0
623,0.187457839647929,0.5330819175356915,0.999988317489624,0.12644668774945406,0.5476106093043377,0.9999750256538391,0.1544034253983272,0.6784840226173406,0.9990253448486328,0.11595266986460923,0.6984033527828404,0.9998206496238708,60.02479284922033,0
624,0.18748862260863908,0.5334430847849169,0.9999882578849792,0.12639032375244877,0.5477360486984257,0.999973475933075,0.1541578727109093,0.6788203318913784,0.9990371465682983,0.11580986387672887,0.6986894494011294,0.9998181462287903,60.02479284922033,0
625,0.18756832466239037,0.5338332425980346,0.999987781047821,0.1263231627997899,0.5479893684387211,0.9999706745147705,0.1540417273839316,0.6792309568041852,0.9990208745002747,0.11576154899029514,0.6990872905367902,0.9998085498809814,60.02479284922033,0
626,0.18766120572884892,0.5341576082365858,0.9999879002571106,0.12626359647228613,0.5483281385330931,0.9999707937240601,0.15408841839858478,0.6795595089594528,0.9990247488021851,0.11586243198031482,0.6994892699377884,0.9998096823692322,60.02479284922033,0
627,0.18771401970159457,0.5344337991305764,0.9999879002571106,0.1261885669969378,0.5485557743481231,0.9999708533287048,0.15434313530013688,0.6797071553411943,0.9990212917327881,0.1161011326171104,0.6997255626178929,0.9998111128807068,60.02479284922033,0
628,0.18765871936366688,0.5347264011700952,0.9999880194664001,0.12605231432687677,0.5486090325173882,0.9999709129333496,0.15444283967926403,0.6796152165957865,0.999016284942627,0.1161739985857692,0.6996702069327951,0.9998109340667725,60.02479284922033,0
629,0.18750402118478518,0.5351332766669141,0.9999879598617554,0.12587298381896256,0.5485707493055438,0.9999704957008362,0.15429704246066878,0.6795125263077877,0.9990013837814331,0.11607931838149124,0.6995596318017874,0.999806821346283,60.02479284922033,0
630,0.18748710339977642,0.5353970243817288,0.9999879002571106,0.12568039340632312,0.5483568821634569,0.9999698996543884,0.15428229740687793,0.6795144790694833,0.9989891648292542,0.1160369057740485,0.6994695464770004,0.9998024702072144,60.02479284922033,0
631,0.18749873056298227,0.5356426522845319,0.9999879598617554,0.12549104435103292,0.5480440542811443,0.9999696612358093,0.1542861553884689,0.6796070053463895,0.998979926109314,0.11598595586561032,0.6994086560748878,0.9997995495796204,60.02479284922033,0
632,0.18751549507890447,0.5358512316431323,0.9999879598617554,0.12538575132687896,0.5477334885370169,0.9999693632125854,0.15430198680786872,0.6796991938636422,0.998979389667511,0.11590937595991871,0.6994035272371206,0.9998003244400024,60.02479284922033,0
633,0.1874930347715107,0.5361942393439161,0.9999878406524658,0.1252464410804568,0.5474362458501547,0.999969482421875,0.15434092921870107,0.6799694980893822,0.9989708662033081,0.11581332733233779,0.6995116387094775,0.9998006820678711,60.02479284922033,0
634,0.1873394683713006,0.5365478424798878,0.9999877214431763,0.12510402039403018,0.5473323776608425,0.9999688863754272,0.15431493024031334,0.6802670501527337,0.9989546537399292,0.1157070646683376,0.6996781286739173,0.9997986555099487,60.02479284922033,0
635,0.18713926630360755,0.53692125422614,0.9999877214431763,0.12496238804998862,0.5470610175813951,0.999968409538269,0.15427758863994068,0.6806088317008251,0.9989548325538635,0.1155899234470868,0.6998455609594079,0.9997975826263428,60.02479284922033,0
636,0.18702761261236117,0.5371385642460419,0.9999877214431763,0.12486434266680772,0.5466676978837881,0.9999678730964661,0.15428268270833165,0.6808993560927261,0.9989485740661621,0.11550802489121764,0.6999927787553701,0.9997968077659607,60.02479284922033,0
637,0.18698027800946024,0.5373485088348393,0.9999877214431763,0.124815729047571,0.5462123127210712,0.999967634677887,0.15427390166691385,0.6811023638361982,0.9989471435546875,0.11546257989747193,0.7000409052485518,0.9997950196266174,60.02479284922033,0
638,0.18684123385520224,0.5374925874528436,0.9999873638153076,0.12485421555382875,0.5458691971642635,0.9999665021896362,0.15416026399249136,0.6812030843326029,0.998946487903595,0.11535332032612401,0.7000761315936139,0.9997914433479309,60.02479284922033,0
639,0.18662735535984962,0.5375427802403773,0.9999871253967285,0.1249287486785935,0.5455571810404465,0.9999666213989258,0.15390670512403776,0.6811042910530459,0.9989499449729919,0.11514258207309823,0.6998523530505958,0.999793291091919,60.02479284922033,0
640,0.18624247752484835,0.5374298010553638,0.9999869465827942,0.12519447399037237,0.5454891863323397,0.999966025352478,0.15358403963702077,0.6807413044429966,0.9989554286003113,0.11493916596685147,0.6994780784561526,0.9997900128364563,60.02479284922033,0
641,0.1857745278449287,0.5373437234333588,0.9999871253967285,0.1256561367994264,0.5452381003470652,0.9999662041664124,0.15330415254547494,0.680293378375826,0.9989697337150574,0.11475516323532386,0.6990384573028208,0.9997907876968384,60.02479284922033,0
642,0.18534222600005937,0.5372679091635209,0.9999869465827942,0.12616102042652322,0.5449669304348178,0.999965250492096,0.1531088643130803,0.679910418533144,0.9989668130874634,0.11462599890572694,0.6987070980526158,0.9997857809066772,60.02479284922033,0
643,0.1851027742737817,0.537215562093826,0.9999867677688599,0.12656578137761082,0.5447300019718356,0.9999644756317139,0.15301204437301286,0.6796768818582812,0.9989525675773621,0.11460225106704812,0.6985567382403788,0.9997788071632385,60.02479284922033,0
644,0.18495197452249995,0.5372158317338858,0.9999866485595703,0.12676298050653378,0.5446110793522431,0.9999634623527527,0.15295378934769416,0.6797158320744838,0.9989469051361084,0.11459607098783775,0.6986081117675425,0.9997724890708923,60.02479284922033,0
645,0.18493665825752997,0.5371955746696113,0.9999865889549255,0.12677563584986196,0.5445102396465488,0.9999626874923706,0.1528969854116441,0.6797594229380295,0.9989337921142578,0.1145859176204319,0.6985900771050231,0.9997654557228088,60.02479284922033,0
646,0.18496129200572076,0.5371826887130742,0.9999867081642151,0.12671488097735822,0.5445126578921369,0.9999630451202393,0.15286196839241767,0.679792001133874,0.9989418983459473,0.11455726410661435,0.6985277703830179,0.9997673630714417,60.02479284922033,0
647,0.1849989663986934,0.5371890238353189,0.9999862909317017,0.12667585554577065,0.5444843116260715,0.9999613165855408,0.1528522570927939,0.6797867644400829,0.9989318251609802,0.11442982050634576,0.6982584113166452,0.9997591972351074,60.02479284922033,0
648,0.18506659496398215,0.5371609443709968,0.9999860525131226,0.12664378753730238,0.5444586645989196,0.999960720539093,0.152861637728555,0.6797547510692057,0.9989266395568848,0.11424861883833304,0.697911265350524,0.9997542500495911,60.02479284922033,0
649,0.1851638704538347,0.5371451831999283,0.9999859929084778,0.1266161416258132,0.5443217924663003,0.999958872795105,0.15286245516368333,0.6797383285704119,0.9989342093467712,0.11405592092445928,0.6975242240088332,0.9997462034225464,60.02479284922033,0
650,0.18527206849484232,0.5369603860945933,0.9999859929084778,0.12660124188377753,0.5441907644271855,0.9999581575393677,0.1528764274858294,0.679488531180791,0.9989305138587952,0.1139065751007626,0.6969814328920279,0.9997434616088867,60.02479284922033,0
651,0.18533843755722063,0.536692170869737,0.9999856948852539,0.12661164005597442,0.5440473783583872,0.9999570846557617,0.1528560824337461,0.6790759194464916,0.9989287257194519,0.11384633680184691,0.6964963702928457,0.9997413754463196,60.02479284922033,0
652,0.18535042234829507,0.5364309123584207,0.9999855756759644,0.1266214506966728,0.5439149254844307,0.9999560117721558,0.15294221966039578,0.6786270169984732,0.9989196062088013,0.1138828613218808,0.696171851385208,0.9997369050979614,60.02479284922033,0
653,0.1853323841378804,0.5362507133256826,0.9999858140945435,0.12663412236032043,0.5438106287093394,0.9999563097953796,0.1530642254011973,0.678260635761988,0.9989283680915833,0.1139151184331804,0.6959173906417127,0.9997386336326599,60.02479284922033,0
654,0.1853131233226687,0.5361629100072955,0.9999859929084778,0.12662014010406686,0.5437307215872269,0.9999568462371826,0.15318352338813612,0.67806412208648,0.9989340305328369,0.11394680930035464,0.6958050131797796,0.9997432827949524,60.02479284922033,0
655,0.18529730183737633,0.5362274306161068,0.9999861121177673,0.12658940326599857,0.5436613758405053,0.9999567270278931,0.15327997576622748,0.6780388071423491,0.9989286661148071,0.11397290478150059,0.6957703374681025,0.9997417330741882,60.02479284922033,0
656,0.18528598476023916,0.5362387810434619,0.9999860525131226,0.12651768752506812,0.5436957450140094,0.9999564290046692,0.15331464367253453,0.6779537229310904,0.9989174008369446,0.11397035207067226,0.6956998762630286,0.9997392892837524,60.02479284922033,0
657,0.1852764026040124,0.53626956542333,0.9999860525131226,0.12642356398559762,0.5437264527593345,0.9999563694000244,0.15325791566144864,0.6779010040419449,0.9989074468612671,0.11396604953777233,0.6957467709268847,0.9997381567955017,60.02479284922033,0
658,0.18528276469026306,0.5362435267085125,0.9999862313270569,0.12636480444953566,0.5437422167687194,0.9999561905860901,0.1532621483008068,0.677835121041253,0.9989076852798462,0.1140032648330644,0.6956165546462655,0.9997389316558838,60.02479284922033,0
659,0.18532829554308045,0.5361785576457073,0.9999864101409912,0.12633116330419278,0.5435609817504887,0.9999560713768005,0.15326196948687248,0.6777640297299344,0.9989074468612671,0.1140522648181235,0.6952687870888488,0.9997378587722778,60.02479284922033,0
660,0.18534306401298173,0.5361241130601797,0.9999864101409912,0.12632365311895108,0.5432849015508383,0.999955952167511,0.15319280894029721,0.6777455040386751,0.9989103078842163,0.11404940911701758,0.6948454777399704,0.9997348189353943,60.02479284922033,0
661,0.18541238776275104,0.536017545631954,0.9999864101409912,0.1263552712542671,0.5430340738523578,0.9999552965164185,0.15329156106426617,0.6776442612920494,0.9989097714424133,0.11413883524281648,0.694454885664441,0.9997277855873108,60.02479284922033,0
662,0.18563705257007068,0.5358969058309287,0.9999861121177673,0.12637715680258627,0.5428680550484435,0.99995356798172,0.15352520701431105,0.6775632358732683,0.9989151954650879,0.11427148076749993,0.6941343035016747,0.9997246265411377,60.02479284922033,0
663,0.1859670955510368,0.5356145302454636,0.9999861717224121,0.12639003921122788,0.5428136473610292,0.9999547600746155,0.15381086866060906,0.6774600318499979,0.9989244937896729,0.11443160119510841,0.6939000856308716,0.9997298121452332,60.02479284922033,0
664,0.18631234268347438,0.535200675328573,0.9999862909317017,0.12641178922993807,0.542876487686521,0.9999534487724304,0.15406282104197017,0.6771619859195896,0.9989373087882996,0.11453977546521604,0.6934443314870204,0.999725341796875,60.02479284922033,0
665,0.18661793711639602,0.5347091413679581,0.9999863505363464,0.12641899855363947,0.542879564421518,0.9999534487724304,0.1542000429970879,0.676766781579881,0.9989523887634277,0.11464337649799539,0.6928775111834213,0.9997263550758362,60.02479284922033,0
666,0.18674960235754665,0.5342467143422086,0.999986469745636,0.12642657898721252,0.5428923595519297,0.9999542832374573,0.1541357423577991,0.6764084526470735,0.9989648461341858,0.11468534100623368,0.6924389089856835,0.99973064661026,60.02479284922033,0
667,0.18677786205496122,0.5338552480652223,0.9999864101409912,0.12644250761894962,0.5428886101359417,0.9999544620513916,0.15408247993105945,0.6761129668780741,0.9989768266677856,0.11481106281280527,0.6922368378866293,0.9997347593307495,60.02479284922033,0
668,0.18682526406787708,0.533578523567745,0.9999864101409912,0.12643781020527806,0.5426476313954312,0.9999542832374573,0.15412241291432166,0.6760093825204037,0.9989848136901855,0.11498102510259274,0.6921902639525284,0.9997357726097107,60.02479284922033,0
669,0.18686907277220788,0.5333379138083689,0.9999864101409912,0.12641478294417982,0.5422699508212866,0.999954342842102,0.15427023456210193,0.6760684620766418,0.9989824891090393,0.11513473625694012,0.6922034763154535,0.999733567237854,60.02479284922033,0
670,0.18689537828876873,0.5332575837771103,0.9999865889549255,0.1263817215249653,0.5418669808478587,0.9999551177024841,0.15452307533650184,0.6761328748294291,0.9989923238754272,0.11520070085922887,0.692142341818129,0.9997349977493286,60.02479284922033,0
671,0.18691692678701324,0.5330784860111423,0.9999867081642151,0.12634426071530308,0.5415716341563638,0.9999541640281677,0.15476650070576453,0.6761153255190173,0.9989935755729675,0.11523292532988966,0.6920123384112409,0.9997285008430481,60.02479284922033,0
672,0.18691619237264012,0.5327583409491043,0.9999866485595703,0.1263007131360827,0.5415614985284356,0.9999539256095886,0.15494439786388775,0.6760143183526544,0.9990001320838928,0.11521617465076002,0.6918443810372131,0.999728262424469,60.02479284922033,0
673,0.18689378528367923,0.5324013857614431,0.9999867677688599,0.12627169347944725,0.5417790611584986,0.9999525547027588,0.1550983126674381,0.6758485663504833,0.9990189671516418,0.1153000784771784,0.6916762987772629,0.9997287392616272,60.02479284922033,0
674,0.18687974271320176,0.532058661892301,0.9999867677688599,0.12624232683862968,0.5419339225405743,0.9999514222145081,0.15529638599781775,0.675721631163643,0.9990246295928955,0.11550963279746837,0.6915406187375392,0.9997267723083496,60.02479284922033,0
675,0.18687899410724657,0.5318864669118613,0.9999871253967285,0.12622137793472846,0.5420500863166087,0.9999521374702454,0.1555269254105433,0.6757365550313682,0.999036431312561,0.1157674335298085,0.691498804660071,0.9997278451919556,60.02479284922033,0
676,0.1868783370369958,0.5319473629906069,0.9999875426292419,0.12622605689934333,0.5420648739451458,0.9999527335166931,0.1556889436074667,0.6757783236957737,0.999049961566925,0.11597200128294181,0.6914584125791283,0.9997271299362183,60.02479284922033,0
677,0.18686648706595116,0.5320368749754774,0.9999879598617554,0.12623693403743572,0.5420626458667578,0.999953031539917,0.15562003212315706,0.6757826067152484,0.999057948589325,0.11603718215510969,0.6914370883078808,0.9997238516807556,60.02479284922033,0
678,0.1868489299501693,0.5320649828229636,0.9999881386756897,0.1262055039405824,0.5421342537516644,0.9999530911445618,0.1554186535733088,0.6757111180396312,0.9990608096122742,0.11595055035182418,0.6913323288872133,0.9997231364250183,60.02479284922033,0
679,0.18682005149977565,0.5321575374830341,0.9999881386756897,0.12616072737035305,0.5422457967485704,0.9999524354934692,0.15520701380003077,0.6756413834435604,0.9990496635437012,0.1158604288385029,0.691369289443607,0.9997135400772095,60.02479284922033,0
680,0.18681211769580858,0.5323262668791275,0.9999880790710449,0.12612263290655057,0.5423871449061807,0.9999521970748901,0.15508281191190096,0.6756189664204921,0.9990423321723938,0.11581854806059892,0.6914974167233428,0.9997091293334961,60.02479284922033,0
681,0.18683283953439636,0.5325815762792319,0.9999881386756897,0.12612265916097742,0.5425265005656655,0.999951958656311,0.15507474612622046,0.6756784263111302,0.9990394115447998,0.11581843275399445,0.6916783537183495,0.999703586101532,60.02479284922033,0
682,0.1869116013958342,0.5328409075737004,0.9999880194664001,0.1261586192108337,0.5426321483793717,0.9999521374702454,0.15517713626225801,0.6756648932184497,0.9990333914756775,0.11588498417820259,0.6918310664948968,0.9997019171714783,60.02479284922033,0
683,0.18702996628625068,0.5330302686918353,0.9999880790710449,0.12621537915297926,0.5427518714041941,0.9999527335166931,0.15526773674147482,0.6756901173364553,0.99903404712677,0.11598302778743572,0.6919056517737259,0.999701976776123,60.02479284922033,0
684,0.18714108992190603,0.5330810376576018,0.9999881982803345,0.12624193018391028,0.5429019473847893,0.9999532103538513,0.1553148435694832,0.6753890656289605,0.9990333318710327,0.11607350018762416,0.6917708232289275,0.9997043013572693,60.02479284922033,0
685,0.18721015183698578,0.53310980967113,0.9999882578849792,0.12626864867550996,0.5430508908771338,0.9999535083770752,0.1553449808132082,0.6749180952707932,0.9990290999412537,0.11616904714277822,0.6916796877270659,0.9997040629386902,60.02479284922033,0
686,0.18727424102170143,0.5329990159897582,0.9999881982803345,0.126281214611871,0.5431694161324279,0.9999531507492065,0.15541412362030588,0.6742317477862045,0.9990262985229492,0.11627593317202169,0.691539015088763,0.9997042417526245,60.02479284922033,0
687,0.18731138181118753,0.5327453301066448,0.9999883770942688,0.12630178814842596,0.5432708774294177,0.9999536275863647,0.15550978836559126,0.6734922272818435,0.9990357756614685,0.11638966486567552,0.6914075811704006,0.9997101426124573,60.02479284922033,0
688,0.18737270150865842,0.532410133452643,0.9999885559082031,0.12637725046702802,0.5433432942345033,0.9999542832374573,0.15569613022463674,0.672885588237218,0.999045193195343,0.11651868515071424,0.6913190427280613,0.9997153282165527,60.02479284922033,0
689,0.18743570716608154,0.5321179003942584,0.9999884963035583,0.12651593415510096,0.5433529246421092,0.9999538660049438,0.15586965140842268,0.6725749628884456,0.9990355968475342,0.11661973702056076,0.6912659122830351,0.9997174143791199,60.02479284922033,0
690,0.18746707978702742,0.5319609613645648,0.9999884366989136,0.12664604825632925,0.5434020303544549,0.9999529123306274,0.15595773572013505,0.672351859864735,0.9990321397781372,0.1166802758262272,0.6912238030206594,0.9997178316116333,60.02479284922033,0
691,0.18747810593673175,0.5319819677443736,0.9999881386756897,0.12677703017280226,0.5435326014246263,0.9999518394470215,0.15604325774170114,0.6723432257061919,0.999022901058197,0.11673873911301305,0.6912201018560507,0.9997167587280273,60.02479284922033,0
692,0.1874950535240629,0.5320218716348925,0.9999879598617554,0.12690393910521564,0.5436708444640754,0.999950647354126,0.1561160655248734,0.672433495521546,0.9990099668502808,0.11678764153094527,0.6912505711827965,0.999714195728302,60.02479284922033,0
693,0.18750304764225384,0.5320250846090775,0.9999877214431763,0.12705228158405857,0.5438263813654587,0.9999499320983887,0.15612206501620168,0.6724779009819035,0.9990020990371704,0.116828505127203,0.6911940177281704,0.9997143745422363,60.02479284922033,0
694,0.1875231102818536,0.5319705974488036,0.9999877214431763,0.12723940752801452,0.543972614265624,0.99994957447052,0.15609598230747962,0.6724392232440772,0.999006450176239,0.1168781646660397,0.691052499271575,0.999715268611908,60.02479284922033,0
695,0.18754359866891604,0.5320047594252091,0.9999875426292419,0.12740206434613194,0.5440597505796527,0.9999479055404663,0.15604915931111302,0.672294628052485,0.9989988803863525,0.11681148942027783,0.6908439113980254,0.9997116327285767,60.02479284922033,0
696,0.1875486877702533,0.5321307977040612,0.9999872446060181,0.12746441506204162,0.5439703379358568,0.999945878982544,0.1559953299306689,0.672270053908939,0.9989916086196899,0.11667424546820787,0.6906375998542428,0.9997099041938782,60.02479284922033,0
697,0.18754128969851008,0.5322488688287286,0.9999871850013733,0.12744603696323586,0.5438271931239541,0.9999446272850037,0.15598477423191082,0.6722498649642586,0.9989859461784363,0.11653600526707523,0.6904791707084298,0.999708354473114,60.02479284922033,0
698,0.1875183156558447,0.5323561969257541,0.9999870657920837,0.12740100281579164,0.5436454869451981,0.999944269657135,0.15605409159546818,0.6723483630589082,0.9989725947380066,0.11644078897578385,0.6904172045843948,0.9997056722640991,60.02479284922033,0
699,0.1874985936142151,0.5324130313737057,0.9999869465827942,0.12736734889802487,0.5434785116286509,0.9999449253082275,0.15588398774464937,0.6718697604678932,0.9989678263664246,0.11639504063697097,0.6903132597605393,0.9997103810310364,60.02479284922033,0
700,0.1875159186976298,0.5324024472917833,0.9999869465827942,0.12738325411365153,0.5433896780014043,0.9999451041221619,0.1555867557014739,0.6710414205278674,0.9989640116691589,0.11643731203817195,0.6901906331380214,0.9997116923332214,60.02479284922033,0
701,0.1875710437695187,0.5324324908710665,0.9999869465827942,0.1274334639310838,0.5434558079356243,0.9999457001686096,0.15527532994747173,0.6701701311838064,0.9989724159240723,0.1164661922625134,0.6900752016476228,0.9997157454490662,60.02479284922033,0
702,0.1876367330551149,0.5324554528508871,0.9999868869781494,0.12754552704947347,0.5435818376995273,0.9999457001686096,0.15505787659259082,0.6695725208237063,0.9989749193191528,0.11644961933294941,0.6899851674125315,0.9997185468673706,60.02479284922033,0
703,0.18763124446074184,0.5325922937620258,0.9999868273735046,0.12778275708357503,0.5436215400695805,0.9999450445175171,0.15474361890838273,0.6694768014408299,0.9989565014839172,0.11633636270250601,0.6899547349838988,0.9997164607048035,60.02479284922033,0
704,0.18756239541939343,0.5328306016467871,0.9999867081642151,0.12806565775757756,0.5435506105422978,0.9999443292617798,0.15440700806322566,0.6699015526544486,0.9989386200904846,0.11614685931376059,0.6898894054549087,0.9997145533561707,60.02479284922033,0
705,0.18746769286337367,0.5330964043026883,0.9999865889549255,0.12830860912799846,0.5434018742470519,0.9999433755874634,0.15402568876743328,0.6701595783233648,0.9989374876022339,0.11600966787054434,0.6897405102139433,0.9997069835662842,60.02479284922033,0
706,0.18739495249021637,0.5332445246832715,0.9999865293502808,0.1285059643643244,0.5431779168900994,0.9999439716339111,0.15375541363443662,0.6702285777954833,0.998948872089386,0.11601007765247719,0.689461781865075,0.9997106194496155,60.02479284922033,0
707,0.187383939822515,0.5331494098617922,0.9999862909317017,0.1286569996958688,0.5430353141966324,0.9999446272850037,0.15373777846495323,0.6699943485714146,0.9989466667175293,0.11624944387447275,0.6891555161703206,0.999714732170105,60.02479284922033,0
708,0.18734958980764677,0.5328938137917296,0.9999862313270569,0.12876343230406453,0.5430471726826264,0.999945878982544,0.15396469547635044,0.6696811204864871,0.9989513754844666,0.11657032335088377,0.6889234724498936,0.9997216463088989,60.02479284922033,0
709,0.1872534205516181,0.5327105862753736,0.9999859929084778,0.12888160986559744,0.5431797362509232,0.9999468922615051,0.15406968621980588,0.6693658999034342,0.9989535808563232,0.1168193614908628,0.6888523158572974,0.9997279047966003,60.02479284922033,0
710,0.18714897902238953,0.5326717382385622,0.9999856352806091,0.1289522002140682,0.5433549426850823,0.999946117401123,0.15410273841449204,0.6695819497108465,0.9989470839500427,0.11692417661348987,0.6889587981360304,0.9997265338897705,60.02479284922033,0
711,0.18704889572802058,0.5327446290424895,0.99998539686203,0.12902254859606435,0.5435423482032053,0.9999451041221619,0.15412736151899623,0.6699188777378633,0.9989485740661621,0.11696620462905802,0.6891692138853532,0.9997256994247437,60.02479284922033,0
712,0.18699480522246603,0.5328186494963514,0.9999852776527405,0.1289657922018143,0.5435812047549661,0.9999449253082275,0.15416744564260768,0.6701128936949237,0.9989549517631531,0.11691399166981388,0.6892956097920742,0.9997282028198242,60.02479284922033,0
713,0.18699412544568395,0.5325663543882828,0.9999852776527405,0.1288647133679618,0.5434720232373197,0.9999451041221619,0.15425931839715878,0.67016864674432,0.9989645481109619,0.11688455336150678,0.6893859988167178,0.9997310042381287,60.02479284922033,0
714,0.18701511337643595,0.5321308516320733,0.9999855756759644,0.12874254371438718,0.5432148263567975,0.9999465942382812,0.15437597745940812,0.670287640321823,0.9989862442016602,0.11682707709925524,0.6894132324627473,0.9997386932373047,60.02479284922033,0
715,0.18706088122867418,0.5316482895896553,0.9999858736991882,0.12847475565615163,0.5430160448664716,0.9999479055404663,0.1544458681628819,0.6703730140413562,0.9990004301071167,0.11672801417963856,0.6893960805166341,0.9997438192367554,60.02479284922033,0
716,0.18712017011074808,0.5312937923840119,0.9999862313270569,0.12810299013342186,0.5428938297998342,0.9999486804008484,0.15445672117528475,0.6708903596514753,0.9990251064300537,0.11658483034088507,0.6894486972263887,0.9997495412826538,60.02479284922033,0
717,0.1871678516978311,0.5311120634987245,0.9999862909317017,0.12777861668950047,0.5429791864894689,0.9999492168426514,0.154385309134211,0.6713031530380255,0.999036431312561,0.11646391948064178,0.689567020961217,0.9997535347938538,60.02479284922033,0
718,0.18720903566905445,0.5311647738729209,0.9999863505363464,0.12745087700230745,0.5426410521779745,0.9999492168426514,0.15432334584849233,0.6716724094890418,0.9990414381027222,0.11630615450087056,0.6895555115881425,0.9997552037239075,60.02479284922033,0
719,0.18719578853675312,0.5311808500971118,0.9999866485595703,0.12731322646141063,0.5420573126702086,0.9999497532844543,0.15422134810969956,0.6716895983332685,0.9990564584732056,0.11619750268402562,0.6894907383691702,0.9997581839561462,60.02479284922033,0
720,0.18717716066610263,0.5310658784139728,0.9999868273735046,0.12744021699542102,0.5413978298505152,0.9999500513076782,0.154104701110295,0.6714389097122925,0.9990765452384949,0.11610299490747006,0.6893216995965872,0.999761700630188,60.02479284922033,0
721,0.18716218216078637,0.5309054596083509,0.9999867081642151,0.12757950311615363,0.5409384767214461,0.999949038028717,0.15402212951864527,0.6711636015347078,0.9990869760513306,0.11609145537728364,0.6892019169671201,0.9997634291648865,60.02479284922033,0
722,0.18716419665586398,0.5307580629984542,0.9999868869781494,0.12766708007880628,0.540750364462535,0.9999487996101379,0.15395760465235953,0.6710379010155093,0.9990978837013245,0.11609816054503132,0.6891708487556101,0.9997636079788208,60.02479284922033,0
723,0.18717352904024592,0.5307647983233138,0.9999868273735046,0.1276358309246246,0.5411690672238672,0.9999489188194275,0.15396145482858034,0.6711889618919015,0.9991052150726318,0.11613600559177861,0.6892690630186178,0.9997665286064148,60.02479284922033,0
724,0.18724534979888385,0.5305216482707437,0.9999868273735046,0.12751556294304994,0.5415507583391104,0.9999494552612305,0.1540778187059222,0.6715171308744526,0.9991198182106018,0.1162380902540117,0.6893183447065813,0.9997711181640625,60.02479284922033,0
725,0.18730300168196373,0.5304149020285838,0.9999865293502808,0.12736143526576824,0.5417957476207192,0.9999493956565857,0.15412304656846193,0.6717064749626891,0.999117910861969,0.11619833324636741,0.689411015737625,0.999771237373352,60.02479284922033,0
726,0.18732388459500826,0.530247032642365,0.999986469745636,0.12725387939385013,0.5419405585243593,0.9999486804008484,0.1541088266032084,0.6716330789384393,0.999107837677002,0.11598871399958938,0.6891681154568996,0.9997701048851013,60.02479284922033,0
727,0.18728091887065357,0.5301205090114053,0.9999866485595703,0.12716164191563933,0.5419703466551649,0.9999487400054932,0.15403330751827798,0.671440584318979,0.9991225600242615,0.11565291810603379,0.6887996764410116,0.9997718930244446,60.02479284922033,0
728,0.18720344773360675,0.5302150107565384,0.9999867081642151,0.12711210477919815,0.5418093601862594,0.9999476671218872,0.15393218540010012,0.671117422126589,0.9991244077682495,0.11524778639986412,0.6883678606578287,0.9997701644897461,60.02479284922033,0
729,0.18708537660893954,0.5308085367793133,0.9999867081642151,0.12709951187883115,0.5417681591851375,0.9999471306800842,0.1538707393975486,0.6711286419913888,0.9991350769996643,0.11498190888336735,0.6881233794348586,0.9997695684432983,60.02479284922033,0
730,0.18701119720935835,0.5312644527072002,0.9999867081642151,0.1270932661635536,0.5417928042865938,0.999947190284729,0.15386602992103227,0.6713413028489981,0.9991433620452881,0.11496603666316904,0.6880917832964948,0.9997698068618774,60.02479284922033,0
731,0.18695949230875303,0.5318119639442085,0.999986469745636,0.12702649689856038,0.5417663994289584,0.9999469518661499,0.1537911381040302,0.6717951524825329,0.999144971370697,0.11494367818037679,0.6882668109167196,0.9997694492340088,60.02479284922033,0
732,0.18694942125252328,0.5321335877691,0.9999862909317017,0.1269227954603378,0.5417846952165881,0.999947190284729,0.1537237529243743,0.6722117406981338,0.999142050743103,0.11496928369715109,0.6884482843535293,0.9997674226760864,60.02479284922033,0
733,0.1868905786957061,0.5322598843347464,0.9999861121177673,0.12681745560396296,0.5417664192971734,0.9999462962150574,0.15364022340093353,0.6724734164419633,0.9991425275802612,0.11495929353293928,0.6886690088680818,0.9997656345367432,60.02479284922033,0
734,0.18682186163607115,0.5322171847025557,0.9999856948852539,0.12675609758922043,0.5417391288848155,0.9999449253082275,0.1535951722235908,0.6723145274888906,0.9991164207458496,0.11496897183713468,0.6888136012213576,0.9997580051422119,60.02479284922033,0
735,0.1867443755978631,0.5324682309514004,0.99998539686203,0.12673612648532512,0.541666047913688,0.9999461770057678,0.15357916837646862,0.6727416430200854,0.9991071224212646,0.11499442834229705,0.6890636199996589,0.9997597336769104,60.02479284922033,0
736,0.18667695777756843,0.5327946713992532,0.9999855160713196,0.12669941499119725,0.5415833251816891,0.999947726726532,0.15356713959148965,0.6731310571943017,0.9991104006767273,0.11503533948035477,0.6891781063306904,0.9997641444206238,60.02479284922033,0
737,0.18666551865282527,0.5330910682678227,0.999985933303833,0.12664068454787855,0.5414934385390513,0.9999493956565857,0.15353801775546314,0.6734328951154442,0.9991141557693481,0.11506140338523056,0.6890860171545126,0.9997656345367432,60.02479284922033,0
738,0.18673796809854976,0.5332778181348532,0.9999863505363464,0.12658566236495983,0.5414764795984546,0.9999508261680603,0.15354138257957653,0.6736324174063553,0.9991269707679749,0.11513465359097444,0.6890096408980239,0.9997705817222595,60.02479284922033,0
739,0.1868160423778354,0.5334041544369293,0.9999867677688599,0.1265435204619454,0.5414785941441859,0.9999523758888245,0.1535632560650509,0.673639059066773,0.9991360902786255,0.11523916004669107,0.6888940078871597,0.9997737407684326,60.02479284922033,0
740,0.1869372115248727,0.5332399578321552,0.9999869465827942,0.1265224182889576,0.5415777024768652,0.99995356798172,0.15359487987699974,0.6733326060431349,0.9991270899772644,0.11537079654988797,0.6887384255727138,0.9997752904891968,60.02479284922033,0
741,0.1870573730695817,0.5331146717071538,0.9999871850013733,0.12642344193799165,0.5415082261675884,0.9999551177024841,0.15359859594276987,0.6734780725978675,0.9991354942321777,0.11541472410871878,0.6886916444415143,0.9997800588607788,60.02479284922033,0
742,0.1871411190146493,0.5328844899222969,0.9999874830245972,0.12628839413325002,0.5413343878019428,0.9999560117721558,0.1535946946768535,0.6734926076162435,0.9991474747657776,0.11540945690302631,0.688563023294722,0.9997838139533997,60.02479284922033,0
743,0.1871901800235114,0.5326048192523779,0.999987781047821,0.12617142143703652,0.5410663513910208,0.9999561309814453,0.15356402808711656,0.673493175279527,0.9991572499275208,0.11537055174509694,0.6884216524305804,0.9997832179069519,60.02479284922033,0
744,0.18719626963138597,0.5324142887478788,0.9999881386756897,0.1260851650010973,0.5408946332477392,0.999955952167511,0.1535345500423796,0.6735962090038123,0.999169647693634,0.1153143449198633,0.6883348113014591,0.9997817277908325,60.02479284922033,0
745,0.1871629172847386,0.5322607840810507,0.9999884963035583,0.1260285122053965,0.5408357807568145,0.9999551773071289,0.15350972967488438,0.6737313100269868,0.9991708397865295,0.1152634730651266,0.6882646509579256,0.9997761249542236,60.02479284922033,0
746,0.18713829843770907,0.532056916327704,0.9999887347221375,0.12601452143419367,0.5409485527447295,0.999954879283905,0.15347324737480722,0.6737910395576845,0.9991708993911743,0.11524589998381488,0.6882213694708693,0.9997730851173401,60.02479284922033,0
747,0.18711968901611525,0.5318436026573186,0.9999887943267822,0.1259766739039195,0.5410878487995696,0.9999539256095886,0.15342987789994206,0.6735945429120751,0.9991732239723206,0.11524061468385524,0.6882176512763619,0.9997711181640625,60.02479284922033,0
748,0.1871168350889571,0.5315681355340145,0.9999887943267822,0.1259437245982035,0.5411674408685598,0.9999537467956543,0.15342134804952723,0.6731883940242591,0.9991769790649414,0.115267632617837,0.6881560172353478,0.999771237373352,60.02479284922033,0
749,0.187125127939951,0.5313697428930377,0.9999889135360718,0.12591522364389338,0.5411467836016705,0.9999536871910095,0.15342431054228842,0.6728220496858875,0.9991829991340637,0.11530001106716346,0.6880960464477546,0.9997733235359192,60.02479284922033,0
750,0.18713396219980166,0.5313567717870081,0.9999892711639404,0.12587248995190586,0.5409523135139833,0.9999542236328125,0.15344526370366426,0.6727651158968613,0.9991910457611084,0.11534427354733158,0.6881736346653535,0.9997730851173401,60.02479284922033,0
751,0.1871482254493806,0.531368440105802,0.9999895691871643,0.12585246562957775,0.541080196698507,0.9999551773071289,0.1534997295765651,0.6729837854703273,0.9991951584815979,0.11538784241392508,0.688447807516371,0.9997749328613281,60.02479284922033,0
752,0.18712287715503162,0.5313292259261726,0.9999897480010986,0.12586916628338052,0.5415081410180959,0.9999560117721558,0.15351577174095893,0.6733886173793253,0.9991957545280457,0.1154201076853844,0.688811844303495,0.9997767806053162,60.02479284922033,0
753,0.18716587693918335,0.531109403996241,0.9999898672103882,0.12595696392513467,0.5421920220057174,0.9999561905860901,0.15357123386292243,0.6735395022800996,0.9991998672485352,0.11546613595315397,0.6891463285400758,0.9997771382331848,60.02479284922033,0
754,0.18725316581271959,0.5307777609143942,0.9999899864196777,0.1260607015518916,0.5426910661515739,0.999956488609314,0.15365945796171837,0.6734898374194196,0.9992003440856934,0.1155025895152774,0.6892933249473576,0.9997764229774475,60.02479284922033,0
755,0.18735763643469144,0.5306355186871123,0.9999901652336121,0.1261683517978306,0.5428835834775656,0.9999568462371826,0.15375452098392317,0.6734285695212234,0.9992102980613708,0.11554298266058885,0.6892803850628086,0.9997777342796326,60.02479284922033,0
756,0.18744382404145754,0.5307797051611405,0.9999903440475464,0.12624440945330132,0.5425421964554564,0.999957263469696,0.1538247962792716,0.6735955760592511,0.9992288947105408,0.11559538011040016,0.6892833624567309,0.9997809529304504,60.02479284922033,0
757,0.18748934566974657,0.5310280294645404,0.9999904036521912,0.12634625818048215,0.5425879387628469,0.9999574422836304,0.15388460244451263,0.6735534526052935,0.9992438554763794,0.11563894613867723,0.6893730646088015,0.999784529209137,60.02479284922033,0
758,0.18745517446881266,0.5312308356875469,0.9999905228614807,0.12646538870675234,0.5430333898181012,0.9999583959579468,0.1538976069007602,0.6731467076710298,0.9992630481719971,0.11565807993922923,0.6894925520533612,0.9997909069061279,60.02479284922033,0
759,0.18744614365555007,0.5313194053513668,0.9999904036521912,0.12655646673270643,0.5437048049200153,0.9999582171440125,0.15395218133926403,0.6724556372279218,0.9992693066596985,0.11569929832503918,0.6895505615643098,0.9997947216033936,60.02479284922033,0
760,0.18744657153175004,0.5312592983245854,0.9999901652336121,0.1265214482943218,0.5442398304031013,0.9999580383300781,0.15398303738662186,0.6717121629487905,0.9992809295654297,0.11570723532211222,0.6895172368912476,0.9998002052307129,60.02479284922033,0
761,0.18745417751017085,0.531256511097863,0.9999901652336121,0.12640684772105454,0.5445268750190739,0.9999586343765259,0.1539555248760043,0.6712113107953759,0.9992953538894653,0.11564320680641002,0.6894297145661858,0.9998065233230591,60.02479284922033,0
762,0.18745208283265447,0.5313874483108525,0.9999902844429016,0.12626630990278165,0.5444210796129141,0.9999582767486572,0.1538809658516022,0.6712207964488444,0.9993056058883667,0.11547967330330902,0.6892641016415193,0.9998090863227844,60.02479284922033,0
763,0.18744376372723368,0.5314826284136096,0.9999903440475464,0.12614163898286374,0.5443856858071832,0.9999574422836304,0.15378457307815563,0.6714411264374148,0.9993140697479248,0.11521402959312721,0.6890555762109308,0.9998103976249695,60.02479284922033,0
764,0.18741204270294748,0.5316033079510648,0.9999903440475464,0.1260469790015903,0.544267975148701,0.9999561309814453,0.1536616718485243,0.6715931211199084,0.999315083026886,0.11490493587085188,0.6888675519398286,0.9998084306716919,60.02479284922033,0
765,0.18737405112811512,0.5318599570365183,0.9999903440475464,0.12595657862368093,0.5441113767169775,0.9999560713768005,0.15356980618976424,0.6713659280822396,0.9993116855621338,0.11458971528779902,0.688704995881944,0.9998077750205994,60.02479284922033,0
766,0.18732508378369483,0.5322243599664602,0.9999903440475464,0.12581074095907674,0.5438494057882404,0.9999555349349976,0.15346074033351184,0.6712717385519125,0.9993074536323547,0.11430801415727261,0.6886322980835329,0.9998054504394531,60.02479284922033,0
767,0.18727802024001183,0.5325942749068855,0.9999903440475464,0.12560155207202559,0.5435550780523395,0.9999556541442871,0.15331275122506288,0.671353059155601,0.9993023872375488,0.11408345046497535,0.6886387864748642,0.9998038411140442,60.02479284922033,0
768,0.18723060474509298,0.5329243370464873,0.9999902248382568,0.1254201829433442,0.5433343705676855,0.9999562501907349,0.15318830524172117,0.6716076845214486,0.9992950558662415,0.11392775639182054,0.6886265391395211,0.9998047947883606,60.02479284922033,0
769,0.18719533227738894,0.5330726646241692,0.9999901652336121,0.12524123312461954,0.5432522665886657,0.9999569654464722,0.15310961149987734,0.6719879451252171,0.9992930889129639,0.11388054277215695,0.688611907618387,0.9998070001602173,60.02479284922033,0
770,0.18715811272462224,0.533105177538736,0.9999902844429016,0.12506962744962613,0.5431724389394128,0.9999576807022095,0.15306914136523303,0.6722305672509334,0.9992950558662415,0.11393415608576375,0.6886169427917121,0.9998091459274292,60.02479284922033,0
771,0.1871190773589272,0.5330546441532321,0.9999905228614807,0.12496185905876624,0.5431731797399979,0.9999587535858154,0.15306907253605992,0.672053061780476,0.9992960691452026,0.11401096873340161,0.6885810693105068,0.9998121857643127,60.02479284922033,0
772,0.18710469631921695,0.5330200053396683,0.9999905824661255,0.12489730722847449,0.543192409333729,0.9999588131904602,0.15309050963038504,0.6719754026049665,0.9992941617965698,0.11407420784235009,0.6885154218900778,0.9998122453689575,60.02479284922033,0
773,0.1871553879408611,0.5328952613331026,0.999990701675415,0.12482327222824106,0.5433451646850227,0.9999588131904602,0.15313644920076655,0.6719000538190212,0.9992931485176086,0.11413213681607029,0.6884412339755472,0.9998118877410889,60.02479284922033,0
774,0.1872471854800271,0.532744563761212,0.9999907612800598,0.12478448592481169,0.5436184548196343,0.9999586939811707,0.15320653078101942,0.6717970314480015,0.9992880821228027,0.11417925641650255,0.6883445069903424,0.9998099207878113,60.02479284922033,0
775,0.1873446092719125,0.5326467269942878,0.9999908804893494,0.12470524190437236,0.5439782568386627,0.9999589323997498,0.15330336420308988,0.6716336466017229,0.999281644821167,0.11423456455980037,0.6882664390972688,0.9998089075088501,60.02479284922033,0
776,0.18745349631423058,0.5326571237473265,0.9999909996986389,0.12457965562740972,0.5443241142091301,0.9999587535858154,0.15339996275447676,0.6716938387779967,0.9992783665657043,0.11429380235217876,0.6883333211853396,0.9998070001602173,60.02479284922033,0
777,0.1875970690023333,0.5326851265771053,0.9999910593032837,0.12443355861164285,0.5445654676074078,0.9999580383300781,0.1534331490596137,0.671814211777279,0.9992740750312805,0.11430404725528909,0.6884144941965744,0.9998037219047546,60.02479284922033,0
778,0.18776242080188948,0.5328185615085425,0.9999911785125732,0.12436378002166758,0.5446720378739498,0.9999593496322632,0.15350337184610835,0.6721104326702305,0.9992830753326416,0.11437606385775985,0.6885608065695994,0.9998070001602173,60.02479284922033,0
779,0.18792174330779501,0.5329499414988931,0.9999912977218628,0.12440638776336407,0.544758742763883,0.9999600648880005,0.15360657019274587,0.6725649351165414,0.9992942810058594,0.1145294638616699,0.6887979564212623,0.9998094439506531,60.02479284922033,0
780,0.18802790414719373,0.5329905237470359,0.9999914169311523,0.12453116973241181,0.544846756117685,0.999961256980896,0.1537163207928341,0.673009886628106,0.9993070363998413,0.11472702594030482,0.688974831785475,0.9998137950897217,60.02479284922033,0
781,0.18803984636352192,0.5333234497479034,0.9999914765357971,0.12462898911464793,0.5449797454334445,0.9999620318412781,0.15380853769325087,0.6736547379266653,0.9993169903755188,0.11489821260883704,0.6892208882740571,0.9998167753219604,60.02479284922033,0
782,0.1880088654302417,0.5338066702797304,0.9999915361404419,0.12467725291138614,0.5450548132260644,0.9999614357948303,0.15384824290162052,0.6745749144327078,0.9993147253990173,0.11499875429130746,0.689589122931163,0.9998143911361694,60.02479284922033,0
783,0.18800082518940897,0.5342717653229128,0.9999914169311523,0.12465956026599531,0.5450456284341363,0.9999605417251587,0.1538320857854118,0.6753673354784653,0.9993061423301697,0.11499905976511193,0.6899082036245443,0.9998099207878113,60.02479284922033,0
784,0.18799452270780306,0.5346195243653802,0.9999914169311523,0.12465281110434316,0.5450003005209427,0.9999610185623169,0.15387376717158738,0.675869592598507,0.9993044137954712,0.11504095473459798,0.6901781218392513,0.9998105764389038,60.02479284922033,0
785,0.18798998282069268,0.5347537511870979,0.9999913573265076,0.12470336719637835,0.5448700189590459,0.999961256980896,0.1539293399878912,0.6760598591395792,0.9993041157722473,0.11510850914887029,0.6903103873843244,0.999811589717865,60.02479284922033,0
786,0.18800616335301187,0.5345873917852133,0.9999914169311523,0.12476693661439997,0.5448152933801927,0.9999617338180542,0.15401187539100658,0.6759891538392935,0.9993057250976562,0.11520147430045274,0.6904238206999648,0.9998138546943665,60.02479284922033,0
787,0.18802446765559078,0.5345522222064795,0.9999913573265076,0.12481669088204711,0.5448742452121921,0.9999614953994751,0.15410865701380244,0.6760426788103019,0.9993009567260742,0.1153118269784111,0.6907607402120324,0.9998114109039307,60.02479284922033,0
788,0.1880360664356324,0.5345513082685929,0.999991238117218,0.12484267354011545,0.5449809942926684,0.9999607801437378,0.15419598917166405,0.6762530604998276,0.9992974996566772,0.11539241316772651,0.691285976341793,0.9998109936714172,60.02479284922033,0
789,0.1880363502672742,0.534594331468855,0.9999909400939941,0.12484191677400056,0.5450291775521783,0.9999592304229736,0.1542699720178333,0.6765151932126006,0.99928218126297,0.11545697706086304,0.691774935949417,0.999806821346283,60.02479284922033,0
790,0.18803604727699658,0.5346395543643411,0.9999908208847046,0.12485494712988546,0.5451700772557944,0.9999583959579468,0.15438206635770357,0.6768008697600598,0.9992702007293701,0.11553549376272028,0.6921811103820806,0.999803900718689,60.02479284922033,0
791,0.18803194307145632,0.5346369090534396,0.9999905824661255,0.12488358254943585,0.5452713625771664,0.9999581575393677,0.1544885507651739,0.6766512024970287,0.9992598295211792,0.11561566839615514,0.692230315435501,0.9998029470443726,60.02479284922033,0
792,0.1880396888369607,0.5344193038486303,0.9999904036521912,0.12494681775569924,0.5454105365844004,0.9999584555625916,0.15458634637651003,0.6762273652212966,0.9992512464523315,0.11571582264843451,0.692079038847061,0.9998043179512024,60.02479284922033,0
793,0.18805751204490678,0.5340816463742941,0.9999902248382568,0.12502774667172217,0.5453841232118157,0.9999582767486572,0.1546632569460643,0.6756936311721807,0.9992507696151733,0.1158222190680959,0.6918173545882821,0.9998051524162292,60.02479284922033,0
794,0.1880738394601006,0.5337086518605554,0.9999901056289673,0.1250991675825347,0.5451523746762961,0.9999579191207886,0.1547029933759146,0.6751767027945751,0.9992498755455017,0.11589755721035466,0.6914906217938384,0.9998040795326233,60.02479284922033,0
795,0.18808124249889752,0.5334678746405106,0.9999901652336121,0.12513658936534622,0.544711984339215,0.9999585151672363,0.15469162733781916,0.6750002616927743,0.9992564916610718,0.11591288518337986,0.6913015331540795,0.9998061656951904,60.02479284922033,0
796,0.18809028040795114,0.5334063285873054,0.9999901652336121,0.12515728672345489,0.5443231633731301,0.9999583959579468,0.1546729554732642,0.6752644777297979,0.9992529153823853,0.11589612669888007,0.6913563296908429,0.9998043179512024,60.02479284922033,0
797,0.18809579951422573,0.5335032684462415,0.9999898672103882,0.1251464890582222,0.5441219551222669,0.9999575018882751,0.15466256368727924,0.6754739937328162,0.9992441534996033,0.11587785184383402,0.6915387312571213,0.999800980091095,60.02479284922033,0
798,0.18809835754689733,0.5336053144364135,0.9999896883964539,0.1251369487671626,0.5441414884158547,0.9999573826789856,0.15464218315624068,0.6757294450487414,0.9992434978485107,0.11585161657560447,0.6917243174144205,0.9998016357421875,60.02479284922033,0
799,0.18809740742047643,0.5336163725171774,0.9999895095825195,0.12512684152239856,0.5442071727343972,0.999957263469696,0.1546206076939902,0.67563032252448,0.9992523789405823,0.11581506473677508,0.6915420662789123,0.9998043179512024,60.02479284922033,0
800,0.1880966219164078,0.5336187226431715,0.9999894499778748,0.12514792311759232,0.5442498979114355,0.9999570846557617,0.1546048883880889,0.6753955568586083,0.999259889125824,0.11579858830996931,0.6910203638530918,0.9998049736022949,60.02479284922033,0
801,0.18807873271760503,0.5335498650868739,0.99998939037323,0.1251544491166161,0.5442463528542296,0.9999567270278931,0.15455088019371044,0.6747524057115832,0.9992634057998657,0.11572670652752841,0.690265658355895,0.999803364276886,60.02479284922033,0
802,0.1880403047516234,0.5334619397208809,0.99998939037323,0.12515232392719822,0.5442762062663128,0.999956488609314,0.1544934731154216,0.6739454751922976,0.9992725253105164,0.1156427182611966,0.6895077569144118,0.9998040795326233,60.02479284922033,0
803,0.1879538460856394,0.5334026841890249,0.9999896287918091,0.12514953386215946,0.5444135892958872,0.999956488609314,0.15445149725391766,0.6732199731327244,0.9992815852165222,0.1155757148350989,0.6890121130716238,0.9998056888580322,60.02479284922033,0
804,0.18782841307776332,0.5334219535191858,0.9999897480010986,0.12515609604971759,0.544595715545473,0.9999571442604065,0.15441563654513596,0.6728231821741382,0.9992906451225281,0.1155262930052622,0.6888445842833751,0.9998086094856262,60.02479284922033,0
805,0.18771064139547816,0.5333719565754849,0.9999898076057434,0.12511354649350767,0.5448627698989146,0.9999573826789856,0.15442286857536874,0.6725093608810794,0.9992924928665161,0.1155129809464728,0.6887928843498236,0.999809980392456,60.02479284922033,0
806,0.1876098052376794,0.5335635997000199,0.9999897480010986,0.12506070129928143,0.5448262890179956,0.9999575018882751,0.15445919476804293,0.6727384697823302,0.9992890954017639,0.11552641292413085,0.6888749145326165,0.9998101592063904,60.02479284922033,0
807,0.18754239735149217,0.5338206347965063,0.9999897480010986,0.12497353376377206,0.5446048123495923,0.9999573826789856,0.15447238868191143,0.6728546846480602,0.9992769956588745,0.11550085530394608,0.6888832194464554,0.9998072385787964,60.02479284922033,0
808,0.18748514141355258,0.5341316575095771,0.999989926815033,0.12488690302485521,0.5443956341062277,0.999957799911499,0.1544853604975202,0.6729761191776826,0.9992757439613342,0.11548175875629707,0.6889016060602102,0.9998064041137695,60.02479284922033,0
809,0.1874061865465983,0.5343649671191266,0.9999901056289673,0.12484708321946017,0.5441161905016223,0.999957799911499,0.15450705800737663,0.6729929787772049,0.999273419380188,0.11551135423637582,0.6888864011991598,0.9998047947883606,60.02479284922033,0
810,0.18730724993206221,0.534480574585143,0.9999902248382568,0.12488072294564484,0.5437793901988442,0.9999580979347229,0.1545287406160719,0.672998570260548,0.9992684721946716,0.11557533201717204,0.6888497074445095,0.9998028874397278,60.02479284922033,0
811,0.18723609050114964,0.5343811653909233,0.9999904036521912,0.12489622547512974,0.5435571925980709,0.9999587535858154,0.15456931151094905,0.673032130513873,0.9992722272872925,0.1156681878935724,0.6888069311777756,0.99980229139328,60.02479284922033,0
812,0.18718266274247866,0.5344035880906245,0.9999904632568359,0.12490025623923265,0.5431866702579321,0.9999582171440125,0.15461815396944695,0.6735038388343089,0.9992662668228149,0.11574429557436998,0.6889693453198393,0.9997967481613159,60.02479284922033,0
813,0.18716382696515052,0.5344838897387192,0.9999904632568359,0.12489014331783577,0.5428400522186647,0.9999579787254333,0.15465880362760465,0.6742527002380013,0.999258816242218,0.11578147326196953,0.6887708788826357,0.9997922778129578,60.02479284922033,0
814,0.18717621692589367,0.5345613019807003,0.9999905824661255,0.12487440662724641,0.5426692253067384,0.9999583959579468,0.15470486595517124,0.6749916644323445,0.9992576837539673,0.11580962191025426,0.6879981898126153,0.9997900128364563,60.02479284922033,0
815,0.18717019330887585,0.5346297877175472,0.9999904632568359,0.12484919421729597,0.5425480377106444,0.9999582767486572,0.1546946948482878,0.6755792441822239,0.9992461800575256,0.11582040467432576,0.6872324858392993,0.999786376953125,60.02479284922033,0
816,0.1871329851093748,0.5346661380359109,0.9999904036521912,0.12482917415244249,0.5424667653583349,0.9999580383300781,0.15460324358372474,0.6759651388440819,0.9992406964302063,0.11578421188252322,0.6867676036698482,0.9997841715812683,60.02479284922033,0
817,0.18708614153521416,0.5346499511173798,0.9999901056289673,0.12481105611437854,0.5424123548326043,0.9999575614929199,0.15445771742434744,0.6759975240344098,0.9992236495018005,0.11572203962575832,0.686778278577896,0.9997800588607788,60.02479284922033,0
818,0.18702617429551638,0.5346775537445436,0.9999898076057434,0.12477745683420283,0.5423497075126289,0.9999573230743408,0.1542894528025674,0.6759497381391986,0.999214768409729,0.11562180554582968,0.6874259625162402,0.9997789263725281,60.02479284922033,0
819,0.1869742210422245,0.5346903829347525,0.99998939037323,0.1247445245583853,0.5422349714097527,0.9999567866325378,0.15412628934496936,0.6759253995759151,0.9991944432258606,0.11548268404744928,0.6879292556217744,0.9997764229774475,60.02479284922033,0
820,0.1869545834405083,0.5345792742002582,0.9999892711639404,0.12473471285331826,0.5421606500943507,0.9999571442604065,0.15404002368450176,0.675730909620013,0.9991855025291443,0.11538058058136995,0.6880195225988122,0.9997751712799072,60.02479284922033,0
821,0.18693615567116523,0.5344282587369287,0.9999890923500061,0.12470335016647983,0.5421264909562615,0.9999570846557617,0.15397667246205476,0.6753827390216651,0.9991832971572876,0.11525227484248943,0.6880262494087225,0.9997727274894714,60.02479284922033,0
822,0.1869150613035476,0.5343016953695392,0.9999889135360718,0.12466644815036239,0.542125142755963,0.9999566078186035,0.15392016229175398,0.675124157042731,0.9991785287857056,0.11511013940686282,0.6879647913433262,0.9997692704200745,60.02479284922033,0
823,0.18688907013053002,0.5342620412508651,0.9999887347221375,0.12463296240284338,0.5421058620725364,0.9999569058418274,0.15388481673740217,0.674895482403892,0.9991840124130249,0.11503478104159956,0.687882528418587,0.9997706413269043,60.02479284922033,0
824,0.18685592640013937,0.5342932371866139,0.9999886155128479,0.12453547616799683,0.5421354089464464,0.9999570846557617,0.1538501268341429,0.6748037991069618,0.9991822838783264,0.1149088027221817,0.6877959739594237,0.999769926071167,60.02479284922033,0
825,0.1868304979233516,0.5344405287788032,0.9999884366989136,0.12442209252289374,0.5421682709739326,0.9999573230743408,0.15379859294210174,0.6750150521596279,0.9991775155067444,0.11474097626549866,0.6877275421505888,0.9997689127922058,60.02479284922033,0
826,0.18681092773165037,0.5345557303655719,0.9999884366989136,0.12431623680250994,0.5422304045586364,0.9999568462371826,0.1537540519521351,0.6753230634189793,0.9991759061813354,0.11457972334963944,0.6877102028755919,0.9997667670249939,60.02479284922033,0
827,0.18681948383649205,0.5346541120892483,0.9999883770942688,0.12422573530957821,0.5422872900962834,0.9999560117721558,0.15372646209739516,0.6756342848141994,0.9991658329963684,0.11442181964715331,0.6876847346623745,0.9997617602348328,60.02479284922033,0
828,0.18683699482963215,0.5347150422277909,0.999988317489624,0.12417659376348777,0.5423407412710648,0.9999554753303528,0.15369914188271488,0.6760048695972993,0.9991520047187805,0.11431290847914569,0.6876715989339925,0.9997574687004089,60.02479284922033,0
829,0.18684786912940815,0.5347359066917787,0.9999883770942688,0.12418656441427423,0.5423868894577031,0.9999550580978394,0.15367988745371514,0.6762836092994332,0.9991512894630432,0.11430521947996967,0.6876904907680699,0.9997559189796448,60.02479284922033,0
830,0.18686549507436312,0.5347196034022744,0.9999883770942688,0.12423073145605279,0.5424742840585259,0.999954104423523,0.15366965106555405,0.6764027816908705,0.9991455674171448,0.11429617482991454,0.6876886231558669,0.9997523427009583,60.02479284922033,0
831,0.1869039776779358,0.5346472632317321,0.9999884366989136,0.12429630614462364,0.5425710110437307,0.999953031539917,0.15367352891535999,0.6764240264892584,0.999143123626709,0.1142886181672415,0.6876650424230673,0.9997488856315613,60.02479284922033,0
832,0.18696260807060078,0.5345137914021815,0.999988317489624,0.1243620976096109,0.5426224952652345,0.9999513626098633,0.1536961410726821,0.6763935827073602,0.9991395473480225,0.11428112110921324,0.6876426793280107,0.9997439384460449,60.02479284922033,0
833,0.18705666065216078,0.5343916217486069,0.999988317489624,0.12443308567716971,0.5427530407905583,0.9999505877494812,0.15374792402698895,0.6764186336880644,0.9991363286972046,0.11432329316933959,0.6876239804994497,0.9997403025627136,60.02479284922033,0
834,0.18716248018401024,0.5341405386016487,0.9999881982803345,0.12457754746789033,0.5429379798117142,0.9999497532844543,0.153824989284788,0.67637943937665,0.9991278052330017,0.11443511290209643,0.6875723231406444,0.9997360110282898,60.02479284922033,0
835,0.18724515466463015,0.5338769299643384,0.9999880790710449,0.12478163519075948,0.5431535868417654,0.9999493956565857,0.15383655897208637,0.676400386151814,0.9991174936294556,0.11456074281817401,0.6876207050823036,0.9997329115867615,60.02479284922033,0
836,0.18729841070515785,0.533666448933738,0.9999880194664001,0.12498889295827786,0.5433642920993628,0.9999493956565857,0.15379811823368084,0.676463873613449,0.9991185665130615,0.11467588409071885,0.6877492439179198,0.9997348189353943,60.02479284922033,0
837,0.1873224931103844,0.5335782283828376,0.9999881982803345,0.12511669418641508,0.5434569319089257,0.999949038028717,0.15370278982889096,0.6766524485179362,0.9991270899772644,0.11471695240054822,0.6879823179472067,0.9997366070747375,60.02479284922033,0
838,0.18731755585897553,0.533572824228378,0.9999882578849792,0.12524188132513148,0.5434161765234815,0.9999481439590454,0.15357172772997912,0.6768118540445969,0.9991174936294556,0.11469551140353804,0.6881743385678252,0.9997339248657227,60.02479284922033,0
839,0.18730915302322038,0.5335760570707779,0.9999882578849792,0.12536872639542546,0.5434054618790041,0.9999476671218872,0.15343725681304943,0.6768840863591155,0.9991204738616943,0.11465529210510718,0.688302962552934,0.9997345209121704,60.02479284922033,0
840,0.18729632241385338,0.5334836556797939,0.999988317489624,0.12553510708468313,0.5432019545918423,0.9999486207962036,0.15335913428238473,0.6768031489281433,0.999100387096405,0.11468220821448744,0.6882537546611973,0.9997345805168152,60.02479284922033,0
841,0.1872856247992744,0.5333345135053003,0.9999883770942688,0.1256815762746903,0.542982399463654,0.9999493360519409,0.15328310004302448,0.6767544121969319,0.9990821480751038,0.11471541545220793,0.6884224868956071,0.9997332692146301,60.02479284922033,0
842,0.1873000413179399,0.5330982066336136,0.9999884963035583,0.12575918932755797,0.5427545621281582,0.999950110912323,0.1532481106973831,0.6766539301191064,0.9990826845169067,0.11472204611414964,0.6886661052703862,0.9997337460517883,60.02479284922033,0
843,0.18734566938309458,0.5329746007919316,0.9999889731407166,0.1257381701753254,0.542483698754084,0.999951183795929,0.15323522545042506,0.6767884123893018,0.9990853071212769,0.11466573178768168,0.6890198531604954,0.999735951423645,60.02479284922033,0
844,0.18740410109361028,0.5329183737436936,0.99998939037323,0.12567025139218296,0.5422867423012148,0.9999515414237976,0.15322510685239532,0.6770029266675319,0.999101996421814,0.11450334035214932,0.6892618338267014,0.9997382164001465,60.02479284922033,0
845,0.18745869894822453,0.5329091038022726,0.9999896287918091,0.12555777458917539,0.5422176349730723,0.9999517202377319,0.15321127715564922,0.6771950579824907,0.999115526676178,0.11432086711838141,0.689376831054688,0.9997395873069763,60.02479284922033,0
846,0.187485130769866,0.53294811362312,0.9999896883964539,0.1254256885676158,0.5421315374828525,0.9999510049819946,0.15319932358605534,0.6772279540697739,0.9991130232810974,0.11421715468168268,0.6893021435964681,0.9997366666793823,60.02479284922033,0
847,0.18748884825479434,0.5329655635924571,0.9999898076057434,0.12532048566000814,0.5421102756545662,0.9999510645866394,0.15316175988742298,0.6771257746787305,0.9991279244422913,0.11418783238955915,0.6893083538327903,0.9997410774230957,60.02479284922033,0
848,0.18749489599750171,0.5329263323829292,0.999989926815033,0.12530987603323812,0.5420350829760239,0.9999505877494812,0.15312504768371593,0.6769027113914495,0.9991366267204285,0.11421606086549314,0.6892734028044206,0.9997430443763733,60.02479284922033,0
849,0.18746110371180957,0.532956753458296,0.9999899864196777,0.12537585198879253,0.5419063710031059,0.9999498128890991,0.15307481090227776,0.676812370618185,0.999137282371521,0.11427840625955954,0.6892704055422834,0.9997435212135315,60.02479284922033,0
850,0.18739768578892677,0.5330676663489573,0.9999896883964539,0.12544578526701256,0.5417014615876339,0.9999482035636902,0.15300526221593233,0.6768697642144708,0.9991345405578613,0.11428868238415046,0.6892816197304504,0.9997410774230957,60.02479284922033,0
851,0.1873241244327456,0.5332055489222214,0.9999894499778748,0.1254954096816836,0.5415466087205074,0.9999459385871887,0.15296104337487915,0.676978366715568,0.9991191029548645,0.11430619089376368,0.6893235445022589,0.9997357726097107,60.02479284922033,0
852,0.187234795519284,0.5333420378821241,0.9999895691871643,0.12549826573757908,0.5415184327534271,0.9999464750289917,0.15290166721457538,0.6770303589957107,0.99912428855896,0.11431624030783072,0.6894543766975407,0.9997396469116211,60.02479284922033,0
853,0.1871392570790792,0.5333625872929895,0.9999895691871643,0.12551853699343557,0.5415613339060834,0.9999460577964783,0.15280866481008998,0.6770078937212631,0.9991118907928467,0.11433663112776629,0.6896236283438552,0.9997380375862122,60.02479284922033,0
854,0.18707069045021435,0.5332939766702203,0.9999894499778748,0.12556816850389763,0.541619201501211,0.9999449253082275,0.15271382388614485,0.6769578570411324,0.999091386795044,0.11434877415498107,0.6897707978884384,0.9997327923774719,60.02479284922033,0
855,0.18700719589278825,0.5332423647244775,0.9999891519546509,0.1256236575898671,0.5416875822203504,0.9999434947967529,0.15265547235806795,0.6769662612960458,0.99906986951828,0.11440006004912523,0.6899389965193619,0.9997239112854004,60.02479284922033,0
856,0.18697650517736178,0.5331339864503774,0.9999889731407166,0.12567589467480078,0.5416884535834907,0.9999434351921082,0.15265501751786198,0.6769249978519627,0.9990644454956055,0.11453293654180718,0.6899739134879346,0.9997223019599915,60.02479284922033,0
857,0.18699707658517944,0.5329635313579019,0.9999889135360718,0.1256924754097349,0.5416922370592757,0.9999434947967529,0.15273069129103717,0.6768575168791278,0.9990588426589966,0.11471006096828561,0.6899381052880066,0.9997215867042542,60.02479284922033,0
858,0.18702271083990746,0.5328537140573778,0.9999889135360718,0.12568430531592606,0.5416924925077533,0.9999432563781738,0.15279274327414388,0.6768258213996893,0.9990493655204773,0.11486859548659561,0.68995498759406,0.9997173547744751,60.02479284922033,0
859,0.18703593171778193,0.5327562235650567,0.9999889731407166,0.12569619715213787,0.5417001616387145,0.9999433159828186,0.15280327697594973,0.6768031205449792,0.9990456700325012,0.11497008906943466,0.6899910569190985,0.9997159242630005,60.02479284922033,0
860,0.1870250183911552,0.5327517390251164,0.9999889731407166,0.12570564590749297,0.5417009819121592,0.9999432563781738,0.15275099589711155,0.6771731036049985,0.9990370273590088,0.11497687654835848,0.6900349287759695,0.9997140765190125,60.02479284922033,0
861,0.18699279782317949,0.5327600609688536,0.9999887943267822,0.12575406687600282,0.541700573194595,0.9999436140060425,0.15271186686697472,0.6766616900761928,0.9990187287330627,0.11496870184228541,0.6901304579916461,0.999711275100708,60.02479284922033,0
862,0.18694850589547854,0.5326798416319352,0.9999884963035583,0.12592402739184252,0.5417209693363739,0.9999433755874634,0.15267860392729454,0.6758291948409313,0.9990022778511047,0.11500602251007452,0.6901073768025359,0.9997072219848633,60.02479284922033,0
863,0.18689890205860155,0.5325307590620862,0.9999881386756897,0.12615304262865168,0.5417603424617227,0.9999426007270813,0.15269419196106152,0.6741292675336208,0.9989832639694214,0.11505502497866049,0.6900342106819157,0.9997012615203857,60.02479284922033,0
864,0.18683405078592769,0.5323543605350317,0.9999879598617554,0.1264162886710395,0.5418320752325516,0.9999425411224365,0.15269904973961068,0.672392884890239,0.9989745616912842,0.11510145877088829,0.6899601646832063,0.9996992349624634,60.02479284922033,0
865,0.1867781295662836,0.532281997657958,0.9999876618385315,0.12661526671477735,0.5419338572592967,0.9999426603317261,0.15267938162599304,0.6713935562542512,0.9989551305770874,0.11511500570036126,0.6898830192429684,0.999697744846344,60.02479284922033,0
866,0.18673166916483938,0.5322807090623043,0.9999873638153076,0.12669008615471078,0.5419682860374455,0.9999426007270813,0.1526404456013726,0.6717286478905455,0.998939573764801,0.1151004997747286,0.6898283759752915,0.9996921420097351,60.02479284922033,0
867,0.18670415807338003,0.532470578239078,0.9999870657920837,0.12666704399245135,0.5419348591849922,0.9999424815177917,0.15258637070655834,0.6724801546051393,0.9989333748817444,0.11508429582629895,0.6898298036484497,0.9996902942657471,60.02479284922033,0
868,0.18668188438529076,0.5327981256303337,0.9999870657920837,0.12666456969011408,0.5418455430439544,0.9999425411224365,0.15256757892313472,0.6735321765854251,0.9989253878593445,0.11507554032972891,0.6898222679183602,0.9996872544288635,60.02479284922033,0
869,0.18665653112388808,0.5330778076535184,0.9999871253967285,0.1266472680228098,0.5417640606562302,0.9999426603317261,0.15257581926527491,0.6732484783445092,0.9989246129989624,0.11507257286991401,0.6897633785293222,0.999687135219574,60.02479284922033,0
870,0.1866296387854078,0.5331120604560493,0.9999869465827942,0.12663082210790555,0.5416066533043276,0.9999412894248962,0.15264790611607698,0.6717503070831304,0.998908519744873,0.11508042968454825,0.6895209380558565,0.9996798634529114,60.02479284922033,0
871,0.18660221993923204,0.5330478009723486,0.9999871253967285,0.12662583731469665,0.5414077582813448,0.9999415874481201,0.15285995247818188,0.6697906028656737,0.998893141746521,0.1150849720551855,0.6891072364080526,0.9996741414070129,60.02479284922033,0
872,0.1865923220203038,0.5327402268137256,0.9999873638153076,0.12663766883668456,0.5411255671864469,0.9999430179595947,0.15312838767256065,0.6680686672528591,0.9989010095596313,0.11509398122628539,0.6886614532697775,0.9996781945228577,60.02479284922033,0
873,0.18658231127829794,0.5324755396161766,0.9999873042106628,0.1266479463804337,0.5407886278061644,0.99994295835495,0.15336063504219066,0.6673999457132254,0.9989058375358582,0.11510249723990768,0.6883440670512977,0.9996793866157532,60.02479284922033,0
874,0.1865525699797132,0.5322675648189731,0.9999874234199524,0.1266779282263348,0.5405119458834335,0.9999433159828186,0.15350841127690829,0.6671023794582918,0.9989043474197388,0.1151109320067225,0.688144689514524,0.9996800422668457,60.02479284922033,0
875,0.18652230075427478,0.5320935419627603,0.9999875426292419,0.1266706713608334,0.5404045865649274,0.9999434947967529,0.15347248031979527,0.6678628779592973,0.9989025592803955,0.11510711872861508,0.6882393814268573,0.9996811151504517,60.02479284922033,0
876,0.18650380770365413,0.5319056113560999,0.9999873638153076,0.12665997232709622,0.5402921665282481,0.9999423623085022,0.15336594766094583,0.6687299864632749,0.9988875985145569,0.11509934670868384,0.6884116104670939,0.9996763467788696,60.02479284922033,0
877,0.18648177101498575,0.5318822009222852,0.9999874234199524,0.1267151279108866,0.5402451923915322,0.9999430179595947,0.15324913958708458,0.6699381555829735,0.9988930821418762,0.11509265147504363,0.6885849237442022,0.999678909778595,60.02479284922033,0
878,0.18647475753511716,0.5320616421245398,0.9999874830245972,0.12681715119452713,0.5400159358978276,0.9999438524246216,0.15312963511262634,0.6712856037276138,0.9988994598388672,0.11508846815143323,0.6887106867063619,0.9996820092201233,60.02479284922033,0
879,0.18646511080719191,0.5323587287039988,0.9999875426292419,0.12691931923230498,0.5396127161525549,0.9999444484710693,0.15305189788341533,0.6723906199137375,0.998904824256897,0.11509142887024662,0.6887348436173943,0.9996841549873352,60.02479284922033,0
880,0.1864582662071502,0.5326527470634101,0.9999876022338867,0.12698795114244743,0.5392720897992456,0.9999455213546753,0.15299233865170264,0.6727883815765385,0.9989210963249207,0.11509553130183911,0.6886442218508044,0.9996891617774963,60.02479284922033,0
881,0.18645751547245765,0.5328583632196704,0.9999876618385315,0.1270313454525812,0.5393359973317104,0.9999462962150574,0.15298495973859527,0.6733377377192185,0.9989247918128967,0.11512021081788207,0.6887052343005231,0.9996922016143799,60.02479284922033,0
882,0.18646365758918595,0.5328946056820102,0.9999875426292419,0.1269745890583312,0.539698407763527,0.9999465942382812,0.15294020090784358,0.6734879102025719,0.998920738697052,0.11506507049004246,0.689031581083934,0.9996957778930664,60.02479284922033,0
883,0.18644877416746974,0.5328633643331986,0.9999873638153076,0.12689588183448436,0.540304425216857,0.9999464154243469,0.15282375188100916,0.6736547918546774,0.9989092350006104,0.11490582142557426,0.6891851992834188,0.9996992349624634,60.02479284922033,0
884,0.1864103029171627,0.5329186575753353,0.9999871850013733,0.12678148987747384,0.5407868141219734,0.9999460577964783,0.15269208309196303,0.6740060959543506,0.9988892078399658,0.11472569725343168,0.6894641688891825,0.9997006058692932,60.02479284922033,0
885,0.18636846613316324,0.5329861442248031,0.9999867081642151,0.12664052418300092,0.5410424158686687,0.9999458193778992,0.1526095604612715,0.6744166584241964,0.9988611936569214,0.11462241198335384,0.6897597057478774,0.999703049659729,60.02479284922033,0
886,0.18630546970026848,0.5330750686781751,0.9999865293502808,0.12654648295470655,0.5411540723982315,0.9999464750289917,0.15257979503699723,0.6747384411948074,0.9988521933555603,0.1146112893308913,0.6900366487957188,0.999708354473114,60.02479284922033,0
887,0.1862487892309826,0.5331295927365625,0.9999867081642151,0.12647990243775514,0.5413097228322714,0.9999480843544006,0.1526413339944114,0.6747836811201918,0.9988586902618408,0.1147219045531183,0.6903125132833214,0.9997161030769348,60.02479284922033,0
888,0.18621292426472635,0.5330953598022465,0.9999865889549255,0.12637122968832662,0.5413835815020974,0.9999486804008484,0.15266128452051264,0.6745697855949407,0.9988454580307007,0.11482447208393198,0.6906257271766668,0.9997187852859497,60.02479284922033,0
889,0.18619294677461912,0.5330302289554056,0.9999867677688599,0.12626853301411595,0.5413948808397571,0.9999502301216125,0.15266259440353952,0.674227016312736,0.9988518953323364,0.11486382179317028,0.6905395644051693,0.9997262358665466,60.02479284922033,0
890,0.18618502929097147,0.5329446849368871,0.9999869465827942,0.12617535747232902,0.5413850574266348,0.9999518990516663,0.15262466030461458,0.673955020450411,0.9988687038421631,0.11487229842515227,0.6905055982725966,0.9997333288192749,60.02479284922033,0
891,0.18619825158800413,0.5328820092337476,0.999987006187439,0.1260667322647005,0.5413372090884622,0.9999530911445618,0.1525901903708777,0.6738532327470331,0.9988731145858765,0.1148873617251715,0.6904458744185318,0.9997380971908569,60.02479284922033,0
892,0.1862060271558309,0.5328066263880052,0.9999871850013733,0.12599259260154916,0.5413487553596501,0.9999547600746155,0.15255115713391998,0.6738583019801554,0.9988893866539001,0.1148927609125774,0.690294226010641,0.9997450709342957,60.02479284922033,0
893,0.1862010310093563,0.5327202592577258,0.9999873638153076,0.12587584909938643,0.5414497000830518,0.999956488609314,0.1524349812950408,0.6736720913932442,0.9989073872566223,0.11485551475059427,0.6901176940827147,0.9997521638870239,60.02479284922033,0
894,0.18616977972643733,0.5326193911688673,0.9999875426292419,0.1257663064059758,0.54160335518065,0.9999579191207886,0.15231466719082437,0.6728096973328368,0.9989186525344849,0.1148057799963725,0.689929312183744,0.9997583627700806,60.02479284922033,0
895,0.18606525375729532,0.5325914905184795,0.9999874830245972,0.12569548615387519,0.5417686416989285,0.999958336353302,0.15217563864730665,0.6713197969254998,0.998910665512085,0.11472284545501082,0.6897599810645699,0.9997575283050537,60.02479284922033,0
896,0.1859439923649744,0.5325503888584322,0.9999874830245972,0.12564292621044898,0.5419472370828905,0.9999595284461975,0.15204212211427248,0.6699655964261015,0.9989079833030701,0.11463840979905365,0.6897080994787677,0.9997606873512268,60.02479284922033,0
897,0.18584992913972778,0.5327575689270387,0.9999875426292419,0.12559421928156,0.5419558684031174,0.9999606609344482,0.15199536652792078,0.6694338463601618,0.9989054799079895,0.11457861818018425,0.689740589686803,0.9997616410255432,60.02479284922033,0
898,0.18567994449819852,0.5330591485613873,0.9999876022338867,0.12556551396846782,0.5418322568848024,0.9999619126319885,0.15190532803535473,0.6699160081999649,0.998912513256073,0.114565171301365,0.6897278087479733,0.9997662901878357,60.02479284922033,0
899,0.185480112830798,0.5334311922391259,0.999987781047821,0.1255050791161402,0.5416479139100943,0.9999630451202393,0.15173760766074784,0.670852042379834,0.9989219307899475,0.11455450845616214,0.6897892185619905,0.9997692704200745,60.02479284922033,0
900,0.18529544912633455,0.5338084101676945,0.9999876022338867,0.12547828328041813,0.5415604540279937,0.999963641166687,0.1516220732813791,0.6711889420236865,0.9989193677902222,0.11456418001935605,0.6899319177582155,0.9997706413269043,60.02479284922033,0
901,0.18514142575718123,0.5340141001201816,0.9999877214431763,0.12555016080538442,0.541577796141307,0.9999641180038452,0.15155213929357997,0.6709465498016,0.9989288449287415,0.11460746789262417,0.6900978343827389,0.999771237373352,60.02479284922033,0
902,0.18506562922682096,0.5339400399298899,0.9999877214431763,0.1256683199178606,0.5417084779058188,0.9999645948410034,0.15157425758384535,0.6702025135358181,0.9989361763000488,0.11469898443846485,0.6902719310351786,0.9997743964195251,60.02479284922033,0
903,0.18508379870936997,0.5339717297326956,0.9999880194664001,0.12578607527982633,0.5417870283126835,0.9999656677246094,0.1516884139605932,0.6696808905828572,0.9989511370658875,0.11479218765383685,0.6903536291349508,0.999778687953949,60.02479284922033,0
904,0.18505087494850173,0.5340507314318707,0.9999880790710449,0.12593285384632302,0.5417864152363373,0.9999663233757019,0.15174422945295074,0.6697412189983192,0.9989621639251709,0.11489570956854603,0.6903622122037983,0.999780535697937,60.02479284922033,0
905,0.18501764323030215,0.5342632815951397,0.9999883770942688,0.12602244601363238,0.5415286081177852,0.9999668598175049,0.15170508977912733,0.6702780241057992,0.9989843964576721,0.11498687487272999,0.690154964015598,0.9997829794883728,60.02479284922033,0
906,0.18501291530472908,0.5344084983780275,0.9999885559082031,0.12615379833039791,0.5414239906129388,0.9999666213989258,0.15171910964307345,0.6706805144037524,0.9989923238754272,0.11502138134979076,0.6898502622331897,0.9997800588607788,60.02479284922033,0
907,0.1850311642601378,0.534283558527629,0.999988853931427,0.12623345922856113,0.541131436824799,0.9999669194221497,0.15195896582944063,0.6716095634869172,0.9989782571792603,0.11485502017395846,0.6896351377169296,0.9997739195823669,60.02479284922033,0
908,0.1850026625962486,0.5338383203461061,0.9999879002571106,0.12639778142883673,0.5405863097735818,0.9999616146087646,0.1525720109542212,0.6718546152114874,0.9989511370658875,0.11476117266075961,0.6892403279032031,0.99973464012146,60.02479284922033,0
909,0.18513134334768583,0.5328747630119328,0.9999874234199524,0.1265014913820086,0.5400106708208724,0.9999585151672363,0.15328743628093186,0.6717165935607189,0.9989543557167053,0.11476605030752372,0.6888657950219659,0.9997025728225708,60.02479284922033,0
910,0.18545675064836245,0.5317163978304186,0.9999867677688599,0.12658533453941356,0.5395101592654278,0.9999585151672363,0.1540347075178511,0.6712952767099658,0.9989344477653503,0.11490997494686228,0.6884249193327774,0.9996997714042664,60.02479284922033,0
911,0.1858389618850891,0.5308137734731042,0.9999871253967285,0.12656773981593916,0.5390052539961683,0.9999595284461975,0.15447282436348156,0.6709236445881077,0.9989539384841919,0.11515461121286674,0.6879214786347894,0.9997095465660095,60.02479284922033,0
912,0.18628339256559115,0.5301041603088383,0.9999874830245972,0.12652355645384117,0.5388768145016266,0.9999610781669617,0.15457274303549823,0.6705461059297839,0.9989780783653259,0.1153633551938194,0.6874980245317737,0.9997179508209229,60.02479284922033,0
913,0.18664036620230917,0.5297469354811173,0.999987781047821,0.12638676521323988,0.5387981363705231,0.9999620914459229,0.15446547525269658,0.6707608784948083,0.998995840549469,0.11533378206548246,0.6873015420777463,0.999722957611084,60.02479284922033,0
914,0.1867914689438685,0.5296861955097747,0.9999881386756897,0.12635600850695666,0.5386780727477305,0.9999627470970154,0.15439618485314516,0.6707832160450169,0.999022364616394,0.11533945976268688,0.687055817672185,0.9997314810752869,60.02479284922033,0
915,0.18688000951494504,0.5295131263278784,0.9999884366989136,0.12650800744692495,0.5386155985650566,0.9999639987945557,0.1541966327599118,0.6707084349223551,0.9990491271018982,0.11536038170258213,0.6869806079637442,0.99974125623703,60.02479284922033,0
916,0.1869363217126757,0.5294419896034972,0.9999887347221375,0.12682760968094792,0.5384312726202469,0.9999645948410034,0.15403482530798243,0.6705202857653305,0.9990671277046204,0.11539745401768467,0.6868433583350415,0.999747097492218,60.02479284922033,0
917,0.18689248817307624,0.5295432238351735,0.9999886751174927,0.12712873021761587,0.5381051131657196,0.9999649524688721,0.15384336525485642,0.6704354371343345,0.9990703463554382,0.11543537250586927,0.6868049615905405,0.9997493624687195,60.02479284922033,0
918,0.18687829446224954,0.5294962099620278,0.9999887347221375,0.12744784851868957,0.5376859165373307,0.9999656081199646,0.15366566110224963,0.6704087456067409,0.9990693926811218,0.11546559135119129,0.6866368821689066,0.9997501969337463,60.02479284922033,0
919,0.18687130439849142,0.5296726340339302,0.9999889731407166,0.12770910135337293,0.5372953613599145,0.9999660849571228,0.15350876606646052,0.6703981813930335,0.9990713596343994,0.11548534354993285,0.686465379737673,0.9997504949569702,60.02479284922033,0
920,0.18682114708991293,0.5301111624354412,0.9999892115592957,0.12789920823914674,0.5369803082375304,0.9999667406082153,0.15348000327746086,0.6705976809774131,0.9990885853767395,0.11553895899227697,0.6863443794704625,0.9997544288635254,60.02479284922033,0
921,0.18674083408855274,0.530623384884426,0.9999894499778748,0.12811875130449032,0.536816171237401,0.9999676942825317,0.15330439025447495,0.6702832976977036,0.9990954399108887,0.11555181940396636,0.6863024717285525,0.9997581243515015,60.02479284922033,0
922,0.18665150801340755,0.5310630315826057,0.9999895691871643,0.12832273826712665,0.5367427184468228,0.9999681115150452,0.15303683068071106,0.6697212968553821,0.9990984797477722,0.1155596293863797,0.6863157323428568,0.999760091304779,60.02479284922033,0
923,0.1865919154314769,0.53139188743773,0.9999898076057434,0.1284035025607973,0.5367624135244464,0.9999688267707825,0.15274224962506988,0.668988724549612,0.9990996718406677,0.11555227956601562,0.686336565585364,0.9997636079788208,60.02479284922033,0
924,0.18658534543854866,0.5314241136823386,0.9999898076057434,0.12853138219742558,0.536838565553938,0.9999688863754272,0.1525325349399023,0.6682301248822898,0.99909508228302,0.1155849705849376,0.686249020553771,0.9997642636299133,60.02479284922033,0
925,0.18664361749376585,0.5314156753676282,0.9999898672103882,0.12869777494952803,0.5369499666350233,0.9999684691429138,0.15247301331588214,0.6677240104902364,0.9990963935852051,0.11565723624967401,0.6861482063929245,0.9997625946998596,60.02479284922033,0
926,0.1866950861045294,0.5314976317541944,0.9999897480010986,0.1288724463610423,0.5370771175339113,0.9999684691429138,0.15251936302298602,0.6677900779814953,0.9990750551223755,0.11574761746894754,0.6859952693893802,0.9997605085372925,60.02479284922033,0
927,0.1867615651516689,0.5316218847320198,0.9999898672103882,0.12901046872138988,0.5372244517008469,0.9999687671661377,0.15250780185063695,0.6677219669024155,0.999077320098877,0.11577816484939495,0.6858741555895129,0.9997615814208984,60.02479284922033,0
928,0.1868277326935815,0.5317238796324961,0.9999898672103882,0.12916312686034623,0.5373728275299077,0.9999679327011108,0.15247749572708505,0.6676666310855326,0.9990634322166443,0.11578955323923212,0.6857356968380162,0.9997533559799194,60.02479284922033,0
929,0.18683090664091578,0.5318864498819628,0.9999901056289673,0.1292664735090166,0.5374452017602471,0.9999675750732422,0.1524127374092739,0.667763789494833,0.9990449547767639,0.11576205101751155,0.6855715286164062,0.9997457265853882,60.02479284922033,0
930,0.18678130209445967,0.5320075494902479,0.9999901652336121,0.1293689367317019,0.5374709424518408,0.9999673366546631,0.15234134239809866,0.6674911975860601,0.9990289807319641,0.11574441975071326,0.6853468049140209,0.9997382760047913,60.02479284922033,0
931,0.18670533242679793,0.5320117104621165,0.9999904632568359,0.12945791795140232,0.5374433369863605,0.9999673366546631,0.15236064153058199,0.6670988542693008,0.99903404712677,0.11574741027184904,0.6850930140132001,0.9997372031211853,60.02479284922033,0
932,0.18659730255603807,0.5320035446257823,0.9999905228614807,0.12949924100013016,0.5374211243220742,0.9999678134918213,0.1523857776607787,0.6666796945390253,0.9990319013595581,0.11575065340314603,0.6847614702724281,0.9997391700744629,60.02479284922033,0
933,0.18652748848710754,0.5320120737666181,0.9999905824661255,0.12943819094271897,0.5374786967322944,0.9999678730964661,0.1524443647691183,0.6664850683439351,0.9990317821502686,0.115746645700364,0.6845462010020307,0.9997398853302002,60.02479284922033,0
934,0.18652151028315242,0.5320039760498778,0.9999907612800598,0.12934088919843956,0.5376013971510392,0.9999679923057556,0.1525617142518363,0.6664509659721742,0.9990460276603699,0.1157392266960372,0.6844069645518354,0.999745786190033,60.02479284922033,0
935,0.18653609071459104,0.5320414049284803,0.9999909400939941,0.1292255726598559,0.5377266634078257,0.9999683499336243,0.15280086156867811,0.6668011716433939,0.9990333318710327,0.11575382947921761,0.6843746162596208,0.999747097492218,60.02479284922033,0
936,0.18662071369943178,0.532094966797602,0.9999911189079285,0.12899372336410353,0.5377333958943689,0.9999687671661377,0.15312263014770702,0.6670431579862327,0.9990285038948059,0.11578289596807398,0.6843659224964329,0.9997486472129822,60.02479284922033,0
937,0.1867221090055649,0.5321599585669385,0.9999913573265076,0.1287430226802827,0.5376227157456539,0.999968945980072,0.1534613697301775,0.6672645239602957,0.9990452527999878,0.11581936123825264,0.6844198930831189,0.999753475189209,60.02479284922033,0
938,0.18680983001277573,0.5322086243402395,0.9999915957450867,0.12851302680515117,0.5374607415426349,0.9999692440032959,0.1537172730479923,0.6673741056805571,0.9990663528442383,0.11585101485252389,0.6844327875546052,0.9997597932815552,60.02479284922033,0
939,0.18680754658721757,0.5322185357411707,0.9999917149543762,0.12830851617313577,0.5373355462437588,0.999969482421875,0.1538133862472717,0.6674826627685916,0.9990708231925964,0.11585930131730589,0.684493746076312,0.9997636675834656,60.02479284922033,0
940,0.18673545122146623,0.5322443928037375,0.999991774559021,0.12818863349301485,0.5372365173839392,0.9999692440032959,0.15379137226513467,0.6675155616941911,0.9990774989128113,0.11584144724266879,0.6844563200360259,0.999767005443573,60.02479284922033,0
941,0.18662259834153327,0.5323337089447753,0.9999918937683105,0.12818011002881197,0.5372077624003097,0.9999695420265198,0.15377429837272294,0.6674268302463355,0.9990929961204529,0.11583539701643453,0.684339636848087,0.9997729063034058,60.02479284922033,0
942,0.18654787469477896,0.5324511669930962,0.9999919533729553,0.12811651400157392,0.5371120231492184,0.9999699592590332,0.15372098769460418,0.6675150224140718,0.9991042017936707,0.11584567278623589,0.684293165093377,0.9997770190238953,60.02479284922033,0
943,0.1864814488660723,0.532625638303303,0.9999919533729553,0.12805660210904632,0.5368963451612567,0.9999700784683228,0.1536151965459189,0.6677091774486366,0.9991059303283691,0.11576572060585032,0.6840001117615478,0.9997797608375549,60.02479284922033,0
944,0.1864694562696277,0.5325909427234109,0.9999920725822449,0.1279823262067069,0.5366421058064419,0.9999709129333496,0.1534864100671951,0.6678585864248735,0.9991214871406555,0.11564177594014585,0.6835043572244196,0.9997861385345459,60.02479284922033,0
945,0.18639509237947932,0.5323319662184947,0.9999919533729553,0.1279345800479254,0.5363853971163437,0.9999712109565735,0.15325247673761289,0.667917654627846,0.999101996421814,0.11543289926790065,0.6830065051714584,0.999781608581543,60.02479284922033,0
946,0.1863038695993879,0.5319041013717656,0.9999920725822449,0.1279378469501224,0.5361857442628775,0.9999711513519287,0.15298483201435648,0.6679269387608489,0.9991062879562378,0.11527989875702639,0.6825325772875837,0.999782145023346,60.02479284922033,0
947,0.18609604736169194,0.5316557231403537,0.9999917149543762,0.127965937058131,0.5362429278237484,0.9999715089797974,0.15258886416753145,0.6678695139430824,0.999094545841217,0.11494728922843943,0.6822797428993956,0.9997810125350952,60.02479284922033,0
948,0.18590332993439282,0.5315859374545874,0.9999915361404419,0.12797816523483832,0.5365406274795537,0.9999716281890869,0.1521924102590199,0.6679574222791769,0.9991057515144348,0.11459495694864374,0.682423835708982,0.9997782707214355,60.02479284922033,0
949,0.18564474582672136,0.5318763483138316,0.9999908804893494,0.12799778509707688,0.5368859625998001,0.9999712705612183,0.1518547797486897,0.6682900445801877,0.9990798830986023,0.11421277586902899,0.6826783106440595,0.9997708201408386,60.02479284922033,0
950,0.18537854509694252,0.5322402517000839,0.9999906420707703,0.1280254175265631,0.5372237421217423,0.9999717473983765,0.15164604002521165,0.6684696958178571,0.9990739226341248,0.1139008023199582,0.682862798372905,0.99977046251297,60.02479284922033,0
951,0.18511182211694277,0.5325595055307665,0.999989926815033,0.1280543463570732,0.53786370583943,0.9999717473983765,0.15155039230982476,0.6685442441985726,0.999015748500824,0.11381570427190699,0.6833633241199317,0.9997552037239075,60.02479284922033,0
952,0.18499947871480685,0.5326697996684487,0.999989926815033,0.12807810803254455,0.5387189700489956,0.9999717473983765,0.15166379298482635,0.6685725649197902,0.9989959597587585,0.11402699599663427,0.683950923738026,0.9997524619102478,60.02479284922033,0
953,0.1850119375047231,0.5328077531996231,0.9999898672103882,0.1280626186302731,0.5397719967932932,0.9999718070030212,0.1518370282082332,0.6687555455026177,0.9989922046661377,0.11424906303485244,0.6846951842308049,0.9997554421424866,60.02479284922033,0
954,0.18518208109197176,0.5328566233317061,0.999989926815033,0.12805503890627917,0.5407662278129945,0.9999719262123108,0.15208158393700932,0.6690862093653003,0.9989900588989258,0.11452961606638781,0.6855165731339232,0.9997575879096985,60.02479284922033,0
955,0.18537990890798128,0.5329494760150006,0.999989926815033,0.12806905947980435,0.5413606024923783,0.9999719262123108,0.15228167389120384,0.6695778682118376,0.9989905953407288,0.1147764857326236,0.686224207991646,0.9997594356536865,60.02479284922033,0
956,0.18555906131154032,0.5328781576383685,0.9999896883964539,0.12809593620754434,0.541465316499983,0.9999719262123108,0.1525220558756875,0.6698270326568972,0.9989835619926453,0.11499333417131796,0.6865355088597258,0.999761164188385,60.02479284922033,0
957,0.18565906371389132,0.5326450410343356,0.9999895691871643,0.12812179752758582,0.5414595547176546,0.9999718070030212,0.1527889448971977,0.6697962539536618,0.9989736080169678,0.11530842844929023,0.6867615438642961,0.9997624158859253,60.02479284922033,0
958,0.18573598634629038,0.5323573521205361,0.9999895095825195,0.12812937654200063,0.54135274887085,0.9999718070030212,0.15309765863986255,0.6695586897078021,0.9989765286445618,0.11560875212862388,0.6867172008468996,0.9997663497924805,60.02479284922033,0
959,0.18579830867903588,0.5321693136578518,0.9999894499778748,0.12811202662331728,0.5413016903968089,0.9999719858169556,0.15336955587069206,0.6694594990639465,0.9989703893661499,0.11585248084295373,0.6866695228077122,0.9997684955596924,60.02479284922033,0
960,0.185796978218215,0.5320160445712866,0.99998939037323,0.1281068034115293,0.5412781579153882,0.9999716281890869,0.15345825042043426,0.6694982080232534,0.9989729523658752,0.11596194938534791,0.6866339956011096,0.9997662305831909,60.02479284922033,0
961,0.18576351233891092,0.5320553893134712,0.9999892711639404,0.1280878803559713,0.5411588379314972,0.9999712109565735,0.15326220151923964,0.6697190290405642,0.9989821314811707,0.11587548717146838,0.6866077383359278,0.999765932559967,60.02479284922033,0
962,0.1857250808250338,0.5321015658832736,0.9999891519546509,0.12813034086000363,0.5408855108987722,0.9999709129333496,0.15299141903718322,0.6697820879164201,0.9989976286888123,0.11573910677716855,0.686513537452335,0.9997658729553223,60.02479284922033,0
963,0.18572385467234126,0.5321124792099003,0.9999890327453613,0.1282029449939729,0.5404205237116138,0.9999703764915466,0.1528035891907557,0.6696441514151442,0.9990094304084778,0.11572049345288968,0.686395957356408,0.9997656941413879,60.02479284922033,0
964,0.18575649531114685,0.5321038280214586,0.9999891519546509,0.1282000719081789,0.5399316719600137,0.9999702572822571,0.15276988702160982,0.6693317521186108,0.9990237951278687,0.11579501770791564,0.6862648101080037,0.9997680187225342,60.02479284922033,0
965,0.18580834709462682,0.5320266967728029,0.9999892711639404,0.1281587772426152,0.5395232467424307,0.999970018863678,0.15285835947309234,0.6689038390205025,0.9990489482879639,0.11591105872676495,0.6861188723927458,0.999772310256958,60.02479284922033,0
966,0.18588028067634235,0.5317635763259165,0.9999893307685852,0.1279344494853702,0.5393770507403787,0.9999696016311646,0.1529991903475354,0.6685524100349068,0.9990637898445129,0.11601804196834574,0.6860685490426568,0.9997751712799072,60.02479284922033,0
967,0.18596249605928164,0.5313712472007392,0.9999896287918091,0.1275588735228494,0.5391528578031635,0.9999699592590332,0.15305266210011087,0.6682097514470424,0.9990773797035217,0.11601981236821139,0.6859451731046047,0.9997796416282654,60.02479284922033,0
968,0.18594987477575045,0.5308303123428713,0.9999897480010986,0.12739652182374694,0.5388799508412684,0.9999699592590332,0.153047270008496,0.667796719641913,0.9990809559822083,0.11599311480919529,0.6857500757489892,0.9997827410697937,60.02479284922033,0
969,0.18585601945718144,0.5302800621305197,0.9999898672103882,0.12746918343362362,0.5385216162318279,0.9999704360961914,0.15297009973298947,0.667492772851672,0.9990913271903992,0.1160094461270742,0.6855493812333975,0.9997875094413757,60.02479284922033,0
970,0.18580517527602985,0.5298746710731874,0.9999895691871643,0.12765992823101235,0.5380920852933615,0.9999707937240601,0.15290007066159034,0.6673665330523542,0.9990972280502319,0.11605512208881841,0.6853969891866054,0.9997907280921936,60.02479284922033,0
971,0.1857947849092031,0.5296822928247003,0.9999895095825195,0.12791632541588382,0.5373579973266243,0.9999701380729675,0.15280815462271385,0.6673482571329394,0.9990947842597961,0.11610116170985368,0.6851476743107756,0.9997871518135071,60.02479284922033,0
972,0.18584391829513383,0.5295749335061941,0.9999896287918091,0.12810265946955918,0.5366538479214626,0.9999707341194153,0.15272945449465808,0.6675206195740477,0.9991114735603333,0.11615781024807985,0.6850194164684846,0.9997894167900085,60.02479284922033,0
973,0.1859619496833712,0.5294181789670676,0.9999898076057434,0.1281435347738721,0.5359377946172446,0.9999714493751526,0.15267617219970353,0.6675615708033249,0.999120831489563,0.11617501505783635,0.6847753978910905,0.9997909069061279,60.02479284922033,0
974,0.1860398955288389,0.5291974345843001,0.9999898672103882,0.12833335002263396,0.5355128390448438,0.9999712705612183,0.15265982633545297,0.6675620760236474,0.999125063419342,0.11618509391943624,0.6845486816905799,0.9997912049293518,60.02479284922033,0
975,0.1860103940679915,0.5291014427230476,0.9999898672103882,0.12862345434370506,0.535449053559985,0.9999707937240601,0.15258387653600614,0.667654142493294,0.9991176128387451,0.11617257978234982,0.6844030959265579,0.9997876882553101,60.02479284922033,0
976,0.185988214044344,0.5292357149578281,0.9999896883964539,0.1288978024607614,0.5355705363409864,0.9999697208404541,0.15252351122243077,0.6679087082544968,0.9990973472595215,0.11617530527569009,0.6845516051564904,0.9997805953025818,60.02479284922033,0
977,0.1859508206446967,0.529433784030733,0.99998939037323,0.1291048384848096,0.535618833133153,0.9999693036079407,0.15246392147881654,0.667796154816946,0.999085545539856,0.11617925763130198,0.6847953597704575,0.9997780919075012,60.02479284922033,0
978,0.18592772455442536,0.5298042240596957,0.9999892115592957,0.12912568946679442,0.5356851049831939,0.9999690651893616,0.15241650882221414,0.6680820669446679,0.9990679621696472,0.11606481671333323,0.6853683136758356,0.9997743368148804,60.02479284922033,0
979,0.18591040159974792,0.5302767242704123,0.9999890327453613,0.12893192611989532,0.5357579134759454,0.999968945980072,0.15231983860333773,0.6686892452694126,0.9990599155426025,0.1158284442055794,0.686028489044735,0.999774158000946,60.02479284922033,0
980,0.1859083338862375,0.5307497297014514,0.999988853931427,0.1286986456030892,0.5358225022043506,0.9999683499336243,0.15218915258135127,0.6694869001706447,0.9990374445915222,0.11549479727234169,0.6865883781796416,0.9997701048851013,60.02479284922033,0
981,0.185887131662596,0.5311605022067121,0.9999887943267822,0.12850932493096318,0.5358663825761709,0.9999686479568481,0.15207264962650494,0.670292096478599,0.9990316033363342,0.11517881850401569,0.6868441246804743,0.9997726082801819,60.02479284922033,0
982,0.18587699106761402,0.5314227484521415,0.9999886751174927,0.1283948315041407,0.5358436334700816,0.9999677538871765,0.1519802319152016,0.6708357788267595,0.9990169405937195,0.11498738967237028,0.6868511211304443,0.9997691512107849,60.02479284922033,0
983,0.18588545350801394,0.5313827508971809,0.9999889135360718,0.1284408462899073,0.535846903210595,0.9999679923057556,0.1519359676610857,0.6707823900949392,0.9990323781967163,0.11494285755214247,0.6867455414363322,0.9997731447219849,60.02479284922033,0
984,0.18591320372763148,0.5313584861301245,0.9999890923500061,0.12842467994917017,0.5358439229783563,0.9999680519104004,0.1519594824030287,0.6707614433197753,0.9990324378013611,0.11491877975918006,0.6867193352608459,0.9997743964195251,60.02479284922033,0
985,0.18596046737262195,0.531372481868381,0.9999892711639404,0.12831566873050881,0.5359244488534477,0.9999672174453735,0.15201215587911165,0.6707916657129929,0.9990466237068176,0.11492888416562771,0.6867440314519979,0.9997750520706177,60.02479284922033,0
986,0.1859979445026036,0.531378493422554,0.99998939037323,0.12814944131033773,0.5359065163703196,0.9999672174453735,0.15205394441173203,0.6708969558988305,0.9990636110305786,0.11490119461502357,0.6868983251707901,0.9997790455818176,60.02479284922033,0
987,0.18601714855148693,0.53132043282191,0.9999895691871643,0.12800635397434246,0.5359095335006718,0.9999673962593079,0.15210259741260906,0.6709330791518806,0.9990746974945068,0.11489657844815945,0.687040269374848,0.9997832775115967,60.02479284922033,0
988,0.18601689452216755,0.531240494478317,0.9999896287918091,0.12797716898577566,0.5359039931070242,0.9999672770500183,0.15209440390268975,0.6709586864426028,0.9990894794464111,0.11492624346699043,0.68715136391776,0.9997868537902832,60.02479284922033,0
989,0.18603784484522698,0.5311395980062943,0.9999897480010986,0.1281016263223831,0.5359201998937702,0.9999672770500183,0.15216649146307096,0.6710684185936342,0.9990997910499573,0.11502549655380713,0.6872957377206717,0.9997897744178772,60.02479284922033,0
990,0.18606731082711916,0.5311781792413626,0.9999898076057434,0.1282488994655156,0.5359174949782239,0.9999675154685974,0.15230567682357074,0.6712486970992321,0.9991113543510437,0.11513751071123858,0.6873646208218172,0.9997915625572205,60.02479284922033,0
991,0.18611473199867085,0.5313543109666738,0.9999898672103882,0.12836840606871117,0.5359555482864384,0.9999679923057556,0.15248509957676853,0.6712190338543489,0.9991129040718079,0.11526539815323703,0.6873115556580686,0.9997934103012085,60.02479284922033,0
992,0.18613858733858396,0.5315509949411669,0.9999900460243225,0.12851771783261082,0.5358266433080041,0.9999683499336243,0.15269789667356592,0.6708373058409923,0.9991147518157959,0.11539729045970108,0.6872600373767677,0.9997944235801697,60.02479284922033,0
993,0.18611315389474248,0.5316895218122577,0.9999901652336121,0.12865607085682107,0.5355884461175833,0.9999692440032959,0.15266006475403207,0.6701024657204042,0.9991330504417419,0.115489504876591,0.6871137533869067,0.9998005032539368,60.02479284922033,0
994,0.18605110900742683,0.5317752332914447,0.9999903440475464,0.12880198444638943,0.5352240148044772,0.9999700784683228,0.1523901720841727,0.6691399245035086,0.9991389513015747,0.11553009173699796,0.686900831404187,0.9998046159744263,60.02479284922033,0
995,0.18601564637252277,0.5316545934904193,0.9999904632568359,0.12890641746066875,0.5349549282164805,0.9999706745147705,0.15219913990724665,0.6682048298063739,0.9991499185562134,0.11559624366817028,0.6867010735330132,0.9998068809509277,60.02479284922033,0
996,0.1860039816016244,0.5314434454554607,0.999990701675415,0.12892282292956408,0.5348234942981179,0.999971330165863,0.15205947983832602,0.6674544868015113,0.9991623759269714,0.11558306110756747,0.6863358900660566,0.999809741973877,60.02479284922033,0
997,0.1860215741963615,0.531149906771524,0.9999908208847046,0.1288954686550868,0.5350418261119302,0.9999714493751526,0.15204702388672614,0.6667849506650658,0.9991634488105774,0.11556682842118408,0.6858889801161636,0.9998096823692322,60.02479284922033,0
998,0.18600352818057664,0.5308070324716119,0.9999907612800598,0.12889644219761814,0.5354376917793642,0.9999716281890869,0.15219662373974224,0.6662498684156514,0.9991602897644043,0.11560039186761503,0.6855078595025204,0.9998100399971008,60.02479284922033,0
999,0.18593865420137146,0.530539174874624,0.9999908804893494,0.12890221320447479,0.5357555292901544,0.9999721646308899,0.15224472539765505,0.6659309523446225,0.9991546869277954,0.11562913691713705,0.6851594221024291,0.9998113512992859,60.02479284922033,0
1000,0.18585384104933073,0.5304296868188045,0.9999909996986389,0.1289034996713912,0.5359291207222716,0.9999727010726929,0.15224230999038346,0.6658152966272268,0.9991639256477356,0.11568373619090952,0.6850668191909794,0.9998142719268799,60.02479284922033,0
1001,0.1857665841068542,0.5303787305241543,0.9999909400939941,0.128923603466579,0.5361034416017083,0.9999729990959167,0.15226366406395334,0.6658681091808143,0.9991649985313416,0.1157828729067531,0.6852307717005417,0.9998155236244202,60.02479284922033,0
1002,0.1857007883843923,0.5303534212566562,0.9999906420707703,0.1289325867380416,0.5362533557982676,0.9999725818634033,0.15225736229192655,0.6659386385054821,0.9991521835327148,0.11584239807866878,0.6854779408091596,0.9998149275779724,60.02479284922033,0
1003,0.18568165245510299,0.5303540967759637,0.9999905228614807,0.12891686388424475,0.5364901253155304,0.9999723434448242,0.15223397243590595,0.6660705606142685,0.9991545081138611,0.11587241966099976,0.6858405470848089,0.9998154044151306,60.02479284922033,0
1004,0.18565820512317494,0.5303428087915698,0.9999904632568359,0.1288816098655974,0.5366351377396361,0.9999723434448242,0.15226665210156226,0.6661947965621954,0.9991626739501953,0.11589950997205017,0.6861024129958385,0.9998171925544739,60.02479284922033,0
1005,0.18564542915139895,0.5303426782290145,0.9999905228614807,0.1288329071941831,0.5366503227324717,0.9999731183052063,0.15233064975057342,0.6663254414285937,0.9991788864135742,0.11589455498116366,0.6861843041011271,0.9998213648796082,60.02479284922033,0
1006,0.1856387200809662,0.5303621859777545,0.9999905228614807,0.1287852277358374,0.5367652461642315,0.9999733567237854,0.15240419620559342,0.6664649191356846,0.9991851449012756,0.11587089122760873,0.6862644212586544,0.999821126461029,60.02479284922033,0
1007,0.18563356782708865,0.5303926070531213,0.9999903440475464,0.12876620037215109,0.536977472759429,0.9999735951423645,0.15246953566869112,0.6665570679165074,0.9991856813430786,0.11584104526610611,0.6862489212126964,0.9998222589492798,60.02479284922033,0
1008,0.18563631957485577,0.5304126001539688,0.9999901652336121,0.12873154949574253,0.5372563345091688,0.9999735355377197,0.1524921776283356,0.6666620515641717,0.9991852045059204,0.11579806641453798,0.6863469396318713,0.9998230934143066,60.02479284922033,0
1009,0.18564590173108245,0.5304261871746612,0.9999901652336121,0.12870262988976078,0.5373708520616806,0.9999735355377197,0.15249612608126242,0.6667183595044278,0.9991932511329651,0.11570506010736743,0.6861116588115695,0.9998247027397156,60.02479284922033,0
1010,0.1856617001550539,0.5304339740957535,0.9999901056289673,0.12867500952311933,0.5374167476381575,0.9999733567237854,0.15247214479105825,0.6667429166180752,0.9992020726203918,0.11557859874197422,0.6857157732759209,0.9998260140419006,60.02479284922033,0
1011,0.18568371484677007,0.5304359609172459,0.9999902844429016,0.12864868839581817,0.5373940212385994,0.9999732971191406,0.15242023375772307,0.6667357229051138,0.9992149472236633,0.11541868231835829,0.685159283024925,0.9998251795768738,60.02479284922033,0
