frame_id,left_shoulder_x,left_shoulder_y,left_shoulder_visibility,right_shoulder_x,right_shoulder_y,right_shoulder_visibility,left_hip_x,left_hip_y,left_hip_visibility,right_hip_x,right_hip_y,right_hip_visibility,fps,low_visibility
0,0.5458572464329857,0.4327940458343144,0.0,0.5472765054021567,0.4335671053046273,0.0,0.4795967006967181,0.5266356737840746,0.0,0.4747747920808342,0.5287842083544959,0.0,60.024252223120456,1
1,0.5454567202499937,0.43117309042385654,0.0,0.5486141443252568,0.43359914847782693,0.0,0.47717165521213,0.5264974151338853,0.0,0.4717225836856028,0.5262987656252727,0.0,60.024252223120456,1
2,0.5451524087360929,0.43077317731721065,0.9997181296348572,0.5502283232552669,0.43490786211831245,0.9999858140945435,0.4743209502526694,0.524917896304812,0.9995463490486145,0.4688739287001749,0.5229937689644951,0.9997121691703796,60.024252223120456,0
3,0.5449443118912838,0.431594306514377,0.9997144341468811,0.5521190421921871,0.43749324622608404,0.9999865293502808,0.4710445858183365,0.5218971172968551,0.9995584487915039,0.4662288271245506,0.5188692183721637,0.9997237920761108,60.024252223120456,0
4,0.544524763311659,0.4333065350850427,0.999709963798523,0.5549413079307197,0.44140085010301533,0.9999867081642151,0.46637342373530105,0.5170248888787774,0.9995604157447815,0.462870238792329,0.512525890554701,0.9997259378433228,60.024252223120456,0
5,0.5445212665058322,0.43667339569046415,0.9996981620788574,0.557524028278533,0.44673498471578,0.999987006187439,0.462145730143502,0.5110343552771073,0.9995265007019043,0.4605705468427571,0.5068370983714153,0.9997189044952393,60.024252223120456,0
6,0.5457589484396439,0.4416784715084806,0.9996969699859619,0.5587092013586139,0.45407091861679477,0.999987781047821,0.45998594590595826,0.5054235288075042,0.9994907975196838,0.46031925791785866,0.5037076530002416,0.9997255802154541,60.024252223120456,0
7,0.547534599190667,0.44648897789773523,0.9996708631515503,0.5593439823105226,0.4623201021126342,0.9999868273735046,0.4578353720051905,0.4992228164559323,0.9992368817329407,0.45949389821007175,0.5014943735940119,0.999626636505127,60.024252223120456,0
8,0.5498207921073555,0.45187042866434407,0.9996352195739746,0.5600291746003292,0.47191810040246907,0.9999852776527405,0.45702815197763025,0.49456454316775045,0.9989395141601562,0.45920888440949614,0.5006140938826974,0.9994809627532959,60.024252223120456,0
9,0.5520693092119131,0.45804271101951644,0.9996313452720642,0.5604541159811478,0.4809294882274813,0.9999840259552002,0.4576332214332766,0.4928047004200168,0.9985952973365784,0.4595652222633366,0.50021248630115,0.9992952346801758,60.024252223120456,0
10,0.5534071269489474,0.46316011462892837,0.9995135068893433,0.5607713659604395,0.4888400179999219,0.9999761581420898,0.45809713999430374,0.49058602963175135,0.9980104565620422,0.4602389364015492,0.4993581019696739,0.9989162087440491,60.024252223120456,0
11,0.5541551851090936,0.4691634178161625,0.9994492530822754,0.5610625374884837,0.4955333982195177,0.9999722242355347,0.45868168700309064,0.48893195674532974,0.9976598024368286,0.4606790272962483,0.49748882793244903,0.998699426651001,60.024252223120456,0
12,0.5547551228886564,0.47588880856831905,0.999461829662323,0.5614130922726227,0.5019308995632903,0.9999734163284302,0.45854806190445346,0.48732730178605976,0.997800350189209,0.4606757462024692,0.49482741526195023,0.9987854361534119,60.024252223120456,0
13,0.5549306585675199,0.4828902639093857,0.99947190284729,0.5620382428169255,0.5075076179844997,0.9999715685844421,0.4579400363422579,0.48538468707175525,0.997845470905304,0.4607276717821761,0.4921263427961444,0.998792827129364,60.024252223120456,0
14,0.5549423410778959,0.4898442157677246,0.9994827508926392,0.5628123027937757,0.5129898843311131,0.9999701976776123,0.4573425608021876,0.4833334655988788,0.9979560971260071,0.46049428553808336,0.48955295199439675,0.9988280534744263,60.024252223120456,0
15,0.5546964946247287,0.49620986694381386,0.9994685053825378,0.5635384605044416,0.5176304522014804,0.9999651312828064,0.4560813180037911,0.48177072405815163,0.9978849291801453,0.4601812901951021,0.48737666152772485,0.9987256526947021,60.024252223120456,0
16,0.5543421279816405,0.5008191154116679,0.9994446635246277,0.564160750025795,0.522830997194563,0.9999572038650513,0.45506033301353493,0.4803986137821565,0.9978569149971008,0.46006703518685876,0.4864965677261357,0.9986483454704285,60.024252223120456,0
17,0.5543755747023087,0.5049623321919219,0.9993963241577148,0.564556411334447,0.5281758024579006,0.9999500513076782,0.4547556823208222,0.4794962562265854,0.9976552724838257,0.4599260943276545,0.4860115775040222,0.9984865784645081,60.024252223120456,0
18,0.5547535391080952,0.5088693769205188,0.9993868470191956,0.5649784037045075,0.5334956220218118,0.9999479651451111,0.45466346967788007,0.4791318987097063,0.9976435899734497,0.45997468062809577,0.4860204231171385,0.9984880089759827,60.024252223120456,0
19,0.5554645827838357,0.5125491448811127,0.9993464946746826,0.5655317306518559,0.5377880590302608,0.9999407529830933,0.454849678845633,0.47917038911864906,0.9975149631500244,0.46040532560575614,0.4860943711939316,0.9983695149421692,60.024252223120456,0
20,0.5561414417766395,0.5150658488273625,0.9992820024490356,0.5658338211831597,0.5423071611495249,0.9999315142631531,0.4553996140048622,0.4789932341802692,0.9974042773246765,0.4607604486601697,0.4858523919468838,0.9982529282569885,60.024252223120456,0
21,0.5565935713904249,0.5180338507606874,0.9992199540138245,0.5660541511717301,0.5459865132967635,0.9999203085899353,0.4557430474531087,0.47896864300682473,0.9973965287208557,0.46081197687557807,0.4852219834214169,0.9981826543807983,60.024252223120456,0
22,0.5566000455901741,0.5215123664765136,0.999008059501648,0.5660866981460939,0.5490825942584451,0.9998774528503418,0.45597257074855657,0.47850376509484827,0.9971250891685486,0.4612991142840616,0.4847199576241633,0.9977843761444092,60.024252223120456,0
23,0.5561320952006754,0.5247610296521872,0.9988077282905579,0.5662523877053038,0.5515061872346064,0.999848484992981,0.4560958019324715,0.4774234408424018,0.9968714714050293,0.4622875125635242,0.48421474723588886,0.9974712133407593,60.024252223120456,0
24,0.5553980583236335,0.5279880279586433,0.9986425638198853,0.5665481658208943,0.5529588687987559,0.999830961227417,0.4559325689361212,0.47604874627930815,0.9967783093452454,0.46343609974497874,0.4829629787376953,0.9973405599594116,60.024252223120456,0
25,0.5548614490599864,0.53113542568116,0.9985048174858093,0.5669794650304889,0.5530649877729874,0.9998226761817932,0.45612148585773693,0.4752797981103265,0.9966115951538086,0.4645099185761955,0.4816528005259382,0.9972046613693237,60.024252223120456,0
26,0.5543056016876589,0.5344015672093351,0.9982874393463135,0.5672853645824255,0.5538537842886793,0.9998000860214233,0.45657701009795815,0.47541402351288603,0.996224582195282,0.46541001257442327,0.48069051617667824,0.9967849254608154,60.024252223120456,0
27,0.553963008381072,0.5370870431264245,0.9981232285499573,0.5677587645394466,0.5553204275312882,0.9997804760932922,0.4568354345503311,0.4763682811033162,0.9958221316337585,0.46570887452080173,0.48024086157480916,0.9963193535804749,60.024252223120456,0
28,0.5535821119944259,0.5386198106266208,0.997967004776001,0.5682984874362043,0.5567526703789125,0.9997783303260803,0.45679031241507795,0.4774334331353509,0.9957255721092224,0.4661096476373222,0.480443378289541,0.9962891936302185,60.024252223120456,0
29,0.5531497512544908,0.5392373260997595,0.9978442788124084,0.569060291562762,0.5579808411144079,0.9997768998146057,0.45656117513066286,0.47879954179128054,0.995707094669342,0.4667007852168314,0.4812589358715788,0.9962889552116394,60.024252223120456,0
30,0.5530395507812504,0.5394991551126757,0.99772709608078,0.5697550631704789,0.5587999707176576,0.99977707862854,0.4562133167471208,0.4797144021306723,0.9956921935081482,0.4670643096878419,0.48160987666675065,0.996292233467102,60.024252223120456,0
31,0.5536783649807889,0.5399395199049091,0.9975928068161011,0.5703219799768362,0.5597706777708875,0.9997705221176147,0.4562747648784097,0.4808316656521392,0.9955379962921143,0.46702711638950206,0.48250431815783223,0.996181845664978,60.024252223120456,0
32,0.5545596508752737,0.5402817896434243,0.9975161552429199,0.570540152844929,0.561445534229279,0.99977046251297,0.456692443007515,0.48193392441386307,0.9953950047492981,0.4667976299921675,0.4841052989164992,0.996070921421051,60.024252223120456,0
33,0.5558239363488702,0.5403151739211314,0.9975025057792664,0.5707879350298931,0.5634223903928489,0.9997770190238953,0.45704037660644203,0.4827032032467074,0.9953591823577881,0.46640682504290665,0.4857882488341563,0.9960725903511047,60.024252223120456,0
34,0.5573181822186429,0.5401962683314373,0.9974367022514343,0.5711350611277993,0.5652353082384387,0.9997764229774475,0.4575449909482687,0.4832570581209096,0.9951819777488708,0.46608896624474333,0.4873243158771883,0.9959380030632019,60.024252223120456,0
35,0.5587661521775387,0.5402834614117944,0.9973446726799011,0.571626348154886,0.5665699896358313,0.9997715353965759,0.45820957280340685,0.4838223613443833,0.9948717355728149,0.46596581595284636,0.48868592863991184,0.9956963658332825,60.024252223120456,0
36,0.5603059218043378,0.5406766902832763,0.9973663687705994,0.5721217564174113,0.5676010080746247,0.9997753500938416,0.4590191174121134,0.4841947626499906,0.9945734739303589,0.4659631720611031,0.4895115168321704,0.9954768419265747,60.024252223120456,0
37,0.5619455434027176,0.5410262999080481,0.9973881840705872,0.5727195030166994,0.5686606736410237,0.9997793436050415,0.45990318485668763,0.48462414741516147,0.9942352175712585,0.4659895882720042,0.490350662242799,0.9952739477157593,60.024252223120456,0
38,0.5630973094985603,0.5412123316810249,0.9973136782646179,0.5731387592497331,0.5692371867951898,0.999772310256958,0.4607022972334003,0.48507264114561577,0.9936952590942383,0.46599153961454154,0.49116719336736814,0.9948784708976746,60.024252223120456,0
39,0.5637299248150421,0.5418001015981043,0.9972313046455383,0.5733861440703987,0.5696243728910177,0.9997601509094238,0.46124264172145335,0.485633906863985,0.9931766986846924,0.46599501087552064,0.49183894055230315,0.9944279789924622,60.024252223120456,0
40,0.5641042760440287,0.5433457011268257,0.9971051812171936,0.57348644733429,0.5701806346575424,0.9997402429580688,0.4617203218596326,0.4861415042763669,0.9920834898948669,0.46597483186494776,0.4923558746065416,0.9935486316680908,60.024252223120456,0
41,0.5644419846080603,0.5453099693570822,0.9969353675842285,0.5735166697275076,0.5706835247221451,0.9997180700302124,0.46208501004037444,0.4867257248787657,0.9906459450721741,0.465928198326202,0.49291185254142433,0.9924224019050598,60.024252223120456,0
42,0.5648640450977148,0.5472535377457033,0.9967901110649109,0.5735232489449642,0.5715618161928091,0.9996854662895203,0.4623040627865568,0.487749047222592,0.9894488453865051,0.4659021014258979,0.4937987668173658,0.9913925528526306,60.024252223120456,0
43,0.5653149542354406,0.5487358797164195,0.9967243075370789,0.5736435793695001,0.5724816521008814,0.9996709227561951,0.46255977238927604,0.4887323493049262,0.9890077114105225,0.46594274327868546,0.4945923047406337,0.9909369945526123,60.024252223120456,0
44,0.5654120218186156,0.5500371399379916,0.9966963529586792,0.5738162000974024,0.5730253628322062,0.9996658563613892,0.4628854805514929,0.4904689405645647,0.9888043403625488,0.4661705564884916,0.4954014108294536,0.9907663464546204,60.024252223120456,0
45,0.5654389602797376,0.5512933390481136,0.9966443181037903,0.5740655518713457,0.5736179522105631,0.9996589422225952,0.46325854886145856,0.4924333308424273,0.9885480403900146,0.4664575684638254,0.49603305828003696,0.9905550479888916,60.024252223120456,0
46,0.5659139525322692,0.5524179452941536,0.9965613484382629,0.5743522700809303,0.5745187515304206,0.9996492266654968,0.46394473030453676,0.4938662435327262,0.9879423379898071,0.46692886948585544,0.4965910627728421,0.9901737570762634,60.024252223120456,0
47,0.5668110364959358,0.5535681077412201,0.9964929223060608,0.5746266245841984,0.5753353947684883,0.9996333122253418,0.4649149065925965,0.49455679882140424,0.9874345064163208,0.46738935652233343,0.4969328982489454,0.989801824092865,60.024252223120456,0
48,0.5676430889538361,0.5548276929628286,0.9964515566825867,0.5748117537725544,0.5762522362527398,0.9996183514595032,0.46574782899447886,0.49477755455743744,0.9875710606575012,0.4677394302118396,0.4973599456605461,0.9897930026054382,60.024252223120456,0
49,0.5681220747175676,0.5555661519368493,0.9963852763175964,0.5750311300868085,0.5767881444522318,0.999602198600769,0.4663123431659884,0.49440650570960315,0.9872966408729553,0.4679472361292162,0.4975063346681145,0.98945552110672,60.024252223120456,0
50,0.5680449633371267,0.5562019802275162,0.9962627291679382,0.5752405921618149,0.5768730640411381,0.9995889067649841,0.4665209650993351,0.49435510096095897,0.9872827529907227,0.46808638884907716,0.4975112591470995,0.9894068241119385,60.024252223120456,0
51,0.5677789052327478,0.5566489951951168,0.9961664080619812,0.5755277162506471,0.5766586292357676,0.9995860457420349,0.4663778756346025,0.49423063085192764,0.987409770488739,0.46803778693789566,0.49719709441775406,0.9894847869873047,60.024252223120456,0
52,0.5676481298037942,0.5564682994570055,0.9961012005805969,0.575841781638918,0.5763335653713776,0.9995821714401245,0.4662185864789149,0.49437640820230794,0.9874621033668518,0.46813521640641387,0.49705215437071704,0.9894737005233765,60.024252223120456,0
53,0.5675496600923089,0.5563993737811139,0.9960193634033203,0.5760901967684433,0.5758980512619023,0.9995752573013306,0.46618484173502284,0.49485714662642744,0.9872328042984009,0.46826202103069886,0.49690865476926205,0.9892702102661133,60.024252223120456,0
54,0.5674969837779095,0.5564622027533399,0.9959749579429626,0.5762285249573849,0.5754501195180988,0.9995660185813904,0.46618575283459296,0.49551192209834183,0.9867700338363647,0.4683683855193006,0.4968787289801102,0.9889435172080994,60.024252223120456,0
55,0.5673875212669377,0.556352677799407,0.9959946274757385,0.5763242216337299,0.5748800067674551,0.9995663166046143,0.4661789082345512,0.4961046306859883,0.9866730570793152,0.4684369620822728,0.49691657225290975,0.9889401197433472,60.024252223120456,0
56,0.5672765714781629,0.5561398381278633,0.995975136756897,0.5763477115404043,0.5744698757217048,0.9995615482330322,0.46613137778781744,0.4963741557938716,0.9866696000099182,0.4684607273056397,0.4969315727551782,0.988990068435669,60.024252223120456,0
57,0.5671492843400869,0.5559247079349704,0.9959670901298523,0.5763915692056932,0.5738895620618552,0.9995653033256531,0.4660941830703194,0.4963907684598654,0.9867063760757446,0.4684798419475559,0.4968881706396743,0.9891725182533264,60.024252223120456,0
58,0.5670194824536646,0.5558264681271149,0.9959766864776611,0.5764321344239376,0.5734164629663745,0.9995681047439575,0.46609619401750146,0.4964802449657807,0.9868760704994202,0.4685585725875132,0.49703008646056807,0.9893937110900879,60.024252223120456,0
59,0.5670390072323032,0.5550948069209148,0.9960602521896362,0.5764675339063013,0.5731688652719775,0.999580442905426,0.46619863737197187,0.49666501368795163,0.9871671199798584,0.46865441827547016,0.4977705492859799,0.9897180795669556,60.024252223120456,0
60,0.5671882146880745,0.5539333564894544,0.99598228931427,0.5765027943111606,0.5728733057067512,0.999580979347229,0.4662246874400552,0.4968638675553462,0.9872428178787231,0.46870731314023373,0.4987890876474838,0.9898955821990967,60.024252223120456,0
61,0.5673247916357862,0.5522847062065492,0.9958897829055786,0.5765308539072678,0.5724800512904217,0.9995756149291992,0.46602787290300685,0.49698816452707606,0.9871508479118347,0.4687046479611173,0.4997458259264632,0.9899488687515259,60.024252223120456,0
62,0.5674058340844659,0.550662858145578,0.995974600315094,0.5765357925778348,0.5721532901128137,0.9995846152305603,0.46562040845553115,0.4971860789117363,0.9874374270439148,0.4687210704599112,0.5003239853041517,0.9902176260948181,60.024252223120456,0
63,0.5674207409222926,0.5492817277000068,0.9960930347442627,0.5765659667196732,0.5717473682903113,0.9995962381362915,0.46493153345017246,0.49761489601362363,0.987803041934967,0.4685935789630531,0.5004924904732482,0.990495502948761,60.024252223120456,0
64,0.5673428717113681,0.5484937003680643,0.9962199926376343,0.576610074156807,0.5714572781608223,0.9996124505996704,0.4641000145957587,0.4980556084996182,0.9881591200828552,0.46833091974258456,0.5004711236272543,0.9907911419868469,60.024252223120456,0
65,0.5673417761212307,0.5471625157764983,0.9961488246917725,0.5766229771432427,0.5713108522551404,0.9996005296707153,0.46335911466961854,0.4982737231822245,0.9880902767181396,0.4679329182420462,0.5007743580000745,0.9907233715057373,60.024252223120456,0
66,0.5672829945882166,0.5459670310928713,0.996270477771759,0.5765998846008669,0.5712502229781382,0.9996187686920166,0.4627241251014531,0.49832163680167463,0.9885234832763672,0.4674161133312048,0.5011840207236158,0.9910866022109985,60.024252223120456,0
67,0.5671329384758363,0.544988231999534,0.9964430928230286,0.5765669090407239,0.5710082905633114,0.9996408224105835,0.4622836240700317,0.49829182738349587,0.9891899228096008,0.4669703500611445,0.5014998997960776,0.9916083216667175,60.024252223120456,0
68,0.5668242744037087,0.5445187943322323,0.9965344667434692,0.5765136054583962,0.5705837408701584,0.9996544718742371,0.46202612774712737,0.4987239596389593,0.989452600479126,0.4667422785645443,0.5017530123392745,0.9918655753135681,60.024252223120456,0
69,0.5663918285142813,0.5443917314211532,0.9966210722923279,0.5764688111486893,0.5699830395834791,0.9996679425239563,0.4617391214484264,0.4996638936655866,0.989825427532196,0.46657283249355536,0.5019885415122627,0.992203414440155,60.024252223120456,0
70,0.5660587577592764,0.5447336946214952,0.99665766954422,0.5764715586389819,0.5693408534640363,0.9996727705001831,0.46160829492977723,0.5007543379352211,0.9898829460144043,0.466515707118171,0.5021540380659562,0.9923178553581238,60.024252223120456,0
71,0.5659104358582274,0.5448824252401083,0.9967008829116821,0.5764850207737519,0.5689308558191576,0.9996771812438965,0.4616884291172031,0.501717974742254,0.9898448586463928,0.4665711578868688,0.5029290488788064,0.992353081703186,60.024252223120456,0
72,0.5659512622015821,0.5448491601716909,0.9967642426490784,0.5765081019628621,0.5688959303356357,0.9996907711029053,0.46200229014669186,0.5023260343642466,0.9897399544715881,0.46665049166906486,0.5043528079986577,0.9923930168151855,60.024252223120456,0
73,0.5660894853728162,0.5446787050792153,0.996772289276123,0.5765643942923777,0.5688222930544904,0.9997043609619141,0.4624075080667227,0.5024372452781318,0.9896880984306335,0.46674970360029344,0.5057229967344379,0.9924397468566895,60.024252223120456,0
74,0.5662125888324924,0.5444616192863105,0.9968295693397522,0.5766081015268967,0.5688094354811173,0.999716579914093,0.4626986767564505,0.5025145127659756,0.9899280071258545,0.46679880363600634,0.5074137818245665,0.9926414489746094,60.024252223120456,0
75,0.5661665059271317,0.5442798024132143,0.9969311356544495,0.5766192475954696,0.5686548295475192,0.9997301697731018,0.4627773861090346,0.5029827980768118,0.9901280999183655,0.4668931478545783,0.5088317082041789,0.9928444623947144,60.024252223120456,0
76,0.5660647636368166,0.5441953142484033,0.9969502687454224,0.5766196534747173,0.5683783406303047,0.9997333884239197,0.46276429579371536,0.5035894740195506,0.9899532794952393,0.4669818239552638,0.5095731899851849,0.9928355813026428,60.024252223120456,0
77,0.5658232825143001,0.5443278295653211,0.9969921708106995,0.5766212457702278,0.5680766985529949,0.9997369647026062,0.4626945768083849,0.5044723777543936,0.9900919795036316,0.46711967246873076,0.5100506771178477,0.9930025339126587,60.024252223120456,0
78,0.5657085123516269,0.5444300032797318,0.9970636963844299,0.5766346993900485,0.567925876095182,0.9997444152832031,0.4626689652601882,0.5054592915943694,0.9903055429458618,0.467235461586998,0.5103444144839336,0.9932218194007874,60.024252223120456,0
79,0.5656983824003314,0.5442449081511729,0.997139573097229,0.576658544086275,0.5676300923029587,0.9997531771659851,0.4625083179700946,0.5061225011235195,0.9905000925064087,0.4672784734339945,0.5101670253844492,0.9934412240982056,60.024252223120456,0
80,0.5658926339376544,0.5438740650812789,0.9971829652786255,0.576699432872591,0.5671937408901401,0.9997586607933044,0.4622719685236617,0.5065003009069537,0.9904748201370239,0.46712632832073064,0.5102235532942276,0.9935054183006287,60.024252223120456,0
81,0.5662259090514414,0.5434756222225375,0.9972037076950073,0.5767405856223338,0.5663454277174818,0.9997621774673462,0.4620850270702729,0.5067055055073333,0.9903770089149475,0.466739681505022,0.5101943668865027,0.9935420155525208,60.024252223120456,0
82,0.5665711476689298,0.5430553810937069,0.9971872568130493,0.5767638427870618,0.5654183966772901,0.9997534155845642,0.4619799951712294,0.5067304457936972,0.9902022480964661,0.46624417248226385,0.5101830420039953,0.9934744834899902,60.024252223120456,0
83,0.5667098107792087,0.5428158357029874,0.9971787929534912,0.5767609931173783,0.5646559851510189,0.9997490048408508,0.46196101109186843,0.5067021733238588,0.9899962544441223,0.46576189569064586,0.5101793947673983,0.9933993220329285,60.024252223120456,0
84,0.5669351021448776,0.542642264139085,0.9971664547920227,0.5767904889015929,0.5643453172275003,0.9997451305389404,0.462039281924566,0.5067780727431892,0.9897186160087585,0.46537708810397593,0.5105252691677642,0.993310272693634,60.024252223120456,0
85,0.5670972892216278,0.5425631176857726,0.9971135258674622,0.576814018544697,0.564293952215286,0.9997259378433228,0.46202543235960497,0.5072047625269213,0.989061176776886,0.4651985636779244,0.5111610690752669,0.9929230213165283,60.024252223120456,0
86,0.5673184678668072,0.5427263237181168,0.9970375895500183,0.5768843946002784,0.5644758088248121,0.9997108578681946,0.4622154945418952,0.5079359667641781,0.9882538318634033,0.4652078818707243,0.5118744770685836,0.99254310131073,60.024252223120456,0
87,0.5675474064690731,0.5430305117652534,0.9970436692237854,0.5769579552468804,0.564571355070387,0.9996986985206604,0.46244818114099084,0.508753271329971,0.9876415729522705,0.4652208430426465,0.512287747292292,0.9922499060630798,60.024252223120456,0
88,0.5677281391052977,0.543483016036806,0.9969831109046936,0.5771121269180666,0.5646770710036872,0.9996733069419861,0.4626377679052811,0.5097502555165976,0.9865894913673401,0.4653109084992185,0.5123813492911207,0.991542637348175,60.024252223120456,0
89,0.5678553269022992,0.5441129264377417,0.9970144629478455,0.5773042184965956,0.5648923033759712,0.9996591210365295,0.46278341043563154,0.5106037486167185,0.986381471157074,0.46537578389758194,0.5121642180851532,0.9913806319236755,60.024252223120456,0
90,0.5680189586821062,0.5445164811043517,0.9970494508743286,0.5775295439220615,0.5651560596057351,0.9996514320373535,0.46272274993714874,0.5111068770999004,0.9860810041427612,0.4652956568059471,0.5121338339078998,0.9911443591117859,60.024252223120456,0
91,0.5681080250512991,0.5449340286709018,0.9970433115959167,0.5776965419451401,0.5653969645500188,0.9996394515037537,0.46248983059610677,0.5113528683072049,0.9855278134346008,0.46513513865925055,0.5121052634148375,0.9907325506210327,60.024252223120456,0
92,0.5681463593528389,0.5452420370919369,0.9970609545707703,0.5777984147980104,0.5656159406616579,0.9996297955513,0.46239236422947516,0.5116508631479176,0.9855048656463623,0.46497488163766443,0.5125490568933038,0.9906697869300842,60.024252223120456,0
93,0.5680752850714188,0.5452944664728079,0.9970760941505432,0.5778128164155147,0.565708560603006,0.9996132254600525,0.4622507294019067,0.5120690890720916,0.9851901531219482,0.46483844092914073,0.5133946594737829,0.9902709722518921,60.024252223120456,0
94,0.5679965586889362,0.5453108747800195,0.9970718622207642,0.577838486149198,0.565697122187842,0.9996052980422974,0.46219386089415815,0.5126411943208607,0.9852405786514282,0.4647798566591176,0.5146145451636546,0.9902054667472839,60.024252223120456,0
95,0.5679703212919694,0.5453683081127353,0.9970725178718567,0.5778486927350366,0.5658070019313272,0.999603807926178,0.462162982849848,0.5133073102860228,0.9852551817893982,0.4647947336946219,0.5158622520310543,0.9901726841926575,60.024252223120456,0
96,0.5679361224174504,0.5453060666720078,0.997061550617218,0.5778687397638962,0.5659357593173077,0.9995995163917542,0.4620227075758438,0.5138749224799024,0.9847397208213806,0.46484016094888997,0.5171374082565312,0.9897704124450684,60.024252223120456,0
97,0.5678988468079345,0.5451924403508509,0.9970637559890747,0.5778789094516215,0.5659731796809611,0.9995922446250916,0.4616276749542785,0.5141186629022875,0.9849438071250916,0.4645653395425709,0.5178065385137289,0.98984295129776,60.024252223120456,0
98,0.5679121358054029,0.545051134767987,0.9969642758369446,0.5778804109210064,0.5658288427761626,0.999576210975647,0.46115156582423655,0.5144428923016506,0.9845930933952332,0.4640630270753592,0.5182208872976761,0.9895535111427307,60.024252223120456,0
99,0.5679679796809247,0.5448535652387714,0.9969698786735535,0.577880944524493,0.5656160627092638,0.99957674741745,0.4606962970324929,0.5147753386270436,0.9847990870475769,0.46339170989536144,0.5183897046815785,0.9896048903465271,60.024252223120456,0
100,0.5680518945058192,0.5445688537188943,0.9969541430473328,0.5779102586564568,0.5652153946104508,0.9995604157447815,0.460420450993947,0.5149573967570354,0.984745979309082,0.4627116904372265,0.518441342172169,0.9893906712532043,60.024252223120456,0
101,0.5681062255586902,0.5442980158896678,0.9969208240509033,0.5779452409063072,0.5648951615606039,0.9995437860488892,0.4602873793670113,0.5150548333213447,0.9844892621040344,0.4622286373660682,0.5182934091204693,0.98911452293396,60.024252223120456,0
102,0.5681744161106297,0.5440978861990433,0.9969081878662109,0.5779948972520379,0.5646785866646544,0.9995352029800415,0.4602018126419616,0.5151994398662026,0.984219491481781,0.46197164910180266,0.5183053186961587,0.9888313412666321,60.024252223120456,0
103,0.5682736833890284,0.543968762670245,0.9969485998153687,0.5780544082323715,0.5644464946928484,0.9995346665382385,0.4600078335830147,0.5151368918873018,0.9842094779014587,0.46165070789200957,0.5182444339706789,0.9887842535972595,60.024252223120456,0
104,0.5684358080228173,0.5437499142828446,0.9968864917755127,0.5781149523598812,0.5642267068227137,0.9995049834251404,0.45961966968718065,0.5145183035305572,0.984061598777771,0.4612870713075006,0.518061532860711,0.9885841608047485,60.024252223120456,0
105,0.5685908879552574,0.5434364562942873,0.996805727481842,0.5781600560460777,0.5639992923963641,0.9994738698005676,0.45905328648431,0.513421407767705,0.9838709235191345,0.46080026456287965,0.5177152554194137,0.9883152842521667,60.024252223120456,0
106,0.5686928402809874,0.543124221620106,0.9967673420906067,0.5781906076839997,0.5637084245681767,0.9994693398475647,0.45847435508455586,0.512165827410562,0.9835855960845947,0.4602291172459016,0.5173233264968513,0.9881125688552856,60.024252223120456,0
107,0.5687076080413096,0.5431426366170251,0.9967242479324341,0.5781761748450147,0.5634561436516903,0.9994534254074097,0.4581483588332225,0.5116556286811833,0.9830187559127808,0.4597563473951253,0.5170245936938699,0.9875820875167847,60.024252223120456,0
108,0.5686955593881158,0.5434692047891166,0.9967025518417358,0.5781110808962873,0.5633744824500315,0.9994449615478516,0.45802584006672853,0.5120935383297153,0.9825528264045715,0.4594424295993082,0.5169349057333814,0.9872042536735535,60.024252223120456,0
109,0.5687475403149927,0.5439538104193555,0.996688723564148,0.5780372392563597,0.5634014294261029,0.9994373917579651,0.4582086148716158,0.5132187945502149,0.9823745489120483,0.45927129331089234,0.5170040669895357,0.9869553446769714,60.024252223120456,0
110,0.5686978924842112,0.5443153807095124,0.9966859817504883,0.5779823093187246,0.5635208146912716,0.9994417428970337,0.45847859269096775,0.5146599014600122,0.9824235439300537,0.45943681682859183,0.5171681528999696,0.9869673252105713,60.024252223120456,0
111,0.5685823247546246,0.5444931416284474,0.9967321157455444,0.5779594041052323,0.5635999696595333,0.9994508028030396,0.458737732399078,0.5158875102088569,0.9824996590614319,0.45978275651023537,0.5171915037291395,0.9870805740356445,60.024252223120456,0
112,0.5683953932353434,0.5445482049669542,0.9967308640480042,0.5779570483026055,0.5637105107307439,0.9994571805000305,0.458929443643207,0.5165965926079528,0.9822106957435608,0.46015838214329347,0.5170915921529138,0.9870133399963379,60.024252223120456,0
113,0.5681845829600385,0.5446028908093774,0.9967741966247559,0.5779606330962412,0.5636895327340994,0.9994583129882812,0.45911077374503767,0.517098154340472,0.9821755886077881,0.4605010974974863,0.51692161105928,0.9869129657745361,60.024252223120456,0
114,0.5680058853966854,0.5445598704474317,0.9968324899673462,0.577960814748492,0.5636545561608819,0.9994702935218811,0.45918573226247555,0.5171115114575344,0.982055127620697,0.46070343397912566,0.5167605053810851,0.9868563413619995,60.024252223120456,0
115,0.5679419977324354,0.5444271536100482,0.996924102306366,0.5779585384187249,0.5635827552704589,0.9994855523109436,0.45914199096815966,0.5168697578566419,0.9821439981460571,0.4606179311161953,0.5166181836809435,0.9870063066482544,60.024252223120456,0
116,0.5678606090091528,0.5443103370212378,0.9969485998153687,0.5779622112001697,0.5634979634057913,0.9995018839836121,0.45905843944776664,0.5167823519025534,0.982186496257782,0.4605673367068885,0.5165653086843949,0.9871554970741272,60.024252223120456,0
117,0.567840437094371,0.5442741172654293,0.9969571232795715,0.5779569035484682,0.563430874120622,0.9995068907737732,0.4590215015979044,0.5167124328159154,0.9821135997772217,0.4605234903948651,0.5164656837781274,0.9871394038200378,60.024252223120456,0
118,0.5675817841575264,0.544125738598052,0.9970117807388306,0.5779083910442538,0.5634254642895294,0.9995185732841492,0.4588724388962704,0.516666656448728,0.9824218153953552,0.4604470729827885,0.5164361539341159,0.9874229431152344,60.024252223120456,0
119,0.5671729587373284,0.5437658088547848,0.9970363974571228,0.5778149990808401,0.5633871101197747,0.9995260834693909,0.45856569494519955,0.5166085390817556,0.9825781583786011,0.46034554356620466,0.5164455629530411,0.9875868558883667,60.024252223120456,0
120,0.5667448469570708,0.543303923947471,0.9970821738243103,0.57765805721283,0.5633514438356677,0.9995427131652832,0.45814518275715094,0.5165972624506273,0.9826962947845459,0.46019236814408115,0.516569086483547,0.987845778465271,60.024252223120456,0
121,0.5663811025165381,0.542916820162819,0.9971238970756531,0.5774757521493099,0.5633220502308441,0.9995547533035278,0.45759330902780837,0.5169410819099067,0.9826072454452515,0.4599266094820844,0.5166843391600113,0.9879785776138306,60.024252223120456,0
122,0.5661901604561583,0.5427193982260572,0.997120201587677,0.577314518746876,0.5633294468834291,0.999555230140686,0.4571599406855451,0.5174522570201333,0.9824033975601196,0.4596355841273357,0.5168001623380756,0.9878745079040527,60.024252223120456,0
123,0.5662203601428445,0.5428723494211838,0.9971680045127869,0.5771903537568597,0.5632848257110237,0.9995592832565308,0.4570904686337429,0.5180290369760427,0.9824686646461487,0.4594831324758987,0.517156424976531,0.9878606200218201,60.024252223120456,0
124,0.5661773454575316,0.5430919982138138,0.9971898198127747,0.5770497407232016,0.5633535867645632,0.9995575547218323,0.45721906707400406,0.518378561451322,0.9823970794677734,0.4594982635407225,0.5177815783591502,0.9876866340637207,60.024252223120456,0
125,0.5661253389858069,0.5432435018675672,0.9972335696220398,0.5769074757893885,0.5635905748321901,0.999565839767456,0.4574214291004911,0.5184184539885752,0.9822645783424377,0.45965715958958614,0.5186350771359038,0.9876437187194824,60.024252223120456,0
126,0.5661015936306549,0.5433082041286291,0.9972925186157227,0.57675523133505,0.5640099701427282,0.9995759129524231,0.4575995377131874,0.5182187500454135,0.9824733734130859,0.4598466328212196,0.5194914568038218,0.987810492515564,60.024252223120456,0
127,0.5660135178338919,0.5434105254354935,0.997312068939209,0.5766226791200189,0.5644662664050153,0.9995837211608887,0.45764860936573615,0.5180341204007471,0.9823168516159058,0.4599664665403824,0.520062020846776,0.9877761602401733,60.024252223120456,0
128,0.5658226722762703,0.5434953939347045,0.9973355531692505,0.576531711078826,0.5648432771364853,0.9995962977409363,0.4575538677828656,0.517910032045274,0.9823322892189026,0.4599844415982568,0.520270080793472,0.9879328608512878,60.024252223120456,0
129,0.5655564183280586,0.5436210916155865,0.9973328113555908,0.5764916681108025,0.5649907588958745,0.9996095895767212,0.45738493828546467,0.5176361345109489,0.9822382926940918,0.45994609026681843,0.5203021651222597,0.9881235957145691,60.024252223120456,0
130,0.5652925627572201,0.543746874445961,0.9973121881484985,0.5764727933066237,0.5650161987259279,0.9996191263198853,0.4572671069985348,0.5170724363554096,0.9824579358100891,0.4600020632857372,0.5200620776131044,0.9884366393089294,60.024252223120456,0
131,0.564959307511648,0.5437917283603128,0.9973308444023132,0.5764502627508985,0.5649669794809256,0.9996327757835388,0.4570370387463346,0.5165610540480845,0.9827980995178223,0.4600813445590795,0.5200939462298444,0.9888285994529724,60.024252223120456,0
132,0.564667696044559,0.543736080328624,0.9973904490470886,0.5764044835453946,0.5649304219654633,0.9996460676193237,0.4566673920268108,0.5159985792069213,0.9833961725234985,0.4600595079717186,0.5202642792747139,0.9893059134483337,60.024252223120456,0
133,0.5643917889822101,0.5437136576289228,0.997421145439148,0.5763296257881896,0.5648884716488071,0.9996594190597534,0.4562888471853169,0.5156212903204422,0.9838398694992065,0.45997331965537336,0.5205029930387228,0.989713191986084,60.024252223120456,0
134,0.5641291624023805,0.5437214715140211,0.9974222779273987,0.5762558636211219,0.5648605170704074,0.9996647238731384,0.45593443938664063,0.5157495226178854,0.9840671420097351,0.4598550072738106,0.5208477633340022,0.9899634122848511,60.024252223120456,0
135,0.5639553637731648,0.5437627605029519,0.9974122047424316,0.5761869805199764,0.5648387613750644,0.9996721148490906,0.4557020011402315,0.5159750240189693,0.9839365482330322,0.45973925079618216,0.5210945549465366,0.9900652766227722,60.024252223120456,0
136,0.5640321742920653,0.5437030962535317,0.9974216222763062,0.5761247617857802,0.5648446452049987,0.9996801018714905,0.45577488201005156,0.5158890372230898,0.9841121435165405,0.45964132178397443,0.5211730542637056,0.9902688264846802,60.024252223120456,0
137,0.5641657880374369,0.5434553793498452,0.9974654912948608,0.5760749266261151,0.5648288215909689,0.9996855854988098,0.4558860858281457,0.5153830363636929,0.9842386245727539,0.4595403004260294,0.5213146181333637,0.9903782606124878,60.024252223120456,0
138,0.5642813131922771,0.5431733188175024,0.9974972605705261,0.5759915028299609,0.5647512617565341,0.9996901154518127,0.45583953601973437,0.5149374036561879,0.983612596988678,0.4593664010365808,0.521429090272813,0.990082859992981,60.024252223120456,0
139,0.5643218613806229,0.542963096073696,0.9974428415298462,0.5759041195824037,0.5647037823994959,0.9996886849403381,0.4557093892778673,0.5152083692096533,0.9827019572257996,0.4592785054729102,0.5218176756586351,0.9896882772445679,60.024252223120456,0
140,0.5642972560155964,0.5428982121603834,0.997394323348999,0.5758511878195267,0.5646882851918543,0.9996867179870605,0.4556202959446684,0.516338515849341,0.9822713732719421,0.4593263140746529,0.5225256908507578,0.9895973801612854,60.024252223120456,0
141,0.5642144708406363,0.5429648728597736,0.9974427223205566,0.5758304510797778,0.5646616220474248,0.9996939897537231,0.4554155923071365,0.5176811871074498,0.9825298190116882,0.45948009689648983,0.5229959544681372,0.9898619651794434,60.024252223120456,0
142,0.5642302575565524,0.5429878887676062,0.9973782896995544,0.5758310215813778,0.5647521615028386,0.9996865391731262,0.4552311542488283,0.5192032995678133,0.9811460375785828,0.45958168307940206,0.5239937050001966,0.9893726110458374,60.024252223120456,0
143,0.5641556807926728,0.5429807106653854,0.9973512291908264,0.5757710990451637,0.5648814212708251,0.9996820688247681,0.4550653128396901,0.5206058649789723,0.9809361696243286,0.45964412745975347,0.5251287278674902,0.9893831610679626,60.024252223120456,0
144,0.5639773862702511,0.5430487990379338,0.9973395466804504,0.5756350216411414,0.5650355957803277,0.9996844530105591,0.4548761504037043,0.5222605665524804,0.9809025526046753,0.45964341078485804,0.5261435026214241,0.989512026309967,60.024252223120456,0
145,0.5638052310262411,0.5432467063268029,0.9972832202911377,0.5754988108362475,0.5652974304698768,0.9996793866157532,0.4547633486134669,0.5241297086079919,0.980492115020752,0.4596872996716276,0.5272383973712017,0.989452600479126,60.024252223120456,0
146,0.5636871059735621,0.5434014712061205,0.9971761703491211,0.5754002020472577,0.565556489285969,0.9996665120124817,0.45477409164110855,0.5256686920211433,0.979489803314209,0.45967054225149645,0.5283412990115941,0.989154577255249,60.024252223120456,0
147,0.5636520045144222,0.5434219496590755,0.9970740079879761,0.5754108741169889,0.5654427040190928,0.999648928642273,0.45482536156972286,0.5263768519674032,0.9786903262138367,0.4596503887857713,0.5289341211318974,0.9888466596603394,60.024252223120456,0
148,0.5637392657143734,0.5432121186029348,0.9969084858894348,0.5754222727957231,0.5651335176967445,0.9996286630630493,0.45494669391995424,0.5261920378321697,0.9783143997192383,0.4593443998268676,0.529629352546874,0.9887807369232178,60.024252223120456,0
149,0.5637645863351373,0.5428570764405392,0.9968385696411133,0.5752731675193428,0.5645823790913541,0.9995996952056885,0.4550844856670928,0.5253733538445976,0.9783795475959778,0.45882637443996643,0.5295595469928926,0.9887021780014038,60.024252223120456,0
150,0.5637760616484147,0.5422801971435551,0.9968717098236084,0.5750010694776266,0.563950053283147,0.9995815753936768,0.4552406469980879,0.5238264401753748,0.9786021113395691,0.45821853904497095,0.5286869832447602,0.9886056184768677,60.024252223120456,0
151,0.5638242250397096,0.5412889094579791,0.9969455599784851,0.5747142973400302,0.5634728613353915,0.9995753169059753,0.45538352926572206,0.5219443724268964,0.9793115258216858,0.4577198979400457,0.5272213816642766,0.9889318346977234,60.024252223120456,0
152,0.5638927590279357,0.540237753164201,0.9970521926879883,0.5744278771536695,0.5632438517752152,0.9995733499526978,0.45548926648639537,0.5202607455707735,0.9801701903343201,0.4573758741219842,0.5254967297826498,0.9892594218254089,60.024252223120456,0
153,0.5639800060363047,0.5390645804859348,0.997121274471283,0.574219873973302,0.563042745703743,0.9995625019073486,0.45573505475407594,0.5184150763920379,0.981013834476471,0.4573427992207667,0.5232470659982594,0.9895678162574768,60.024252223120456,0
154,0.5639055683499296,0.5381922097433185,0.9971882104873657,0.5739655579839438,0.5630829703240172,0.9995533227920532,0.45600997266315313,0.5156481606619703,0.9819653630256653,0.45731859973498795,0.5207819825127016,0.9899226427078247,60.024252223120456,0
155,0.5636930863062546,0.5376219068254747,0.9972420334815979,0.573693692684174,0.5631172884078257,0.9995457530021667,0.4562513700553353,0.5123196017174498,0.9826912879943848,0.4573786826360797,0.5175203226861503,0.9901007413864136,60.024252223120456,0
156,0.5634975035985316,0.5371411158925015,0.9973013997077942,0.5733381367865067,0.5633054744629638,0.9995421171188354,0.4568760451816381,0.5073401189985733,0.9837948679924011,0.4574721923896248,0.5131564793132604,0.9905268549919128,60.024252223120456,0
157,0.5635942135538379,0.5357649922370915,0.9973814487457275,0.5728885048911689,0.5637650915554596,0.999538242816925,0.45795823846544575,0.5013962884744012,0.9848406910896301,0.45772303427968747,0.5086571063314169,0.9909276962280273,60.024252223120456,0
158,0.5639429546537857,0.5343143287159152,0.9973259568214417,0.572326242923737,0.5643993076824011,0.9994601011276245,0.459094508772805,0.49539511118616414,0.98565274477005,0.4580414990584059,0.5038971177169259,0.9910445809364319,60.024252223120456,0
159,0.5643135224069873,0.532930365630559,0.997230052947998,0.5717903829756241,0.5650404095649724,0.9993886351585388,0.46002711284728315,0.4906764243330278,0.9863645434379578,0.45857076701663824,0.4996549884478255,0.991213858127594,60.024252223120456,0
160,0.5644043797538398,0.532197889827547,0.9972119927406311,0.57130701768966,0.5654586752255762,0.9993515014648438,0.46044265372412585,0.48707051220394354,0.9870869517326355,0.4591158656846913,0.4961870511372888,0.9914167523384094,60.024252223120456,0
161,0.5642736724444803,0.5320304007757282,0.9972211718559265,0.5709329616455809,0.5657190538588028,0.9993497729301453,0.4603046476840977,0.485010921955109,0.9875392913818359,0.4595026317096895,0.4938348020826071,0.9914384484291077,60.024252223120456,0
162,0.5639396508534754,0.5323137357121426,0.9971957802772522,0.5706635117530827,0.5659736877395998,0.999332070350647,0.4600119434651878,0.4838951002983824,0.9881751537322998,0.45977138337634893,0.492454846700033,0.9916423559188843,60.024252223120456,0
163,0.5636098526773003,0.5327184796333317,0.9971450567245483,0.5704776928538373,0.5663269275710701,0.9993137717247009,0.4598060690221336,0.4837772548198704,0.9886146783828735,0.4601751565933231,0.49238602746100696,0.9916787147521973,60.024252223120456,0
164,0.5633941179230104,0.5334055338587085,0.9970521330833435,0.5703415132704239,0.5667769227709094,0.9993007779121399,0.45975184014865367,0.4838983799730032,0.9887958765029907,0.4605293231351039,0.49325959171567685,0.9916252493858337,60.024252223120456,0
165,0.563084063075838,0.5340728731382466,0.9969462752342224,0.5703610948153909,0.5669598579406743,0.9993098974227905,0.45947447986829887,0.48499218197096,0.9888926148414612,0.46098929217883555,0.4946573944318866,0.9915827512741089,60.024252223120456,0
166,0.5628129470916026,0.5346222832089382,0.9969042539596558,0.5705126013074607,0.566656004814875,0.9993220567703247,0.45904158694403546,0.48646038486844057,0.9891233444213867,0.46119880676269565,0.49591902466047416,0.9917031526565552,60.024252223120456,0
167,0.562770301387424,0.5351106921831771,0.9968265891075134,0.5707122456459777,0.5662607579004202,0.9993183612823486,0.45863915483156875,0.4882007652804969,0.9891612529754639,0.4609780723140357,0.4982622492881052,0.9917296171188354,60.024252223120456,0
168,0.5628271017755786,0.5366670915058686,0.9967707395553589,0.5709950044041593,0.5657990120706109,0.9993253350257874,0.45802470048268673,0.49271855467841785,0.9886847138404846,0.4605013515268057,0.5020695797034677,0.9914836883544922,60.024252223120456,0
169,0.5628971343948732,0.5391471527871636,0.9966225624084473,0.5712876660483228,0.5654868029412774,0.9993170499801636,0.45744447055317145,0.4992093741893772,0.9869353175163269,0.4600990457194196,0.5071096037115373,0.990598738193512,60.024252223120456,0
170,0.5630733370780949,0.5423458559172498,0.996299684047699,0.571483331067222,0.5659594620977134,0.9992790818214417,0.45717657605807027,0.5070379206112456,0.9842244982719421,0.4595738351345066,0.5138740340868636,0.9893766045570374,60.024252223120456,0
171,0.5632757856732328,0.5448072382381989,0.9960947036743164,0.5716216450645815,0.5667569098018469,0.9992781281471252,0.4569294225601927,0.5144268884545284,0.9822481870651245,0.4591131792182018,0.5210010608037317,0.9886701107025146,60.024252223120456,0
172,0.5635227078483223,0.5465709112939384,0.9958952069282532,0.5717054491951357,0.5676279238292153,0.9992761611938477,0.45678470957846906,0.5214732090632125,0.9812059998512268,0.45849432547887203,0.5273300863447647,0.9883909225463867,60.024252223120456,0
173,0.5638169617879963,0.548137608028594,0.9955391883850098,0.5717097946575714,0.5684835995946615,0.9992716312408447,0.456778473797299,0.5284150555020292,0.9784791469573975,0.4577306210994724,0.5335976112456553,0.9875267148017883,60.024252223120456,0
174,0.5640539328257247,0.5501651139486408,0.995475172996521,0.5718206507819044,0.5692619113695059,0.9992855787277222,0.45665377236547966,0.536279888380142,0.9771063923835754,0.45710443598883527,0.5396009286244715,0.9870039820671082,60.024252223120456,0
175,0.5641789521489828,0.5517056669507712,0.995193362236023,0.5720406884238838,0.5696059692473643,0.9992883801460266,0.45653237757228704,0.5437636488959907,0.9746575951576233,0.45645074759210896,0.5469365460532056,0.98613440990448,60.024252223120456,0
176,0.5641996945653647,0.5527562044915704,0.9950621128082275,0.5722449563798455,0.5698764352571402,0.9993060231208801,0.4563031764257526,0.5511604831332256,0.9741660356521606,0.4557608805951622,0.5547769665718083,0.9861822724342346,60.024252223120456,0
177,0.5643091570763366,0.5526295588130047,0.9948762655258179,0.5725651553698954,0.568966598737808,0.9993144273757935,0.4564679875260311,0.5581965560004829,0.974009096622467,0.4553172205175676,0.5617329166049053,0.9861346483230591,60.024252223120456,0
178,0.5644000995726817,0.5519792182104932,0.9948366284370422,0.5729355840455923,0.5671868239130297,0.9993370175361633,0.456810900143215,0.5646519689332876,0.9740923047065735,0.4550469744773141,0.5673994932855884,0.9864301681518555,60.024252223120456,0
179,0.5644941926002507,0.5520487143879849,0.9945902228355408,0.5730199643543793,0.5653533481416253,0.9993434548377991,0.45726647263481535,0.572468343235198,0.9740946888923645,0.45495437014670637,0.5723671459016351,0.9866846799850464,60.024252223120456,0
180,0.5645186248279758,0.5519326669829236,0.9945761561393738,0.5729329642795385,0.5640835336276468,0.999361515045166,0.45766906936963436,0.5790763525735769,0.9751648306846619,0.45515282381148603,0.5775069367317931,0.9874803423881531,60.024252223120456,0
181,0.5647803488231845,0.5505270418666662,0.994670569896698,0.5728729282106677,0.563433979238783,0.9993923902511597,0.458184088979449,0.5823481962794355,0.9763376116752625,0.4552354926154731,0.5840717185111277,0.9883474111557007,60.024252223120456,0
182,0.5650986716860822,0.5482881182716011,0.9950122833251953,0.5728010677155999,0.5635126999446329,0.9994438290596008,0.4585646064508533,0.5849723702385317,0.977982759475708,0.4554269186088021,0.5903481926236839,0.9893486499786377,60.024252223120456,0
183,0.5653943958736606,0.5458380125817803,0.9954198002815247,0.5729416126296638,0.5628854462078644,0.9994952082633972,0.45904610128629814,0.5872451265652979,0.9798612594604492,0.4558490912119551,0.5944445729255681,0.9903513193130493,60.024252223120456,0
184,0.5655460755030319,0.5436096617153717,0.9957920908927917,0.573104628494808,0.5617101703371326,0.9995424151420593,0.45949858285131945,0.5886039024307619,0.9816315770149231,0.45624781080654725,0.5959651810782302,0.9912804961204529,60.024252223120456,0
185,0.5655927203950433,0.5421825249989831,0.9961376786231995,0.5730702508063548,0.5604110388528738,0.9995841979980469,0.46009250056176,0.5914927948088877,0.9832156896591187,0.4568381763639908,0.596993173871722,0.9921107888221741,60.024252223120456,0
186,0.5653619766235356,0.5412181956427442,0.9963800311088562,0.5728647765659156,0.5592213500113719,0.99961918592453,0.46057177441460784,0.5943881982848763,0.9845122694969177,0.45748517059144556,0.5990269581476853,0.9928079843521118,60.024252223120456,0
187,0.5651382718767444,0.5397198256992163,0.9966184496879578,0.5726805868602939,0.5585883571988064,0.9996527433395386,0.4610057643481667,0.5953330000241602,0.985700786113739,0.45797626461301566,0.6018653114636744,0.9934619665145874,60.024252223120456,0
188,0.5648555046036134,0.5383987852505279,0.9968194365501404,0.5724512508937295,0.5583654415039794,0.9996812343597412,0.4614294980253496,0.5969075503803439,0.9867532849311829,0.45841607167607296,0.6052672777857104,0.9940236806869507,60.024252223120456,0
189,0.5645588068735037,0.5368696252504989,0.9969537854194641,0.5722937612306509,0.5581026417868482,0.9997039437294006,0.4618947420801439,0.5977192492712116,0.9875636100769043,0.4588754460925151,0.6075637993358436,0.9944776296615601,60.024252223120456,0
190,0.5643502445448018,0.5352445500237606,0.9970413446426392,0.5720281345503675,0.5575403968493148,0.9997184872627258,0.462462269124531,0.5973351541019627,0.9882679581642151,0.4592455100445524,0.608022672789438,0.9948794841766357,60.024252223120456,0
191,0.5643419850440257,0.5332398386228656,0.9971400499343872,0.5717464600290576,0.5568774427686424,0.999732494354248,0.46339671526636433,0.5975049592199785,0.9888336658477783,0.4600688999607453,0.608916838963827,0.9952083230018616,60.024252223120456,0
192,0.5642872083754771,0.5321020767802288,0.9971812963485718,0.5714178113710318,0.5563171789759687,0.9997349381446838,0.4645184278488163,0.5996249942552481,0.9892961978912354,0.4614339612779167,0.610763915947506,0.9954096078872681,60.024252223120456,0
193,0.5641872542245052,0.5311032675561456,0.9972872734069824,0.5711114633651011,0.5561221128418337,0.9997469186782837,0.4658040347553438,0.602079189959027,0.9900096654891968,0.46281329081172073,0.6131902649289092,0.9957181215286255,60.024252223120456,0
194,0.5640243462153848,0.530532919225239,0.9973590970039368,0.5707612463406159,0.5560717866534283,0.9997575879096985,0.467176878736133,0.6047110273724515,0.9906594753265381,0.4639282212370921,0.6160630072866172,0.9960140585899353,60.024252223120456,0
195,0.5638842469169985,0.5296527090526767,0.997418999671936,0.5705019036928818,0.5561939250855223,0.9997673630714417,0.4684163559050791,0.6062493835176745,0.9913623929023743,0.46450839156196266,0.6178120289530078,0.9963394999504089,60.024252223120456,0
196,0.5637328312510541,0.5286401141257517,0.9975360035896301,0.5701509827659248,0.556157197271075,0.9997802376747131,0.4692400253954392,0.6060360102426443,0.9920343160629272,0.46451901821863123,0.6182816284043453,0.9966481924057007,60.024252223120456,0
197,0.5636512041091923,0.52729173217501,0.9976587295532227,0.5697374684470045,0.5558471253940042,0.9997920989990234,0.4698537772610078,0.6054428503626874,0.9926373958587646,0.46439907096681177,0.618552772771745,0.9969275593757629,60.024252223120456,0
198,0.5635270873705551,0.526445104962304,0.9977619051933289,0.5692991557575412,0.5554123974981766,0.9998030066490173,0.4702069915476303,0.6057104269663498,0.9932311773300171,0.46443575052987995,0.6188204174950014,0.9971994757652283,60.024252223120456,0
199,0.5634366671244309,0.5256842261268984,0.9978134632110596,0.5689086658614027,0.5548811923889891,0.9998075366020203,0.4706119696299239,0.6061329501015804,0.9936552047729492,0.4644902731691092,0.6192015352703281,0.9973871111869812,60.024252223120456,0
200,0.5633788193975181,0.5252528190612797,0.997883677482605,0.5685498487381713,0.5544272121928991,0.9998096823692322,0.47112634068443704,0.6069447000821436,0.9941115975379944,0.4645426542986011,0.6201159499940423,0.9975773692131042,60.024252223120456,0
201,0.5634252599307474,0.5250478897775926,0.9979454874992371,0.5683645577657794,0.5540080553009401,0.9998109936714172,0.4720202840509873,0.6078671358880547,0.9945037961006165,0.464685820397877,0.62074853692736,0.9977328181266785,60.024252223120456,0
202,0.563311256113507,0.525086260977246,0.9980015754699707,0.568007369836172,0.5536059481757033,0.9998133182525635,0.47293084859848056,0.6086184297289172,0.9948766827583313,0.46468222283181726,0.6210099118096493,0.9979029297828674,60.024252223120456,0
203,0.56291504417147,0.5251656884238838,0.9980561137199402,0.5673345554442637,0.5531322785786225,0.9998201727867126,0.47366036261831046,0.6091379949024751,0.995221734046936,0.4645484515598846,0.6212934511048458,0.9980657696723938,60.024252223120456,0
204,0.5621850547336401,0.5256023775963561,0.9981114268302917,0.5663859617142455,0.5526365524246584,0.9998221397399902,0.4739000314757942,0.6094837415786021,0.9955371618270874,0.4641392429669702,0.6212498829478315,0.9981842637062073,60.024252223120456,0
205,0.5613748204140441,0.5255515660558432,0.9981532096862793,0.5653536603564313,0.5518104235331223,0.9998205304145813,0.47369922626586225,0.6093392485664009,0.9957794547080994,0.46348810054007067,0.6211271796907702,0.9982733726501465,60.024252223120456,0
206,0.5607585850216098,0.5238139203616555,0.9982060194015503,0.5638676739874344,0.5507594687598096,0.9998226165771484,0.47327785264878086,0.6084049031848004,0.9960142970085144,0.4627187479109995,0.6208342796280275,0.9983668923377991,60.024252223120456,0
207,0.5606507488659455,0.5210330230849134,0.9982730150222778,0.5623175047692803,0.549232471556891,0.9998267292976379,0.4732562615757901,0.607005479789916,0.9962896704673767,0.46222713873499954,0.6201659497760597,0.9984839558601379,60.024252223120456,0
208,0.5605295016652065,0.5176153154600238,0.9982743859291077,0.5610610814321613,0.5472657623745151,0.9998152852058411,0.4724969934849516,0.6046414148239867,0.9963424205780029,0.4618805434022634,0.6184407302311493,0.9984694123268127,60.024252223120456,0
209,0.5603049312319079,0.5146309761773977,0.9983306527137756,0.5602965241386781,0.5445673039981301,0.9998114705085754,0.47140828768412313,0.6019092400868739,0.9965358376502991,0.46157028277715084,0.6159737904866541,0.9985352158546448,60.024252223120456,0
210,0.559716471603939,0.5133225832666674,0.9983868598937988,0.5600614859944303,0.5412587239628751,0.9998121857643127,0.46990486695652955,0.5994530575616024,0.9967429637908936,0.46109413674899546,0.6128932634989426,0.9985987544059753,60.024252223120456,0
211,0.5589075457482116,0.5131862589291167,0.9984493255615234,0.5600972686495105,0.5379432326271425,0.999817430973053,0.46842483395621926,0.5971914416267763,0.9969026446342468,0.4605258362633845,0.6097312172253931,0.9986685514450073,60.024252223120456,0
212,0.5576269484701615,0.5130858194260375,0.9984999895095825,0.5598055237815498,0.5351214806238814,0.9998216032981873,0.466800730852854,0.5949910793985644,0.9970188140869141,0.45983282583100493,0.6068168197359363,0.9987217783927917,60.024252223120456,0
213,0.5562509383474082,0.5127485479627341,0.9985576868057251,0.5592021601540706,0.5323520983968466,0.9998243451118469,0.46518771421341704,0.5932812463669555,0.9971400499343872,0.458949895132156,0.604341532502856,0.9987640976905823,60.024252223120456,0
214,0.5549916028976445,0.5120954428400316,0.998615562915802,0.5585369751566936,0.5298466937882564,0.9998300075531006,0.46339627106984493,0.5920084118843083,0.9972889423370361,0.4580292219207404,0.6020653985795525,0.9988179206848145,60.024252223120456,0
215,0.5543269884018676,0.5105707758948921,0.9986572861671448,0.5581060420899169,0.5276838910012023,0.9998257160186768,0.4623280011472251,0.5911037297475911,0.9974265098571777,0.4571971240497774,0.6006105996313554,0.9988586902618408,60.024252223120456,0
216,0.5541193655558999,0.5084803955895564,0.9986813068389893,0.5577281458037244,0.5264395674069726,0.9998140931129456,0.46154516793432726,0.5896567588760744,0.9975419640541077,0.4560841676734746,0.5985454831804553,0.9988874793052673,60.024252223120456,0
217,0.5543271274793721,0.506127150285812,0.9987213611602783,0.5572338870593485,0.5256930532909578,0.9998028874397278,0.46144846649397026,0.5877346424829397,0.9976720213890076,0.4552427728970849,0.596076525392987,0.998925507068634,60.024252223120456,0
218,0.5543732557977953,0.5038951039314274,0.9987115263938904,0.5568313910847623,0.5251760340872269,0.9997813105583191,0.4611041801316401,0.5854129819642935,0.9977406859397888,0.4546166700976239,0.5936471564429151,0.9989327192306519,60.024252223120456,0
219,0.5541128885178344,0.501917577925183,0.9986451268196106,0.556497352463859,0.5234180632091708,0.9997293949127197,0.4603727445715953,0.5828272785459251,0.9977564215660095,0.45399970241955384,0.591114257063185,0.9988923072814941,60.024252223120456,0
220,0.5538639681679867,0.5006146544501899,0.9985840320587158,0.5561677132334033,0.5205992289951874,0.9996968507766724,0.45976771059490423,0.5806155148006626,0.9977288842201233,0.45345098064059336,0.5885565451213297,0.9988622665405273,60.024252223120456,0
221,0.5534427478199918,0.49931201196852226,0.998424768447876,0.5559483198892508,0.5171522412981311,0.9996650815010071,0.45923946726889875,0.5784812995365692,0.997500479221344,0.4529826399825872,0.5859752127102448,0.9987687468528748,60.024252223120456,0
222,0.5527585432642986,0.49732915134657035,0.9982628226280212,0.5557553257261008,0.5134030608903799,0.9996222853660583,0.4585383804071521,0.5757534049806146,0.9974010586738586,0.4522152897857488,0.5825316905975346,0.9986658096313477,60.024252223120456,0
223,0.5519855306262066,0.49381348490715066,0.9981796741485596,0.5555225582349872,0.5092033772241507,0.9995998740196228,0.4580172726086212,0.5721441961470108,0.997262179851532,0.45164430425280655,0.578320946012225,0.9985512495040894,60.024252223120456,0
224,0.5512777652059287,0.48897859596070825,0.9981114268302917,0.555099609352294,0.5054371527263101,0.9995988607406616,0.4573626404716859,0.5682049053055904,0.9971553683280945,0.4510272840658827,0.5736968857901441,0.9985188245773315,60.024252223120456,0
225,0.550637903667632,0.4839464355082743,0.998027503490448,0.5544194295292814,0.5011312862237298,0.9995819926261902,0.45685068056696976,0.5637176746413826,0.9969704747200012,0.4504659601620269,0.5685530106226608,0.9983927607536316,60.024252223120456,0
226,0.5503093032609854,0.47922511753581853,0.997821569442749,0.553631722927094,0.49726498126983687,0.9995414018630981,0.4567942803814301,0.5588826054618476,0.9966813921928406,0.45012672032628775,0.5634269004776369,0.9981907606124878,60.024252223120456,0
227,0.5500602949233286,0.475694576899211,0.9976720213890076,0.5529152013006668,0.4932906386398138,0.9995128512382507,0.45669176606904927,0.5540520179839366,0.9965388178825378,0.4499115532352815,0.558117012182872,0.9981020092964172,60.024252223120456,0
228,0.5497868515196305,0.4727989421004345,0.9974953532218933,0.552551252501352,0.48853356071880927,0.9994931221008301,0.45650283779416806,0.5494315170106439,0.9963076710700989,0.44964123765627584,0.5530776466642111,0.9979647994041443,60.024252223120456,0
229,0.5492169573193509,0.4699341711543859,0.9973373413085938,0.5525193072500687,0.48271055306707145,0.9994667768478394,0.4558627619629818,0.5447874863942468,0.9961127638816833,0.44945720405805717,0.5480124297596164,0.9978500604629517,60.024252223120456,0
230,0.5485857299395974,0.4659619785490494,0.9972448348999023,0.5524769084794185,0.4771807761419391,0.9994747638702393,0.45494808611415716,0.5406485341844108,0.9957628846168518,0.4489031561783386,0.5432404279708867,0.997758686542511,60.024252223120456,0
231,0.5480619186446785,0.46011598621095967,0.9970784783363342,0.5523308458782382,0.4712216229665851,0.9994772672653198,0.4541615645090743,0.5364417887869339,0.9953933358192444,0.44822257189523645,0.5380558172861739,0.9976462125778198,60.024252223120456,0
232,0.5477828695660549,0.45248692376273053,0.9970713257789612,0.5522133083570575,0.4644083409082326,0.9994813799858093,0.4537877298536759,0.5312610836256122,0.9951862692832947,0.4476743823006043,0.5331576835541503,0.997555673122406,60.024252223120456,0
233,0.5478471574329199,0.4443999755950205,0.997063159942627,0.5520973971911843,0.45814495001520467,0.9994871616363525,0.4538507575080512,0.5255290979430793,0.995272696018219,0.4474458126794728,0.5286594969885694,0.9975711107254028,60.024252223120456,0
234,0.5480653671991261,0.4364271589687896,0.9971075057983398,0.5522142620313739,0.4509558081626896,0.9995197653770447,0.45418966384161125,0.5196938543092642,0.9949795007705688,0.447326820521128,0.5242448250452681,0.9976304769515991,60.024252223120456,0
235,0.54780524969101,0.4290094063395549,0.9969879388809204,0.5524702327592037,0.4432223978496737,0.9995329976081848,0.4544629809402288,0.5138399459066849,0.9944446682929993,0.4479176061494014,0.5200419908478151,0.9975226521492004,60.024252223120456,0
236,0.547381738821666,0.4232114496685213,0.9967384934425354,0.5527796773683461,0.4365469543706807,0.99953293800354,0.4546955156893961,0.5089032252629602,0.9938898682594299,0.44889813661575356,0.5166369733356297,0.9973437786102295,60.024252223120456,0
237,0.5469834577469603,0.4174478877158395,0.9968468546867371,0.5530848588262289,0.42954599857330356,0.9995687007904053,0.45494798535392433,0.5050347617694314,0.9942812919616699,0.4500983144555777,0.5136357318787352,0.9975661039352417,60.024252223120456,0
238,0.5466207322620215,0.4119864233902526,0.9964996576309204,0.5533581376075749,0.4204286592347285,0.9995696544647217,0.4548998460883189,0.5003435640108022,0.9944161772727966,0.4511122079122638,0.5090709300268268,0.9976761341094971,60.024252223120456,0
239,0.5466232470103677,0.40587553949583177,0.9959018230438232,0.553485234578451,0.41195399278686196,0.9995344281196594,0.4551583883308233,0.49526828953198065,0.9941806197166443,0.45179574972107334,0.504095437980834,0.9976093769073486,60.024252223120456,0
240,0.5469344598906385,0.3988412945043476,0.9954473376274109,0.553616222881136,0.40296990530831506,0.9994207620620728,0.45613990369297247,0.49033094871611865,0.9940056800842285,0.4522704836868108,0.49818874824614795,0.9972156286239624,60.024252223120456,0
241,0.5472575482868017,0.3907801338604522,0.9956362843513489,0.553646618411655,0.39332590216682106,0.9994240403175354,0.4577451036089946,0.4861787983349395,0.9944128394126892,0.4531423932030091,0.492734714632943,0.9973320960998535,60.024252223120456,0
242,0.5477450972511659,0.383588729869752,0.9956079125404358,0.5536507510003594,0.385477070297514,0.9994376301765442,0.4599486830688662,0.48419982762563835,0.9944837689399719,0.4545962924049018,0.4895384978680387,0.9974026679992676,60.024252223120456,0
243,0.5479540569441663,0.37619124423889916,0.9953078031539917,0.5537788413819817,0.3774621415705911,0.9994497299194336,0.46204897903260767,0.4830250626518617,0.9940232038497925,0.4566153202738084,0.48768852012498076,0.9973351359367371,60.024252223120456,0
244,0.5475927790006005,0.368384313015711,0.9953728318214417,0.5535691096669155,0.3698155127820517,0.999471127986908,0.4629723727703098,0.481550385554632,0.9938444495201111,0.4582093514147263,0.4862233329386942,0.9973462224006653,60.024252223120456,0
245,0.5467458111899244,0.35838733684449,0.9954507946968079,0.5530806240581335,0.36214504497391864,0.9994997978210449,0.4629923587753663,0.4795639004026145,0.9940611124038696,0.4598304033279423,0.48593418513025594,0.9974802732467651,60.024252223120456,0
246,0.5444795489311223,0.34727400115558105,0.9956256151199341,0.5515082762354901,0.35411103566487656,0.9995114207267761,0.46376469021751804,0.47829744361695825,0.9943491220474243,0.4613557230858579,0.48611617088317916,0.9975348711013794,60.024252223120456,0
247,0.5417172199203859,0.3379595520950502,0.995755672454834,0.5487633319128131,0.3455940910748076,0.999540388584137,0.46543916492235127,0.47822914804731137,0.994540810585022,0.46266557914870166,0.48573182310376883,0.9975340366363525,60.024252223120456,0
248,0.5385927472795764,0.33032179020700025,0.9957625269889832,0.54542487859726,0.33890175109817894,0.9995504021644592,0.46818251127288496,0.47958827160653655,0.9948949813842773,0.4641703594298594,0.48901405362855865,0.9976509213447571,60.024252223120456,0
249,0.5343684837931683,0.3235618826888859,0.9954371452331543,0.5412888612066,0.3322457571824394,0.9995055198669434,0.47064442719732047,0.4804037568115057,0.9951590895652771,0.46548889364515067,0.492907217570714,0.9977763891220093,60.024252223120456,0
250,0.5298951722326737,0.31795680664834547,0.9955650568008423,0.5359289589382358,0.3264419649328507,0.9995049834251404,0.47209898063114747,0.48118911612601545,0.9955005049705505,0.46591418413888874,0.49755304342224527,0.9979224801063538,60.024252223120456,0
251,0.5250917190597175,0.3107702646936692,0.9958633184432983,0.530440075056894,0.31899524160793874,0.9995344281196594,0.47257083228656266,0.4812069989386063,0.9958168268203735,0.46616598679905885,0.5014219908487233,0.9981040954589844,60.024252223120456,0
252,0.5179100632667546,0.30139724129722256,0.9960100650787354,0.5241807869502481,0.3096933989297779,0.9995014071464539,0.4730115561258229,0.4816714965161827,0.9960387945175171,0.46617959368796613,0.5032797768002468,0.9981573820114136,60.024252223120456,0
253,0.5092122725078041,0.2926629483699801,0.9961773157119751,0.5194875172206338,0.3028921328839804,0.9994967579841614,0.47311133572033515,0.48181609880356596,0.9962335228919983,0.46774766558692604,0.5015612812269306,0.998201310634613,60.024252223120456,0
254,0.5000984384900051,0.2867003821191336,0.9964779615402222,0.5159929224423003,0.2991422315438591,0.9995216131210327,0.47283562875929375,0.4830136639731275,0.9965304136276245,0.47024429695946873,0.5031466654368814,0.998325526714325,60.024252223120456,0
255,0.4911543741112668,0.28256358419145877,0.9967373013496399,0.5152425652458559,0.30062183737754844,0.999550461769104,0.4719543584755493,0.48495326013792167,0.996819019317627,0.47383365460804566,0.5058553162075228,0.9984616637229919,60.024252223120456,0
256,0.48280445734659866,0.28029114149865675,0.9968494772911072,0.5112056349005022,0.2988712106432236,0.9995495080947876,0.4708725497836162,0.4868380909874329,0.9970332384109497,0.477652619282405,0.5079173474084767,0.998552680015564,60.024252223120456,0
257,0.4766590864885425,0.27855201704161525,0.997001588344574,0.5042035721597221,0.2923332410199304,0.9995520114898682,0.4703783733504163,0.48857972877366246,0.997133731842041,0.48052293346041763,0.5095106590361826,0.9986101984977722,60.024252223120456,0
258,0.47049244102977605,0.27494615884054296,0.9971010088920593,0.4955137187526344,0.28081264240401155,0.9995754957199097,0.47097668761298805,0.4885920825458712,0.9971713423728943,0.4831386989071259,0.5062432402656196,0.9985986351966858,60.024252223120456,0
259,0.4635095681462973,0.2712838848431907,0.9972386360168457,0.4881431616487961,0.26683228143623916,0.999599277973175,0.471832021361306,0.48685137856574323,0.9972873330116272,0.4869955366566071,0.49626613089016547,0.998591959476471,60.024252223120456,0
260,0.4574069309802286,0.268454025189082,0.9973512291908264,0.4822150397868388,0.25537966120810757,0.9996314644813538,0.47269749357586854,0.48434106225059187,0.9973456859588623,0.48951920866966286,0.48540814291863255,0.9986035823822021,60.024252223120456,0
261,0.452952691486904,0.2648806515194123,0.997404932975769,0.4797958249137519,0.2510301811354503,0.9996548295021057,0.4732545401368826,0.4809609112285436,0.9974164366722107,0.49109670235997194,0.47599040326618053,0.9985579252243042,60.024252223120456,0
262,0.44953538832210393,0.26067341225487867,0.9972891807556152,0.4750805199146274,0.24723961310727274,0.9996592402458191,0.4733109871546431,0.47698631173088474,0.9972123503684998,0.4908285779612409,0.4703755378723149,0.9984292984008789,60.024252223120456,0
263,0.44843219717343685,0.2581391845430649,0.997166097164154,0.46928436699367737,0.24575888755775652,0.9996573328971863,0.47321407425971296,0.4736006061236067,0.9971438050270081,0.4875068167845412,0.4697709083557133,0.9983612895011902,60.024252223120456,0
264,0.4471608130704792,0.25715925296147685,0.9968006014823914,0.463605581294923,0.24545261973426474,0.9996362924575806,0.47311161103702765,0.4699312065328874,0.9968929886817932,0.4832191878841041,0.47032973596027955,0.9981854557991028,60.024252223120456,0
265,0.4461979426088791,0.25861352256366205,0.9969270825386047,0.4600668549537663,0.24499262372652708,0.9996475577354431,0.47307587379501015,0.4684785561902186,0.9969637989997864,0.479958846455529,0.4702280603704002,0.9981964230537415,60.024252223120456,0
266,0.4444205363591516,0.2605085756097523,0.9969185590744019,0.45936861634254494,0.2463802354676385,0.9996660947799683,0.4731010553382695,0.46905817020507123,0.9969257712364197,0.4783278320516863,0.47055488257181116,0.9982436895370483,60.024252223120456,0
267,0.4428551920822692,0.2627328123365132,0.9970781803131104,0.45958926422255414,0.2466844114519303,0.9996781945228577,0.47308924652281303,0.4710282669180919,0.9970028400421143,0.4782183567682906,0.47051566555386537,0.998325526714325,60.024252223120456,0
268,0.44135957672482484,0.267539760896138,0.9972631335258484,0.45847110237394095,0.2501373553559896,0.9997002482414246,0.4725196318967006,0.47425824545678674,0.9970683455467224,0.4782182446547921,0.472245703140895,0.9983851909637451,60.024252223120456,0
269,0.4427467754908974,0.2752143471013934,0.9974238276481628,0.4556660609585902,0.2556641868182593,0.9997202754020691,0.47396514813105306,0.4761678760959992,0.9972032904624939,0.47701012378647256,0.473748658384596,0.998393177986145,60.024252223120456,0
270,0.4466369648774468,0.28127740252585665,0.9974714517593384,0.4516168747629442,0.2652046893324173,0.9997316598892212,0.4775890310605371,0.47874575711431994,0.9970648288726807,0.47606579888434675,0.47939241358212104,0.9982715845108032,60.024252223120456,0
271,0.45568040297144974,0.29690781803358196,0.9975658059120178,0.4508043286346257,0.2851204978568216,0.9997358918190002,0.48246110549994914,0.49009768593879016,0.9971562027931213,0.4757837163550517,0.4932176825546086,0.9983081817626953,60.024252223120456,0
272,0.46918322926475925,0.335645994969777,0.9974681735038757,0.4571574827035272,0.32050061225891135,0.9996653199195862,0.4869338926814855,0.5172266562779748,0.9969899654388428,0.4769690561862223,0.5179230514026828,0.9982264041900635,60.024252223120456,0
273,0.48350825196220804,0.38032317871139193,0.0,0.46560326999142093,0.3574928577457158,0.0,0.4900749169644859,0.5506557850610647,0.0,0.47800185850688426,0.5460044443607335,0.0,60.024252223120456,1
274,0.49494823387690995,0.4145532505852839,0.9975844025611877,0.4711258269491654,0.38937165907451116,0.9996595978736877,0.49144954198882734,0.5809605121612553,0.9972777366638184,0.47715545126370057,0.5720276321683615,0.9983910918235779,60.024252223120456,0
275,0.5046048192750845,0.43734169432095155,0.0,0.4720751607701895,0.4043757652952561,0.0,0.49314162418955887,0.5992540376526974,0.0,0.47505665393102775,0.5889855410371512,0.0,60.024252223120456,1
276,0.5041341696466722,0.43785830196880193,0.9968995451927185,0.4677144388357802,0.4218163050356369,0.9996328353881836,0.49331960649717466,0.6062619884808863,0.9962425231933594,0.47317607629866865,0.6028816586449037,0.9981092214584351,60.024252223120456,0
277,0.4980405583268124,0.43778134527660584,0.9971135258674622,0.46296685721193076,0.4376175857725601,0.9996561408042908,0.4916710193668097,0.6093858537219825,0.9964765310287476,0.47219935272421193,0.6159678896268215,0.9982683062553406,60.024252223120456,0
278,0.49347789230800854,0.4482225946017678,0.997006356716156,0.4666374524434411,0.4551186831224536,0.9996429085731506,0.48859131903875486,0.6177188725698566,0.9959631562232971,0.4725476077624733,0.6318585077921555,0.9983311295509338,60.024252223120456,0
279,0.4930445452531183,0.4516159778549561,0.9971569776535034,0.47224148682185624,0.4613246236528673,0.9996160268783569,0.48558218848137663,0.6246558229128525,0.9962417483329773,0.4732126040118085,0.6453708552178887,0.9984680414199829,60.024252223120456,0
280,0.4960251478921804,0.4540913218543647,0.9971165657043457,0.47914804447264936,0.4632414990947364,0.9994819760322571,0.48423495746794243,0.6335921032088149,0.9963673949241638,0.4733489084811442,0.6539665006455926,0.998578667640686,60.024252223120456,0
281,0.5054434921060293,0.46586766697111626,0.9970123171806335,0.48299826042992766,0.4610620339711511,0.9994006156921387,0.48504995873996226,0.643231854552315,0.996588408946991,0.47316984051749855,0.6581292776834402,0.9986913204193115,60.024252223120456,0
282,0.5117243414833437,0.47692682203792425,0.9968001842498779,0.4813883545852847,0.4755999942620599,0.9992965459823608,0.48587087932087164,0.6522793769836431,0.9965274930000305,0.472529327585584,0.662972509860993,0.9987116456031799,60.024252223120456,0
283,0.516966907750993,0.4879383799575628,0.996940553188324,0.47549098588171496,0.4904594634260454,0.9993269443511963,0.48872697637194723,0.6585711155618945,0.9964702129364014,0.47212870773815013,0.6666776594661536,0.9987361431121826,60.024252223120456,0
284,0.5221043541317898,0.49165658297992926,0.9970620274543762,0.47033977366629137,0.5003649535633272,0.9993174076080322,0.4927187249774029,0.6631226653144479,0.9964808821678162,0.4718623005208519,0.6711272966294066,0.9988066554069519,60.024252223120456,0
285,0.5250578636214851,0.4834491823400774,0.9971497654914856,0.4691743935857504,0.5041317003113887,0.9987280964851379,0.49599653056689713,0.6626667351949789,0.9965896010398865,0.4716318036828726,0.6752542030243651,0.9989007711410522,60.024252223120456,0
286,0.5244469954853971,0.4785100065526512,0.9969704151153564,0.4717833953244349,0.5129401939255854,0.998544454574585,0.49892480742363743,0.6617098507427039,0.996657133102417,0.47106110623904673,0.6781059333256318,0.99897700548172,60.024252223120456,0
287,0.5267876074427655,0.47807541773432816,0.9961549043655396,0.4714050917398366,0.5183330859456747,0.997269332408905,0.5018755467165088,0.6608247643425356,0.9966228008270264,0.4698919284911387,0.6793900955291026,0.9990219473838806,60.024252223120456,0
288,0.5188198870136629,0.4785532795247581,0.9960958957672119,0.4809565898917974,0.5237681922458471,0.9973699450492859,0.49908547883942056,0.6582067921048124,0.9966493844985962,0.4742843310038252,0.6805397158577334,0.9990810751914978,60.024252223120456,0
289,0.5057022273540501,0.4800228987421312,0.9962813854217529,0.49291517904826615,0.527446514084226,0.9975451231002808,0.4954545724959605,0.6516691730135968,0.9969021081924438,0.4815014856202266,0.6767004132270819,0.9991649985313416,60.024252223120456,0
290,0.505207554215477,0.4880241552988692,0.9965272545814514,0.4902189161096305,0.5267517424765091,0.9977560639381409,0.49735634241785365,0.6459241424288074,0.9971949458122253,0.4831593632698063,0.667372521899996,0.9992460608482361,60.024252223120456,0
291,0.5047804940314524,0.4975921710332239,0.9966749548912048,0.4919371094022482,0.5344318293389825,0.9978721141815186,0.4999758317357022,0.6359821047101707,0.9974539875984192,0.4845806175754188,0.6566795905431118,0.999310314655304,60.024252223120456,0
292,0.49390133647691675,0.5051885389146354,0.9968951940536499,0.5028124522595182,0.5557853295689542,0.9979462027549744,0.497116327285767,0.6239008307456975,0.9976945519447327,0.4906258696601508,0.6516791638873878,0.9993639588356018,60.024252223120456,0
293,0.49629131669089954,0.5210161932877136,0.9971339106559753,0.49940416926429426,0.5756324245816189,0.9981041550636292,0.4988678182874411,0.6130479318755018,0.9979168176651001,0.491477910961424,0.6422889942214608,0.999424934387207,60.024252223120456,0
294,0.5004718190147768,0.5433420936266586,0.9973974823951721,0.495488503149578,0.5870809611820045,0.998283863067627,0.5011671653815682,0.6066262040819446,0.9981229305267334,0.49352396386010344,0.6305659498487205,0.9994820952415466,60.024252223120456,0
295,0.5069879279250195,0.5707597079731174,0.9970279335975647,0.48764123803093357,0.596073184694563,0.9980157613754272,0.5059464871883397,0.5997201346215753,0.9983078241348267,0.49343076915968076,0.6136264148212619,0.9995276927947998,60.024252223120456,0
296,0.5310521267709283,0.598989313557035,0.9972097277641296,0.46160809482846976,0.596418990975335,0.9978833794593811,0.5179655622868315,0.5968310719444643,0.9984762072563171,0.4838156260195236,0.592267595586323,0.9995707273483276,60.024252223120456,0
297,0.5519534037226727,0.6193254164287028,0.9973304867744446,0.44349926142465534,0.5917969033831647,0.9978771209716797,0.52906399397623,0.5928519084340055,0.9986255764961243,0.4752034615902677,0.5724652608235681,0.9996057748794556,60.024252223120456,0
298,0.5550754467646285,0.6244207677387061,0.9975016713142395,0.4412877588045033,0.5946192429179242,0.9978118538856506,0.5311620093527298,0.5903333311989198,0.9987605810165405,0.47400325536727944,0.5671331825710483,0.9996364116668701,60.024252223120456,0
299,0.5592665047872638,0.630230721973238,0.9976832270622253,0.43789565279370296,0.6035790443420415,0.9978329539299011,0.5343527879033774,0.5897178507986528,0.9988818764686584,0.4717812878744947,0.5683102778026041,0.9996646642684937,60.024252223120456,0
300,0.5616164122309009,0.634232191812425,0.9978233575820923,0.4362257406825114,0.6097360139801393,0.9974232316017151,0.5363496854191738,0.5928145647048955,0.9989876747131348,0.47067719556036486,0.5741162782623659,0.9996780753135681,60.024252223120456,0
301,0.5592153214273003,0.6410120271501092,0.9977040886878967,0.43813382160095976,0.6215200736409147,0.9967531561851501,0.537061833200001,0.5945846580323724,0.999085545539856,0.471155778283165,0.5823577784356622,0.999697208404541,60.024252223120456,0
302,0.558676870096298,0.6453982307797392,0.9976162314414978,0.43775893818764494,0.6289815306663518,0.9961831569671631,0.5371848940849309,0.5974316511835376,0.9991723895072937,0.47020469251133185,0.5888033566020789,0.9997115731239319,60.024252223120456,0
303,0.5591445451691042,0.6480308827899757,0.9975904226303101,0.4376284465903331,0.6240073470842276,0.9955756664276123,0.5366118493534274,0.5948588053385422,0.9992347359657288,0.4688507275921962,0.5829369482539953,0.9996966123580933,60.024252223120456,0
304,0.5592427310489477,0.6524734184855512,0.9976527690887451,0.4362999725909464,0.6208431209836693,0.9954450130462646,0.5357494865145006,0.5948030522891459,0.9992748498916626,0.46775776289758264,0.5784074862798059,0.9996707439422607,60.024252223120456,0
305,0.5586010728563586,0.656704431488401,0.9977139830589294,0.43665335717655396,0.6219324611482171,0.9952739477157593,0.5350770297504611,0.5928063562938151,0.9993416666984558,0.4672856785002213,0.5725136796633408,0.9996891021728516,60.024252223120456,0
306,0.5585349854968847,0.6584187377066845,0.9976710677146912,0.4365909738200055,0.6222898761431381,0.994475245475769,0.5340263133957277,0.59189879610425,0.9993926882743835,0.4665815532207493,0.5672912995020554,0.9996775984764099,60.024252223120456,0
307,0.5579628319967366,0.6596797137033377,0.9974991083145142,0.436045165572848,0.6244295949027656,0.9942969679832458,0.5344658948126297,0.5924011525653663,0.9994514584541321,0.46748431381725164,0.5677321382931305,0.9997031092643738,60.024252223120456,0
308,0.5534553953579499,0.658937119302296,0.9976709485054016,0.43861844993772997,0.6270161214328953,0.9945206046104431,0.5330057030632387,0.594355151766823,0.9994764924049377,0.46945817555700065,0.5730666035697578,0.9996827840805054,60.024252223120456,0
309,0.5465280243328643,0.6526659272965936,0.9977335333824158,0.4424255476111461,0.62699967622757,0.9946136474609375,0.5292079136485149,0.5928845121746976,0.9995206594467163,0.47125266847156383,0.5754850336483551,0.9997037649154663,60.024252223120456,0
310,0.5359220107396447,0.6423427320662004,0.9970439076423645,0.4506742684614094,0.6298288050152012,0.9932910799980164,0.5232493423280267,0.5960853440420972,0.9995635747909546,0.4735619553497863,0.5871542436735975,0.9997221231460571,60.024252223120456,0
311,0.5281939875511901,0.6293096684274224,0.9967289566993713,0.45688100230126194,0.6314870998972943,0.9922062158584595,0.5177899968056456,0.5966634807132545,0.9996037483215332,0.4746466733160477,0.5966063908168252,0.999740481376648,60.024252223120456,0
312,0.5202128929751264,0.6143660346666977,0.9962950944900513,0.4645878984814602,0.629026801813217,0.9920390248298645,0.5122687575362982,0.5976181427637741,0.9996396899223328,0.476050463460741,0.6033310606366117,0.9997607469558716,60.024252223120456,0
313,0.5120196583725161,0.5952766935030624,0.9959374666213989,0.4764999520210996,0.6298007510957269,0.9916780591011047,0.5062379609970824,0.5969828480765939,0.9996722936630249,0.4800720115502679,0.6107853679429922,0.9997765421867371,60.024252223120456,0
314,0.49705063729059173,0.5708216826121018,0.9958930015563965,0.49252260298956047,0.6341070901779906,0.991991400718689,0.49484675980749626,0.5979139407475794,0.9997033476829529,0.48530888415518303,0.6254790794281737,0.999796450138092,60.024252223120456,0
315,0.48329193109557783,0.5476155025618421,0.9943186640739441,0.5053904610020779,0.6427699441001533,0.9880684614181519,0.48319213872864175,0.6001044738860362,0.9997214078903198,0.48906065736498194,0.6437793856575381,0.9998088479042053,60.024252223120456,0
316,0.47389889473006874,0.5316058283760439,0.9930692315101624,0.5126409190041683,0.6385654097511659,0.9885190725326538,0.47623572888828497,0.6043369940349038,0.9997192621231079,0.49166557902381575,0.6566915852682937,0.9998234510421753,60.024252223120456,0
317,0.474853492918469,0.526884408224197,0.9931538105010986,0.5089701995963146,0.6264190475145981,0.98940509557724,0.47696741138185816,0.6039953742708484,0.9997344017028809,0.4908225777603335,0.658967997346606,0.9998394250869751,60.024252223120456,0
318,0.48272513633682657,0.5292305889583773,0.993369996547699,0.49867691312517476,0.6058833400408432,0.990189790725708,0.48290379416374973,0.5990318514051897,0.9997573494911194,0.4867033646220256,0.6487288645335612,0.999853789806366,60.024252223120456,0
319,0.4898019404638385,0.526361499513899,0.9937483072280884,0.4942576927798139,0.5921910178093688,0.9909729957580566,0.4886240277971544,0.5905092358589177,0.9997732639312744,0.48381139550890284,0.6375682382356558,0.9998667240142822,60.024252223120456,0
320,0.49366130147661524,0.5115072471754896,0.9942230582237244,0.4901255085354764,0.5754161051341471,0.9916127324104309,0.4898823740936465,0.5961264570554102,0.9997915625572205,0.47926714448701807,0.6416081104959765,0.9998772740364075,60.024252223120456,0
321,0.4974578760919121,0.49678487011364564,0.9942238330841064,0.48615004193215183,0.5649839412598388,0.9920838475227356,0.4894881106558304,0.6147683773721972,0.9997953176498413,0.4738596805504394,0.6581852776663648,0.9998835325241089,60.024252223120456,0
322,0.4936660102435525,0.48395912704013677,0.9946102499961853,0.4899732569853469,0.5511322390465514,0.9926384091377258,0.4863740007082625,0.6381779057638991,0.9997477531433105,0.47078122411455464,0.674088495118278,0.9998636841773987,60.024252223120456,0
323,0.49516346483003565,0.4761703156289604,0.9949784278869629,0.49183760654358677,0.537452686400641,0.9932833313941956,0.4838208272343594,0.6591615194366097,0.9997076988220215,0.46853734339986564,0.6868557561011547,0.9998424053192139,60.024252223120456,0
324,0.5058485056672781,0.4759510060151422,0.9954051375389099,0.48587416892959995,0.5237349101475312,0.9939397573471069,0.4845788436276576,0.669043830462865,0.9996819496154785,0.4654750497568225,0.6893405800773988,0.9998477101325989,60.024252223120456,0
325,0.5127361189751403,0.4774718398139594,0.9957689046859741,0.4807412226994836,0.5223085965429037,0.9945216774940491,0.48605863679023054,0.6679579246611828,0.9995846748352051,0.4653528659116658,0.6879056209609629,0.9998300671577454,60.024252223120456,0
326,0.5195510486761733,0.4772908588250482,0.9958276152610779,0.4718129975455152,0.5160054337410704,0.9947372078895569,0.48891439750081056,0.6679499404770992,0.9994208812713623,0.46467996920858146,0.6870747520810088,0.9997045397758484,60.024252223120456,0
327,0.5241441471236097,0.4763200126943138,0.9960934519767761,0.4639894664287571,0.5108605083965123,0.9951414465904236,0.49267131232080047,0.6659142658824018,0.9993553757667542,0.463462332884471,0.6851325460842683,0.9996880888938904,60.024252223120456,0
328,0.518551695914496,0.4692918232509072,0.9962120652198792,0.46712203678630687,0.5116653641064965,0.9954566955566406,0.49193891457149,0.661998657953172,0.9991307854652405,0.4628886268252421,0.6841028446242929,0.9995790123939514,60.024252223120456,0
329,0.5172588200796222,0.46418965998150097,0.9963210821151733,0.46960146938051534,0.5082555810610457,0.995705246925354,0.4912725303854265,0.6574151913324997,0.9989756345748901,0.4616464404832753,0.6802005200158987,0.9995109438896179,60.024252223120456,0
330,0.5201867364701774,0.46236228942871127,0.9964768290519714,0.47036165850503137,0.5024942301568536,0.9960562586784363,0.4922423419498266,0.6504640891438445,0.9987607598304749,0.4599585589908422,0.6734588316508707,0.999517023563385,60.024252223120456,0
331,0.5199182885033748,0.4582173072156456,0.9965554475784302,0.47160503835905204,0.5016503149554847,0.9960119724273682,0.4923699455601832,0.6437348354430431,0.9985347390174866,0.4592830169768564,0.668333890892211,0.999316930770874,60.024252223120456,0
332,0.5216008140927274,0.4539024404117043,0.996396005153656,0.47089681596983085,0.49783744130815816,0.9962366223335266,0.4926823491141914,0.6395463716416137,0.9980388879776001,0.45924881952149565,0.664944299629757,0.9991790652275085,60.024252223120456,0
333,0.5258757642337258,0.44908000883601995,0.9964203238487244,0.4681562398161211,0.49336681479499495,0.996414840221405,0.49361228800955315,0.6368277356738141,0.9979146718978882,0.4589054158755715,0.6624432433219188,0.9992086887359619,60.024252223120456,0
334,0.5243586557252071,0.44424320686431196,0.9966732859611511,0.468544002090182,0.49307274250757166,0.9967387914657593,0.49046841689518555,0.6381175376120073,0.9979323148727417,0.45927187374659983,0.6637670454524818,0.9992621541023254,60.024252223120456,0
335,0.5223273322695782,0.44560242976461173,0.9967561960220337,0.46930672299294285,0.4902224852925259,0.9969759583473206,0.48671117708796585,0.6404871344566351,0.9978405237197876,0.459992349147797,0.6648397871426179,0.9993090033531189,60.024252223120456,0
336,0.5211687655675983,0.4513557354609175,0.9963767528533936,0.47043647936412303,0.48726455654416806,0.9967546463012695,0.48364255967594366,0.6433584406262357,0.99765944480896,0.46060707881337154,0.6655858726728535,0.9993281364440918,60.024252223120456,0
337,0.5210829888071337,0.45587945694015175,0.996353268623352,0.47125769371078163,0.4834277019614269,0.9969090223312378,0.4815734880311152,0.6451611405327211,0.9973676800727844,0.461054391804196,0.6656559847650079,0.9992983937263489,60.024252223120456,0
338,0.5201477493558615,0.45965576029959215,0.9965303540229797,0.4722923139731093,0.4768907583895188,0.9971957802772522,0.4805975542182018,0.6464200786181864,0.9972862005233765,0.4614548754124418,0.6648748176438474,0.9993366599082947,60.024252223120456,0
339,0.5197937573705405,0.45980820769355446,0.996575653553009,0.4730367007709689,0.47087183594703713,0.9973422884941101,0.4808626061394105,0.6463892772084197,0.9972518086433411,0.4616530750479021,0.6632924505642488,0.9993653297424316,60.024252223120456,0
340,0.514877591814314,0.45763247495605874,0.9963666200637817,0.4756705108143038,0.4679215224016284,0.9974218010902405,0.47929305263928046,0.6460241391545256,0.9972277283668518,0.46248979511715155,0.6624780751409991,0.9993950128555298,60.024252223120456,0
341,0.5081650330906826,0.45635653819356686,0.9961348176002502,0.4794137222426282,0.4672217851593385,0.997218132019043,0.4772862039861229,0.6459701146398277,0.9964848756790161,0.4636726790950416,0.6629848366691957,0.9992449879646301,60.024252223120456,0
342,0.5038398816472012,0.45581318792842723,0.9958235621452332,0.4835420222509479,0.4712101462341494,0.9971315264701843,0.47584441020375245,0.6458293823968801,0.9965251088142395,0.46469169145538736,0.6627249547413423,0.9992871880531311,60.024252223120456,0
343,0.5033374996412372,0.4570135318097618,0.9956533312797546,0.48260762436049365,0.4746251049495882,0.9971454739570618,0.47559687353315844,0.6456987034706847,0.9964138269424438,0.4651343865053998,0.6614557731719249,0.9992949962615967,60.024252223120456,0
344,0.5015935784294496,0.4569697961920787,0.995537281036377,0.4816066679500402,0.47598410504204924,0.9972997307777405,0.47537641582034923,0.6455814157213489,0.9963719844818115,0.4654484391212467,0.6597449126697728,0.9992967844009399,60.024252223120456,0
345,0.5020364977064591,0.45732967200733404,0.9955629110336304,0.47732382303192544,0.4758246044317885,0.9973257184028625,0.4760800614243466,0.6455689356440595,0.9963481426239014,0.4653853476047519,0.65743694135121,0.9993043541908264,60.024252223120456,0
346,0.5035661260286971,0.4579837918281559,0.995466411113739,0.47256702468508804,0.4736214209170572,0.9974004030227661,0.4768813564663845,0.6455455649466747,0.9964724183082581,0.4653235035283229,0.6555358483677824,0.9993342757225037,60.024252223120456,0
347,0.503489298479898,0.4594254124732249,0.9955715537071228,0.47139858206113217,0.47138383984565774,0.9973310232162476,0.47698333149864597,0.6456496261415032,0.9964808821678162,0.46559226229077333,0.6546032570657281,0.9993260502815247,60.024252223120456,0
348,0.5056713251840506,0.46090124760355305,0.9950979351997375,0.47368382839929524,0.47055186402230076,0.9971544742584229,0.4776668733074555,0.6455639175006327,0.9964937567710876,0.46599688558351465,0.653179268042247,0.9993278980255127,60.024252223120456,0
349,0.5104400061425712,0.46141302017938557,0.9951794147491455,0.4752096164794199,0.4688680682863512,0.9971689581871033,0.4791154989174438,0.6452071184203743,0.9965087175369263,0.4663319190343225,0.6521113883881346,0.9993219971656799,60.024252223120456,0
350,0.5105556576024922,0.4588080417542234,0.9953871965408325,0.4806564123857593,0.46739576118333037,0.9972311854362488,0.4804057024774101,0.644639500549862,0.9966272115707397,0.4666607266380677,0.6515948488598784,0.9993497133255005,60.024252223120456,0
351,0.5098547736803695,0.45580017850512583,0.9953061938285828,0.48344998274530726,0.46628088042849625,0.9973011016845703,0.4817566616194593,0.6440635096459166,0.9967871308326721,0.46665423398926187,0.6512947423117507,0.999391496181488,60.024252223120456,0
352,0.5039031406243646,0.45263334824925416,0.9949471354484558,0.48821664566085493,0.4652514031955178,0.997379720211029,0.4815595873764587,0.6437393568810967,0.9968424439430237,0.466748959961392,0.651573450792404,0.9994192719459534,60.024252223120456,0
353,0.4922789491358261,0.44973811791056717,0.9948557019233704,0.4967886323020576,0.46465218918664153,0.9974323511123657,0.4788966987814226,0.6433977853684203,0.9968427419662476,0.46743329224132396,0.6518192603474577,0.9994282126426697,60.024252223120456,0
354,0.48187765195256227,0.4476793919290819,0.9944911003112793,0.5061097655977526,0.4648098775318694,0.9975706934928894,0.4757041874386019,0.6430002592858819,0.9970077872276306,0.4687468821094154,0.6520974465778901,0.9994644522666931,60.024252223120456,0
355,0.47704880294345714,0.4459081292152408,0.993848443031311,0.5118526858942853,0.4650146180675147,0.9977027177810669,0.4736039780435112,0.6425071528979716,0.997215747833252,0.4700825384684975,0.6525029483295628,0.9995079636573792,60.024252223120456,0
356,0.47563302516937295,0.4436780824547725,0.9936668276786804,0.514418394792648,0.46403201137270284,0.9978485703468323,0.4729767143726352,0.6420743351890932,0.997427225112915,0.47115057706832925,0.6528505881627407,0.999549388885498,60.024252223120456,0
357,0.47981123839105916,0.4427501530874347,0.9937413930892944,0.5120228074845818,0.4634985270954317,0.9979488849639893,0.4742322720232468,0.6417856386729655,0.9975978136062622,0.4712802441347217,0.6530069879123148,0.9995831251144409,60.024252223120456,0
358,0.4833814317271827,0.44313049884069566,0.9939184784889221,0.510290534723373,0.4645842611789707,0.9980068206787109,0.4762906389577052,0.6419828136761988,0.9977703094482422,0.471411289203735,0.6535568918500634,0.9996164441108704,60.024252223120456,0
359,0.4823087723482226,0.4443869292736057,0.9941127300262451,0.5130239157449635,0.4677584100337259,0.9981337785720825,0.4766456882158919,0.6425870089303884,0.9979546666145325,0.47248362217630696,0.654861069860913,0.9996503591537476,60.024252223120456,0
360,0.47820625276792655,0.4457098870050343,0.9941375851631165,0.5179332409586229,0.47190711044129907,0.9982463121414185,0.4754577846754169,0.6434509498732436,0.9981110095977783,0.47406794485591747,0.6570952222460797,0.9996801018714905,60.024252223120456,0
361,0.4747911776815146,0.44686968837465596,0.9941851496696472,0.5205404786836537,0.47536235621997325,0.9983497858047485,0.47381978659402796,0.644373442445483,0.9982548952102661,0.47539086427007443,0.6596158033325563,0.9997075796127319,60.024252223120456,0
362,0.47385910862968117,0.44749898711840347,0.9942775368690491,0.52020066408884,0.47600295288222216,0.9984427094459534,0.4725101618539723,0.6451255934579037,0.9983832240104675,0.4759707152843479,0.6615794613247832,0.9997324347496033,60.024252223120456,0
363,0.47338012144679154,0.4470874610401339,0.994328498840332,0.5192498678252815,0.4761851756345662,0.9985198974609375,0.4718008083956586,0.6453474419457577,0.9984871745109558,0.47569602585974236,0.6624293355714712,0.9997525215148926,60.024252223120456,0
364,0.47462062040964803,0.4436334414141522,0.994452178478241,0.5175524751345321,0.47649968238103996,0.9986064434051514,0.47309318894431746,0.6449513350214282,0.9985767006874084,0.47467909114701445,0.6624991780235658,0.9997708201408386,60.024252223120456,0
365,0.4746556651024595,0.43939799496105775,0.994592547416687,0.5181646687643873,0.47800911324364836,0.9986788034439087,0.47384657036690525,0.6443887125878112,0.9986445307731628,0.4745612925007233,0.6622571036929181,0.9997855424880981,60.024252223120456,0
366,0.4726270479815351,0.43559870975358184,0.9945391416549683,0.5201186594508946,0.48032642120406777,0.9986410737037659,0.4737509332952049,0.644000703380222,0.9986989498138428,0.4749936418873927,0.6621859243937906,0.9997987747192383,60.024252223120456,0
367,0.4708143699736826,0.43310835106032275,0.9947570562362671,0.5218026666414174,0.4822988226300198,0.9987195730209351,0.47314354351588694,0.6438697860354474,0.9987931251525879,0.47531858228501855,0.6623044581640339,0.9998160600662231,60.024252223120456,0
368,0.46923471632457947,0.4323521568661648,0.9950193762779236,0.5233252020109271,0.48386208642096784,0.9987980723381042,0.472076474201112,0.6440477882112781,0.9988800287246704,0.47532412125950807,0.6625046588125688,0.9998313784599304,60.024252223120456,0
369,0.4705473468417217,0.43320861316862597,0.9952900409698486,0.5229508025305616,0.48313132070359766,0.998860239982605,0.4715651898157033,0.6443808135532203,0.9989545941352844,0.4747192036537901,0.6625545393852965,0.999844491481781,60.024252223120456,0
370,0.47370900568508006,0.43399036356381043,0.9954561591148376,0.5219543860072186,0.482507047199068,0.9989163875579834,0.47211659096536224,0.6445842697506865,0.9990212917327881,0.4734634955724084,0.6628415868395856,0.9998568296432495,60.024252223120456,0
371,0.47344724904923247,0.4343406274205166,0.9954833388328552,0.5234881866545908,0.48329085963113005,0.9989417791366577,0.4720254966190887,0.6445002924828308,0.9990503191947937,0.47321934359414275,0.6632712852387206,0.9998654723167419,60.024252223120456,0
372,0.4757255784102853,0.4391480911345712,0.9953405261039734,0.52339342946098,0.4844335686592833,0.9989486932754517,0.47201348486400824,0.6445988047690623,0.9990993738174438,0.4732480162665961,0.6638548203877046,0.9998751282691956,60.024252223120456,0
373,0.4763416690485822,0.4435299890381953,0.9950706362724304,0.5242055597759432,0.4862471847307118,0.9989128708839417,0.47163904990468747,0.6448485936437339,0.9991239905357361,0.47338585626511387,0.6646053024700715,0.9998816847801208,60.024252223120456,0
374,0.4829933941364292,0.4450106067316876,0.9950045943260193,0.5197670970644274,0.48579325136684276,0.998890221118927,0.4732616628919333,0.6438639561335251,0.9990969896316528,0.47304578338350606,0.6644841091973446,0.9998820424079895,60.024252223120456,0
375,0.49025080743290167,0.4426183828285766,0.9948246479034424,0.5164108588581997,0.4837016647770295,0.9988093376159668,0.47543041053272467,0.6431043006124956,0.9990928769111633,0.4719910806133637,0.6637534101804103,0.9998856782913208,60.024252223120456,0
376,0.5051089312349051,0.4419446431455162,0.9942348599433899,0.5013476454076317,0.47606687034879447,0.998734176158905,0.47981721020880236,0.643042093231565,0.9990438222885132,0.47013079978170885,0.6624462718055367,0.9998905062675476,60.024252223120456,0
377,0.5106504630474822,0.440249140773501,0.9932730793952942,0.49456985223861005,0.47026976091521167,0.9983916878700256,0.4829305410385135,0.6430995010194329,0.9989988207817078,0.46829132948602986,0.6615322714760196,0.9998908638954163,60.024252223120456,0
378,0.5137518814631875,0.44345501065254245,0.9900693893432617,0.4923827605588099,0.46644680272965244,0.9979107975959778,0.48432175318400106,0.6433947029567906,0.9984298944473267,0.4667311935197743,0.6614834013439366,0.9998552799224854,60.024252223120456,0
379,0.5120446171079367,0.4467031742845266,0.9904515743255615,0.4953637946219675,0.4663895780131934,0.9978192448616028,0.4842656396684196,0.64391269002642,0.9984949231147766,0.46611422158422966,0.6622971778824223,0.9998606443405151,60.024252223120456,0
380,0.5148875174068274,0.44909416635831234,0.9905203580856323,0.4952364776815691,0.4677252726895472,0.9978176355361938,0.4847193204221275,0.6438529491424565,0.998458743095398,0.4659343815985184,0.6630480999038338,0.9998642802238464,60.024252223120456,0
381,0.5157601521128704,0.4498722453912103,0.9906796813011169,0.49760539333025655,0.47136503032275645,0.9977825284004211,0.48427760884875376,0.6447500501360217,0.9984359741210938,0.4660647738547556,0.6641169616154268,0.9998668432235718,60.024252223120456,0
382,0.5246954020999731,0.4520375799565091,0.9909796714782715,0.4877025726295657,0.4707909240609127,0.9977704286575317,0.48575034737587014,0.6461769030207685,0.9982061386108398,0.4656491222835726,0.6643659217017043,0.9998520612716675,60.024252223120456,0
383,0.5254277927534925,0.4528517978531978,0.9915849566459656,0.48623622031438957,0.47234646905036237,0.9978672862052917,0.48581333245549924,0.647331058979035,0.9982354640960693,0.46527088681856826,0.66495164235433,0.99985671043396,60.024252223120456,0
384,0.5261543307985582,0.4535975200789319,0.9921169281005859,0.48716746483530354,0.4735631658917385,0.9979848861694336,0.48588994571140876,0.6480964791207091,0.9982700347900391,0.4651193036919552,0.6657750748452691,0.999862551689148,60.024252223120456,0
385,0.527281639121828,0.4526592705930986,0.9925985932350159,0.4888622107959933,0.47217412080083615,0.9980652332305908,0.4869136171681544,0.6475390763509847,0.9983230829238892,0.46515549648375776,0.66621953816641,0.9998661279678345,60.024252223120456,0
386,0.528688748677572,0.45164589938663335,0.9923039078712463,0.48910856388864105,0.4686161066804617,0.9981700778007507,0.48712079439844447,0.6464725193523231,0.9983078241348267,0.4652478340126223,0.6663045258749105,0.9998727440834045,60.024252223120456,0
387,0.5315059536979316,0.45065688093503353,0.9920851588249207,0.4876933637119479,0.46238070584478874,0.9981557130813599,0.48801888170696484,0.6454094932192853,0.9982664585113525,0.4652874185925442,0.6654880131993981,0.9998732805252075,60.024252223120456,0
388,0.5315664268675309,0.4497870774496173,0.9921990036964417,0.48990428163891786,0.46259922214916815,0.9982808828353882,0.4886316359043126,0.6444720852942699,0.9983148574829102,0.4654627924873719,0.6641964004153302,0.9998811483383179,60.024252223120456,0
389,0.5325665587470649,0.4507517431463518,0.9921630620956421,0.4911704787186218,0.46338790797051965,0.998349130153656,0.4898273292041964,0.6441216326895219,0.9983584880828857,0.4656268883319132,0.6631494249616356,0.9998854398727417,60.024252223120456,0
390,0.5289677864029299,0.4485230431670238,0.9924847483634949,0.49765633117584995,0.4706950826304303,0.9984093308448792,0.48828737650598836,0.6442279787290669,0.998465895652771,0.46528205559367264,0.6626558388982506,0.9998941421508789,60.024252223120456,0
391,0.5148010580312643,0.44505281107766326,0.9924083948135376,0.5123281237624945,0.48383314410845474,0.9983876347541809,0.4841385753381824,0.6432221191270016,0.9984377026557922,0.4667720979168305,0.6636571884155279,0.9998947978019714,60.024252223120456,0
392,0.49696519970893904,0.4394207724503112,0.9925656318664551,0.5278560065087823,0.49700181115241315,0.998386025428772,0.47792700500715385,0.6415855231739231,0.9985581636428833,0.4692680906681791,0.6657722138223199,0.9999034404754639,60.024252223120456,0
393,0.4873296348821553,0.4326334411189673,0.9917378425598145,0.5345966446967356,0.5013712545235955,0.9983994960784912,0.47443374423753687,0.6392476416769487,0.9986682534217834,0.47146200424148954,0.6669863263765976,0.9999116659164429,60.024252223120456,0
394,0.48756285082726286,0.42787415924526434,0.9913246631622314,0.5321287030265449,0.5032024497077583,0.9983901381492615,0.4747325948306496,0.6370490221750174,0.9987504482269287,0.4724364663873404,0.6676537394523626,0.9999179244041443,60.024252223120456,0
395,0.499675130560285,0.42665866726920754,0.9914084076881409,0.5195649152710329,0.49302832853226475,0.998412549495697,0.47855457237788646,0.6356812800679894,0.9987128376960754,0.4719371781462719,0.6674773891766872,0.9999178051948547,60.024252223120456,0
396,0.5121419500736968,0.42526455720265743,0.9911681413650513,0.5057408738703959,0.4830497772920703,0.9982947111129761,0.4811758526733947,0.6359083822795328,0.9986274838447571,0.46980599420411284,0.6670939922332769,0.9999146461486816,60.024252223120456,0
397,0.5229623488017494,0.4262980279468358,0.9905468821525574,0.49588477327710145,0.47779661275091667,0.9981090426445007,0.48492577104341456,0.6343301477886387,0.9984488487243652,0.46852436945551956,0.6661577111198794,0.9999033808708191,60.024252223120456,0
398,0.5263930530775165,0.42690042512757476,0.9908542633056641,0.4917662257239936,0.4756527046362563,0.9981584548950195,0.48530138390404876,0.6331202841940385,0.9983651041984558,0.46773424460774415,0.6656529449281243,0.9999002814292908,60.024252223120456,0
399,0.5260283152262374,0.42681729225885334,0.9916189312934875,0.4906369405133387,0.47418227649870415,0.9982777237892151,0.48491661179633405,0.6326252335593818,0.9983240962028503,0.46714660525322,0.6651213821910682,0.9998905062675476,60.024252223120456,0
400,0.5271934128942948,0.4279688596725467,0.9919592142105103,0.48725835198447853,0.47639297871362635,0.9981116652488708,0.4856514419828146,0.6319625576337184,0.9982381463050842,0.4664938733691265,0.6647272450583327,0.9998805522918701,60.024252223120456,0
401,0.5224706104823525,0.4266037061100918,0.9925493597984314,0.49149154623349545,0.47886122408367376,0.9981755018234253,0.48417014025506555,0.6308196924981622,0.9982258081436157,0.4662704084600725,0.6645432511965439,0.9998759031295776,60.024252223120456,0
402,0.5118204057216649,0.42441640297571853,0.9931049942970276,0.5011314905825119,0.4819435136658809,0.9982538819313049,0.47944924519175613,0.6323333865120302,0.9982631206512451,0.46708107988039693,0.6655867497126267,0.9998756051063538,60.024252223120456,0
403,0.5043123477981208,0.42202148692948516,0.9930855631828308,0.5113828537010016,0.4844276067756475,0.998083770275116,0.4762556112947922,0.6328663258325491,0.9983394742012024,0.4683572947978977,0.6662235742523561,0.9998783469200134,60.024252223120456,0
404,0.49436217972210517,0.4200138549009962,0.9929314851760864,0.5223157491002768,0.48543254818235165,0.9980402588844299,0.47093566400664233,0.6343702191398263,0.9984523057937622,0.46992945954913223,0.6674337727682936,0.9998853802680969,60.024252223120456,0
405,0.49033731222152754,0.41916529905228417,0.9922007322311401,0.526714248316629,0.48512750296365686,0.9979813694953918,0.4690253436565403,0.6371022207396375,0.9985113739967346,0.47095226248105404,0.6688583862213866,0.9998905658721924,60.024252223120456,0
406,0.5021851417564215,0.4205896655718489,0.991967499256134,0.5155484023548312,0.4830275376637781,0.997852623462677,0.47414963302158214,0.6370138838177641,0.998498260974884,0.47037357659567003,0.6683390225682946,0.9998883605003357,60.024252223120456,0
407,0.5125918445133032,0.4199035323801499,0.9923791885375977,0.5048345355760487,0.48064142039844004,0.9979522228240967,0.4793012809185759,0.6344277603285658,0.9984856247901917,0.46921533488092004,0.6665765302521847,0.9998881220817566,60.024252223120456,0
408,0.5174377503849215,0.41839275473640114,0.992881178855896,0.4986055095990503,0.4784397525446759,0.9980655908584595,0.481429273173923,0.6319395417258858,0.9983881711959839,0.4685258822781703,0.6649576368786045,0.9998773336410522,60.024252223120456,0
409,0.5190179064160305,0.4164899062542692,0.993350088596344,0.49587970688229555,0.47637843234198474,0.99812912940979,0.4820346278803693,0.6294338561239702,0.998449444770813,0.4681221998873215,0.6638609965642299,0.9998789429664612,60.024252223120456,0
410,0.5143184860547387,0.41346280063901664,0.9936398267745972,0.49898390826724864,0.47721422286260734,0.998166024684906,0.4798033322606772,0.6265023492631463,0.9984086155891418,0.4684237710067207,0.6636645850681129,0.9998759627342224,60.024252223120456,0
411,0.503032037190029,0.40837827892530565,0.9939427971839905,0.5115308562914535,0.4801616072654728,0.9981160759925842,0.47569765505336614,0.6234423660096673,0.9983754754066467,0.4706944950989318,0.6647072661490673,0.9998641610145569,60.024252223120456,0
412,0.5011007473582317,0.4038556984492714,0.994134247303009,0.5160821505955291,0.4832500418027246,0.9979853630065918,0.47461027190798843,0.6198315109525413,0.9983561038970947,0.47268835135868653,0.6644341974031363,0.9998533129692078,60.024252223120456,0
413,0.5005189010075164,0.40064432649385395,0.9939146637916565,0.5173104575702127,0.4855264155637654,0.9978445172309875,0.4734771961257575,0.6177062363851643,0.9984708428382874,0.47346936095328596,0.6635208498863951,0.9998613595962524,60.024252223120456,0
414,0.5049557004656114,0.4001775327182955,0.9940951466560364,0.51250700155894,0.4867539888336549,0.9977419972419739,0.47379972821190275,0.6165655283700857,0.9982349276542664,0.47248855942771584,0.6617593084062854,0.9998268485069275,60.024252223120456,0
415,0.5113468681062975,0.3994773725668592,0.9943632483482361,0.5054780727341066,0.48460742121651096,0.9976304769515991,0.47548844842683735,0.6154232791491923,0.9981433749198914,0.4700565579391665,0.6593272345406673,0.9998092651367188,60.024252223120456,0
416,0.5131571108386634,0.39576428844815237,0.9945530295372009,0.5017334080877762,0.4817357744489401,0.9975072145462036,0.47573122382164035,0.6152176232565022,0.9979743957519531,0.4673977125258677,0.6571534872055059,0.9997910261154175,60.024252223120456,0
417,0.5040077538717365,0.3983097175757093,0.9945954084396362,0.5114714105923974,0.4808802037012013,0.997043788433075,0.4724580319154834,0.6195254751614168,0.9979267120361328,0.4673053310030987,0.6576063689731422,0.9997633695602417,60.024252223120456,0
418,0.5036811473823734,0.40458859290395494,0.9946183562278748,0.5116263060342703,0.48086640380677764,0.9964334964752197,0.472001915886289,0.6266866326332097,0.9979775547981262,0.46704228009496457,0.6581463643482759,0.9997467398643494,60.024252223120456,0
419,0.5075590213139856,0.4109090595018299,0.9949044585227966,0.5056680838267013,0.48420567171914275,0.9962986707687378,0.47375814829553914,0.6326715861048022,0.997818648815155,0.46583819815090766,0.6587614275160295,0.999675989151001,60.024252223120456,0
420,0.5150888406095055,0.4240294467835203,0.99529629945755,0.49509095152219174,0.4824654999233431,0.9965910911560059,0.4756739551112769,0.642032004538037,0.997688889503479,0.4644893947101778,0.6598000043914436,0.9996662735939026,60.024252223120456,0
421,0.5218844725972135,0.4312189561980115,0.9954953789710999,0.48732878338722996,0.477609509513492,0.9965462684631348,0.47752493903750504,0.6386304213887175,0.9975675344467163,0.46345171332359353,0.656906922658285,0.9996513724327087,60.024252223120456,0
422,0.5223333949134468,0.43228735668318646,0.9941664934158325,0.4849935784226376,0.4729297416550776,0.9965574145317078,0.4774806996186578,0.6349916032382426,0.9977362751960754,0.4634062037581493,0.6551031072934475,0.9996788501739502,60.024252223120456,0
423,0.5156981604439876,0.4337078801223213,0.994564414024353,0.4926122185729803,0.4718187721002673,0.9967960715293884,0.475480159123739,0.6323175316765199,0.9978452920913696,0.4647810303029564,0.6551685730616257,0.9996944069862366,60.024252223120456,0
424,0.5143414310046609,0.4309241062118897,0.9941728711128235,0.4961150359539763,0.4731614532924837,0.9960421919822693,0.47603962251118287,0.6294982887449723,0.9975404143333435,0.46564574894451,0.6554008324941005,0.9996604919433594,60.024252223120456,0
425,0.5121673941612248,0.424003769954046,0.9943921566009521,0.5005422731240594,0.47913556297620175,0.9960516095161438,0.47739018712724995,0.626833177748181,0.9974754452705383,0.4663292921724777,0.6568895918982375,0.9996652007102966,60.024252223120456,0
426,0.509951355911437,0.4228672896112718,0.9946238398551941,0.5048756712958931,0.4804930828866508,0.9961636662483215,0.4771829290049421,0.6303990511667166,0.9973955154418945,0.46703661055791984,0.6593494131451567,0.9996687769889832,60.024252223120456,0
427,0.5080644204503018,0.4208092973345805,0.9947249293327332,0.5093463091623219,0.47963858076504334,0.996279776096344,0.476450507129942,0.6280004155068175,0.9973684549331665,0.46745757403827887,0.6585673604692737,0.9996759295463562,60.024252223120456,0
428,0.5062529189246046,0.4194777593726207,0.9944255948066711,0.5127903279804052,0.4772950666291377,0.9960934519767761,0.4752770350092937,0.6298206278256013,0.9973134398460388,0.46775209477969615,0.6584415237108872,0.9996716976165771,60.024252223120456,0
429,0.505657567864373,0.4222669090543478,0.9942931532859802,0.5159292788732623,0.47691032006627077,0.9960154294967651,0.47467816727502044,0.6351607527051659,0.9973873496055603,0.46842121084531185,0.6591530640920009,0.9996771216392517,60.024252223120456,0
430,0.5125952249481569,0.42951066862969206,0.9943445920944214,0.5099452223096579,0.478341863268898,0.9958605766296387,0.47776366273562154,0.6350386142730718,0.9974133968353271,0.46722712970915337,0.6587661078998026,0.999670147895813,60.024252223120456,0
431,0.5187841142926901,0.4322834128425238,0.994520902633667,0.5071821383067544,0.47924745792434364,0.9959660172462463,0.48084562449228235,0.6316491706030715,0.9974116683006287,0.4659305782545184,0.6582236573809674,0.99966961145401,60.024252223120456,0
432,0.5218664805094406,0.429997007052104,0.9948687553405762,0.5080713260741465,0.48191494601113494,0.9962581396102905,0.48298883863857855,0.6251604074523567,0.9972806572914124,0.4652902441365382,0.657153759683882,0.9996669888496399,60.024252223120456,0
433,0.5213111809321817,0.4261637102989927,0.9948325753211975,0.5112370564824062,0.4830750028292342,0.9960242509841919,0.48325506704194243,0.621883026191167,0.9972196221351624,0.4654337479954678,0.6566895984468011,0.999656617641449,60.024252223120456,0
434,0.5215505446706503,0.421450917209898,0.9948005080223083,0.5127276735646389,0.48294213130360597,0.996036946773529,0.48261138654890556,0.6219405503500081,0.997177004814148,0.46598950454166993,0.6559899818329589,0.9996631741523743,60.024252223120456,0
435,0.5222055826868335,0.4221130027657467,0.9949158430099487,0.5116708874702458,0.4843783875306451,0.9961673617362976,0.4822186174846834,0.6278854835601085,0.9971795082092285,0.4671491838636856,0.6564906580107557,0.9996736645698547,60.024252223120456,0
436,0.5261045893033349,0.4292802782285785,0.9951204657554626,0.5040566765126732,0.48626807048207277,0.9963012337684631,0.4836245604923797,0.6320985044751853,0.9969849586486816,0.4666354670411068,0.6570114805584868,0.9996421933174133,60.024252223120456,0
437,0.52788919210434,0.43953942117236944,0.9954341650009155,0.4998866773787003,0.490877564464297,0.9964761137962341,0.4843956232070927,0.6362434057962332,0.9968996644020081,0.46600355704625485,0.657770645050776,0.999625563621521,60.024252223120456,0
438,0.5278037871633261,0.44643034679549115,0.9957402348518372,0.4995339328334449,0.4954425905432024,0.996699869632721,0.48459133221989625,0.6394641626448864,0.9970085620880127,0.4656327125572027,0.6585582608268379,0.9996429085731506,60.024252223120456,0
439,0.5272665648233328,0.4589230645270579,0.9953988790512085,0.5008894063177567,0.498719814277831,0.9964210987091064,0.484484909545808,0.6472380445117047,0.9968896508216858,0.4652733518963772,0.6605378389358525,0.9996100664138794,60.024252223120456,0
440,0.5264345691317608,0.4692653559503105,0.9955576658248901,0.5048924457459227,0.500206094412577,0.9966245889663696,0.48376055558522585,0.6542106810070225,0.9970477819442749,0.46536782100087154,0.6620247222128375,0.9996302127838135,60.024252223120456,0
441,0.5209872921307885,0.4731353095599587,0.9956023693084717,0.5131134192148848,0.4998281243301577,0.9968166947364807,0.4808037437143784,0.6591369992210756,0.9972431063652039,0.4671067765780862,0.6630706616810396,0.9996547102928162,60.024252223120456,0
442,0.5153913128943675,0.4774795046874459,0.9939277768135071,0.5215762626557128,0.4975057655856727,0.9963707327842712,0.4779596342926938,0.6625458938734877,0.9973607063293457,0.4693665121282854,0.6643617550532028,0.9996681213378906,60.024252223120456,0
443,0.5144633565630237,0.48653823704946647,0.9936466217041016,0.5252401828765874,0.4979420715854285,0.9965788125991821,0.4769442464624136,0.663478797390348,0.9975934028625488,0.471422652403514,0.665143577825456,0.9996983408927917,60.024252223120456,0
444,0.5195860351834982,0.49208503110068225,0.9934055209159851,0.5245884259541834,0.49414865175883016,0.9968090057373047,0.47890228742644936,0.6621209751992004,0.9977936744689941,0.47270899301483554,0.6652067190124881,0.999724805355072,60.024252223120456,0
445,0.529982013361795,0.5037105495021461,0.9935091733932495,0.5143820529892335,0.4920370834214351,0.996923565864563,0.48368401186806853,0.6618291281518487,0.997864305973053,0.47249602703821125,0.6652185888517476,0.9997305274009705,60.024252223120456,0
446,0.536857128143311,0.509094527789525,0.9938104748725891,0.5093234209787282,0.49361099799474123,0.9969561696052551,0.48790067718142593,0.6606012809844249,0.997694194316864,0.47242330227579427,0.6653064773196271,0.999671220779419,60.024252223120456,0
447,0.5347652123087933,0.5065865474087855,0.994060754776001,0.512464665231251,0.49901203172547515,0.9971006512641907,0.4889594046842488,0.6601641972859706,0.9976885318756104,0.47389646087374043,0.6662240425745651,0.9996636509895325,60.024252223120456,0
448,0.5303740728469126,0.5035256246725722,0.9939495921134949,0.5194291585967659,0.5054902604648049,0.9972894787788391,0.48931645779382654,0.6606087457566039,0.9978432059288025,0.47617347325597525,0.6674624198958993,0.999687910079956,60.024252223120456,0
449,0.5277621036484132,0.49826379191307835,0.9936610460281372,0.5270217969304043,0.5102928380171462,0.9973061084747314,0.4888377232210981,0.6616054234050575,0.9979060888290405,0.4783014910561702,0.6684102785019652,0.9997040033340454,60.024252223120456,0
450,0.5237005097525465,0.49193631751196765,0.993645429611206,0.533471178440821,0.5101158562160677,0.997092068195343,0.48811076226688604,0.6621107884815767,0.9977130889892578,0.4796917594614487,0.6688031752904262,0.999634861946106,60.024252223120456,0
451,0.5200779466401967,0.4889294717993059,0.9928296208381653,0.5325389617965339,0.5084159033639094,0.9972089529037476,0.48739625442595746,0.6623931214922956,0.9978286027908325,0.47976062411353737,0.669291008086432,0.9996551275253296,60.024252223120456,0
452,0.5157358589626498,0.4845294498261955,0.9929678440093994,0.5325298876989459,0.5068399537177317,0.997390866279602,0.4870840481349404,0.6613131562868759,0.9979720711708069,0.4791693602289476,0.6698356866836553,0.9996817111968994,60.024252223120456,0
453,0.5113913047881358,0.48418430203483254,0.9929965138435364,0.5338970167296277,0.5058587704386035,0.99760901927948,0.4851391996656149,0.6616793047814147,0.998083770275116,0.47884517198517246,0.6708176050867358,0.9997069835662842,60.024252223120456,0
454,0.5084152931258796,0.48500074233327634,0.9925870299339294,0.5343835609299801,0.5067734689939594,0.9977706074714661,0.4833746978214813,0.6632897882234488,0.9981948137283325,0.4794519742329919,0.6724468866984055,0.9997296929359436,60.024252223120456,0
455,0.5079082392510919,0.4847430203642168,0.9926312565803528,0.5350351106552855,0.5083584161031818,0.9979251027107239,0.4817174602122538,0.6649875527336488,0.9983111023902893,0.4803917478947416,0.673882711501349,0.9997513294219971,60.024252223120456,0
456,0.5070487033753172,0.48320437045324455,0.9928715229034424,0.5349594411395849,0.5098614181791037,0.998108983039856,0.4806780431951799,0.6661355807667693,0.9984421730041504,0.48135222849391796,0.674635549386343,0.9997745752334595,60.024252223120456,0
457,0.5054413874944055,0.4813396689437689,0.9929588437080383,0.5355133981931781,0.5106634923389983,0.9981971979141235,0.48068435703005147,0.6663401580992204,0.9984919428825378,0.48192639577956464,0.6758169985952837,0.9997889399528503,60.024252223120456,0
458,0.5051636979693462,0.47990662569091475,0.9923399686813354,0.5357856807254614,0.5115471283594771,0.9982762336730957,0.4822486738363906,0.6651797947429481,0.9985125064849854,0.4818792314756488,0.676814856983367,0.999799907207489,60.024252223120456,0
459,0.5050887862841292,0.48138549781981005,0.9907237887382507,0.5369310634476803,0.5145169042405632,0.9983631372451782,0.48213703575588446,0.6650533080101019,0.9985886812210083,0.48188762721561285,0.6782884001731878,0.9998157620429993,60.024252223120456,0
460,0.5042879269236613,0.48123309867722686,0.9903222918510437,0.5373316520736335,0.5186728920255392,0.9984006881713867,0.4823662581897921,0.6649709996722999,0.9986183643341064,0.4819473255248301,0.6800568529537752,0.9998204112052917,60.024252223120456,0
461,0.5048652830578035,0.4819128754593081,0.9904338717460632,0.5361301075844542,0.5223140517870589,0.9985164999961853,0.48334518784568464,0.6647647988228577,0.9986586570739746,0.48172566862333427,0.6812839366140826,0.9998303055763245,60.024252223120456,0
462,0.5108205647695636,0.48516152444339966,0.9904024600982666,0.530648115135375,0.522921034267971,0.9985182881355286,0.4852335566566108,0.6645016954058698,0.9986246824264526,0.4808640792256314,0.6814133155913585,0.9998297691345215,60.024252223120456,0
463,0.5134257418768751,0.49031604329745015,0.9909034967422485,0.525917632239206,0.5206844466073177,0.9985642433166504,0.4868018229802453,0.6645148141043532,0.9986366033554077,0.47976168564387767,0.6812643607457485,0.9998332858085632,60.024252223120456,0
464,0.5134713280768626,0.495803874163401,0.9914306998252869,0.5237542930103488,0.5176226894060776,0.9986187219619751,0.48826385679699164,0.6646792860258199,0.9986327886581421,0.4788791537284855,0.681030446574802,0.9998337030410767,60.024252223120456,0
465,0.5102103295780368,0.4977480726582667,0.9912067651748657,0.5256568278585165,0.5170921598161974,0.9987010359764099,0.48676290398552347,0.6652861180759617,0.9987475872039795,0.478737572828929,0.6812505665279576,0.9998489022254944,60.024252223120456,0
466,0.5066789786020919,0.4972575008869175,0.9916574358940125,0.5293855468432113,0.5165875781150095,0.9987505674362183,0.48476168371382256,0.6663503788766412,0.99885493516922,0.47873576907884546,0.6813342400959566,0.9998624920845032,60.024252223120456,0
467,0.502010490213122,0.49478826778275664,0.9919633865356445,0.534661173820496,0.5166014887037735,0.9987736344337463,0.482717076937358,0.6673409938812261,0.9989292621612549,0.47918776671091756,0.6816324251038692,0.9998732805252075,60.024252223120456,0
468,0.5013221786135722,0.49447041040375156,0.992108941078186,0.5362318754196171,0.5158259442874368,0.9988539814949036,0.481841433615912,0.6673956995918642,0.9990057945251465,0.4795677832194741,0.6820088227589931,0.999884307384491,60.024252223120456,0
469,0.4999513228734338,0.49661200245221493,0.9923093318939209,0.5350880424181625,0.514088766915458,0.9989191293716431,0.4810963301431569,0.6691166077341357,0.99909508228302,0.47971876462300655,0.6821175359544305,0.999895453453064,60.024252223120456,0
470,0.49786313942500565,0.49978570143381795,0.9922656416893005,0.5343118678955809,0.5144040300732572,0.998960018157959,0.4809702308405017,0.6713625646772844,0.9991438984870911,0.48046410935265715,0.6829785335631603,0.9999035000801086,60.024252223120456,0
471,0.49634941418965695,0.5022196826480687,0.9918690323829651,0.5341310671397622,0.5168853345371431,0.9989986419677734,0.4800997745423094,0.674100816249848,0.9991661906242371,0.4814129897526336,0.6840397687185384,0.9999086856842041,60.024252223120456,0
472,0.49656085882868123,0.5041653371992569,0.9922826886177063,0.534564248153142,0.5192325427418668,0.9990268349647522,0.47948616175424524,0.6761497173990527,0.999240517616272,0.48257230860846423,0.6852246749968762,0.999917209148407,60.024252223120456,0
473,0.4957938265232817,0.5036068544501354,0.9921740293502808,0.5367170174916589,0.5216484722636999,0.9990111589431763,0.4791785223143445,0.6767787252153674,0.9992899894714355,0.4838941636539645,0.6863718430201218,0.9999234080314636,60.024252223120456,0
474,0.4955341007028311,0.5014866732415703,0.992379903793335,0.5387974863960634,0.5230123968351459,0.9990358352661133,0.4801665090379265,0.6753441663015461,0.9993457198143005,0.4849609335263574,0.687184115250906,0.9999300241470337,60.024252223120456,0
475,0.49746247558366724,0.499949042286192,0.9921166896820068,0.5372790665853595,0.5225455363591516,0.9990912079811096,0.4816386813209174,0.6747743913105562,0.999365508556366,0.4848117189747951,0.6871709454627268,0.9999331831932068,60.024252223120456,0
476,0.4986879328886672,0.49798189458392955,0.9922478199005127,0.5357571045557663,0.5228293850308376,0.9990779161453247,0.48308350926353855,0.6741004870051435,0.9993708729743958,0.48450469261124063,0.6872387585185828,0.9999343156814575,60.024252223120456,0
477,0.49956066125915205,0.4962443666798732,0.9921056628227234,0.5346053640047713,0.5226395924886071,0.9990707039833069,0.4843139676820668,0.6737370945158465,0.9992832541465759,0.4839354313555222,0.6872935039656509,0.9999275803565979,60.024252223120456,0
478,0.49975545491491086,0.4951930627936412,0.9916072487831116,0.5343501993588043,0.5227257212003076,0.9990898966789246,0.4848137909457801,0.6736241664205285,0.9992995262145996,0.4836730375176389,0.6878937255768555,0.9999300837516785,60.024252223120456,0
479,0.49943735060237743,0.4952088296413426,0.9915230870246887,0.5350596507390344,0.5232587059338891,0.9991342425346375,0.48458401645932914,0.6746095958210179,0.9993394017219543,0.48377374807993606,0.6890314845811759,0.9999340772628784,60.024252223120456,0
480,0.4983169337113702,0.4963737683636805,0.9915459156036377,0.5371063663845974,0.5240125173614143,0.9990760684013367,0.4842746044908255,0.6761396129926052,0.9993708729743958,0.4848635054769974,0.6905467226391753,0.9999371767044067,60.024252223120456,0
481,0.4981144638288593,0.4966048825354807,0.9918540120124817,0.5378380275907975,0.5246656224841167,0.9991077184677124,0.4846502230280925,0.6773559110505245,0.9994193315505981,0.48590447221483546,0.6918559443382996,0.9999423623085022,60.024252223120456,0
482,0.4975847261292598,0.49493123094240865,0.9919591546058655,0.5383673622494656,0.524998852184841,0.9991284012794495,0.48505613917396223,0.6775391839799432,0.9994591474533081,0.48692247555369467,0.6923943133581258,0.9999462962150574,60.024252223120456,0
483,0.4969232607455485,0.492321698438554,0.9919325709342957,0.5385950065794449,0.5252620095298408,0.9991422295570374,0.4855524486019502,0.6768575651305069,0.9994704723358154,0.4875850024677462,0.6922411918640142,0.9999473690986633,60.024252223120456,0
484,0.4954254740760444,0.48943076389176543,0.991500973701477,0.5383910707065042,0.5261128062293647,0.9990786910057068,0.4856531918048863,0.6757563437734337,0.9994474649429321,0.48808897960753705,0.6917475802557815,0.9999403357505798,60.024252223120456,0
485,0.49656328700837676,0.4883387358415699,0.9912910461425781,0.5364006218456091,0.5264915937469123,0.9989787936210632,0.4860771880263378,0.6751188976424087,0.9994420409202576,0.4874663438115805,0.6912133012499133,0.9999373555183411,60.024252223120456,0
486,0.49646145673025266,0.4877342652706877,0.9916142821311951,0.5359824526877635,0.5276865079289395,0.9990043044090271,0.4870168353830069,0.675103882948558,0.9994557499885559,0.4864512625194735,0.6908312269619539,0.9999367594718933,60.024252223120456,0
487,0.5041085297153114,0.4924666626112806,0.9916432499885559,0.5264733022167574,0.525559402647473,0.9987965822219849,0.4892053675083891,0.6756540451731006,0.9993107318878174,0.4841496135507315,0.6905852896826614,0.9999181032180786,60.024252223120456,0
488,0.5146733394690927,0.4987123622780758,0.9918648600578308,0.5163467185837887,0.5210466271355043,0.9985817670822144,0.4915303247315547,0.6763191052845552,0.9992137551307678,0.48097215663819126,0.6898190719740737,0.9999027848243713,60.024252223120456,0
489,0.5263670086860661,0.50684457449686,0.9923197627067566,0.5041576113019675,0.5168514847755437,0.9985591173171997,0.4939981500307723,0.6769892119226006,0.9986640810966492,0.4777722074871975,0.6886808332942786,0.9998119473457336,60.024252223120456,0
490,0.5344320677575616,0.5141654724166511,0.9928691983222961,0.49585162599881527,0.5127698835872472,0.9984397292137146,0.49528737011409985,0.6774601652508696,0.9984335899353027,0.4754378781432201,0.6871994308062968,0.9997745752334595,60.024252223120456,0
491,0.5391219740822206,0.5210057866005675,0.9930282235145569,0.49295589185896416,0.510204652945201,0.9978500008583069,0.4964197831494471,0.6775329992884687,0.9979139566421509,0.4733347637312757,0.6851114346867522,0.9996840953826904,60.024252223120456,0
492,0.5359175233613882,0.5232374668121342,0.9920385479927063,0.4980805729116716,0.5113787253697717,0.9970020055770874,0.4958880515325641,0.6775947553770889,0.9976951479911804,0.4721907632691523,0.6836232968739107,0.9996575117111206,60.024252223120456,0
493,0.5346154229981563,0.5227631188574295,0.9916458129882812,0.5007699458372029,0.5118749822889059,0.9954561591148376,0.4940811863967355,0.675839761892955,0.9975395202636719,0.47103132662319036,0.681851398377192,0.9996334910392761,60.024252223120456,0
494,0.530712451253619,0.528012559527443,0.9889051914215088,0.5028901242074516,0.5117842413130265,0.9940357804298401,0.4900985019547603,0.678491958550045,0.9973584413528442,0.4690552538349519,0.6802330556369969,0.9996210932731628,60.024252223120456,0
495,0.5284278790156052,0.5364285224959968,0.9893156290054321,0.5008926207111,0.5152593936238974,0.9939785599708557,0.48575208726383434,0.6814404981476925,0.9973167777061462,0.4664724156970073,0.6783702316738316,0.9996218681335449,60.024252223120456,0
496,0.5275690442039858,0.542341047809238,0.9878425002098083,0.49824977204913223,0.5207455271766304,0.994282066822052,0.48237416290101587,0.6823425292968754,0.9974969029426575,0.4627296356927785,0.6753808827627279,0.9996466636657715,60.024252223120456,0
497,0.5284368367422199,0.5461021604992099,0.9857970476150513,0.49685892604646265,0.5265529240880698,0.9941074252128601,0.480833117450987,0.6809888964607607,0.9959421753883362,0.45979152974628307,0.6733001811163771,0.9991703629493713,60.024252223120456,0
498,0.5233954758871173,0.542598582449414,0.985340416431427,0.4960571726163232,0.5261844283058534,0.9939790368080139,0.4752468849931448,0.6782515645027166,0.9960519075393677,0.4564289081664316,0.669934593495869,0.9992349147796631,60.024252223120456,0
499,0.5266453680538,0.542589108149211,0.9853414297103882,0.4971376969700772,0.5299682815869653,0.9941973686218262,0.47672534130868494,0.6700839740889418,0.9962882399559021,0.4561760255268646,0.6654822514170697,0.9992974400520325,60.024252223120456,0
500,0.5232506266662057,0.5391209835097908,0.9813392162322998,0.4956013886701497,0.5259539967491518,0.9941772818565369,0.47260026137034133,0.6638272745268691,0.9963521957397461,0.4531876856372474,0.6607237742060712,0.9993133544921875,60.024252223120456,0
501,0.5151233630520962,0.5268539502507169,0.9831299185752869,0.49614892261368926,0.516489521378563,0.9947295784950256,0.46456838789440374,0.6543228086971107,0.996687114238739,0.448936767521359,0.6531152640070239,0.9993805885314941,60.024252223120456,0
502,0.5067915235246936,0.5096084120727725,0.9839789271354675,0.4981262116205129,0.5065702285085409,0.9952361583709717,0.4535724960622337,0.6437203032629836,0.9968304634094238,0.4418462316195173,0.6446950861385896,0.9994319677352905,60.024252223120456,0
503,0.5007941524187729,0.49060528477033016,0.9852283596992493,0.501593615327563,0.498322168986003,0.9956974983215332,0.44231326807112953,0.6334185798962917,0.9970195889472961,0.43460470863751033,0.6388217693283449,0.9994800090789795,60.024252223120456,0
504,0.49259700519698046,0.47568177041553356,0.9866072535514832,0.503972050689516,0.4909306168556218,0.9961210489273071,0.4293950242655621,0.6260964302789602,0.9971232414245605,0.4272213351158872,0.632493498779479,0.9994803667068481,60.024252223120456,0
505,0.49681219032832596,0.4784888014906933,0.9878429770469666,0.5045943402108696,0.4956027723494034,0.9964998364448547,0.4280934773740318,0.6182329030263997,0.9971214532852173,0.42366388865879634,0.6256542887006493,0.9994179010391235,60.024252223120456,0
506,0.49824200925372936,0.47949670326142124,0.9889475107192993,0.5030823591209598,0.498558600743612,0.996841311454773,0.4265910188357039,0.6106669022923429,0.9969169497489929,0.4188548681281865,0.6187884949502496,0.9992653131484985,60.024252223120456,0
507,0.4980330325308304,0.48079202004841437,0.9899263381958008,0.500723466986702,0.49840029648372147,0.9971494078636169,0.4258600700469247,0.6031348024095813,0.9966650605201721,0.4153176829928447,0.6106327942439493,0.9992123246192932,60.024252223120456,0
508,0.49777727467673205,0.4830207796323871,0.9908262491226196,0.49719464778900185,0.4973177086739317,0.997429370880127,0.424201785098939,0.5975517034530644,0.9966779351234436,0.4113065572012041,0.6042432302520393,0.9992026686668396,60.024252223120456,0
509,0.49698122910090897,0.48316150903701827,0.9916054010391235,0.49264034486952324,0.4963561566103077,0.9976738095283508,0.4224916171459928,0.593832583654495,0.9966668486595154,0.4074015645753773,0.6015261071068905,0.999030351638794,60.024252223120456,0
510,0.493368057977586,0.48224417794318464,0.992367684841156,0.4883463538828354,0.49642427336602024,0.9978998303413391,0.41983869104158344,0.592768544242496,0.9967896342277527,0.40393428717340774,0.6020793347131643,0.9990401268005371,60.024252223120456,0
511,0.48852870435941825,0.4804915700640001,0.9930703043937683,0.4834197433221912,0.49607975426174383,0.9981064796447754,0.4171164106755033,0.5934509152457832,0.9969149827957153,0.39993773755573125,0.6036680425916404,0.9991065263748169,60.024252223120456,0
512,0.48455473638716234,0.4787558161077049,0.9937121868133545,0.47837144846007973,0.4952960880029773,0.9982932209968567,0.41542184210958966,0.5942212343215947,0.9971063137054443,0.3957782927013582,0.605750061216809,0.9991806745529175,60.024252223120456,0
513,0.4817823881194709,0.48045059612819163,0.994239866733551,0.4730536015260791,0.4944999359902885,0.9984577894210815,0.41382415095965097,0.5961133951232551,0.9971305727958679,0.3923670152823133,0.6072200139363612,0.9992255568504333,60.024252223120456,0
514,0.47944788563819196,0.48466990959076695,0.9947144985198975,0.4678477190789726,0.49467343801543867,0.9986010193824768,0.4124962290128076,0.5998901951880686,0.9972449541091919,0.39003203028724337,0.6101885296049577,0.999268651008606,60.024252223120456,0
515,0.4761206990196595,0.48992626865704897,0.9952015280723572,0.463057922465461,0.4952395331291929,0.998735249042511,0.4097079194727401,0.6055226950418386,0.997398316860199,0.38815243613152306,0.616197268168132,0.9993255138397217,60.024252223120456,0
516,0.47173710096450117,0.4964277261779426,0.9956510663032532,0.45892832108906373,0.5006796632494249,0.9988536238670349,0.40656664116042035,0.6124390533992228,0.9975254535675049,0.3865985245931719,0.6249515442621145,0.9993582367897034,60.024252223120456,0
517,0.4670592958018897,0.5027758181095128,0.9960716366767883,0.45466351225262636,0.508650647742408,0.9989620447158813,0.40222392479578684,0.6201857981227699,0.9976842999458313,0.3839578160217833,0.6347100990159176,0.9993896484375,60.024252223120456,0
518,0.46372841369538115,0.5075074150448757,0.9964596629142761,0.45063767830530843,0.5182983506293528,0.9990606904029846,0.39876224739210975,0.6260190492584596,0.9978841543197632,0.38107304204077974,0.643820893196833,0.9994378685951233,60.024252223120456,0
519,0.46144719492821507,0.5132603446642562,0.9968061447143555,0.4471545460678286,0.5295114886193053,0.9991477727890015,0.39490691820780466,0.6305219445909778,0.9980727434158325,0.37767077485720346,0.6514509008044294,0.9994864463806152,60.024252223120456,0
520,0.4599085308256607,0.5207771658897404,0.9971110820770264,0.44425276915232376,0.5396455668267754,0.9992278218269348,0.39180221586000386,0.6361616140320192,0.9982345700263977,0.3742406027657648,0.658466688224248,0.9995302557945251,60.024252223120456,0
521,0.45896533273515283,0.5295369000661945,0.9973638653755188,0.4418702409380962,0.5465496778488164,0.9992946982383728,0.3889398617403851,0.6422764119647804,0.9983649849891663,0.3707019743465245,0.6648910925501874,0.9995670914649963,60.024252223120456,0
522,0.45698682041395317,0.5376252759070628,0.9975293278694153,0.43995455333164796,0.5555322908219842,0.9993436932563782,0.38559626539548264,0.6484930742354625,0.9984490871429443,0.3673667978672757,0.6714852679343456,0.9995958209037781,60.024252223120456,0
523,0.45408872621400054,0.5439579600379585,0.9976484775543213,0.4384966776484538,0.563414437430246,0.9993885159492493,0.38168027429353657,0.6544523012070433,0.9985429048538208,0.36384603806904414,0.6769294256255746,0.9996267557144165,60.024252223120456,0
524,0.4511873934950151,0.5487286732310346,0.9977755546569824,0.43735199315207374,0.5706306298573817,0.9994378089904785,0.3780799720968522,0.6598346233367924,0.9986591935157776,0.36074573936916565,0.6820104718208319,0.9996610283851624,60.024252223120456,0
525,0.448658740236646,0.5526421495846344,0.9978864192962646,0.437036528473809,0.5781059917949499,0.9994723796844482,0.3739409035160431,0.6653622332073399,0.9987570643424988,0.3578793335528604,0.688023862384615,0.999689519405365,60.024252223120456,0
526,0.4471038210959665,0.5564142011460809,0.9979974627494812,0.4372057120005293,0.5837794372013642,0.9995147585868835,0.3711240632193432,0.6722566173190168,0.998846709728241,0.3557264989330658,0.6949185047830859,0.9997175931930542,60.024252223120456,0
527,0.44703806865783,0.5610846650032775,0.9980801939964294,0.437251163380487,0.5873101325262164,0.9995542168617249,0.36932143710908466,0.6795779722077511,0.998910665512085,0.35359512482370675,0.7011138342675713,0.9997410178184509,60.024252223120456,0
528,0.44607777680669547,0.565667569637299,0.9980793595314026,0.4373490271114171,0.5910961060296926,0.999581515789032,0.3664307211126603,0.6863223058836807,0.9989067316055298,0.35125320440246977,0.7063179981140869,0.999749481678009,60.024252223120456,0
529,0.4447709946405323,0.5700819435573764,0.998095691204071,0.4370639778318863,0.5941457351048791,0.9996044635772705,0.36385675980931265,0.6905310494559158,0.9988908171653748,0.34857324333418016,0.7089686762718933,0.9997494220733643,60.024252223120456,0
530,0.4435275168645953,0.574386869158064,0.9981771111488342,0.43620277728353263,0.5967108692441673,0.9996346831321716,0.3616832395394646,0.6928369629950757,0.9989011287689209,0.34629158746628563,0.709713654858726,0.9997618198394775,60.024252223120456,0
531,0.4422563200905213,0.5780448998723716,0.9982832074165344,0.4355103274186456,0.5994039632025224,0.9996634721755981,0.35978988380659227,0.6943324406941738,0.998943030834198,0.34465691305342205,0.7102205072130481,0.9997779130935669,60.024252223120456,0
532,0.44090396591595277,0.5804246295066111,0.9984003901481628,0.4342481479758311,0.6011171170643403,0.9996923804283142,0.35879056084723726,0.6955517615590783,0.9989989399909973,0.3433763796374914,0.7112801330430173,0.9997960329055786,60.024252223120456,0
533,0.4397147099177046,0.5823029052643554,0.9985038042068481,0.4329353400639129,0.6026602359045125,0.9997182488441467,0.3566545148690544,0.6974278234300164,0.9990574717521667,0.341602649007525,0.7123328447341924,0.99981290102005,60.024252223120456,0
534,0.43854474453699055,0.5846264333952046,0.9985958337783813,0.4321165496394751,0.6039489933422639,0.9997403025627136,0.35402226448059115,0.6998038121632173,0.999095618724823,0.3398513510113673,0.7127048344839193,0.9998255968093872,60.024252223120456,0
535,0.43790461903526706,0.5864142690386096,0.9986711740493774,0.43190825553167467,0.6046126456487751,0.9997606873512268,0.3519266347090406,0.7009100488254008,0.9991357922554016,0.3381594547203612,0.7122568147523068,0.999837338924408,60.024252223120456,0
536,0.4378822417486285,0.5871674390066243,0.9986889958381653,0.43223967580568257,0.6045080962635226,0.999773383140564,0.35039185200418776,0.7008944040253055,0.9991092681884766,0.33700633190927076,0.711578772181557,0.9998415112495422,60.024252223120456,0
537,0.43819880343618883,0.587013199215844,0.9986594319343567,0.43297964050656307,0.6038212889716743,0.9997794032096863,0.3496601737680892,0.7002589447157729,0.999051570892334,0.33646129710333716,0.7110238103639518,0.9998375177383423,60.024252223120456,0
538,0.4387183714480631,0.586571111565545,0.9986799955368042,0.43314603680656105,0.6027238965034489,0.9997913241386414,0.3501008365835465,0.699040639968146,0.9990155100822449,0.336138732376553,0.7103622669265389,0.9998370409011841,60.024252223120456,0
539,0.4389017025629683,0.5860441412244528,0.9987087845802307,0.43373699982961056,0.6025405753226512,0.9998018741607666,0.3503190733137588,0.6979443743115386,0.999001681804657,0.33609482220241027,0.7100902455193662,0.9998388886451721,60.024252223120456,0
540,0.43994072079658547,0.5858727125894461,0.9987946152687073,0.4345754030204958,0.6028440367607848,0.9998177289962769,0.3509017370996024,0.6963348445438209,0.9990485310554504,0.33658086543991483,0.7093404417946232,0.999849796295166,60.024252223120456,0
541,0.4413788503124604,0.5856258386657356,0.9988808035850525,0.4363324344158176,0.6033314551625938,0.9998340010643005,0.351571599642436,0.6946775913238531,0.9991081357002258,0.33715471057664803,0.7083678784824559,0.9998621940612793,60.024252223120456,0
542,0.44318895396732183,0.585435393310729,0.9989399313926697,0.4382324034259436,0.6037368746030903,0.9998468160629272,0.35176945867992615,0.6924167559260419,0.9991373419761658,0.3374236609254567,0.7066195096288415,0.9998712539672852,60.024252223120456,0
543,0.4451500021276023,0.5849027406601683,0.9990043640136719,0.4403222160679957,0.6037514266513648,0.9998599886894226,0.35232562962032526,0.6893015674182352,0.9991745352745056,0.33781963019143996,0.7040063142776495,0.9998801350593567,60.024252223120456,0
544,0.44751263658205703,0.5843441032228021,0.999042272567749,0.44189971969241226,0.60397295724778,0.999869167804718,0.3539978577977138,0.6859747057869326,0.9991550445556641,0.33861925630342415,0.7011661643073679,0.9998807907104492,60.024252223120456,0
545,0.4490087401299253,0.5838615269888019,0.9990705251693726,0.443222861914408,0.6035316472961794,0.9998775720596313,0.3559471922261377,0.6833905322211136,0.99910569190979,0.33987502398945063,0.6983039265587221,0.9998811483383179,60.024252223120456,0
546,0.45037763601257724,0.5839179073061267,0.9991134405136108,0.44384344702675266,0.60270939554487,0.9998864531517029,0.35773909517696956,0.6809623525256208,0.9991052150726318,0.3410362303256991,0.6948030392328903,0.9998847246170044,60.024252223120456,0
547,0.4515303728126348,0.58421441203072,0.9991115927696228,0.4451502064863844,0.6018494679814298,0.9998930096626282,0.3593012605394639,0.6784695755867737,0.9990511536598206,0.3423061541148597,0.6913122506368734,0.9998811483383179,60.024252223120456,0
548,0.45285456521170514,0.584668914477031,0.9990882277488708,0.44628721759432877,0.6010994457063226,0.999896228313446,0.3605480307624457,0.6753767870721369,0.9989880323410034,0.34356115687461153,0.6874881131308425,0.9998753070831299,60.024252223120456,0
549,0.45511291708265067,0.5849443503788544,0.9991129636764526,0.44738014397167064,0.6007609991800222,0.9999027848243713,0.362263483660562,0.6712330636524024,0.9989730715751648,0.34480152243659634,0.6834674023446587,0.9998782873153687,60.024252223120456,0
550,0.4580790854635696,0.5846418426150373,0.9990849494934082,0.44871389298211994,0.6010171998114818,0.9999032020568848,0.36454133902277297,0.6674451033274338,0.9989168643951416,0.3465763287884851,0.6800215357825875,0.9998742938041687,60.024252223120456,0
551,0.46087089322862207,0.5844348583902637,0.9990744590759277,0.45026218607312196,0.6012174288431809,0.9999040961265564,0.36664657649539795,0.6653323797952566,0.998891294002533,0.34861858969643034,0.6773243801934383,0.9998714327812195,60.024252223120456,0
552,0.462508728106817,0.5839071898233328,0.9990965127944946,0.4522522914977305,0.6011824607849126,0.9999088644981384,0.36788639000483947,0.6635803495134631,0.9988483190536499,0.3502074664547333,0.6746055966331851,0.9998676180839539,60.024252223120456,0
553,0.463208126170295,0.5817459963616876,0.9991165399551392,0.4551111559073134,0.6008094095048455,0.9999132752418518,0.36832945687430274,0.6598537592660818,0.9988275766372681,0.351739721638816,0.6715374248368404,0.9998672008514404,60.024252223120456,0
554,0.46330237246695055,0.5781979106721429,0.9991357326507568,0.4573512503079009,0.5998476403100155,0.9999162554740906,0.3681939755167283,0.6543572658584237,0.9988675713539124,0.35284072018805035,0.6682380324318301,0.9998656511306763,60.024252223120456,0
555,0.46395271165030383,0.573744152273451,0.9991455078125,0.4585045576095585,0.5981729938870389,0.9999186396598816,0.36849184830983506,0.6480916312762675,0.9989069700241089,0.35343902735483107,0.6647863586743679,0.9998675584793091,60.024252223120456,0
556,0.4646230907667255,0.5689006135577253,0.9991298317909241,0.4590084609531224,0.5948081640970144,0.99991774559021,0.3689732877981098,0.6427674265134907,0.9989283084869385,0.3540098766485853,0.661015771684193,0.9998650550842285,60.024252223120456,0
557,0.4657081663608555,0.565161111808959,0.9990881085395813,0.45881945604369795,0.5904203397887099,0.9999141693115234,0.3699171656653998,0.6403610223815559,0.9989036917686462,0.3544781917617438,0.6584252857026605,0.999856173992157,60.024252223120456,0
558,0.4668022763161436,0.5625449305488954,0.9990518093109131,0.4586774423008877,0.5854990340414505,0.9999108910560608,0.37122221645854797,0.6383757534481236,0.9989080429077148,0.354781881684349,0.6547920221374154,0.9998483657836914,60.024252223120456,0
559,0.4682324599652067,0.5607208751496819,0.9990227222442627,0.4593139475300202,0.5814955206144428,0.9999083280563354,0.3727009537674135,0.6356587608655299,0.9989211559295654,0.3555925516855152,0.650548228195736,0.999845564365387,60.024252223120456,0
560,0.47021381911777355,0.5601628848484589,0.9990040063858032,0.4606467499619442,0.5791320261501136,0.9999074935913086,0.3743675805273513,0.6317009358179007,0.9989291429519653,0.3567297075475968,0.6451884791964582,0.9998419880867004,60.024252223120456,0
561,0.47277460069883476,0.5604137153852558,0.9989823698997498,0.4626734824407672,0.5787026882171635,0.9999075531959534,0.3762507197402776,0.6273901178723295,0.9989442825317383,0.3580977547736398,0.6398095091183985,0.9998409152030945,60.024252223120456,0
562,0.47540466274533993,0.5608086813063853,0.9989218711853027,0.46542910734812454,0.5788025770868579,0.9999050498008728,0.3776853623844332,0.6227001065299629,0.998941957950592,0.3594497328712829,0.6342698874927708,0.9998371601104736,60.024252223120456,0
563,0.47773215600422486,0.5611726499739151,0.9989500641822815,0.46857665692056966,0.5791882730665665,0.9999088048934937,0.37841122207187505,0.6187160781451639,0.9989875555038452,0.36048827284858365,0.6297981341679897,0.999842643737793,60.024252223120456,0
564,0.47940514201209694,0.5614208862895063,0.9989147782325745,0.47133386560848817,0.5790581107139592,0.9999085664749146,0.37879963290123747,0.6152511920247765,0.9989771246910095,0.3613041156814215,0.626012626148406,0.9998306632041931,60.024252223120456,0
565,0.4808799894083117,0.5613615711530054,0.9988265633583069,0.47398974498113033,0.5789091246468685,0.9999081492424011,0.3786685537724271,0.6123967369397486,0.9989463090896606,0.3623986996355514,0.6238396820567909,0.9998195767402649,60.024252223120456,0
566,0.48265852388881536,0.5607150509243924,0.9988067746162415,0.47615301892870987,0.5787466480618435,0.9999082684516907,0.3794137381372001,0.609656277157012,0.9989076852798462,0.36399772763252286,0.6213922983124147,0.9998029470443726,60.024252223120456,0
567,0.48433471293676505,0.5598163604736333,0.9987457394599915,0.477940332321894,0.5786855987140115,0.9999053478240967,0.38040116996992235,0.6070193080675039,0.9988518953323364,0.36581077036403503,0.6188926640011021,0.9997798800468445,60.024252223120456,0
568,0.48601225160417144,0.557731565975008,0.9986913204193115,0.4795900256860828,0.5776986706824534,0.9999008178710938,0.38155945709773503,0.603066015811194,0.998782217502594,0.3676794682230271,0.6153661268098018,0.9997509121894836,60.024252223120456,0
569,0.4873041453815646,0.5551843302590511,0.9985951781272888,0.4813811495190579,0.5761131218501505,0.9998959302902222,0.3826003542968208,0.5987227701005486,0.9987429976463318,0.3692867841039388,0.6110141646294371,0.9997336864471436,60.024252223120456,0
570,0.4881155377342591,0.5531380999655955,0.9985101819038391,0.48301143447558126,0.5739192536899026,0.9998905658721924,0.3838398484956653,0.5951148413476495,0.9986469149589539,0.37073691827910316,0.6067082740011673,0.9996981620788574,60.024252223120456,0
571,0.4891466129393809,0.5512324032329381,0.9983543753623962,0.4847090655849097,0.5717181024097265,0.9998783469200134,0.3849067191282911,0.5920805278278537,0.9984643459320068,0.3720782853308181,0.6028799017270411,0.9996389150619507,60.024252223120456,0
572,0.49131280041876335,0.5492194067864196,0.998222827911377,0.48605877586773505,0.5703176856040959,0.9998714923858643,0.3868750362169178,0.5890513573374072,0.9983291029930115,0.37330799301465384,0.598616344588144,0.9996076822280884,60.024252223120456,0
573,0.49392329227356724,0.5477588574091599,0.9980030655860901,0.48716339327040215,0.5693802294277015,0.9998454451560974,0.3890793266750521,0.5861457699821113,0.9981215596199036,0.3747245499065947,0.5946734973362519,0.9995313882827759,60.024252223120456,0
574,0.4969930180481506,0.5463091844604133,0.9977956414222717,0.4886037324156084,0.5683148134322398,0.9998219609260559,0.39151295026143423,0.5832479709670662,0.997933566570282,0.37644926990781546,0.5913221637407944,0.99945467710495,60.024252223120456,0
575,0.49993042293049084,0.5455310940742497,0.9976382851600647,0.4902496408848539,0.5676387633596153,0.9998085498809814,0.39393162443524343,0.5805898223604479,0.9977195262908936,0.3783770047482993,0.5880045692125961,0.9993948936462402,60.024252223120456,0
576,0.5024735771474388,0.54499059631711,0.9975028038024902,0.4921819198699228,0.5674756964047754,0.9997970461845398,0.3967093413784394,0.5777254161380591,0.9974620342254639,0.38103028564226094,0.5852597696440565,0.9993155598640442,60.024252223120456,0
577,0.5041863038426357,0.5440298517545068,0.9974114894866943,0.49405949314435366,0.5666515429814661,0.9997885823249817,0.39909500309399226,0.5746957659721379,0.9971994757652283,0.38371419055121314,0.5825576214563284,0.9992290735244751,60.024252223120456,0
578,0.5057222758020677,0.5427518884340927,0.997462809085846,0.49580256711869053,0.5652529370217101,0.9997878074645996,0.4010808496248157,0.5707498987515772,0.9970583319664001,0.3858317108381365,0.578619417690096,0.9991745352745056,60.024252223120456,0
579,0.506598980653854,0.5417912432125641,0.9974926114082336,0.4971258668672475,0.5627870020412269,0.999782145023346,0.40254408972603967,0.5664612565721789,0.9969723224639893,0.3881033389341267,0.5740538438161219,0.999114453792572,60.024252223120456,0
580,0.5075081189473474,0.5411036440304351,0.9975747466087341,0.49889363561357813,0.5601696343649006,0.9997773766517639,0.40342916619210045,0.5621610851514911,0.9970028400421143,0.39021046104885315,0.5692079464594528,0.999072253704071,60.024252223120456,0
581,0.508163222244808,0.5403783094315306,0.9975727796554565,0.5010138366903581,0.5581908339545845,0.9997698068618774,0.40358375225748366,0.5575339907691597,0.9969296455383301,0.392080081360681,0.5628826958792554,0.9990065097808838,60.024252223120456,0
582,0.5087930588495168,0.538858913239979,0.9975841045379639,0.5034025425002693,0.5572485668318616,0.9997550249099731,0.40363514139538753,0.5521395007769272,0.9967871904373169,0.3939756566569922,0.5566278071630573,0.998883068561554,60.024252223120456,0
583,0.508811610085624,0.5371036671456841,0.9975312352180481,0.5055238036882314,0.5558271691912701,0.9997314810752869,0.4033810567288175,0.5474542549678262,0.996728241443634,0.39495152802694444,0.550717895939237,0.99875807762146,60.024252223120456,0
584,0.5086421313739962,0.535969061510904,0.997404932975769,0.5075302861985711,0.5537783361616593,0.9996762871742249,0.4033320645491285,0.5444623544102628,0.9967813491821289,0.39623715905916157,0.5456335118838723,0.9986414313316345,60.024252223120456,0
585,0.5081351995468144,0.5358193772179745,0.9972463846206665,0.5092209662709921,0.5508438547452296,0.9996534585952759,0.4039286431812108,0.5421220291228526,0.9968528747558594,0.3985674480597181,0.5409397227423536,0.9985908269882202,60.024252223120456,0
586,0.5081424060321993,0.5355378162293212,0.9970812797546387,0.5110404235976087,0.5480832798140394,0.9996329545974731,0.40481043997265076,0.5397508910724099,0.9969988465309143,0.4017003306320739,0.5368644680295676,0.9985739588737488,60.024252223120456,0
587,0.5082304137093685,0.5347611875761127,0.9967207312583923,0.512986072472164,0.5460161935715453,0.9995532631874084,0.4056301727181393,0.5368432260694962,0.9970855116844177,0.40531871716181467,0.5328782598177596,0.9984797239303589,60.024252223120456,0
588,0.5090658466021224,0.5333096016021006,0.9963611960411072,0.5148353974024459,0.5451048584211444,0.9994606971740723,0.4069604320185528,0.5331325303940551,0.9972376823425293,0.4084267403398244,0.5300656954447432,0.9984358549118042,60.024252223120456,0
589,0.5103426887875515,0.5313646339234857,0.9959460496902466,0.5166318274679642,0.5450576742490137,0.9993996620178223,0.4086716217654095,0.5301352710950946,0.9973930716514587,0.4109962554205035,0.5289215473901662,0.9984371662139893,60.024252223120456,0
590,0.5119390232222425,0.5292661700929918,0.9953446388244629,0.5185919773010985,0.5454771575473607,0.9993308782577515,0.41033161679903696,0.5285913433347433,0.9974947571754456,0.41357828463826896,0.5293282866477971,0.9984156489372253,60.024252223120456,0
591,0.5137240943454565,0.526646406877609,0.9949887990951538,0.5203696404184618,0.5458763099852066,0.9993126392364502,0.41218646225475164,0.5276840073721754,0.9976593255996704,0.41634962104615747,0.5301229329336261,0.9984486699104309,60.024252223120456,0
592,0.5158462694713052,0.5241931478182479,0.9950047731399536,0.5222047056470603,0.5458689048176724,0.9993516206741333,0.41364830732345614,0.5274877094087151,0.9978529214859009,0.41852343508175477,0.5304012894630437,0.9985265731811523,60.024252223120456,0
593,0.5175374320575173,0.5229336051713857,0.9948886632919312,0.524111526353019,0.5452635855901813,0.9993863701820374,0.4147918522357944,0.5278820452235997,0.9980237483978271,0.4207522102764678,0.5303378729593191,0.998586118221283,60.024252223120456,0
594,0.518929311207363,0.5227480275290357,0.9948724508285522,0.5263116643542339,0.5447273793674655,0.9994185566902161,0.4157405722708932,0.5288903486161008,0.998188316822052,0.4227333551361451,0.5306937637783237,0.9986686110496521,60.024252223120456,0
595,0.5199156744139539,0.5226453429176698,0.9950659275054932,0.5285771545909704,0.5442666297867189,0.9994588494300842,0.41670766330900677,0.5293530906949728,0.998356819152832,0.42513757376443806,0.5310379209972567,0.9987800121307373,60.024252223120456,0
596,0.5205737976800833,0.5219882584753495,0.9953097105026245,0.5311985867364071,0.5438252602304735,0.9994973540306091,0.4176070888837182,0.5288646391459878,0.9985140562057495,0.4278818354720164,0.5309068333534972,0.9988890886306763,60.024252223120456,0
597,0.5210930307706201,0.5206534351621359,0.9954795241355896,0.5331884650957022,0.5428519788242526,0.9995348453521729,0.4188789625962579,0.5277943611145024,0.9986525177955627,0.43073261919475775,0.5304507386116759,0.9989779591560364,60.024252223120456,0
598,0.5220128070740477,0.5190182413373678,0.9956225156784058,0.5345041496413099,0.5401617799486438,0.9995688796043396,0.42077587899707647,0.5260847381183084,0.9987779259681702,0.4326326690969017,0.5286233141308743,0.9990660548210144,60.024252223120456,0
599,0.5236764067695259,0.5173638690085642,0.9957193732261658,0.5355440293039598,0.5358740403538662,0.9995831251144409,0.42350995682534753,0.5249400507836118,0.9988842606544495,0.43485110146658795,0.5267827170235775,0.9991241693496704,60.024252223120456,0
600,0.5254932585216708,0.5148416388602488,0.995887041091919,0.5370989271572661,0.5309982101122543,0.9995982646942139,0.42575349836122456,0.5244527601060418,0.9989851713180542,0.43704234560330746,0.525484437034244,0.9991886615753174,60.024252223120456,0
601,0.5275335851169772,0.5099660654862725,0.995944082736969,0.5390140612920129,0.5265762919471382,0.99961918592453,0.4277700739247462,0.5227722752661936,0.9990661144256592,0.4390285000914622,0.5240379742213662,0.9992289543151855,60.024252223120456,0
602,0.5298893451690678,0.5030515690644586,0.9962446093559265,0.5414471626281743,0.5208322065217159,0.9996495842933655,0.43000292494183534,0.5202139445713592,0.9991578459739685,0.44111642241478,0.5224727221897674,0.999302864074707,60.024252223120456,0
603,0.5320829749107365,0.49409577818143974,0.9964627623558044,0.5436860805466066,0.5132403955573132,0.9996739625930786,0.43166072453771354,0.5151889522870385,0.9992384910583496,0.44231783634140415,0.5196134788649427,0.9993645548820496,60.024252223120456,0
604,0.5344936507088802,0.48504952022007575,0.9966711401939392,0.545015931129456,0.502654028790338,0.9996970295906067,0.43326983565375954,0.5084686236722133,0.9993066191673279,0.44241780752227455,0.5137817348752707,0.9994117021560669,60.024252223120456,0
605,0.53703575758707,0.4774575403758462,0.9968556761741638,0.5457071661949162,0.4924793527239849,0.9997116327285767,0.4345923662185673,0.5025299049559098,0.9993656277656555,0.44289620859282386,0.5083315826597672,0.9994463324546814,60.024252223120456,0
606,0.5383086147762484,0.46989873761222517,0.9969773292541504,0.5467002221516205,0.48485809848422134,0.9997117519378662,0.4345127599579951,0.49767119543893035,0.9994141459465027,0.4439290549073904,0.5041435786655974,0.9994650483131409,60.024252223120456,0
607,0.5392476377033056,0.462735976491656,0.9970896244049072,0.5480539372989114,0.4795635739962264,0.9997154474258423,0.43425546373639823,0.49426477579843475,0.9994587302207947,0.44558187183879705,0.5009225450810936,0.9994904398918152,60.024252223120456,0
608,0.5400180050304962,0.4546319232100536,0.9972901344299316,0.5493861692292354,0.47299684797014546,0.9997372627258301,0.4345482956795469,0.4920579450471065,0.9995065331459045,0.4481980743862337,0.49901334728513486,0.999529242515564,60.024252223120456,0
609,0.5404054919878646,0.44462764688900575,0.9973781704902649,0.5507974056970509,0.4656233461130237,0.9997512698173523,0.43461064497629837,0.48905303506624176,0.9995326995849609,0.4511895023641136,0.4971205691496535,0.9995350241661072,60.024252223120456,0
610,0.5416131729171394,0.43495429271743447,0.9974148869514465,0.551603266171047,0.45502621219271744,0.9997668266296387,0.4364407545044312,0.4865504489058544,0.9995297789573669,0.45383452801477375,0.4939994471413753,0.9995123744010925,60.024252223120456,0
611,0.543367825803303,0.4266742737520312,0.9973589181900024,0.5519751821245471,0.4449289497875036,0.9997732639312744,0.439262980506534,0.48492705821991006,0.999422013759613,0.45560003178460295,0.49141430712881584,0.9993987083435059,60.024252223120456,0
612,0.5448951636041919,0.41806635402497827,0.997435450553894,0.5520718750499548,0.43621414899826083,0.9997869729995728,0.44248906061762894,0.4839596677394144,0.9992882013320923,0.4559328712168198,0.4894522045339861,0.9993010759353638,60.024252223120456,0
613,0.5468578622454693,0.41082536606561604,0.9975722432136536,0.552202287174407,0.42738727018946726,0.9998022317886353,0.4465411404768629,0.4838294727461683,0.9991247057914734,0.4552426196279984,0.487693826357524,0.9992314577102661,60.024252223120456,0
614,0.5486320115271073,0.40385282465389827,0.9976905584335327,0.5525927713939126,0.4172821981566296,0.9998111128807068,0.4498643534524104,0.4836707824752448,0.9990131855010986,0.4547315083798912,0.48590504413559366,0.9991126656532288,60.024252223120456,0
615,0.5498092657043825,0.39639413640612675,0.9978398084640503,0.5533167918523157,0.40870400979405386,0.9998258948326111,0.4513593968890966,0.4833736660934634,0.9989877939224243,0.45591198972293345,0.48442316906792815,0.9991055130958557,60.024252223120456,0
616,0.5509722346351265,0.38901692061197224,0.9979748725891113,0.5542315698805313,0.39826444642884423,0.999840259552002,0.45353211533455656,0.48344232071013715,0.999030351638794,0.4589573045571649,0.48342210905892546,0.9991584420204163,60.024252223120456,0
617,0.5521519098963061,0.3810671511150545,0.998081624507904,0.5550213768368679,0.38815220055126043,0.9998519420623779,0.45614730034555745,0.48381108329409683,0.9990480542182922,0.4628059211231417,0.4828152131466642,0.9991933107376099,60.024252223120456,0
618,0.5532781481742863,0.3714327003274648,0.9981216788291931,0.5554178839638124,0.37831009853453895,0.9998627305030823,0.4600139700231102,0.4838112663655058,0.9990347623825073,0.46637499900091295,0.4821581187702364,0.9992265701293945,60.024252223120456,0
619,0.5542156412487942,0.35880226038751173,0.9981250762939453,0.5555052814029516,0.36732931506066124,0.9998703002929688,0.46440924491201163,0.48149840462775495,0.9989613890647888,0.46909918955394236,0.48041715366499804,0.999237060546875,60.024252223120456,0
620,0.5547089463188539,0.34565945750191124,0.9980214834213257,0.5556895420664837,0.35649851390293696,0.999875545501709,0.4681316486426766,0.47761167940639354,0.9987526535987854,0.4713758584998906,0.47816901263736583,0.9991766214370728,60.024252223120456,0
621,0.5550149139903845,0.33520953002430176,0.9979739785194397,0.5556821056774689,0.3459589793568569,0.9998829960823059,0.47063757833980413,0.4736780226230625,0.9985207319259644,0.47307775843711164,0.4756873264199215,0.9991675019264221,60.024252223120456,0
622,0.5551552346774515,0.3286788860956831,0.9979850649833679,0.5556822163718091,0.3354077353363948,0.9998914003372192,0.47309848098527857,0.47109118103981057,0.9984908103942871,0.4747144466354737,0.4736939100992116,0.9992086291313171,60.024252223120456,0
623,0.5552764875548231,0.32386890763328213,0.997893750667572,0.5555256832213633,0.3267243149734681,0.999899685382843,0.47556719751585136,0.4699191351731622,0.9984062314033508,0.47632383590652866,0.4721978491260896,0.9992431402206421,60.024252223120456,0
624,0.555290711777551,0.31949476897716544,0.9977937340736389,0.555074112755912,0.31936425822121767,0.9999063014984131,0.4781608560255597,0.4689348446471353,0.9983137845993042,0.4779055906193597,0.4707378808941162,0.9992614984512329,60.024252223120456,0
625,0.5552373698779516,0.3162836645330704,0.9976928234100342,0.5544087418488096,0.31335920734064926,0.9999111890792847,0.48086478028978624,0.4686006009578708,0.9981552362442017,0.47941206182752355,0.4694370116506305,0.9992479085922241,60.024252223120456,0
626,0.5551164618560246,0.3142355943009969,0.9977192282676697,0.553529570500056,0.3087091623317628,0.9999182820320129,0.48367897030853085,0.4689164041053685,0.9981560111045837,0.48084324953101965,0.46829524139563233,0.9992986917495728,60.024252223120456,0
