frame_id,left_shoulder_x,left_shoulder_y,left_shoulder_visibility,right_shoulder_x,right_shoulder_y,right_shoulder_visibility,left_hip_x,left_hip_y,left_hip_visibility,right_hip_x,right_hip_y,right_hip_visibility,fps,low_visibility
0,0.5390628831727166,0.5740017266500563,0.9997448325157166,0.5474420232432234,0.6076439477148511,0.999969482421875,0.45361336498033433,0.6330533141181587,0.9991846680641174,0.4526102706080391,0.6547624412037079,0.9995025396347046,60.02439900441935,0
1,0.5401305769171035,0.5718439051083156,0.9997419714927673,0.5468551388808663,0.6068335558686938,0.9999685883522034,0.4562686000551497,0.6305400644029894,0.9991635084152222,0.45254528735365185,0.6541104316711428,0.9994872212409973,60.02439900441935,0
2,0.5409547814301083,0.5700479575565883,0.9997279047966003,0.5462908744812016,0.6063642629555294,0.9999668002128601,0.45824818951743,0.6287112065723969,0.9990648627281189,0.45247998407908846,0.6537439397403175,0.9994118809700012,60.02439900441935,0
3,0.5415354967117314,0.5686138839948749,0.9997215270996094,0.545749230044229,0.6062360689753583,0.9999656081199646,0.45955213336717554,0.6275667406263811,0.9990334510803223,0.4524143607843494,0.6536629654112323,0.9993987083435059,60.02439900441935,0
4,0.5417406842822124,0.567684718540737,0.9997206330299377,0.5450587244260883,0.60664656332561,0.9999645948410034,0.4598812985987894,0.6275412837664291,0.9989884495735168,0.45225626372155725,0.6539993087450668,0.9993879795074463,60.02439900441935,0
5,0.5418731655393332,0.5673432577224009,0.9997251629829407,0.544630260694595,0.6071470294679919,0.9999647736549377,0.459834973017375,0.6277356374831432,0.9989739656448364,0.4522290414287934,0.6544788820402968,0.9993985891342163,60.02439900441935,0
6,0.5419285694758101,0.5663262463751298,0.9997283220291138,0.5444405760083884,0.6075033829325727,0.999965250492096,0.4597149150712153,0.6276287351335803,0.9989840388298035,0.4523613708359858,0.6548675554139278,0.9994143843650818,60.02439900441935,0
7,0.5419593311491471,0.5654187372752603,0.9997284412384033,0.5444376071294154,0.6076376693589352,0.9999658465385437,0.45967821138245757,0.6277814535867605,0.9989700317382812,0.45252894503729724,0.6552571853001918,0.9994205832481384,60.02439900441935,0
8,0.5419174092156551,0.5646923581759139,0.9997333884239197,0.5444869540986564,0.6075830346062074,0.9999665021896362,0.45939315074966103,0.6281249806994489,0.9989657998085022,0.45273584695089464,0.6556897418839596,0.9994282126426697,60.02439900441935,0
9,0.5418931302570166,0.5642538581575671,0.9997361898422241,0.544501296111516,0.6075474563099095,0.9999669194221497,0.4590892096360529,0.6285659301848644,0.9989842772483826,0.4528764699186601,0.6561810998689566,0.9994431138038635,60.02439900441935,0
10,0.541830644721077,0.5640571514765427,0.999741792678833,0.5444920659065251,0.6076528146153409,0.9999676942825317,0.45879079472451023,0.6289438605308537,0.9990008473396301,0.45291123077982987,0.656666117055076,0.999457061290741,60.02439900441935,0
11,0.5417724166597644,0.5644872216951284,0.9997422695159912,0.5444576910563882,0.6078595206851056,0.9999677538871765,0.45853640210060886,0.6292521300769993,0.999019980430603,0.4529061090378538,0.6571429059619001,0.9994668960571289,60.02439900441935,0
12,0.5416857231230967,0.5646417197727026,0.9997440576553345,0.5443860434350518,0.6081109188851861,0.9999676942825317,0.4584250435942699,0.6292306724048802,0.9990386366844177,0.4528617802120394,0.6574968042827793,0.9994741082191467,60.02439900441935,0
13,0.5415608258474445,0.5649029782840189,0.9997448921203613,0.5443092754908975,0.6082914954140077,0.9999677538871765,0.4585329152288895,0.6292863942327958,0.9990726113319397,0.4527289399078918,0.6576678270385384,0.999489963054657,60.02439900441935,0
14,0.5413556467919127,0.5645599081402737,0.999749481678009,0.544261236985525,0.6083908279736842,0.9999680519104004,0.45843199179286087,0.6292546561786112,0.9990895986557007,0.45283782624063074,0.658200275330317,0.9994966983795166,60.02439900441935,0
15,0.541173534733909,0.5637231611070184,0.9997555613517761,0.5442243928001045,0.6083778455143889,0.9999690651893616,0.45827046462467774,0.6290189936047514,0.9991000890731812,0.45304762749444905,0.6588229849225004,0.9995071887969971,60.02439900441935,0
16,0.5410545014199761,0.5627743516649524,0.9997659921646118,0.5442473661331908,0.6083676701500307,0.9999704957008362,0.4580797354380294,0.6287158897944864,0.9991437792778015,0.45331400349026674,0.6593706522669116,0.9995339512825012,60.02439900441935,0
17,0.5410545525096716,0.5619630075636368,0.9997745752334595,0.544241567452749,0.6084292531013494,0.9999715089797974,0.45793584840638335,0.628479869592758,0.9991891980171204,0.45345332225163815,0.6598010403769362,0.9995615482330322,60.02439900441935,0
18,0.5410674299512594,0.5617341597874964,0.9997830390930176,0.54414291041238,0.6085184840928946,0.999972403049469,0.4578477328731904,0.6285003452073965,0.999234676361084,0.45334272725241564,0.6600553450130286,0.9995908141136169,60.02439900441935,0
19,0.5410444282350091,0.5622447899409707,0.9997910857200623,0.5439174288795112,0.6085886841728578,0.999973475933075,0.4578475654125217,0.6286901576178419,0.9992568492889404,0.45295407800447407,0.6599354857490181,0.999613881111145,60.02439900441935,0
20,0.5410015980402633,0.5626374142510555,0.9997926950454712,0.5436425379344401,0.6086659686906002,0.9999735355377197,0.4579066279388613,0.6288869068736127,0.9992493391036987,0.4526203175385797,0.6599331271080748,0.9996182918548584,60.02439900441935,0
21,0.5409203852925986,0.5629965634573078,0.9997895359992981,0.5434176070349561,0.608540500913348,0.9999730587005615,0.4577085077762607,0.6290515434174315,0.9992138147354126,0.4523718839599976,0.659878912426177,0.9996058940887451,60.02439900441935,0
22,0.540821010158176,0.5633413706507007,0.9997882843017578,0.5433304905891423,0.6082579465139485,0.999972939491272,0.4573389263380145,0.6291955681074238,0.999197244644165,0.4522808960505898,0.6595331884565813,0.9996066093444824,60.02439900441935,0
23,0.5407089874857953,0.5634741584459945,0.9997735619544983,0.543258593195961,0.6080766206695924,0.9999707341194153,0.45693406888416876,0.629186366285597,0.9991292953491211,0.4522439794881007,0.6590965844336015,0.9995695352554321,60.02439900441935,0
24,0.5406066150892352,0.5636942017646067,0.9997615814208984,0.5431177644502554,0.6080489073480884,0.999968409538269,0.4567281277406787,0.6294080785342631,0.9990590214729309,0.4522089049929668,0.6586863313402453,0.9995301365852356,60.02439900441935,0
25,0.5405181419281737,0.5641986869630364,0.999751627445221,0.5428581635157271,0.608172149885269,0.9999668002128601,0.45689361152194835,0.6298463117508666,0.9989769458770752,0.45215743496304506,0.65835680280413,0.9994979500770569,60.02439900441935,0
26,0.5404981885637561,0.5648201931090586,0.9997355341911316,0.5425852593921484,0.6084109346071884,0.9999639391899109,0.45743586903526706,0.6304824664479216,0.9988329410552979,0.4521178929578694,0.6581831233842037,0.999435305595398,60.02439900441935,0
27,0.5404765918141323,0.5656659943716871,0.9997150301933289,0.5423992531640194,0.6084658503532414,0.9999600648880005,0.4578341742356622,0.6313775948115763,0.9987166523933411,0.4521196527140485,0.6581974597204304,0.9993636012077332,60.02439900441935,0
28,0.5404823166983472,0.5664770773478921,0.9996926784515381,0.5423099881126772,0.6084540741784237,0.9999558925628662,0.45807285252071595,0.6320761470567617,0.9986496567726135,0.45212215894744545,0.6580327550570175,0.9993010759353638,60.02439900441935,0
29,0.5404933577492128,0.5668902170090453,0.999663233757019,0.542240040642875,0.60869996888297,0.9999492764472961,0.45805667979376696,0.6322640606335237,0.9985993504524231,0.4521233751660305,0.657896825245449,0.999235987663269,60.02439900441935,0
30,0.5405262850579766,0.5672263474691486,0.9996583461761475,0.5421415283566433,0.6090348958969121,0.9999470710754395,0.45798954225721855,0.632269822415852,0.9985973238945007,0.4521001946358457,0.6577643979163401,0.9992216229438782,60.02439900441935,0
31,0.5405570722761612,0.5675148992311392,0.9996581077575684,0.5420366355351043,0.6093764759245378,0.9999457597732544,0.4579593638579055,0.6321248326982776,0.9986180067062378,0.45212975712049613,0.6576501585188371,0.9992200136184692,60.02439900441935,0
32,0.540567434969403,0.5677166041873755,0.9996517896652222,0.5419714791434156,0.6097397633961275,0.9999443292617798,0.45788094685191233,0.6319158304305309,0.9986261129379272,0.4521795298372,0.6576000650723781,0.9992187023162842,60.02439900441935,0
33,0.5405537031945733,0.5679200121334625,0.9996562004089355,0.5419438992227831,0.6101924436432979,0.9999446868896484,0.457804381847382,0.631721246810187,0.9986532330513,0.4522529982385185,0.6576214375950047,0.9992310404777527,60.02439900441935,0
34,0.5405222518103467,0.5680282115936284,0.999666154384613,0.54192385503224,0.6106795186088203,0.9999462366104126,0.4577087036200936,0.6314762092771989,0.9986910820007324,0.4523154582296103,0.6576575296265743,0.999255359172821,60.02439900441935,0
35,0.5405199754805796,0.5679208040237431,0.9996712803840637,0.5418688796815423,0.6114128856431875,0.9999470710754395,0.4576407983189541,0.6311755520956861,0.9987220764160156,0.4522520289534618,0.6577471154076717,0.9992715716362,60.02439900441935,0
36,0.5405485771951226,0.5678618294852125,0.9996722340583801,0.5417278125172573,0.6120844227927077,0.9999467730522156,0.45767285852205225,0.6310179261934195,0.9987406134605408,0.4520888711724966,0.6578297842116588,0.99927818775177,60.02439900441935,0
37,0.5406014351617726,0.567822484743028,0.9996717572212219,0.5415253923052837,0.6124074600991753,0.9999458193778992,0.45780906365031326,0.6309350501923339,0.9987671971321106,0.4519393032505402,0.6578637503442315,0.9992861747741699,60.02439900441935,0
38,0.5406211160478143,0.5679739344687693,0.9996676445007324,0.5413163730076386,0.6124378868511751,0.9999445080757141,0.4579224756785805,0.6310176679066255,0.9987663626670837,0.45181824905531787,0.6579694293794183,0.9992721676826477,60.02439900441935,0
39,0.5406010519890563,0.5682768481118343,0.9996663331985474,0.5411402270907452,0.6123411002613255,0.9999445080757141,0.45801217073486,0.6311869252295726,0.9986841678619385,0.4517914695399152,0.6581388314565029,0.9992300868034363,60.02439900441935,0
40,0.540565050783612,0.5686782484962831,0.9996673464775085,0.5410307361966091,0.6120995283126835,0.999945342540741,0.45816811777296557,0.6314435686383935,0.9986670613288879,0.45184895680064285,0.6583621303240463,0.9992327690124512,60.02439900441935,0
41,0.540563163303194,0.5690117024240045,0.9996668696403503,0.540996494747344,0.6119602322578435,0.9999454021453857,0.4583808396543779,0.6316160871869047,0.9986547827720642,0.4519003317469646,0.658585857777369,0.9992279410362244,60.02439900441935,0
42,0.5405549520537971,0.5692335083371122,0.9996674060821533,0.540946137337458,0.6119479082879571,0.9999455809593201,0.4586245318253839,0.6316845786003844,0.9986329674720764,0.451943234318779,0.6587098751749316,0.999220609664917,60.02439900441935,0
43,0.5405645001502268,0.5693463966960004,0.9996697306632996,0.5407977217719673,0.61180173215412,0.999945878982544,0.4588605917635422,0.6316456596056625,0.9985963106155396,0.4519162717319674,0.6586378784406758,0.9992017149925232,60.02439900441935,0
44,0.5405448334557674,0.5695162585803446,0.9996625185012817,0.540534147194454,0.611646297432128,0.9999439120292664,0.458991266432263,0.6316191412153703,0.9985461831092834,0.4518253150440401,0.6585404333614173,0.9991611838340759,60.02439900441935,0
45,0.5405029654502873,0.5697097466105512,0.9996583461761475,0.540214197976249,0.611500759919485,0.9999431371688843,0.4589914651144122,0.6315284428142371,0.9984213709831238,0.45163034825097986,0.6583435052917123,0.999096155166626,60.02439900441935,0
46,0.5404575978006639,0.569786926110586,0.999657928943634,0.5398757571265815,0.611379206180573,0.99994295835495,0.45905025232405927,0.6314374861263099,0.9983739852905273,0.4513972557726364,0.6584421935535618,0.9990679621696472,60.02439900441935,0
47,0.5402712254297171,0.5699405159269065,0.9996581673622131,0.5396045673461192,0.6113892822038565,0.9999433755874634,0.45902470038050736,0.6313328629448305,0.9983358979225159,0.4512239112740475,0.658958494663239,0.9990479946136475,60.02439900441935,0
48,0.5399391537620912,0.5701943039894108,0.9996640086174011,0.5394085560526172,0.6115666826566065,0.9999445676803589,0.45896852300280655,0.6312782508986342,0.9983536601066589,0.4511361661411471,0.6596423557826456,0.9990652203559875,60.02439900441935,0
49,0.5395789259956001,0.5704324472518199,0.9996671080589294,0.5392484579767505,0.6118300131389078,0.9999458193778992,0.4588461731161394,0.631237978026981,0.9983693957328796,0.45112066467603085,0.6602693228494558,0.9990787506103516,60.02439900441935,0
50,0.5391639925184708,0.5707668349856427,0.9996711611747742,0.5391176513263162,0.6121876722290407,0.9999463558197021,0.45855825146039364,0.6314056260245191,0.9983891844749451,0.4511747062206272,0.6606876509530208,0.9990907907485962,60.02439900441935,0
51,0.5387610140300937,0.5712665177526932,0.9996779561042786,0.5389779720987597,0.6124609907468165,0.9999470114707947,0.4581999253659025,0.6318033365976248,0.9984517693519592,0.4511859331812181,0.6606783980414986,0.9991195797920227,60.02439900441935,0
52,0.5385086451257983,0.571656309422993,0.9996911883354187,0.5388373732566838,0.6125540761720571,0.9999491572380066,0.4579080740610762,0.6326397657394414,0.9985414743423462,0.451208496377582,0.6607351728848054,0.9991760849952698,60.02439900441935,0
53,0.5382664175260639,0.57219067641667,0.9996969103813171,0.5386949153173541,0.6125725309054062,0.9999502301216125,0.45779917353675514,0.6338545538130266,0.9985687136650085,0.4512193997701013,0.6611063622293023,0.9992021322250366,60.02439900441935,0
54,0.5379000419662117,0.5726706527528314,0.9997036457061768,0.5385811158588959,0.6125039117676876,0.9999517202377319,0.45769739434832657,0.6349987217358186,0.9986003041267395,0.45129422346750936,0.6615809230577383,0.9992321133613586,60.02439900441935,0
55,0.5374463995297754,0.5727834815070747,0.9997139573097229,0.5385428950900127,0.6125512690771199,0.9999536871910095,0.45750241620200055,0.6355880896250412,0.9986443519592285,0.45142339382852864,0.6621815505481907,0.9992672204971313,60.02439900441935,0
56,0.5368781260081704,0.5729138425418314,0.9997265934944153,0.5385166094416668,0.612702832335518,0.9999560713768005,0.4571884004842671,0.635912886687688,0.9987079501152039,0.4515859882036849,0.6627545839264284,0.9993070960044861,60.02439900441935,0
57,0.5364511211713159,0.5735008631433764,0.9997385740280151,0.5384553131603064,0.6128006747790751,0.9999581575393677,0.4569115440050765,0.6362077820868725,0.9987768530845642,0.4516015294052309,0.6631001489503048,0.9993478059768677,60.02439900441935,0
58,0.5358116967337476,0.574814529646011,0.9997450113296509,0.5383368389947079,0.6127809484799709,0.9999594688415527,0.4565882413160237,0.6366710322243831,0.998823344707489,0.45147673005149513,0.6632399786086314,0.9993733763694763,60.02439900441935,0
59,0.5352038712728595,0.5760015107336502,0.9997469186782837,0.5381757929211575,0.6126883881432674,0.9999601244926453,0.4564175350325452,0.6371853238060365,0.9988672137260437,0.4512268702189131,0.6632436230069121,0.9993903040885925,60.02439900441935,0
60,0.5346360036305022,0.5766537047567826,0.999750018119812,0.5380594162713919,0.6124649558748523,0.9999614357948303,0.4562012680939269,0.6373989951042907,0.9989026188850403,0.4510112135183247,0.6629983839534583,0.9994038939476013,60.02439900441935,0
61,0.5342155325980418,0.5765086781410949,0.9997583627700806,0.538040629455022,0.6122582015537086,0.9999632239341736,0.45595472057660463,0.6372082006363646,0.998953104019165,0.450897757496153,0.662638990651994,0.9994337558746338,60.02439900441935,0
62,0.534047433308193,0.5759112891696754,0.9997667074203491,0.5380481737000606,0.6121030591783074,0.9999648928642273,0.45580356603577055,0.6368350869133363,0.9990057945251465,0.45092666149139443,0.66222456807182,0.9994637370109558,60.02439900441935,0
63,0.5342344159171699,0.5753855393046429,0.9997730851173401,0.5380977363813495,0.611966973259336,0.9999661445617676,0.4557861203239081,0.6365303255262834,0.999039351940155,0.4509284013793585,0.6618938105446956,0.9994843602180481,60.02439900441935,0
64,0.5342042247454329,0.5754713841847016,0.9997766613960266,0.5380858693804065,0.6118840830666683,0.9999671578407288,0.4557174983478731,0.636342877433414,0.9990761280059814,0.450864672660828,0.6616973507971996,0.9995037317276001,60.02439900441935,0
65,0.5341929055395584,0.5754528811999735,0.999778687953949,0.5380507565680008,0.6118632526624774,0.9999679923057556,0.4556269078027638,0.6362282832463588,0.999111533164978,0.4506429391247889,0.6616326456978213,0.9995218515396118,60.02439900441935,0
66,0.5341849781218033,0.575420581159138,0.9997756481170654,0.5379949297223776,0.6119159942581545,0.9999679923057556,0.45553125512032316,0.6361120314825154,0.9991315603256226,0.4503110505285721,0.6616145088559111,0.9995325803756714,60.02439900441935,0
67,0.5341548266864963,0.575510924770719,0.9997750520706177,0.5379243549846472,0.6120391317776277,0.9999681115150452,0.45543931211744076,0.6360161077408568,0.999144971370697,0.4499849492595313,0.6615802730832787,0.9995375871658325,60.02439900441935,0
68,0.5341322961307712,0.5758087776956109,0.9997770190238953,0.5378150769642426,0.6122686635880248,0.9999685287475586,0.45545787186849723,0.6360410281590059,0.9991402626037598,0.4497485600766685,0.6615517763864431,0.999541699886322,60.02439900441935,0
69,0.5341303121475951,0.5762059262820658,0.9997767806053162,0.5377186593555273,0.612510828744798,0.9999687075614929,0.45535970443771034,0.6361036925088797,0.9991239309310913,0.44963311155637137,0.6615299298649748,0.9995376467704773,60.02439900441935,0
70,0.5341469815799172,0.5766770130112062,0.999772310256958,0.5376467619623461,0.6126605896722708,0.9999681115150452,0.4551568428675337,0.6363421508244111,0.9990713000297546,0.44965976334753527,0.6614941841080081,0.9995160698890686,60.02439900441935,0
71,0.5341350776808607,0.5771551387650631,0.999769389629364,0.5376322411355523,0.6126708019347422,0.9999672174453735,0.45482389132181844,0.6367322121347705,0.9990651607513428,0.44965584647087864,0.6614184464727135,0.9995139241218567,60.02439900441935,0
72,0.5341974752289913,0.5773772029649649,0.9997624754905701,0.5375804191543947,0.6127918163935349,0.9999657869338989,0.45471508730025556,0.6370043158531193,0.9990444779396057,0.44952457149823544,0.6612243737493249,0.9994964003562927,60.02439900441935,0
73,0.5343476051375984,0.5772315206981845,0.9997597336769104,0.537487680003757,0.6130178372065231,0.9999649524688721,0.4548447699773883,0.6370814243952438,0.9990069270133972,0.4493414958318078,0.6615195983932138,0.9994803071022034,60.02439900441935,0
74,0.5345379738580618,0.5768998350415916,0.9997611045837402,0.5373183119864695,0.613590816656749,0.9999649524688721,0.45521314938863155,0.6373728996231447,0.9989924430847168,0.44912764430046115,0.6624185357775012,0.9994819164276123,60.02439900441935,0
75,0.5347466213362562,0.5765746491295956,0.9997627139091492,0.5371450554756896,0.6142799201465793,0.9999651312828064,0.4554904756091893,0.6379471676690243,0.9989932775497437,0.44899092969440313,0.6637031379200169,0.999494194984436,60.02439900441935,0
76,0.5349373107864748,0.5762570273308532,0.9997631311416626,0.5370361776578998,0.6148379132861188,0.9999649524688721,0.4556530855950859,0.6388826427005592,0.9989777207374573,0.4490314409846355,0.6650370614869259,0.9994947910308838,60.02439900441935,0
77,0.5349735191890176,0.5761586456071768,0.9997577667236328,0.5370507353828071,0.6151331294150584,0.9999644756317139,0.4556317982219518,0.6399931198074709,0.9989463090896606,0.44924438425472846,0.6661330802100051,0.9994866251945496,60.02439900441935,0
78,0.5349488258361821,0.5764243773051675,0.9997549653053284,0.5371999768983755,0.6151619440033327,0.9999642372131348,0.4556566363289246,0.641504946209136,0.99892258644104,0.4495413147267845,0.667137952077957,0.9994744658470154,60.02439900441935,0
79,0.5349273908705943,0.5766985643477671,0.9997482299804688,0.537414738110134,0.6151535340717866,0.9999644160270691,0.45568253880455417,0.6427626836867565,0.9989066123962402,0.44987493611517443,0.6683241299220499,0.9994719624519348,60.02439900441935,0
80,0.5349731388546176,0.5769761545317519,0.9997417330741882,0.5375861440386096,0.6152821438653133,0.9999644756317139,0.45590838222276636,0.6439610662914463,0.9988902807235718,0.45016645959445445,0.6698209132467003,0.999470591545105,60.02439900441935,0
81,0.5351445589746753,0.5772326049350562,0.9997389912605286,0.5377444114003866,0.6154987556593764,0.9999637603759766,0.45635530352592507,0.6448331560407372,0.9989365935325623,0.4503762225310011,0.6713682299568544,0.9994933009147644,60.02439900441935,0
82,0.535465450513931,0.5770912539391295,0.9997199773788452,0.5378448423885168,0.615862247489748,0.9999614357948303,0.45701172947883645,0.6451965428534013,0.998927891254425,0.4504431400980272,0.6725300891058791,0.9994791746139526,60.02439900441935,0
83,0.5357758601506555,0.576544012342181,0.9997122883796692,0.5378937352271311,0.6162104294413617,0.9999603033065796,0.4576933823880699,0.6455530893234984,0.9989566206932068,0.4505210703327546,0.6733119430996128,0.9994910359382629,60.02439900441935,0
84,0.5360000587645035,0.5767449395997188,0.9997057318687439,0.5379132713590353,0.616474310557048,0.9999590516090393,0.45825007415953173,0.6466517647107448,0.9989851117134094,0.45062431125413843,0.6739471299307692,0.9995092153549194,60.02439900441935,0
85,0.5361259579658513,0.5780031539144974,0.9996955990791321,0.5378600500878838,0.6166914559545976,0.9999573826789856,0.45853407893862075,0.6487616243816563,0.9989911913871765,0.4507861733436588,0.6745198908306309,0.999505341053009,60.02439900441935,0
86,0.5361326450393318,0.5797590925579984,0.9996812343597412,0.5377304099854974,0.6168567254429778,0.9999548196792603,0.4587245697066901,0.651121942769914,0.9989529252052307,0.4509668406986059,0.6752608361698338,0.9994840621948242,60.02439900441935,0
87,0.5362789261908762,0.5814158519109095,0.9996649026870728,0.5376374693143939,0.6172105215844659,0.9999517202377319,0.4591670206614907,0.6527750861077086,0.9989573359489441,0.45110709610439514,0.6759804260163085,0.9994788765907288,60.02439900441935,0
88,0.5365013253121154,0.5824033646356497,0.9996483325958252,0.5375813614754454,0.6177890556199215,0.9999475479125977,0.4597128828366601,0.6532959710984008,0.9989326596260071,0.4511007595629922,0.6764159741855809,0.9994550943374634,60.02439900441935,0
89,0.5367182777041485,0.5823951193264557,0.9996276497840881,0.5375643117087232,0.6183293830780761,0.9999420046806335,0.4601627375398367,0.6528791842006507,0.9988982081413269,0.4511772223881316,0.6765551453544986,0.9994234442710876,60.02439900441935,0
90,0.5368880033493046,0.5826248100825723,0.999625027179718,0.5375641357331054,0.6184199565932869,0.9999412298202515,0.460506223496937,0.6523655482700899,0.9989471435546875,0.4513094198136106,0.6762266556421921,0.9994388222694397,60.02439900441935,0
91,0.5369550642513098,0.5834261576334641,0.9996194243431091,0.537733464013963,0.6179340538524452,0.9999390840530396,0.4605897239276345,0.6528218416940603,0.9989680051803589,0.4515387955166048,0.6762238116491415,0.9994329214096069,60.02439900441935,0
92,0.5368560580980215,0.5841247666449778,0.9996086359024048,0.5380046225729447,0.6174535779725943,0.9999377131462097,0.46036001472246113,0.6534925926299328,0.9989843368530273,0.4518310115450908,0.6769018116451451,0.9994293451309204,60.02439900441935,0
93,0.5368735705103198,0.5846395833151685,0.9996011853218079,0.5382792552312219,0.6173291802406315,0.9999374151229858,0.4602158296675913,0.6541619584673932,0.999007523059845,0.4521263695898514,0.6779674490292873,0.9994336366653442,60.02439900441935,0
94,0.5369179986772088,0.5842999049595429,0.9995940327644348,0.5385072515124371,0.6176872139885317,0.9999361038208008,0.46015423252469057,0.6544851603962132,0.9990168213844299,0.45234238675662486,0.6792322822979524,0.9994295239448547,60.02439900441935,0
95,0.5369502845264621,0.583375113351005,0.9995889067649841,0.5386172816866924,0.6181344162850158,0.9999334216117859,0.4598504801591241,0.6545863548914597,0.9990406632423401,0.45247130025000837,0.680457521052588,0.9994295835494995,60.02439900441935,0
96,0.5369233205204922,0.5819882097698398,0.999586284160614,0.5386498258227398,0.6182750094504588,0.9999324083328247,0.45946702644938553,0.6547123647871477,0.999064028263092,0.4526529283750628,0.6815516891933628,0.999436616897583,60.02439900441935,0
97,0.5368692562693645,0.5802586873372401,0.9995635151863098,0.538787961006165,0.6180514664877034,0.9999287724494934,0.45910304926690637,0.6551080658322295,0.9990515112876892,0.4529763573691962,0.6827394820394976,0.9994205832481384,60.02439900441935,0
98,0.5367918241591685,0.5785453120867415,0.9995545148849487,0.5390073060989384,0.6172171916280479,0.9999274611473083,0.45871390331359174,0.6557714655285795,0.999052107334137,0.4534414041609995,0.6841656537283041,0.999423623085022,60.02439900441935,0
99,0.5367631287801837,0.577287994679951,0.9995547533035278,0.5393312346367614,0.6161369965189984,0.9999276995658875,0.4584825805255348,0.6565822845413576,0.9990832209587097,0.45400771782511795,0.6855670412381496,0.999441921710968,60.02439900441935,0
100,0.5368082523345952,0.5763780673344935,0.9995415806770325,0.5397739495549887,0.6152317523956303,0.9999268651008606,0.45852908917835816,0.6573886615889419,0.9990877509117126,0.4545900708153138,0.6869138252167479,0.9994485974311829,60.02439900441935,0
101,0.5368289805593949,0.5761751646087288,0.999539852142334,0.5402093160720103,0.6144686426435203,0.9999270439147949,0.45841433604558346,0.6585610679217753,0.9990912079811096,0.454907949481692,0.6881808127675744,0.999457061290741,60.02439900441935,0
102,0.536787867546082,0.5761506642614097,0.9995378851890564,0.5406156579653427,0.614208042621613,0.9999281764030457,0.4585884823685604,0.6594274157569526,0.9991180896759033,0.4552788422221233,0.6894860551470807,0.999478280544281,60.02439900441935,0
103,0.5366717889195401,0.5760638061023898,0.9995191693305969,0.5409900035176962,0.61424465974172,0.9999262690544128,0.4589629315194633,0.6600143398557397,0.9991104006767273,0.45576608180999795,0.6905546074821841,0.9994790554046631,60.02439900441935,0
104,0.5363881389300034,0.5759645728837881,0.9995346665382385,0.5412436922391259,0.614036605471657,0.999929666519165,0.45934880489394814,0.661260116667975,0.9991477727890015,0.4562474063464577,0.6917286373320086,0.9995091557502747,60.02439900441935,0
105,0.5360391906329567,0.5757153942471464,0.9995477795600891,0.541492757343111,0.6137990582556956,0.9999330043792725,0.459700118927729,0.6626560744785133,0.9991962909698486,0.45684609242848023,0.692766129970551,0.9995388984680176,60.02439900441935,0
106,0.5356498701231824,0.5757381007784894,0.9995496273040771,0.5417560764721465,0.6136087661697756,0.9999344348907471,0.4599805474281315,0.6640146488235115,0.9992296099662781,0.45742745768456267,0.6936854351134534,0.9995594620704651,60.02439900441935,0
107,0.535309649649121,0.5762386549086802,0.9995540976524353,0.5420080111140302,0.6134854129382548,0.9999354481697083,0.4600786637692228,0.665277764910744,0.9992673397064209,0.45793362316631175,0.6943410975592482,0.9995788931846619,60.02439900441935,0
108,0.5350648647262941,0.5769898579234174,0.9995668530464172,0.5422160994438903,0.613437326181503,0.9999378323554993,0.4603919528779533,0.6658400467463907,0.9993123412132263,0.45835126581646185,0.6945955355962123,0.9996041059494019,60.02439900441935,0
109,0.5348631938298547,0.5776066439492367,0.9995733499526978,0.5424064113980251,0.6133535731406443,0.9999391436576843,0.46067349967502447,0.6657124814533057,0.9993473291397095,0.45866555685088783,0.6946697178341099,0.9996230006217957,60.02439900441935,0
110,0.5346882627123882,0.5782303100540529,0.9995893836021423,0.5425636058761965,0.6133033576465794,0.9999416470527649,0.4610177434626084,0.6660685340563461,0.9993827939033508,0.4588354882739843,0.694883042857761,0.9996436834335327,60.02439900441935,0
111,0.5345514047713511,0.5786147174381079,0.9996026754379272,0.5427360194070003,0.6132594148317978,0.9999440908432007,0.4613556123915176,0.6664840437117082,0.9994197487831116,0.4589865548270093,0.6950355484372099,0.9996647238731384,60.02439900441935,0
112,0.5343892687842964,0.578915158907573,0.9996006488800049,0.5429332823980426,0.6132862255686811,0.9999443292617798,0.4616280609653113,0.6668335483187726,0.9994505643844604,0.4590444962183638,0.6952044680005034,0.9996809363365173,60.02439900441935,0
113,0.5342905918757125,0.5793721817788628,0.9996094107627869,0.543125532922291,0.6133121252059941,0.9999457001686096,0.46175832407815154,0.6677722476777581,0.9994805455207825,0.4591156017212644,0.6953895148776832,0.9996980428695679,60.02439900441935,0
114,0.5342098588035225,0.5796399513880417,0.9996129870414734,0.5432784358660384,0.6132439573605859,0.999946653842926,0.46184967387290266,0.6687538056146536,0.9995077252388,0.45907470158168284,0.6954606118656346,0.9997135400772095,60.02439900441935,0
115,0.5341215587797623,0.5798558961777465,0.9996032118797302,0.5433691484587537,0.6129704174541297,0.9999457597732544,0.4618264039357507,0.6701859718277347,0.9995299577713013,0.4590556848616831,0.695714033785321,0.999725878238678,60.02439900441935,0
116,0.5340851062820076,0.5803628166516627,0.9996035695075989,0.5434482069242572,0.612544178962708,0.9999459981918335,0.46186751978738005,0.6719994942347214,0.9995489120483398,0.45909494729269157,0.6960999568303432,0.9997367262840271,60.02439900441935,0
117,0.5340927896045508,0.5810422216142932,0.9995929598808289,0.54350453331357,0.6122673835073202,0.9999446868896484,0.46192056792123015,0.67344290585745,0.9995712637901306,0.45917068634714436,0.6964724035490133,0.9997479319572449,60.02439900441935,0
118,0.5341101487477624,0.5816360144388113,0.9995595216751099,0.5435543031919574,0.6123303685869494,0.9999399185180664,0.46201671163241104,0.6740917705354241,0.9995637536048889,0.45924651906603897,0.6968369711013074,0.9997423887252808,60.02439900441935,0
119,0.5341761112213139,0.582066967373803,0.9995480179786682,0.543589538051969,0.612668877556211,0.99993896484375,0.4622746904691064,0.6743949424652831,0.9995665550231934,0.4592903171266832,0.697166229997363,0.9997432827949524,60.02439900441935,0
120,0.5342973612603692,0.5821065533728831,0.9995430707931519,0.5436333900406252,0.613327182474591,0.9999386072158813,0.4626724634851732,0.6739724164917361,0.999582827091217,0.4592687019280029,0.6973444762684056,0.9997550249099731,60.02439900441935,0
121,0.5344354992821108,0.582072862557003,0.9995301365852356,0.5436739808037172,0.613991308779944,0.9999365210533142,0.4630887068453293,0.673643881366367,0.9995902180671692,0.4592793370996206,0.697537467593239,0.9997598528862,60.02439900441935,0
122,0.534549977098193,0.5818537984575549,0.9995167255401611,0.5437317206746061,0.6144542126428518,0.999934732913971,0.46325799113228244,0.6734732020468944,0.9995929002761841,0.4593331913153334,0.6977707516579407,0.9997614026069641,60.02439900441935,0
123,0.5346302957761859,0.5815882966631939,0.9995057582855225,0.5438313796406704,0.6147657831509914,0.9999326467514038,0.4630837596598129,0.6735072334607448,0.9996036887168884,0.45942615895044275,0.6980466984567194,0.9997657537460327,60.02439900441935,0
124,0.5346570838065379,0.5814838778404967,0.9994969367980957,0.5439556978997734,0.614947432563419,0.9999319314956665,0.4627240257603785,0.6736529668172206,0.999609112739563,0.45951976520674603,0.6983949116298136,0.9997678399085999,60.02439900441935,0
125,0.5346672847157437,0.5816725237028944,0.9994752407073975,0.5440618026824229,0.6149848699569707,0.999929666519165,0.4624243776003524,0.6740706023715797,0.9996053576469421,0.4595788731461483,0.6986716673487714,0.9997654557228088,60.02439900441935,0
126,0.5346904255094986,0.5820725588571463,0.9994423389434814,0.5441604597227918,0.6149816030547737,0.9999281167984009,0.46223651653244424,0.6746297876040146,0.9995958805084229,0.4595758489200051,0.6988388583773664,0.9997608065605164,60.02439900441935,0
127,0.5347811182339991,0.5826344461668109,0.9994021654129028,0.5443813034466339,0.6149491071701054,0.999925434589386,0.4622386282398591,0.6751618697529753,0.9995749592781067,0.45957935424078117,0.6988827103660226,0.9997504949569702,60.02439900441935,0
128,0.534881330671765,0.5830992488634024,0.9993511438369751,0.5446696565264751,0.6148884864080525,0.9999212026596069,0.4622403170381277,0.6754412934893659,0.9995357394218445,0.4596061536243987,0.6987660385313494,0.9997314214706421,60.02439900441935,0
129,0.5349781938961577,0.583338408243089,0.9993358254432678,0.5450036440576831,0.6148177243414384,0.999919593334198,0.4621885049910776,0.6755832745915373,0.9995293021202087,0.4596959253152215,0.6987394321532483,0.9997269511222839,60.02439900441935,0
130,0.5350410257067004,0.5834921967415587,0.9993313550949097,0.545323022774288,0.6147864319029313,0.9999201893806458,0.4620280279999691,0.6755155949365531,0.9995307922363281,0.4598150338445395,0.698756927535648,0.9997259974479675,60.02439900441935,0
131,0.5351367791493739,0.5836152462732229,0.9993118643760681,0.545608792986189,0.6147861821310866,0.999919056892395,0.46183428877875954,0.6754545370737717,0.9995236992835999,0.45998368518693145,0.6988079178900951,0.9997186660766602,60.02439900441935,0
132,0.5352297907783876,0.5836174175852826,0.9993109703063965,0.545900472572872,0.6148111451239817,0.9999188780784607,0.46169233322143594,0.6754081561451872,0.9995257258415222,0.46019155922390204,0.6988836725552883,0.9997153282165527,60.02439900441935,0
133,0.535341390541622,0.5835518524760297,0.9993105530738831,0.5462180007071726,0.6147998088882087,0.9999193549156189,0.46162773030144866,0.6753886483964471,0.9995337724685669,0.46039714557783984,0.6989231024469653,0.9997178912162781,60.02439900441935,0
134,0.5354253337496807,0.5835104982058212,0.9992949366569519,0.5464537626221071,0.6147756122407464,0.9999187588691711,0.4616339845316755,0.6753772099812831,0.9995295405387878,0.4605435714835216,0.6989545282863441,0.9997158050537109,60.02439900441935,0
135,0.5355133754866468,0.5834599875268487,0.9992948770523071,0.5466370469047914,0.6147933119819283,0.9999195337295532,0.4617524416673755,0.675258270331792,0.99952632188797,0.4606427961871741,0.6989333374159683,0.9997137188911438,60.02439900441935,0
136,0.5356082064764844,0.5834375591505145,0.999295711517334,0.5467465406372438,0.6148075518153968,0.9999203681945801,0.46186568623497415,0.6747018638111302,0.9995325803756714,0.4606723515760335,0.6983770273980646,0.9997170567512512,60.02439900441935,0
137,0.535737568423862,0.5834247753733685,0.9993018507957458,0.5468373894691472,0.6147164986247113,0.9999212622642517,0.4619231876872838,0.6737486010506045,0.9995481967926025,0.46073370462372226,0.6974970528057649,0.9997240900993347,60.02439900441935,0
138,0.535856337774368,0.5832161988530845,0.9993149042129517,0.546924321424394,0.6146092727070769,0.9999218583106995,0.461950554734185,0.6722133954366054,0.9995591044425964,0.4608747434048429,0.6963008273215526,0.9997279644012451,60.02439900441935,0
139,0.5358519156773889,0.5821680965877719,0.9993380308151245,0.5469536014965607,0.6144488851229355,0.9999237656593323,0.4618562843118399,0.6704264254797079,0.9995733499526978,0.461051097937993,0.6950136536643624,0.9997348785400391,60.02439900441935,0
140,0.5357634623845422,0.5807192722956345,0.9993736743927002,0.5469340000833788,0.6141936580340073,0.9999274611473083,0.4617233106068206,0.6690347081138979,0.9995948672294617,0.46120869687625377,0.693963624182202,0.9997467994689941,60.02439900441935,0
141,0.5357279096330919,0.5792738227617178,0.9994096159934998,0.546924383867355,0.6137753185771766,0.999932050704956,0.46163813131196196,0.6679097612698879,0.9996126294136047,0.46130530749048543,0.6929339482670744,0.9997586011886597,60.02439900441935,0
142,0.5357799785477779,0.578256814252763,0.999428927898407,0.5469218464124774,0.6132638028689799,0.9999334812164307,0.4615684619971688,0.6671174452418378,0.9996280670166016,0.4613136138234823,0.6918142409551717,0.99976646900177,60.02439900441935,0
143,0.535895617235275,0.5776803862480895,0.9994553923606873,0.5469160874684655,0.6127431023688548,0.9999363422393799,0.461506036065874,0.6665875854946324,0.9996428489685059,0.461280404102235,0.6909478590601972,0.9997743964195251,60.02439900441935,0
144,0.5361248708906632,0.5774608651796982,0.9994694590568542,0.5469052223932179,0.612487375736237,0.9999382495880127,0.46164817185629015,0.6656525674320408,0.9996443390846252,0.46127861028625894,0.6901850104331977,0.9997752904891968,60.02439900441935,0
145,0.536315690903437,0.5770410980497093,0.9994792938232422,0.5468941870189853,0.6124976561183026,0.9999405145645142,0.4617799548875721,0.6645466770444604,0.9996477365493774,0.46127507374400223,0.6895462955747338,0.9997793436050415,60.02439900441935,0
146,0.5364052341097881,0.5768386097181416,0.9994960427284241,0.5468911727269494,0.6126842612311958,0.9999431371688843,0.4618826338223052,0.6638475741658898,0.999658465385437,0.4612982854956676,0.689261192367191,0.9997869729995728,60.02439900441935,0
147,0.536529435997918,0.5767677710169843,0.9995131492614746,0.5469179891404656,0.6128325235276,0.9999454617500305,0.46199627291588596,0.6631520191828415,0.9996671080589294,0.46137624695187557,0.6889637566748125,0.9997913837432861,60.02439900441935,0
148,0.5366993546485905,0.5768228542237059,0.9995319247245789,0.5469598174095158,0.613092164198558,0.9999476075172424,0.4620622013296404,0.6623198475156518,0.9996770620346069,0.461153986908141,0.6883623514856616,0.9997971057891846,60.02439900441935,0
149,0.5369000236193343,0.5767809152603154,0.9995518922805786,0.5470246956461956,0.6133920294897901,0.9999495148658752,0.4621197013627919,0.6614013825144092,0.9996844530105591,0.46064490931374724,0.687555244990758,0.9998003244400024,60.02439900441935,0
150,0.5371561078798208,0.5767178308396117,0.9995739459991455,0.5471743685858594,0.6136854319345388,0.9999518990516663,0.46236878775415,0.660341980911437,0.9996949434280396,0.4600573167914439,0.6866247653961187,0.9998077154159546,60.02439900441935,0
151,0.5373374308858603,0.5767173937388833,0.9995884299278259,0.5473894334974747,0.6138545388267158,0.9999536275863647,0.462371728249959,0.6595822118577508,0.9996973872184753,0.4595509199869069,0.6858102452187316,0.999809741973877,60.02439900441935,0
152,0.5373489487738841,0.5767705468904409,0.999596357345581,0.5476439339774,0.6139098803202316,0.9999544024467468,0.46208493908246395,0.6594306088629228,0.9996981620788574,0.4593302323704678,0.6855120971089324,0.9998085498809814,60.02439900441935,0
153,0.5372929090545295,0.5768049075489957,0.9996152520179749,0.5478807716142569,0.6138544082641606,0.9999567866325378,0.4616476581210186,0.6596302673930219,0.9997051954269409,0.4594655476865318,0.6856296374684294,0.9998142123222351,60.02439900441935,0
154,0.5372333895592467,0.5768411414963863,0.9996364712715149,0.5480393256459921,0.6138518764859159,0.9999593496322632,0.4612249604293282,0.6597325688316713,0.999713122844696,0.45955711035501423,0.6857248714991984,0.9998212456703186,60.02439900441935,0
155,0.5371884646869846,0.5767472585042323,0.9996501207351685,0.5481291526839851,0.6138449708620712,0.9999607801437378,0.46093408408619146,0.659808306466966,0.9997174143791199,0.4595792094866439,0.6858303745587673,0.9998232126235962,60.02439900441935,0
156,0.537182518414089,0.5765035294351128,0.9996575117111206,0.5482290443919958,0.6138200816654029,0.9999614357948303,0.46090755718095,0.6598057604971392,0.9997178912162781,0.4595708974770141,0.685866134507316,0.9998223781585693,60.02439900441935,0
157,0.5372086848531454,0.5759273455256512,0.9996662139892578,0.5483249624570216,0.6137718473161975,0.9999621510505676,0.4609007963112426,0.6597627883865724,0.9997209310531616,0.45955316651435163,0.685921538443793,0.9998232126235962,60.02439900441935,0
158,0.537240116369157,0.5753074997947334,0.9996764063835144,0.5483904707999461,0.6137623928842095,0.9999634623527527,0.4608721463453206,0.6597995275542855,0.9997221827507019,0.4595087638923103,0.6860802230380836,0.9998266100883484,60.02439900441935,0
159,0.5372682724680223,0.5746682825542636,0.9996885061264038,0.5484061865579519,0.6137866179148361,0.9999651908874512,0.46085589840298646,0.6595576121693572,0.99973064661026,0.4594601023764841,0.6864902377128607,0.9998340606689453,60.02439900441935,0
160,0.5372957019578848,0.5744400705610007,0.999687671661377,0.548387814135779,0.6138472954432175,0.9999651908874512,0.46093173679851385,0.6598792842456278,0.9997360110282898,0.4593908573899954,0.6874434153238937,0.9998376369476318,60.02439900441935,0
161,0.5373053096589593,0.5748073487054739,0.9996916055679321,0.5483600525628958,0.613937928563073,0.9999663829803467,0.4610211210591456,0.6612291108994262,0.9997361898422241,0.4593532894338884,0.689048222133092,0.9998423457145691,60.02439900441935,0
162,0.5372985345976697,0.5758629781859266,0.999655544757843,0.5483300998097379,0.6139747528802786,0.9999617338180542,0.4611006478468581,0.6638079484303797,0.9997209906578064,0.4593827667690462,0.6906804612704691,0.9998334646224976,60.02439900441935,0
163,0.5373097885222666,0.5777743714196346,0.9996027946472168,0.5482701602436252,0.6139350363186433,0.9999555349349976,0.46139702342805444,0.6674394352095473,0.9996859431266785,0.45945430369604234,0.6920769328162789,0.9998121857643127,60.02439900441935,0
164,0.5373370533897768,0.5802676592554369,0.9995416402816772,0.5481018055052989,0.6138883318219871,0.9999465942382812,0.46176072813215746,0.6714279339427045,0.9996764659881592,0.45943891292526645,0.6935334943589715,0.999802827835083,60.02439900441935,0
165,0.5372849958283565,0.5822775590987437,0.9994857311248779,0.5477905386970161,0.6137603265898574,0.9999391436576843,0.46211930825596803,0.6746618463879546,0.9996572136878967,0.4596093197663629,0.6956095156215492,0.9997937679290771,60.02439900441935,0
166,0.5371929662568233,0.5836779106230967,0.9994486570358276,0.5474541442734859,0.6136577697027302,0.999934732913971,0.4623616919631054,0.6774106309527448,0.9996341466903687,0.46010637709072694,0.6985218241101225,0.9997799396514893,60.02439900441935,0
167,0.5369319773855667,0.5843044235592801,0.9994338750839233,0.5470800059182308,0.6136374303272798,0.9999346733093262,0.46236324310302773,0.6797167914254331,0.999618649482727,0.4608278047470823,0.7024850334439965,0.9997702836990356,60.02439900441935,0
168,0.5364627525919965,0.5842809591974536,0.9994133114814758,0.546579397860028,0.6136407029061095,0.9999334216117859,0.4621849939936687,0.681860696701777,0.9995942711830139,0.4615459640820825,0.7061207266080953,0.9997591376304626,60.02439900441935,0
169,0.5359167513393225,0.584346629324414,0.9994164705276489,0.5458656066939949,0.6136096715927128,0.9999356865882874,0.4621081607682368,0.6841270696549194,0.9995771646499634,0.4620295933314736,0.7085395739192061,0.9997569918632507,60.02439900441935,0
170,0.5351786102567404,0.5844042045729506,0.9994140863418579,0.5451510889189588,0.6135788162549342,0.9999361634254456,0.4618414143721266,0.6863505982217339,0.9995216131210327,0.46212018671489935,0.7102133177575616,0.9997324347496033,60.02439900441935,0
171,0.534449466637203,0.5844148425828848,0.9994257092475891,0.544301910059793,0.6134664075715206,0.9999392628669739,0.46183359906787,0.6882427647000273,0.9994824528694153,0.4620142508120768,0.7112324862253104,0.9997192621231079,60.02439900441935,0
172,0.5340069276945936,0.5845060348510747,0.9994345903396606,0.5435814233053302,0.6133763023785188,0.9999422430992126,0.46204068405287646,0.6893365553447184,0.9994882941246033,0.4619200854074391,0.711719365347,0.9997278451919556,60.02439900441935,0
173,0.5337774214290442,0.5846570531527207,0.9994553327560425,0.5428821047147119,0.6133037266277137,0.9999461770057678,0.4624926192419873,0.6898137870289036,0.999506413936615,0.4618054415498465,0.7125519230252226,0.9997434616088867,60.02439900441935,0
174,0.5335455763907664,0.584809799989065,0.9994902610778809,0.5421881817636041,0.6133006498927167,0.9999507665634155,0.4629658134210681,0.6902584802536742,0.9995328783988953,0.461714313143776,0.7137763244765152,0.9997632503509521,60.02439900441935,0
175,0.5333888814562847,0.584953021435511,0.9995120167732239,0.5414182742436731,0.6130935010455909,0.9999546408653259,0.4634457074460533,0.6914901960463757,0.999555230140686,0.4616586863994602,0.7151271019663135,0.9997808337211609,60.02439900441935,0
176,0.5331067556426643,0.58490021172024,0.9995181560516357,0.5406713003203987,0.6122203043528971,0.9999570846557617,0.46382495760917697,0.6932616716339479,0.9995561838150024,0.4617121659574058,0.7165533786728275,0.999789297580719,60.02439900441935,0
177,0.5328486561775212,0.585022872402555,0.9994993805885315,0.5397086427325298,0.6108222405115769,0.9999574422836304,0.4643586803050272,0.6951720288821635,0.9995582103729248,0.4618375060104192,0.7175023357073472,0.999796450138092,60.02439900441935,0
178,0.5326848086856665,0.5846120175861181,0.9994924068450928,0.5386608129455934,0.608985563119253,0.9999580383300781,0.464917939333689,0.6962762588546395,0.9995661377906799,0.461861420245398,0.7175744261060448,0.9998043179512024,60.02439900441935,0
179,0.5324458905628754,0.5840471216610503,0.9994892477989197,0.5376494640395759,0.6071819180534004,0.9999591112136841,0.46544390207245273,0.6968274371964596,0.9995723962783813,0.46173876382055773,0.7174661358197536,0.999811589717865,60.02439900441935,0
180,0.5319881524358482,0.583061950547355,0.9994744062423706,0.5369700931367425,0.6060435033979874,0.9999572038650513,0.4657626293954399,0.6969314728464404,0.999586820602417,0.4616130874270488,0.7176758164451242,0.9998183250427246,60.02439900441935,0
181,0.5315466920534774,0.5820286132040482,0.9994781017303467,0.5365327738580254,0.6055134279387342,0.9999586939811707,0.46603656240872016,0.6970945823760266,0.999600350856781,0.4615075148287277,0.7180904235158654,0.9998282194137573,60.02439900441935,0
182,0.5311201470238827,0.5812387466430669,0.9994984269142151,0.5360761341594519,0.6052790709904268,0.9999611377716064,0.4662625846408666,0.6971423739478708,0.9996241331100464,0.46151202065604113,0.7184881227357053,0.999840497970581,60.02439900441935,0
183,0.5308195749918625,0.5809412286395123,0.9995015263557434,0.5355647632053925,0.6053484167371482,0.9999623894691467,0.46661552219163843,0.6971357549939843,0.9996395707130432,0.4615781591052105,0.7187487823622574,0.9998499751091003,60.02439900441935,0
184,0.5306838012876969,0.5806787751969842,0.9994779825210571,0.5348856392360872,0.6053830385208134,0.9999615550041199,0.4671019784041818,0.696921260583969,0.9996424913406372,0.4615322763011573,0.7187601157597139,0.9998531341552734,60.02439900441935,0
185,0.5306104081017635,0.5807989665440155,0.9994648694992065,0.5342688390186859,0.6054399865014217,0.9999626874923706,0.46755117603710755,0.6969691145987744,0.9996572732925415,0.4613752393495472,0.7188461252621248,0.999862551689148,60.02439900441935,0
186,0.5305441476049881,0.5804171931175963,0.9994509220123291,0.5339829070227491,0.6054616712388543,0.9999630451202393,0.46789156681015415,0.6968382880801252,0.9996552467346191,0.4611798524856571,0.7189578697794965,0.9998658299446106,60.02439900441935,0
187,0.5305110471589229,0.5797497346287687,0.9994312524795532,0.5339152273677649,0.6053823261033926,0.9999622106552124,0.4680725988887609,0.696262229056586,0.9996505975723267,0.4610070032732831,0.7190506628581461,0.9998639822006226,60.02439900441935,0
188,0.5303911112603692,0.5790217064675836,0.9994388222694397,0.5338139619146078,0.6053824736958464,0.9999639391899109,0.46796133830433834,0.6953432616733375,0.9996390342712402,0.46090563138326046,0.7191376799628855,0.9998635053634644,60.02439900441935,0
189,0.5302567481994633,0.578340936274756,0.9994668960571289,0.5337445906230386,0.6052999155861996,0.9999665021896362,0.46790959295772405,0.6942805051803594,0.9996479749679565,0.4608494525864015,0.7191625322614403,0.9998711347579956,60.02439900441935,0
190,0.5302273489180069,0.5781279688789736,0.999492347240448,0.5336163299424312,0.6047912183262059,0.9999685287475586,0.4680294110661465,0.6934257916041788,0.9996653199195862,0.46082818791979874,0.7191516785394583,0.9998798370361328,60.02439900441935,0
191,0.5301043050629757,0.5780201156934107,0.9995144009590149,0.533496961707161,0.6038936149506346,0.999970555305481,0.4679535939579922,0.6930094701903213,0.9996854066848755,0.46075783598990705,0.7190819751648682,0.9998890161514282,60.02439900441935,0
192,0.529827129273188,0.5774425041107909,0.9995048642158508,0.5334878365198775,0.6025916678564894,0.9999698996543884,0.46756318353471343,0.6929053862889614,0.999689519405365,0.46060349685805224,0.718908099901109,0.9998891353607178,60.02439900441935,0
193,0.529502255575998,0.5766709560439705,0.9995266795158386,0.5336787700653081,0.6011388727596834,0.9999712109565735,0.46685218669119377,0.6927567095983602,0.9997065663337708,0.46059862630707915,0.7183565696080532,0.9998955726623535,60.02439900441935,0
194,0.5292118617466521,0.5758597992715386,0.99953693151474,0.5339135584377112,0.6001196390106569,0.9999716877937317,0.4660278587114247,0.6925444602966314,0.9997183084487915,0.4607770755177456,0.7176222630909517,0.9998987317085266,60.02439900441935,0
195,0.5290491070066183,0.5752938134329664,0.9995570182800293,0.5341997004690628,0.599567489964622,0.9999728798866272,0.46531697681971995,0.6923369396300548,0.9997333288192749,0.4610611739612765,0.7166211207707729,0.9999040365219116,60.02439900441935,0
196,0.5292187900770282,0.5753903843107683,0.9995782375335693,0.5345846301033388,0.5990575239771894,0.9999741911888123,0.4651806255181634,0.6918737377439232,0.9997501373291016,0.46131438158807336,0.7154614982150855,0.9999105334281921,60.02439900441935,0
197,0.529370901130495,0.5747271776199345,0.9995908737182617,0.5352886120478317,0.5979987326122471,0.9999748468399048,0.464938030356453,0.6912366946538295,0.9997631907463074,0.46146195133527157,0.7142933947699417,0.9999150633811951,60.02439900441935,0
198,0.5294000960531693,0.5734148082279028,0.999608039855957,0.5362311147508172,0.5965591754232138,0.9999760985374451,0.46423179904619893,0.6904746577853254,0.9997767806053162,0.46148766932033397,0.7132223645846054,0.9999199509620667,60.02439900441935,0
199,0.5293498975890027,0.5720685010864626,0.9996262192726135,0.5373716297603792,0.5948622510546735,0.9999768137931824,0.463299237546467,0.6892717253594177,0.9997912049293518,0.46158483056795063,0.711793218340193,0.9999238848686218,60.02439900441935,0
200,0.5292825074422931,0.5702625541459951,0.9996460676193237,0.5383677170390179,0.5934265057245895,0.9999778270721436,0.46255378070331793,0.6868473773910891,0.9998031258583069,0.4617667354288559,0.7101126426742196,0.9999273419380188,60.02439900441935,0
201,0.5291241407394414,0.5682192501567663,0.9996641874313354,0.5390668312708542,0.5923379546120058,0.9999785423278809,0.4617240840480445,0.6839532994088678,0.9998136758804321,0.46195326390720587,0.7078502518790115,0.9999300837516785,60.02439900441935,0
202,0.529195987042927,0.5665503768693837,0.9996749758720398,0.5395202693485083,0.591788266386305,0.999977707862854,0.46122670599392523,0.6799050824982785,0.9998222589492798,0.4620340253625601,0.7050021234012791,0.9999298453330994,60.02439900441935,0
203,0.5294250505311153,0.5647436976432805,0.9996836185455322,0.5399754927271893,0.5908861614408952,0.9999754428863525,0.46065018290565163,0.6754500667254135,0.9998297095298767,0.46198047342754583,0.701447628793263,0.9999279975891113,60.02439900441935,0
204,0.5297013748259776,0.563402788979667,0.9996935725212097,0.540572890213558,0.5896623787425819,0.9999744296073914,0.45999172471818506,0.6716068387031562,0.9998371601104736,0.461851374024437,0.6976297185534528,0.9999269843101501,60.02439900441935,0
205,0.5303815234275095,0.5629680298623589,0.9997057914733887,0.5412525619779318,0.5880533683867686,0.9999749064445496,0.4597296232268928,0.6682788275537042,0.9998430013656616,0.46172937183153095,0.6937986555553624,0.9999256730079651,60.02439900441935,0
206,0.5311997163863413,0.562304644357591,0.999710738658905,0.5419365196000967,0.5859524465742569,0.9999739527702332,0.45984759075301074,0.6644413442838766,0.9998501539230347,0.46153910529045866,0.6896767758187798,0.999926745891571,60.02439900441935,0
207,0.5317641070910867,0.5608194442022418,0.9997161030769348,0.5425223537853789,0.5834515463738219,0.9999736547470093,0.45972052358445703,0.661607458477929,0.9998568296432495,0.4612172600768865,0.6853529129709521,0.9999282360076904,60.02439900441935,0
208,0.5320721949849814,0.5584065261341281,0.9997219443321228,0.5429694340342572,0.5811886560349242,0.9999725818634033,0.4593861755870642,0.6582254370053615,0.9998655319213867,0.4608311028707599,0.6811148893265502,0.9999312162399292,60.02439900441935,0
209,0.5321848165421263,0.5556826336043226,0.9997212886810303,0.5432041826702303,0.5792779894102192,0.9999703764915466,0.45890749636150585,0.6542780683154157,0.9998713135719299,0.46061760329064905,0.6775993165515724,0.9999324083328247,60.02439900441935,0
210,0.5320688145501278,0.5530322676613222,0.9997320771217346,0.5433185299237573,0.5770047562462948,0.9999703764915466,0.45854867356164153,0.6505818877901355,0.999879002571106,0.46068384250005123,0.6748917102813726,0.9999365210533142,60.02439900441935,0
211,0.5321470271973388,0.5508910474323095,0.9997419118881226,0.5433239369165335,0.574402979442052,0.9999707937240601,0.4584928623267586,0.6473994141533267,0.9998857378959656,0.461015221618471,0.6723023965245206,0.9999407529830933,60.02439900441935,0
212,0.5324043688319983,0.5484853897775928,0.9997528791427612,0.5433892437389923,0.5716553103356139,0.9999716281890869,0.4585486366635281,0.6436268403416594,0.9998927116394043,0.4613556876069027,0.6688244683401932,0.9999446868896484,60.02439900441935,0
213,0.5326365374383477,0.545063157876333,0.9997516870498657,0.5434692700703943,0.5688451556932363,0.999969482421875,0.45851930266334934,0.6390302209627066,0.9998944997787476,0.46152131472315144,0.6640797115507585,0.9999462366104126,60.02439900441935,0
214,0.5328856649852939,0.5408208994638356,0.9997579455375671,0.5435796067828228,0.5657071840195433,0.9999703168869019,0.4586505733785179,0.6336654509816857,0.9999009966850281,0.461325878188724,0.6579501855941051,0.999950647354126,60.02439900441935,0
215,0.5332578250340057,0.5368542529287796,0.9997694492340088,0.5436740148635142,0.5623649756113693,0.9999715685844421,0.45888372546150613,0.6282507919129876,0.9999076724052429,0.46065214134397997,0.6520872314771022,0.9999547600746155,60.02439900441935,0
216,0.5334532970473884,0.5333999026389353,0.9997671246528625,0.5436976012729468,0.558255099114918,0.9999696612358093,0.458947381802968,0.6238501327378414,0.9999127984046936,0.45974856615066567,0.6474811576661614,0.9999576210975647,60.02439900441935,0
217,0.5337897539138798,0.5308980374109181,0.9997601509094238,0.5433885909262162,0.5535216501780924,0.9999674558639526,0.45929243734904734,0.6196883519490565,0.9999150633811951,0.4584479530652368,0.641503444739751,0.9999597668647766,60.02439900441935,0
218,0.5341940947941376,0.5277593675113864,0.9997664093971252,0.5427653477305462,0.549009652364822,0.9999656677246094,0.4596863985061649,0.6150321676617583,0.9999141097068787,0.45720233519872067,0.635790966805958,0.9999571442604065,60.02439900441935,0
219,0.5345631894611181,0.5233842418307354,0.9997392892837524,0.5419901098523825,0.5447744698751544,0.9999493360519409,0.46010722858565234,0.6090002599216648,0.9998955726623535,0.4563344461577283,0.6296967267990117,0.9999373555183411,60.02439900441935,0
220,0.5349361414001106,0.5183256836164569,0.9997208714485168,0.5412682152929764,0.539765406222571,0.999944269657135,0.4606962189787914,0.6025048125357859,0.9998612999916077,0.45582875609397927,0.6226955027807332,0.9999099969863892,60.02439900441935,0
221,0.5352528606142322,0.5131269948823115,0.9997090101242065,0.5407380035945352,0.5342159980819343,0.999937891960144,0.46116365563301853,0.5970783091726761,0.9998475313186646,0.45548264895166707,0.6167146960894272,0.9998974204063416,60.02439900441935,0
222,0.5351725873493017,0.5089349973769419,0.9997085332870483,0.5398438601266775,0.5283842853137429,0.9999396800994873,0.46115434595516785,0.5942016981896905,0.99984210729599,0.45549364600862813,0.6126489837964381,0.999891459941864,60.02439900441935,0
223,0.5344224941162841,0.50553933495567,0.9997057318687439,0.538315111682529,0.522543861752465,0.9999350905418396,0.4610893669582552,0.5936112914766589,0.9998083114624023,0.4553966266768323,0.6098708027885078,0.9998551607131958,60.02439900441935,0
224,0.5329419346082782,0.5010075682685493,0.9996830224990845,0.5361480230376838,0.5165527150744488,0.9999189376831055,0.4609011638732187,0.5932884301458091,0.9997655153274536,0.45527639417421284,0.6084249530519763,0.99980628490448,60.02439900441935,0
225,0.5309506257375086,0.49563673280534326,0.9996265769004822,0.5336350117410937,0.5095868550595787,0.9998868107795715,0.460387705337434,0.593491497493926,0.9996729493141174,0.45485387813477324,0.6076747775077824,0.9997034072875977,60.02439900441935,0
226,0.5284673174222314,0.48911902734211554,0.9995618462562561,0.531491149039496,0.5018083878925872,0.9998528957366943,0.4601158584867208,0.594262506280627,0.9995716214179993,0.4547986061800098,0.6068261038689391,0.9996055364608765,60.02439900441935,0
227,0.526824514071147,0.48117995545977676,0.9995442628860474,0.529365942591713,0.4953489729336334,0.9998458027839661,0.4622987863563359,0.5920779477982299,0.9994692206382751,0.45598626988274743,0.605404621078855,0.999498188495636,60.02439900441935,0
228,0.525986716860817,0.47358544099898603,0.9994040131568909,0.5270610167866666,0.48984435626438727,0.9997999668121338,0.4659987148784459,0.589525543508076,0.9991942048072815,0.4585951850527813,0.604298707984743,0.9992577433586121,60.02439900441935,0
229,0.5252289105029337,0.46531837185223934,0.9990060925483704,0.524837088017237,0.48440225919087765,0.9995073080062866,0.46927732229232827,0.5836547840209239,0.9989100098609924,0.45999921787352827,0.6042922110784626,0.9988836050033569,60.02439900441935,0
230,0.5222104156301139,0.457580563567934,0.9988959431648254,0.5226400778407146,0.47813869161265277,0.9994309544563293,0.47237772813865153,0.5798978436560862,0.9988348484039307,0.46573806092852676,0.6051617392471864,0.9987344145774841,60.02439900441935,0
231,0.5132859888530916,0.44265905448368653,0.9988486170768738,0.5198607255542094,0.4607751166063645,0.999322772026062,0.474561149638797,0.5849497081741459,0.9987742304801941,0.48178089800335155,0.6070705954990695,0.9986549615859985,60.02439900441935,0
232,0.5033552497625355,0.44371094590141696,0.0,0.5184295707278785,0.45702315488505024,0.0,0.47770917581187394,0.6003890132147173,0.0,0.5015307962894444,0.6133941719456328,0.0,60.02439900441935,1
233,0.4974431693553929,0.47406368170465785,0.9989530444145203,0.5187249609402252,0.4828033475648793,0.9993840456008911,0.4843932461170927,0.6214315295219426,0.9988956451416016,0.5192817903700333,0.6250539876165849,0.9987884163856506,60.02439900441935,0
234,0.49632231607323646,0.5472460048539303,0.0,0.5232202136327353,0.5501279421742005,0.0,0.4930141920608192,0.6477012000386683,0.0,0.5296321866058172,0.6437614139110328,0.0,60.02439900441935,1
235,0.5103189221450265,0.6344118487267272,0.0,0.5234876379134168,0.6367508631850052,0.0,0.5055951244301271,0.6688039879950272,0.0,0.5267286130360199,0.6663409906720363,0.0,60.02439900441935,1
236,0.521940424328759,0.7079798323767532,0.9989503026008606,0.5256005043075203,0.7096484388623925,0.9994233846664429,0.5155138061160137,0.6852449519293655,0.9989984035491943,0.5210212639399942,0.6853380912826181,0.9989036917686462,60.02439900441935,0
237,0.5261459109329046,0.7365437817005891,0.9990538954734802,0.5277947736164884,0.7382710670667987,0.9994797110557556,0.520971023374134,0.6924841110668492,0.9990951418876648,0.5210637847582503,0.6927138841341418,0.999009907245636,60.02439900441935,0
238,0.5247450414158052,0.7329532617614389,0.9990463256835938,0.5325005357227632,0.7329467128193574,0.9991499185562134,0.5222258179906819,0.6887606505363713,0.9991538524627686,0.5243059084528973,0.6876123698930897,0.9990493059158325,60.02439900441935,0
239,0.5195100392614096,0.7093829030082345,0.9990909099578857,0.5395894987242567,0.7056645580700471,0.9990442991256714,0.5203577109745575,0.6759049977575036,0.9991525411605835,0.5297262328011654,0.6726268671807794,0.9989997148513794,60.02439900441935,0
240,0.511922004677001,0.6909633505912061,0.9991636872291565,0.5479831582023988,0.6819743514060981,0.9989730715751648,0.5169114215033399,0.6592074206897196,0.9991384744644165,0.534429978756678,0.6542058132943658,0.9989978075027466,60.02439900441935,0
241,0.5142115304867431,0.6726450153759553,0.9992141723632812,0.5494858480635147,0.6618800894135526,0.9988248944282532,0.517747802748567,0.6398229577711656,0.9989465475082397,0.5360151210001541,0.6347299949044278,0.9987905621528625,60.02439900441935,0
242,0.5130082273057532,0.6561467165038704,0.9992731213569641,0.5504490534464522,0.6445554221669838,0.9987503290176392,0.5170136862212708,0.6245840124431117,0.9989427328109741,0.536166461805503,0.619489223829338,0.9987548589706421,60.02439900441935,0
243,0.5109033761989507,0.6400810877482102,0.9993360638618469,0.5490791740871616,0.632055310266359,0.9987685084342957,0.5155002606056989,0.614710811348189,0.9989451169967651,0.5346152008998966,0.6115388181947532,0.9987634420394897,60.02439900441935,0
244,0.5069358050823216,0.6245956477664771,0.0,0.5473318355424068,0.6221850329921363,0.0,0.5129279856170931,0.6113316260633019,0.0,0.532596356811978,0.6109357632341844,0.0,60.02439900441935,1
245,0.5017925784701397,0.6078027430034825,0.0,0.5452904729616079,0.6130026805968516,0.0,0.509554790599006,0.6133839090665186,0.0,0.5304612034843086,0.6168562741506671,0.0,60.02439900441935,1
246,0.49543810635805174,0.5903869271278386,0.0,0.5426450371742253,0.6045157834887509,0.0,0.5054681785404687,0.6180164292454724,0.0,0.5277506634593014,0.6262020692229275,0.0,60.02439900441935,1
247,0.48969843983650246,0.5732915401458745,0.0,0.5402856469154362,0.5955542027950291,0.0,0.5017576664686207,0.620877712965012,0.0,0.5252920091152196,0.6333176791667943,0.0,60.02439900441935,1
248,0.4839587733149532,0.5561961531639104,0.0,0.5379262566566472,0.5865926221013074,0.0,0.49804715439677283,0.6237389966845517,0.0,0.5228333547711377,0.640433289110661,0.0,60.02439900441935,1
249,0.47806421915690145,0.5368950792721344,0.0,0.5359314169202536,0.5763561072803683,0.0,0.49441822795640894,0.6248754035858886,0.0,0.5209188177472073,0.6467989768300744,0.0,60.02439900441935,1
250,0.4724019964536035,0.5209025357450762,0.0,0.5333897514002668,0.5680319936502551,0.0,0.490666923068819,0.6285991257145296,0.0,0.5181881047430497,0.6542895478861678,0.0,60.02439900441935,1
251,0.4671087030853548,0.5126706191471648,0.9993748664855957,0.5290703915414361,0.5637949825752353,0.998862624168396,0.4864991417243371,0.6388909327132366,0.9990344047546387,0.513043344730423,0.6635191476061236,0.9988856911659241,60.02439900441935,0
252,0.4623031016616598,0.5093551036857428,0.0,0.5246472344512035,0.5618415407481652,0.0,0.48225853042233596,0.652561271119686,0.0,0.5072589534379192,0.676120230484577,0.0,60.02439900441935,1
253,0.45858659417856346,0.510985252403078,0.9991057515144348,0.5209164023399357,0.5663801098153709,0.9989356398582458,0.4782923839631539,0.6690032247986117,0.99897301197052,0.5019863382691433,0.6941217503377375,0.9989842772483826,60.02439900441935,0
254,0.4559372734455839,0.5142084374314266,0.9989191889762878,0.5184096594651545,0.5767303620065967,0.9989616870880127,0.47496658208824377,0.6831959003493905,0.9990335702896118,0.49847228612218625,0.7134068125770212,0.9990797638893127,60.02439900441935,0
255,0.4535538866406399,0.5178641052473163,0.9989849328994751,0.5185949263118567,0.5885349426950732,0.9990406036376953,0.47256116640000156,0.6917272096588504,0.9991216659545898,0.4976366800921308,0.7274067089671187,0.9991706013679504,60.02439900441935,0
256,0.44903830971036673,0.5221632321675622,0.9989811778068542,0.5237741697402232,0.601229329903921,0.9990593194961548,0.46952028927348943,0.6966441302072439,0.999197781085968,0.4996228686400826,0.7354792470023752,0.9992517828941345,60.02439900441935,0
257,0.4566872829482672,0.5281597602935069,0.9990341067314148,0.5148343486445295,0.608033798989796,0.9991155862808228,0.47166471254257963,0.7013261658804764,0.9992725849151611,0.4953779379526778,0.7373469982828418,0.9993255734443665,60.02439900441935,0
258,0.4677679921899527,0.5295469335147317,0.9990682601928711,0.5103861405735928,0.6045921331360231,0.9991579651832581,0.4753886730897998,0.7014240423838303,0.9993430972099304,0.49193608618917956,0.7348728605679109,0.9993924498558044,60.02439900441935,0
259,0.4752719927401774,0.534791815848578,0.9990428686141968,0.5111056949411124,0.5971178270521623,0.9990202784538269,0.47925762903122715,0.697429776191712,0.9993981122970581,0.49081054897535453,0.7276684585071751,0.9994416236877441,60.02439900441935,0
260,0.485495290585927,0.5451625386873886,0.9990124106407166,0.5074293982414977,0.591579417387645,0.998906672000885,0.48621058322134514,0.675409282956805,0.9994474053382874,0.4897087642124725,0.7010632781755362,0.9994862675666809,60.02439900441935,0
261,0.5032567268326174,0.5630659858385727,0.9985503554344177,0.4950927808171231,0.5886355496588213,0.9977061748504639,0.4986785167739509,0.6530951289903555,0.9994678497314453,0.48827795755295567,0.6704639366694864,0.9994992613792419,60.02439900441935,0
262,0.5213629986558646,0.5864745236578447,0.9986651539802551,0.4817590259370354,0.5945345390410655,0.9978288412094116,0.5112196888242453,0.6301130737577171,0.9995180368423462,0.4871824965590526,0.6396116387276427,0.999545156955719,60.02439900441935,0
263,0.5463370680809025,0.6084371038845612,0.9987711906433105,0.4551372471309847,0.6056887280373351,0.9979827404022217,0.5246640429610301,0.6169677263214479,0.9995505809783936,0.4810906024206256,0.6218365714663556,0.9995830059051514,60.02439900441935,0
264,0.5601456363995875,0.621710822695778,0.9988332390785217,0.44196931379182036,0.617667328743708,0.9981310367584229,0.5314123062860402,0.6152514162517735,0.9995865821838379,0.47740057678449765,0.6204321356046772,0.9996193647384644,60.02439900441935,0
265,0.5569971317336677,0.6285276725178678,0.9988956451416016,0.4401069155761177,0.6318164638110575,0.9982302188873291,0.529968829382034,0.612838350591206,0.9996172189712524,0.47646336612247325,0.6174337920688453,0.9996516704559326,60.02439900441935,0
266,0.5509205034800942,0.632889690853301,0.9988835453987122,0.44124638892355456,0.642978776068915,0.9982346296310425,0.5276953379313155,0.6013027174132215,0.9996381998062134,0.4763702480565937,0.6082878964287899,0.9996780157089233,60.02439900441935,0
267,0.5506653445107601,0.6377672155698145,0.9987544417381287,0.43927070356550707,0.6482227614947733,0.9980499148368835,0.5293030171167287,0.5977939878191272,0.999666690826416,0.4768122775214063,0.6086258576029828,0.9997063875198364,60.02439900441935,0
268,0.5513883289836706,0.6470341824349908,0.9988358616828918,0.44037141260646673,0.6503766377766933,0.998119592666626,0.5315467601730715,0.5968841144016815,0.9996946454048157,0.4778690522625337,0.608418410732633,0.9997303485870361,60.02439900441935,0
269,0.5534278438204815,0.6586599179676607,0.9989133477210999,0.4400640555790496,0.6549193319820228,0.9982301592826843,0.5325722467331664,0.6005408196222219,0.9997228980064392,0.4780030960128424,0.6098648565156124,0.9997552633285522,60.02439900441935,0
270,0.55408373333159,0.6682007766905291,0.9989702701568604,0.44096155535607146,0.6561504999796555,0.9983519911766052,0.5324274244762606,0.6062388126812289,0.999750018119812,0.4765394954454335,0.6102753707340791,0.999779224395752,60.02439900441935,0
271,0.5509306987126672,0.6748888180369428,0.9989936947822571,0.442220577171871,0.6612340155101963,0.9984603524208069,0.5292238678250998,0.6114314804001464,0.9997716546058655,0.4744487688654949,0.6069758818263105,0.9997990131378174,60.02439900441935,0
272,0.5456663114683973,0.6835443519410638,0.9989554286003113,0.4458441649164476,0.6677093789691022,0.998557984828949,0.5247583559581216,0.6250874740736829,0.9997859597206116,0.4734219624882656,0.6167353845777971,0.9998136162757874,60.02439900441935,0
273,0.5354278087615971,0.6965623639878779,0.0,0.45252265107064055,0.6790245572725937,0.0,0.5178504188855493,0.6546554584351802,0.0,0.47477488716443417,0.6464116573333746,0.0,60.02439900441935,1
274,0.5223412797564556,0.7096709779330668,0.0,0.46215921640396157,0.6907072549774539,0.0,0.5101325370016556,0.6887089023514406,0.0,0.4782876216229942,0.6810835202534999,0.0,60.02439900441935,1
275,0.5124850187982836,0.7206423736753924,0.998960018157959,0.46850199926467206,0.7028530438741054,0.9986799955368042,0.5036419374602186,0.7146265620277048,0.9998014569282532,0.48059933100427943,0.7079831901050755,0.9998286366462708,60.02439900441935,0
276,0.5082024619692852,0.7270351307732724,0.9989427328109741,0.471034951153256,0.7093321198508858,0.9988023042678833,0.5006056796936766,0.7277244688972602,0.9998182654380798,0.4812401987257462,0.7219777050472447,0.9998442530632019,60.02439900441935,0
277,0.5077049249694465,0.7320789297421779,0.9989829659461975,0.4706713273411709,0.7126717510677525,0.9989145398139954,0.5001353309268047,0.7317940431927883,0.9998350143432617,0.4809478606496542,0.726364950339,0.9998587965965271,60.02439900441935,0
278,0.5090156112398424,0.7353078126907355,0.9989674091339111,0.4693583164896288,0.7141649779819312,0.9990043044090271,0.500987067109063,0.7314006742976966,0.9998494386672974,0.4803272939863663,0.7254473623775306,0.9998711347579956,60.02439900441935,0
279,0.5086233587492084,0.7390114097368154,0.9989851117134094,0.46845025817553243,0.7160429472015024,0.9990946054458618,0.5011138092903868,0.733559117430733,0.9998630881309509,0.4798661073048913,0.7272615517888756,0.9998828172683716,60.02439900441935,0
280,0.5083203713099166,0.7408525972139274,0.9990370273590088,0.46735652713548603,0.7160600395429708,0.9991818070411682,0.5012661048344207,0.7324681253660299,0.9998751878738403,0.4794169167677565,0.7265891972042271,0.9998937845230103,60.02439900441935,0
281,0.5079898805845355,0.7398962463651391,0.9991088509559631,0.4656720260779067,0.7129236913862688,0.9992626309394836,0.500954593930926,0.728320703620003,0.9998853802680969,0.4787609392688392,0.7226622814223886,0.9999032616615295,60.02439900441935,0
282,0.5090969772565936,0.7388489473433728,0.9991560578346252,0.46340292408352846,0.7090714346794862,0.9993345141410828,0.5020454469181247,0.7250785600571412,0.9998950362205505,0.47805602351824483,0.7180502130871733,0.9999123215675354,60.02439900441935,0
283,0.5082142622697925,0.7378045292127706,0.9991940855979919,0.46316827904610447,0.7053872176579072,0.9993934631347656,0.502572901192166,0.7193070905549191,0.9999048709869385,0.47820842124166985,0.7112869904154828,0.9999207258224487,60.02439900441935,0
284,0.5033312617313299,0.7365733626342961,0.9992249608039856,0.4682108944370637,0.7056751974991395,0.9994444251060486,0.5010381433225817,0.715005775292715,0.9999130368232727,0.4804858480181017,0.7071570228962676,0.9999279379844666,60.02439900441935,0
285,0.4965902648511391,0.7341554583538152,0.999278724193573,0.4749647102185662,0.7069457308167508,0.9994668364524841,0.4984613738599282,0.7106231337501895,0.9999202489852905,0.4836749221597403,0.7044826213802616,0.9999330043792725,60.02439900441935,0
286,0.49016289412975356,0.730013332196645,0.9993407130241394,0.48115498395193224,0.7064685892491119,0.9994809031486511,0.4956910517953695,0.7049101647876563,0.9999265670776367,0.48707217403820624,0.7008582452932999,0.9999375343322754,60.02439900441935,0
287,0.48615224872316676,0.7239034544853944,0.0,0.4846228744302481,0.7023641183262785,0.0,0.4935937183243892,0.6977962596075882,0.0,0.48979284791719385,0.694405873616537,0.0,60.02439900441935,1
288,0.4873298320905634,0.7165056730146379,0.0,0.4833314404601146,0.6935847922340861,0.0,0.49471017723773464,0.6894011768229285,0.0,0.49116496168650153,0.6838459583210863,0.0,60.02439900441935,1
289,0.489170482088795,0.7076027517790329,0.0,0.4806783256076635,0.682767754291004,0.0,0.4961520827515225,0.6797961586124299,0.0,0.4916342258890037,0.6724352537494007,0.0,60.02439900441935,1
290,0.4890326390882119,0.6997094301732038,0.9983689188957214,0.48008149436542,0.6750121087163363,0.9983154535293579,0.4963250924925232,0.6751040259560392,0.9997479319572449,0.49231772992637174,0.6672478622787605,0.9997988939285278,60.02439900441935,0
291,0.48775242855806533,0.692093376766195,0.0,0.48050298364389543,0.6690354000626908,0.0,0.4956816674206724,0.6748558413851398,0.0,0.492742716392755,0.6676174871104983,0.0,60.02439900441935,1
292,0.48549304585972153,0.6847149818153178,0.0,0.48179731908298706,0.6645834944842067,0.0,0.49433844108066316,0.6784167551732331,0.0,0.49294611636972296,0.6727502687728453,0.0,60.02439900441935,1
293,0.48274407707727907,0.6774554160925064,0.0,0.4835280776023869,0.6608939904433035,0.0,0.4926453141065748,0.6838822181408226,0.0,0.4930387231019831,0.6802646288504973,0.0,60.02439900441935,1
294,0.48032149901756915,0.6701166308843177,0.0,0.4849678874015812,0.6566962187106798,0.0,0.49118545422187265,0.6880779816554148,0.0,0.4932051919973817,0.6861912699846127,0.0,60.02439900441935,1
295,0.4778989209578591,0.6627778456761291,0.0,0.4864076972007756,0.6524984469780559,0.0,0.48972559433717033,0.692273745170007,0.0,0.4933716608927804,0.692117911118728,0.0,60.02439900441935,1
296,0.4754763428981491,0.6554390604679405,0.0,0.48784750699996987,0.6483006752454323,0.0,0.488265734452468,0.696469508684599,0.0,0.493538129788179,0.6980445522528435,0.0,60.02439900441935,1
297,0.47305376483843914,0.648100275259752,0.0,0.48928731679916426,0.6441029035128085,0.0,0.4868058745677658,0.7006652721991912,0.0,0.49370459868357774,0.7039711933869587,0.0,60.02439900441935,1
298,0.4706311867787291,0.6407614900515635,0.0,0.49072712659835854,0.6399051317801847,0.0,0.48534601468306365,0.7048610357137832,0.0,0.49387106757897636,0.7098978345210742,0.0,60.02439900441935,1
299,0.4682086087190192,0.6334227048433749,0.0,0.49216693639755293,0.635707360047561,0.0,0.48388615479836133,0.7090567992283753,0.0,0.4940375364743751,0.7158244756551895,0.0,60.02439900441935,1
300,0.4657860306593091,0.6260839196351864,0.0,0.49360674619674727,0.6315095883149372,0.0,0.4824262949136592,0.7132525627429676,0.0,0.49420400536977366,0.7217511167893049,0.0,60.02439900441935,1
301,0.46304799294297116,0.6188793619037116,0.0,0.4952091574668888,0.6270310734654526,0.0,0.4807241754435798,0.7183416990133438,0.0,0.49443575063031275,0.728266467541566,0.0,60.02439900441935,1
302,0.46078314471157517,0.6114734629571661,0.0,0.4965676665306096,0.6229736732912594,0.0,0.4793854453515661,0.7220907761500437,0.0,0.49456958134314116,0.7338987538666084,0.0,60.02439900441935,1
303,0.45950082140964504,0.6038673897802616,0.9984984993934631,0.4974636634190881,0.6197108130751954,0.9984782338142395,0.47910515270827053,0.7246552496166024,0.9997712969779968,0.494769910097996,0.7394115606070444,0.9998186826705933,60.02439900441935,0
304,0.45825559435746643,0.5972600937326318,0.0,0.49861415085338456,0.6194953239444416,0.0,0.4788234315184887,0.7234862822316075,0.0,0.4943986553084724,0.742087975963132,0.0,60.02439900441935,1
305,0.46175526229889874,0.5832105966714718,0.9986059069633484,0.4960803020568125,0.6145156739832285,0.9986266493797302,0.4794790226242922,0.7074067832786091,0.9997799396514893,0.4923630506346081,0.7305516347343675,0.9998345375061035,60.02439900441935,0
306,0.4650583444606694,0.5685942087854663,0.9986217617988586,0.493371957114765,0.6082837496485034,0.9986756443977356,0.4793761408045182,0.6877763909952986,0.9997981786727905,0.49006922968796357,0.7147351290498467,0.9998505115509033,60.02439900441935,0
307,0.4633625078768961,0.5625067097800123,0.9987139701843262,0.49368820020130744,0.604729919206529,0.9987615942955017,0.4769641189348134,0.677570507639931,0.9998081922531128,0.4885220584415258,0.7056883516765782,0.9998624324798584,60.02439900441935,0
308,0.45773298470746937,0.5581364489737016,0.0,0.49730276706672893,0.6030065133458098,0.0,0.4730120769568856,0.6760588870162061,0.0,0.48901684937023016,0.7047099229835334,0.0,60.02439900441935,1
309,0.44926007304872817,0.549355404717582,0.9986233711242676,0.5032274240539192,0.6013330732073108,0.9988647699356079,0.46884293357531265,0.6760811550276625,0.9998030662536621,0.49173912264051933,0.7077201661609474,0.999873697757721,60.02439900441935,0
310,0.4390105867669699,0.5366409094560718,0.998751699924469,0.5112530851647972,0.5991504845165077,0.9989737868309021,0.4645402275380638,0.6753837281749367,0.9998206496238708,0.49565238044375504,0.7114968200524654,0.999886155128479,60.02439900441935,0
311,0.43386942006292833,0.512635890926634,0.9988572597503662,0.5163395674455737,0.589755271162306,0.999050498008728,0.4617374738057458,0.6582014134952006,0.9998348951339722,0.4991982139292221,0.6985567978450236,0.9998970627784729,60.02439900441935,0
312,0.4333283092294424,0.4934075134141109,0.9988952279090881,0.5182226484730135,0.5793636412847614,0.9990921020507812,0.4611534533046544,0.6371921584719709,0.999846875667572,0.5006766319274906,0.6808445340111148,0.9999068379402161,60.02439900441935,0
313,0.44744749438195036,0.4907411507197793,0.9988072514533997,0.507129664931979,0.5680744988577711,0.9990867376327515,0.46771046377363695,0.6243285394850236,0.9998569488525391,0.4955985957667945,0.6663122148740865,0.9999148845672607,60.02439900441935,0
314,0.46015020211537716,0.49056465143249184,0.9986817240715027,0.49482169889268457,0.5595114742006579,0.9990203380584717,0.47461025487808994,0.6164284405254188,0.9998396039009094,0.4880273171833587,0.6577566209293553,0.9999125599861145,60.02439900441935,0
315,0.46445973288445286,0.48650713193984296,0.9986245036125183,0.4886871107986999,0.5565774383999057,0.9986869692802429,0.47825264221146035,0.6122077731859121,0.9998207092285156,0.4835582176844283,0.6551740595272615,0.9998959898948669,60.02439900441935,0
316,0.4576502357210436,0.48087773010844315,0.9981589317321777,0.49132957628795115,0.5563957066763019,0.9984681010246277,0.47694503693353596,0.6170204366956442,0.9997312426567078,0.48424772989182285,0.661067304157076,0.9998706579208374,60.02439900441935,0
317,0.4423849781354272,0.4697360580875764,0.997743546962738,0.5020736612024765,0.5526341966220315,0.9982554316520691,0.4710379725410828,0.6175090784118293,0.9996843934059143,0.49009710266476625,0.6614586569014056,0.9998642206192017,60.02439900441935,0
318,0.42816368454978615,0.46184935030483104,0.997448742389679,0.5145484421934405,0.5450194052287516,0.9981448650360107,0.46454444385710253,0.6116708233242948,0.9996686577796936,0.4973654065813341,0.6558753507477901,0.999866783618927,60.02439900441935,0
319,0.4261558183601928,0.45673216524578314,0.9971098899841309,0.5156796177228296,0.5305733340127132,0.9981274604797363,0.4633177504653026,0.6065247144017906,0.9996501207351685,0.49841369759468845,0.6485573365574796,0.999866783618927,60.02439900441935,0
320,0.423044235933395,0.44850261438460615,0.995983898639679,0.5143110468274075,0.51444885134697,0.9975031018257141,0.46193051338195834,0.5975702149527419,0.9995858669281006,0.49650584941818643,0.6404754803294233,0.9998453259468079,60.02439900441935,0
321,0.41767060756683383,0.44103588660558096,0.9952036142349243,0.5155102241606944,0.5024729002089732,0.9958469271659851,0.45993166452362466,0.5893570440156124,0.9994775652885437,0.4972874777657649,0.6304077761513851,0.9998192191123962,60.02439900441935,0
322,0.41307240440731985,0.4295780956745151,0.9945623278617859,0.5167200650487631,0.4920543616726289,0.9950452446937561,0.4579123655955,0.5855561409677783,0.9993073344230652,0.4998791515827183,0.6260293523470566,0.9997690916061401,60.02439900441935,0
323,0.4113598536877408,0.421392381191254,0.9936597347259521,0.5211145906221304,0.47153339641434844,0.9941088557243347,0.4569698671499892,0.5703112511407766,0.9991955757141113,0.5068840952146625,0.6060059836932596,0.9997519850730896,60.02439900441935,0
324,0.41252771445683106,0.40919083924520616,0.9925110936164856,0.5225730708667214,0.448025274844397,0.9933951497077942,0.4573131274609342,0.5547367022151043,0.9989718794822693,0.5104694721244635,0.5865501903352288,0.9997422099113464,60.02439900441935,0
325,0.41234985277766306,0.3975889469896047,0.991599977016449,0.5213492853300916,0.42974328569003545,0.9928946495056152,0.45772994132269035,0.5514159628323151,0.9985774755477905,0.5081175281887966,0.5811838081904825,0.9996778964996338,60.02439900441935,0
326,0.414165977920805,0.3916769850821725,0.9917863607406616,0.5175330951100308,0.414621357406889,0.9929957985877991,0.45831461463655776,0.5430626982734321,0.9979339241981506,0.5036071978864219,0.5745930274327601,0.9994650483131409,60.02439900441935,0
327,0.41564981426511527,0.38560762433778706,0.991911768913269,0.5134430896668212,0.4064247239203683,0.993227481842041,0.45928875037602057,0.5376708848135816,0.9974257349967957,0.498763352632523,0.5686719474338354,0.9993619322776794,60.02439900441935,0
328,0.4170911099229544,0.3738845345519841,0.9922958016395569,0.5114614509400872,0.39563089041482863,0.9934885501861572,0.460334868658157,0.5344498100734896,0.9974052309989929,0.4953044794854668,0.5678832048461555,0.9993616342544556,60.02439900441935,0
329,0.41931849434262264,0.3649197987147743,0.9923893213272095,0.5134553739002777,0.3782823681831363,0.9934471249580383,0.4625710632119864,0.5235584236326676,0.9966665506362915,0.4961958669480827,0.5523806895528525,0.9990508556365967,60.02439900441935,0
330,0.4191505270344874,0.350778835160392,0.990815281867981,0.5126348677135654,0.36485945610773024,0.9935337901115417,0.46434841127622734,0.5208865148680555,0.9956418871879578,0.4949573959623068,0.5459694862365727,0.9989122152328491,60.02439900441935,0
331,0.42013590250696486,0.3362261425881161,0.990683913230896,0.5103482178279336,0.3531794022946133,0.9930707216262817,0.4671773598307658,0.5204626818497979,0.9952431321144104,0.49366653533208976,0.5418541261128021,0.9987426996231079,60.02439900441935,0
332,0.4246086137635371,0.3275564752873923,0.9894917011260986,0.506523518335252,0.34466506044069956,0.9912301301956177,0.47039553381147875,0.5076904254300258,0.9947194457054138,0.4934982558091486,0.5275935431321466,0.9985017776489258,60.02439900441935,0
333,0.4295282292933694,0.3185273408889773,0.9893258810043335,0.5052009026209517,0.33585244275274756,0.990724503993988,0.47251511045864686,0.4924799842493878,0.9942244291305542,0.4951715852533072,0.5108958951064523,0.9981202483177185,60.02439900441935,0
334,0.43227747792289406,0.3078483229591735,0.9892678260803223,0.5079933859053116,0.3205425952162064,0.9892467856407166,0.47297172461237263,0.47697032633281927,0.9943281412124634,0.49824802364621884,0.49515697076207155,0.998082160949707,60.02439900441935,0
335,0.43377260508991455,0.2949769681408294,0.9894730448722839,0.5095729146684923,0.3085040322371894,0.9895585775375366,0.47306368748347005,0.46557548925990183,0.9946309328079224,0.5012360640934539,0.48370330674307727,0.9981909394264221,60.02439900441935,0
336,0.4313991594882242,0.2855298746199837,0.9899159669876099,0.5089345631145299,0.30546763255482656,0.9898959398269653,0.47095526116234954,0.4617484140963785,0.9948675632476807,0.5017166464101704,0.4813645084698999,0.9982407689094543,60.02439900441935,0
337,0.4291176767576312,0.2755389369669417,0.9901551008224487,0.5075256938026069,0.3011122189816977,0.9900739789009094,0.46986477573712704,0.4608165891397571,0.9952048063278198,0.5018248472894945,0.4801678104060041,0.9983451962471008,60.02439900441935,0
338,0.42574675310225746,0.27274711359114895,0.9902926683425903,0.5056946220852083,0.30010673545655775,0.9903582334518433,0.46880542806216685,0.4623446180706936,0.9954992532730103,0.4999969530673258,0.48090732381457413,0.998447835445404,60.02439900441935,0
339,0.4235268618379324,0.2725078264872235,0.9907532334327698,0.5060563286145532,0.2963216829867592,0.9908807873725891,0.4678210800602326,0.4623741975852425,0.9958348870277405,0.49908829019183243,0.47914483575593897,0.9985635280609131,60.02439900441935,0
340,0.4228105374744964,0.2703412217753276,0.991270124912262,0.5085435282616392,0.28773577866100153,0.9913353323936462,0.4673100426083523,0.45936069176310623,0.9960923790931702,0.4982439095065711,0.47296962709653984,0.9986522793769836,60.02439900441935,0
341,0.42460608198529237,0.27234087103889126,0.9915741682052612,0.5114175052869891,0.278638853913262,0.9916732907295227,0.46705092986424807,0.4496418422176728,0.9963808059692383,0.4985526516324002,0.459790306431907,0.9987416863441467,60.02439900441935,0
342,0.42654204084759695,0.28144452117738294,0.9922186136245728,0.5135421752929692,0.2785069232895263,0.9920982122421265,0.4649911111309418,0.43763906047457773,0.996706485748291,0.4967353471687866,0.44432752047266316,0.9988372921943665,60.02439900441935,0
343,0.42770576760882456,0.29115510128793287,0.9921005964279175,0.5130950780141925,0.2805733510426115,0.9922043085098267,0.46241494587489573,0.42687704591524067,0.9967723488807678,0.4941689102422627,0.43114557436534373,0.9989233613014221,60.02439900441935,0
344,0.42670733729998306,0.3024542941933589,0.9927492141723633,0.5111638165655594,0.2843488894757773,0.9927746057510376,0.45971176170167505,0.4222590909117747,0.9970727562904358,0.49092668011075014,0.4258772390229365,0.9990169405937195,60.02439900441935,0
345,0.4264243869554432,0.3081790606180829,0.9931607246398926,0.5059231973829728,0.2958401498340427,0.9931491613388062,0.45806213078044744,0.42277476191520724,0.9973087310791016,0.4876697602726168,0.4290376192047486,0.9990888833999634,60.02439900441935,0
346,0.4265232114564808,0.3077407635393599,0.993366003036499,0.5012776326565519,0.3063456671578546,0.9934054613113403,0.4583972238359001,0.42498734877223093,0.9974727630615234,0.4868018471059349,0.43486365534010424,0.9991303086280823,60.02439900441935,0
347,0.42653502878688665,0.30762241993631656,0.9936141967773438,0.4993915784926646,0.31315947714306086,0.9937278032302856,0.4596874841621948,0.425109718527113,0.9976624846458435,0.4886737025919418,0.4375391872156238,0.9991927146911621,60.02439900441935,0
348,0.4251608082226348,0.30809481087185114,0.993598997592926,0.49932624186788327,0.3203982923712052,0.9940813183784485,0.46033818239257485,0.42573556729725465,0.997776985168457,0.49076615770657894,0.43979754334404386,0.9992338418960571,60.02439900441935,0
349,0.422042997110458,0.307798097531001,0.9938041567802429,0.5004402739661085,0.32533859638940743,0.9943212270736694,0.46056578130949144,0.4289332713399618,0.9979288578033447,0.4932147803760714,0.4442417252631418,0.9992772340774536,60.02439900441935,0
350,0.4184874551636835,0.3096807840324586,0.9940592646598816,0.5028508802254998,0.32647700394902934,0.9946922659873962,0.4604174636659172,0.4351272072110861,0.9980796575546265,0.4959617626099363,0.4502941696416768,0.9993261098861694,60.02439900441935,0
351,0.4136012991269433,0.31316280932653545,0.9942060708999634,0.5071318220524565,0.32894287364823505,0.9950198531150818,0.45900221239952854,0.44107067443075676,0.9982240200042725,0.4984279133024674,0.45624272738184285,0.9993786811828613,60.02439900441935,0
352,0.41863170549983103,0.31327244639396695,0.9947179555892944,0.5005762094543098,0.33258894653547405,0.995466411113739,0.4604553367410391,0.4450685169015616,0.9983571171760559,0.4958712756633763,0.46268615268525665,0.9994295239448547,60.02439900441935,0
353,0.42575576049940966,0.3155264882814319,0.995161235332489,0.48734321338789843,0.3354055030005322,0.9958587288856506,0.46327374236924346,0.44940799190884584,0.9984761476516724,0.49028062252771326,0.46892012442861325,0.9994749426841736,60.02439900441935,0
354,0.4309807604267487,0.3173672329811825,0.9955203533172607,0.47507030197552313,0.33797661889167085,0.9962199926376343,0.46566086439859333,0.45235191640399786,0.9985524415969849,0.48392505872817304,0.47335424167769335,0.9995054602622986,60.02439900441935,0
355,0.43079522961661965,0.31955789952051095,0.995805025100708,0.47266086084502124,0.33649346090498455,0.9964831471443176,0.4658092473234453,0.45547608392579253,0.9986332654953003,0.4798287536416739,0.47759316648755795,0.9995363354682922,60.02439900441935,0
356,0.4265875674429398,0.32277504035404775,0.9960963726043701,0.4805766074430379,0.32820812861124704,0.9967769980430603,0.4638669292132063,0.4563073842298421,0.998708963394165,0.4795437483560475,0.4770310478551051,0.9995720982551575,60.02439900441935,0
357,0.4188218287059242,0.32552282725061715,0.9964216947555542,0.49587521524656425,0.3159424321992059,0.9970694780349731,0.46010067633220164,0.45380856309618306,0.9987909197807312,0.4832026206311729,0.47181372557367635,0.9996058940887451,60.02439900441935,0
358,0.41973805711382944,0.32404249906539945,0.9967241287231445,0.5026077670710432,0.30679508759861923,0.9973387718200684,0.4586012008644289,0.44990043838818905,0.9988784790039062,0.48421174145880236,0.4669367032391688,0.9996377229690552,60.02439900441935,0
359,0.4163017485822953,0.3241103731450583,0.9969574213027954,0.5032825313863305,0.3035019437472028,0.9975566864013672,0.45823020026797373,0.44868714752651434,0.9989443421363831,0.48508483597210517,0.46586499327705055,0.9996643662452698,60.02439900441935,0
360,0.4117905894915266,0.3249039380323322,0.9970874786376953,0.5003513026805155,0.3077900083292101,0.9976522326469421,0.4584663609663649,0.4495714661620916,0.9989835023880005,0.4856278541542239,0.46767305476324933,0.9996823668479919,60.02439900441935,0
361,0.4063621674265183,0.32091711958249436,0.9972100853919983,0.49915036559104964,0.3100868648006805,0.997769296169281,0.4575348922184539,0.44927560573532505,0.9990119934082031,0.48612067812965065,0.46952843098413416,0.9996999502182007,60.02439900441935,0
362,0.4031946531363899,0.31729001658303424,0.9974052906036377,0.5002423879646124,0.3086792656353544,0.9979292750358582,0.45667289694150326,0.450965028433573,0.9990693926811218,0.48659226440248077,0.4715564832800914,0.9997198581695557,60.02439900441935,0
363,0.40390481409572454,0.31127599875132267,0.9973673820495605,0.501287284351531,0.30395611836796743,0.9979694485664368,0.4561926509652823,0.450838311797097,0.9990371465682983,0.4877485462597442,0.47031191984812454,0.9997204542160034,60.02439900441935,0
364,0.40187077862875836,0.30730994258608163,0.9974796772003174,0.508065494753066,0.3045530716578168,0.9980049133300781,0.4539752006530765,0.46427213719912974,0.9990432858467102,0.4911637689386099,0.48206504044078685,0.9997186660766602,60.02439900441935,0
365,0.41202868734087295,0.3029744156769346,0.997451901435852,0.49955003885995813,0.3094069673901515,0.9980202317237854,0.45821519266991423,0.47287505865097085,0.9990089535713196,0.4880675815400627,0.4890190263589227,0.9996903538703918,60.02439900441935,0
366,0.42898337330137015,0.30132876975195777,0.9967939853668213,0.4852708251703357,0.31526654391061715,0.9971596002578735,0.4652568939186282,0.4752897095112577,0.9988164305686951,0.48409767377944257,0.4894738012836097,0.9995839595794678,60.02439900441935,0
367,0.4439984574204403,0.29803697410083974,0.9970859289169312,0.4704341576212932,0.32040470412799316,0.9974202513694763,0.47205188302766743,0.4735969106356307,0.9989053606987,0.4809424125012901,0.4887813372271405,0.9996050596237183,60.02439900441935,0
368,0.45285160910515593,0.29845746500151527,0.9970634579658508,0.45935369105566154,0.3217558874970393,0.9971588253974915,0.476734178406852,0.46823093862760673,0.9988304972648621,0.4798818656376434,0.4835996925830845,0.9995463490486145,60.02439900441935,0
369,0.4528975983460748,0.2986795590037394,0.99708491563797,0.4597722987333937,0.3164131187257315,0.9970667362213135,0.47758422011420876,0.4599082924070816,0.9987983107566833,0.48196393251419106,0.4752132452669602,0.9995086193084717,60.02439900441935,0
370,0.4390257625352772,0.30237077957107933,0.9971874952316284,0.4771096536091399,0.31346155632109896,0.9970885515213013,0.47310761043003663,0.46434006378764237,0.9988245368003845,0.48801626619838573,0.47960586916832737,0.9995047450065613,60.02439900441935,0
371,0.4325174689292911,0.3041942729836421,0.9972643256187439,0.4882745529924124,0.30812855135826867,0.9970740079879761,0.47062895269621025,0.46245127348672815,0.9988222122192383,0.49019643948191727,0.478105560654686,0.9995003938674927,60.02439900441935,0
372,0.425470746698834,0.30465694836207824,0.9972872138023376,0.49962121673992743,0.30093587438265507,0.9970996379852295,0.46647070277304914,0.4586821099122369,0.9987709522247314,0.49328884482383767,0.4742366103898915,0.9994944334030151,60.02439900441935,0
373,0.4177120455673766,0.3037866708778202,0.9969471096992493,0.5068182647228245,0.2937941224802111,0.9972071647644043,0.4618962648369021,0.4558546755995073,0.9986097812652588,0.4953799687680748,0.471897905781156,0.9995137453079224,60.02439900441935,0
374,0.41272830821218975,0.3029992637180149,0.9970434308052063,0.505559188979013,0.29199137999897934,0.9973090887069702,0.4589438353266039,0.4545254593803773,0.9985427856445312,0.49565196746871626,0.4706899055412841,0.9995068311691284,60.02439900441935,0
375,0.41149592825344666,0.30209312836329166,0.997226357460022,0.5024826044128059,0.2906573911507927,0.9974327683448792,0.45812994099798693,0.4553004347142723,0.9985758662223816,0.4949295478207728,0.4703538829372047,0.9995042085647583,60.02439900441935,0
376,0.4123561297144212,0.30241251417568776,0.9973506331443787,0.5003653878257392,0.2918645214466824,0.9974806308746338,0.459652906372434,0.45943377131507546,0.9986129403114319,0.4928848856971382,0.47286814167386043,0.9995017647743225,60.02439900441935,0
377,0.4128222621622543,0.3028966089089714,0.997447669506073,0.5000586452938266,0.29144547666822185,0.9975795149803162,0.4602872786067785,0.461937880232221,0.9986169338226318,0.49209033875238367,0.47465927544094305,0.9995003938674927,60.02439900441935,0
378,0.410617896488735,0.30170094115393525,0.9975224137306213,0.5019759947345375,0.2874935468037926,0.9976555705070496,0.4584890987191885,0.4606584551788515,0.9985809922218323,0.49245229789188966,0.47225460835865607,0.9994885921478271,60.02439900441935,0
379,0.4132492698374252,0.2998600531192055,0.997512698173523,0.5001466430368882,0.28802624060994125,0.9976973533630371,0.45873700720923327,0.4606454954260875,0.9985026121139526,0.49095383570307816,0.47343107206480883,0.9994881749153137,60.02439900441935,0
380,0.418786704540253,0.2975419007596518,0.9975821375846863,0.49471675923892466,0.2895173515592305,0.997828483581543,0.46048737281844765,0.4589533223992306,0.998544454574585,0.48854956598508964,0.47087196367127593,0.9995018839836121,60.02439900441935,0
381,0.421384155750275,0.29563675182206317,0.9975866079330444,0.4896651605765029,0.29529608857064044,0.9976927042007446,0.4623839032082334,0.4622867589905152,0.9986122250556946,0.48700630380993837,0.47666308283805886,0.9994977712631226,60.02439900441935,0
382,0.4224691859313423,0.29642748265039376,0.9974029660224915,0.4871204878602713,0.30266352920305184,0.9976509213447571,0.46476896178154753,0.4688779314359033,0.9985200762748718,0.48599752641859545,0.48316227538245105,0.9994771480560303,60.02439900441935,0
383,0.4177690105778834,0.2987864457425619,0.9973240494728088,0.4897841626689552,0.30364923817770845,0.9974777698516846,0.4636430995804927,0.4718720515569055,0.9983919262886047,0.48741766668501396,0.4849401726609189,0.9994162321090698,60.02439900441935,0
384,0.41809575614475103,0.299746863898777,0.9974402189254761,0.49056548589751875,0.29943922020140173,0.9975663423538208,0.4627233445644382,0.4668110509713495,0.998475193977356,0.48813777878170955,0.47822996832075615,0.9994336366653442,60.02439900441935,0
385,0.41783729053679,0.301637357189542,0.9974187612533569,0.4918303972198853,0.30306632462002003,0.9976049065589905,0.4628870742661616,0.46689455424036336,0.9983850717544556,0.48767164207640185,0.4825459165232526,0.9994216561317444,60.02439900441935,0
386,0.4219965849603929,0.301001602695102,0.9975470900535583,0.48906819167591314,0.2969556535993306,0.9976357817649841,0.46269314203943557,0.45599588609877123,0.9984779357910156,0.48523920064880777,0.46834153504598747,0.9994304180145264,60.02439900441935,0
387,0.42110433039211126,0.30220704845019775,0.9975447654724121,0.4872857899892902,0.2975498125666666,0.997628927230835,0.46190942469097357,0.4565893298103699,0.9983994960784912,0.48251823016575446,0.4705338676770532,0.9994063973426819,60.02439900441935,0
388,0.4172039500304634,0.30637364870026024,0.9977192282676697,0.48811941913196055,0.30335691003572396,0.9977985620498657,0.4615440155778616,0.4634085609799343,0.9985213875770569,0.48165131182897697,0.4767981937953408,0.9994466304779053,60.02439900441935,0
389,0.41104589757465215,0.31081389387448655,0.9977348446846008,0.49205608311153637,0.30871314378011816,0.9979052543640137,0.4599363491648723,0.4695382231757758,0.9984584450721741,0.4833160709767118,0.4838664077577141,0.9994398951530457,60.02439900441935,0
390,0.41567083625566426,0.3135703560851872,0.997782289981842,0.49054838787941746,0.3141554835296815,0.9978403449058533,0.4612934277171184,0.47124656609126536,0.9984537959098816,0.4842312719140738,0.485396368162973,0.9994335174560547,60.02439900441935,0
391,0.41851712692351606,0.3155833695616044,0.9978570938110352,0.4913608985287807,0.3212937840393614,0.9979677796363831,0.4622800321806048,0.4744829464526407,0.9985191226005554,0.4860693429197588,0.49109417342004363,0.9994714260101318,60.02439900441935,0
392,0.4300479278677989,0.313342420827775,0.9979261159896851,0.4847041325909755,0.3189566759836109,0.9980722069740295,0.46446617586272143,0.4635437996614551,0.9985856413841248,0.4847200172288081,0.4758648716268089,0.9995001554489136,60.02439900441935,0
393,0.43473362071173566,0.3136318780127028,0.9980143904685974,0.48242117677416163,0.3170005721705303,0.9981958270072937,0.4669104062375572,0.4623872737089797,0.9986674785614014,0.4848678878375466,0.47096466876211657,0.9995344281196594,60.02439900441935,0
394,0.42946299200966276,0.3155016232104531,0.9981530904769897,0.48635681328319413,0.31250117080552264,0.998328447341919,0.46670762414024025,0.4643072485923771,0.998775839805603,0.4871152312982654,0.47130604443096014,0.9995695948600769,60.02439900441935,0
395,0.42363789109956684,0.317741421006975,0.9981766939163208,0.49052407769929834,0.305555099532718,0.998377799987793,0.465040573051998,0.4612830068383902,0.9987990260124207,0.4882915658610212,0.468751559654872,0.99957275390625,60.02439900441935,0
396,0.4235042092346013,0.3179830114046735,0.9983134865760803,0.4885944795040861,0.30315298977352345,0.9984848499298096,0.46622354217938056,0.46209016868046393,0.9988796710968018,0.48793078320367034,0.4721738057477137,0.999600887298584,60.02439900441935,0
397,0.42788536491848206,0.3157216722056982,0.9984210133552551,0.4829275735786987,0.30455958701315405,0.9985811710357666,0.4689751934437528,0.46253961324691806,0.9989603757858276,0.4856495644365042,0.47570006336484677,0.9996261596679688,60.02439900441935,0
398,0.43834400460833634,0.3130644446327575,0.9985089898109436,0.4728925568716871,0.3095688209647226,0.9986844658851624,0.47349957766987066,0.45980856957889776,0.9990084171295166,0.48116585044633814,0.47463435928026876,0.9996388554573059,60.02439900441935,0
399,0.4426200730460034,0.3124937528655645,0.9985586404800415,0.4670867621898655,0.31559843392599224,0.998653769493103,0.47646766901016274,0.461769323973429,0.999037504196167,0.4784281977585388,0.4765851710523881,0.9996311068534851,60.02439900441935,0
400,0.4357035600003746,0.31369226745196777,0.9985975027084351,0.47059344535782266,0.3143394915830524,0.9987344145774841,0.4735209388392316,0.46301248527708544,0.9990503191947937,0.4787373471827737,0.4768797301110771,0.9996345639228821,60.02439900441935,0
401,0.4277223731790274,0.3158219825653805,0.9985817074775696,0.4756082097689314,0.3065718185333981,0.9987882971763611,0.4681162351653693,0.4536474971544179,0.9990338683128357,0.4789746077287768,0.4646828174591068,0.9996398091316223,60.02439900441935,0
402,0.4196123849777952,0.3170107205708824,0.9986096024513245,0.47935016808055736,0.30571179446719965,0.9988554120063782,0.46476190146945806,0.46022267710594944,0.9990512132644653,0.4799589841138753,0.4709447537149706,0.9996500611305237,60.02439900441935,0
403,0.4130631103402096,0.31661185764131117,0.9986607432365417,0.48593023561296045,0.30103904434612844,0.9988872408866882,0.46270275825545937,0.4642774519466222,0.9990999698638916,0.4825809541202731,0.4727350161189129,0.9996622204780579,60.02439900441935,0
404,0.41277878483136526,0.31479426508858116,0.9986560344696045,0.49060757103420477,0.29638053122020924,0.9989022016525269,0.46313852071762124,0.46630274114154674,0.9990251660346985,0.4854987363020583,0.47146251088097024,0.9996315240859985,60.02439900441935,0
405,0.41237442692120907,0.31146030624707566,0.998649001121521,0.4937814105124705,0.2913448697044738,0.9988917112350464,0.46339428850582703,0.4669891723564697,0.9990394115447998,0.48797324441728174,0.4702764806293309,0.9996369481086731,60.02439900441935,0
406,0.4101391761075886,0.3076512884526028,0.9985950589179993,0.49667609873272167,0.2884007536229636,0.9988085031509399,0.4622006742727192,0.4652935309069501,0.9989879727363586,0.4900891426063724,0.46917280270939815,0.9995869398117065,60.02439900441935,0
407,0.40902193387349484,0.3052204563504176,0.9984939098358154,0.4971903307097303,0.28803930679957096,0.9987476468086243,0.4606939838046123,0.45907735115005893,0.9988929629325867,0.4909714957078302,0.4650840063889825,0.9995251297950745,60.02439900441935,0
408,0.40693943131537696,0.30508346642766704,0.9984510540962219,0.49624290636607615,0.29414132521266056,0.9987137317657471,0.4594001457804729,0.46568912551516617,0.9987951517105103,0.49065316858745794,0.47498954335848526,0.9994783401489258,60.02439900441935,0
409,0.4064328358286906,0.3076490518592655,0.9983701705932617,0.4965627803688962,0.2946462432543439,0.9985925555229187,0.45817297271319835,0.4651350166116446,0.9986599087715149,0.49101683355513115,0.4757807538622905,0.9994049668312073,60.02439900441935,0
410,0.4075384324505219,0.30279016494751,0.9983382821083069,0.4964638863291063,0.2880549402464006,0.9985170960426331,0.45695771347908787,0.45647045969963107,0.9985880851745605,0.4911832965555649,0.46637844755536073,0.999342679977417,60.02439900441935,0
411,0.40847744118599694,0.3019996725377585,0.9983010292053223,0.4960679986647201,0.28524676958719913,0.9985386729240417,0.45700301088037987,0.45475414466290287,0.9985304474830627,0.49120087070124535,0.463714767070044,0.9993781447410583,60.02439900441935,0
412,0.41096859035037847,0.3206893830072315,0.9979939460754395,0.4942793122359688,0.3021133258229213,0.998456597328186,0.46025513467334606,0.47769029367537763,0.9983819723129272,0.4908479111535213,0.4863730470339461,0.9993452429771423,60.02439900441935,0
413,0.41181924229576505,0.33934749875749887,0.0,0.4950059247868406,0.32253797423271935,0.0,0.4636811351492295,0.5011915358759113,0.0,0.49124220510323885,0.5079631322906135,0.0,60.02439900441935,1
414,0.41608547170956967,0.3502850546723323,0.9976772665977478,0.49043774037134125,0.3379145761330925,0.9985406398773193,0.46763249522163797,0.5178661275477641,0.9984357953071594,0.48943592395101315,0.5231102137338552,0.9993900656700134,60.02439900441935,0
415,0.42108467647007564,0.35534785900797194,0.9976380467414856,0.48538585149106567,0.34169746296746417,0.9986185431480408,0.46982782440526183,0.5238787226733712,0.9985374212265015,0.48699137355600125,0.5272344748179122,0.999424159526825,60.02439900441935,0
416,0.426276919387636,0.34290620400792104,0.9973648190498352,0.47871051373935924,0.33202232775234064,0.9983214735984802,0.470348037424542,0.5104985251313168,0.9984545111656189,0.4835087472484229,0.5149230758349105,0.9993726015090942,60.02439900441935,0
417,0.43132246108282213,0.3299241846516021,0.9972749948501587,0.4724592580681759,0.3222480260190512,0.998245894908905,0.4713329360598614,0.49698370553198357,0.9982444047927856,0.48154267668724104,0.5038570562998458,0.9992984533309937,60.02439900441935,0
418,0.43492725775355423,0.33170999373708476,0.997111976146698,0.4671863303298046,0.32522069698288353,0.9979882836341858,0.4736867873441609,0.4990880148751399,0.9981753826141357,0.4812423232055849,0.5095803680874057,0.9992044568061829,60.02439900441935,0
419,0.4298461931092402,0.33185852425439044,0.9970776438713074,0.46902902779125066,0.3257702958016171,0.9977594614028931,0.47283952576773547,0.4980448441846034,0.9979606866836548,0.4844879678317483,0.5079974177337833,0.9990052580833435,60.02439900441935,0
420,0.4220238895643329,0.3312605363982067,0.9969748854637146,0.4717480483509249,0.32269376942089656,0.9975427985191345,0.4698388278484348,0.4938875933488214,0.997561514377594,0.4873052934805556,0.5009367565313979,0.9987511038780212,60.02439900441935,0
421,0.4123739727905822,0.3347659210364027,0.9967626929283142,0.479249952804475,0.3171456342651733,0.9971002340316772,0.46524106604712384,0.4942565106210259,0.9971148371696472,0.4912186151459107,0.49591528659775186,0.9982994198799133,60.02439900441935,0
422,0.40517875268345815,0.33518292506535874,0.996861457824707,0.4850522960935324,0.3193770803156356,0.9971880912780762,0.46315205381030167,0.4945138125192555,0.9969062209129333,0.4936061160905025,0.4965133312202639,0.9982832074165344,60.02439900441935,0
423,0.40221434878924567,0.33675399138813955,0.9968754649162292,0.4886549143564137,0.32546935620762074,0.997366189956665,0.46306252905300727,0.49498532546891144,0.9968560338020325,0.4960792589755289,0.5002069014405451,0.9983115792274475,60.02439900441935,0
424,0.4038233085284161,0.3448572996116822,0.9968550205230713,0.48888593628293037,0.34039952925273376,0.9971731305122375,0.4646760636851905,0.5009330747619511,0.9965758919715881,0.49710582551502086,0.5114068592351585,0.9980770945549011,60.02439900441935,0
425,0.40685293362254227,0.3630618765240627,0.9965125918388367,0.4884165156455271,0.3635153798829944,0.9967756271362305,0.4664499929973061,0.5179715766793209,0.9961740374565125,0.49748416032109977,0.5309572759128757,0.9980039596557617,60.02439900441935,0
426,0.4106782934968437,0.3960309440181372,0.0,0.489891472316924,0.39723362951051655,0.0,0.46760283907254574,0.5482231738075383,0.0,0.4963173695972992,0.5593388033291654,0.0,60.02439900441935,1
427,0.41627908982927875,0.42706380855469506,0.0,0.4908183713754022,0.4282973862829666,0.0,0.46909431190717826,0.5781077439822853,0.0,0.49529128982907294,0.5877910048242605,0.0,60.02439900441935,1
428,0.4213839826129735,0.4466376347201215,0.9961348176002502,0.4897689762569613,0.45593801850364357,0.9968453049659729,0.4720897631985804,0.6051488121350612,0.9964947700500488,0.49387729167938277,0.6159428017480038,0.9981939196586609,60.02439900441935,0
429,0.4228076882778655,0.4536325818016419,0.9959487318992615,0.4890220633574898,0.47106580932935116,0.9964514970779419,0.4738083538554968,0.6196070559441103,0.9967340230941772,0.4934508885656088,0.6333425139623979,0.9983314871788025,60.02439900441935,0
430,0.4220420273523485,0.4525071779886885,0.9948576092720032,0.4892014506317324,0.4764116832188201,0.9959743022918701,0.474953290962038,0.623833969471947,0.9966346025466919,0.49417481535957014,0.6418051653438149,0.9984103441238403,60.02439900441935,0
431,0.42010274103709666,0.44702722628911373,0.9948322176933289,0.4901143993650168,0.4758558812595553,0.996259331703186,0.47537610786301787,0.6209610927672617,0.9967600703239441,0.4955244021756312,0.6427606713204163,0.9985465407371521,60.02439900441935,0
432,0.418696000462487,0.4473553228945963,0.9951232075691223,0.4910673243658887,0.48193024879410196,0.9964439272880554,0.4756651279472174,0.6243746791567126,0.9970030784606934,0.49672240444592103,0.6494900328772414,0.9986670017242432,60.02439900441935,0
433,0.4186522903896517,0.44685686486108,0.995349109172821,0.4896070375328976,0.48581766798382753,0.9965697526931763,0.4764443451449989,0.625635859512148,0.9972020983695984,0.4984537916524074,0.6543617248535161,0.9987670183181763,60.02439900441935,0
434,0.41928913905507076,0.44667744352704036,0.9953216314315796,0.4867385540689745,0.49170791251318835,0.9965975284576416,0.47748950407618607,0.6281548227582665,0.9973143935203552,0.4998660981655125,0.659345720495497,0.9988539218902588,60.02439900441935,0
435,0.4181295704273954,0.44826054147311656,0.9957099556922913,0.4861280861355013,0.4919305330231081,0.9968990683555603,0.47749032293047267,0.6259862780570989,0.9974669814109802,0.5011280037107926,0.6569372415542608,0.9989429116249084,60.02439900441935,0
436,0.4163991482484912,0.4478051875318803,0.9959559440612793,0.4847031107970651,0.4885257454145526,0.9970831274986267,0.4766390635853726,0.6197282813844232,0.9976186156272888,0.5020772247087392,0.6499352228073851,0.9990209341049194,60.02439900441935,0
437,0.4175438440981369,0.44186937950906335,0.9960964918136597,0.4807759211176922,0.4829593102137252,0.9971714019775391,0.47635784887132226,0.6103089423406697,0.9977466464042664,0.5014405207974575,0.6401069646789919,0.9990822672843933,60.02439900441935,0
438,0.42165442733537617,0.43069410607928355,0.9961653351783752,0.47392903765042665,0.47721133771396856,0.9973292350769043,0.47749094168345174,0.6029016602607005,0.9977060556411743,0.4988994754496079,0.634264278979529,0.999134361743927,60.02439900441935,0
439,0.4267530569008422,0.41734239459037814,0.9961644411087036,0.4656508834589099,0.4723824305193769,0.9972344040870667,0.47952618201573727,0.5973271614029299,0.9977689981460571,0.49604739745458004,0.6314795102391929,0.9991568922996521,60.02439900441935,0
440,0.4341673368499396,0.40244590242703787,0.9963139891624451,0.4547591010729476,0.4658727035635997,0.9973210096359253,0.4833047148727239,0.5939157491638551,0.997694194316864,0.4928480926014132,0.6303510041463948,0.999091625213623,60.02439900441935,0
441,0.4341839764799394,0.3958422598384679,0.9963935017585754,0.45461424191792843,0.44162644374938276,0.9974609613418579,0.48490801311674614,0.5856458544731145,0.997606098651886,0.49266224531900354,0.6177441392626086,0.999103844165802,60.02439900441935,0
442,0.4284316883200694,0.3915159276553566,0.9966665506362915,0.4604060266699114,0.416118681430817,0.9976464509963989,0.48289330232711103,0.5759693526086358,0.9977241158485413,0.4945060227598467,0.60161665791557,0.9991421103477478,60.02439900441935,0
443,0.41700708582287777,0.3910258100146342,0.9966999292373657,0.46873261105446623,0.39545733729998306,0.9977840185165405,0.4789941410223647,0.568572098300571,0.9974490404129028,0.4974342428502586,0.5866817264329824,0.9990007281303406,60.02439900441935,0
444,0.4060946035952798,0.3876183444545386,0.9966716766357422,0.4767138390314015,0.3821913855416437,0.9977694153785706,0.4747510609172643,0.5576143037705199,0.9971954226493835,0.500306504113334,0.5746152003606165,0.9989514946937561,60.02439900441935,0
445,0.3971095425742016,0.3790341303462077,0.9957352876663208,0.4817103303614121,0.36850225641613943,0.9969041347503662,0.47037050411814774,0.5392326599075685,0.9967324137687683,0.5023156404495244,0.5490101235253475,0.9988216757774353,60.02439900441935,0
446,0.4000261695612048,0.36537265209924635,0.995531439781189,0.4781487300282437,0.3576649086815973,0.9968068599700928,0.4716197394189384,0.5224913060665135,0.996493935585022,0.5036094912460877,0.5287463750158041,0.9988144040107727,60.02439900441935,0
447,0.4106012582778934,0.34600931122189504,0.9950685501098633,0.4714571620736807,0.34941479989460567,0.9958428740501404,0.4772836310522901,0.5037960594608675,0.9965881109237671,0.5012088744413289,0.5150835031554817,0.9985770583152771,60.02439900441935,0
448,0.42791149871689965,0.3227437237898511,0.9951174855232239,0.46208633269582516,0.3393554389476779,0.995881974697113,0.48432364492189356,0.4880020348798665,0.9962964057922363,0.49551320785567915,0.5027844636213216,0.9984564185142517,60.02439900441935,0
449,0.4371371226651331,0.3060699644542878,0.994760274887085,0.4548160121554424,0.3278171930994309,0.9956088066101074,0.49056050890968,0.482205579678218,0.9961696863174438,0.4904264481294727,0.5013242562611901,0.9982717633247375,60.02439900441935,0
450,0.43606208619617315,0.29979374579020934,0.9942962527275085,0.451239638385319,0.3121748772405445,0.9931266903877258,0.4911133987563001,0.48042282887867555,0.9962438344955444,0.48751804942176497,0.4944626234826591,0.998075008392334,60.02439900441935,0
451,0.4238300167378929,0.3013604737463454,0.9945575594902039,0.4558682612010414,0.2766411829562416,0.9934590458869934,0.4854922961621061,0.47478823434738926,0.9961728453636169,0.48793487463678675,0.4672777439866751,0.9980236291885376,60.02439900441935,0
452,0.40959421935535645,0.3084632243428914,0.993827760219574,0.46507186549050505,0.2430602333375388,0.9917415380477905,0.4771087268988295,0.47237048546473226,0.996196448802948,0.49218579275267504,0.4411112708704816,0.997459352016449,60.02439900441935,0
453,0.40131655619258005,0.29826860910370256,0.9939364790916443,0.4687122660023829,0.22674490227585767,0.9914103746414185,0.4701804845106038,0.4587681378637045,0.9962752461433411,0.49134440223375997,0.42214831142198506,0.9972619414329529,60.02439900441935,0
454,0.4016204958870301,0.27803776164849625,0.9942806363105774,0.4662288342203416,0.21911189243907037,0.9910211563110352,0.46671012043952975,0.4418950492427466,0.9964691996574402,0.4870426640624096,0.4098946608248214,0.9970590472221375,60.02439900441935,0
455,0.4027347110566642,0.2522538410765786,0.9946620464324951,0.4610314539500649,0.22004933229514548,0.9916893243789673,0.4673599671749845,0.43022476491474004,0.9967856407165527,0.48234640984308186,0.41484211598123855,0.9973001480102539,60.02439900441935,0
456,0.40176900653612074,0.23385639985402445,0.9950728416442871,0.45407855936459174,0.22026215777510705,0.992368757724762,0.468468098413377,0.42121729538554264,0.9970476627349854,0.4786954295067564,0.4162135663486666,0.9975229501724243,60.02439900441935,0
457,0.39882175269581055,0.227208584547043,0.9955241084098816,0.4497254419894449,0.21231176881563113,0.9930976629257202,0.4705947155044196,0.429276545842489,0.9973257184028625,0.47749040382249053,0.4308259614876342,0.9977593421936035,60.02439900441935,0
458,0.3927255045799985,0.23316942510150748,0.9958105683326721,0.45007602515674805,0.1993899863390697,0.9937055706977844,0.46987854866754475,0.44759474339939337,0.9975652098655701,0.4791830196267086,0.4446840981642408,0.9979717135429382,60.02439900441935,0
459,0.3857475547563465,0.23656768174398532,0.9959689974784851,0.45283929223106056,0.20252585198198064,0.9942075610160828,0.46724201384044867,0.45752239085379137,0.9977895617485046,0.48016237928753847,0.45362120724859734,0.9981661438941956,60.02439900441935,0
460,0.3934114589577633,0.2608225139833634,0.9958296418190002,0.4554935778890341,0.24450593051456287,0.9945033192634583,0.4693307465031037,0.4875333479472573,0.9979865550994873,0.4805803880805065,0.48703377019791416,0.998340904712677,60.02439900441935,0
461,0.4133673622494656,0.30367522225493504,0.9960798025131226,0.45836243175324975,0.3130388281175071,0.9947238564491272,0.4751591285069787,0.5340701554502765,0.9981725215911865,0.48114006717999813,0.538058691081547,0.9985004663467407,60.02439900441935,0
462,0.4391802322296873,0.35701164319401724,0.9962080121040344,0.459779425745919,0.3819718375092464,0.9947657585144043,0.48203069681213057,0.5810667631172004,0.9983184933662415,0.4810907400789719,0.5885410706202194,0.9986313581466675,60.02439900441935,0
463,0.4617935234592078,0.405223722968783,0.9958294034004211,0.4591734168075383,0.4319337478705818,0.9943705201148987,0.48819651915913576,0.6275087197621668,0.9984057545661926,0.47949410620189886,0.6365518626712623,0.9986782670021057,60.02439900441935,0
464,0.47389310456457634,0.438162275723049,0.9958511590957642,0.45803131801741503,0.4509688615798954,0.994695782661438,0.4903294444084171,0.6526917730058948,0.9985266327857971,0.4762168171859927,0.660692365396591,0.9987697005271912,60.02439900441935,0
465,0.4730466419742225,0.4482672398998627,0.9957820773124695,0.4578946800459002,0.45395026746250366,0.9950452446937561,0.4882279591900966,0.6520961551439199,0.9986609220504761,0.47150087640399063,0.660482872100104,0.9988754391670227,60.02439900441935,0
466,0.4728220389002849,0.45294905276525627,0.995919942855835,0.4584713322775708,0.46077095043091587,0.9954479336738586,0.4871319759459727,0.6517084013848082,0.9987858533859253,0.4661126023247132,0.6633406707218721,0.9989780187606812,60.02439900441935,0
467,0.4737517266046437,0.45846149041539186,0.9958896636962891,0.4595157887254446,0.46884062034743207,0.9957655668258667,0.4862398320720313,0.6527052890686766,0.9989001154899597,0.46245723253204746,0.6663876544861571,0.9990673065185547,60.02439900441935,0
468,0.4750759204228723,0.46156260796955695,0.9957865476608276,0.46044835874012574,0.47270978348595794,0.9959005117416382,0.48493566257613085,0.6545776724815374,0.9990049600601196,0.460686883756093,0.6691120011465895,0.9991450309753418,60.02439900441935,0
469,0.47578075528144875,0.4613345563411716,0.9958363175392151,0.4615668186119628,0.4733380859806428,0.9961920976638794,0.4834961167403634,0.6556624656631838,0.9990979433059692,0.4599598944187168,0.6699938348361429,0.9992201924324036,60.02439900441935,0
470,0.4763096741267617,0.4608215590318048,0.9959575533866882,0.463210537320092,0.4721024845327654,0.9964722394943237,0.48196234447615527,0.6560675217991789,0.9991810321807861,0.45991686696098005,0.6696704001653768,0.9992865920066833,60.02439900441935,0
471,0.4768066732656392,0.4608453654107597,0.9960103034973145,0.4656022843860448,0.4707121380737853,0.9967310428619385,0.4805415215946383,0.6563508567355933,0.9992521405220032,0.459896605639231,0.6694748969305135,0.999343991279602,60.02439900441935,0
472,0.4779223714556017,0.46091506452787523,0.9961245656013489,0.46812903029578107,0.47019067122822755,0.9970073103904724,0.4792937920207073,0.6568181230908353,0.9993188977241516,0.45927272807984165,0.6697530292329339,0.9994017481803894,60.02439900441935,0
473,0.4798627666064675,0.46397599719819604,0.9961902499198914,0.4703386780761541,0.4729890922705336,0.9972238540649414,0.47839658175196004,0.6574174932071146,0.9993758201599121,0.45877813583328647,0.6705615946224763,0.9994490146636963,60.02439900441935,0
474,0.4820608794689182,0.4678045000348776,0.9962889552116394,0.47215011857804834,0.47808134130069224,0.9974404573440552,0.4778574236801696,0.6585895504270287,0.9994264245033264,0.4585854553041008,0.6721919207345878,0.9994919896125793,60.02439900441935,0
475,0.4839184454509194,0.4735940155528844,0.9962639212608337,0.47385063909349023,0.4844466291722801,0.9976123571395874,0.4776710286026913,0.6606794709251045,0.9994679689407349,0.4584396084149682,0.6746957387243004,0.9995272159576416,60.02439900441935,0
476,0.485335679281326,0.4778487597193041,0.9963124394416809,0.4753232200940454,0.48894791659854747,0.9977787733078003,0.4776804560706733,0.6629749309448973,0.9995006322860718,0.45846255336489034,0.6772713632810688,0.9995566010475159,60.02439900441935,0
477,0.48614172708420567,0.4801037865025661,0.996346652507782,0.47632819697970474,0.4908855202652163,0.9979223608970642,0.4777405758698785,0.6650495018277855,0.9995275735855103,0.45839583731833,0.6795606982140319,0.9995821714401245,60.02439900441935,0
478,0.4868938000429248,0.4812324543794,0.9964240789413452,0.47671840588251785,0.4916404471510937,0.9980652928352356,0.47790094642412134,0.667638724758512,0.9995577335357666,0.4583569608983543,0.6821132359050575,0.9996086955070496,60.02439900441935,0
479,0.48737174982116377,0.4824890806561428,0.996493399143219,0.47707596279325976,0.49345928004809825,0.9982055425643921,0.4778790048190529,0.669736904757364,0.9995855093002319,0.45834534083093953,0.684441262767429,0.9996345639228821,60.02439900441935,0
480,0.4874368579614734,0.483502213444029,0.9964049458503723,0.4773622084231608,0.4953085652419503,0.9982983469963074,0.47769598024232085,0.6709232812836062,0.9996091723442078,0.45841108617328497,0.6861158722922922,0.9996541142463684,60.02439900441935,0
481,0.4871707544440319,0.48508348493349024,0.9963628649711609,0.47795649085726094,0.49670180962199295,0.9984089136123657,0.47745000606491494,0.672226230303447,0.999631941318512,0.45847642989385734,0.687793910503388,0.9996750950813293,60.02439900441935,0
482,0.48674720241909974,0.48676306151208465,0.996411144733429,0.4782939496494479,0.4981016729559221,0.9985184669494629,0.4772310952345534,0.6735271612803146,0.9996547698974609,0.4584993847778869,0.6895255105836057,0.9996972680091858,60.02439900441935,0
483,0.4863852092197967,0.48799177152769946,0.9964295029640198,0.4786324926785064,0.4982729767050066,0.9986123442649841,0.477147289684841,0.6742628841173086,0.9996753931045532,0.4586086798281901,0.6905773764564884,0.9997169375419617,60.02439900441935,0
484,0.4864316469147096,0.48939431281316886,0.9964612722396851,0.4789527654647831,0.4982321233976459,0.9986972212791443,0.4772021954967866,0.6755972618148446,0.9996944665908813,0.4587897502240684,0.691819894881476,0.9997342228889465,60.02439900441935,0
485,0.48614875333649815,0.49121816811107494,0.9965078234672546,0.4794116190501626,0.498131891091665,0.9987823963165283,0.4770695155575166,0.6766035017513099,0.9997111558914185,0.45907593624932463,0.6922676761945095,0.999751091003418,60.02439900441935,0
486,0.48542529344558755,0.49241505634217075,0.996626079082489,0.4797275108950483,0.4980124660900665,0.9988774657249451,0.4768041613556094,0.6770774693716146,0.9997304081916809,0.4594071266197026,0.692352331819989,0.9997707009315491,60.02439900441935,0
487,0.4844578078814919,0.4935122245833991,0.996609628200531,0.48003426052275194,0.4976813069411691,0.9989668726921082,0.47653142469269927,0.6779410640398666,0.9997459650039673,0.4597494091306418,0.6929349757376178,0.9997884631156921,60.02439900441935,0
488,0.48370049397150716,0.4941370487213138,0.9966758489608765,0.4801069455487391,0.4975288425173082,0.999039351940155,0.47632477680842117,0.67877022992997,0.9997622966766357,0.45997907718022707,0.6938391384624305,0.9998049736022949,60.02439900441935,0
489,0.48339075985409,0.4944374348436087,0.9966651201248169,0.4801870768978486,0.49752698625837094,0.9991142153739929,0.47628635168075595,0.6793550338063927,0.9997777342796326,0.4601772853306365,0.6945934465953287,0.9998200535774231,60.02439900441935,0
490,0.4835704820496699,0.49493648750441455,0.9967762231826782,0.48038110420817465,0.49778653610320356,0.9991815090179443,0.47636285991895805,0.6798622466269,0.9997931718826294,0.4602559577851072,0.695240579900288,0.9998344779014587,60.02439900441935,0
491,0.48378541923704643,0.4956589114098326,0.9968406558036804,0.48046408664612583,0.4980040022305084,0.9992386698722839,0.47629594802856484,0.6800387331417634,0.9998036623001099,0.4601845443248752,0.6953630362238208,0.9998449683189392,60.02439900441935,0
492,0.4840466153054014,0.4961991664909185,0.9967329502105713,0.48013705299014175,0.49800527237710535,0.9992716908454895,0.4762090331032166,0.6800810325713391,0.9998095035552979,0.4599561847391586,0.6950939042227614,0.999851644039154,60.02439900441935,0
493,0.48427902233032993,0.49654710718563666,0.9967708587646484,0.4795373522099998,0.49795069439070605,0.9993094205856323,0.47602970685277707,0.6801699144499649,0.999815046787262,0.4595752869333543,0.6947179777281631,0.999858021736145,60.02439900441935,0
494,0.4844645148231874,0.4966823103882022,0.9968098402023315,0.4787422815958663,0.4978819063731606,0.9993414282798767,0.47575694890249376,0.680206471965427,0.9998191595077515,0.4590261677900954,0.6945884710266481,0.9998632669448853,60.02439900441935,0
495,0.4846250287124093,0.4968591289860866,0.9967923164367676,0.47798315400169045,0.4978239763350718,0.9993541240692139,0.4754152908211666,0.6802459813299638,0.9998216032981873,0.4584298446064907,0.694660419509525,0.999867856502533,60.02439900441935,0
496,0.48467239027931613,0.4972481159936818,0.9967699646949768,0.47756417734282397,0.49787292310169806,0.9993736743927002,0.47500573169617466,0.6803000853175214,0.9998225569725037,0.45784769313676055,0.6948646505673732,0.9998716711997986,60.02439900441935,0
497,0.4847496960844316,0.49761793868882354,0.996824324131012,0.47726844038282157,0.49808711381185666,0.999404788017273,0.4745210622038164,0.6802343016579042,0.999825656414032,0.45723729616119785,0.6950423745881948,0.9998767375946045,60.02439900441935,0
498,0.48496576576005884,0.49791884564218103,0.9968146085739136,0.4768490393956506,0.49811654147647716,0.999413251876831,0.47409988443056783,0.6801267209507176,0.9998272061347961,0.4566543896993005,0.6950496151333769,0.9998787045478821,60.02439900441935,0
499,0.4852233827114109,0.4975953925223582,0.9967706203460693,0.4761107521397731,0.49779145348639753,0.9994121789932251,0.47372795428548575,0.6798877801213951,0.9998249411582947,0.45606180032094357,0.6948483813376659,0.9998794794082642,60.02439900441935,0
500,0.4854346584706084,0.4965093731880192,0.9967668652534485,0.4751287017549791,0.4969553706191839,0.9994158148765564,0.4734351294381282,0.6794788581984389,0.9998278617858887,0.45552576723552923,0.6944106419881191,0.9998825192451477,60.02439900441935,0
501,0.48550167254039256,0.4951586723327641,0.9967942237854004,0.47418598475910406,0.49592188142594873,0.99942946434021,0.4732009938785012,0.6790162835802357,0.9998313188552856,0.45516309142112765,0.6939033582097014,0.9998853206634521,60.02439900441935,0
502,0.4851406174046657,0.4937192840235578,0.9968410730361938,0.4735945165157322,0.49502255519231203,0.9994438886642456,0.47286977796327534,0.6784804832367675,0.9998347759246826,0.45495841900507644,0.6934004170554031,0.9998881220817566,60.02439900441935,0
503,0.48444842582657266,0.49229489621662,0.9968764781951904,0.47315524447531965,0.49418407394772523,0.9994520545005798,0.4724246490569346,0.6777936560767043,0.9998372793197632,0.4547751318840757,0.6928728166080662,0.9998893737792969,60.02439900441935,0
504,0.4835991348539084,0.49145361639204516,0.9969199299812317,0.4730299058414644,0.4933859038920634,0.9994632005691528,0.47170408141045383,0.677211429391589,0.999840259552002,0.4545353906495235,0.6924218450273791,0.9998916983604431,60.02439900441935,0
505,0.4828587671120965,0.490943714266732,0.9969737529754639,0.47272825950668007,0.4927421169621608,0.9994739890098572,0.47083129911195704,0.6767914891242985,0.9998441934585571,0.45400127342769114,0.6921707107907256,0.9998946189880371,60.02439900441935,0
506,0.4822221015180864,0.4902145890962514,0.9970270395278931,0.4722910722096765,0.49235474069913265,0.99949049949646,0.46991534743990254,0.6763964806284228,0.9998481273651123,0.45331976527259504,0.6920231609117422,0.9998973608016968,60.02439900441935,0
507,0.4819278773807347,0.48952132463455245,0.9970719814300537,0.4716295117423652,0.492168227831523,0.9995019435882568,0.469199318261374,0.6759735487756281,0.9998502135276794,0.45258540482748155,0.6918926011948364,0.9998989701271057,60.02439900441935,0
508,0.4816912682283496,0.48859148082279064,0.9970954060554504,0.4709771303903493,0.49182903198968836,0.9995086789131165,0.46870386884326065,0.6754518406731747,0.999849796295166,0.4519729443958831,0.6917191318103251,0.9998981952667236,60.02439900441935,0
509,0.4813347302732017,0.4874933958053592,0.9970719218254089,0.4705107737155192,0.49071080202148115,0.9995074272155762,0.46842176573617156,0.6749315999803094,0.9998488426208496,0.45144973340488653,0.6914320985476181,0.9998963475227356,60.02439900441935,0
510,0.48089032371838925,0.4864572144690018,0.9970848560333252,0.470006876048588,0.4893830574694138,0.9995139837265015,0.4681469102700555,0.6745141631080995,0.9998494982719421,0.45093569159507785,0.6911878273600629,0.9998965859413147,60.02439900441935,0
511,0.48045170590991104,0.48529317407381006,0.9971379041671753,0.46917398344902805,0.4871764367535005,0.9995304346084595,0.467837655828113,0.6743337739081615,0.9998520612716675,0.45028524029822614,0.6908724591845563,0.9998984336853027,60.02439900441935,0
512,0.4800591667493188,0.4842177033424382,0.9971740245819092,0.46843341844422515,0.48488600623040007,0.9995419979095459,0.4675383780683794,0.6742586323193147,0.9998552799224854,0.44968572117033495,0.6903306416102823,0.9999008178710938,60.02439900441935,0
513,0.47963581340653594,0.4829588915620535,0.9972308278083801,0.46753062946455853,0.48262516657511434,0.9995577931404114,0.4672143246446341,0.6738779629979821,0.9998595714569092,0.449137567054658,0.6892507161412926,0.9999042749404907,60.02439900441935,0
514,0.47929383601461173,0.48116358688899485,0.9972493052482605,0.4666290538651606,0.48001103883697915,0.9995651841163635,0.46685875029791,0.6732088100342528,0.9998620748519897,0.44881276573453666,0.6877128481864934,0.9999061822891235,60.02439900441935,0
515,0.47866409591266124,0.4791798988978072,0.9973070621490479,0.4659760821433298,0.47746035314741625,0.9995808005332947,0.466545871325902,0.6724596789905009,0.9998646974563599,0.44865791144825196,0.6861484022367574,0.9999085068702698,60.02439900441935,0
516,0.4778991526081452,0.47622850679215967,0.997373104095459,0.46525538251513565,0.4751712850161965,0.9995947480201721,0.4663164416948958,0.6710921100207743,0.9998663663864136,0.4485956841991065,0.6846072758947106,0.9999095797538757,60.02439900441935,0
517,0.4771332329227815,0.47261449126970234,0.997340202331543,0.4644740138735094,0.4724611952191311,0.9995905160903931,0.46620173113686736,0.6696220437685654,0.9998652935028076,0.44857076094264114,0.6833262102944515,0.9999066591262817,60.02439900441935,0
518,0.4765806354227524,0.4697806820982982,0.9973408579826355,0.4641492906070894,0.47092306188174693,0.9995979070663452,0.4662107129891717,0.6681332701728464,0.9998673796653748,0.4486325610251657,0.682393386250451,0.9999078512191772,60.02439900441935,0
519,0.476180534987223,0.4675125281016036,0.9973044991493225,0.4638963781652,0.46992050607999203,0.9995914101600647,0.4662243624528253,0.6665482152076001,0.9998641610145569,0.4485844898791544,0.681508552460444,0.9999037981033325,60.02439900441935,0
520,0.47640927348818135,0.46525337582542825,0.9973025918006897,0.46364625153087474,0.46805120365960295,0.9995900988578796,0.46623365084330276,0.6649648320107239,0.9998643398284912,0.44847250836236174,0.680305435543969,0.9999034404754639,60.02439900441935,0
521,0.47598540499096864,0.46284668076606056,0.9972469210624695,0.46350858466965855,0.46519330002012743,0.9995810389518738,0.46620573458217474,0.6633579617454897,0.9998652338981628,0.4483451275598439,0.6786612442561564,0.9999033212661743,60.02439900441935,0
522,0.47533163570222436,0.4596387687183565,0.997231662273407,0.46325961181095704,0.46065356901713816,0.9995815753936768,0.46618560382298097,0.6614846274966291,0.9998633861541748,0.44821080849284256,0.6762866150765198,0.999902606010437,60.02439900441935,0
523,0.47444267641930393,0.45678471383594366,0.9971991181373596,0.462908703656424,0.45594333041281965,0.9995779395103455,0.46616004904111263,0.6600785283815298,0.9998593926429749,0.4481065557116557,0.6741147694133582,0.9999006390571594,60.02439900441935,0
524,0.4731243153413141,0.45424050376528824,0.9972094297409058,0.46270125536691614,0.45249901215235433,0.9995784759521484,0.4660755339122958,0.6586566652570457,0.9998598098754883,0.44811694536890334,0.6717986067136135,0.9999002814292908,60.02439900441935,0
525,0.47200857173828886,0.45171923580623846,0.9972350597381592,0.46255195708501945,0.45031653557504964,0.9995711445808411,0.46601540134066666,0.6565914324351725,0.9998570680618286,0.4481231754734406,0.6692553162574774,0.9998966455459595,60.02439900441935,0
526,0.47172736979666247,0.4492152418409079,0.9972102642059326,0.4625581233274373,0.4489552988892514,0.9995613694190979,0.4659578587327689,0.6543198823928839,0.999848484992981,0.4481226191634228,0.6669820490337559,0.9998869299888611,60.02439900441935,0
527,0.471122279053643,0.44673378978456807,0.9971892237663269,0.46270781613531603,0.4483216532639099,0.9995598793029785,0.4656517448879427,0.6518525424457737,0.9998403191566467,0.44779600273995207,0.665222048759461,0.999877393245697,60.02439900441935,0
528,0.47063889389946384,0.44450995042210567,0.9971910119056702,0.46265907230831366,0.44763587060428844,0.999555230140686,0.46516239217349503,0.6492111853190836,0.9998344779014587,0.4470308437233883,0.6631305274509254,0.9998704195022583,60.02439900441935,0
529,0.47000841157777007,0.44315355732327455,0.9971880912780762,0.46255328967457765,0.44722062491235315,0.9995542764663696,0.46436534892945097,0.6466524515833179,0.9998310208320618,0.4460499201502122,0.6608534881046846,0.9998655319213867,60.02439900441935,0
530,0.46909872690836624,0.441865478243147,0.9971007108688354,0.46244349224226855,0.4464586263611207,0.9995434880256653,0.4635193291164583,0.6440573732058212,0.999821662902832,0.4448321859041853,0.6577572737421313,0.9998540878295898,60.02439900441935,0
531,0.4687384196690154,0.44090445978300946,0.9969919919967651,0.46179628656024063,0.4451652637549812,0.9995360970497131,0.46290828358559416,0.6407861028398791,0.9998005628585815,0.4433059451125921,0.65370105561756,0.9998314380645752,60.02439900441935,0
532,0.46929258108139077,0.44023292689096394,0.996924638748169,0.4606926909514839,0.4430227336429418,0.9995253682136536,0.4624271477971762,0.6378762949080699,0.9997813105583191,0.44161974816095295,0.6495108093534203,0.9998143911361694,60.02439900441935,0
533,0.4696039231050586,0.4388860506670819,0.9968180656433105,0.45936529267401954,0.4405781967299328,0.9995166063308716,0.46103899819510363,0.6352731358437316,0.9997569918632507,0.4397544293176564,0.6460241107713613,0.9997895956039429,60.02439900441935,0
534,0.46960256780896903,0.43598311004184576,0.9967834949493408,0.45791679053079554,0.43751184855188674,0.9995161294937134,0.4590791847024649,0.6321084243910657,0.9997420310974121,0.4379037377380193,0.6421777861458919,0.9997794032096863,60.02439900441935,0
535,0.4688197757516592,0.4317414760589603,0.9967694878578186,0.45640567938486776,0.4336661284878144,0.9995183348655701,0.4559837891941983,0.6288002729415898,0.9997262954711914,0.4362459963276276,0.6386809065228422,0.9997782707214355,60.02439900441935,0
536,0.4674585362275446,0.42795260605357976,0.9967670440673828,0.45517101600056636,0.4296041570958641,0.9995168447494507,0.45181532700856564,0.625893198308491,0.9997189044952393,0.4344565925144017,0.6357310385931111,0.9997794032096863,60.02439900441935,0
537,0.46659575615610427,0.4260480758689702,0.9968294501304626,0.4535624512604309,0.4251197675863905,0.9995278716087341,0.4474291063490372,0.6233452643666954,0.9997150897979736,0.43225132851373615,0.6327497249557863,0.9997866749763489,60.02439900441935,0
538,0.4654871480805537,0.42401587253525175,0.9968987107276917,0.4516970046928954,0.4193133825347541,0.9995442032814026,0.4434480283941545,0.6216363168898087,0.9997169375419617,0.43033592331977155,0.6302591391972139,0.9997944831848145,60.02439900441935,0
539,0.4637683275200076,0.42179284493128494,0.9969531297683716,0.4503205007030854,0.4146771189712346,0.9995597004890442,0.4395801098573779,0.6205343206723536,0.9997219443321228,0.4285453359285994,0.6285890794935686,0.9998040199279785,60.02439900441935,0
540,0.461025844017665,0.41808953455516307,0.9967793226242065,0.44961547425815074,0.4116801562763399,0.9995689988136292,0.43654508108184487,0.6188091039657597,0.9997285604476929,0.4271356250558584,0.6269843635104957,0.999813973903656,60.02439900441935,0
541,0.4565224278540842,0.4129063572202414,0.9966099858283997,0.4495900855177929,0.41083933767818304,0.9995704293251038,0.43322938538733013,0.6170751026698527,0.9997280836105347,0.42633913812183233,0.6261289772533241,0.9998197555541992,60.02439900441935,0
542,0.45173444066728907,0.4084164769876574,0.996383011341095,0.45028438170750973,0.41165806424050133,0.9995622634887695,0.43024289466085924,0.6152545667829972,0.9997310638427734,0.4257425325257441,0.6252729637282239,0.99982750415802,60.02439900441935,0
543,0.4488236407438918,0.4059353414035982,0.9962657690048218,0.4508639574050907,0.41197992790313026,0.9995703101158142,0.4282421909627464,0.6129237157957899,0.9997416734695435,0.4248983476843156,0.6234413300241748,0.9998392462730408,60.02439900441935,0
544,0.44715417708669425,0.4027688148475832,0.9959733486175537,0.45079803750628555,0.40931246110371217,0.9995750784873962,0.4277415076891585,0.6098868733360658,0.9997414946556091,0.4241712150119603,0.6207746494384044,0.9998475909233093,60.02439900441935,0
545,0.44748977820078567,0.4008035290808908,0.9956336617469788,0.45001760125160256,0.40564448209035997,0.9995810389518738,0.4282273735318869,0.6066209248134073,0.9997371435165405,0.4227692229407177,0.6175681721596495,0.9998522400856018,60.02439900441935,0
546,0.448445843798774,0.3994036785193855,0.995200514793396,0.4490669639337634,0.4021307982149582,0.9995743632316589,0.4292882255145485,0.6036511035192585,0.9997274875640869,0.42130923838842516,0.6147464173180721,0.9998499751091003,60.02439900441935,0
547,0.448861407382148,0.39844891996610765,0.9946705102920532,0.4480393585704625,0.39913116750263067,0.9995565414428711,0.4300607712495898,0.6021027508236119,0.9997049570083618,0.42027327844074824,0.6128383903276358,0.9998388290405273,60.02439900441935,0
548,0.449056956030074,0.3979715917791642,0.9936246275901794,0.44702005244436754,0.3966773209117711,0.9995077848434448,0.43092106211753156,0.6019841716403058,0.9996792078018188,0.4196121508166907,0.6119741258167091,0.9998070001602173,60.02439900441935,0
549,0.44955009222030673,0.39761610542024917,0.9923465251922607,0.4461090011256085,0.3939455960478105,0.9993959069252014,0.43179178521746714,0.602519810199738,0.9996196627616882,0.4192666212717695,0.611755856445858,0.9997465014457703,60.02439900441935,0
550,0.4496222237745924,0.39668041609582483,0.9909738302230835,0.4454845104898729,0.3914946587312792,0.9993537664413452,0.4322531492937183,0.6032223985308698,0.9995976686477661,0.41937129838126086,0.6116755207379663,0.9997310042381287,60.02439900441935,0
551,0.4495623367173335,0.39577296518144184,0.989417552947998,0.44496180046172407,0.39004927589779836,0.9992942214012146,0.43216609103339093,0.6037373911766784,0.9995709657669067,0.4197919624192377,0.6116535010791966,0.9997187852859497,60.02439900441935,0
552,0.4491031581447241,0.39497575731504564,0.9886629581451416,0.4449248143604827,0.39013481282052576,0.9992289543151855,0.4318229414167862,0.6041722695032761,0.999550998210907,0.420556648856118,0.6119850391433357,0.9996970891952515,60.02439900441935,0
553,0.448598187594187,0.39475962945393184,0.9888055920600891,0.44529912159556473,0.3907489535354436,0.9992153644561768,0.431600371996562,0.6045567591985072,0.9995419979095459,0.4213231589112967,0.612179435434796,0.9996925592422485,60.02439900441935,0
554,0.4481110274791721,0.39476086979820646,0.9888392090797424,0.4458887051968351,0.391556228910174,0.9991883039474487,0.4315840488388428,0.6047953963279729,0.9995329976081848,0.42202653771355075,0.6123998789560232,0.9996899962425232,60.02439900441935,0
555,0.44812895854314205,0.3946585456530256,0.9887058138847351,0.4465860256126952,0.391792877798989,0.9991587400436401,0.4318570494651798,0.6048547313326886,0.999523937702179,0.42248900305657194,0.6126247388975966,0.9996893405914307,60.02439900441935,0
556,0.44872104837780946,0.3950507016409014,0.988610565662384,0.44723256145204854,0.392207510414578,0.999141275882721,0.4319270466055193,0.6050508958952772,0.9995126724243164,0.422800917000998,0.612808968339648,0.9996858239173889,60.02439900441935,0
557,0.449531931252707,0.3955133316062749,0.9887833595275879,0.4478259682655338,0.3924830484957925,0.9991271495819092,0.4319524623098831,0.6053738622438345,0.9995008111000061,0.4231936236222589,0.6130987746374952,0.9996808171272278,60.02439900441935,0
558,0.4500590179647722,0.39562365128880483,0.9888393878936768,0.44842063671066684,0.392656322036471,0.9991114735603333,0.43198121161687975,0.6056821828796755,0.9994874596595764,0.42338238869394607,0.6133990514846079,0.9996757507324219,60.02439900441935,0
559,0.45071738958358804,0.3956053044114797,0.9887033104896545,0.4491799544720427,0.3928050086611796,0.999104917049408,0.4320723769210637,0.6060949677512764,0.9994885325431824,0.42334730710302115,0.6137004664966044,0.99968022108078,60.02439900441935,0
560,0.4516442843845916,0.3953592805635365,0.988994836807251,0.44982853106090037,0.39291800203777527,0.9990991353988647,0.4326116400105616,0.6064278568540304,0.9994866847991943,0.4232114141895661,0.6138984589349661,0.9996808171272278,60.02439900441935,0
561,0.4533684636865347,0.39539589626448524,0.9891688227653503,0.45044734932127495,0.3929736954825268,0.9990879893302917,0.4338938664822355,0.6065731956845244,0.9994803667068481,0.42295558112008264,0.6138508632069547,0.9996784925460815,60.02439900441935,0
562,0.45555330600057364,0.3957655926545464,0.9894058108329773,0.4511714662824362,0.3929779841786343,0.9990941882133484,0.43567477095694807,0.6066305154845834,0.9994696974754333,0.4234657656578794,0.6136536569822407,0.999677300453186,60.02439900441935,0
563,0.45727333284559746,0.3965364850702743,0.9895920157432556,0.4524799642108739,0.3931072836830506,0.9990980625152588,0.4371081817717783,0.6065464473906022,0.9994674324989319,0.42529717939240624,0.6132103006045029,0.9996802806854248,60.02439900441935,0
564,0.4577431011767618,0.39660095458938993,0.9894813895225525,0.4542433108602255,0.3930790693986987,0.9990846514701843,0.4382559117816747,0.6063341895739243,0.9994526505470276,0.4275405974615192,0.6126780424799243,0.99967360496521,60.02439900441935,0
565,0.45815888472965827,0.3961900231384099,0.9892290234565735,0.4557629213446666,0.39242814410300514,0.9990509748458862,0.4396581394331799,0.6057327758698241,0.9994378685951233,0.4297315719581789,0.6111954933121095,0.9996635913848877,60.02439900441935,0
566,0.4582649951889405,0.39471750316165777,0.9889145493507385,0.4569890442348666,0.3914123191719967,0.9990108013153076,0.44106791274888213,0.6049151732808072,0.9994288086891174,0.4316878985790983,0.6095045350846795,0.999661922454834,60.02439900441935,0
567,0.45875794830776434,0.39319848730450613,0.9891350865364075,0.45812728717213624,0.3905139622234166,0.9990260004997253,0.4427517255147302,0.6039018347149809,0.9994097352027893,0.4328378907271797,0.6078843020257501,0.999660313129425,60.02439900441935,0
568,0.4611013971623924,0.39182471661340657,0.9892612099647522,0.4589964463597256,0.3899448244344623,0.9990180134773254,0.4455958803494775,0.6030203132402334,0.9994117021560669,0.433516397362664,0.6066576724960695,0.9996605515480042,60.02439900441935,0
569,0.46493163279124705,0.3911875415415994,0.9895737767219543,0.45962252503349704,0.39014190435409574,0.9990343451499939,0.4485338429609938,0.602375135535286,0.9993942379951477,0.4340725555306393,0.6058064642406651,0.9996523261070251,60.02439900441935,0
570,0.46888233650298383,0.3907005048933486,0.9896533489227295,0.46013218164444003,0.3906893446331936,0.9990001916885376,0.4516615853423168,0.6020771435328898,0.9994005560874939,0.43429739986147237,0.6052954253696265,0.9996547698974609,60.02439900441935,0
571,0.4723601156756995,0.390792753015246,0.9896933436393738,0.4606000028905418,0.39121918451218407,0.9989752173423767,0.4547232247534256,0.6019585132598881,0.9993972182273865,0.4347029214813599,0.6045295000076298,0.9996569752693176,60.02439900441935,0
572,0.4738981525103255,0.39038541913032565,0.9898621439933777,0.4614760350613371,0.3911954008397605,0.9989742040634155,0.45637584158352484,0.6016612592197604,0.9994053840637207,0.43595860401789377,0.6038483665103009,0.999667227268219,60.02439900441935,0
573,0.4739368997869041,0.3900003887358169,0.9901214838027954,0.46280624469121334,0.3905374606450402,0.9989739656448364,0.457377489124026,0.6012353215898791,0.9994146823883057,0.43794161790893227,0.6034248357727419,0.9996726512908936,60.02439900441935,0
574,0.47451756255967315,0.38902593368575716,0.9906365275382996,0.4640127037252702,0.38905560118811505,0.9990024566650391,0.45876021044594933,0.600222420124781,0.9994240999221802,0.44035400095440125,0.6028085975419912,0.999686598777771,60.02439900441935,0
575,0.4764993389447534,0.38766245898746343,0.99095618724823,0.4646383041427253,0.38745203472319134,0.9990057349205017,0.4599828932966508,0.5986457381929675,0.9994239807128906,0.4422703640801569,0.601829520293645,0.9996926188468933,60.02439900441935,0
576,0.47857341879890114,0.3860466466063548,0.9914157390594482,0.46611921134449225,0.38595988069261855,0.9989822506904602,0.4609093992483052,0.5965280703135905,0.9993916749954224,0.44420811675843774,0.6004276644615905,0.9996823072433472,60.02439900441935,0
577,0.47981119865462935,0.3844539565699444,0.9917937517166138,0.4684928613049647,0.3851812850861325,0.9989616274833679,0.4610909933135627,0.5948206214677725,0.9993700385093689,0.44623807214555317,0.599490676607405,0.9996668696403503,60.02439900441935,0
578,0.4798855086167657,0.38274596276737427,0.9924155473709106,0.47124623968487733,0.38495803730828454,0.999002993106842,0.4604557468777615,0.5927155585516072,0.9993691444396973,0.4486445316246581,0.5986434419949854,0.9996603727340698,60.02439900441935,0
579,0.47939186578705234,0.3816252691405163,0.992964506149292,0.47349676631745874,0.38518214225769076,0.9990469813346863,0.4599654390698391,0.5904456178347275,0.9993988871574402,0.4507066195919404,0.5979488378479372,0.9996722936630249,60.02439900441935,0
580,0.47870196898778317,0.38069661316417547,0.9934177994728088,0.47488525367918505,0.385485451845896,0.999072253704071,0.45956907243955736,0.58814587479546,0.9994179010391235,0.4527661942300346,0.5970587843940376,0.9996743202209473,60.02439900441935,0
581,0.4785702739443102,0.3800585028671086,0.99379563331604,0.4751472473144535,0.3855888701620559,0.9990966320037842,0.4593289082958589,0.5852765951837817,0.9994316697120667,0.4538802447773165,0.5952989657719935,0.9996713399887085,60.02439900441935,0
582,0.4787798552286061,0.3789515083744416,0.9941047430038452,0.4753842566694536,0.3853831915628345,0.9990947246551514,0.4591002450102855,0.5824512697401505,0.9994388818740845,0.45429752412296515,0.5933701736586439,0.9996577501296997,60.02439900441935,0
583,0.47912890570504363,0.3774827449094684,0.9940750598907471,0.47569878044582586,0.3847772592589972,0.9990842342376709,0.4588835281985151,0.5808241679554899,0.9994435906410217,0.4541352816990447,0.592215844563076,0.9996485114097595,60.02439900441935,0
584,0.4790386330513731,0.3760224055676236,0.9938834309577942,0.47619226291066163,0.3839911605630605,0.9990118741989136,0.4587137244996574,0.5796802185830621,0.999434769153595,0.454292795487813,0.5915752138410301,0.9996249079704285,60.02439900441935,0
585,0.4789890746275588,0.37518676831608755,0.9937485456466675,0.47654016103063346,0.38330881794293753,0.9990010857582092,0.4586806197961175,0.5788903917585105,0.9993763566017151,0.45422613053094807,0.591338367689224,0.9995983242988586,60.02439900441935,0
586,0.4784523092565086,0.37522886906351394,0.9933064579963684,0.4768979251384739,0.3826930679026107,0.9990167021751404,0.45854812718573107,0.5788198823020576,0.9993331432342529,0.4547328693526136,0.5914303802308587,0.9995965361595154,60.02439900441935,0
587,0.47760846359389203,0.37578768531481455,0.9932708144187927,0.477148050353641,0.3826487135319486,0.9990431666374207,0.4583726170517153,0.5785369617598402,0.9992983341217041,0.4553821015925638,0.5912273469425389,0.9995972514152527,60.02439900441935,0
588,0.4770593075525197,0.3760820939427334,0.9932219982147217,0.47722308550562215,0.38334467581340276,0.999069094657898,0.4581868549187982,0.5783829774175375,0.9992631077766418,0.4557284173511327,0.5910910396348867,0.9995990991592407,60.02439900441935,0
589,0.47712430499848907,0.37616979792004573,0.99303138256073,0.4769291381041213,0.3843290209770206,0.9990107417106628,0.4584004481633508,0.5784992717561273,0.9992050528526306,0.4556890158426198,0.5911417546726413,0.9995783567428589,60.02439900441935,0
590,0.47746564802669383,0.37604991027287105,0.9928169846534729,0.4765657754171466,0.38517048387300434,0.998980700969696,0.45894522610164856,0.5786042156673618,0.9991424679756165,0.45564597135498447,0.5911200642585759,0.9995556473731995,60.02439900441935,0
591,0.4787816845235374,0.37585517764091525,0.9926149845123291,0.47604979077974996,0.38589319586753873,0.9989331960678101,0.45984203332946455,0.5786684070314685,0.9990729093551636,0.45554903717268114,0.5911181796164744,0.999535083770752,60.02439900441935,0
592,0.4802453532105404,0.3755585764135636,0.9923718571662903,0.47561500611759405,0.3861325340611597,0.9988797903060913,0.46076676817167406,0.5787161617051992,0.9990234375,0.45549979238283106,0.5911953591165093,0.9995169043540955,60.02439900441935,0
593,0.48209063921655965,0.37524922546886297,0.9923973083496094,0.4753413980915437,0.3864951885881881,0.9988614320755005,0.4615718679768702,0.5785144879704435,0.9990060925483704,0.4554000425906412,0.5909456497146974,0.9995207190513611,60.02439900441935,0
594,0.48367672874814027,0.37505140191032804,0.9923589825630188,0.4755137406644371,0.38679495737666203,0.9988402724266052,0.4620820170357117,0.5779034864334838,0.998984158039093,0.4553412766683673,0.5901674968855726,0.9995179176330566,60.02439900441935,0
595,0.48462925496555553,0.37522197053546025,0.9923926591873169,0.4761610258193247,0.38677236721629216,0.9988431334495544,0.46229328711827633,0.5770502118837271,0.9989140033721924,0.4553468411877045,0.5891065256936214,0.9995041489601135,60.02439900441935,0
596,0.4848803210826151,0.37577432394027743,0.9926100373268127,0.47723404708362804,0.3869075022992637,0.9988880157470703,0.462123438006356,0.576506824720474,0.9988965392112732,0.4554340782619662,0.5884031284423106,0.9995136260986328,60.02439900441935,0
597,0.48517320269630104,0.3764585540408183,0.9927452206611633,0.47827198675700633,0.3874935067835311,0.9989249110221863,0.46187025734356507,0.5763932494890127,0.9989078044891357,0.4556061923503879,0.5883092795099536,0.9995238780975342,60.02439900441935,0
598,0.48531825627599484,0.3769463456812362,0.9928529262542725,0.4791998863220219,0.3882536817164651,0.9989396333694458,0.46170322242237305,0.5767019646508358,0.9989126920700073,0.4559124410152439,0.5888327360153203,0.9995275735855103,60.02439900441935,0
599,0.4856788629577278,0.3772325317064924,0.9929394125938416,0.47972820912088704,0.3889972241151904,0.9989570379257202,0.4618527264822101,0.5770877826781504,0.9989034533500671,0.45632204981077323,0.5893511942454752,0.9995314478874207,60.02439900441935,0
600,0.48614655222211606,0.3769002329735532,0.9931619763374329,0.47989980237824614,0.3895108302434288,0.9989923238754272,0.4623887822741558,0.577180113111224,0.9989314079284668,0.4567562611330127,0.589574169544947,0.9995501041412354,60.02439900441935,0
601,0.48688658220427417,0.3764467892192662,0.9934269189834595,0.47995919131097375,0.38951797428585266,0.9990383386611938,0.46303240742002255,0.5770103448913215,0.9989576935768127,0.45707902454194604,0.5894347344126025,0.9995663166046143,60.02439900441935,0
602,0.48785532798085934,0.3760602318105246,0.9937085509300232,0.47989386178198357,0.38947000531923237,0.9990799427032471,0.4636864931810474,0.5768992844082065,0.9989896416664124,0.45716778721128226,0.5892861740929745,0.9995859861373901,60.02439900441935,0
603,0.48844938760712076,0.375853994062969,0.9939396381378174,0.4803169284548082,0.3894580886477519,0.9991114139556885,0.46390834308805956,0.5768243443398253,0.999008059501648,0.4573682433082948,0.5891797570955191,0.9995983839035034,60.02439900441935,0
604,0.48833165708042364,0.3758493988286884,0.9941320419311523,0.4812269026324867,0.38943261191958506,0.9991537928581238,0.4636023881889529,0.5768202997389298,0.9990400671958923,0.4577677193142123,0.5891233711015615,0.9996174573898315,60.02439900441935,0
605,0.4873646185511638,0.3759413432507291,0.9942531585693359,0.4824686603886744,0.3893715327694306,0.9991888403892517,0.46290500958760616,0.576847803025019,0.9990774989128113,0.4583495287668141,0.5891161248797467,0.9996355772018433,60.02439900441935,0
606,0.4860690775371737,0.37593201796213815,0.9944300055503845,0.48362594842910805,0.3892400903361187,0.9992281794548035,0.46205899828956276,0.5768310654731028,0.9991171360015869,0.45889470832688506,0.5891041500227797,0.999653160572052,60.02439900441935,0
607,0.48507413835752616,0.37610924243927035,0.9946310520172119,0.4842396108877095,0.38948008701914866,0.9992660880088806,0.4612977930477691,0.5768077430270971,0.9991490840911865,0.4592067556721827,0.5892287237303602,0.9996678233146667,60.02439900441935,0
608,0.4848665438947228,0.37653583855856065,0.9948170781135559,0.48422641839299924,0.38994034840947134,0.9992929100990295,0.46094965650921815,0.576765480495635,0.999176561832428,0.4591782149814428,0.589430743739719,0.9996804594993591,60.02439900441935,0
609,0.4844027885368896,0.3771952007498063,0.9949992299079895,0.48411561052004537,0.3903214647656399,0.9993116855621338,0.4606292900584997,0.5769519635609223,0.9992032051086426,0.459143976370494,0.5898399863924304,0.9996921420097351,60.02439900441935,0
610,0.4832537301949096,0.37805312871933017,0.9950798749923706,0.4839854864847096,0.3906099299589796,0.9993160963058472,0.4602507565702715,0.577362506162553,0.9992114901542664,0.45912468575295984,0.5903724999654866,0.9996974468231201,60.02439900441935,0
611,0.481898285093762,0.3786571678661168,0.9952229857444763,0.4839279580683939,0.39083056080909034,0.9993454813957214,0.459917335283189,0.5780233173143301,0.999249279499054,0.45908648769060806,0.5911419306482593,0.9997127652168274,60.02439900441935,0
612,0.480502667881194,0.3785722312473119,0.9952509999275208,0.48376151493617503,0.3898055652777357,0.99933260679245,0.45955163098516955,0.578760357130142,0.9992774724960327,0.45892135160309966,0.5917862426666991,0.9997198581695557,60.02439900441935,0
613,0.47910707621347376,0.3780880981967566,0.995252251625061,0.48299444573266204,0.3886034914425444,0.9992849826812744,0.4592738705021998,0.5792081128983275,0.9992765188217163,0.4586008772963573,0.5922492685772129,0.999701738357544,60.02439900441935,0
614,0.4776120313576293,0.3775635432629362,0.9952733516693115,0.4808084893794291,0.3870258288724085,0.9992315769195557,0.45929216487067126,0.5802136688005362,0.9992610812187195,0.4582045234384995,0.5930340886116032,0.999678909778595,60.02439900441935,0
615,0.4746821664628532,0.37704955963861403,0.9951359629631042,0.4781860439550313,0.38530074982416096,0.9992210865020752,0.45885963525090934,0.5815421938896184,0.9992837309837341,0.45784356054805614,0.5939557382038666,0.9996870160102844,60.02439900441935,0
616,0.47185589869817135,0.37609415962582576,0.9951512217521667,0.47520982367651843,0.3832191484315058,0.9992518424987793,0.4581295209271571,0.5828324527967549,0.9993261098861694,0.4574777313641143,0.5949741261346004,0.9997043013572693,60.02439900441935,0
617,0.46925952604838816,0.3749524496850516,0.9951117038726807,0.47204761561893316,0.3812533858276552,0.9993001222610474,0.4574175760859539,0.5836972423962189,0.9993534684181213,0.45717694787752094,0.5953686946914314,0.9997225403785706,60.02439900441935,0
618,0.46772983812150537,0.3735790068194983,0.9947810769081116,0.4689125333513536,0.37771969324066557,0.9993321895599365,0.4568818537961873,0.5839455099332904,0.9993384480476379,0.4568132105327792,0.5950731720243185,0.999731719493866,60.02439900441935,0
619,0.467103773639316,0.37264947522254244,0.9947219491004944,0.465652106773286,0.3747123692716874,0.9993619918823242,0.45683353004001476,0.5833871847107301,0.999363362789154,0.456342533940361,0.5939255129723326,0.9997432231903076,60.02439900441935,0
620,0.46621685936337465,0.3719637706166225,0.9947311878204346,0.4613586068153385,0.3721568584442142,0.999398946762085,0.4570390837533137,0.5828589626720978,0.9993764758110046,0.4557721359389173,0.5923551321029668,0.9997525811195374,60.02439900441935,0
621,0.4629686432225367,0.3726136074179698,0.9948880672454834,0.4575402126425792,0.3709139951637816,0.9994396567344666,0.4564357314791002,0.5822399797893711,0.999390721321106,0.45528029969760386,0.5907763271104727,0.9997663497924805,60.02439900441935,0
622,0.4590779401007156,0.37531388373602037,0.9950010180473328,0.4539108290558773,0.370531492290043,0.9994763135910034,0.45544923061416304,0.5818640589714055,0.9993751645088196,0.4549559141908377,0.5897005711283008,0.9997766017913818,60.02439900441935,0
623,0.4550886523155943,0.3792262403737934,0.9951139092445374,0.4503385552338195,0.3711919784545902,0.9995123744010925,0.45447433136758386,0.5817294376237057,0.9993717670440674,0.45474536929811793,0.588890203407833,0.9997861981391907,60.02439900441935,0
624,0.45141836433183613,0.38357873331932824,0.9950879216194153,0.4471862614154819,0.37176627346447566,0.9995396733283997,0.4538497456482482,0.5818209023702716,0.9992848634719849,0.4544835842791062,0.5885544163840162,0.9997822642326355,60.02439900441935,0
625,0.44755404052280284,0.3839249000662852,0.9949008822441101,0.4443638679527105,0.37177953265962177,0.9995559453964233,0.45333296770141274,0.5815138050488068,0.99912029504776,0.4539084519658773,0.5883578658103947,0.9997570514678955,60.02439900441935,0
626,0.4435059598514015,0.3752305436702005,0.9940183162689209,0.44332271814346347,0.3676359284491769,0.9995294213294983,0.4530365083898821,0.5803936946959727,0.9988320469856262,0.45260360553151124,0.5874572651726864,0.9996803998947144,60.02439900441935,0
627,0.4371301006703153,0.3629984401521231,0.9935294389724731,0.4456956741355718,0.3628498372577489,0.9994623064994812,0.4519122909931913,0.5803051307087858,0.998573362827301,0.45121280919937895,0.5883116864022759,0.9995725750923157,60.02439900441935,0
628,0.4328478149005348,0.35268660670235075,0.9936474561691284,0.45033902071771204,0.3647887422924953,0.9993693232536316,0.4506352685746696,0.5817344841502966,0.9985780715942383,0.4489181921595622,0.5903211377915887,0.9995498657226562,60.02439900441935,0
629,0.43064045764151104,0.3480792570681802,0.9935604929924011,0.46073276656014617,0.36864240964253775,0.9992189407348633,0.44946472559656453,0.5827454640751798,0.9986627697944641,0.4501797585260304,0.5927836185409914,0.999566912651062,60.02439900441935,0
630,0.42941862557615584,0.3530192602248422,0.9931329488754272,0.4728877785659976,0.3798665844258811,0.9985793232917786,0.4478324403365457,0.5829809904098515,0.9987594485282898,0.4538544941516153,0.594860271328972,0.9995876550674438,60.02439900441935,0
631,0.42744210220518597,0.365675428083965,0.9923789501190186,0.4820035213515876,0.40332155710174955,0.9981936812400818,0.4440935353438063,0.5833463668823247,0.998735785484314,0.4575204309963048,0.5976475647517618,0.9995923042297363,60.02439900441935,0
632,0.4261371131454199,0.37542933083715924,0.0,0.4888441945825308,0.4191742056892035,0.0,0.4399382181110839,0.5828243494033818,0.0,0.4597283999125167,0.5985430322942284,0.0,60.02439900441935,1
633,0.4246257890243923,0.38811890507230984,0.9927984476089478,0.5004172381900609,0.43935076274028473,0.9982419610023499,0.4405113588385034,0.57047281540981,0.998801052570343,0.46934320529302,0.58859826918362,0.9996237754821777,60.02439900441935,0
634,0.42672532685354486,0.400197766062354,0.9932004809379578,0.5098962670280824,0.4592458202319895,0.9978615045547485,0.44539476728358274,0.5537177048572882,0.9988577365875244,0.47962405426161664,0.5735186356671007,0.9996249675750732,60.02439900441935,0
635,0.4305781036818112,0.4100576742571231,0.9938522577285767,0.5173828303813939,0.46693175544544185,0.9979299902915955,0.45291817837021014,0.5374944927741074,0.9989714026451111,0.4901941517988845,0.5589229496968852,0.9996584057807922,60.02439900441935,0
636,0.43554456420496246,0.4181776022424507,0.0,0.5172768547421414,0.4673213555293833,0.0,0.460161771904044,0.5279886588758356,0.0,0.49569818803242316,0.5502594089021493,0.0,60.02439900441935,1
637,0.44003462284600686,0.4255412839302404,0.0,0.5071083165350418,0.46611220090567695,0.0,0.46380930449686936,0.5302433813510303,0.0,0.49267878418877054,0.5523926027778059,0.0,60.02439900441935,1
638,0.4450053828103206,0.4279528600828991,0.0,0.49066188931465193,0.4528063024793356,0.0,0.4642894055162161,0.5418999876294821,0.0,0.4823598265647892,0.5623664600508558,0.0,60.02439900441935,1
639,0.44979203173092464,0.4321832018239161,0.0,0.47772067785263095,0.4441115771021165,0.0,0.46617441517966174,0.5489129338945666,0.0,0.4755793809890751,0.5683534996850155,0.0,60.02439900441935,1
640,0.455435486877857,0.4406040671731343,0.0,0.4635368940376104,0.4352899858740725,0.0,0.46935481664274864,0.5563328363457509,0.0,0.4693552936826437,0.5748596154913614,0.0,60.02439900441935,1
641,0.4593635347424725,0.4393203609249222,0.0,0.45120584255173135,0.4259991481596113,0.0,0.46976833744924934,0.5629109590231971,0.0,0.4612234759898417,0.5803338143290311,0.0,60.02439900441935,1
642,0.4613916792837134,0.43021785037047233,0.9944536089897156,0.44261146301314974,0.41800571826039556,0.9981361031532288,0.46738982545275304,0.5687190059090963,0.9990565776824951,0.4528247075421473,0.5844340888010406,0.9996640682220459,60.02439900441935,0
643,0.4616544761625281,0.4172370358794728,0.9948788285255432,0.43838948720977455,0.4125770237170112,0.9983195662498474,0.4630452301226509,0.5737222850728201,0.9990516901016235,0.44619993794532087,0.5881240165152521,0.9995978474617004,60.02439900441935,0
644,0.4607278812093803,0.4049517816426806,0.995327353477478,0.43774041391554375,0.41021401805131646,0.9984859824180603,0.45817152638824654,0.5780021191454263,0.998957633972168,0.44189675790923016,0.5912757592947309,0.9994741082191467,60.02439900441935,0
645,0.4597270928678062,0.3976126185485298,0.9956809878349304,0.43958211938540176,0.4096055981658757,0.9986364245414734,0.45496698646318384,0.5814395518529987,0.9986070990562439,0.4403115283875242,0.5937668964976361,0.9993678331375122,60.02439900441935,0
646,0.46066528132983653,0.4010511324519206,0.9960507154464722,0.44094310488019706,0.4097282105968115,0.9987717866897583,0.4552281328610015,0.5852211401576093,0.9984801411628723,0.44124036885443224,0.5969024556023739,0.99931401014328,60.02439900441935,0
647,0.4620714329537895,0.4014859398206078,0.9963411688804626,0.44272672988119616,0.40921025616782086,0.9988934993743896,0.4555604613962631,0.5882929478372851,0.9983154535293579,0.44105512329510316,0.5988011019570492,0.9992775321006775,60.02439900441935,0
648,0.46429541423207277,0.40150966388838666,0.9966234564781189,0.4445594265347439,0.40863728665170246,0.9990020990371704,0.4560899479048596,0.589923745109922,0.9981228709220886,0.44004495512871555,0.5994693863959544,0.9991860389709473,60.02439900441935,0
649,0.4675544713224687,0.40138578414917025,0.9968822002410889,0.44588989870888884,0.40870216063090764,0.9990989565849304,0.4565551437082749,0.5889603495597844,0.9978630542755127,0.43865742995625484,0.5994605847767426,0.998928964138031,60.02439900441935,0
650,0.47050043230965066,0.4013520848183408,0.9971554279327393,0.4467426722957978,0.409752638567062,0.9991856813430786,0.4567055432569417,0.5855222287632174,0.9978297352790833,0.43692989718346403,0.5981759372211642,0.998723566532135,60.02439900441935,0
651,0.4730661809444431,0.4011595859414059,0.9974271655082703,0.4480758295172741,0.4114965129466287,0.9992632269859314,0.45720964670181313,0.579870740572612,0.9979621767997742,0.43541935795829445,0.5955462285450532,0.998688280582428,60.02439900441935,0
652,0.47482764862832605,0.4013746281464897,0.9976566433906555,0.4499571791716988,0.4139919735136489,0.9993257522583008,0.45729754368464187,0.5747436795915881,0.9978696703910828,0.4343166791257408,0.592904252665384,0.9982619881629944,60.02439900441935,0
653,0.4765537324405856,0.4020719556581409,0.9978719353675842,0.45159760969025786,0.4167333841323856,0.9993829131126404,0.45857193924131884,0.5710039223943443,0.9980440735816956,0.4328944881757104,0.5900339257149474,0.9983622431755066,60.02439900441935,0
654,0.47756071033931957,0.4036512999307545,0.9980663657188416,0.4535556918098817,0.4198439107054759,0.9994354844093323,0.45863346684546735,0.5694872453099209,0.9981451630592346,0.4337078063260945,0.5886736540567312,0.9983599781990051,60.02439900441935,0
655,0.4789689041319351,0.4074317458130068,0.9982480406761169,0.4560614696570809,0.42398654705002226,0.9994882941246033,0.45795535047849056,0.5697322402681628,0.9981591105461121,0.43618427004132987,0.5906687861397157,0.9984110593795776,60.02439900441935,0
656,0.4810093243916833,0.41425917545954416,0.9984031319618225,0.45664636435962896,0.42632404537428026,0.9995366930961609,0.4571092284861069,0.573534386498588,0.9981145858764648,0.43888076714107005,0.5953619338217241,0.9984793066978455,60.02439900441935,0
657,0.4819533952644897,0.4211755167870298,0.9985105395317078,0.4632445091292976,0.43546919879459234,0.9995757341384888,0.45614495447703807,0.5788817604382838,0.9979225397109985,0.4435878325076334,0.6021558472088411,0.998426079750061,60.02439900441935,0
658,0.47859387312616664,0.425950456233252,0.9985901117324829,0.47192473070962127,0.4458582160018743,0.9995948672294617,0.45182969740458934,0.5839461286862695,0.997553825378418,0.4495817280951004,0.6085693807828999,0.9981554746627808,60.02439900441935,0
659,0.4732861816883091,0.42816228100231746,0.9987127184867859,0.47806653806141486,0.4525159270990466,0.9996007680892944,0.44645044775236253,0.5884435772895817,0.9977481365203857,0.4531254285857794,0.6108980263982505,0.9982619881629944,60.02439900441935,0
660,0.46774859371639477,0.42953832944234244,0.998723030090332,0.4861475796926593,0.4597617032982058,0.9995109438896179,0.4397928189663663,0.593419077850524,0.9978993535041809,0.4581700307982312,0.6136432971273156,0.9983639121055603,60.02439900441935,0
661,0.4626208302520574,0.43057522461527903,0.9988214373588562,0.4957459043888822,0.4727150443054384,0.9995405077934265,0.4357041645617715,0.597762388842447,0.9981042146682739,0.4634621412981128,0.6207419037818913,0.9985204339027405,60.02439900441935,0
662,0.4611149089676997,0.4338651994864149,0.9989112615585327,0.5009864228112362,0.48211080545470864,0.999561071395874,0.4342516022069117,0.6042024010703682,0.9982818365097046,0.46610498428344765,0.625729069823311,0.9986566305160522,60.02439900441935,0
663,0.4610721837906614,0.4377314661230363,0.9989977478981018,0.5080845597244449,0.49586386056173454,0.9995883107185364,0.43414595581236376,0.6103446483612065,0.9984439611434937,0.4674360184442433,0.6326306377138415,0.9987838864326477,60.02439900441935,0
664,0.46068489835375864,0.44056386039370615,0.9990787506103516,0.512303749720256,0.5061612796215789,0.9996188879013062,0.43273519618170636,0.6145202602658958,0.9985932111740112,0.46765130048706455,0.640576771327428,0.9989004731178284,60.02439900441935,0
665,0.4619067155179527,0.44194799519720573,0.9991586804389954,0.5115451301847189,0.5082299141656789,0.9996520280838013,0.4304318300315315,0.617039595331465,0.9987294673919678,0.46497433810007044,0.6429666763260256,0.9990078806877136,60.02439900441935,0
666,0.46494805103256626,0.44408490970021236,0.999228298664093,0.5121473499706817,0.5148578541619441,0.9996811747550964,0.42887509011087,0.6175682743390407,0.998851478099823,0.4628809576942811,0.6455774562699459,0.9991042613983154,60.02439900441935,0
667,0.4671311179796858,0.4452485938866937,0.9992850422859192,0.5149918113436022,0.5267859016145983,0.9997058510780334,0.4291620311282933,0.6160037148566477,0.9989607930183411,0.4622034657569163,0.6513842429433555,0.999191164970398,60.02439900441935,0
668,0.46876845189503297,0.44695045692580126,0.9993056058883667,0.5178415321168449,0.5360188569341391,0.999708354473114,0.42935152564729995,0.6150205703008748,0.9990454912185669,0.46283953530447863,0.6559798291751322,0.9992645978927612,60.02439900441935,0
669,0.46947074929873184,0.44937094052632687,0.9993508458137512,0.5196735915683568,0.5421272658166436,0.9997289776802063,0.42895505683762725,0.6153910784494314,0.999135434627533,0.4640845897651858,0.6625815544809619,0.9993356466293335,60.02439900441935,0
670,0.4702747449988415,0.4509725769360864,0.9994043111801147,0.5208489809717455,0.5405416006133674,0.9997503161430359,0.429066869474593,0.616793240819659,0.9992201924324036,0.4648982456752236,0.669767578442892,0.999400794506073,60.02439900441935,0
671,0.4722245874859041,0.4519704140367966,0.9994392991065979,0.5203042030334477,0.5355809160641265,0.9997619986534119,0.4295638388111481,0.6181264264242995,0.9992941617965698,0.46515709303674285,0.670899269126711,0.9994581341743469,60.02439900441935,0
672,0.47470563933962906,0.45400632279259856,0.9994157552719116,0.5199631026812966,0.5414473073823116,0.9997223615646362,0.4308990410396034,0.6183902167138604,0.9993402361869812,0.4653878779638385,0.6707190530640743,0.999496340751648,60.02439900441935,0
673,0.4762522124108818,0.4559961997327354,0.9994174242019653,0.516812934761956,0.5407472621826903,0.999718427658081,0.4319160836083552,0.6177406907081608,0.9994010329246521,0.46471848374321384,0.6704458764621195,0.9995441436767578,60.02439900441935,0
674,0.47723211986678027,0.45906114720162927,0.999360203742981,0.5110243700799492,0.5339514528002063,0.9996493458747864,0.43214863964489564,0.6170653473763243,0.9994368553161621,0.4629601722671876,0.6709766558238444,0.9995763897895813,60.02439900441935,0
675,0.4796335981005718,0.4643763843036837,0.9993091225624084,0.5027902367569155,0.5225686572846916,0.9996435046195984,0.4323061434995564,0.6170098100389758,0.9993934035301208,0.4575059428101498,0.6682700259344925,0.9995863437652588,60.02439900441935,0
676,0.48344623332931924,0.46978763171604737,0.9991357326507568,0.4947422288713005,0.5071942990734468,0.9995431303977966,0.4332359404790973,0.6159493951570425,0.9991603493690491,0.44954765410650377,0.6624078324862894,0.9995368719100952,60.02439900441935,0
677,0.48885891834894857,0.47427571245602235,0.9990844130516052,0.4880514102322719,0.49726374376387866,0.9994730353355408,0.4360402808302928,0.6142391420546036,0.9985643029212952,0.440569075800124,0.6532192996570048,0.9990564584732056,60.02439900441935,0
678,0.49604389639127866,0.47856070456050726,0.998923122882843,0.4849819909958616,0.49935140638124415,0.9994634389877319,0.4401753927980154,0.6107317606608078,0.9980166554450989,0.43278804705256546,0.6420927331561139,0.9987109303474426,60.02439900441935,0
679,0.5023243129253392,0.48096644310724207,0.9986506104469299,0.48245688137554027,0.4995734180722922,0.9992928504943848,0.44465117369379353,0.6065098756835579,0.9973235130310059,0.4268865258920764,0.6319712031455272,0.9981608390808105,60.02439900441935,0
680,0.5073329621837257,0.4841724690936865,0.9986996054649353,0.4807123570215138,0.5005192770844418,0.9993060827255249,0.4487566820212776,0.6031352906000051,0.9972163438796997,0.423601370482218,0.6254979031426571,0.9981719255447388,60.02439900441935,0
681,0.5112646420796716,0.48968927491278913,0.9988120198249817,0.47968525687853536,0.5037214387030833,0.999346911907196,0.45131347576777175,0.6015013314428789,0.9973170161247253,0.4210571405433477,0.6217635075251267,0.9982635974884033,60.02439900441935,0
682,0.5128735899925236,0.4964608039174765,0.9989079833030701,0.47943170155797726,0.509786739235833,0.9993723034858704,0.45220223211106836,0.6008601217042837,0.9973438382148743,0.42026907063665875,0.6216901796204708,0.9981613755226135,60.02439900441935,0
683,0.5126914665812542,0.5030097776935218,0.9990070462226868,0.47956283745311595,0.5175593949499588,0.9993936419487,0.45210275763557106,0.6025117947941739,0.9974367618560791,0.4199869519188294,0.624308830215818,0.9981895089149475,60.02439900441935,0
684,0.5128398679551629,0.5104445105507264,0.9990969300270081,0.4796941677729293,0.524522185325623,0.9994364976882935,0.4512734853086021,0.6048374516623365,0.9974895715713501,0.4198252118769149,0.6255214810371403,0.99826979637146,60.02439900441935,0
685,0.5129355617931916,0.5163990656534835,0.9991845488548279,0.47970635408446943,0.5295465106055854,0.9994769096374512,0.45055618314516016,0.6069883391970685,0.9976809620857239,0.41908945214180754,0.6262622731072567,0.9983239769935608,60.02439900441935,0
686,0.5130322348503844,0.5209940558388124,0.9992566704750061,0.4799170380546937,0.5327655673027043,0.9994903802871704,0.45036774731817736,0.6084356563431881,0.9977336525917053,0.41860624012492986,0.6258477937607543,0.9982360005378723,60.02439900441935,0
687,0.5130479250635424,0.5243279195967179,0.9993245601654053,0.48041236542520105,0.5343985358874007,0.9995042681694031,0.45002939019884425,0.6091730481102358,0.9978362321853638,0.4181593826838905,0.6246794717652462,0.9982102513313293,60.02439900441935,0
688,0.5128028421174916,0.5259071333067762,0.9993842244148254,0.480691241366523,0.5363211092494787,0.9994981288909912,0.44995740056037936,0.6080588556471329,0.9979081749916077,0.41759893865812425,0.6225662486893795,0.9982030987739563,60.02439900441935,0
689,0.512295314243862,0.5260198144685659,0.9994279742240906,0.48081844335510654,0.5377590599514194,0.9994919896125793,0.4498010958944052,0.6065732183910557,0.9978818297386169,0.41720703244209323,0.6204441274915428,0.9982560276985168,60.02439900441935,0
690,0.5118404541696825,0.5260333532378791,0.9993932247161865,0.4813493007705329,0.5390081008275354,0.9993730187416077,0.4495616654555007,0.6052090667542962,0.9974852800369263,0.4171691820735026,0.618917272204445,0.9976851344108582,60.02439900441935,0
691,0.5116291840871179,0.525437039988382,0.9994053840637207,0.4826256036758427,0.540975479852586,0.9993312358856201,0.4491207429340911,0.603409968671345,0.9973218441009521,0.41728401184082065,0.6179922875903906,0.9975610971450806,60.02439900441935,0
692,0.5114662022817706,0.5240467730022617,0.9993773698806763,0.48454453973543116,0.5430427392323816,0.9992119669914246,0.44820784245218587,0.6002162694931035,0.9971786141395569,0.41763368674687007,0.6172942150206797,0.9973209500312805,60.02439900441935,0
693,0.5113663673400883,0.5224409216926216,0.999302864074707,0.48673313714209093,0.5441851332074124,0.9990864396095276,0.4470882330621996,0.5972844873155871,0.9970337152481079,0.4178665024893628,0.6171032814752493,0.9970890879631042,60.02439900441935,0
694,0.5113984488305595,0.5217709768386118,0.9992688298225403,0.48833379291352813,0.544663216386523,0.9990573525428772,0.4459266421340764,0.5948892604737059,0.9970048666000366,0.41766320098014137,0.6167250247228718,0.9969978928565979,60.02439900441935,0
695,0.5118729443777179,0.5222292599223913,0.999240517616272,0.48918882721946394,0.5448106867926465,0.9989734888076782,0.4451075664588387,0.5938480553172889,0.9967960119247437,0.41721236989611704,0.6163225968678798,0.9967214465141296,60.02439900441935,0
696,0.5125632030623304,0.5234719940594269,0.9991987347602844,0.489635573966163,0.5453886162667052,0.9987562894821167,0.4448272216887704,0.5938719198817304,0.9966524839401245,0.416804290953137,0.615944439456577,0.9963427186012268,60.02439900441935,0
697,0.5133430645579388,0.5249289756729494,0.9989740252494812,0.48979295009658486,0.546678761641185,0.9984942078590393,0.4449332881541483,0.5945764808427725,0.99625563621521,0.4165242427871344,0.6152946352958684,0.9958292841911316,60.02439900441935,0
698,0.5140354349499661,0.5264011224110925,0.9987695813179016,0.4897004805860069,0.5490631177311855,0.9980901479721069,0.4450693244025824,0.594419902279264,0.9957206845283508,0.41646022739864563,0.6148908280190972,0.9951260685920715,60.02439900441935,0
699,0.5145800880023416,0.528465466839927,0.9985288977622986,0.48993517245565177,0.5516839538301745,0.9973337650299072,0.4451944544201809,0.5941896410215474,0.9953954815864563,0.41651044147355254,0.6148053606351221,0.99448162317276,60.02439900441935,0
700,0.5150396710350404,0.5315869847933457,0.9983511567115784,0.49012696884927337,0.5546758941241677,0.9968563914299011,0.44513633279573384,0.5939506122044159,0.9951543807983398,0.41644011508850853,0.6148990421068106,0.9939595460891724,60.02439900441935,0
701,0.515570788156419,0.5348499133473354,0.998282790184021,0.49060865952855104,0.5578036904335026,0.996462345123291,0.4450507845197409,0.5946880834443233,0.9949241876602173,0.41642157804398344,0.616040068013328,0.9933631420135498,60.02439900441935,0
702,0.5159252002125698,0.5381367972918923,0.9982090592384338,0.4910377292405995,0.5593623547326956,0.99606853723526,0.4449873793692819,0.5966426219258995,0.9947891235351562,0.41647766175724243,0.6177997362046019,0.9930791258811951,60.02439900441935,0
703,0.5160285546666104,0.5399907316480368,0.9983067512512207,0.4910415524528144,0.5606953728766673,0.9961470365524292,0.4451636473337813,0.598980497746241,0.9951014518737793,0.4165399727367223,0.6195426214308971,0.9933475255966187,60.02439900441935,0
704,0.5157889581861954,0.542062796297528,0.9983212947845459,0.49063178187324924,0.562072839055743,0.9960469007492065,0.4453763493469787,0.6010638418651767,0.9951375126838684,0.41656359746342647,0.6212332135155092,0.9930617213249207,60.02439900441935,0
705,0.515286817437127,0.5439400559379945,0.9984233379364014,0.49036479705855995,0.5644577855155586,0.9962441921234131,0.44505813292094676,0.6031382396107634,0.9952948689460754,0.41655137141545645,0.6227503135090787,0.9932470321655273,60.02439900441935,0
706,0.5150795891171414,0.544194408825466,0.998542845249176,0.4900836206617813,0.5680871946471082,0.9965165853500366,0.4446625695342113,0.6043335199356084,0.9955778121948242,0.4164528662250159,0.6234359939893092,0.9936835169792175,60.02439900441935,0
707,0.5142965430305122,0.5452718961806529,0.9986622929573059,0.490009168783824,0.5716329585938231,0.9968210458755493,0.44351442087264326,0.605185454800016,0.9959101676940918,0.41631154928888625,0.6245993659609845,0.9941760301589966,60.02439900441935,0
708,0.5139891448475069,0.5464599756967459,0.9987772107124329,0.49007263779640237,0.5742340400105436,0.9971028566360474,0.4420743016969593,0.6060304897172115,0.9962201118469238,0.41605390679268645,0.6259723901748662,0.9946196675300598,60.02439900441935,0
709,0.5135965659504849,0.5482379879270285,0.9988750219345093,0.49003014819962676,0.5775154091063005,0.9973424077033997,0.4415002436864947,0.6059534379414155,0.9963245987892151,0.4157720222359615,0.6272465160914835,0.9948613047599792,60.02439900441935,0
710,0.5129883998916267,0.5515674040431072,0.9989630579948425,0.49012875131198375,0.5804121522676382,0.9975786209106445,0.44024695385070106,0.6059962482679463,0.9965161681175232,0.4154756679421383,0.6284444474038628,0.9952534437179565,60.02439900441935,0
711,0.5122696416718624,0.554981492814564,0.999048113822937,0.49047260483106014,0.5837338226182125,0.9977919459342957,0.4386606812477115,0.6066878665061228,0.9967730641365051,0.41502939661343924,0.629438283897582,0.9956414103507996,60.02439900441935,0
712,0.5118640831538613,0.5578322041602366,0.9991138577461243,0.49089326744987893,0.5861466952732636,0.9979766607284546,0.43785905838012734,0.6072617939540323,0.99700528383255,0.414503219581786,0.6295956657046369,0.9959384799003601,60.02439900441935,0
713,0.5111297539302285,0.5607458494958428,0.9991641044616699,0.49128080691610104,0.586963071709588,0.9981319308280945,0.4367072340987981,0.6082184683708922,0.9971961975097656,0.4140509977227169,0.6294760136377249,0.9962158203125,60.02439900441935,0
714,0.5111329441978822,0.5620381803739642,0.9991908073425293,0.49144415486426624,0.5876968673297343,0.9981855154037476,0.43568771935644635,0.609518570559366,0.9973257184028625,0.413726118348894,0.6293690829049978,0.9963740706443787,60.02439900441935,0
715,0.5111954751468845,0.5627640088399256,0.9992203116416931,0.4913843387649177,0.588859773817517,0.9982386827468872,0.43568306309836285,0.6101289817265108,0.9974046945571899,0.4135452764374873,0.6292593308857515,0.9964461922645569,60.02439900441935,0
716,0.5112600383304419,0.5633929201534821,0.9992229342460632,0.49151742742175186,0.5906145402363373,0.9981626868247986,0.43510804999442365,0.6103565806434272,0.9974625706672668,0.4134894283044909,0.629356653917404,0.9964681267738342,60.02439900441935,0
717,0.5113385149410796,0.5642682654517042,0.9991993308067322,0.4918890041964399,0.5923475112233848,0.9981571435928345,0.43464460685139644,0.6092831095059719,0.9974247813224792,0.41338498819442054,0.6290451373372764,0.9964749813079834,60.02439900441935,0
718,0.5111635071890699,0.5659513814108716,0.9992084503173828,0.492598679803667,0.5928887781642738,0.9982243776321411,0.4348145765917645,0.6069003740946457,0.9974173903465271,0.41324523800895363,0.628628029709771,0.9965829253196716,60.02439900441935,0
719,0.5108510596411573,0.5676296892620273,0.9991701245307922,0.49334877871331756,0.5925008115314307,0.9982442259788513,0.43416406710942623,0.6054786670775646,0.9974225163459778,0.4131285832041789,0.6282469828923548,0.9965988397598267,60.02439900441935,0
720,0.5100958801451188,0.5696142713228867,0.9990634918212891,0.4938755872703738,0.5927321825708667,0.9982597231864929,0.4328507781028751,0.6063927525565742,0.9972683787345886,0.4130409530230934,0.6279211299760006,0.9964244961738586,60.02439900441935,0
721,0.5105818282990233,0.5711782546270466,0.9990302920341492,0.494072285436449,0.5937475249880841,0.9982434511184692,0.4316036701202396,0.6083807945251469,0.9972327351570129,0.412861016534624,0.627328821590969,0.9964509606361389,60.02439900441935,0
722,0.5117882944288712,0.5723009109497075,0.9989471435546875,0.49381994775363414,0.5974116751125885,0.998246431350708,0.43073802193005917,0.6110858661787856,0.9971358776092529,0.412977782033739,0.6277925145058411,0.9964041709899902,60.02439900441935,0
723,0.51332342908496,0.5729917287826543,0.9989134073257446,0.49310441953795336,0.6017307326907209,0.9982814192771912,0.43047625110262955,0.6138633546375099,0.9970718622207642,0.41332934583936454,0.6287298202514653,0.9963893890380859,60.02439900441935,0
724,0.5141778446379166,0.5740385963803251,0.9989143013954163,0.49239413085437994,0.6059581012952899,0.9983837604522705,0.43106161128907017,0.61628308182671,0.9971878528594971,0.41377359912509043,0.6303737021627885,0.9965844750404358,60.02439900441935,0
725,0.5147586010751275,0.5750531100091485,0.9989346265792847,0.49189385913667266,0.608762315341405,0.9984899759292603,0.4311771222523284,0.6184365862891793,0.997343897819519,0.41418514507157494,0.6321227947870895,0.9967925548553467,60.02439900441935,0
726,0.5155542521249685,0.5760678365117032,0.9989393353462219,0.49179861233347977,0.6102498968442286,0.9985576868057251,0.430939214570182,0.6206212753341316,0.9974993467330933,0.4143996962479186,0.6339926520983383,0.9969799518585205,60.02439900441935,0
727,0.5180526687985378,0.5764910181363428,0.9989184141159058,0.4920555381547841,0.6107480611119956,0.9986174702644348,0.4307151152974087,0.6215555866559352,0.9976682662963867,0.41442369279407354,0.6350908591633757,0.9971959590911865,60.02439900441935,0
728,0.5207713728859316,0.5766123845463711,0.9989466071128845,0.49237165138835043,0.6114498178164169,0.9986873269081116,0.4305059555031008,0.6215207519985386,0.9978194832801819,0.4144318444388257,0.6361717752047953,0.9974117875099182,60.02439900441935,0
729,0.5229749026752658,0.576771111715408,0.9989984035491943,0.4926201360566279,0.6116645336151127,0.998690128326416,0.4304138109797526,0.6211826262019935,0.9978619813919067,0.41413825466519344,0.6368238528569545,0.9974722862243652,60.02439900441935,0
730,0.522850714978718,0.579954618499393,0.9990434646606445,0.4927523519311637,0.6121880128270109,0.9986443519592285,0.4306253606364844,0.6209153391066057,0.9979596734046936,0.41358533501625094,0.6368782860892164,0.9975693225860596,60.02439900441935,0
731,0.5214476273173382,0.5835997973169604,0.9990828633308411,0.4928484090736938,0.6123915797188173,0.9985636472702026,0.430117317608425,0.6206381377719703,0.9980127215385437,0.41281296667598577,0.6363449522427155,0.9975829720497131,60.02439900441935,0
732,0.5205478157315939,0.586553431692578,0.9990929365158081,0.4929284921714242,0.6127113841828851,0.9984766244888306,0.42926814158757565,0.6206681529680893,0.9979702234268188,0.41205243979181594,0.6357860054288598,0.9974783062934875,60.02439900441935,0
733,0.518904410657429,0.5889579511824112,0.999068021774292,0.49292640458969883,0.614251023247129,0.9984202980995178,0.4275175943261105,0.6208911452974597,0.9980351328849792,0.4114024837811791,0.6357103841645382,0.9975529909133911,60.02439900441935,0
734,0.5167579934710552,0.59087481101354,0.9990050196647644,0.49284137856392674,0.6169090781893054,0.998370349407196,0.4252138705480669,0.6211489070029491,0.9979744553565979,0.4109228097257164,0.6361984099660606,0.9974688291549683,60.02439900441935,0
735,0.5149778269586114,0.5919740654173355,0.9987627267837524,0.49267238804272284,0.619460747355507,0.9983035922050476,0.4233790707020536,0.6214362240972978,0.997709333896637,0.4105740473383952,0.6368967947505775,0.9970703125,60.02439900441935,0
736,0.5131274745577862,0.5946332443328135,0.9987804889678955,0.49248566939717286,0.6212415241059808,0.9984266757965088,0.42244936171032166,0.6216324283963163,0.9977733492851257,0.4104304923897701,0.6375769234838945,0.9972245097160339,60.02439900441935,0
737,0.5121204143478761,0.596445915244875,0.99873286485672,0.4923191070556645,0.6223573514393402,0.9984620809555054,0.4221739953472504,0.6215406968480071,0.9976668953895569,0.4104276696840925,0.6381453048615233,0.9971519708633423,60.02439900441935,0
738,0.5127611273810981,0.5975095714841574,0.9987713694572449,0.4922782707782023,0.6223788346563072,0.9985644817352295,0.4227269760199959,0.6213421736444751,0.9976651668548584,0.4105188009284795,0.6379127190226606,0.9972620010375977,60.02439900441935,0
739,0.5132837096850081,0.5987233178956173,0.9988176226615906,0.4923403759797418,0.6226350977307279,0.9986608624458313,0.4231207626206538,0.6212500418935508,0.9977571964263916,0.4105443131356016,0.6375828555652079,0.9974184632301331,60.02439900441935,0
740,0.5138594309488936,0.6001243279093793,0.9988148212432861,0.492449039504642,0.6236602436928527,0.9987172484397888,0.42343266379265593,0.6212715563319984,0.9977898001670837,0.4105941568102158,0.637196838855744,0.9975017309188843,60.02439900441935,0
741,0.5145145626295184,0.6016082763671879,0.9988248348236084,0.4924934421266832,0.6250765153339936,0.9987883567810059,0.4239084081990382,0.6213267275265291,0.99782794713974,0.41068303726968347,0.6367683126812895,0.9976001977920532,60.02439900441935,0
742,0.5150534113248193,0.6028571355910533,0.9988594651222229,0.4924837705634893,0.626323472885859,0.9988757967948914,0.4241838370050706,0.6215342283248906,0.9978886246681213,0.4106164163067231,0.6365543518747607,0.9977335333824158,60.02439900441935,0
743,0.5152737129302256,0.6037157404990428,0.9988535642623901,0.49239326091039787,0.628521533239456,0.9989315271377563,0.42425840525400105,0.6218300405002781,0.9978954792022705,0.4103034677959627,0.6367485211009076,0.9977781772613525,60.02439900441935,0
744,0.5153562341417589,0.6041246170089363,0.9988486766815186,0.4923109866323929,0.630433545226143,0.9989802837371826,0.42355087967146043,0.6223972155934294,0.9979535937309265,0.40980826247306135,0.6368085827146264,0.9978646039962769,60.02439900441935,0
745,0.5153810410272511,0.6042488785017109,0.998869001865387,0.49215550082070525,0.6318257536206932,0.9990351796150208,0.4241406676315129,0.6215968728065495,0.9980523586273193,0.4092581158592591,0.6363107845896772,0.9979886412620544,60.02439900441935,0
746,0.5153893033663437,0.6049707418396364,0.998924970626831,0.4920202536242353,0.6327545784768609,0.9991034269332886,0.42481111628668683,0.6206785184996473,0.9981467127799988,0.4087290678705491,0.6353869012423929,0.998102068901062,60.02439900441935,0
747,0.5153770446777348,0.6060907074383333,0.9989810585975647,0.4916758125736604,0.6337600577445263,0.9991723299026489,0.42538836314564693,0.620020761376336,0.9982696771621704,0.4081902461392542,0.634606438023704,0.9982496500015259,60.02439900441935,0
748,0.5153972137542002,0.6068019214130589,0.9990069270133972,0.4912078394776303,0.6346446701458528,0.9992299675941467,0.42560719876062336,0.6198578845886962,0.9983668327331543,0.407741555145809,0.634070359525227,0.998386561870575,60.02439900441935,0
749,0.5153757617587139,0.6075314311754141,0.9990482926368713,0.4906227957634703,0.6359885533650722,0.9992861747741699,0.4251458659058529,0.6203459728331797,0.9984843134880066,0.40718978785333215,0.6341953788484851,0.9985235333442688,60.02439900441935,0
750,0.5153317196028577,0.6079621655600416,0.9991031289100647,0.4896823891571594,0.6375799604824617,0.9993419051170349,0.42370541038967346,0.6214253561837337,0.9986008405685425,0.4065412978331251,0.6349576371056698,0.9986545443534851,60.02439900441935,0
751,0.5150343179702763,0.6082165439923609,0.9991540312767029,0.4886198526337037,0.6391572044009259,0.9993908405303955,0.42326170631817445,0.6210217617806939,0.9987016916275024,0.40586158491316326,0.6356402749107002,0.9987631440162659,60.02439900441935,0
752,0.5147657507941841,0.6088895059767228,0.9992049336433411,0.4872027522041688,0.6404668035961338,0.9994354844093323,0.42314736190296387,0.6216735357329963,0.9988023638725281,0.40511373962674857,0.6363048581849966,0.9988656044006348,60.02439900441935,0
753,0.5142794450124109,0.6095831167130248,0.99925297498703,0.4854553214141305,0.6413288144838247,0.9994765520095825,0.42334946564265696,0.6231759900138496,0.9988884329795837,0.4039392301014495,0.6371514314696908,0.9989537000656128,60.02439900441935,0
754,0.5133819636844457,0.6100484217916221,0.9992934465408325,0.48372692579314863,0.6415636227244428,0.9995158910751343,0.4237316917805448,0.6258962863967537,0.9989570379257202,0.40250727818125803,0.6378882158370249,0.9990264773368835,60.02439900441935,0
755,0.5119188200859801,0.6110300535247445,0.9993219375610352,0.48239637982277683,0.6413314200582964,0.9995488524436951,0.42319826710791847,0.6299678626514622,0.9990046620368958,0.4004680826550442,0.6385460950079423,0.9990822672843933,60.02439900441935,0
756,0.5100763213066832,0.612207018193745,0.9993573427200317,0.4813103321052737,0.6413726380893168,0.9995823502540588,0.42116060711088665,0.6339238087336228,0.9990589618682861,0.398163647878738,0.6400380248115182,0.9991415143013,60.02439900441935,0
757,0.5079125790368947,0.6135688566026238,0.9993739724159241,0.48083491978191234,0.6416346970058628,0.9996100068092346,0.4179949363072717,0.6362607734543941,0.9990975260734558,0.3960908509436111,0.6419776848384318,0.9991946816444397,60.02439900441935,0
758,0.5064150861331399,0.6146730837367835,0.9994043707847595,0.48020213558560365,0.6424202237810412,0.9996423721313477,0.41578609886623596,0.6373852576528282,0.9991399049758911,0.39457579595702064,0.6440807921545851,0.9992548227310181,60.02439900441935,0
759,0.5049324319476177,0.6160382032394414,0.9994099736213684,0.47980692556926224,0.6433545663243254,0.9996675252914429,0.4132325393813,0.6370821907406767,0.9991219639778137,0.3933167230515256,0.6462252083278843,0.9992836713790894,60.02439900441935,0
760,0.5034500417255224,0.6172252609616239,0.9994475841522217,0.47911160048984386,0.6440454295703348,0.9996960163116455,0.4112834022158671,0.6364111758413774,0.9991415739059448,0.39206150883720065,0.6477425666082479,0.9993308186531067,60.02439900441935,0
761,0.5021249992506849,0.6186811923980717,0.9994833469390869,0.4779214007513867,0.6450757951963522,0.9997234344482422,0.4100064464977813,0.6363423239617125,0.9991801381111145,0.39051882851691505,0.6484390553973975,0.9993786215782166,60.02439900441935,0
762,0.5007574175085344,0.6205343008041386,0.9995156526565552,0.4767952760060632,0.6464841337431051,0.9997462630271912,0.40817032825379174,0.6369680620375139,0.9992321729660034,0.3889834795679368,0.6496000204767505,0.9994267821311951,60.02439900441935,0
763,0.4996054200899037,0.6224314059529991,0.9995403289794922,0.47572619858242254,0.6481486785979502,0.9997662305831909,0.40651996078945374,0.6382901526632768,0.9992771148681641,0.38740349525497103,0.6510107290177123,0.9994691610336304,60.02439900441935,0
764,0.4991267749241424,0.6237013907659626,0.9995678067207336,0.47440387521471333,0.6507789833205092,0.999785840511322,0.4065798932597754,0.6396200004078099,0.9993067383766174,0.3859781835760392,0.6532978585788187,0.999503493309021,60.02439900441935,0
765,0.498412946859996,0.624732341085162,0.9996010661125183,0.47344077626864156,0.6533727731023521,0.9998054504394531,0.40655552773248615,0.6411933842159458,0.9993610978126526,0.3845333669866837,0.6556291750499186,0.9995463490486145,60.02439900441935,0
766,0.49764237517402327,0.6249165364674164,0.999632716178894,0.4718265618596762,0.6552497432345441,0.9998233914375305,0.40698853277024805,0.6422996038482307,0.9994114637374878,0.38301358194578294,0.6568373583611993,0.9995861649513245,60.02439900441935,0
767,0.49678171106747254,0.6245132287343347,0.9996528625488281,0.469540601684934,0.6570669923509875,0.9998378157615662,0.4080591074057991,0.6427864886465532,0.9994520545005798,0.38155857012385447,0.6574179700442728,0.999618649482727,60.02439900441935,0
768,0.49548541789963174,0.6243632322265993,0.9996720552444458,0.46729330505643607,0.6581342333839059,0.9998499155044556,0.40837851450556834,0.6435050311542698,0.9994857311248779,0.37989864320982103,0.6575896910258707,0.9996457695960999,60.02439900441935,0
769,0.4943346324421115,0.6242077776363923,0.9996849298477173,0.4651677480765755,0.6588600363050193,0.9998612403869629,0.4084348593439378,0.6444891464142577,0.9995148181915283,0.3784663606257669,0.6573617231278197,0.9996724724769592,60.02439900441935,0
770,0.49350412402834254,0.6243438011124025,0.9997052550315857,0.4631850435620266,0.660186165855045,0.9998719692230225,0.4086009590398701,0.6454906293324068,0.999548077583313,0.3774040795507888,0.6581246256828313,0.9996982216835022,60.02439900441935,0
771,0.49288410941759786,0.6246477081662138,0.9997149705886841,0.4620397516659332,0.6612864420527509,0.9998764991760254,0.4085028341838295,0.6468135771297279,0.9995582699775696,0.37651782376425635,0.6589211736406604,0.9997090697288513,60.02439900441935,0
772,0.4924742735567551,0.6253872627303718,0.9997227787971497,0.4612459739049279,0.6618712970188692,0.9998795986175537,0.40835065217245226,0.6479487305595766,0.9995654225349426,0.37598047228086595,0.6590884867168614,0.999718427658081,60.02439900441935,0
773,0.49193002638362743,0.6261136162848705,0.9997364282608032,0.4604534350690391,0.6629381350108561,0.9998811483383179,0.40885773726872066,0.6485525284494678,0.9995874166488647,0.37553271793183857,0.6594732432138357,0.9997352957725525,60.02439900441935,0
774,0.49107055862744686,0.627154634112404,0.9997450113296509,0.45980990216845596,0.6635615797269918,0.999883770942688,0.4068554952031093,0.6512736025310704,0.9996188879013062,0.37443884213765494,0.660495607625871,0.999757707118988,60.02439900441935,0
775,0.49018670973323675,0.6280932114237836,0.9997562170028687,0.4593613090969271,0.6638894081115728,0.9998884797096252,0.40423096503530265,0.6546485310509096,0.9996474385261536,0.37340661599522573,0.6621291978018631,0.9997776746749878,60.02439900441935,0
776,0.4894004449957897,0.629164318243663,0.9997550249099731,0.4587743112019134,0.6649953495888489,0.9998879432678223,0.4017354278337391,0.6576954183124366,0.9996530413627625,0.372468200467882,0.6643927210853219,0.9997884035110474,60.02439900441935,0
777,0.48898363822982466,0.6300117657298139,0.9997572898864746,0.45837162080265265,0.6664014401889988,0.9998881220817566,0.39996642867724136,0.6600371826262705,0.999666154384613,0.3717649139109115,0.6668045577548805,0.9997987747192383,60.02439900441935,0
778,0.48890453577041665,0.6309261776152116,0.9997685551643372,0.45797568985394105,0.6679224542209086,0.9998924136161804,0.4000567055883865,0.6608268675350013,0.9996907114982605,0.3715047736962639,0.6681493151755565,0.9998147487640381,60.02439900441935,0
779,0.489118622882026,0.6318432944161556,0.9997714757919312,0.45735322435696957,0.6695445293471932,0.9998910427093506,0.4024341276713783,0.661059058847882,0.9997053742408752,0.37152743197622784,0.669295455728259,0.9998246431350708,60.02439900441935,0
780,0.48916944861412087,0.6331670369420738,0.9997698664665222,0.45703378319740334,0.6702943642934169,0.9998850226402283,0.403560756217866,0.6627439714613421,0.9997114539146423,0.3714986372561685,0.6706312696139023,0.9998302459716797,60.02439900441935,0
781,0.48908211787541744,0.6343290976115641,0.9997544288635254,0.45655281628881217,0.6710880313600818,0.9998748302459717,0.4046666934376675,0.6641587302798322,0.9997167587280273,0.3714957294009984,0.6724678419885186,0.9998388290405273,60.02439900441935,0
782,0.4889008402824406,0.6352232524326875,0.9997568726539612,0.45591986179351845,0.6720734125091922,0.9998659491539001,0.40533018821761757,0.6649258079982945,0.999711275100708,0.37152311915443087,0.6739407635870439,0.9998399615287781,60.02439900441935,0
783,0.4887387738341381,0.6356753366334102,0.9997565150260925,0.4552422676767625,0.6732150912284857,0.9998408555984497,0.405446902627037,0.664949979100909,0.9997001886367798,0.3716229909942267,0.6751358026549935,0.9998341202735901,60.02439900441935,0
784,0.4886505887621929,0.6356144802910946,0.9997615218162537,0.45469462729635735,0.6747542903536847,0.9998180270195007,0.4054976290180573,0.6640278668630697,0.9996922612190247,0.37167331860179026,0.6761774988401509,0.9998264312744141,60.02439900441935,0
785,0.4888861292884467,0.6355279144786659,0.999761700630188,0.4545181989669803,0.676206597260067,0.9998149871826172,0.4058274626731876,0.6634896482740136,0.9996815323829651,0.3718469242254896,0.6773549573762082,0.9998262524604797,60.02439900441935,0
786,0.4892266293366754,0.6356259896641692,0.9997503757476807,0.4547644200779146,0.6769408384958908,0.9998058676719666,0.4062482331480302,0.6631204031762628,0.9996609687805176,0.37200724936666973,0.6781129666737153,0.9998188018798828,60.02439900441935,0
787,0.48976567955244193,0.6355578984533042,0.9997480511665344,0.4548488131591256,0.6778640718687153,0.9998073577880859,0.4067389638650988,0.6628266374270126,0.9996535778045654,0.3722451655637653,0.679144544260843,0.9998231530189514,60.02439900441935,0
788,0.4905824036825275,0.6358171701431279,0.9997535943984985,0.45483767418634363,0.6782019280252007,0.9997966289520264,0.4072835786002026,0.6628726834342599,0.9996616840362549,0.37253918676149306,0.6787126887412304,0.999832034111023,60.02439900441935,0
789,0.4914070864518487,0.6361799637476608,0.9997521042823792,0.45495162691388846,0.6786748114086338,0.9997825622558594,0.40801386606125634,0.6625693553969979,0.9996695518493652,0.37307015770957613,0.6771915469850818,0.999838650226593,60.02439900441935,0
790,0.4920305836768381,0.636529167493185,0.9997576475143433,0.4553475834074478,0.678544299943107,0.9997643828392029,0.4090127150217695,0.6619959501993093,0.9996775388717651,0.37364402697199894,0.6751549272310171,0.9998443126678467,60.02439900441935,0
791,0.49249144537108325,0.6368966585113893,0.9997548460960388,0.455912801481429,0.6756564321972081,0.9997419714927673,0.4103884455703557,0.6614596219289877,0.9996888637542725,0.3743320050693697,0.671876592295511,0.9998499751091003,60.02439900441935,0
792,0.49285486198606987,0.6374193770544874,0.9997619390487671,0.4564933578173323,0.6710035148121067,0.9997301697731018,0.4120185531321029,0.6608036103702732,0.9996988773345947,0.37508860372361713,0.6681396762530014,0.9998557567596436,60.02439900441935,0
793,0.49345684619176994,0.6378006622904828,0.999764084815979,0.45722424274399204,0.6664847362609142,0.9996974468231201,0.4137360595521476,0.6603501382328221,0.9997010231018066,0.37618669583683956,0.6656168500582382,0.9998553991317749,60.02439900441935,0
794,0.4944169138159075,0.6382923779033485,0.9997704029083252,0.45769296515555646,0.6634537662778587,0.9996916055679321,0.415242243380774,0.6600635335558942,0.9997084140777588,0.3774850155626027,0.6640800549870451,0.9998607635498047,60.02439900441935,0
795,0.49536279269627204,0.6385839836938045,0.9997797608375549,0.4583315920262113,0.6631028112911048,0.9996980428695679,0.41634982966241413,0.6592622683161786,0.9997208714485168,0.3786838835194001,0.663247928732918,0.9998683333396912,60.02439900441935,0
796,0.49608086120514683,0.6386454985255292,0.9997887015342712,0.45886820980480775,0.6641948932693124,0.9996979236602783,0.4168526260625752,0.658184238842556,0.9997266530990601,0.37943730893589234,0.6628646481604809,0.9998738169670105,60.02439900441935,0
797,0.4965661962827051,0.6385344579106291,0.9997937083244324,0.45967478127706657,0.6645186344782517,0.9997100234031677,0.4168713589509332,0.6571290180796674,0.9997352361679077,0.37986182456924833,0.6622290469351275,0.9998819231987,60.02439900441935,0
798,0.49669463861556323,0.6385264652115963,0.9998008608818054,0.4607948916299006,0.6639336972009573,0.999723494052887,0.41666373610496554,0.6555935144424444,0.9997493028640747,0.3799544799895517,0.6607050157728654,0.9998906850814819,60.02439900441935,0
799,0.4968765534105759,0.6386340743019472,0.9998089671134949,0.46206754729861343,0.6629791571980437,0.9997413158416748,0.4164781130495529,0.6543632972808117,0.9997642636299133,0.38026968638102243,0.6589300916308454,0.9998995065689087,60.02439900441935,0
800,0.49726308101699507,0.6389255268233167,0.9998012781143188,0.46283573621795326,0.6619358318192623,0.9997339844703674,0.41648467807542744,0.6527706214359834,0.9997519850730896,0.38116912756647414,0.6572762585821611,0.9998947978019714,60.02439900441935,0
801,0.4976924501714256,0.6380860266231361,0.9997720122337341,0.46311680759702445,0.6609420237087074,0.9997081756591797,0.41650469104448984,0.6502081978888744,0.999714732170105,0.3824135476634619,0.655304576669421,0.9998687505722046,60.02439900441935,0
802,0.49812585541180243,0.6363111308642802,0.9997559785842896,0.4629888335863753,0.6599798457963131,0.9996858239173889,0.4167509958857585,0.6474415262540186,0.9996722340583801,0.3837190369764967,0.6536242933500387,0.9998469948768616,60.02439900441935,0
803,0.49841607894216305,0.634467584746225,0.9997392296791077,0.46315953561237916,0.6590117443175548,0.9996659755706787,0.4169481368291949,0.6447866445495974,0.9996506571769714,0.38486691599800504,0.6519167820612595,0.9998376369476318,60.02439900441935,0
804,0.49873526749156805,0.6324459825243274,0.9997336864471436,0.46369486479532185,0.6571160469736377,0.9996649622917175,0.417672001180195,0.6424869554383419,0.9996329545974731,0.38565626314708196,0.649596838724046,0.9998344779014587,60.02439900441935,0
805,0.4994961789676125,0.6309055941445492,0.9997113347053528,0.46422711156663476,0.6554652707917354,0.9996350407600403,0.4187728010472801,0.6409005891709105,0.9995535612106323,0.3862172265847527,0.6469694773356125,0.99978107213974,60.02439900441935,0
806,0.5004008426552731,0.6298564871152248,0.9996992945671082,0.4650473892688755,0.6539427382605422,0.9996160268783569,0.41990246375401846,0.639579920541673,0.9994921088218689,0.38702215467180556,0.6446017509415041,0.9997360110282898,60.02439900441935,0
807,0.5013381952331184,0.628063525472369,0.9996859431266785,0.46598242861884015,0.6520423804010669,0.9996061325073242,0.42097874908220234,0.6378322953269601,0.9994790554046631,0.38815519355592304,0.6421791201546083,0.9997331500053406,60.02439900441935,0
808,0.5020685791969304,0.6264002067702162,0.9996543526649475,0.46690400441487667,0.6500334995133541,0.9996107220649719,0.421920017117546,0.636238813400269,0.9993958473205566,0.3893701320602784,0.6400641600290939,0.9996962547302246,60.02439900441935,0
809,0.502167207854135,0.6253048919496087,0.9996422529220581,0.4676934948989327,0.6484134140468785,0.9996218681335449,0.4223672194140301,0.6347249859855293,0.9993380904197693,0.3902086913585666,0.6386805687631885,0.9996721744537354,60.02439900441935,0
810,0.5022254302388149,0.6241910485994253,0.9996286630630493,0.46868786925361305,0.6468479321116498,0.9996320605278015,0.4230251894110728,0.6330151075408577,0.9992688894271851,0.3908661107222242,0.6377092770167765,0.9996506571769714,60.02439900441935,0
811,0.5024816961515521,0.6229359876541869,0.9996402263641357,0.4700244225206833,0.6461222285316109,0.9996631741523743,0.42366497715314266,0.6306305215472272,0.9993031024932861,0.3913758212611792,0.6364777882893886,0.999675989151001,60.02439900441935,0
812,0.5026528835296635,0.6216381192207341,0.9996588230133057,0.4721306236017322,0.6458749998183483,0.999691903591156,0.4239780150708702,0.6280891866911031,0.999332845211029,0.39181026958283954,0.6349320468448463,0.9996989369392395,60.02439900441935,0
813,0.502863290764037,0.6205357540221447,0.9996677041053772,0.4741806842031937,0.6451471760159453,0.9997174739837646,0.4247639718509859,0.6257342298825588,0.9993631839752197,0.39225393675622516,0.6324178093955636,0.9997192025184631,60.02439900441935,0
814,0.5031784403891795,0.6190360983212794,0.9996868371963501,0.47527769207954446,0.6444819995335176,0.9997422099113464,0.42551009853680966,0.6241706666492286,0.9993900060653687,0.3925731607845855,0.630225933733441,0.999740481376648,60.02439900441935,0
815,0.5035258077439811,0.6168091325532827,0.999705970287323,0.47528310474895336,0.6439307530721033,0.9997650384902954,0.4264084228447509,0.6237544985044575,0.9994165897369385,0.39263103121802956,0.6293166592007596,0.9997603297233582,60.02439900441935,0
816,0.5039197887693136,0.6143701587404529,0.999725341796875,0.474774865877061,0.6434077393440978,0.9997853636741638,0.427236161061696,0.6232023295902076,0.9994383454322815,0.3926558877740591,0.6290781753403805,0.9997761249542236,60.02439900441935,0
817,0.5042592145147782,0.6125045447122488,0.9997378587722778,0.4741640019984476,0.6424637834231064,0.9998027086257935,0.4285256011145459,0.6224164451871604,0.9994398951530457,0.39283620743524494,0.6286398229144874,0.9997883439064026,60.02439900441935,0
818,0.5046141999108454,0.6110622740927202,0.9997393488883972,0.47394627332687417,0.6412143309911097,0.9998165965080261,0.42944776302292265,0.6210741883232485,0.9994294047355652,0.3930161964325681,0.6274546356428242,0.999798059463501,60.02439900441935,0
819,0.5052326321601872,0.6105333623431983,0.9997276067733765,0.474112397148496,0.6397679192679274,0.9998270869255066,0.4308281654403327,0.6196210696583708,0.9994125962257385,0.39345077957425834,0.625920917306628,0.9998073577880859,60.02439900441935,0
820,0.5062367092995421,0.609621107578278,0.9997383952140808,0.4746507094019939,0.6388529028211327,0.9998400807380676,0.4317708327656704,0.6181178830918816,0.9994186758995056,0.39393235388256287,0.6247510682968871,0.9998180270195007,60.02439900441935,0
821,0.507513122899192,0.6082492186909635,0.9997345209121704,0.4752902686595921,0.6382298015412835,0.9998503923416138,0.432303851559049,0.6169452638853169,0.9994195699691772,0.39439793853532734,0.6240035295486455,0.9998283386230469,60.02439900441935,0
822,0.5086778998374943,0.6069319361732124,0.9997402429580688,0.47603796919186947,0.638401017302559,0.9998615384101868,0.43213819180216145,0.6158088644345607,0.9994305372238159,0.39475785124869606,0.6236665674618317,0.9998391270637512,60.02439900441935,0
823,0.5094133672260107,0.6063177500452319,0.9997520446777344,0.4766003830092298,0.6386121568225684,0.9998729228973389,0.43201724120548823,0.6149386252675743,0.9994492530822754,0.39503508096649564,0.6235827746845432,0.9998513460159302,60.02439900441935,0
824,0.5098234755652296,0.6052220946266542,0.9997608065605164,0.477119183256513,0.6386876106262213,0.9998828172683716,0.43145070757184745,0.6134774628139683,0.9994735717773438,0.39529163496834924,0.6230574051539108,0.9998623728752136,60.02439900441935,0
825,0.5102839413143343,0.6042861370813284,0.9997596740722656,0.4777331664448697,0.6386840967904959,0.9998903870582581,0.4313464320841293,0.6122012677646824,0.9994866847991943,0.3957411746184034,0.6225795263335823,0.9998705983161926,60.02439900441935,0
826,0.5107718422299343,0.6035435426802866,0.9997536540031433,0.47852370284852563,0.6388026561055871,0.9998974800109863,0.4314056194963913,0.6109424829483037,0.9994861483573914,0.3961973261265531,0.6220311494100665,0.9998760223388672,60.02439900441935,0
827,0.5112463377770928,0.6031424431573782,0.9997509121894836,0.47916444994154467,0.639066426526933,0.999903678894043,0.43171797621817853,0.6099190428143461,0.9994928240776062,0.3966670206614906,0.6215414745467055,0.9998834133148193,60.02439900441935,0
828,0.5117403013365613,0.6031440638360528,0.9997547268867493,0.480082411141623,0.6396916480291464,0.9999100565910339,0.4321029044332962,0.6096074779828395,0.9995111227035522,0.3971604307492578,0.6212164731252766,0.9998908638954163,60.02439900441935,0
829,0.5119948756127135,0.6034767003286458,0.9997491836547852,0.48123156030972836,0.6403195176805774,0.9999148845672607,0.43236735321226616,0.609792033831279,0.9995096921920776,0.39768562146595576,0.6211332451729552,0.9998945593833923,60.02439900441935,0
830,0.5121952295303349,0.6036549380847391,0.999744713306427,0.48239993339493203,0.6406630164101015,0.9999191164970398,0.4324757996059603,0.609605695520129,0.9995134472846985,0.3983043503193632,0.6210166925475715,0.9998989105224609,60.02439900441935,0
831,0.5125554544585096,0.603731030509586,0.9997283816337585,0.48345426718393997,0.6406277247837616,0.9999207854270935,0.4325905073256723,0.6094371846743998,0.999495267868042,0.3989573333944596,0.6207858153751924,0.9999001622200012,60.02439900441935,0
832,0.5129841424169999,0.6038034898894179,0.999705970287323,0.48432753199622786,0.6403845718928751,0.9999207854270935,0.43271158138910965,0.6091023229417352,0.9994552135467529,0.39948708528564125,0.6205219512894045,0.9998993277549744,60.02439900441935,0
833,0.5133406065759208,0.6037760632378719,0.9996867775917053,0.48484458809807224,0.6395510718936017,0.999921977519989,0.43296596407890353,0.608701246125358,0.9994337558746338,0.39995522868065636,0.6200815637906397,0.9999017119407654,60.02439900441935,0
834,0.5136485014642993,0.6037543785004393,0.9996533989906311,0.48562630727177614,0.6387363956088117,0.9999223351478577,0.4332973034608935,0.6083691517512009,0.9993736147880554,0.40045291611126527,0.6195648482867655,0.9999002814292908,60.02439900441935,0
835,0.5138887025061112,0.6038717258544201,0.999625027179718,0.4867791448320665,0.6381803013029558,0.9999216794967651,0.43363738343829233,0.6082947396096734,0.999284029006958,0.4010511509009773,0.619363129138947,0.9998909831047058,60.02439900441935,0
836,0.5142333677836831,0.6041081831568769,0.9996079802513123,0.48764909732909467,0.6380223262877696,0.9999234080314636,0.43381433401789016,0.6083216667175297,0.9992622137069702,0.40147301980427363,0.6200374222937088,0.9998906850814819,60.02439900441935,0
837,0.5146272210847768,0.6037856170109346,0.9995974898338318,0.48878983230817924,0.6382673013777965,0.9999244809150696,0.43342313880012184,0.6077382365862534,0.9992117285728455,0.40196672649610643,0.6211554464839759,0.9998811483383179,60.02439900441935,0
838,0.5150707307316011,0.60256743714923,0.9995957612991333,0.49006592233975765,0.6388461107299446,0.9999253153800964,0.4326176160857794,0.6066726616450724,0.9991601705551147,0.40244259295009466,0.6223726159050356,0.9998673796653748,60.02439900441935,0
839,0.5154142209461761,0.60093352056685,0.9995787739753723,0.4912576774756118,0.6389185729480931,0.9999216198921204,0.43190923616999705,0.6055417656898503,0.999078631401062,0.4029272042569663,0.6230846132550927,0.9998457431793213,60.02439900441935,0
840,0.5155661531857085,0.5999759861401152,0.9995909929275513,0.4925626048019956,0.6387772432395393,0.9999246001243591,0.4316680154630119,0.6049498234476364,0.9991081357002258,0.40334161690303283,0.6235672533512118,0.9998491406440735,60.02439900441935,0
841,0.5155745233808249,0.5991773945944653,0.9995747208595276,0.4939624283994949,0.6384050888674603,0.999921977519989,0.4316969088145668,0.6045744035925185,0.999056875705719,0.40373093741280724,0.6237459949084693,0.9998367428779602,60.02439900441935,0
842,0.5154393315315252,0.5985377459299001,0.99955153465271,0.49545714826810944,0.6378021098318558,0.9999198317527771,0.43199591622466155,0.6044155061244965,0.9989982843399048,0.4040951657862895,0.6236208379268646,0.9998249411582947,60.02439900441935,0
