frame_id,left_shoulder_x,left_shoulder_y,left_shoulder_visibility,right_shoulder_x,right_shoulder_y,right_shoulder_visibility,left_hip_x,left_hip_y,left_hip_visibility,right_hip_x,right_hip_y,right_hip_visibility,fps,low_visibility
0,0.5326208713508792,0.5740148637975967,0.999657392501831,0.5396400732653482,0.6073936649731229,0.9999402761459351,0.4551614175240202,0.6469381792204726,0.9987745881080627,0.4527427192245214,0.6699701377323699,0.9990074038505554,60.02571366281143,0
1,0.5328988347734728,0.574448129960469,0.9996674060821533,0.5391764129911152,0.6078733461243767,0.9999431371688843,0.4560004813330517,0.645764861788069,0.998848021030426,0.4514799139329369,0.6690560621874676,0.9990718960762024,60.02571366281143,0
2,0.5331200914723536,0.5749582648277285,0.999677836894989,0.5388201091970718,0.6082753964832852,0.9999454617500305,0.4565956571272444,0.6450564009802687,0.9989039897918701,0.4505477164472856,0.6683913597038817,0.9991253018379211,60.02571366281143,0
3,0.5332846414475219,0.5755452683993753,0.9996917247772217,0.5385711618832184,0.6085998160498488,0.9999480843544006,0.4569469449065984,0.6448127967970717,0.9989730715751648,0.44994612676756757,0.6679760302816125,0.9991843104362488,60.02571366281143,0
4,0.5333479415802733,0.5764265656471257,0.9997020363807678,0.5384536101704556,0.608913586253212,0.9999499917030334,0.4568194264457343,0.6452690192631318,0.999025285243988,0.4498357034864884,0.6678324256624499,0.9992333650588989,60.02571366281143,0
5,0.5334065811974666,0.5771247375579112,0.9997088313102722,0.5384051459176205,0.6090606536184043,0.9999517202377319,0.45678955742291083,0.6458572716940023,0.999054491519928,0.44988625674020716,0.6679350080944249,0.9992645978927612,60.02571366281143,0
6,0.5335898087138226,0.5774853967484979,0.9997146725654602,0.5384601042384197,0.6090529163678491,0.9999529719352722,0.4567974337509704,0.6464269842420312,0.9990883469581604,0.44991753498713216,0.6681005756060288,0.9992901086807251,60.02571366281143,0
7,0.5337950502123157,0.5775069367317931,0.9997190237045288,0.5385992328325911,0.6091610789299016,0.9999542236328125,0.45660902772630996,0.6466906212625054,0.9991198182106018,0.44991692900657687,0.6682462777410241,0.9993125796318054,60.02571366281143,0
8,0.5339925317537222,0.5774310373124627,0.999721348285675,0.5387450570151924,0.6094437184787938,0.9999542832374573,0.4563289753028329,0.6468109715552561,0.9991565346717834,0.44989382936841005,0.66845566885812,0.9993355870246887,60.02571366281143,0
9,0.5341035212789268,0.5774849710010351,0.9997247457504272,0.5388424680346539,0.6097748762085329,0.9999547004699707,0.45607472743306876,0.6469946901003525,0.9991804361343384,0.44983814585776594,0.6686968803405767,0.999348521232605,60.02571366281143,0
10,0.5341221321196787,0.577848403226762,0.9997311234474182,0.5389303337960021,0.6100989580154423,0.9999555945396423,0.455884341682707,0.6474971004894807,0.9992077350616455,0.44978535884902626,0.6690193045706981,0.999367356300354,60.02571366281143,0
11,0.5341260461580191,0.5784673406964261,0.9997382164001465,0.5390262660526098,0.6101889241309397,0.9999569058418274,0.45572442525909096,0.6480155530430027,0.9992315769195557,0.4497310930774329,0.6690087431953072,0.9993898868560791,60.02571366281143,0
12,0.5341564246586396,0.5791639430182325,0.9997370839118958,0.5391354277020414,0.6100910022145231,0.9999563694000244,0.4555546442667647,0.6483672204471775,0.9992554783821106,0.44968529968034693,0.6687643613134118,0.9993999600410461,60.02571366281143,0
13,0.5342155808494209,0.5797174913542615,0.9997342824935913,0.5392935616629468,0.6100366229102729,0.9999548196792603,0.45527502752485766,0.6482482893126357,0.9992619752883911,0.4496779810814634,0.6684187366848906,0.9993866086006165,60.02571366281143,0
14,0.5342957036835811,0.5799074002674652,0.9997355341911316,0.5394238744463243,0.6101583242416386,0.9999539256095886,0.455066956224896,0.6478625138600673,0.9992811679840088,0.44965012158666373,0.6681338946024582,0.9993980526924133,60.02571366281143,0
15,0.5343662642297294,0.5799962424096612,0.999741792678833,0.5395194689432784,0.6104008186431162,0.999954342842102,0.4549941420555118,0.6473077564012442,0.9993178844451904,0.449610592353912,0.667962409201123,0.9994300007820129,60.02571366281143,0
16,0.5344095996447976,0.5802050403186259,0.9997449517250061,0.5395773791131524,0.6105790081478306,0.999954342842102,0.45505335217430515,0.647067492916471,0.9993457198143005,0.4496033418746226,0.6680088667642508,0.9994503855705261,60.02571366281143,0
17,0.5343867426826845,0.5804907111894522,0.9997405409812927,0.5396081464631222,0.6104098700341729,0.9999533891677856,0.45509585880097925,0.6471048252923153,0.9993500113487244,0.4496551141852428,0.667922110784622,0.9994490742683411,60.02571366281143,0
18,0.534423620927902,0.5807903267088395,0.9997367262840271,0.5396147114889966,0.6099748072170081,0.9999524354934692,0.45521731461797477,0.647404239291237,0.9993557333946228,0.449730570827212,0.6677696875163492,0.9994421005249023,60.02571366281143,0
19,0.5344809322130116,0.5809508136340554,0.9997382164001465,0.5396238139697488,0.609627456892105,0.9999524354934692,0.4552516298634669,0.6479397643180126,0.9993717074394226,0.4498219092686975,0.6678990863618403,0.999447226524353,60.02571366281143,0
20,0.5345299811590289,0.5810998621441074,0.9997353553771973,0.5396187362216772,0.6094010472297673,0.9999516010284424,0.45518505289441097,0.6487568049203787,0.9993639588356018,0.4500043477330893,0.6683134237925217,0.9994335770606995,60.02571366281143,0
21,0.5345658830233987,0.5813869720413576,0.9997274875640869,0.5396229511215578,0.6094134308042984,0.9999501705169678,0.4551126020295283,0.6495580985432585,0.9993389844894409,0.4502036585694271,0.6689875012352359,0.9994033575057983,60.02571366281143,0
22,0.5346025001435057,0.5817552804946904,0.9997128844261169,0.5396543968291514,0.609476560638065,0.9999472498893738,0.4550866513025197,0.6502204423859012,0.9992890954017639,0.4503781185263682,0.66963370357241,0.9993495941162109,60.02571366281143,0
23,0.5346500220752902,0.582035777114687,0.9997129440307617,0.5397241512934371,0.609672830218361,0.9999476671218872,0.455095096713021,0.6505277241979333,0.9992895126342773,0.45060047081538646,0.6701454463459202,0.999353289604187,60.02571366281143,0
24,0.5347295999526982,0.5822831420671377,0.9997121095657349,0.5397320332981296,0.6099063555399582,0.999947190284729,0.4553514676434657,0.6504936644009187,0.9992852210998535,0.45076819970494264,0.6703373364039835,0.9993468523025513,60.02571366281143,0
25,0.5348323015939627,0.5819560857046222,0.9997128248214722,0.5396878634180347,0.6102267305056259,0.9999467134475708,0.4557297854196461,0.6503244184312371,0.999294102191925,0.45093145966529885,0.6705411871274318,0.9993623495101929,60.02571366281143,0
26,0.5349752250171846,0.581158694766817,0.9997095465660095,0.5396089326767699,0.610625301088606,0.9999456405639648,0.456069519122442,0.6501617545173287,0.999284029006958,0.45114291991506345,0.6707352797190353,0.9993624687194824,60.02571366281143,0
27,0.5352047908873789,0.5798282935505826,0.9997142553329468,0.5395286991482693,0.6110984796569466,0.999946117401123,0.4563799571423307,0.6495836235228045,0.9993073344230652,0.45128448378472136,0.6709474410329552,0.9993870258331299,60.02571366281143,0
28,0.5355699488094879,0.5780552994637267,0.9997207522392273,0.5394997284525921,0.6116109149796627,0.9999471306800842,0.45656124466941506,0.6485163115319756,0.999334990978241,0.4513516653151743,0.6710377278782078,0.99941486120224,60.02571366281143,0
29,0.5359747807184859,0.5764636596043908,0.999726414680481,0.5395370778583349,0.6122446344012311,0.9999479055404663,0.4565945963064833,0.6473846719378522,0.9993622303009033,0.4514264790784749,0.6711575218609407,0.9994431734085083,60.02571366281143,0
30,0.5362501286325004,0.5756005446116135,0.9997333884239197,0.5395469495228363,0.6126927534739182,0.9999492168426514,0.45651742390223954,0.6465233394077852,0.9993841052055359,0.4514957368373875,0.671204220680964,0.9994694590568542,60.02571366281143,0
31,0.5363951353799733,0.5746822101729261,0.999737560749054,0.5395388432911469,0.6129796192759565,0.9999500513076782,0.4564602006049387,0.6459450863656548,0.9993930459022522,0.4515986343224847,0.6712505249750051,0.9994833469390869,60.02571366281143,0
32,0.536476348127638,0.5737650791804,0.9997419118881226,0.5395311003639589,0.6131368307840261,0.9999509453773499,0.4563707737695607,0.6455393717402509,0.9994053840637207,0.4516843202568239,0.6712438804762709,0.9994964003562927,60.02571366281143,0
33,0.5365437212444492,0.5730050433249705,0.9997501373291016,0.53947716383707,0.6132937073707585,0.9999523758888245,0.4562842306636632,0.6451966592243745,0.9994350671768188,0.4516987105210626,0.6712220055716385,0.9995249509811401,60.02571366281143,0
34,0.5366821402595161,0.5721466881888257,0.9997570514678955,0.5394183198610946,0.6135630522455493,0.9999535083770752,0.4562504504408159,0.6445624828338627,0.9994537830352783,0.45169273728416115,0.6711574367114481,0.9995468854904175,60.02571366281143,0
35,0.5368371804555262,0.5714821276210608,0.9997622966766357,0.5393468028023134,0.6139493272418073,0.9999541640281677,0.45629204738707807,0.6437102016948524,0.9994686841964722,0.45165994479542726,0.6709036202657797,0.9995641708374023,60.02571366281143,0
36,0.5369446107319427,0.5711985684576493,0.9997663497924805,0.5392888812791737,0.6143012330645612,0.999954104423523,0.45632780307815224,0.642909277053107,0.9994766712188721,0.4516823462077553,0.670492998191289,0.9995778799057007,60.02571366281143,0
37,0.5369864758991064,0.5708537328810923,0.9997724890708923,0.5392288423719864,0.6145279748099196,0.9999550580978394,0.456332780065991,0.6422528113637658,0.9994869232177734,0.4517080159414386,0.6700612022763212,0.9995927810668945,60.02571366281143,0
38,0.5370121484711061,0.5706357047671369,0.9997779130935669,0.539187644209181,0.6146107457932977,0.9999560117721558,0.4563973730518708,0.6418307934488574,0.9994960427284241,0.4517341369674323,0.6697152143432986,0.9996086955070496,60.02571366281143,0
39,0.5370305549530761,0.5707715664591113,0.9997825622558594,0.5391350757508055,0.6146334438096914,0.999957263469696,0.4564432445026583,0.641945688497453,0.9994924664497375,0.45174844066302017,0.669599436578297,0.9996111989021301,60.02571366281143,0
40,0.5370675495692666,0.5708379035904299,0.9997827410697937,0.5390992306527642,0.6146786212921147,0.999957263469696,0.4566042919953668,0.6420390634309683,0.999484658241272,0.45176632347561096,0.669474772044591,0.9996094703674316,60.02571366281143,0
41,0.5371041241146274,0.5707558194796248,0.9997837543487549,0.5390823994364062,0.6144225200017298,0.9999574422836304,0.45681696988287457,0.6419575015703842,0.9994725584983826,0.45176577142306773,0.668992303666615,0.999602735042572,60.02571366281143,0
42,0.537134204592024,0.5707253586678283,0.9997837543487549,0.5390862311635702,0.6139390213148939,0.9999573230743408,0.45701336576825136,0.6418354454494664,0.9994624257087708,0.4517956688290554,0.6683654614857271,0.9995924830436707,60.02571366281143,0
43,0.5371501672835581,0.570510932377407,0.9997807145118713,0.5390800067356659,0.6133472607249311,0.999957263469696,0.45710731971831586,0.6417302489280706,0.9994423985481262,0.45182506385303717,0.66781348841531,0.9995702505111694,60.02571366281143,0
44,0.5371544673329312,0.5701813839730767,0.9997729659080505,0.5390771286828182,0.6128323248454508,0.9999560117721558,0.45715906790324656,0.6416896780331935,0.999396562576294,0.4519359128815791,0.6675137650398987,0.9995396137237549,60.02571366281143,0
45,0.537170685472943,0.5699444640250437,0.9997746348381042,0.5390832651229136,0.6125074284417293,0.9999567270278931,0.45712472711290675,0.641807391529992,0.9993839263916016,0.452106431836174,0.6675222260611403,0.9995374083518982,60.02571366281143,0
46,0.5371706883112594,0.5700037394251147,0.9997775554656982,0.5390185571852188,0.6125167665027441,0.9999575018882751,0.45714590237254227,0.6418995431491312,0.9993767142295837,0.4522845248381301,0.6675734378042681,0.999536395072937,60.02571366281143,0
47,0.5371393788428538,0.5703608393669133,0.99978107213974,0.5389027169772561,0.6125856694721046,0.9999582767486572,0.45713162280264386,0.6420034681047717,0.9993783235549927,0.4524093383834479,0.6675077279408779,0.9995425343513489,60.02571366281143,0
48,0.5371245486395704,0.5708619384538565,0.9997840523719788,0.5387453749066311,0.6127873119853797,0.9999586343765259,0.4571591473761063,0.6419949701854166,0.9993783831596375,0.45243069245701784,0.6674642562866216,0.9995426535606384,60.02571366281143,0
49,0.5370548622948788,0.5711562974112379,0.9997885823249817,0.538643910771325,0.6128908424150381,0.9999593496322632,0.4569781692255115,0.6419422229131069,0.9993884563446045,0.452421001025609,0.6674481460026338,0.999552845954895,60.02571366281143,0
50,0.536953849451883,0.5711033741633103,0.9997955560684204,0.5386350779306326,0.6128200661568419,0.9999604821205139,0.456675809054148,0.641851093087878,0.9994106292724609,0.45252010084333916,0.6674644947052008,0.9995717406272888,60.02571366281143,0
51,0.5368376459394186,0.5709850078537355,0.9998014569282532,0.5387115790730436,0.6124175701822558,0.9999616742134094,0.45641578379131537,0.6418695563361764,0.9994292855262756,0.4526800016562148,0.6675047931217017,0.9995865225791931,60.02571366281143,0
52,0.5367637390182136,0.5709051887194321,0.999803900718689,0.5387686803227383,0.6118932678585965,0.9999622106552124,0.4562720273222246,0.6418691987083077,0.9994354844093323,0.4528673645995916,0.6674894945962094,0.9995932579040527,60.02571366281143,0
53,0.5367658535639449,0.5702711854662219,0.9998040199279785,0.5387875608035502,0.6119991058395027,0.9999621510505676,0.4562308135486788,0.6416493994849074,0.9994359612464905,0.45308906975246643,0.6674655079841619,0.9995958209037781,60.02571366281143,0
54,0.5368652655964811,0.5691468403452924,0.9998105764389038,0.5387809049515502,0.6127136122612731,0.9999632239341736,0.4563707638354532,0.641211799212865,0.9994618892669678,0.4533955128419971,0.6677034241812576,0.9996157884597778,60.02571366281143,0
55,0.5369717450368976,0.5680116840771271,0.9998194575309753,0.5387936489922664,0.6138725592976529,0.9999648332595825,0.4563822732085277,0.640631863049099,0.9994982481002808,0.4537303078742258,0.6681628227233891,0.9996432662010193,60.02571366281143,0
56,0.5370662666502457,0.5668144793737506,0.9998264908790588,0.5388038669313707,0.6151033242543543,0.9999662637710571,0.45634432491802074,0.6400606575466343,0.9995267987251282,0.4540553121339711,0.6688410157249093,0.9996665120124817,60.02571366281143,0
57,0.5371543481236416,0.5660849071684342,0.9998316764831543,0.5388546926634656,0.6160525963419965,0.9999673366546631,0.45628736558414673,0.6397275385402503,0.9995567202568054,0.45431851914950816,0.6695450317291991,0.9996891617774963,60.02571366281143,0
58,0.537298767339616,0.5657344971384326,0.9998365640640259,0.5389507129078823,0.6165774805205214,0.9999683499336243,0.4562519760358905,0.6395699239912492,0.9995802640914917,0.4544802748021629,0.6700842692738493,0.999708354473114,60.02571366281143,0
59,0.5374730172611423,0.5656370123227442,0.9998400807380676,0.5390845480419345,0.6169274080367321,0.999968945980072,0.4562702377637231,0.6394505387260805,0.9996005892753601,0.45455395323889636,0.6703557372093205,0.9997248649597168,60.02571366281143,0
60,0.5376214952695941,0.5657896144049512,0.9998438954353333,0.5392406015169058,0.6172415926342923,0.9999698996543884,0.45627641110193196,0.6393823424975082,0.9996230006217957,0.45466159496988606,0.6705014592125307,0.9997424483299255,60.02571366281143,0
61,0.5377046210425245,0.5663512178829743,0.9998471736907959,0.5393811180478055,0.6175738913672316,0.9999706149101257,0.45611351586523546,0.639295671667372,0.9996415376663208,0.4547247191270196,0.6705355360394438,0.9997566938400269,60.02571366281143,0
62,0.537751592340924,0.5668156402451656,0.9998499155044556,0.5395065602802098,0.617874227818989,0.9999712109565735,0.4558370794568747,0.6393341734295805,0.9996652007102966,0.4547402546519329,0.670504904928662,0.9997735619544983,60.02571366281143,0
63,0.5377902019591563,0.5671309828758244,0.9998507499694824,0.5397040872346792,0.6180759753499717,0.9999711513519287,0.4554133968693873,0.6395516026587718,0.9996823072433472,0.45479671160380086,0.6704190941084005,0.9997850656509399,60.02571366281143,0
64,0.5378108393578307,0.5674701134363815,0.9998511075973511,0.5399599160466879,0.6178930714016874,0.9999707937240601,0.45501096759523707,0.6399933951241634,0.9997001886367798,0.454879062516349,0.6704040879294991,0.9997960329055786,60.02571366281143,0
65,0.5378458528291616,0.5681844694273817,0.9998452067375183,0.540242161069598,0.6172310369355343,0.9999692440032959,0.4547972508839202,0.6404783129692083,0.9997128844261169,0.45498132421856874,0.670198798179627,0.9998024702072144,60.02571366281143,0
66,0.5378241652534126,0.5696752837726052,0.9998430609703064,0.5404641401200072,0.6164827460334419,0.9999684691429138,0.4547580012253356,0.6410387555758164,0.999722421169281,0.45493415991465286,0.6699173195021498,0.9998072385787964,60.02571366281143,0
67,0.5377548081534254,0.5717563714299888,0.9998413324356079,0.5405889550844832,0.6155669433729994,0.9999673962593079,0.454847674994242,0.6415517699150817,0.9997332096099854,0.4546672162555516,0.669287956896283,0.9998106956481934,60.02571366281143,0
68,0.5376970682825365,0.5737111426535111,0.9998394250869751,0.5406083351089845,0.6148261768477308,0.9999663233757019,0.4550392457417083,0.6419561249869215,0.9997295141220093,0.45403383743195347,0.6683570827756615,0.9998069405555725,60.02571366281143,0
69,0.5376400465057014,0.575007870083764,0.9998354911804199,0.5405861110914325,0.6143047923133491,0.9999653100967407,0.45515821235520537,0.6422129812694737,0.9997225403785706,0.45333277327673815,0.6674869287581676,0.9998008012771606,60.02571366281143,0
70,0.537605220363254,0.575473444802421,0.999832808971405,0.5405672618321015,0.6140092355864394,0.9999647736549377,0.45516363212040534,0.642343055634272,0.9997109174728394,0.4527751448608584,0.6669704630261382,0.9997931718826294,60.02571366281143,0
71,0.5375751342092245,0.5752035975456242,0.9998312592506409,0.5405672135807223,0.6139398415883387,0.999964714050293,0.45509974161783895,0.6423101623853054,0.9996994137763977,0.4525349423998882,0.6667159398396816,0.9997879862785339,60.02571366281143,0
72,0.5375107668695001,0.5749639556521465,0.9998329281806946,0.540580618949164,0.6140147220520751,0.999965250492096,0.4549848905631478,0.6423199063255678,0.9997049570083618,0.45251649901980484,0.6668334404627487,0.9997938275337219,60.02571366281143,0
73,0.5374674484843304,0.5748093241737007,0.9998339414596558,0.5406052725655697,0.6140227374576392,0.999965488910675,0.45487914198920876,0.642321538357508,0.9997009634971619,0.45264933080900316,0.666916640031906,0.9997931718826294,60.02571366281143,0
74,0.537425489652725,0.5747415508542747,0.9998340010643005,0.5406829118728642,0.6139633087884817,0.9999658465385437,0.45479680668740086,0.6423053656305591,0.9997071623802185,0.45268424068178487,0.6669315553846819,0.9997968077659607,60.02571366281143,0
75,0.5374515595890231,0.574682113670168,0.9998360872268677,0.540774387972696,0.6138565313248412,0.9999665021896362,0.45477159534181905,0.6422673179989775,0.9997113943099976,0.45270989338556966,0.6669408906073803,0.9998001456260681,60.02571366281143,0
76,0.5375170792852134,0.5747538038662506,0.9998368620872498,0.5409137862069271,0.613743370487577,0.9999666810035706,0.4546422475860236,0.6422521982874194,0.9997162222862244,0.4527048042842324,0.666942505609422,0.9998027682304382,60.02571366281143,0
77,0.5375412361962458,0.574935844966344,0.9998330473899841,0.5410377269699465,0.6136374615487603,0.9999659061431885,0.45458468085243625,0.6422896583875026,0.9997096657752991,0.4526759286721551,0.6669128196580075,0.9997968077659607,60.02571366281143,0
78,0.5375372001102997,0.5751391422180907,0.9998300671577454,0.5411161411376231,0.6136080991654174,0.9999656677246094,0.4546382966495699,0.6423341489973527,0.9997040033340454,0.4526569857483822,0.6668955854007181,0.9997895956039429,60.02571366281143,0
79,0.5375325651395892,0.5752793266659696,0.9998307824134827,0.5411332874071035,0.6135315157118302,0.9999659657478333,0.4547539026964282,0.6423761532420209,0.9996969103813171,0.4526023197741739,0.6669834994134454,0.9997855424880981,60.02571366281143,0
80,0.5374753702254527,0.5752839928581606,0.9998295903205872,0.5411560677346734,0.6133673418135874,0.9999659061431885,0.45491440523238447,0.6423911622592386,0.9996954202651978,0.4525713878018519,0.6671594835463031,0.9997838139533997,60.02571366281143,0
81,0.5374476370357336,0.5752419886134925,0.9998307228088379,0.5411568539483211,0.613292603265672,0.9999666810035706,0.45508621420179135,0.6423780946504507,0.9996932744979858,0.45244334425245053,0.6674412716002697,0.9997830986976624,60.02571366281143,0
82,0.5373977479480566,0.575409503210159,0.9998262524604797,0.5411298615591871,0.613284343764896,0.9999661445617676,0.45512689437185055,0.6423860788345341,0.9996890425682068,0.4521919417948954,0.6677603381020688,0.999778151512146,60.02571366281143,0
83,0.5373303010350186,0.5756249143963773,0.999825656414032,0.5410341847510569,0.6133961819467095,0.9999662637710571,0.45505957518305135,0.6424137297130772,0.9996840357780457,0.4519081754343854,0.6680703021231158,0.9997748136520386,60.02571366281143,0
84,0.5372997068223504,0.5757936182476231,0.9998167753219604,0.5409086403392614,0.6136114767619547,0.9999643564224243,0.4549132159778054,0.6424737345604674,0.9996647834777832,0.45167948376564787,0.6683813191595538,0.9997609257698059,60.02571366281143,0
85,0.5372425857044406,0.5758178688230974,0.9998159408569336,0.5407916307449345,0.6137586576598036,0.9999644756317139,0.45462993780771926,0.6426041665531346,0.9996665120124817,0.4515124531019305,0.6690653874760588,0.9997642636299133,60.02571366281143,0
86,0.5371066956293019,0.5756837072826572,0.9998167753219604,0.540724132742201,0.6138206550053192,0.999964714050293,0.45425968794595667,0.6428304825510303,0.999674379825592,0.4515402430579779,0.6699868043263759,0.9997708797454834,60.02571366281143,0
87,0.5369943096524198,0.575574670519148,0.9998175501823425,0.5407455393246247,0.61384110507511,0.9999653697013855,0.4539881405376256,0.6430763630639944,0.9996852278709412,0.45160449118841295,0.6709024111429855,0.9997807741165161,60.02571366281143,0
88,0.5369421272050772,0.5755154575620383,0.9998147487640381,0.5407730284191317,0.6138066535904299,0.9999648928642273,0.453936474663871,0.643261557533628,0.999685525894165,0.45165236365227507,0.6715359205291391,0.9997814893722534,60.02571366281143,0
89,0.5369167157581878,0.5754721505301343,0.9998133778572083,0.540654335703169,0.6136681267193391,0.999964714050293,0.4540281409309027,0.6434916059176132,0.9996834397315979,0.45170942658469826,0.6717523790541156,0.999780535697937,60.02571366281143,0
90,0.5369718699228201,0.5754482632591615,0.99981290102005,0.5403652900741218,0.6137957317488538,0.9999648928642273,0.45430334692909646,0.6438503605978835,0.9996779561042786,0.45175509793417834,0.6717937787373867,0.9997796416282654,60.02571366281143,0
91,0.5369629774774829,0.5754416499819079,0.9998077750205994,0.5399788618087773,0.6141170405206231,0.9999640583992004,0.45459760654540327,0.6443211209206359,0.9996572732925415,0.45175172317595746,0.6719615062077846,0.9997698664665222,60.02571366281143,0
92,0.536865767978487,0.5754220457304096,0.9998039603233337,0.5395573434375586,0.6145991541090471,0.999963641166687,0.45480418772924547,0.6448768263771425,0.9996467232704163,0.4517995601608643,0.6722151920908979,0.9997653365135193,60.02571366281143,0
93,0.5367392443475273,0.5753854144187205,0.9997925162315369,0.5392046882992704,0.6149644482703441,0.9999605417251587,0.4549994993777506,0.6454455824125386,0.9996263384819031,0.4518788882664275,0.6724877243950258,0.9997469782829285,60.02571366281143,0
94,0.5366349475724361,0.5752953092257187,0.9997767210006714,0.539003187701816,0.6151020810717633,0.9999569654464722,0.4552121432054614,0.6458536272957216,0.9996005296707153,0.4520039700326469,0.672656553132194,0.9997251033782959,60.02571366281143,0
95,0.5365252693494165,0.5753832147234967,0.9997609853744507,0.5388415427435016,0.6148307578904293,0.999954342842102,0.45541455206416936,0.6461643576622014,0.9995529651641846,0.4521451720169616,0.6726706113134118,0.9996906518936157,60.02571366281143,0
96,0.5364432845796863,0.5756903858411885,0.9997467398643494,0.5386461871010921,0.6145751334372026,0.9999515414237976,0.45562748256183844,0.6466942826906845,0.9995202422142029,0.45216902238982104,0.6727104300544381,0.999659538269043,60.02571366281143,0
97,0.5362396609215514,0.5761810910134093,0.9997333884239197,0.5384333218847006,0.6143051556178507,0.9999483823776245,0.4557420341741475,0.6475097480274388,0.999478816986084,0.4520455087934225,0.6727331678072617,0.999613344669342,60.02571366281143,0
98,0.5359659109796802,0.5765996405056549,0.9997232556343079,0.5380735567637857,0.6141981397356311,0.9999465942382812,0.45573294872329384,0.6483439519291838,0.9994591474533081,0.45171673666863255,0.6727264409973513,0.9995909333229065,60.02571366281143,0
99,0.5356375489916125,0.576910135291872,0.9997110366821289,0.5375574401446754,0.6142126832689563,0.9999452233314514,0.4555897698515941,0.6489795503162208,0.9994166493415833,0.4512116838069193,0.6727193083081933,0.9995561242103577,60.02571366281143,0
100,0.5353251809165596,0.5771509891464601,0.99970543384552,0.5369908696129213,0.6144718471027562,0.999943733215332,0.4554957662309923,0.6493172106288734,0.9993886351585388,0.45073448902084745,0.6726822796322056,0.9995309114456177,60.02571366281143,0
101,0.5349244844345824,0.5777973646209358,0.9997007250785828,0.5364251448994595,0.6149298378399446,0.999941885471344,0.4555958693935761,0.6497612340109694,0.9993654489517212,0.45041736108916186,0.6728134893235711,0.9995117783546448,60.02571366281143,0
102,0.5344734816324147,0.5786966709863577,0.9996902346611023,0.535979344731286,0.6154253851799742,0.999939501285553,0.45580632062185417,0.6504985548201067,0.9993274211883545,0.4502443685418087,0.673051135880607,0.9994803071022034,60.02571366281143,0
103,0.533998134590331,0.5795631124859769,0.9996671676635742,0.5357160795302622,0.6158772820518135,0.9999352097511292,0.4559867069834758,0.6513851682345078,0.9992261528968811,0.4502519610382265,0.6735296618370787,0.9994032382965088,60.02571366281143,0
104,0.533656395616986,0.5800799585524063,0.9996528625488281,0.5355848897071116,0.6161937742006216,0.9999324083328247,0.4561391728264949,0.6520356166930431,0.9991732835769653,0.4502809374105366,0.6740424377577651,0.9993576407432556,60.02571366281143,0
105,0.5335180872962593,0.580198949291593,0.9996400475502014,0.535547236601512,0.6163262497811095,0.9999312162399292,0.45615317707970066,0.6523336541085021,0.9991319179534912,0.45026750791640546,0.6744681596755987,0.9993320107460022,60.02571366281143,0
106,0.5335736615317213,0.5800692552611946,0.9996387958526611,0.5355531942276732,0.6163415511449184,0.9999321699142456,0.4561858957722077,0.6524037264642266,0.9991333484649658,0.45026681962467413,0.6747582980564668,0.9993307590484619,60.02571366281143,0
107,0.533635931355613,0.580064387548538,0.9996216297149658,0.535548295293536,0.6162779586655758,0.9999300241470337,0.4563093497639614,0.652671941689083,0.9990696310997009,0.4502829469385605,0.6750055665061593,0.9992760419845581,60.02571366281143,0
108,0.5336458966845563,0.5800039058639894,0.9996122717857361,0.5355708655856909,0.6159890946887794,0.9999296069145203,0.4564021740640916,0.6529420585859395,0.9990230798721313,0.4502836451643993,0.6750525832176213,0.9992389678955078,60.02571366281143,0
109,0.533559464272999,0.5798917952037997,0.9996029734611511,0.5356304077875051,0.6154005669412164,0.9999287724494934,0.45642046275593023,0.6531513418470116,0.9989539384841919,0.450404817149753,0.6753333296094628,0.9991756677627563,60.02571366281143,0
110,0.5334098424230307,0.5797639460790729,0.9995971918106079,0.5357187191645308,0.6146832761310401,0.9999290108680725,0.45643228150549425,0.6532637249855773,0.9989347457885742,0.450603157281876,0.6757611916178754,0.9991615414619446,60.02571366281143,0
111,0.5332501388731461,0.5797150731086735,0.9995871186256409,0.5358068375360403,0.6139703052384518,0.9999287128448486,0.45629096031189004,0.6534385709535513,0.9988806247711182,0.4508466777347387,0.6763149301211044,0.9991289973258972,60.02571366281143,0
112,0.5331831404141022,0.579387295813788,0.9995877742767334,0.5358721755799798,0.6134524260248462,0.9999297857284546,0.45624026088487574,0.653443024272011,0.9988759160041809,0.45105619515691525,0.6768683592478439,0.9991300702095032,60.02571366281143,0
113,0.5332282895133613,0.5789106261162535,0.9995996952056885,0.5358825978778662,0.6132280798185444,0.9999329447746277,0.45624434522220103,0.6532378565697448,0.9989122748374939,0.4511463968526753,0.6772592692148123,0.9991655945777893,60.02571366281143,0
114,0.5333410359564286,0.5783599217732752,0.9996165633201599,0.5358712786719917,0.613198408058712,0.9999358654022217,0.45631358878953154,0.652826655478705,0.9989685416221619,0.45110057791074154,0.6772223881312784,0.9992115497589111,60.02571366281143,0
115,0.533433888639723,0.5779274418240506,0.9996325373649597,0.5359122611227494,0.6131480761936737,0.9999387860298157,0.45647687145641913,0.6524311871755697,0.9990202188491821,0.45105791659582267,0.6771079330217276,0.9992523193359375,60.02571366281143,0
116,0.5334888327689402,0.5777392273857485,0.9996455907821655,0.5359818282581514,0.6131406085831783,0.9999414086341858,0.45687313732646795,0.6521318299429762,0.9990634918212891,0.45100042082014574,0.6768925246738258,0.9992837905883789,60.02571366281143,0
117,0.533519878273919,0.577903372900827,0.9996554851531982,0.5360404394921806,0.6130903136162535,0.9999436140060425,0.45755052708444177,0.6520906771932335,0.9990900754928589,0.45099525224594883,0.6766841354824253,0.9993083477020264,60.02571366281143,0
118,0.5335982328369508,0.5778229037920638,0.999667227268219,0.5361123908133738,0.6130353780019855,0.9999456405639648,0.4583920098486405,0.6520864055270246,0.9991311430931091,0.4510059072857815,0.6765984410331368,0.9993423223495483,60.02571366281143,0
119,0.5337077407609854,0.577560975438073,0.9996719360351562,0.5361925335157489,0.6130060894148694,0.9999467134475708,0.45909632955278706,0.6521581099146894,0.9991530776023865,0.45098210374514297,0.6767082980700907,0.9993606805801392,60.02571366281143,0
120,0.5338020324707036,0.5771506201653258,0.9996752738952637,0.5362916134652641,0.6129752652985714,0.9999469518661499,0.4595538306803934,0.6523002698307951,0.9991816282272339,0.4510298172632857,0.677013808772678,0.9993823170661926,60.02571366281143,0
121,0.5338655994051983,0.5761772933460422,0.9996791481971741,0.5364837731633871,0.612898795377641,0.9999472498893738,0.4593967483157207,0.6525020542598912,0.9992132782936096,0.451271406241826,0.6779225695700879,0.9994049668312073,60.02571366281143,0
122,0.5338670242400401,0.575061338288444,0.9996823072433472,0.5367101430892949,0.6127448450951354,0.9999479055404663,0.4587176938851678,0.6527020760944917,0.9992365837097168,0.45163889158339765,0.6790483650707069,0.9994269609451294,60.02571366281143,0
123,0.5338404008320404,0.5741738733791174,0.9996862411499023,0.5369038610231314,0.6126696467399602,0.9999482035636902,0.4580041610059288,0.6527908756619414,0.9992580413818359,0.45203097377504653,0.6800214222499308,0.9994451999664307,60.02571366281143,0
124,0.5338108539581303,0.573614066555387,0.9996902942657471,0.5369941052936377,0.6129540857814613,0.9999487996101379,0.4573866810117453,0.6526777914592203,0.9992761015892029,0.45230999447050585,0.6806448442595352,0.9994574189186096,60.02571366281143,0
125,0.5338420981452583,0.5735653809138712,0.9997000694274902,0.5369803479739602,0.6136803995995299,0.9999505877494812,0.45712914495241114,0.65253667320524,0.9992969632148743,0.4523632639930365,0.6808558730852042,0.9994775652885437,60.02571366281143,0
126,0.5339467071351556,0.5738785806156345,0.9997052550315857,0.5368952978224986,0.6146477886608674,0.9999514818191528,0.45731393921942975,0.652404856114161,0.9993076324462891,0.45229654510815975,0.68089509010315,0.9994876384735107,60.02571366281143,0
127,0.534100623357864,0.5739062542007087,0.9997116327285767,0.5368322673298068,0.6156183310917451,0.9999526143074036,0.4575617923623044,0.6522438242321928,0.9993253350257874,0.45225230427015434,0.6813478356315981,0.9995042085647583,60.02571366281143,0
128,0.534241338570913,0.574102103710175,0.9997172355651855,0.5368108579090667,0.6161407544499357,0.9999534487724304,0.45766745294843436,0.6525266255651208,0.9993405938148499,0.45223115881284115,0.6820807967867175,0.999518096446991,60.02571366281143,0
129,0.5343353180658255,0.5743430001395093,0.9997197985649109,0.5368444351922903,0.6165977432614286,0.999954104423523,0.45801795664287787,0.6527572586422881,0.9993414878845215,0.4522218462966741,0.6831721975689848,0.9995229840278625,60.02571366281143,0
130,0.5343083597364884,0.5745466550191248,0.9997180700302124,0.5368640962101168,0.6170516099248617,0.9999532699584961,0.45791351369449107,0.6534545705431989,0.9993457198143005,0.45223964821724705,0.6842546434629537,0.9995244145393372,60.02571366281143,0
131,0.5341952755337673,0.5747778188614623,0.999727189540863,0.5368753217515496,0.6175490021705632,0.9999547004699707,0.45685975892203234,0.6545545004663018,0.9993782639503479,0.45228367192404645,0.6850730606487825,0.9995520710945129,60.02571366281143,0
132,0.5340386061441336,0.5752712942305069,0.9997330904006958,0.5368583741642184,0.6179399547122779,0.9999552965164185,0.45564812563714563,0.6555084330695021,0.999406099319458,0.45229956649598657,0.6854675837925508,0.9995706081390381,60.02571366281143,0
133,0.533942145960672,0.5760851786250165,0.9997353553771973,0.5368258981477652,0.6181845863660181,0.9999554753303528,0.45496145600364357,0.6559674172174368,0.9994162321090698,0.45230475068092385,0.6855192241214576,0.9995790123939514,60.02571366281143,0
134,0.5340355208941873,0.5771451762744364,0.9997286796569824,0.5367796676499508,0.61808664174307,0.9999536275863647,0.4553669208572028,0.6563132603963222,0.9994048476219177,0.45229942174184923,0.6853434897604449,0.9995631575584412,60.02571366281143,0
135,0.5343964298566186,0.5783854240462898,0.9997237324714661,0.5367419776462378,0.6181607955978035,0.9999522566795349,0.4571885636874611,0.6562690195583167,0.9994025826454163,0.4522850371542435,0.6852885541461768,0.9995535612106323,60.02571366281143,0
136,0.5348527743702847,0.5796843568483993,0.9997170567512512,0.536702502341498,0.6182898708752228,0.9999507069587708,0.459135662941706,0.6565351571355552,0.9993835091590881,0.45227391946883466,0.6852657369204935,0.9995322823524475,60.02571366281143,0
137,0.5353254732631506,0.5812993702434363,0.9997076988220215,0.5366178382010691,0.6185651080948971,0.9999496340751648,0.4604683376493912,0.6576365317617149,0.9993247985839844,0.45225355454853644,0.6851970383099153,0.9994895458221436,60.02571366281143,0
138,0.5356581324622749,0.5829861277625679,0.9997011423110962,0.5365713267099295,0.6189879122234531,0.9999484419822693,0.4611518709432515,0.6589785700752627,0.9992964863777161,0.452209218626931,0.6852979007221409,0.9994720220565796,60.02571366281143,0
139,0.5358208219210312,0.5843454826445811,0.9996899962425232,0.5366479328700479,0.6193984491484511,0.9999463558197021,0.4611626125517349,0.6600936878295176,0.9992780685424805,0.4522002481278923,0.6855841562861493,0.9994526505470276,60.02571366281143,0
140,0.5358778124763857,0.5848890883581983,0.9996823668479919,0.5368870667048867,0.6196093190284007,0.9999458193778992,0.460891588812783,0.6608035905020583,0.9992780089378357,0.45225416620572445,0.6859383923666823,0.9994522333145142,60.02571366281143,0
141,0.5359049212364928,0.5848178381011604,0.9996825456619263,0.5372517335982554,0.619827134268625,0.999945878982544,0.4604374070962274,0.6609217155547374,0.9992924332618713,0.4523587241059262,0.6861775432314197,0.9994604587554932,60.02571366281143,0
142,0.5358946181478959,0.5844123022896908,0.9996748566627502,0.5376191962332957,0.619940769104731,0.9999451637268066,0.45996968093372564,0.6606107581229442,0.9992796182632446,0.4524691644169039,0.6863179717745105,0.9994484186172485,60.02571366281143,0
143,0.5359056620370778,0.5842704659416567,0.9996737837791443,0.5378460742178421,0.6201808055241907,0.9999447464942932,0.45975075733094023,0.6607005142030267,0.9993059635162354,0.45255535415240733,0.6865709140187224,0.9994662404060364,60.02571366281143,0
144,0.5358878288950243,0.5842569385256091,0.999667227268219,0.538035611311595,0.6205686132113144,0.9999426007270813,0.45942169995535026,0.6609992072695783,0.9992997050285339,0.45269668669927726,0.6870690470650088,0.9994560480117798,60.02571366281143,0
145,0.5358747698011856,0.5840237509636657,0.9996675848960876,0.5382455615770254,0.6205410985719595,0.999942421913147,0.4588963077181865,0.6613123189835326,0.9993159770965576,0.452900737524033,0.6877769884609046,0.9994704723358154,60.02571366281143,0
146,0.5357130794298086,0.5836927692095444,0.9996676445007324,0.5384686816306345,0.6196659235727224,0.9999427795410156,0.4583890594187241,0.6615584918430879,0.9993264675140381,0.45312663203194065,0.6884248114767534,0.9994805455207825,60.02571366281143,0
147,0.5353945862679259,0.5832090576489771,0.9996760487556458,0.5386863549550378,0.6183634173302428,0.9999444484710693,0.45788305572101085,0.6616927640778683,0.9993619918823242,0.4534175651414058,0.6887600507055016,0.9995094537734985,60.02571366281143,0
148,0.5350125715846111,0.5826827968869894,0.9996724724769592,0.5389245095707125,0.6169683621043256,0.999945342540741,0.4576061069965366,0.6618480824288873,0.9993894696235657,0.45368935806410693,0.6889746813547049,0.9995319247245789,60.02571366281143,0
149,0.5346763871964959,0.582422418253763,0.9996582269668579,0.5391952707653958,0.6159636747269408,0.9999433159828186,0.4576540603524166,0.6623695407594958,0.9994033575057983,0.4539054930210117,0.6892797577948803,0.9995436668395996,60.02571366281143,0
150,0.5344658862976805,0.5820429183187944,0.9996552467346191,0.5395890644618448,0.6155554850896204,0.9999443292617798,0.45796229867708155,0.6631608208020534,0.9994301199913025,0.45411653178078826,0.6899273423921499,0.9995677471160889,60.02571366281143,0
151,0.5343686966668997,0.5814208218029572,0.9996399283409119,0.5399996184167413,0.6153530875841782,0.9999432563781738,0.45844878043447257,0.6639180949756083,0.999438464641571,0.4542750290461952,0.6907813435509097,0.999576985836029,60.02571366281143,0
152,0.5341984459332062,0.5808605182738537,0.9996392130851746,0.5402670133681529,0.6150803537595844,0.9999445676803589,0.4590681961604531,0.6644858632768909,0.9994589686393738,0.4543124579247978,0.6915442659741362,0.9995978474617004,60.02571366281143,0
153,0.533930673485711,0.5804743937083658,0.9996359944343567,0.5403912294478648,0.6149819266228453,0.9999459385871887,0.45957555231593944,0.6649553378423061,0.9994804859161377,0.45436727574893443,0.6921657096771971,0.9996181726455688,60.02571366281143,0
154,0.533655166625977,0.5801449446451101,0.9996325969696045,0.5404536411875774,0.614812518869128,0.9999467134475708,0.45986746748288515,0.6651077894937429,0.9995027184486389,0.4545065093608133,0.692532740888142,0.9996377229690552,60.02571366281143,0
155,0.5334547360738122,0.5798798572449462,0.9996211528778076,0.5405623316764836,0.6144880652427678,0.999946653842926,0.46001015106836995,0.6651717537925363,0.9995237588882446,0.4547946736926128,0.6925933871950427,0.999655544757843,60.02571366281143,0
156,0.533377553735461,0.5793120492072338,0.9996210336685181,0.5407488204184037,0.6140318967047197,0.9999474287033081,0.4601017137368524,0.6651698890186497,0.9995493292808533,0.45516223992620236,0.692709678695316,0.9996755719184875,60.02571366281143,0
157,0.5333632911954611,0.5786991091001606,0.9996135234832764,0.5409049987792973,0.6134892645336338,0.9999476671218872,0.4602950442404978,0.6650475405511408,0.9995630383491516,0.4555157423019413,0.6927259904997696,0.9996897578239441,60.02571366281143,0
158,0.533371400265467,0.578254532246363,0.9995967149734497,0.5409900432541261,0.6130703971499494,0.9999465346336365,0.46060140643801045,0.6648921398889456,0.9995690584182739,0.4558090439864571,0.6926908691724147,0.9996989369392395,60.02571366281143,0
159,0.5333689848581955,0.5781530879792718,0.999586284160614,0.5410147791817079,0.6129360142208286,0.9999467730522156,0.46089144973527857,0.6649466156959539,0.999579906463623,0.4560482814198452,0.6927071327254891,0.9997097253799438,60.02571366281143,0
160,0.5333718941325237,0.5782397474561423,0.9995620846748352,0.5411058181808113,0.612908956550417,0.999946117401123,0.46105806032816604,0.6650961722646447,0.9995700716972351,0.4562532007694248,0.6926567299025405,0.9997100830078125,60.02571366281143,0
161,0.5333490201405121,0.5783369853383024,0.9995327591896057,0.5413162452833997,0.6130071963582725,0.9999446272850037,0.46113171605836817,0.6654000083605454,0.9995601773262024,0.4564291863214406,0.6929092463992896,0.9997079968452454,60.02571366281143,0
162,0.533306479454041,0.5783901895795555,0.9995231628417969,0.5416820106052221,0.6131254207520263,0.9999447464942932,0.46113069426445774,0.6657560751551679,0.9995729923248291,0.45655730082875245,0.6934701317832589,0.9997169971466064,60.02571366281143,0
163,0.5332536896069848,0.5783920174553285,0.9995196461677551,0.5420959875697186,0.6132214580263415,0.9999454021453857,0.4610161540054143,0.66600270214535,0.9995829463005066,0.4567078593231387,0.6940841419356216,0.9997258186340332,60.02571366281143,0
164,0.5332044476554512,0.5783620221274245,0.9995251893997192,0.5424744657107766,0.6132886381376363,0.9999469518661499,0.46084264204615677,0.6661703473045717,0.9995889663696289,0.4569287541366762,0.6946745372953875,0.9997361302375793,60.02571366281143,0
165,0.5331784316471649,0.5782757742064344,0.9995276927947998,0.5427576019650417,0.6132806681451348,0.9999476075172424,0.4606819096065707,0.6662558572632932,0.9995983839035034,0.45725310984112005,0.6950026268050791,0.9997418522834778,60.02571366281143,0
166,0.533180952072144,0.5782244063559037,0.9995206594467163,0.5429902587618152,0.613237945806413,0.9999472498893738,0.46046126172656143,0.6662901668321524,0.999604344367981,0.4576082825660709,0.6950036656288879,0.9997451305389404,60.02571366281143,0
167,0.5331849796431409,0.5781855327742444,0.9995259642601013,0.5431372012410849,0.6132836199942096,0.9999479651451111,0.46026984140986527,0.6663635515031365,0.9996126890182495,0.4578670504547305,0.6949885998453418,0.9997506737709045,60.02571366281143,0
168,0.5332075669651943,0.5781029746645977,0.9995293021202087,0.5432699947130117,0.6134007998875214,0.9999486804008484,0.46018103332746635,0.6665559865179521,0.999618411064148,0.45805341005325356,0.6950059362820222,0.9997576475143433,60.02571366281143,0
169,0.5332436589967641,0.5781031761850635,0.9995284080505371,0.543366114298503,0.6135383787609288,0.9999488592147827,0.4601670702298486,0.6669322280656729,0.9996167421340942,0.4582140445709232,0.6949916198140105,0.9997622966766357,60.02571366281143,0
170,0.5333300403186257,0.578487200396402,0.9995198249816895,0.5434246630895709,0.6136990899131416,0.9999475479125977,0.46026313162985344,0.6676697106588461,0.999617874622345,0.45836155613263485,0.6950393233980456,0.999765157699585,60.02571366281143,0
171,0.5334339709508991,0.5790330568949386,0.9995027184486389,0.5434792552675525,0.6137649842670991,0.9999461770057678,0.46035566216423435,0.6686218579610195,0.99961256980896,0.4585380994138267,0.6951752872694112,0.9997614026069641,60.02571366281143,0
172,0.5335369933219187,0.580014478592646,0.9994864463806152,0.5435015190215342,0.6136833542869209,0.9999446272850037,0.46053205359549787,0.6698465233757387,0.9995953440666199,0.45869411599068455,0.695410813604083,0.9997491836547852,60.02571366281143,0
173,0.5336047836712432,0.5810321143695291,0.9994580149650574,0.5434943352426806,0.6136911908785507,0.9999408721923828,0.4607335385822118,0.670909152144478,0.9995723962783813,0.4587729970614119,0.6957345349448074,0.9997278451919556,60.02571366281143,0
174,0.5336589103653322,0.5817556409608755,0.9994054436683655,0.5434672094526749,0.6137695738247467,0.9999352693557739,0.4610281813712351,0.6717075109481817,0.999545156955719,0.4588656922181451,0.6961938341458644,0.9997076988220215,60.02571366281143,0
175,0.5336516982033144,0.5821180457160591,0.9994070529937744,0.5434395188377021,0.6138556429318025,0.9999361038208008,0.46106426488785557,0.6720361709594732,0.9995464086532593,0.4589658450512663,0.6966138680775966,0.9997090101242065,60.02571366281143,0
176,0.5336151804242819,0.5821715990702316,0.9994003176689148,0.54346947159086,0.6140233874320988,0.9999348521232605,0.46077085392815764,0.6718239046278459,0.9995380640029907,0.45909465778441694,0.6969508670625237,0.9997015595436096,60.02571366281143,0
177,0.533585940088545,0.5819183446112137,0.9994184374809265,0.5435786247253422,0.614181104160491,0.999936044216156,0.46022099540347183,0.6710735672996163,0.999556303024292,0.45919244771912027,0.6971554302033929,0.9997115135192871,60.02571366281143,0
178,0.533579216116951,0.5816534019651871,0.9994304776191711,0.5437226919900808,0.6142733636356541,0.9999374151229858,0.45977706568581755,0.6701487785293948,0.9995638132095337,0.4592148633230304,0.6972672996066871,0.9997179508209229,60.02571366281143,0
179,0.5336135427157088,0.5812481301171444,0.9994465708732605,0.54388591789064,0.6143610534213844,0.9999388456344604,0.4596678203060517,0.6690671443939215,0.9995781183242798,0.4591879305385411,0.6972078255244669,0.9997268915176392,60.02571366281143,0
180,0.5337365979240059,0.580880062920707,0.9994616508483887,0.5440364905766082,0.6144596707253234,0.9999398589134216,0.45993124161447835,0.668257491929191,0.9995883107185364,0.459172721420016,0.6971041361490891,0.9997333884239197,60.02571366281143,0
181,0.5339109386716574,0.5804783701896672,0.9994615316390991,0.5441567528815501,0.6145101473444989,0.9999389052391052,0.46020387184052275,0.6678365696044201,0.9995915293693542,0.45915315690494757,0.6969831018220817,0.9997336268424988,60.02571366281143,0
182,0.534109356857482,0.5800622332663767,0.999462902545929,0.5442960631279723,0.6145569284756983,0.9999389052391052,0.4604239250932425,0.6677578574135196,0.9995822906494141,0.45914199238731784,0.6969322363535568,0.9997299313545227,60.02571366281143,0
183,0.5343533725965595,0.579724388463157,0.9994649887084961,0.5444458751451405,0.614620359171005,0.9999389052391052,0.46060385306676266,0.6678615609804794,0.9995675086975098,0.4591276503744583,0.6969346773056763,0.9997254014015198,60.02571366281143,0
184,0.5345545581408914,0.5792868392808102,0.9994611740112305,0.5445926700319567,0.6146883027894161,0.9999376535415649,0.4606931110223138,0.6680459834280474,0.999564528465271,0.4591154413563868,0.697049322582427,0.9997185468673706,60.02571366281143,0
185,0.5346923073132838,0.5786663095156357,0.9994657039642334,0.5447526886349637,0.6147151078496665,0.9999376535415649,0.46080020779655134,0.6679285736311056,0.999573826789856,0.4591145160652346,0.6970266245660333,0.9997210502624512,60.02571366281143,0
186,0.5347891308012467,0.5781132096336006,0.9994795918464661,0.5449114952768602,0.6147135042008904,0.9999392628669739,0.4608666258198878,0.6675046682357793,0.999585747718811,0.45914810328256556,0.6968102540288659,0.9997292160987854,60.02571366281143,0
187,0.5349395644097106,0.5775994374638517,0.9994993209838867,0.5451091102191383,0.6148114232789907,0.9999416470527649,0.4608991940816247,0.6666703082266313,0.9996045827865601,0.45906312408901434,0.6962041656176254,0.9997419714927673,60.02571366281143,0
188,0.5351893589610149,0.5772711010206318,0.9995152354240417,0.5453278479121985,0.6149648683411739,0.9999437928199768,0.46097546106293125,0.6655866503715521,0.9996190667152405,0.45887383250963154,0.6950728268850423,0.9997515678405762,60.02571366281143,0
189,0.5354830253691905,0.57707310858227,0.9995285868644714,0.5456048846244816,0.6151618219557268,0.9999449849128723,0.4608779478640787,0.6640834524517973,0.9996379613876343,0.4586484361262553,0.6936121838433407,0.9997625350952148,60.02571366281143,0
190,0.535729703449068,0.5768727575029651,0.9995455741882324,0.5458931667464124,0.6153532749130617,0.999946653842926,0.46058616184053003,0.6623035300345653,0.9996568560600281,0.45847826060794683,0.6920403611092345,0.9997731447219849,60.02571366281143,0
191,0.535869799909138,0.5765470323108496,0.9995766282081604,0.546163638432821,0.6154656381834126,0.9999502301216125,0.4604109937236426,0.6604281465212509,0.9996840953826904,0.45837499130339887,0.6904831017766686,0.9997910857200623,60.02571366281143,0
192,0.5359025966553466,0.5762537405604413,0.9995993375778198,0.5463731260526752,0.6154557551656457,0.9999528527259827,0.4605066847233549,0.6590467918486828,0.9997050762176514,0.45830340896334004,0.6893018909863069,0.9998047351837158,60.02571366281143,0
193,0.5359188091187255,0.5761909201031644,0.999612033367157,0.5465458205768045,0.6154642984980634,0.9999542236328125,0.4608334898948673,0.6583168449855992,0.9997187852859497,0.45815314281554487,0.688486326308478,0.9998133182525635,60.02571366281143,0
194,0.5359662288711189,0.5763433348564879,0.9996126890182495,0.546664913495382,0.6154113582202372,0.999954104423523,0.4613386577083955,0.6583740654445835,0.999725878238678,0.4579979692186632,0.6879038725580494,0.999816358089447,60.02571366281143,0
195,0.5360042821793334,0.5766171358880547,0.9996064305305481,0.5468099315961207,0.6153301170894083,0.9999533891677856,0.4616278707981113,0.6587020925113138,0.9997270107269287,0.45789391086215103,0.6875428869610747,0.9998153448104858,60.02571366281143,0
196,0.5360349530265449,0.5768166297958015,0.9996062517166138,0.5469298391115102,0.6152434888340184,0.9999524354934692,0.46163908356712013,0.6589624370847434,0.9997305870056152,0.45789867923373306,0.6873259913353699,0.9998155832290649,60.02571366281143,0
197,0.5360815610204428,0.5769845389184503,0.9996141791343689,0.5470041150138496,0.6151895977201921,0.9999528527259827,0.46164281595320966,0.6591066434269865,0.9997411966323853,0.45794760613214436,0.6868910931405572,0.9998217225074768,60.02571366281143,0
198,0.5361377994219467,0.5771323953356067,0.9996194839477539,0.5470390802338014,0.6151886128243951,0.9999529123306274,0.4616747739769167,0.6592500834237967,0.9997493624687195,0.4579709910211113,0.6864748341696609,0.9998262524604797,60.02571366281143,0
199,0.5362432513918199,0.5774059380803794,0.999626100063324,0.5470525423685715,0.6152391972995945,0.999953031539917,0.4617319078672504,0.6593401942934314,0.9997586607933044,0.45798907393500954,0.6861974653743568,0.9998303651809692,60.02571366281143,0
200,0.5363543203898843,0.5776989573524116,0.9996346235275269,0.5470879986172635,0.615235655080705,0.999954104423523,0.46177443720045586,0.6593803451174787,0.9997696280479431,0.4580116768678033,0.6859627933729269,0.9998373985290527,60.02571366281143,0
201,0.5364840286118648,0.577954885505495,0.999640166759491,0.547174297627949,0.6152196838742215,0.9999544620513916,0.4618534857318518,0.6593867653892158,0.9997774362564087,0.45802111285073455,0.6857278148333237,0.9998421669006348,60.02571366281143,0
202,0.5366067574137737,0.5781054695447291,0.9996439814567566,0.547299634842646,0.6151404267265688,0.9999544024467468,0.46195161058789247,0.6593727242378966,0.9997793436050415,0.4580379710310985,0.6855749374344241,0.99984210729599,60.02571366281143,0
203,0.5367440127191094,0.5781891686575757,0.9996454119682312,0.5474363820893429,0.615040296599979,0.9999539852142334,0.46202355339413637,0.6593452181134911,0.9997808933258057,0.45806676433199967,0.6852735082308457,0.9998418092727661,60.02571366281143,0
204,0.5368399052392874,0.5781586964925135,0.9996497631072998,0.5475332226072043,0.6149623252096634,0.9999544024467468,0.46207895874977145,0.6591466636884785,0.999783992767334,0.4581342722688406,0.684945424397787,0.9998433589935303,60.02571366281143,0
205,0.5369819260778885,0.5781034344718574,0.9996519088745117,0.5476044785408751,0.6149373508635027,0.9999546408653259,0.46221500635147134,0.6588734274818788,0.9997826814651489,0.4581351464702973,0.6846118824822567,0.9998408555984497,60.02571366281143,0
206,0.5371434972399761,0.5779930097716199,0.9996630549430847,0.547660575026558,0.6149393774214249,0.9999560713768005,0.4623797124340424,0.6585049430529282,0.9997868537902832,0.45803002374512847,0.684237250259945,0.9998451471328735,60.02571366281143,0
207,0.5373122748874487,0.5779244984899253,0.9996723532676697,0.5477209999447781,0.6149157768204103,0.9999573826789856,0.4625257636819571,0.6581062163625451,0.9997949600219727,0.45785995324452755,0.6836604021844415,0.999851644039154,60.02571366281143,0
208,0.5374401694252382,0.5778157654262729,0.9996793270111084,0.5477893125443236,0.6148068535895579,0.9999583959579468,0.46249429668699027,0.6576032326335004,0.9997988939285278,0.45771765283175914,0.682935135705131,0.9998550415039062,60.02571366281143,0
209,0.5375133837972372,0.5776054859161381,0.9996892809867859,0.5478434874897915,0.6146702823184791,0.999959409236908,0.4622688761779244,0.6569625706899739,0.9998053312301636,0.45757349048342055,0.6822378465107515,0.9998593330383301,60.02571366281143,0
210,0.537528963316055,0.5774583220481877,0.9996957182884216,0.5478728810946151,0.6145679695265639,0.9999596476554871,0.4620601960590911,0.6562681311652778,0.9998090863227844,0.4573001123610001,0.681530478454772,0.999860942363739,60.02571366281143,0
211,0.5375309075628013,0.5767572834378201,0.9996984004974365,0.5479006682123462,0.6145178959483197,0.9999599456787109,0.4618302129563835,0.6556256981123068,0.9998159408569336,0.4568742456890292,0.6809847212973101,0.9998655319213867,60.02571366281143,0
212,0.5375512015251891,0.5757260436103462,0.9997018575668335,0.5479194379988175,0.614522979373024,0.9999603629112244,0.4616579555329826,0.6551431559381036,0.9998247027397156,0.45639869854563797,0.6807142013595223,0.999871551990509,60.02571366281143,0
213,0.5375625264076964,0.5746581866627652,0.9997150301933289,0.5479461976460053,0.6145403839292984,0.9999620914459229,0.4615421408698676,0.6548062534559346,0.9998346567153931,0.45602173038891425,0.6806038362639297,0.9998785853385925,60.02571366281143,0
214,0.5375724236170456,0.5737204892294752,0.9997277855873108,0.5479551894324171,0.6145413092204508,0.9999638795852661,0.4614641666412357,0.6545795798301702,0.9998438358306885,0.45583045198803895,0.6805999562853864,0.9998857378959656,60.02571366281143,0
215,0.5375862916310632,0.573307423364549,0.9997401833534241,0.5479889710744226,0.6145583164124266,0.9999656677246094,0.46128852026803185,0.6541745691072378,0.9998534321784973,0.45589217117854564,0.6806262277421503,0.9998931288719177,60.02571366281143,0
216,0.5376184412411285,0.5735894640286768,0.9997411370277405,0.5480622933024456,0.6145388540767494,0.9999659061431885,0.46114676906949037,0.6538157888821199,0.9998570084571838,0.4560417830944065,0.6806435301190337,0.999895453453064,60.02571366281143,0
217,0.5376345401718507,0.5737992269652235,0.9997397661209106,0.5481432506016327,0.6148660778999333,0.9999654293060303,0.4609193532239827,0.6534862944058015,0.999854564666748,0.4562255399567744,0.6809764021918893,0.9998913407325745,60.02571366281143,0
218,0.5375971339997796,0.5740381990160266,0.9997469186782837,0.548225513526372,0.6155923604965214,0.9999667406082153,0.4607348683334536,0.6532650419643953,0.9998518228530884,0.4563882152239485,0.6816802507355105,0.9998905062675476,60.02571366281143,0
219,0.5374981448763897,0.5741623441378281,0.9997572302818298,0.5482854757990161,0.616473305793036,0.9999687075614929,0.46073049023037904,0.6531003883906779,0.9998536705970764,0.45648545026779214,0.6831417992001494,0.9998939633369446,60.02571366281143,0
220,0.5372841301418491,0.5740190432185223,0.999763011932373,0.5482971781776069,0.6172032413028541,0.9999706745147705,0.4608737868922101,0.6532705681664608,0.9998483657836914,0.456447738976706,0.6853521948768985,0.9998952150344849,60.02571366281143,0
221,0.5370038577488494,0.5735455864951728,0.9997695684432983,0.5483096469016306,0.6175817080906465,0.9999726414680481,0.4609739695276537,0.6532112984430227,0.9998449683189392,0.4563898628666291,0.6878202188582653,0.9998975396156311,60.02571366281143,0
222,0.5367517357780824,0.5736059376171662,0.9997716546058655,0.5482873377345862,0.6175909184274224,0.9999740719795227,0.4613072872161869,0.6544929657663623,0.9998400807380676,0.4565292582625438,0.6903872603461861,0.9998986721038818,60.02571366281143,0
223,0.5366507002285552,0.5741105590547838,0.9997711181640625,0.5482735463551117,0.6177061228525076,0.9999743700027466,0.46176785940215737,0.6569179750624163,0.999835193157196,0.4570250809192661,0.6930943188213172,0.9998990297317505,60.02571366281143,0
224,0.5364951093991602,0.5749574814523974,0.9996989369392395,0.5481702032543369,0.6179599080766955,0.9999659657478333,0.4622251547518234,0.6602611967495515,0.9997904300689697,0.457681611889885,0.6954062382380173,0.9998795986175537,60.02571366281143,0
225,0.5363355250585651,0.5762453192756294,0.9996697306632996,0.5479639655067812,0.6182153991290507,0.9999634623527527,0.4624864842210501,0.6651064469700774,0.9997656941413879,0.4582686850002837,0.6978041614804955,0.9998733997344971,60.02571366281143,0
226,0.5358261380876818,0.5773046272141598,0.999646782875061,0.547716075465793,0.6183064863795331,0.9999614357948303,0.4621715630803793,0.6705457880383452,0.9997478127479553,0.45872138369651105,0.7007127262297137,0.9998675584793091,60.02571366281143,0
227,0.5351420868010752,0.5776614745457972,0.9996268153190613,0.5472480087053213,0.6181955507823405,0.9999597072601318,0.46149779785247114,0.6746167540550237,0.9997149109840393,0.45893893355415016,0.7031551287287763,0.9998556971549988,60.02571366281143,0
228,0.5344366232554122,0.5783987953549344,0.9996322393417358,0.5465674712544399,0.6180581876209809,0.9999606013298035,0.46086404437110573,0.6785568367867247,0.9997088313102722,0.45906288425127706,0.7057909341085531,0.9998569488525391,60.02571366281143,0
229,0.5340174010821757,0.5792094554219932,0.9996326565742493,0.5458219448725388,0.6181225975354517,0.9999606013298035,0.460630168517431,0.6813451392310012,0.9996993541717529,0.45924468125615836,0.7085812318892712,0.9998578429222107,60.02571366281143,0
230,0.5337483911287222,0.5799216599691486,0.9996072053909302,0.544884996754783,0.618063642865136,0.9999582171440125,0.4608036066804617,0.6831421312831703,0.9996823072433472,0.4593195716540022,0.7107197869391675,0.9998488426208496,60.02571366281143,0
231,0.533658101445153,0.5806440909703577,0.9996163249015808,0.5437527384076803,0.6180304742994768,0.9999603033065796,0.4611483202094127,0.6855325244721918,0.9996874928474426,0.4592397894178122,0.7132305758340024,0.999855637550354,60.02571366281143,0
232,0.5333702819687984,0.5809957697277982,0.9996245503425598,0.5426195859909062,0.6176471539906098,0.9999623894691467,0.4613148939041868,0.6880296213286269,0.9996886253356934,0.4591725539593473,0.7154583533604946,0.9998601675033569,60.02571366281143,0
233,0.5330728576296856,0.5809912000383655,0.999628484249115,0.5413238519713996,0.6169476225262602,0.9999640583992004,0.46142179341543327,0.6898083686828619,0.9996711015701294,0.459113499947957,0.7165838423229405,0.9998598098754883,60.02571366281143,0
234,0.5326006242207123,0.5809858412969684,0.9996175169944763,0.5401187908081786,0.6160752006939485,0.9999639987945557,0.4613818682375412,0.691403570629302,0.9996652007102966,0.4591457148392999,0.7173923452695217,0.9998594522476196,60.02571366281143,0
235,0.5321911715325859,0.5810934702555344,0.9996042847633362,0.5390710490090511,0.6148910806292585,0.9999638199806213,0.46173752489544134,0.6923843253226513,0.9996591806411743,0.45924773102714933,0.7179359197616583,0.999861478805542,60.02571366281143,0
236,0.5318302682467874,0.5813399780364268,0.9996110796928406,0.5381486784844176,0.6134660130455385,0.9999648928642273,0.4623823705173678,0.6927684687432795,0.9996734857559204,0.45934426358767955,0.7180116971333828,0.9998686909675598,60.02571366281143,0
237,0.5312085662569322,0.5811433962413247,0.9996176958084106,0.5373956589471731,0.6123491440500537,0.9999661445617676,0.46293261079561177,0.6932685346830465,0.9996870160102844,0.45939844279062214,0.7190565041133341,0.9998762607574463,60.02571366281143,0
238,0.530529657999675,0.5806753124509543,0.9996178150177002,0.536864314760481,0.6114088523955578,0.9999663233757019,0.4633919454756241,0.6935915152231857,0.999697744846344,0.4594285956450874,0.7198006510734564,0.9998819231987,60.02571366281143,0
239,0.529844062668937,0.579780377092816,0.9996071457862854,0.536332039606004,0.6109072679565071,0.9999656677246094,0.4636689850262237,0.693771206197285,0.9996993541717529,0.45940547188123104,0.7203525900840766,0.9998849630355835,60.02571366281143,0
240,0.5292243673687893,0.5785498505546938,0.9996103048324585,0.5358334212076101,0.6108043761480427,0.9999670386314392,0.46368038938159073,0.6938030407542279,0.9997025728225708,0.4594179661501025,0.7207529175849193,0.999889075756073,60.02571366281143,0
241,0.5287638845897861,0.5774900459107903,0.9996162056922913,0.5353207531429477,0.6107474310057508,0.9999681115150452,0.46368223570642053,0.6937482981454763,0.999700665473938,0.45935959049633607,0.7210934729803182,0.9998917579650879,60.02571366281143,0
242,0.5285332089378725,0.5769874084563487,0.9996218681335449,0.5348556893212459,0.6107355299450107,0.9999687075614929,0.4638065113907772,0.6936497745059791,0.9997075200080872,0.4592001409757709,0.7215124624116086,0.9998952150344849,60.02571366281143,0
243,0.5282359974724911,0.5766639936537974,0.9996304512023926,0.5345626899174286,0.6109401498522082,0.999970018863678,0.4639056197234566,0.6936630180903849,0.9997183084487915,0.45897589836801833,0.722386573042189,0.9999011158943176,60.02571366281143,0
244,0.5281142592430119,0.5769337926592151,0.9996345639228821,0.5344478658267435,0.6111608431452802,0.9999716281890869,0.4641270864577524,0.6937648426918761,0.999719500541687,0.4588014199620205,0.7234553013529101,0.9999064207077026,60.02571366281143,0
245,0.5280219146183562,0.5774335690907074,0.9996431469917297,0.5343452606882372,0.6113764359837492,0.9999732375144958,0.46443037333942633,0.6943066886493143,0.9997304081916809,0.45871190088135894,0.724504621255966,0.9999133348464966,60.02571366281143,0
246,0.5279498724710379,0.5779530434381399,0.9996459484100342,0.5342362693377908,0.6115335140909472,0.999974250793457,0.4643627916063585,0.6952289711861388,0.9997392892837524,0.45872236433483343,0.7253967835789641,0.9999186396598816,60.02571366281143,0
247,0.527807264100938,0.5783834968294421,0.9996468424797058,0.5341707751864483,0.6118714979716715,0.9999745488166809,0.46392008378392213,0.6962194584664849,0.9997496008872986,0.45874026275816454,0.7256829681850621,0.999923050403595,60.02571366281143,0
248,0.5277033873966765,0.5786748556863699,0.9996381998062134,0.5341562004316425,0.6116120275996986,0.999972939491272,0.46335029034387537,0.6969894057228457,0.9997440576553345,0.4587384433973407,0.7255095215070821,0.9999205470085144,60.02571366281143,0
249,0.5275378482682369,0.5787543086778555,0.9996366500854492,0.53417942637489,0.6105134543918433,0.9999725818634033,0.4627218601249517,0.6973016205288121,0.9997454285621643,0.45872038744744836,0.7247568624360228,0.9999193549156189,60.02571366281143,0
250,0.5274324928011217,0.5788313036873232,0.999629020690918,0.5342374103409908,0.6089447027161012,0.999971330165863,0.4622191673233399,0.6974094226246794,0.9997472763061523,0.45872619322368113,0.7239967612993156,0.9999160766601562,60.02571366281143,0
251,0.5277344016801748,0.5792965775444399,0.9996152520179749,0.5342819123041066,0.6076323276474367,0.9999676942825317,0.46236961370422763,0.6971500260489334,0.9997526407241821,0.45874719108854056,0.7224349720137466,0.999911904335022,60.02571366281143,0
252,0.528304673376538,0.5799094921066652,0.9996222257614136,0.5343063303402497,0.6061799469448277,0.9999685287475586,0.4627493009680797,0.6967200835545864,0.9997603297233582,0.4587304904347378,0.7205554048220322,0.9999139308929443,60.02571366281143,0
253,0.5290173348926367,0.5804624216897152,0.9996302723884583,0.5343070683025183,0.6048522506441394,0.9999693632125854,0.463259156261172,0.6960195899009709,0.9997663497924805,0.45878562189283856,0.7183142162504655,0.9999152421951294,60.02571366281143,0
254,0.5296526579629811,0.5808487676438836,0.9996333122253418,0.5343578997112459,0.6037239716166547,0.999969482421875,0.46356560928481005,0.6952629486719772,0.9997716546058655,0.45901474356651345,0.7165093507085533,0.9999163150787354,60.02571366281143,0
255,0.5299040277798975,0.5807406902313237,0.9996375441551208,0.5346032608123057,0.6022607854434427,0.999969482421875,0.4630765929108578,0.6941959290277395,0.9997795820236206,0.4593850856735596,0.7150091245060881,0.9999176859855652,60.02571366281143,0
256,0.5298160484858926,0.5801297993887042,0.9996436834335327,0.5350973691259115,0.6008240722474603,0.9999695420265198,0.4620848794778192,0.6929339369138088,0.9997884631156921,0.4598375956217452,0.7138369509152009,0.9999194145202637,60.02571366281143,0
257,0.5297111897241505,0.5792435010274256,0.9996532201766968,0.5356561626706808,0.6000778107416067,0.9999701976776123,0.461238957586743,0.6909620449656537,0.9997949600219727,0.4601441550822489,0.7120620807011928,0.9999194145202637,60.02571366281143,0
258,0.5297862092653916,0.5777524000122438,0.9996567964553833,0.5363845456214182,0.5992133106504173,0.9999706149101257,0.46072993817783575,0.6881131473041722,0.9997965693473816,0.46037134386244305,0.7098508590743661,0.9999173283576965,60.02571366281143,0
259,0.5301160755611606,0.5761938634372897,0.999661386013031,0.5370904008547469,0.5980861158598041,0.9999704360961914,0.4607118694555195,0.6847933303742186,0.9998034238815308,0.46054712363651856,0.7069307594072256,0.99991774559021,60.02571366281143,0
260,0.5306461708886288,0.5742493243444537,0.9996763467788696,0.5379991077241448,0.5975393340701154,0.9999715685844421,0.4608055168674109,0.6809486519722716,0.9998120069503784,0.4609074493249261,0.7046637705394205,0.9999198317527771,60.02571366281143,0
261,0.5311731270381387,0.5717661551066812,0.9996867775917053,0.5392097007660643,0.5964861341885164,0.9999721050262451,0.46054025916826197,0.6768309956505191,0.9998131394386292,0.4613862974303113,0.7023443608056936,0.9999173879623413,60.02571366281143,0
262,0.531960629281544,0.5693316033908304,0.9997031092643738,0.5404655394100012,0.595112888585954,0.9999735355377197,0.4601516255310607,0.6725346673102611,0.9998198747634888,0.46179167429606155,0.6995034728731433,0.9999198317527771,60.02571366281143,0
263,0.5327659391221551,0.5670824249585473,0.9997118711471558,0.5413331275894533,0.5930349940345406,0.9999736547470093,0.4597723214399251,0.6680006271316897,0.9998237490653992,0.461808128016336,0.6949502343223214,0.9999193549156189,60.02571366281143,0
264,0.5336563984553023,0.5646125731014074,0.999717652797699,0.5421490470568344,0.5906949838002526,0.9999730587005615,0.45960999386651213,0.6624143946738476,0.9998311400413513,0.4616475516841529,0.688994691485451,0.999919593334198,60.02571366281143,0
265,0.5343717109589354,0.5620936921664652,0.9997221231460571,0.5427681633404328,0.5881003396851681,0.9999718070030212,0.45937108425867024,0.6570372297650298,0.9998354315757751,0.46140755500112296,0.6833113006183085,0.9999178647994995,60.02571366281143,0
266,0.5347563567615695,0.5596050818761195,0.9997349381446838,0.5433305076190409,0.5858985866819114,0.9999725222587585,0.45899533090137334,0.6523561364128481,0.9998448491096497,0.4613626301288608,0.6786863889013024,0.9999223351478577,60.02571366281143,0
267,0.5347227936699281,0.5566138710294455,0.9997437596321106,0.5439023659342815,0.5833864325568794,0.9999729990959167,0.45858489473660824,0.6487001578013107,0.9998461604118347,0.4615386270341423,0.6752495510237563,0.9999232292175293,60.02571366281143,0
268,0.5346701230321617,0.5540862906546824,0.9997451305389404,0.5442660876682831,0.5809790378525148,0.9999728202819824,0.4582955397310715,0.6460685190700355,0.9998500347137451,0.46172175095194895,0.6724506134078622,0.9999260902404785,60.02571366281143,0
269,0.5345502126784556,0.5520428702944806,0.9997522830963135,0.5442848688080202,0.5775159739312676,0.9999729990959167,0.458192823898225,0.6439207763898945,0.9998547434806824,0.46155383473350925,0.6688170574960259,0.9999284744262695,60.02571366281143,0
270,0.5345266035624917,0.548825479689099,0.9997532367706299,0.544258384477525,0.5741891009466993,0.9999719858169556,0.4583321100189576,0.6402697421255571,0.9998620748519897,0.4612910790102826,0.6647636038916458,0.9999319911003113,60.02571366281143,0
271,0.5344954502014891,0.5445831134205776,0.9997477531433105,0.5442502129645579,0.5705908167929881,0.9999691843986511,0.4582731255463195,0.6349466187613356,0.9998583197593689,0.46073059524808646,0.6602974562417898,0.9999277591705322,60.02571366281143,0
272,0.5344567185356508,0.5410065395491468,0.9997568726539612,0.5442065852028988,0.5673831303914393,0.9999702572822571,0.457871360438211,0.629987986314865,0.9998661279678345,0.4602027478672213,0.6553985930624467,0.9999334216117859,60.02571366281143,0
273,0.534488399823507,0.537637503374191,0.9997522234916687,0.544288087458838,0.563800502391089,0.9999697208404541,0.4582656962530957,0.625617160683587,0.9998698830604553,0.4599733111404241,0.6504393787611104,0.9999375343322754,60.02571366281143,0
274,0.5345706315267658,0.5334518551826481,0.999747097492218,0.5442641973495488,0.5597687363624577,0.9999679923057556,0.4590029262361076,0.6221217683383402,0.9998610615730286,0.4596512998853415,0.6460069474719825,0.9999354481697083,60.02571366281143,0
275,0.5345903436342879,0.5292704133760366,0.9997403025627136,0.5440384092785068,0.5547209836187821,0.9999665021896362,0.45993116214161867,0.6192659536997482,0.9998630881309509,0.45900967717170754,0.6415739627111531,0.9999382495880127,60.02571366281143,0
276,0.5346193171682816,0.5245808845474611,0.999733030796051,0.5433346799441751,0.5506725282896137,0.9999635815620422,0.4608551661173506,0.6155816912651066,0.9998654127120972,0.45787380422864676,0.6378427204631629,0.9999402165412903,60.02571366281143,0
277,0.5346225840704786,0.519596173649743,0.9997259974479675,0.542429938202813,0.546589783259801,0.9999607801437378,0.461398290736335,0.6103664551462451,0.9998660683631897,0.45625100249335915,0.6333844604946324,0.9999405145645142,60.02571366281143,0
278,0.5345799979709448,0.5150816156750637,0.9997215270996094,0.5414676836558755,0.5426018862497244,0.9999591708183289,0.46133459607760147,0.6042772985640031,0.9998607635498047,0.45441154780842047,0.6279512728963584,0.999934732913971,60.02571366281143,0
279,0.5346046572639833,0.5112751183055699,0.9997279047966003,0.5404601920218699,0.5381147407350091,0.999958336353302,0.46137554163024574,0.5985214114189152,0.9998607635498047,0.4531257010641556,0.622588123594012,0.9999328255653381,60.02571366281143,0
280,0.534797745091575,0.5068553657758808,0.9997272491455078,0.5394738089470641,0.5326794953573323,0.999957263469696,0.4610918164253239,0.5930351416269943,0.9998486638069153,0.45247290531794265,0.618146121501923,0.999922513961792,60.02571366281143,0
281,0.5347471180416293,0.5032477038247248,0.9997279644012451,0.5385802955854511,0.5258931744666331,0.9999592900276184,0.46052067336582037,0.5896368622779851,0.9998499155044556,0.4525929150127233,0.6140763617697221,0.9999262690544128,60.02571366281143,0
282,0.5339012458210903,0.49994991364933233,0.9997293949127197,0.5371216081437615,0.5203765432039902,0.9999606609344482,0.4595128524871104,0.5886032155581887,0.9998547434806824,0.45269189420200573,0.6119755733580821,0.9999284148216248,60.02571366281143,0
283,0.5324005484580998,0.4959588930720379,0.9996997117996216,0.5354362612678896,0.5142365906919756,0.999951183795929,0.4582303010282066,0.5895604179019025,0.9998244643211365,0.4527452687422438,0.6107850301833385,0.9999081492424011,60.02571366281143,0
284,0.5306596926280436,0.4913217212472647,0.9996805787086487,0.5336426496505742,0.5075717114266899,0.9999390840530396,0.45770906408627865,0.5913266000293556,0.9997891783714294,0.45262876720655565,0.6095666431245355,0.9998719096183777,60.02571366281143,0
285,0.5287959291821438,0.48510783626919735,0.9996237754821777,0.5316672154835297,0.5002440043858124,0.999916672706604,0.45773585495494695,0.5920540832337884,0.9996335506439209,0.4524112372171315,0.6075349535260887,0.9997231364250183,60.02571366281143,0
286,0.5277367801893329,0.47746379886354756,0.9995803833007812,0.5294279881886078,0.4930904507637028,0.9998984932899475,0.45928744049299364,0.5880992980230427,0.9995629787445068,0.45281354728199225,0.6030330516043167,0.9996291399002075,60.02571366281143,0
287,0.5271939124379843,0.47079013926642316,0.9994767904281616,0.5274286128225785,0.48624737631707005,0.9998673796653748,0.46178235326494527,0.5836056896618439,0.9993942975997925,0.454254066660291,0.5986666509083344,0.9994141459465027,60.02571366281143,0
288,0.5250581535352334,0.462296276473675,0.9992079734802246,0.5245096156386295,0.48082546352529243,0.9996803402900696,0.46359723522549623,0.5786447894005553,0.9991365671157837,0.45725788470028245,0.5966654841591716,0.9990078210830688,60.02571366281143,0
289,0.5222918705469901,0.4561600794597552,0.998888373374939,0.5219172444067849,0.4778758540850922,0.9995296597480774,0.46511204753603286,0.5752144995189853,0.998724639415741,0.4615710218544724,0.5967647530594655,0.998619556427002,60.02571366281143,0
290,0.5196930924240428,0.4552133916592115,0.9987952709197998,0.5204230879439793,0.4785886674511193,0.9994251728057861,0.4671524834065214,0.5749040927205771,0.9987339377403259,0.4668426659642438,0.5986938829324687,0.9986133575439453,60.02571366281143,0
291,0.5176343536701337,0.45873932570827286,0.0,0.5203079885366015,0.48244699105924527,0.0,0.46970547522817374,0.5759786622864864,0.0,0.47201565941985807,0.5999710997756651,0.0,60.02571366281143,1
292,0.5170252185289557,0.4661581678455382,0.0,0.5212224932754935,0.48928472217248453,0.0,0.4735903796695532,0.5761375796227233,0.0,0.4769425102237135,0.5989999823829759,0.0,60.02571366281143,1
293,0.5175768009253915,0.476866151605334,0.0,0.5230711315359393,0.49721117104802853,0.0,0.47822636365890536,0.577618002891541,0.0,0.48138578661850556,0.5979711243084505,0.0,60.02571366281143,1
294,0.5175648757389617,0.48581579753330817,0.0,0.5244312967572897,0.5042742065020973,0.0,0.4824417233467106,0.578666746616364,0.0,0.4860009508473537,0.597200112683433,0.0,60.02571366281143,1
295,0.517552950552532,0.4947654434612823,0.0,0.5257914619786404,0.5113372419561664,0.0,0.4866570830345158,0.579715490341187,0.0,0.4906161150762017,0.5964291010584155,0.0,60.02571366281143,1
296,0.5175410253661024,0.5037150893892565,0.0,0.5271516271999909,0.5184002774102352,0.0,0.49087244272232095,0.58076423406601,0.0,0.49523127930504973,0.595658089433398,0.0,60.02571366281143,1
297,0.5175291001796727,0.5126647353172307,0.0,0.5285117924213414,0.525463312864304,0.0,0.4950878024101262,0.581812977790833,0.0,0.49984644353389784,0.5948870778083806,0.0,60.02571366281143,1
298,0.517517174993243,0.5216143812452048,0.0,0.5298719576426918,0.5325263483183729,0.0,0.49930316209793124,0.582861721515656,0.0,0.5044616077627458,0.5941160661833631,0.0,60.02571366281143,1
299,0.5175052498068133,0.530564027173179,0.0,0.5312321228640424,0.5395893837724417,0.0,0.5035185217857365,0.583910465240479,0.0,0.5090767719915938,0.5933450545583456,0.0,60.02571366281143,1
300,0.5174933246203836,0.5395136731011532,0.0,0.532592288085393,0.5466524192265106,0.0,0.5077338814735417,0.584959208965302,0.0,0.513691936220442,0.5925740429333283,0.0,60.02571366281143,1
301,0.5174813994339538,0.5484633190291273,0.0,0.5339524533067435,0.5537154546805796,0.0,0.5119492411613469,0.586007952690125,0.0,0.5183071004492901,0.5918030313083109,0.0,60.02571366281143,1
302,0.5169426539317283,0.5579656540942035,0.0,0.5350992497132754,0.5617099124558124,0.0,0.5163691753432869,0.588095917588189,0.0,0.5233604303833583,0.5922738828626625,0.0,60.02571366281143,1
303,0.5177421633078132,0.5671722285601563,0.0,0.5379155899391698,0.5681782954404148,0.0,0.5207065224647526,0.5865189075469975,0.0,0.5282630751733071,0.5884023126290774,0.0,60.02571366281143,1
304,0.5193000970243601,0.5739208259550086,0.9988919496536255,0.5393478007138186,0.5720458234248522,0.9993811845779419,0.5240937340827219,0.5849834487551739,0.9988178610801697,0.5310913777270289,0.58452459338571,0.9986796379089355,60.02571366281143,0
305,0.5210578286323422,0.5771351920504153,0.9988362789154053,0.5374783305489291,0.5730401972118694,0.9992720484733582,0.5260921109290355,0.5861291453951887,0.9988813400268555,0.5308664100713474,0.5837392340712001,0.9987391233444214,60.02571366281143,0
306,0.5224779357715532,0.5768250348616624,0.0,0.531525749738525,0.5716915986164902,0.0,0.5266918029103964,0.591528679643359,0.0,0.5275539733520175,0.5879069797846741,0.0,60.02571366281143,1
307,0.5230442001706082,0.5740860246476678,0.0,0.5218447503589452,0.5693326904660184,0.0,0.5263118091083712,0.6016878116698497,0.0,0.5220645978337247,0.5976508117857438,0.0,60.02571366281143,1
308,0.5238817107109801,0.5658146568707062,0.0,0.507742999565034,0.5635417983645488,0.0,0.5267396455719362,0.6129457609994076,0.0,0.5152760006132584,0.6093521856126336,0.0,60.02571366281143,1
309,0.5225372087387816,0.5735506330217639,0.0,0.4992408582142425,0.5699181840533307,0.0,0.5266281252815614,0.6300723013423744,0.0,0.5117077728112542,0.6249176831472493,0.0,60.02571366281143,1
310,0.5167822210561666,0.5858224724020282,0.9988729953765869,0.49582505878948074,0.5817735368297219,0.9993260502815247,0.5227287962323147,0.651509738252277,0.9989891052246094,0.5092009330079673,0.6467373044717885,0.9988634586334229,60.02571366281143,0
311,0.5040580335117526,0.590122703143529,0.9984155297279358,0.4985356506847204,0.5926767031351731,0.9992303252220154,0.5117726343018671,0.673123481160119,0.9990823268890381,0.5059156003452487,0.6761434986477812,0.9989762902259827,60.02571366281143,0
312,0.492607909157163,0.5914995866162441,0.0,0.5001599274930504,0.5979424610024411,0.0,0.49894064437775426,0.6952680863085252,0.0,0.501592583741461,0.7031983832518265,0.0,60.02571366281143,1
313,0.48268470593861207,0.5863329200517569,0.9982431530952454,0.5019319539978395,0.595490747974033,0.9992313981056213,0.48734893969127147,0.7107905319758829,0.998730480670929,0.49717446310179614,0.723760434559414,0.9990233182907104,60.02571366281143,0
314,0.4784755053974338,0.5721550314199362,0.9983104467391968,0.4996518804913479,0.5877488695439843,0.9992902874946594,0.4811348148754669,0.7167203781150642,0.9988448023796082,0.49140580849988164,0.7313526201815839,0.9991192817687988,60.02571366281143,0
315,0.4743037763096041,0.574182130041577,0.9983307123184204,0.5016425706091385,0.5929852355094188,0.999346911907196,0.4791226287682855,0.7222640627906443,0.9989248514175415,0.48923454256284843,0.7348812988826212,0.999203622341156,60.02571366281143,0
316,0.4778363804022475,0.5792142465001066,0.9983730316162109,0.501023725384758,0.6015898585319523,0.9993615746498108,0.4813939276195712,0.7252910931905117,0.9989632964134216,0.48721875037465817,0.7347894935380851,0.9992737770080566,60.02571366281143,0
317,0.4816448078269054,0.5790808427901499,0.9985011219978333,0.4996663885457179,0.612742872465225,0.9993758201599121,0.4828969481445498,0.7253270092464634,0.9990444779396057,0.48458614945411727,0.7407254519916722,0.9993414282798767,60.02571366281143,0
318,0.491658442077183,0.5813876901354114,0.9986185431480408,0.49410228786014415,0.6195692278089984,0.9993331432342529,0.4859060943126682,0.7278604904810594,0.9991198182106018,0.4820703750564942,0.7474966730390282,0.9993996024131775,60.02571366281143,0
319,0.4856553077697758,0.5786645894958864,0.9986626505851746,0.5067383207025986,0.624180532637097,0.9992095828056335,0.483549379167103,0.7271978003638138,0.9991976022720337,0.4890719141278952,0.759372872965677,0.9994570016860962,60.02571366281143,0
320,0.4843874956880301,0.5824691312653683,0.998677670955658,0.5119121032101772,0.6282959041141334,0.999139130115509,0.4860375991889413,0.7233674128850307,0.9992722272872925,0.4944417675336206,0.7589473781131569,0.9995103478431702,60.02571366281143,0
321,0.49501424176352404,0.5913819954508832,0.9987992644309998,0.5066139967668628,0.6300344211714614,0.9992061257362366,0.4949771861235304,0.7062303083283566,0.99934321641922,0.4962310634908226,0.7362360812368853,0.9995585680007935,60.02571366281143,0
322,0.5103020370006566,0.5992400248845423,0.9983879327774048,0.49396397953941745,0.627210140228272,0.996959388256073,0.5066674138818472,0.6842843719891145,0.999392032623291,0.4934097301392332,0.7022391955057785,0.9995757341384888,60.02571366281143,0
323,0.5331776156311948,0.6109552468572349,0.9984490871429443,0.47373933451516326,0.6288868387540187,0.9970272183418274,0.5200803634666266,0.6619780546142946,0.9994507431983948,0.48742205472219596,0.6706136039325175,0.9996135830879211,60.02571366281143,0
324,0.5488041412262694,0.6209553962662111,0.9985653162002563,0.4599016351359234,0.6313884315036598,0.9972805976867676,0.5282373201279418,0.6450537613460001,0.9994990229606628,0.4812499355702177,0.6485962300073538,0.9996467232704163,60.02571366281143,0
325,0.5455493529637658,0.6260282908167163,0.9986485838890076,0.4633416405745918,0.6400089349065513,0.9974625110626221,0.5272996368862338,0.6404861211776739,0.9995408654212952,0.48373698052905895,0.6485217667761308,0.999677300453186,60.02571366281143,0
326,0.5459102023215525,0.6357046479270576,0.9987315535545349,0.459015752588,0.648260096708934,0.9975824356079102,0.5284817048481536,0.6370425905500144,0.9995739459991455,0.48403172123999866,0.6479224960009262,0.9997050762176514,60.02571366281143,0
327,0.553421761308398,0.6448434052013221,0.9988349676132202,0.4489786426226302,0.6554543603034252,0.997700035572052,0.5325865064348498,0.6259031011944731,0.9996123909950256,0.4821576206457051,0.6357506002698631,0.9997308850288391,60.02571366281143,0
328,0.5551362804004129,0.6526224499657045,0.9989463686943054,0.4424082892281672,0.6571741217658639,0.997894823551178,0.5351425835064484,0.613766763891493,0.9996505379676819,0.4792590056146898,0.6213019092877711,0.9997571110725403,60.02571366281143,0
329,0.5591461644286205,0.6664658288160965,0.9990168809890747,0.4377993856157579,0.6624322987738114,0.9980174899101257,0.5365814893018637,0.6045690193062742,0.9996832013130188,0.4767248914355327,0.6096085877645587,0.9997789263725281,60.02571366281143,0
330,0.5506535058929811,0.6840396040961861,0.9989568591117859,0.44406670615786636,0.674922142710005,0.9980887770652771,0.53043521302087,0.6041234164010916,0.9996949434280396,0.47558459923380936,0.6062402129173283,0.999781608581543,60.02571366281143,0
331,0.5407962557815374,0.7003634075323746,0.0,0.45217750753675223,0.6919749521073846,0.0,0.5221332297438671,0.6111515831379668,0.0,0.47654400553022147,0.6126491484187904,0.0,60.02571366281143,1
332,0.5342711408933009,0.7084962413424543,0.9989911317825317,0.4599732203142987,0.7051946293740051,0.9981307983398438,0.5157621275810973,0.6146650087265746,0.9997098445892334,0.4781019588311517,0.6187926871435988,0.9997768998146057,60.02571366281143,0
333,0.5317740397793911,0.7103126034850171,0.9990511536598206,0.4646887154806232,0.713564466862452,0.9982302784919739,0.5126579191003531,0.614868826809384,0.9997243285179138,0.47958579659462014,0.621023487477076,0.9997747540473938,60.02571366281143,0
334,0.5340018754913698,0.7082204648426607,0.9990585446357727,0.4652463666030343,0.7142201491764619,0.9983062744140625,0.513805346829551,0.6118169881048662,0.9997339844703674,0.4798316927183246,0.6192570130030319,0.9997693300247192,60.02571366281143,0
335,0.5373068934395204,0.7021396472340544,0.9990121722221375,0.4623105880760015,0.7088153305507847,0.997999906539917,0.5160695626622158,0.6107761065165207,0.9997416138648987,0.4790808828104114,0.6191025404703054,0.9997606873512268,60.02571366281143,0
336,0.5362508438882378,0.6994811466762003,0.998702883720398,0.4589412538778218,0.7056677511760172,0.9974068403244019,0.5156404688244778,0.6151711685316908,0.9997611045837402,0.47769019007682834,0.622859018189567,0.9997733235359192,60.02571366281143,0
337,0.5334503224917825,0.6979474226633713,0.9986092448234558,0.4562066509610134,0.702118717488789,0.9969509840011597,0.5142021463030865,0.6183566848436997,0.9997665286064148,0.4766856034596765,0.6264157011395414,0.9997704029083252,60.02571366281143,0
338,0.5317931515829908,0.6952076866513213,0.9983283877372742,0.4555919525169195,0.6982564358484182,0.9962546825408936,0.5133086925461183,0.6211146797452659,0.999743640422821,0.47622474460374786,0.6284936609722325,0.9997183680534363,60.02571366281143,0
339,0.5301322085516798,0.6966595706485572,0.9981757402420044,0.45618358680180177,0.6989677292960037,0.9953708052635193,0.5125759187198824,0.6210761921746395,0.9997603297233582,0.47610031706946276,0.6285563196454735,0.9997348785400391,60.02571366281143,0
340,0.5294236228579571,0.7037626646813898,0.9969509243965149,0.4587830035459431,0.7056689205623814,0.9936134219169617,0.5125726461410527,0.6184688607851669,0.9996825456619263,0.4760950832139882,0.6263359926995782,0.9996837973594666,60.02571366281143,0
341,0.5305436594145643,0.7105759978294379,0.9969472289085388,0.45994520329293787,0.7145211299260463,0.9934754967689514,0.5130620825858347,0.6161758672623412,0.9997133016586304,0.47573963375318656,0.6255983823821663,0.9997139573097229,60.02571366281143,0
342,0.5318497901871095,0.7169510069347569,0.9964656233787537,0.4580060470671885,0.7230206273850946,0.9926674365997314,0.5134927403359191,0.6127462443851295,0.9997275471687317,0.47421993386177824,0.6226964990297958,0.9997225999832153,60.02571366281143,0
343,0.5334147356805352,0.7203394117809483,0.9963722229003906,0.4550853768984481,0.7284062675067362,0.9920856356620789,0.5137038372811822,0.6089906437056409,0.9997421503067017,0.4725054871468321,0.6196114051909678,0.9997238516807556,60.02571366281143,0
344,0.5342940404301602,0.7202357479504182,0.9964955449104309,0.4517181302819937,0.7307357816469107,0.9925495386123657,0.5129272824242006,0.6059024561019176,0.9996566772460938,0.47019708866164833,0.6167234040441972,0.999531626701355,60.02571366281143,0
345,0.533723198232197,0.7168666436558684,0.9953378438949585,0.4483774162474137,0.732181364581699,0.9909670948982239,0.5114164153734847,0.603472232818604,0.999667763710022,0.46830861625217296,0.6148430080640889,0.9995473027229309,60.02571366281143,0
346,0.5347514067377368,0.714246326968784,0.9951392412185669,0.4447169502576196,0.7346539185160688,0.9904158711433411,0.5104590001560396,0.6018085820334304,0.9996827840805054,0.4669918857869651,0.614143706503369,0.9995556473731995,60.02571366281143,0
347,0.5366083099728542,0.709860517865136,0.9952298402786255,0.4415357297375092,0.7327925591241752,0.9907566905021667,0.5104119238399327,0.6012754922821413,0.9996496438980103,0.46645308250472695,0.6142601143746154,0.9995079636573792,60.02571366281143,0
348,0.5383833306176327,0.7033766337803438,0.9954334497451782,0.4388293893564319,0.7243965779032031,0.9913930892944336,0.5112987614813309,0.5978759981337053,0.9996336102485657,0.466212501128515,0.6102055992398948,0.9994829893112183,60.02571366281143,0
349,0.5398397729510357,0.6976408106940138,0.9955129027366638,0.43893241598492616,0.7146288014593585,0.991561233997345,0.5125162033807668,0.5938471981457306,0.9996368885040283,0.4666584304400856,0.6048258826846173,0.9994828104972839,60.02571366281143,0
350,0.539252979414804,0.6951483601615548,0.9956481456756592,0.4402571405683249,0.7039622919900083,0.9921736121177673,0.5130805174509688,0.5872678217433752,0.9996568560600281,0.4669592508247924,0.5928147236506149,0.999520480632782,60.02571366281143,0
351,0.5368637329056154,0.6935830258187798,0.9958827495574951,0.4423467843305501,0.6969870414052697,0.9926849007606506,0.5127482471011938,0.5805300048419412,0.9996444582939148,0.4677106553599952,0.5804494165238885,0.9995107650756836,60.02571366281143,0
352,0.5351423876626156,0.6948532348587405,0.9961515069007874,0.44286020454906316,0.6960655904951555,0.993259608745575,0.5122537300700237,0.5744290068036039,0.9996322989463806,0.4669301751114077,0.5740595459938054,0.9995162487030029,60.02571366281143,0
353,0.5333960169837593,0.6964518371082493,0.996369481086731,0.44264297116370466,0.6958422575678149,0.9937345385551453,0.5118902183714371,0.5708091741516481,0.9996178150177002,0.4654247732389545,0.568821645918347,0.9995254278182983,60.02571366281143,0
354,0.5329398739905589,0.6968679740315398,0.9966623783111572,0.44171333029156673,0.6957070373353509,0.9942754507064819,0.5117117563883468,0.566557747977121,0.9996094703674316,0.4640583424341115,0.5648458259446285,0.9995437264442444,60.02571366281143,0
355,0.5348381173043029,0.6964277000654318,0.9968729019165039,0.44057090367589713,0.6943438876242871,0.9947372078895569,0.5115440629777458,0.5636173713774912,0.9994884729385376,0.46290937633741513,0.5640911743754436,0.9994927048683167,60.02571366281143,0
356,0.5367873197510133,0.6959386978830615,0.9971084594726562,0.43941989257222164,0.6902509331703192,0.9951773285865784,0.5116520126660669,0.5584954051744375,0.9995238184928894,0.4625373496895749,0.5589293326650351,0.9995322823524475,60.02571366281143,0
357,0.5398900906244919,0.695370637235188,0.9973757266998291,0.4396345686344877,0.6851991329874316,0.9956181049346924,0.512219383603051,0.5543499872798016,0.9995628595352173,0.46302492419878677,0.5560088668550769,0.9995741844177246,60.02571366281143,0
358,0.5421978263627919,0.692036404496148,0.9976261854171753,0.4388446467263361,0.6787373991239645,0.9960402250289917,0.5130308696201873,0.5476458470026657,0.9995916485786438,0.46283195132301,0.5552029666446509,0.9996068477630615,60.02571366281143,0
359,0.5429336286726456,0.6875618412381133,0.9978458285331726,0.43713751861027345,0.673631213960194,0.9963879585266113,0.5140428571473988,0.5411284991673065,0.9996076226234436,0.46251485603196313,0.5507020552953088,0.9996210932731628,60.02571366281143,0
360,0.5435807704925542,0.6818494825136099,0.998015820980072,0.4338939118952982,0.669495406604949,0.9966551065444946,0.5149047630173823,0.5324591284706484,0.9995943307876587,0.4621037287371503,0.5428011843136383,0.9996209144592285,60.02571366281143,0
361,0.5442253578276866,0.6758387032009312,0.9981523752212524,0.43023783110436975,0.6651936286971688,0.9968012571334839,0.5151540551866808,0.5240702685855688,0.9995896816253662,0.4612853583835424,0.5348200088455568,0.9996233582496643,60.02571366281143,0
362,0.544114952995664,0.6712131415094653,0.9982672929763794,0.4270021674178899,0.6624560441289635,0.9969558119773865,0.5150671232314341,0.517618060112,0.9995661973953247,0.46001850991022053,0.5282855033874516,0.9996134638786316,60.02571366281143,0
363,0.5447329935573401,0.6695861191976644,0.9983720183372498,0.4258394766421548,0.6603903429848812,0.9970836043357849,0.515010549908593,0.515968325592223,0.9995095729827881,0.458753795850845,0.5259726558412829,0.9995850920677185,60.02571366281143,0
364,0.544539210342226,0.6688546197755002,0.9984824061393738,0.42533583016622667,0.6600211461385097,0.9972143769264221,0.5148381931441175,0.5147640676725482,0.9994425773620605,0.45779450450624776,0.5258086266971774,0.9995361566543579,60.02571366281143,0
365,0.5434424508185618,0.670296518575578,0.9985551238059998,0.42573565812338,0.6592286115600955,0.9972363114356995,0.5147394282477247,0.5163727487836569,0.9993874430656433,0.4571740783396225,0.5270664039112277,0.9994938969612122,60.02571366281143,0
366,0.5431706479617532,0.6706413598287678,0.9986099600791931,0.42620159614653846,0.6576350842203418,0.997239887714386,0.5149012718881883,0.5165237188339238,0.999302089214325,0.4568648522808442,0.5265749607767383,0.9994284510612488,60.02571366281143,0
367,0.5432150732903258,0.6696599154245291,0.9987139701843262,0.42690527722949106,0.6562652673040122,0.9973368644714355,0.5153288869630727,0.5140401096571063,0.9992882013320923,0.45683612426122067,0.5241260443414966,0.9994116425514221,60.02571366281143,0
368,0.5436238107227148,0.6670013694536123,0.9987609386444092,0.42701807050477925,0.6522256363005869,0.9973167777061462,0.5158931584585285,0.5099119487262912,0.9992338418960571,0.4567942534174242,0.5207764222508389,0.999372661113739,60.02571366281143,0
369,0.5443490147590642,0.6641088440304717,0.9988461136817932,0.42678813707260893,0.646876596269154,0.9973896741867065,0.5163398214748932,0.5052194864976978,0.9992623329162598,0.45687457351457544,0.5176364041510086,0.9993955492973328,60.02571366281143,0
370,0.544513597374871,0.6611347794532781,0.9989280104637146,0.42672358949979183,0.6417297380311153,0.997434675693512,0.5166663044974922,0.5004848043123885,0.999287486076355,0.45711078104518743,0.5131197287922817,0.9994150996208191,60.02571366281143,0
371,0.5441626594180157,0.6598272891271688,0.9989967346191406,0.4255374797752929,0.6369895480927972,0.997385561466217,0.5168711174102061,0.49791864128339897,0.9992895722389221,0.4571581965401063,0.5081444113027486,0.9994135499000549,60.02571366281143,0
372,0.5439688364664718,0.6580917466254466,0.9990372657775879,0.4268034625621072,0.6279503703117376,0.9971563816070557,0.5170999566713973,0.4951070476145975,0.9992144703865051,0.45719145451273274,0.5033137826692494,0.9993382096290588,60.02571366281143,0
373,0.5436701377232873,0.6557310422261562,0.9990943074226379,0.42910746023768503,0.6207846431505117,0.9971573352813721,0.5173226935522901,0.4932164124080117,0.9992085099220276,0.4571295877297723,0.4999030487877986,0.9993414878845215,60.02571366281143,0
374,0.5432727478799371,0.6525827078592215,0.9991346597671509,0.4304289988109047,0.6164908749716627,0.9970706701278687,0.5175327232905801,0.49033081247693056,0.99921053647995,0.45710101156007715,0.49636275143850456,0.9993475079536438,60.02571366281143,0
375,0.5426845238322308,0.6479535273143229,0.9991739988327026,0.43146238582474883,0.6119882095427746,0.9971082806587219,0.5171567826043997,0.48550589879353884,0.9991955161094666,0.4568482012975787,0.49302198489507076,0.9993449449539185,60.02571366281143,0
376,0.5427484994842897,0.6441328497160055,0.9991983771324158,0.43271234915370066,0.6078473982356849,0.9970577955245972,0.5166391474860059,0.47961269390015415,0.9991592764854431,0.45662111753509194,0.4886438307308019,0.9993247985839844,60.02571366281143,0
377,0.5430865032332288,0.6410291393597927,0.999239981174469,0.4332436152866912,0.6034810571443472,0.9971507787704468,0.5158627544130602,0.47513569536663275,0.999138593673706,0.4563402363232208,0.4846527619021283,0.9993047118186951,60.02571366281143,0
378,0.5437131836300808,0.6391406371479949,0.9992708563804626,0.43524684792473234,0.5990487904775715,0.9972667098045349,0.515045938037691,0.47023187790598225,0.9991556406021118,0.45610215692293116,0.4807150917393824,0.9993191957473755,60.02571366281143,0
379,0.5433832747595655,0.6386640781448005,0.9992843270301819,0.4369949386233378,0.6033308193797162,0.9972541332244873,0.5138772584143143,0.4682695624374212,0.9991741180419922,0.45607273067746884,0.47843212882677755,0.9993346333503723,60.02571366281143,0
380,0.5421718075161892,0.6391827095122569,0.9993224740028381,0.4376433534281598,0.6099945931207571,0.9974050521850586,0.5128537785439269,0.46671807624044914,0.9992002248764038,0.45609580618994616,0.47579669668560975,0.9993508458137512,60.02571366281143,0
381,0.5404007747059781,0.6389629415103373,0.9993282556533813,0.4371349314848585,0.6139014987718496,0.9974883198738098,0.5118494346028286,0.4646290228480388,0.9992085695266724,0.4559539315246404,0.4720937127158759,0.9993681907653809,60.02571366281143,0
382,0.5393380324045822,0.6389636965025045,0.9993670582771301,0.43605340946288373,0.6158463103430616,0.9976505041122437,0.5110917346818111,0.46185014645258626,0.9992430210113525,0.45566378888629766,0.46742075255938975,0.9993976950645447,60.02571366281143,0
383,0.5387621493566608,0.6376555703935174,0.9993751645088196,0.435106048981349,0.6097193814459306,0.9977347254753113,0.5105653972852802,0.459502471344812,0.9992541074752808,0.45524606818244606,0.46277623517172717,0.9994127750396729,60.02571366281143,0
384,0.5393320265270419,0.6366478261493507,0.9993880391120911,0.43372067951020776,0.6047907386507312,0.9977927207946777,0.5104221446173536,0.45509049438294946,0.9992547631263733,0.45482462928408707,0.4582786687782836,0.999417245388031,60.02571366281143,0
385,0.539841487294152,0.6353514535086501,0.9994074106216431,0.43355100495474713,0.6017977169581827,0.9978179931640625,0.5101764911697029,0.45089921497163354,0.9992725253105164,0.45481974312237367,0.4558803864887786,0.9994231462478638,60.02571366281143,0
386,0.5404433068775,0.6351972506159833,0.9994454979896545,0.43308549551736775,0.5965543701535184,0.9979475140571594,0.5103308303015577,0.44727459407988085,0.9993368983268738,0.4545609397547589,0.4537700584956582,0.99947190284729,60.02571366281143,0
387,0.5403398530823849,0.6347126222792131,0.9994540810585022,0.4308579095772338,0.5924955237479441,0.9980064034461975,0.5103598123505007,0.44255260910306693,0.999363362789154,0.4540100381487896,0.4488956303823566,0.9994904398918152,60.02571366281143,0
388,0.5397085604213537,0.6321142769995195,0.9994739890098572,0.4278079484190263,0.5918776279404054,0.9981022477149963,0.5096769503184732,0.4368937086491361,0.9993924498558044,0.4528344585782009,0.44240112106005386,0.9995065331459045,60.02571366281143,0
389,0.5387243713651388,0.6275615067709065,0.9995071291923523,0.42538242538770077,0.5916997506504972,0.9982078075408936,0.5086183178992503,0.43042963601294054,0.999444842338562,0.45138328983670223,0.4337702961195086,0.9995477199554443,60.02571366281143,0
390,0.5381300875118805,0.6235425330343706,0.999527096748352,0.4239469042846138,0.5931555940991361,0.9982479810714722,0.5075629438672751,0.4255514641602838,0.9994913339614868,0.4501507821537203,0.42708369379951877,0.9995843768119812,60.02571366281143,0
391,0.5382601391701476,0.6203474828175141,0.9995132684707642,0.42455883820851675,0.5936594662212195,0.9982982277870178,0.5069326928683694,0.42436657349268625,0.9995202422142029,0.4496688530558635,0.42480711426053763,0.9996090531349182,60.02571366281143,0
392,0.5383750853084387,0.6200540746961326,0.9994796514511108,0.4256371969268439,0.5931700411297031,0.9982488751411438,0.5068389546303527,0.4251679721332735,0.9994264245033264,0.4495975219068077,0.424237851585661,0.9995344877243042,60.02571366281143,0
393,0.537872936044421,0.6209074457486475,0.9994698762893677,0.4254350406782971,0.5900583238828755,0.998248815536499,0.5068798945063641,0.42697393326532307,0.9992823004722595,0.4496796599456246,0.42440639932950375,0.9993937611579895,60.02571366281143,0
394,0.5368500437055319,0.6232453669820518,0.9994944334030151,0.42430657857940346,0.5852525858652029,0.998336136341095,0.506843399433863,0.42795834654853493,0.9993058443069458,0.4493434741383511,0.4223981442905611,0.9994056820869446,60.02571366281143,0
395,0.5357093470437191,0.623776427337102,0.9995188117027283,0.42291067043940256,0.573834515753247,0.9984448552131653,0.5066023979868212,0.42710186612038414,0.999269962310791,0.44790328258559853,0.41810188548905547,0.9993681907653809,60.02571366281143,0
396,0.5345409285454528,0.6241155862808232,0.9995381832122803,0.4217722046942941,0.5644604563713078,0.9985414743423462,0.5058249348685859,0.4219803398563752,0.999083936214447,0.446173768667948,0.41181606054306064,0.9992009997367859,60.02571366281143,0
397,0.5340633023352854,0.6238631010055546,0.999542236328125,0.4208577119168785,0.5554035816873828,0.9985719919204712,0.5047717321486704,0.4158139015947073,0.9990092515945435,0.4434985433306016,0.4070170791376208,0.9991140961647034,60.02571366281143,0
398,0.5334731056576687,0.6136439612933573,0.9995570778846741,0.4208777248859409,0.5448909657342098,0.9986462593078613,0.5038017261595957,0.40932145430928224,0.9990440607070923,0.44048144845735493,0.4038512068135401,0.9991127252578735,60.02571366281143,0
399,0.5321373144785568,0.5939680564971203,0.9995744228363037,0.4217337909198946,0.5340375985418051,0.9986372590065002,0.5026980723653525,0.4034456837744943,0.9990720748901367,0.43807922516550374,0.4033728398027877,0.9990940093994141,60.02571366281143,0
400,0.5304520413989117,0.5685875728016813,0.9995774626731873,0.42315402201243846,0.5241224453562786,0.9985994100570679,0.5022126237551375,0.397955873182842,0.9990878105163574,0.43672578959237995,0.4007040687969756,0.9991069436073303,60.02571366281143,0
401,0.5294482253846673,0.5459233834629971,0.9995632171630859,0.42400757755552054,0.5124104250045054,0.9986395835876465,0.50257492633093,0.3918257767245886,0.9990731477737427,0.4353823477313636,0.39819867696080924,0.9991191625595093,60.02571366281143,0
402,0.528988551525843,0.5295468909399854,0.9995240569114685,0.42471053061031194,0.5084696156638013,0.9987107515335083,0.5021925412473228,0.3807493689514345,0.9990659356117249,0.43523542937778326,0.38844381627582397,0.9991285800933838,60.02571366281143,0
403,0.5297545506840664,0.5245193782306857,0.9995273351669312,0.4252531869070874,0.5104310597692221,0.9988083243370056,0.5011292554083329,0.36774229861441143,0.9991047978401184,0.43524559196971746,0.3761644420169652,0.999163806438446,60.02571366281143,0
404,0.5316690291677206,0.511669503790992,0.9994121193885803,0.42479284036727216,0.5159609317779545,0.9988024830818176,0.4993897080421452,0.3540280532269253,0.9991400837898254,0.43446872773624634,0.36283070558593417,0.9991929531097412,60.02571366281143,0
405,0.5346690444719229,0.5006105956577124,0.9991362690925598,0.4220485275699982,0.5065867546058841,0.9987211227416992,0.4970613051028483,0.33473092317581205,0.9991564750671387,0.43277797954423125,0.34415423018591773,0.9992021918296814,60.02571366281143,0
406,0.5285577476024632,0.4844295432170236,0.9987236857414246,0.42527060281662754,0.4848303404592337,0.9986712336540222,0.49297886873994595,0.3382192438557037,0.9990920424461365,0.4356888284285867,0.34623146128086846,0.9991752505302429,60.02571366281143,0
407,0.5031426804406306,0.46492823532649485,0.9987969994544983,0.44177973838079576,0.45627978586015283,0.9987337589263916,0.4852255554426288,0.3924322014763245,0.9990832209587097,0.4480225514797941,0.3954979181289676,0.9991986751556396,60.02571366281143,0
408,0.4665942475909282,0.44104381615207344,0.0,0.4680928900128323,0.42600338302907526,0.0,0.4752502803291597,0.46769297974450286,0.0,0.46554246899627544,0.4661969634748644,0.0,60.02571366281143,1
409,0.43850874758902086,0.4121328578108836,0.9980720281600952,0.4894236610049297,0.40277819548334426,0.99853515625,0.4697130251498453,0.5300813459214715,0.9990530610084534,0.4820314830257783,0.5308142758551102,0.9992571473121643,60.02571366281143,0
410,0.4245678512823018,0.3741988262959892,0.9968376755714417,0.49926552460307205,0.3865938023442317,0.9973746538162231,0.468368469959214,0.5574211251168029,0.998396098613739,0.49167018632094106,0.5646301784685684,0.9990013241767883,60.02571366281143,0
411,0.43055429628917186,0.34334339981987394,0.9956550598144531,0.4911045630772912,0.37412736529395724,0.995622456073761,0.4733995312736151,0.5412824863479255,0.99773108959198,0.4910475696836203,0.5591828127702081,0.9984332323074341,60.02571366281143,0
412,0.4423843806698213,0.3173290945234756,0.9946041703224182,0.4817889659177693,0.3533292909463249,0.9933672547340393,0.4794291626839414,0.505677122445334,0.997180700302124,0.48764810675666487,0.5320093660127553,0.9979915618896484,60.02571366281143,0
413,0.44525149748438914,0.2985331373555322,0.9935939908027649,0.47966758835883405,0.33699952278818435,0.991250216960907,0.48175221681594893,0.49654361179896805,0.9965512752532959,0.48735652509189825,0.5221916210083739,0.9976451396942139,60.02571366281143,0
414,0.4385105626923701,0.2905660839307878,0.993386447429657,0.4874330262343093,0.3272862902709419,0.9907763600349426,0.4808534738563359,0.4966988251322796,0.9963456988334656,0.4883160463401254,0.520103854792459,0.9974671006202698,60.02571366281143,0
415,0.42985665230524006,0.2841264335882098,0.9936331510543823,0.49873701873279797,0.3119809372084484,0.9914416670799255,0.4780727284295222,0.4915506669453216,0.9964599013328552,0.4911815183503291,0.5102286253656664,0.9976391196250916,60.02571366281143,0
416,0.42423284621465807,0.27686730452946273,0.9932341575622559,0.502279727231889,0.2916523615519208,0.9920200705528259,0.47517761446180834,0.4838078220685327,0.996361255645752,0.49431536878858334,0.49676415749958625,0.9977774024009705,60.02571366281143,0
417,0.4236094696181164,0.2770211540517355,0.9927372336387634,0.49849210395699495,0.28641780004614903,0.9923269152641296,0.474000664693969,0.4851296132519135,0.9962720274925232,0.4958574048110421,0.4950562460081922,0.9978033900260925,60.02571366281143,0
418,0.4258713211332052,0.29754443395705477,0.9926615953445435,0.4966291728473849,0.29279740651448594,0.9929777383804321,0.4726421052501319,0.5032871010757631,0.9963876605033875,0.49654031083697403,0.5092779000600183,0.9979652762413025,60.02571366281143,0
419,0.4283255665075214,0.31339748984291466,0.0,0.49389519365060935,0.3039002028249561,0.0,0.4715834238699508,0.5181658083484291,0.0,0.4951614992959163,0.5221528183846251,0.0,60.02571366281143,1
420,0.4277659526893074,0.3258880334241052,0.9919012784957886,0.49596666296323183,0.3199174333186379,0.9935136437416077,0.4705913783538913,0.5268952867814477,0.9965881705284119,0.49271621235779395,0.5310964953331725,0.9981493949890137,60.02571366281143,0
421,0.4237181785560793,0.33449798822402976,0.9922109246253967,0.5053259254921054,0.3309870837699802,0.9939993023872375,0.4673173562401821,0.529849876960119,0.9967899322509766,0.4916177519730163,0.5317401318323048,0.998282253742218,60.02571366281143,0
422,0.4250590205192569,0.3269762396812442,0.0,0.5078002924010871,0.3290186836605983,0.0,0.4663211029200331,0.5156862742844086,0.0,0.4909102185851056,0.5193906767027723,0.0,60.02571366281143,1
423,0.43018433309736737,0.3139905716691701,0.992515504360199,0.5035976441133594,0.3262395134993964,0.9944749474525452,0.4667487144470219,0.500424614974431,0.9970477819442749,0.4886558424858824,0.5084309407642913,0.9984322786331177,60.02571366281143,0
424,0.43264398688361794,0.3121927210262846,0.9929884672164917,0.49990643915675975,0.3304069311845873,0.9942798614501953,0.46704421085970776,0.5005779216686889,0.997125506401062,0.48803883294264516,0.512011357716152,0.9984545707702637,60.02571366281143,0
425,0.4322628435634435,0.30231071795736064,0.993422269821167,0.4964299528371724,0.3213403295902981,0.9945790767669678,0.467915739331927,0.4895850419998173,0.9972721934318542,0.48879416499819117,0.5048846687589377,0.998542308807373,60.02571366281143,0
426,0.42916861176490817,0.28907069563865684,0.993777334690094,0.49568898053396354,0.31186564621471247,0.9948930740356445,0.4677018963155296,0.4780421682766509,0.9972681403160095,0.49073723100480615,0.4971027047861194,0.9985927939414978,60.02571366281143,0
427,0.426151031539554,0.28354207390830655,0.9942023158073425,0.499245860746929,0.3087606330712639,0.9952781200408936,0.4670409659544631,0.4763752264635907,0.9973532557487488,0.4933088563737419,0.49579934846787266,0.9986735582351685,60.02571366281143,0
428,0.42202859265463727,0.27548410778953936,0.9947195053100586,0.5033145575296315,0.3060781529971534,0.9957037568092346,0.46537721866653114,0.4725242782206766,0.9975798726081848,0.49528167787052374,0.4938131528241298,0.9987935423851013,60.02571366281143,0
429,0.4188674489657087,0.26616503085408916,0.9951469302177429,0.5038975562368124,0.3160439232985181,0.9960483908653259,0.46331114428384,0.46961336902209727,0.9977787137031555,0.4943204919497176,0.4944064986138121,0.9988967776298523,60.02571366281143,0
430,0.41445422740209703,0.26226655074528304,0.9956132769584656,0.5058407130695528,0.33178149802344215,0.9964321255683899,0.46111920475959817,0.47350209525653336,0.997970461845398,0.4943290381204518,0.5019747458753135,0.9990018010139465,60.02571366281143,0
431,0.4096023880300071,0.26484684149424254,0.9960311055183411,0.5092267223766876,0.34627318240347393,0.9967619776725769,0.45930934661910683,0.47947460271063347,0.9981492161750793,0.49499526194163773,0.5096188471430828,0.999096155166626,60.02571366281143,0
432,0.4058531678858261,0.2669430360907602,0.9962985515594482,0.5144391428856627,0.3591564624082477,0.996990442276001,0.45758847537494873,0.48408980738549046,0.9982512593269348,0.49612670569192835,0.5159406832286293,0.9991697072982788,60.02571366281143,0
433,0.4039708759103506,0.27171459652128693,0.9963676333427429,0.5187544226646428,0.3595324712140222,0.9971978664398193,0.4568840265274051,0.485917170842489,0.9982821941375732,0.4974339391504019,0.5169670297985989,0.9992316961288452,60.02571366281143,0
434,0.4052675522509078,0.2742009758949282,0.9964625835418701,0.5155234251703539,0.34859901524725445,0.9973633885383606,0.4572800596555078,0.4856938251427245,0.9982790946960449,0.4971987136772704,0.5155113623255779,0.9992672204971313,60.02571366281143,0
435,0.4125365728423712,0.27454968577339556,0.9964519143104553,0.5050143599510197,0.3367216246468683,0.9974589347839355,0.46035673930531495,0.4789233491534282,0.9981806874275208,0.4946652508917313,0.5088956654071812,0.9992858171463013,60.02571366281143,0
436,0.4227756786914102,0.2745066966329304,0.9964479207992554,0.492840341159276,0.33055827305430485,0.9974898099899292,0.46526619933900415,0.4743276678380516,0.9980413913726807,0.4917694174108055,0.5056548913319909,0.999279260635376,60.02571366281143,0
437,0.4322160723663515,0.2727692850998472,0.996504545211792,0.48294185598691347,0.32511963730766685,0.9973330497741699,0.4697731080509371,0.4667759097757797,0.9980276823043823,0.4891074058555425,0.49959150098619043,0.9992684125900269,60.02571366281143,0
438,0.4352759080273768,0.27270868562516737,0.9962918162345886,0.4825701145898732,0.33154196682430476,0.9971069693565369,0.4730803001494639,0.4670858979225162,0.9980674982070923,0.4884582388968699,0.5008606797172914,0.9992876052856445,60.02571366281143,0
439,0.4296980897585554,0.27217684757141863,0.9962592720985413,0.48887725245384983,0.33159540948413696,0.9971147775650024,0.4723351853234431,0.46418863534927407,0.9979465007781982,0.48951541809808674,0.49868108403115086,0.9992725253105164,60.02571366281143,0
440,0.42010809268270255,0.2747540374596916,0.9960773587226868,0.49883616822106536,0.3393129748957501,0.9969678521156311,0.4702978999841785,0.4716444270951411,0.9979122877120972,0.492861275162016,0.5051038918041051,0.9992857575416565,60.02571366281143,0
441,0.4117725264458433,0.27606532829148456,0.9961122870445251,0.5075107401325594,0.33328935503959684,0.9971356987953186,0.4678691128889723,0.48142493622643645,0.9979374408721924,0.4965122469833923,0.5119260663077949,0.999319314956665,60.02571366281143,0
442,0.4064409917309174,0.2747226172969457,0.996422290802002,0.5136204361915593,0.32384567033676903,0.9973795413970947,0.46593647627603474,0.4878779947757725,0.9980928301811218,0.4998250433376861,0.5125118678524385,0.9993780851364136,60.02571366281143,0
443,0.4054651785464517,0.27076475393204485,0.9967198371887207,0.5146224725814097,0.3099687383288432,0.9976133704185486,0.46391425104368345,0.48592283612205905,0.9982349276542664,0.5007138195491977,0.5062268560840975,0.9994282722473145,60.02571366281143,0
444,0.40553743924413443,0.268222578934261,0.9969704151153564,0.5145991614886697,0.3043895264466606,0.9978203177452087,0.4625195733138497,0.4827577088560381,0.9983892440795898,0.5021446971666249,0.49946406057902787,0.9994796514511108,60.02571366281143,0
445,0.40580201290902673,0.26757922200929574,0.9971599578857422,0.5125447852270948,0.2997695179212664,0.9979773759841919,0.4605705468427571,0.4723571638266249,0.9985123872756958,0.5025011187507997,0.4887861481734688,0.9995242357254028,60.02571366281143,0
446,0.40419546053523137,0.27344117561976133,0.9972320199012756,0.5121112068494165,0.30628735252789113,0.9980759024620056,0.459182631401789,0.47016510651225174,0.9986081719398499,0.5046051400048396,0.4875975705328446,0.9995603561401367,60.02571366281143,0
447,0.4026194810867313,0.2816547609510878,0.9973956346511841,0.5144843175297695,0.31721593084789484,0.998233437538147,0.45814500961984944,0.4732242581390203,0.9986897706985474,0.5080021563030428,0.49362332906041867,0.9995965361595154,60.02571366281143,0
448,0.40232089587620357,0.2889463887328195,0.9974470734596252,0.5178216355187557,0.32506413970674813,0.9983514547348022,0.4582768451599851,0.47670560791378963,0.9987545013427734,0.5108314610662918,0.49985620095616334,0.9996257424354553,60.02571366281143,0
449,0.40181457286789335,0.2935906691210613,0.9975554943084717,0.5207986803281879,0.3260522527354107,0.9984749555587769,0.458075100467319,0.4794265131155654,0.998822808265686,0.5109108345849178,0.5063916118372058,0.9996553063392639,60.02571366281143,0
450,0.4022567385718939,0.2950553979192464,0.9975398182868958,0.5228693400110521,0.3228052102384116,0.9984712600708008,0.45804503134318797,0.4810745446454915,0.9988418221473694,0.510371327400208,0.5098327965963458,0.9996609091758728,60.02571366281143,0
451,0.4021307130654656,0.2937785855361396,0.9975408315658569,0.5234403610229497,0.3142083414963316,0.9985323548316956,0.45789398891585253,0.481246806326367,0.9988328218460083,0.5079021397091098,0.5101824090594341,0.9996628761291504,60.02571366281143,0
452,0.40153976423399823,0.29066963706697757,0.9976561665534973,0.5215878486633305,0.30125046202114675,0.9986459016799927,0.4576273290883931,0.48057421474229756,0.9988770484924316,0.5053345277195889,0.5089163893745063,0.9996863603591919,60.02571366281143,0
453,0.40087775389353464,0.2877880107788815,0.9977725744247437,0.5211172926993601,0.3011694749196373,0.9987512826919556,0.4574102205889569,0.4787432381084991,0.9989129304885864,0.5039993439401903,0.5071092290537702,0.9997066855430603,60.02571366281143,0
454,0.4006338800702779,0.28656380659058,0.997891902923584,0.5204613946733024,0.30061623454093955,0.9988478422164917,0.4574441640149983,0.4789517096110757,0.9989530444145203,0.5036823834691733,0.504779818512145,0.9997284412384033,60.02571366281143,0
455,0.39977327556837206,0.2876866161823275,0.9978991746902466,0.5196534083003094,0.3000449765296212,0.9988805651664734,0.45724923270089324,0.4805729687213901,0.9989772439002991,0.5039673731440594,0.5025313113416948,0.9997460246086121,60.02571366281143,0
456,0.3989455728303821,0.29142607961382205,0.9976310729980469,0.5184134982881096,0.2979633538495929,0.9986859560012817,0.45680713511648663,0.48247496570859677,0.9989160895347595,0.5039961990855992,0.4992462992668156,0.9997316598892212,60.02571366281143,0
457,0.3983724315961205,0.2937504308564325,0.9976394772529602,0.5173466744877048,0.29870524576732116,0.9986652135848999,0.45654135942459145,0.4846102723053527,0.9989182353019714,0.5034406412215464,0.4988255259536566,0.9997380375862122,60.02571366281143,0
458,0.39689947877611464,0.2939920467989788,0.9976906776428223,0.5160628982952667,0.2978398587022511,0.9986301064491272,0.4554466846443362,0.4840756995337354,0.9989571571350098,0.5027176851318,0.4981673132805602,0.999740719795227,60.02571366281143,0
459,0.3954855459077021,0.2914020177863895,0.9978071451187134,0.5149920809836619,0.29510195624260704,0.9987117648124695,0.45397383684203774,0.4807390371958419,0.9990038275718689,0.5014070868492131,0.4983657513345995,0.9997538924217224,60.02571366281143,0
460,0.3946526348590854,0.2885560989379885,0.9976164102554321,0.5142020696685432,0.29634677228473505,0.9987227916717529,0.452821166742416,0.47853787881987475,0.9989680647850037,0.5004226650510519,0.49997964927128424,0.9997576475143433,60.02571366281143,0
461,0.39382899091357304,0.28887957618350096,0.9977877736091614,0.5139395878428509,0.29936675514493694,0.9988285303115845,0.4519182273319793,0.47667127989587366,0.999018132686615,0.5005009514944898,0.5020638675916766,0.9997767806053162,60.02571366281143,0
462,0.3936947938941777,0.29447190392585054,0.9978904128074646,0.5137449474561786,0.3023489656902497,0.9989125728607178,0.4516332206271947,0.4803249069622588,0.9990449547767639,0.5008535072917034,0.5050299479847866,0.9997917413711548,60.02571366281143,0
463,0.39449967514900963,0.30047613098507864,0.997606635093689,0.5146575882321317,0.31196142236391733,0.9988674521446228,0.45254084325972094,0.488883794773193,0.9988766312599182,0.5013062726883666,0.512225537073045,0.9997596740722656,60.02571366281143,0
464,0.3942544204848156,0.3024112170650848,0.9969584941864014,0.5126619537671411,0.3120265588873911,0.9987006783485413,0.45305619211424003,0.4935040530704321,0.9987523555755615,0.501129962149121,0.5122640331586206,0.9997192621231079,60.02571366281143,0
465,0.39326845889999784,0.2998958712532409,0.9971346855163574,0.5091496024812975,0.30456686871392413,0.9987992644309998,0.453351009459723,0.4952401022116347,0.9988020062446594,0.5001014996142619,0.5098705632346021,0.9997329711914062,60.02571366281143,0
466,0.3925534529345379,0.29446845111392816,0.9966904520988464,0.5055438904535207,0.29546535582769506,0.9987747669219971,0.4537072550682798,0.493659812779654,0.9986732602119446,0.49926694376128106,0.5070635023571199,0.9997028112411499,60.02571366281143,0
467,0.3904763829140439,0.2905300358931226,0.9966638684272766,0.5026984895978659,0.29116552784329397,0.9988246560096741,0.4538525314558124,0.492274634894871,0.9986834526062012,0.4984821833315354,0.5066475981757759,0.9997127056121826,60.02571366281143,0
468,0.38791414101918575,0.29135095931234833,0.9967418313026428,0.5018722358204074,0.29353411424727693,0.9988741278648376,0.4539601377078469,0.49513264922868677,0.9986311793327332,0.4981640023844587,0.5094976567086723,0.9997075200080872,60.02571366281143,0
469,0.38609578212102286,0.292881671871458,0.9967005848884583,0.5027911010242647,0.30535744201569354,0.9987065196037292,0.45422420047578393,0.4999787537824544,0.9986440539360046,0.49776993337131725,0.5157827649797716,0.9996962547302246,60.02571366281143,0
470,0.3842386773654396,0.2965288687319985,0.9966980218887329,0.5023853495007473,0.31409583772931804,0.9987234473228455,0.45443182474090976,0.506011464766094,0.9986483454704285,0.4972514652070549,0.5196525199072706,0.9997019171714783,60.02571366281143,0
471,0.3827543045793264,0.3006725836367837,0.9968627095222473,0.50140193104744,0.320955486524673,0.998775064945221,0.45445308940751244,0.510733524958293,0.9987131953239441,0.4967472624211088,0.5226955584117349,0.9997085332870483,60.02571366281143,0
472,0.38314217896688585,0.305793623129527,0.9964047074317932,0.4994869558584127,0.31746562180064997,0.998325526714325,0.4547840058803562,0.5133982584590008,0.9986923336982727,0.4977329046953296,0.5214032105037149,0.9996584057807922,60.02571366281143,0
473,0.3833896588711515,0.31001114987191725,0.9959089159965515,0.4972882214046664,0.3121733708041058,0.9981907606124878,0.4551287265050983,0.515781320276715,0.9986183047294617,0.49812789048467404,0.5185273289680485,0.9996235966682434,60.02571366281143,0
474,0.3837758671669736,0.3123750289281212,0.9953175187110901,0.49588893282981183,0.30386403061094763,0.9977543950080872,0.4553019219920752,0.5135118081456143,0.9985648393630981,0.4981645771435333,0.5134448465846838,0.9995318651199341,60.02571366281143,0
475,0.3844738148507621,0.31126150205021835,0.9952486753463745,0.4947608127480465,0.2998503531728475,0.9978370666503906,0.45530153030440956,0.5082482184682577,0.9984943270683289,0.49746401395116574,0.5096762776374821,0.9995068907737732,60.02571366281143,0
476,0.38484528235026794,0.31076013474237374,0.9952401518821716,0.4944036787464509,0.295263340075811,0.9979673027992249,0.4552728803384875,0.5028453270594283,0.9983522295951843,0.4974510570367181,0.5064286830879396,0.9995202422142029,60.02571366281143,0
477,0.38369692081496853,0.3058271393889475,0.9953907132148743,0.4936390533333737,0.28862981285367717,0.9980156421661377,0.45616401235262594,0.4935061704544798,0.9983813166618347,0.4985346879277915,0.5010985533396407,0.9995273351669312,60.02571366281143,0
478,0.38577639772778494,0.30644689926079366,0.9954938888549805,0.4925769099167419,0.2860549425794967,0.9980890154838562,0.4577088526317055,0.49106097859995745,0.9983094930648804,0.5002360627764751,0.49880382063842993,0.9995077848434448,60.02571366281143,0
479,0.39716749815713825,0.32538727209681584,0.9954442381858826,0.49166927309263364,0.3080727131593798,0.9979349374771118,0.46005395906312163,0.5122207289650331,0.9983224868774414,0.500305084955125,0.5168347330320453,0.9994210004806519,60.02571366281143,0
480,0.40703355130695196,0.3404546514863062,0.0,0.4944219461509164,0.3297650650853205,0.0,0.46026273284639674,0.5279870267425268,0.0,0.49807269090697914,0.533644733684404,0.0,60.02571366281143,1
481,0.4117617152986076,0.34571801622708664,0.9955223798751831,0.49911461557660824,0.3425630884511133,0.9981024265289307,0.4577848045598897,0.5337147428875881,0.998426616191864,0.49374162157376644,0.541648870422727,0.999470055103302,60.02571366281143,0
482,0.4102758538155332,0.336151318181129,0.9956651329994202,0.5048671889872782,0.34509783628441065,0.9980188608169556,0.45201361321267663,0.5208834686449599,0.9984638094902039,0.49088277135576563,0.5389029915843696,0.999476432800293,60.02571366281143,0
483,0.4011490827515015,0.3171733745506834,0.9959744811058044,0.5092600995586036,0.330493109566825,0.9981315732002258,0.4461043008736205,0.49896699048223986,0.9984386563301086,0.4901528897739596,0.5236789910566244,0.9994627237319946,60.02571366281143,0
484,0.39263935316176674,0.29858192801475547,0.9962579607963562,0.5115048942111792,0.31556006130718073,0.9982979893684387,0.4412237079370593,0.4754711233434227,0.9983813762664795,0.49163521471477734,0.5067850010735652,0.999499499797821,60.02571366281143,0
485,0.39099569547744056,0.29164764001255966,0.994961142539978,0.5109248984427683,0.3157063353629342,0.9978932738304138,0.4378783915724076,0.4659383382116049,0.9978024959564209,0.49406080018906406,0.5027129082452688,0.999431848526001,60.02571366281143,0
486,0.3881226096834458,0.2839220946743377,0.995188295841217,0.510504191830045,0.30965386685870966,0.9980562329292297,0.4357275962829593,0.45684199531873104,0.9977003335952759,0.4958769153980986,0.4973351103918897,0.9994642734527588,60.02571366281143,0
487,0.38608793843360206,0.27415848062151976,0.9955375790596008,0.5093187973612835,0.301315513395128,0.9982008934020996,0.43537612046514274,0.4543131135758903,0.9976536631584167,0.49631742352531105,0.4921907995428362,0.9994983673095703,60.02571366281143,0
488,0.38582060450599337,0.2651982165518263,0.9958810210227966,0.5084814940180101,0.2993074612958093,0.9983499646186829,0.4355578890868599,0.45434121432758545,0.9977266192436218,0.49657274427868114,0.49233753624416576,0.9995322823524475,60.02571366281143,0
489,0.3843099049159462,0.2652707412129359,0.9962493181228638,0.5081976794061211,0.2999083499113721,0.9984985589981079,0.436671906993503,0.4649252848965785,0.997921347618103,0.49655817236219174,0.49716229807762913,0.9995718598365784,60.02571366281143,0
490,0.38391043742497794,0.2667047977447512,0.9966082572937012,0.5082144538561507,0.3029471664201648,0.9986431002616882,0.4380652989659994,0.47145510003680313,0.9980957508087158,0.4968244532744094,0.5011759343601412,0.9996118545532227,60.02571366281143,0
491,0.3833648193450204,0.2672122149240405,0.9968900680541992,0.5083008011182153,0.3042185760679702,0.9987609386444092,0.43798608865056754,0.47032671599161097,0.9982070326805115,0.4962211606048406,0.5015750172592348,0.9996436834335327,60.02571366281143,0
492,0.38282112990106887,0.27037897564116,0.9971837401390076,0.5082638036637084,0.303935576052893,0.9988803863525391,0.4384234859829861,0.47339780841554946,0.9983566999435425,0.49523599800609447,0.5035839960688641,0.9996774196624756,60.02571366281143,0
493,0.38345042296818355,0.2711043173358556,0.9974438548088074,0.5079722092265179,0.3039291742302125,0.9989845752716064,0.4394766078108836,0.47825100876036186,0.9984976053237915,0.49375325015613053,0.5059140154293609,0.9997075796127319,60.02571366281143,0
494,0.38473607386861564,0.2723271917729153,0.997521698474884,0.507413690998441,0.30362146241324317,0.9990118741989136,0.4407146658216207,0.4813891180924011,0.998562753200531,0.4921207825342818,0.5084681454158969,0.9997265934944153,60.02571366281143,0
495,0.3845051328341169,0.27396921174866834,0.9977436065673828,0.5072923841930576,0.3045755525430046,0.9991023540496826,0.4415432853358136,0.48344459703990433,0.9986832737922668,0.4913685619831089,0.5104812213352753,0.9997522234916687,60.02571366281143,0
496,0.38434692791530095,0.2732247454779491,0.997930109500885,0.5070176862535026,0.305422446557454,0.9991747140884399,0.4419484919025788,0.4810568605150499,0.9987805485725403,0.4910288311186295,0.5105520430065341,0.9997735619544983,60.02571366281143,0
497,0.38357415369578807,0.27606750528017704,0.9980852007865906,0.5064301093419397,0.30626525339626154,0.9992351531982422,0.4416874448458357,0.48132196352595413,0.9988709688186646,0.4907122353712722,0.5100947277886531,0.9997920989990234,60.02571366281143,0
498,0.38272124245053274,0.2777726919878099,0.9981973171234131,0.5059017539024357,0.30697362905456926,0.9992828965187073,0.44170211468424153,0.4856261809666955,0.9989343285560608,0.4908507139909839,0.5107182604925977,0.9998070001602173,60.02571366281143,0
499,0.38210379793530447,0.27989652752876304,0.998175859451294,0.5051399299076629,0.3061082916600366,0.9992514252662659,0.4418027216479895,0.48999988181250476,0.9989620447158813,0.4909972974232269,0.510707000891368,0.999810516834259,60.02571366281143,0
500,0.3816040938808808,0.2823328517732168,0.99828040599823,0.5043977555774511,0.3086298775105252,0.9993095397949219,0.44205061452729394,0.4929133809748154,0.9990295767784119,0.49107875852357813,0.511175149963016,0.9998262524604797,60.02571366281143,0
501,0.3817215178694047,0.2835158109664919,0.9983969330787659,0.5041974357196266,0.31450116918200566,0.9993429183959961,0.44236190404210807,0.49170221601213765,0.9991030097007751,0.491129611219679,0.5095708597274058,0.9998399019241333,60.02571366281143,0
502,0.38241864953722304,0.284126591114771,0.9984696507453918,0.5037060720579969,0.3199585037572046,0.9993749856948853,0.4428261575244726,0.4874873047783265,0.9991552233695984,0.4905210974670595,0.5073438230014987,0.9998518228530884,60.02571366281143,0
503,0.38272809840384014,0.28752871354421006,0.9985553026199341,0.503145053273156,0.32436914954866714,0.9994136095046997,0.4429071659133551,0.48696248162360456,0.999208927154541,0.49134626558848826,0.5055966859772095,0.9998633861541748,60.02571366281143,0
504,0.3824335109619871,0.28918120690754506,0.9985729455947876,0.50280165104639,0.32526092160315767,0.9993961453437805,0.4428103438445503,0.4865743333385108,0.9992396831512451,0.492978420995531,0.5051730048088805,0.9998682141304016,60.02571366281143,0
505,0.38078667862074744,0.2926945941788812,0.9985105991363525,0.5024963645707998,0.3243009731883097,0.9993585348129272,0.4420161474318735,0.4880467851956689,0.9992566704750061,0.4947344462076827,0.5060905927703498,0.9998736381530762,60.02571366281143,0
506,0.37871516744295786,0.2963234824793682,0.9985665678977966,0.502541025479635,0.32143858784721036,0.9993652105331421,0.4411069793360577,0.4914517941929049,0.9992663264274597,0.4961313860757014,0.5082044714973091,0.9998779296875,60.02571366281143,0
507,0.37692995156560655,0.2974878975323271,0.9985479116439819,0.5030907761482969,0.3199904688767027,0.9993510246276855,0.4397368729114536,0.48877070631299735,0.9992546439170837,0.49667845595450666,0.5058213926496964,0.9998825788497925,60.02571366281143,0
508,0.37604778721219045,0.30159664863631863,0.998609721660614,0.50191757224855,0.32399716689473135,0.9993532299995422,0.4406692626930422,0.48879678618340305,0.9992899298667908,0.4958133839425591,0.5094769880885174,0.9998900294303894,60.02571366281143,0
509,0.3765917221705122,0.3006494797411422,0.9987107515335083,0.4999214751379834,0.3273791812715079,0.9993994832038879,0.4416703666959494,0.483240358886265,0.9993436336517334,0.49556883459999485,0.5086893354143419,0.9998996257781982,60.02571366281143,0
510,0.3768852636927653,0.29695573732966496,0.9985935688018799,0.49831877719788364,0.33051896237191725,0.9994015693664551,0.4426146958555498,0.47569102048873946,0.9993305802345276,0.495411621672767,0.5060010992345361,0.9999021887779236,60.02571366281143,0
511,0.377736500331334,0.2945664184434076,0.998626708984375,0.49594615470795445,0.33094778656959556,0.9994294047355652,0.4431947043963844,0.4701094329357151,0.9993648529052734,0.4952705715383806,0.5037161793027609,0.9999098181724548,60.02571366281143,0
512,0.379255933420999,0.29410748680432663,0.9987216591835022,0.494233825377056,0.32821576084409465,0.9994685649871826,0.44344219849223215,0.46824759670666327,0.9994035959243774,0.4950985567910335,0.502491543690364,0.9999171495437622,60.02571366281143,0
513,0.3814947037469776,0.29449089935847717,0.9986703991889954,0.4930333892504378,0.3214848453090307,0.999488353729248,0.44296661445072755,0.4654778086003807,0.9993903636932373,0.4945843858378278,0.49965875489371203,0.9999207258224487,60.02571366281143,0
514,0.38370224265825215,0.29706568661190236,0.9987769722938538,0.49136153998829113,0.3176867607093995,0.9995280504226685,0.44417121296837253,0.4690886565617156,0.9994356036186218,0.4938643588906247,0.5041627585887913,0.9999273419380188,60.02571366281143,0
515,0.38542613529023706,0.2948965572175528,0.9988270401954651,0.49046165034884537,0.3137254729157405,0.99955815076828,0.44424375607853883,0.46864106825419866,0.9994437098503113,0.49313469160170825,0.5050357154437478,0.9999310970306396,60.02571366281143,0
516,0.3854406206380756,0.2915259287470865,0.9988909363746643,0.49054677713485034,0.3108510744004025,0.9995899796485901,0.44357893296650514,0.46636066408384447,0.9994493126869202,0.4926580815088185,0.5021375190644041,0.9999344944953918,60.02571366281143,0
517,0.38561888677733314,0.28932615121205674,0.9988895654678345,0.4893504012198679,0.3069942366509213,0.9996002912521362,0.44283134738604263,0.4636749838079729,0.999457597732544,0.49255090810003777,0.4970216736907055,0.9999372959136963,60.02571366281143,0
518,0.3849448476518907,0.2883600322973163,0.9988211393356323,0.4883466036546802,0.30750042058172705,0.9996088147163391,0.4422115144275487,0.46156937451589714,0.9994332194328308,0.4927664597829187,0.49306293754350605,0.9999387264251709,60.02571366281143,0
519,0.38424609388623954,0.2899343782947179,0.9988662600517273,0.48714237269901134,0.30641308143025375,0.9996343851089478,0.441874091114317,0.46114225614638593,0.9994338750839233,0.4929511390981224,0.4920282264550531,0.9999417066574097,60.02571366281143,0
520,0.38353501189322725,0.2913036899907251,0.9989177584648132,0.48620304323378105,0.30606855097271174,0.9996575713157654,0.44202281605629734,0.46292958231199394,0.999445915222168,0.4930292921406886,0.4949650523208441,0.9999447464942932,60.02571366281143,0
521,0.38311504182361455,0.29242027799288456,0.998953640460968,0.4856146701744628,0.3067342525436767,0.9996792674064636,0.4420338670412703,0.46472405677750034,0.999435544013977,0.49324252633821436,0.49936344084285594,0.9999464750289917,60.02571366281143,0
522,0.38233867997214943,0.29376666744550095,0.9989336729049683,0.4855872591336572,0.3079049232460206,0.9996877908706665,0.4419804570220769,0.46620558415140456,0.9994201064109802,0.4935883936427892,0.5021614446526487,0.9999480843544006,60.02571366281143,0
523,0.38119006866500527,0.2951201839106426,0.9989359974861145,0.48578379551569656,0.31039782648994835,0.999697208404541,0.4419139893282031,0.46793829259418346,0.9994189143180847,0.4937859461421062,0.5038686366308307,0.99994957447052,60.02571366281143,0
524,0.38104301265307866,0.29417683538936457,0.9989122748374939,0.4853386282920842,0.31006532765570166,0.9996979832649231,0.44168900166239095,0.4666031329404744,0.9994077682495117,0.4937247917765667,0.5012055990241826,0.999950647354126,60.02571366281143,0
525,0.3816009405113405,0.29349459211031625,0.9987762570381165,0.48456850222178904,0.3085880591755824,0.9996867179870605,0.4415100827103573,0.4660152721972696,0.9993471503257751,0.4935002866245456,0.4975971366677969,0.9999487400054932,60.02571366281143,0
526,0.3825032526538489,0.2920875449975334,0.9981808066368103,0.4834533901441669,0.30482440619241646,0.9996459484100342,0.4410115352698738,0.4635904743557888,0.9992181062698364,0.4933850041457589,0.49351986958867067,0.9999443292617798,60.02571366281143,0
527,0.38421173180852647,0.2915791457607635,0.9982042908668518,0.4805554023810799,0.30030954877535526,0.9996590614318848,0.4410956459386012,0.4635359460399268,0.9991801977157593,0.49351300653957225,0.4922589219751816,0.9999438524246216,60.02571366281143,0
528,0.3832596739133202,0.29497511472020854,0.9980745911598206,0.48150668257758766,0.29799566524369403,0.9996564984321594,0.44163062317030805,0.4671043583324981,0.9991037845611572,0.49426061198824967,0.4945630615665803,0.999940812587738,60.02571366281143,0
529,0.3809813459714257,0.3001347297713872,0.9977837800979614,0.484731841655005,0.29699537725675695,0.9996122717857361,0.4424240943931402,0.47282838111832065,0.9990462064743042,0.4948792528538481,0.49910707558904416,0.9999352097511292,60.02571366281143,0
530,0.37909504487400997,0.30518009832927184,0.9974397420883179,0.4889626687481294,0.29541846825963003,0.9994233846664429,0.44315234252384766,0.4772688874176574,0.9990137815475464,0.4954165049961639,0.5026876387142004,0.9999199509620667,60.02571366281143,0
531,0.3776037011827744,0.3087372141225,0.9965776801109314,0.49345440098217597,0.2934049084073024,0.9992582201957703,0.4436275888056986,0.47886007740384096,0.998934268951416,0.49618359122957545,0.5028435190518701,0.9999140501022339,60.02571366281143,0
532,0.3765559480303813,0.3090552389621737,0.9963945150375366,0.49659892065184497,0.28740403481892196,0.9991247653961182,0.44323835202625855,0.4752255096322018,0.9989020228385925,0.4971749768370678,0.5005623698234563,0.9999025464057922,60.02571366281143,0
533,0.3767359696683432,0.30841812065669494,0.9964867830276489,0.4981917526040762,0.28987317142032465,0.9991751909255981,0.44335531478836454,0.47197973870095794,0.9988785982131958,0.49905495132718813,0.5017735702650892,0.9999027252197266,60.02571366281143,0
534,0.37609901172774207,0.30725489201999867,0.9967328310012817,0.5008537485485989,0.29822431008021066,0.9992246031761169,0.4437246876103541,0.4717583429245726,0.998907208442688,0.5005509853363042,0.5052328251657036,0.9999065399169922,60.02571366281143,0
535,0.3762944269747964,0.3056704969633196,0.9970175623893738,0.5018639763196314,0.30667177552268643,0.9992839097976685,0.4443358069374451,0.47447477493967366,0.9989981055259705,0.5010198595977969,0.5083840574537009,0.9999139904975891,60.02571366281143,0
536,0.37619188427925143,0.30441960408574087,0.9970018267631531,0.5020673629783453,0.3135956681910018,0.9992769956588745,0.44457155749911387,0.477260503030959,0.9990113377571106,0.5007552788371136,0.5117806025913787,0.9999140501022339,60.02571366281143,0
537,0.37597866569246596,0.30399149088632516,0.9967106580734253,0.5022163575603853,0.3144824760300775,0.9990717172622681,0.4443879425525669,0.4777156455176221,0.9990012049674988,0.5002216796080275,0.5106972143763592,0.9999040365219116,60.02571366281143,0
538,0.37603436197553397,0.30356421499025277,0.9968127608299255,0.49907090408461474,0.30846427451996605,0.9990789294242859,0.44391606960977864,0.4746841504460293,0.9990307688713074,0.4993257806414654,0.5076386758259368,0.999904453754425,60.02571366281143,0
539,0.37645040523438256,0.30369144110452584,0.9965717792510986,0.4953017972764519,0.30621610936664423,0.9988990426063538,0.4437229647522884,0.47005255875133367,0.9990196824073792,0.4990817507108057,0.5049365333148416,0.9998990893363953,60.02571366281143,0
540,0.37737706587428166,0.30333492869422574,0.996521532535553,0.49067486751647266,0.3051182783785323,0.9988848567008972,0.4436394288426358,0.4668847067015516,0.9990408420562744,0.4983250427813761,0.5020166337490086,0.9998995661735535,60.02571366281143,0
541,0.3787321519284025,0.3042065770853136,0.9953901767730713,0.4862349359762105,0.30468500228155254,0.9985067844390869,0.4441748602049695,0.4666866305328555,0.9989084005355835,0.49765223406610076,0.5008857335363119,0.9998856782913208,60.02571366281143,0
542,0.3809714118639631,0.30426529049873374,0.9948940873146057,0.48138573907670557,0.30499391470636666,0.9984930753707886,0.4448696488425849,0.466980243013019,0.9988597631454468,0.496751189231873,0.5014799052760719,0.9998847842216492,60.02571366281143,0
543,0.3828245614256181,0.3051525652408602,0.9946699738502502,0.479652719838279,0.3025384417601997,0.9984944462776184,0.4456143010230295,0.4688725698561899,0.9988479018211365,0.4968759800706595,0.5026315876415801,0.999885618686676,60.02571366281143,0
544,0.38581611570857854,0.3041686742078693,0.9942331314086914,0.4759079913298293,0.2961110898426603,0.9985198378562927,0.44618474869501057,0.4691388919239956,0.9988440275192261,0.49711673600333117,0.5024497296128958,0.9998846650123596,60.02571366281143,0
545,0.3872185973894031,0.30340639466331143,0.9941691756248474,0.4763568185624626,0.2909648276510695,0.9985226988792419,0.4468070410546806,0.4706858353955409,0.9988403916358948,0.4982853985968094,0.5023327214377271,0.999882161617279,60.02571366281143,0
546,0.3853164485522682,0.30401147972969805,0.9943994879722595,0.48160936718895364,0.2923132535957157,0.9986305236816406,0.4474491519587384,0.4739664963313515,0.9988706111907959,0.5000518276577908,0.5031024898801535,0.9998877048492432,60.02571366281143,0
547,0.3828951404208232,0.3046128494398937,0.9946721196174622,0.4841799906321938,0.2992649901480904,0.9986379146575928,0.44799480551765114,0.4785296987919584,0.9989308714866638,0.501373383260909,0.5043064142976492,0.9998919367790222,60.02571366281143,0
548,0.3814858496189121,0.3017326167651587,0.9949239492416382,0.4833005368709568,0.3033678489071985,0.9987024664878845,0.4472307690552306,0.47481785076005156,0.9989708065986633,0.5014731089274093,0.49966434353873884,0.9998970627784729,60.02571366281143,0
549,0.3809991975625359,0.2992496831076488,0.9950957894325256,0.4802600329830537,0.3010007341702782,0.9987925887107849,0.44498070081075064,0.46433765405700356,0.9989854693412781,0.5006081263224288,0.49171647145634645,0.9999018907546997,60.02571366281143,0
550,0.38231714992296156,0.29901445195788456,0.9953438639640808,0.47877498325847484,0.292274750414349,0.9988718628883362,0.4452763242380963,0.46070007199332863,0.9990336894989014,0.5007043424106783,0.48662237042472517,0.9999083876609802,60.02571366281143,0
551,0.38390272571927053,0.30181202150526526,0.9953917264938354,0.48287523786226944,0.28559348129090834,0.9988390803337097,0.44737098898206473,0.465436445815223,0.9990314245223999,0.5021807324318662,0.48872275153795913,0.9999021291732788,60.02571366281143,0
552,0.38570464934621573,0.3068457572233112,0.9955698251724243,0.48997095511073196,0.282627921728861,0.9988631010055542,0.45100214367821145,0.47677689506894105,0.9990859627723694,0.504146964777084,0.4934020383017408,0.9999060034751892,60.02571366281143,0
553,0.38914245367050204,0.31103569411096144,0.9955989122390747,0.49292156526020636,0.28168207548913526,0.9988794326782227,0.45434694346927496,0.48910361670312463,0.9990854263305664,0.5054117923691164,0.49720264900298383,0.9999041557312012,60.02571366281143,0
554,0.3922942238194605,0.3108124420756388,0.9955729842185974,0.4931944126174568,0.2782827856994813,0.9989141225814819,0.45553747245243653,0.4916201943442939,0.9990813136100769,0.5055938448224753,0.4955310140337267,0.9999039173126221,60.02571366281143,0
555,0.3946054024355755,0.3104004902499065,0.9954367280006409,0.49086253415970615,0.2749884738808589,0.9989380240440369,0.4544654247306646,0.4863357061431525,0.9990421533584595,0.5049530069033309,0.493326211259479,0.9999017715454102,60.02571366281143,0
556,0.39421898552349666,0.31165106665520464,0.9954538941383362,0.4907594167050865,0.2694166742620016,0.9989297986030579,0.45414348301433416,0.4845957514785589,0.9990285634994507,0.5052863586516612,0.4882145438875475,0.9998997449874878,60.02571366281143,0
557,0.3929449461755301,0.3127678363096149,0.9956912994384766,0.49185106300172393,0.2651776784942266,0.9989929795265198,0.45416780312856075,0.48448901517050647,0.9990537762641907,0.5061472767875312,0.4829326598417195,0.9999025464057922,60.02571366281143,0
558,0.3922751872312458,0.31405118817374844,0.9951726794242859,0.4924083749453231,0.26116189360618614,0.9988389015197754,0.4547427112147926,0.4853292263689499,0.9989686608314514,0.5072471187228252,0.47632638045719733,0.9998677968978882,60.02571366281143,0
559,0.39123832611810627,0.3143171937692736,0.9951626062393188,0.4908926657267983,0.25876501344499153,0.9988643527030945,0.4548993735086354,0.48530769348144576,0.9989394545555115,0.5076093191192268,0.47193161788440924,0.9998656511306763,60.02571366281143,0
560,0.3924240838913694,0.31426435283252196,0.9952296018600464,0.4874242231959392,0.2575715013912748,0.9988909959793091,0.4560621451763883,0.48851096488180656,0.9988849759101868,0.5075566853795737,0.4696024670487362,0.9998579025268555,60.02571366281143,0
561,0.3951049872807097,0.3163983055523466,0.9945527911186218,0.4833966663905557,0.26020957032839476,0.9988294839859009,0.4575092239039289,0.4929044246673588,0.9985151886940002,0.5076456325394771,0.47689809401830074,0.9998142719268799,60.02571366281143,0
562,0.39763510794866685,0.31666474541028367,0.9941773414611816,0.4797037882464277,0.26403779217175094,0.9986264705657959,0.4581390392212644,0.49278371107010654,0.9983860850334167,0.5066082761401226,0.4848554375625796,0.9997342228889465,60.02571366281143,0
563,0.39878425853593047,0.32257794766199044,0.9945539236068726,0.482285620201202,0.28345829958007474,0.9987106919288635,0.4591896377858665,0.5021533384209592,0.9984447956085205,0.5077321501005267,0.5021926221393408,0.9997484683990479,60.02571366281143,0
564,0.3977801005045576,0.330814219656445,0.9949213862419128,0.4876533789294111,0.3024114029748102,0.9987934231758118,0.4598022727739247,0.511995375156403,0.998508632183075,0.5099051055454077,0.5196699627808167,0.9997649192810059,60.02571366281143,0
565,0.39309286929312237,0.3353073057674229,0.9951174259185791,0.4926739462784362,0.31358989221709144,0.9987230896949768,0.45951531756491926,0.5193043336981823,0.9984827041625977,0.5117772590546386,0.5322454259509136,0.9997652769088745,60.02571366281143,0
566,0.3871622028804964,0.338471238102232,0.9953267574310303,0.49802729771250814,0.32101465264956186,0.9988045692443848,0.45917205157734137,0.525988720712208,0.9985132217407227,0.512777564071474,0.5370352381751655,0.9997753500938416,60.02571366281143,0
567,0.3841910064220432,0.3476571369738809,0.9956302642822266,0.5011174778143569,0.3227348767575766,0.9988679885864258,0.459476314839863,0.5288245592798511,0.9985716342926025,0.514035264650981,0.5381519198417668,0.9997872710227966,60.02571366281143,0
568,0.38365596816653336,0.3553839567161745,0.9959483742713928,0.5024666048231583,0.32439604543504286,0.9989199638366699,0.4596626474743801,0.5188539425532027,0.9986609220504761,0.5158863621098659,0.5307060366585146,0.999801516532898,60.02571366281143,0
569,0.38733716592902256,0.3735095262527469,0.9956108927726746,0.5034114342360274,0.3463008396682288,0.9987788200378418,0.4607861723218649,0.5229777211234687,0.9985468983650208,0.5171231166237881,0.5346946744691763,0.9997889995574951,60.02571366281143,0
570,0.3977672216438115,0.4020797808965051,0.9956063628196716,0.4984407737141568,0.381879867542358,0.9985612034797668,0.4632137928690233,0.547147197382791,0.9984049797058105,0.5125448902448022,0.5551404385339651,0.9997537136077881,60.02571366281143,0
571,0.40902634958426193,0.429153878064383,0.0,0.4905439551387518,0.4192983089458378,0.0,0.4662693086124606,0.5826277534166977,0.0,0.5051073992536186,0.5868293018568134,0.0,60.02571366281143,1
572,0.41536093751589487,0.44621784062612657,0.9943747520446777,0.4885790560926714,0.4488189263003216,0.9983713030815125,0.4683019476277491,0.6085273566700168,0.9981703162193298,0.49751014936538007,0.6111490471022475,0.9996908903121948,60.02571366281143,0
573,0.41769315870035295,0.4552107212089361,0.9939848780632019,0.4878614594539011,0.45793984120800413,0.9981791973114014,0.46976073015303876,0.6218901304971609,0.9980803728103638,0.4937425447361814,0.624852339426677,0.9996554851531982,60.02571366281143,0
574,0.41608951914878156,0.4499822216374537,0.9936120510101318,0.48669284440222277,0.45474355419476864,0.9979979395866394,0.46938102160181355,0.6144301068215148,0.998144268989563,0.49411385683786335,0.6259007993198582,0.9996503591537476,60.02571366281143,0
575,0.4145971678552177,0.43301232088179853,0.9920622706413269,0.47911636460395124,0.4504285327025826,0.9975913763046265,0.47096325811885686,0.6014752331234166,0.9980549812316895,0.4950501280171534,0.6283268105416075,0.9996455907821655,60.02571366281143,0
576,0.4233165794894812,0.4334324733132411,0.9897987246513367,0.4712974351076856,0.46508451444762133,0.9972497224807739,0.4744960225763779,0.6070726073923569,0.9976636171340942,0.49336907764275906,0.6433192704405108,0.9995932579040527,60.02571366281143,0
577,0.4460728253637045,0.4702484011650089,0.9884289503097534,0.47497187058130935,0.5004470603806637,0.997111976146698,0.4791932404041294,0.6345520785876688,0.9973965883255005,0.49239722036180084,0.6658618733996442,0.9995582699775696,60.02571366281143,0
578,0.47377089375541365,0.5178832745268236,0.0,0.4908974504186997,0.5362365728332887,0.0,0.48307365320977746,0.6615405210426881,0.0,0.49165645596526963,0.6780862765652798,0.0,60.02571366281143,1
579,0.49620877844946765,0.5638304182461334,0.9858611822128296,0.509196675959088,0.5638700808797568,0.996749997138977,0.4840951916717352,0.6853372795241225,0.9974747896194458,0.49120302853130204,0.6843580064319434,0.9994902014732361,60.02571366281143,0
580,0.5107819636662805,0.591402961384683,0.9856207966804504,0.523731106093952,0.5795202184291117,0.9969993233680725,0.4824867901347936,0.6979682033970247,0.9976724982261658,0.4901274421385361,0.686533330451875,0.9995214343070984,60.02571366281143,0
581,0.5150000680060618,0.5873132475784852,0.9838729500770569,0.5298643977869129,0.5803702729088924,0.9972015023231506,0.48183212535721953,0.6966321326437457,0.9978495240211487,0.4898515755221961,0.6862786100024274,0.999555230140686,60.02571366281143,0
582,0.5132110686529254,0.5700408929870246,0.9845125675201416,0.531982228869484,0.5732093311491471,0.9974391460418701,0.4804380961826873,0.6883468514397035,0.9979731440544128,0.48999954547200925,0.6847082603545421,0.9995821714401245,60.02571366281143,0
583,0.5143697971389412,0.5626189055896945,0.9841182827949524,0.5356689663160419,0.5701084136962895,0.9976407885551453,0.47950453275725996,0.6842837390445533,0.998143196105957,0.4907971663134443,0.6839206530934294,0.9996175765991211,60.02571366281143,0
584,0.5155399072737925,0.5589297924722949,0.9819720387458801,0.5372540354728703,0.5694454993520468,0.9976818561553955,0.47893152634302816,0.6823641430763976,0.9982851147651672,0.4910905318600795,0.6834374808129815,0.9996487498283386,60.02571366281143,0
585,0.5156864353588653,0.5544541109175913,0.9821529984474182,0.5364470708937876,0.5656313754263382,0.9978335499763489,0.47787357795806196,0.6787344018618271,0.9983876943588257,0.4907018868696126,0.6817994344802135,0.9996705651283264,60.02571366281143,0
586,0.5174154014814472,0.5445985311553596,0.9826482534408569,0.5370415080161326,0.5581058604376661,0.9979729652404785,0.4778861729871663,0.6736941422734948,0.9984991550445557,0.49063537660099255,0.6784989691915971,0.9996872544288635,60.02571366281143,0
587,0.5204710307575412,0.5324429074923203,0.9828290939331055,0.5408489391917278,0.5500898134140746,0.9981144666671753,0.479533597117379,0.6664804589180724,0.9986376762390137,0.49167096331006044,0.6720011830329901,0.9997173547744751,60.02571366281143,0
588,0.521791795889537,0.5166581344036834,0.982626736164093,0.545415083567302,0.543449787866502,0.9982401132583618,0.480693292050135,0.6579224211829056,0.9987296462059021,0.4930027666546054,0.6649085652260558,0.9997407793998718,60.02571366281143,0
589,0.5233920046261383,0.5012881926127846,0.9828572273254395,0.5502000961984912,0.5374525785446171,0.9983515739440918,0.4820541909762795,0.6486153034936819,0.9988259673118591,0.4946843967551281,0.6564006890569419,0.9997614622116089,60.02571366281143,0
590,0.5249027354376661,0.49178528785705605,0.983954131603241,0.5493132699103587,0.5327821998369131,0.9984787702560425,0.48333010077476546,0.6398321475301476,0.9989345669746399,0.4960574011007949,0.6467600549970359,0.9997842907905579,60.02571366281143,0
591,0.5208135275613698,0.4748007286162607,0.9849036931991577,0.5433088853245693,0.5238287477266226,0.9985836148262024,0.4804541667302453,0.6257592780249464,0.999022364616394,0.4930994368734818,0.6365277313050774,0.9998039603233337,60.02571366281143,0
592,0.510166046165285,0.4453766927832652,0.986276388168335,0.5374184960410713,0.5043566113426576,0.9986883997917175,0.473652860948018,0.6032345777466188,0.9991033673286438,0.48834157841546233,0.6229143114317036,0.9998225569725037,60.02571366281143,0
593,0.49058257398151256,0.4014944036801659,0.9875580072402954,0.5282685444468548,0.47769966437703126,0.9988114237785339,0.46237653210049623,0.5668326062815534,0.9991877675056458,0.47896827118737395,0.6011362615085789,0.9998400211334229,60.02571366281143,0
594,0.47036922403744325,0.3542078761827381,0.9887455701828003,0.5234086655435113,0.4503279484453659,0.9989259243011475,0.45184394007637424,0.5343820452690129,0.9992650747299194,0.4710198953038174,0.5816438311622261,0.9998558163642883,60.02571366281143,0
595,0.45943342504047247,0.3098280685288568,0.9896504878997803,0.5166648101238982,0.4089954836027966,0.9990195631980896,0.44684666253271593,0.49943059257098643,0.9993140697479248,0.46601191304978906,0.5518505332015814,0.9998679757118225,60.02571366281143,0
596,0.45328939812524016,0.27958816077028026,0.990123987197876,0.5048874701772421,0.3673376426810313,0.9990260601043701,0.4465985340731488,0.4655663967132572,0.9993239045143127,0.4622975289821628,0.5135441706294109,0.9998725652694702,60.02571366281143,0
597,0.4419882368473783,0.25413574349312573,0.9907419085502625,0.4965869145733973,0.33479947135562016,0.9990633130073547,0.44483020192100925,0.4343349209853584,0.9992164373397827,0.45955935404414255,0.47993684524581587,0.9998567700386047,60.02571366281143,0
598,0.4290050920985997,0.22713185562973948,0.9914790391921997,0.4955230270113268,0.3021052621659781,0.999117374420166,0.4395777270907451,0.4089725343953999,0.999261736869812,0.45936938410713596,0.4532419116724109,0.9998629093170166,60.02571366281143,0
599,0.41560653419721727,0.2043834009340833,0.9919342994689941,0.49727114467393824,0.28746764716647943,0.9990319013595581,0.43156198234785204,0.3930278633322038,0.9992608428001404,0.4589216964585444,0.4389780334063942,0.9998570680618286,60.02571366281143,0
600,0.40692355803081004,0.18444585090591809,0.9918453693389893,0.5051286135401049,0.28711944392749267,0.9990035891532898,0.4253283554599402,0.38962309417270513,0.9992386102676392,0.4603201165085751,0.44039089906783363,0.999855637550354,60.02571366281143,0
601,0.4083762779122311,0.17639569441477473,0.9915011525154114,0.5092916658946449,0.28962463140487693,0.998984694480896,0.4247447110357742,0.39475674004781847,0.9992275834083557,0.4620604245435628,0.4475014848368512,0.9998570680618286,60.02571366281143,0
602,0.4132519506272819,0.18309925212746592,0.9918451905250549,0.5093717660222739,0.2903191674323311,0.9990145564079285,0.4259427729107088,0.3951806426048282,0.9991709589958191,0.46069599475179435,0.4471554500716077,0.9998480677604675,60.02571366281143,0
603,0.4167114836829053,0.18843596393153797,0.9924050569534302,0.5092172736213325,0.2925262791769847,0.9990912675857544,0.43101858099301693,0.41244357540493953,0.9991388916969299,0.4623826117742633,0.4633402583144964,0.9998456835746765,60.02571366281143,0
604,0.42274683146249714,0.1973748604456585,0.9928579330444336,0.5107900755746029,0.29218887147449335,0.9991515874862671,0.4401668721721289,0.4550962008181076,0.9991464614868164,0.46937152459507936,0.49927139140310783,0.9998462796211243,60.02571366281143,0
605,0.4232006896109811,0.20436309845674622,0.9930502772331238,0.5107052539076128,0.29320099240257647,0.9991929531097412,0.44823733823640044,0.4936932878834865,0.9990513920783997,0.4769101341565454,0.530211156322843,0.9998283386230469,60.02571366281143,0
606,0.42337350050608347,0.21874880719752557,0.9934828877449036,0.5084048566364111,0.29647608881904985,0.9992467761039734,0.46108364491235676,0.5296381002380739,0.9991148710250854,0.4823180550620673,0.5596578405016949,0.9998379349708557,60.02571366281143,0
607,0.4323974535578777,0.26829052681014676,0.9940134286880493,0.4995386259896419,0.3256965364728658,0.9992895722389221,0.47643844570432425,0.569559406666529,0.9991819262504578,0.4847228427728021,0.5927176333609087,0.9998497366905212,60.02571366281143,0
608,0.44873218876974963,0.33148757971468457,0.9943755269050598,0.4874597532408582,0.3626064672356563,0.9990813136100769,0.48505628960473235,0.5940121610959375,0.9992452263832092,0.4821094402245117,0.611986637115479,0.9998539090156555,60.02571366281143,0
609,0.4672582674594156,0.39078493700141026,0.9947201013565063,0.4762286827677776,0.4041613865466348,0.999083399772644,0.49092961918740086,0.6231162746747341,0.9992970824241638,0.4791694794382372,0.6353209387688414,0.9998547434806824,60.02571366281143,0
610,0.48163213758241596,0.4394078169550218,0.9951176047325134,0.4701552376860668,0.44351569811503133,0.9990781545639038,0.4939371730600089,0.6537745822043651,0.9993526935577393,0.4782782793045048,0.6616933771542146,0.9998571872711182,60.02571366281143,0
611,0.4820997402781536,0.454588231586275,0.9954622983932495,0.46768544117609695,0.4620268969308766,0.9991219639778137,0.48993101716041604,0.6595484188624796,0.9994099140167236,0.4757689691725235,0.6683576674688436,0.9998649954795837,60.02571366281143,0
612,0.47771427177247583,0.4570768546490446,0.9958302974700928,0.4693569143613183,0.4657401726359417,0.9991883635520935,0.48898509854362165,0.6614623552276979,0.9994639754295349,0.47387326331365714,0.6721349670773467,0.9998743534088135,60.02571366281143,0
613,0.4761131306489313,0.46467874021757255,0.9960627555847168,0.4691129284245631,0.4731282009964901,0.9992183446884155,0.48959028153192463,0.6646323005358383,0.999509334564209,0.47228799831299595,0.677046418190003,0.9998793601989746,60.02571366281143,0
614,0.47679110793840357,0.4691005306584498,0.9963293671607971,0.4691875520206637,0.47962168142909134,0.99925297498703,0.4883606802849546,0.667936870029995,0.9995547533035278,0.47074935265949835,0.6814350258736388,0.9998872876167297,60.02571366281143,0
615,0.4783045947551731,0.4714762383983253,0.996379554271698,0.4698741521154135,0.48222308641388345,0.9992284774780273,0.48721404728435375,0.6701922076089046,0.9995925426483154,0.46922646250043637,0.684175000304268,0.9998890161514282,60.02571366281143,0
616,0.4789592950117024,0.47253789788200784,0.9964762330055237,0.4704937551702776,0.4834125325793316,0.99922776222229,0.48625942355110574,0.6707693338394172,0.9996259808540344,0.4677849624838152,0.6851838656834199,0.9998912215232849,60.02571366281143,0
617,0.47977776754470136,0.4729850235439486,0.9965318441390991,0.47109965483347616,0.4828952267056424,0.9992575645446777,0.48550571572212986,0.67051759220305,0.9996553659439087,0.46677985645475883,0.6849735379219061,0.9998940229415894,60.02571366281143,0
618,0.4799202339989802,0.4725089740185514,0.9966070652008057,0.471861812330428,0.48321088864689815,0.9992817044258118,0.48485285895211394,0.6706219201996219,0.9996823072433472,0.46637364228566525,0.685912464346205,0.9998974204063416,60.02571366281143,0
619,0.4803453783194228,0.4722177641732356,0.9966517686843872,0.4724040471372154,0.48386602032752307,0.9992839694023132,0.48422719609169773,0.6709620157877609,0.9997046589851379,0.46609563912664176,0.6868797256833037,0.9998975396156311,60.02571366281143,0
620,0.48135664633342234,0.47330345142455366,0.9966959357261658,0.47289703431583624,0.486193452562605,0.9992712736129761,0.48385449250539186,0.6722749500047598,0.9997262954711914,0.46585662875856704,0.6888279375575843,0.9998984932899475,60.02571366281143,0
621,0.482094859793073,0.4743660390377048,0.9967113137245178,0.47345748401823534,0.48855559740747767,0.9992656111717224,0.48360173475174717,0.674514478161222,0.9997442960739136,0.46535201015926575,0.6910328439303812,0.9998992085456848,60.02571366281143,0
622,0.48299422008650683,0.4761432792459219,0.9966758489608765,0.473773878245127,0.4920858556316017,0.9992372393608093,0.4836325588680453,0.676464458306631,0.9997576475143433,0.4647628735928312,0.6932539258684436,0.9998959302902222,60.02571366281143,0
623,0.48367415581430745,0.4800911176772349,0.9967420697212219,0.47418959793590404,0.4960709015528365,0.9992486834526062,0.4838389796870099,0.6789422148749947,0.9997753500938416,0.4642989521934876,0.6955966126351135,0.9999002814292908,60.02571366281143,0
624,0.4845215834322434,0.48416301182338206,0.9968276023864746,0.4742966123989654,0.5006766120592757,0.9992489814758301,0.48425391742161383,0.6811751609756838,0.9997895359992981,0.4638294620173322,0.698311002481552,0.9999018311500549,60.02571366281143,0
625,0.4854504366715753,0.4886846357867835,0.9969314336776733,0.47484863372076164,0.5044892614796052,0.9992794394493103,0.4844062810852418,0.6836504652386626,0.9998027086257935,0.46361876527468404,0.7010254405793696,0.9999057650566101,60.02571366281143,0
626,0.4860522803806127,0.4925095935662592,0.9970798492431641,0.47608255772363606,0.5068909128506982,0.9993190169334412,0.4841734241871611,0.6858949462572739,0.9998159408569336,0.46371393260501714,0.7033342946143384,0.9999102354049683,60.02571366281143,0
627,0.4859123386087876,0.4954345382395249,0.9972123503684998,0.4775308867295587,0.5079071805590679,0.999358057975769,0.4834912050338022,0.6884765057336723,0.9998281002044678,0.46382712608292026,0.7054075456800921,0.9999153017997742,60.02571366281143,0
628,0.4859071359747936,0.4978591104348505,0.9973446726799011,0.4786338508129123,0.5091042092868263,0.9993975758552551,0.483019678365617,0.6905104830151518,0.9998406767845154,0.464044068540846,0.7071192151024234,0.9999208450317383,60.02571366281143,0
629,0.4859898870899567,0.49987738189243175,0.9974604845046997,0.4795136650403345,0.5095714075224744,0.9994181990623474,0.48284171308789975,0.6924404218083342,0.999849796295166,0.46436643316632265,0.7084966585749677,0.9999236464500427,60.02571366281143,0
630,0.48648945064771776,0.500502230156036,0.9975578784942627,0.47969273158482184,0.5106800454003475,0.9994409084320068,0.4829882127898084,0.6931052775610067,0.999858558177948,0.46464096648352526,0.7093251234009159,0.9999264478683472,60.02571366281143,0
631,0.4869710277943388,0.5006628547395983,0.9976683855056763,0.4797245320819677,0.5114556409063797,0.9994649291038513,0.4830557136308583,0.6936741528056922,0.9998676776885986,0.4649440035933544,0.7099586640085498,0.9999300241470337,60.02571366281143,0
632,0.48713552526065323,0.5004767974217736,0.9977576732635498,0.48004587349437566,0.5118285389173602,0.9994837045669556,0.48296462354205943,0.6940592073258904,0.9998760223388672,0.4652295140993031,0.7105701196761365,0.9999330043792725,60.02571366281143,0
633,0.48685797623225663,0.5013271939186827,0.9978129863739014,0.4804221334911532,0.5118155025300529,0.9994989037513733,0.48281364497684337,0.6949864115033837,0.9998834133148193,0.4654807051022851,0.7114638515881135,0.9999358057975769,60.02571366281143,0
634,0.4869631386938553,0.5030626455942793,0.9978691935539246,0.4807972595805218,0.5128718756494072,0.9995242953300476,0.48261548933528753,0.6956435470353994,0.9998906254768372,0.4656348356178832,0.7120359369686677,0.9999390244483948,60.02571366281143,0
635,0.4874863965170728,0.5048038817587357,0.9979197978973389,0.481094082196554,0.5141614505222869,0.9995466470718384,0.4826987016768686,0.6963802405766084,0.9998970031738281,0.4657617864154638,0.7127927882330765,0.9999417662620544,60.02571366281143,0
636,0.48813655972480813,0.5058762118929913,0.9979131817817688,0.4813842929544907,0.5154304447628206,0.9995561838150024,0.4829347403276538,0.6965914368629462,0.999902069568634,0.46584681386039406,0.7135092360632767,0.999943196773529,60.02571366281143,0
637,0.488633656785602,0.5063261843862992,0.9979531764984131,0.48170483821914345,0.5162824080103924,0.9995748400688171,0.48310561123348456,0.6965754372732986,0.9999076724052429,0.46591943218594545,0.7139254297528954,0.9999455809593201,60.02571366281143,0
638,0.48880655424935515,0.506305955705189,0.9980036616325378,0.481989769708543,0.5168269163086305,0.9995922446250916,0.48310620302245777,0.6964771378607982,0.9999128580093384,0.4659217823119395,0.7142488814535601,0.9999481439590454,60.02571366281143,0
639,0.4886710870833628,0.5063319319770454,0.998051106929779,0.48230816920598385,0.517497905663082,0.9996119737625122,0.48291802690142716,0.6963541933468416,0.9999182820320129,0.4658129229432065,0.7144215731393729,0.9999511241912842,60.02571366281143,0
640,0.48870534130505194,0.5064081805092951,0.9980936646461487,0.482546829041981,0.5192186293147862,0.9996304512023926,0.48256728195008813,0.6961156214986535,0.9999227523803711,0.4655804917925883,0.7143415638378694,0.9999537467956543,60.02571366281143,0
641,0.4888631346679873,0.5064371767498201,0.9981133937835693,0.4826023777325952,0.5210686553092234,0.9996348023414612,0.482379318702789,0.6959634820620224,0.9999261498451233,0.4653539416335881,0.7143293250174756,0.9999551773071289,60.02571366281143,0
642,0.48896173352286965,0.5065228825523744,0.998129665851593,0.48234447127296853,0.5225117972918923,0.9996375441551208,0.48221124211947164,0.6958112432843169,0.9999280571937561,0.4651861900375006,0.7143073025203892,0.9999551773071289,60.02571366281143,0
643,0.4889481323105952,0.5065654941967559,0.9981139898300171,0.4820173950422382,0.5232124725977585,0.9996352195739746,0.48200180558931294,0.6956708658309215,0.9999281167984009,0.4651038618314838,0.714241178262802,0.9999534487724304,60.02571366281143,0
644,0.4889632236389891,0.5065890011333287,0.9981014132499695,0.4812027357873466,0.5230039131073729,0.9996349215507507,0.4817744152886531,0.6955558373814543,0.9999273419380188,0.46508900040671974,0.7141140160106483,0.9999520182609558,60.02571366281143,0
645,0.4888033611433851,0.5066111939294001,0.9981339573860168,0.48015021852084605,0.5230123627753489,0.9996431469917297,0.4815910259882613,0.6954620991434375,0.9999281764030457,0.46508164349056463,0.7140061741783512,0.9999518394470215,60.02571366281143,0
646,0.4886399890695304,0.5064300440606622,0.9981586337089539,0.4790145087809794,0.5227104766028272,0.9996519088745117,0.4814366755031408,0.6954452821186616,0.9999287128448486,0.4650775477999736,0.7139657764207755,0.999951958656311,60.02571366281143,0
647,0.4879155144805004,0.5047818479083838,0.9982122182846069,0.47777392466863033,0.5206113400913425,0.9996635317802429,0.4814234574635828,0.6953666125025073,0.9999312162399292,0.46501320884341324,0.713848715736753,0.9999533891677856,60.02571366281143,0
648,0.4863724410533909,0.5021205927644461,0.998251736164093,0.47654761870702145,0.5164978135199778,0.999672532081604,0.4809501880691169,0.6952855757304606,0.9999322295188904,0.46495621828805866,0.7135844429334011,0.9999535083770752,60.02571366281143,0
649,0.48472192457744095,0.4995553876672476,0.9982608556747437,0.47560436243102705,0.51209340776716,0.9996787905693054,0.4803140191804799,0.69526432525544,0.9999333024024963,0.46470290422439614,0.7133293634369265,0.9999539256095886,60.02571366281143,0
650,0.4834832832926799,0.49774640088989663,0.9983020424842834,0.4747506039483211,0.508587187244779,0.9996905326843262,0.4795481037525907,0.695276856422425,0.999934196472168,0.46420898749714845,0.713136874494099,0.9999548196792603,60.02571366281143,0
651,0.48280141750971517,0.49702062493278903,0.9982905983924866,0.4742819624287746,0.5070146038418728,0.9996863007545471,0.4788381826309934,0.6954336592129304,0.9999304413795471,0.4635680388836637,0.7130853874342789,0.9999510049819946,60.02571366281143,0
652,0.48300544704709775,0.49737419542812206,0.9983092546463013,0.473818781830016,0.5072191357612614,0.999685525894165,0.4781036533060532,0.695429092361814,0.9999300241470337,0.4626700494970598,0.7130646819160105,0.9999493360519409,60.02571366281143,0
653,0.4832549024195902,0.4970972396078568,0.9983449578285217,0.47324381413913946,0.5074012733641129,0.9996933341026306,0.47724587718645767,0.6950190549805056,0.9999306201934814,0.46156354035650016,0.7129028411138632,0.9999491572380066,60.02571366281143,0
654,0.4832460255849933,0.49666800243513964,0.9982789158821106,0.4727015779131939,0.5072018844740735,0.9996687769889832,0.47612158031690727,0.6942964820634757,0.9999261498451233,0.46041063751493216,0.712553032806942,0.9999432563781738,60.02571366281143,0
655,0.483043445008142,0.4962221242132645,0.9981977343559265,0.47235650533721596,0.507388117767516,0.9996544718742371,0.47509679198265115,0.6933917176155824,0.9999211430549622,0.4591963362126127,0.7122258884566176,0.9999381899833679,60.02571366281143,0
656,0.4827574576650351,0.4957313353107093,0.9980406761169434,0.47207796573638955,0.5069844126701359,0.9996200799942017,0.4740444123744968,0.6924993906702319,0.9999163150787354,0.4580179679961435,0.7117250334648865,0.9999322891235352,60.02571366281143,0
657,0.48246268147514015,0.49532108931314417,0.9979963302612305,0.471844539755867,0.5057615495863419,0.9996117949485779,0.473306550866082,0.6917184704825997,0.9999138712882996,0.4570686831360775,0.7109155002094456,0.9999306201934814,60.02571366281143,0
658,0.4820894244171328,0.4949160218238835,0.9979673624038696,0.4712449567658564,0.5042435129483545,0.999617874622345,0.4726421591781439,0.6909998059272772,0.9999122023582458,0.45637211203575173,0.7099869591849197,0.9999290108680725,60.02571366281143,0
659,0.48172075975508954,0.4943102541423983,0.9979600310325623,0.47040444470587267,0.502898718629565,0.999626636505127,0.4719616501104268,0.6902422422454477,0.9999111890792847,0.4558889709767845,0.709112357525599,0.9999287128448486,60.02571366281143,0
660,0.4810406281834561,0.49366726052193455,0.9979318976402283,0.4694666238058185,0.5017771366096682,0.9996161460876465,0.47141002899124546,0.6894125995181861,0.9999071955680847,0.45546457739103446,0.7082290308816098,0.9999250769615173,60.02571366281143,0
661,0.480269041799364,0.49274605938366517,0.9978917837142944,0.46866496971675364,0.5008761854398822,0.9996103048324585,0.47108725280988817,0.6885194125629612,0.9999039173126221,0.45503870078495606,0.7074378104436971,0.9999232292175293,60.02571366281143,0
662,0.4795267525173373,0.49182375130199296,0.9977980852127075,0.46781244590168947,0.4996839194070729,0.9995964765548706,0.47036966539564623,0.6877076086543861,0.9999001622200012,0.45440952834628917,0.7064760213806521,0.9999209642410278,60.02571366281143,0
663,0.47879726546151335,0.491118662414097,0.997759997844696,0.46721466524260424,0.49803150409743935,0.9995929598808289,0.46936290320896007,0.6868047912915554,0.9998986124992371,0.45376373756499555,0.7051403494108297,0.9999192357063293,60.02571366281143,0
664,0.47820625560624297,0.49036282017117494,0.9977657198905945,0.4668727105572114,0.49546083949861114,0.9995993375778198,0.4682662586371108,0.6860571077891764,0.9999002814292908,0.45326305712972403,0.7038804945491615,0.9999211430549622,60.02571366281143,0
665,0.47771544115884,0.48892633545966413,0.9977954626083374,0.46635403519585056,0.49189876942407557,0.9996097087860107,0.46746874423254137,0.685490821089064,0.9999019503593445,0.4528622201510842,0.7027218710808533,0.9999236464500427,60.02571366281143,0
666,0.4767451541764399,0.48702986893199773,0.9977748990058899,0.46584446089608367,0.4880400229068034,0.9996106028556824,0.46702834538051097,0.6849827879951119,0.9999022483825684,0.4525544302804133,0.7016230906758996,0.9999249577522278,60.02571366281143,0
667,0.4756419190338683,0.48460643348239757,0.997721254825592,0.4648995498816176,0.4841121931870782,0.9996100664138794,0.46710859310059355,0.6840580730211172,0.9998975396156311,0.45211285068875307,0.7000887507484078,0.9999224543571472,60.02571366281143,0
668,0.4744623927843007,0.48256094398952704,0.9977335333824158,0.4635621607303623,0.48133778430166735,0.9996155500411987,0.4667692908218933,0.6830766172636128,0.9998974800109863,0.4512924523580646,0.6983980224246076,0.9999238848686218,60.02571366281143,0
669,0.4735101376261034,0.4815569491613483,0.9976996779441833,0.4622392569269457,0.48039008180300435,0.9996176958084106,0.4660648533276153,0.6819897861707784,0.9998953938484192,0.45027206909088896,0.6966806792077569,0.9999241232872009,60.02571366281143,0
670,0.4730569507394522,0.481425082399732,0.9977300763130188,0.4609256769929617,0.4801137021609719,0.9996258020401001,0.4654882394132164,0.6811378740129022,0.9998940229415894,0.44917908168974413,0.6954247468993783,0.999923586845398,60.02571366281143,0
671,0.47247031047230714,0.48116751369975896,0.9977558851242065,0.45951500393095507,0.4798437115691961,0.9996339678764343,0.4648176034291589,0.6804706198828566,0.9998939037322998,0.4482527786777137,0.694636239891961,0.9999237060546875,60.02571366281143,0
672,0.4715828498204553,0.4805480043093367,0.9977533221244812,0.458367357651393,0.4797986901941757,0.9996333718299866,0.4638678999174213,0.6797740487825308,0.9998932480812073,0.4473829766114556,0.6943024623961681,0.9999222159385681,60.02571366281143,0
673,0.4703919504370012,0.479005914358866,0.9977880120277405,0.45715472953660186,0.47912228391284073,0.9996402859687805,0.4627548016252976,0.6785306220962893,0.9998916983604431,0.446392492169426,0.6933676884287885,0.9999212026596069,60.02571366281143,0
674,0.4692737644626984,0.4773999849955245,0.9977656006813049,0.4558652554239549,0.4779922919613978,0.9996429681777954,0.4613476651055476,0.677092713969095,0.9998898506164551,0.44518758711360784,0.691971932138716,0.9999191164970398,60.02571366281143,0
675,0.4686360600448794,0.4763100743293766,0.9977222084999084,0.4547304624602912,0.47725059446834417,0.999640166759491,0.4603407468114584,0.6754166966392886,0.9998874664306641,0.44396974217324064,0.6902454665728983,0.9999158978462219,60.02571366281143,0
676,0.46783402278309816,0.4751981269745604,0.9976952075958252,0.4537214296204707,0.47597768335115376,0.9996330738067627,0.4600648042701543,0.6739733162380406,0.9998839497566223,0.4429839877855214,0.6887924330575131,0.9999121427536011,60.02571366281143,0
677,0.46631852927662115,0.47319395201546843,0.997584879398346,0.45290043524333445,0.4735082629181093,0.9996196031570435,0.45989599682035937,0.6725607571147743,0.9998801946640015,0.4425049991834735,0.6874560316403713,0.9999067783355713,60.02571366281143,0
678,0.4648237710907349,0.4707451675619402,0.9975362420082092,0.45253348066693294,0.47040915631112634,0.9996145963668823,0.45980972903115447,0.6710876368340997,0.9998820424079895,0.44221967316809196,0.6860117231096546,0.9999074339866638,60.02571366281143,0
679,0.4632239639759067,0.4677464805898216,0.9974609613418579,0.45199702467237235,0.4666289360750293,0.9996048808097839,0.4592832227547967,0.6694556928816301,0.9998813271522522,0.4419705200762979,0.6841051096007943,0.9999052286148071,60.02571366281143,0
680,0.46193257399967774,0.4648341522330333,0.9973899722099304,0.45135393738746676,0.46286358861696186,0.9995955228805542,0.4584065987950283,0.6675719732329964,0.9998798370361328,0.4415171330883393,0.6819210336321881,0.9999025464057922,60.02571366281143,0
681,0.4614145315828781,0.4630636218048281,0.9973579049110413,0.45045183528037336,0.460432303803308,0.9995926022529602,0.45753581325213155,0.6656056557382861,0.9998770356178284,0.44053188817841704,0.6796952060290751,0.9998978972434998,60.02571366281143,0
682,0.46114418336323365,0.46230818260283735,0.9972410798072815,0.4493619203567508,0.4590570727984114,0.9995672702789307,0.4569392999013269,0.6639121941157755,0.999869704246521,0.43928823158854563,0.6778935506230315,0.9998869299888611,60.02571366281143,0
683,0.46108803153038064,0.4619576860041849,0.9971142411231995,0.44822996145203037,0.45705570067678214,0.9995566606521606,0.45651949445406637,0.6619250320252923,0.9998608827590942,0.43818040405000996,0.67533199276243,0.9998777508735657,60.02571366281143,0
684,0.46153443058331844,0.4623000806286225,0.9971122145652771,0.4475422260307134,0.45486369161378803,0.9995629787445068,0.45712853045690666,0.6598646867842906,0.9998531341552734,0.4375526181289131,0.6721617465927493,0.9998723268508911,60.02571366281143,0
685,0.4615421238399691,0.46127433436257537,0.9968940615653992,0.4468052287896478,0.4516612390677138,0.9995537996292114,0.4563359703336447,0.6572312769435706,0.9998335838317871,0.4371716025329775,0.6686002981095092,0.9998573064804077,60.02571366281143,0
686,0.46103531973702605,0.4588403843698051,0.996614933013916,0.44579238409087807,0.4484349304721473,0.9995481371879578,0.45489787771588314,0.6543860463869009,0.9997988939285278,0.4366070500441963,0.6656238436698919,0.9998432993888855,60.02571366281143,0
687,0.46007440487543777,0.4553640782833103,0.9963920712471008,0.4446105105536328,0.4458767445314502,0.9995380640029907,0.4526706962358388,0.6517773497672313,0.9997739195823669,0.434750752789634,0.6632492457117358,0.9998252391815186,60.02571366281143,0
688,0.45884340575763194,0.45113096776462774,0.9959657192230225,0.4436201737040569,0.4432834273292908,0.9995073080062866,0.4500219637439368,0.6493912367593679,0.9997231960296631,0.43191952364785363,0.6608924496741528,0.9997966885566711,60.02571366281143,0
689,0.45791330507823436,0.4476959237030578,0.9958290457725525,0.44257518791017114,0.44010126590728793,0.9994959831237793,0.44777151942253146,0.6474829372905555,0.9997007846832275,0.4287617873577848,0.6585051445733938,0.9997870922088623,60.02571366281143,0
690,0.45788731177647946,0.4455593313489645,0.995754599571228,0.44151348727090056,0.4371283565248766,0.9994941353797913,0.44630882427805985,0.6460545886130565,0.9996798634529114,0.42543065831774796,0.6559192084130792,0.9997826218605042,60.02571366281143,0
691,0.457392989169984,0.44318609436353085,0.9955739974975586,0.44030165672302285,0.43463785733495475,0.9994902014732361,0.4434123067628773,0.6445830464363103,0.9996587634086609,0.42276467311949995,0.6538194304420839,0.9997812509536743,60.02571366281143,0
692,0.4564826289812728,0.44119222391219404,0.9955002069473267,0.43848536553837036,0.43254108514104606,0.9994713664054871,0.4406871086075196,0.6426776165053962,0.9996371865272522,0.42108152877716826,0.6515757356371203,0.999772310256958,60.02571366281143,0
693,0.45506883660952285,0.4392276817844031,0.9955757260322571,0.43692801396052083,0.4310600800173627,0.9994730949401855,0.43784443395478423,0.6405874377205263,0.9996340870857239,0.4197722318626589,0.6496015134311863,0.999777615070343,60.02571366281143,0
694,0.45224649565560515,0.4357329181262428,0.9956135153770447,0.43615105606260784,0.42880733524050063,0.9994746446609497,0.43396384375436,0.6381580744470874,0.9996193647384644,0.41897677665665073,0.6476264737901238,0.9997791051864624,60.02571366281143,0
695,0.4487628738085433,0.43204357652437153,0.9956380128860474,0.4354002844719663,0.4255293877351855,0.9994702339172363,0.43055104641687336,0.6361546260969985,0.9996025562286377,0.41862056510789086,0.6460439704713372,0.9997731447219849,60.02571366281143,0
696,0.4464533485117417,0.4278527895609541,0.9956731200218201,0.43493074320611536,0.42220354789779335,0.9994617104530334,0.4283341240315214,0.6340923962138953,0.999579131603241,0.41750115440005386,0.6442983122099019,0.9997644424438477,60.02571366281143,0
697,0.4446078624044149,0.4237091285841809,0.9956910610198975,0.4343220350288213,0.4196570203417827,0.9994717240333557,0.4276127460457033,0.6317626493317745,0.9995637536048889,0.4163149652026952,0.6428646246592209,0.9997569918632507,60.02571366281143,0
698,0.4424254269826983,0.42006644606590304,0.9957151412963867,0.43372828477904946,0.41799485967272837,0.9994847774505615,0.4274869220597407,0.6291568648247496,0.9995472431182861,0.4156173155421306,0.6411070795286274,0.9997556805610657,60.02571366281143,0
699,0.44100145640827393,0.41810575553349116,0.9956082701683044,0.4333999384017221,0.4177382971559256,0.999480664730072,0.4277544546694986,0.6270620028177902,0.9995153546333313,0.4152147571245833,0.6402781435421541,0.9997435212135315,60.02571366281143,0
700,0.43926613387607427,0.41725710885865386,0.9956122636795044,0.433251295770918,0.41790738701820407,0.9994890093803406,0.4273601486569363,0.6258522186960498,0.9995080828666687,0.41486590816861146,0.6403458629335681,0.9997401237487793,60.02571366281143,0
701,0.43839105963707004,0.4178032378355665,0.9955651760101318,0.4327168294361663,0.4180158532801132,0.9994931817054749,0.42784923456964075,0.6257523979459495,0.9994978308677673,0.4144964246522816,0.640738067172823,0.9997279047966003,60.02571366281143,0
702,0.43908635065669144,0.4186616781212038,0.9953616261482239,0.4320635369845802,0.4176525019464042,0.9994803071022034,0.4294892109575729,0.6262174560910185,0.9994832277297974,0.41382303975877344,0.6409009354455135,0.9997075796127319,60.02571366281143,0
703,0.44115859979674965,0.41995185329800594,0.9946171641349792,0.43077650382405275,0.41638453801473013,0.9994072318077087,0.4322341822442558,0.6265881657600407,0.999441921710968,0.41321770208222564,0.6402469277381901,0.9996637105941772,60.02571366281143,0
704,0.4426381034510479,0.42053278712999287,0.9947727918624878,0.42968136497906306,0.41506829999742084,0.9994115233421326,0.43399030821664025,0.6270947314444048,0.9994089007377625,0.41318015683264997,0.639485603287107,0.999634325504303,60.02571366281143,0
705,0.44394419164884696,0.42091488696280016,0.9950178265571594,0.42899157887413425,0.4139662257262642,0.9994044899940491,0.434762829825992,0.627484227929797,0.9993951916694641,0.4134584523382644,0.6388594650086907,0.9996085166931152,60.02571366281143,0
706,0.4444229744729545,0.42123455802599624,0.9940513372421265,0.42881109600975437,0.4132810987177353,0.9992948174476624,0.43465957755134255,0.6278045659973512,0.999327540397644,0.41366897736276936,0.6384381651878362,0.9995500445365906,60.02571366281143,0
707,0.4448320113477256,0.4215017968700049,0.9929290413856506,0.4289890868323193,0.41330643353008123,0.9991773962974548,0.43468871712684665,0.6280679418927152,0.9992215037345886,0.4137408208279386,0.6382488182612833,0.9994697570800781,60.02571366281143,0
708,0.44505072491509606,0.42162438517525114,0.991985559463501,0.4292480505648117,0.41350317001342807,0.9990882873535156,0.4351111324060535,0.6282171607017523,0.9991179704666138,0.4137306454635805,0.6380544560296201,0.99940025806427,60.02571366281143,0
709,0.44548570825940126,0.42179862942014457,0.9916672110557556,0.4296378919056487,0.4134391801697871,0.9990702271461487,0.43579906792867784,0.6282377015976683,0.9990445375442505,0.4138385653495792,0.6377393489792238,0.999356746673584,60.02571366281143,0
710,0.44614569204194243,0.42195027782803524,0.9912153482437134,0.4303692479928338,0.41341533973103506,0.9990278482437134,0.43683440060842643,0.6282989269211183,0.9989529848098755,0.41409188934734925,0.6375924405597511,0.9993019700050354,60.02571366281143,0
711,0.4468247762748177,0.4220862175737112,0.990506112575531,0.43114266651017363,0.4134298960367842,0.9989575743675232,0.437829510087059,0.6283276450066344,0.9988541007041931,0.4144281673999063,0.6375263390086952,0.999234676361084,60.02571366281143,0
712,0.44717607044038354,0.42220898753120817,0.9900529980659485,0.4319220085938775,0.41348766003336257,0.9989319443702698,0.4383675441855479,0.62833435194833,0.998813271522522,0.4152320864654726,0.6375153547241579,0.9992241263389587,60.02571366281143,0
713,0.447345058123271,0.42245778157597536,0.9906097650527954,0.432438888720104,0.4135623858088542,0.9989991784095764,0.4387060148375379,0.6283742416472666,0.9988588690757751,0.41627741853396133,0.6374781756174002,0.9992696642875671,60.02571366281143,0
714,0.44727417968568384,0.422276467084885,0.9909944534301758,0.4325412724699297,0.41362136176654307,0.9990493655204773,0.43907170352481695,0.6282888963108977,0.9988877177238464,0.41721211444763945,0.637356993697939,0.9992976784706116,60.02571366281143,0
715,0.44688073226383795,0.4218764588946391,0.9912225008010864,0.43257387195314717,0.4138889440468383,0.9990823268890381,0.43912805687813566,0.6283372981207717,0.9989021420478821,0.41792049010594723,0.6372833081654146,0.9993203282356262,60.02571366281143,0
716,0.44658877452214596,0.4213198068596071,0.9909310936927795,0.43254767287345197,0.41446857083411476,0.999055802822113,0.43931185347693347,0.6285410864012586,0.9988577365875244,0.41820360365368103,0.6373901338804341,0.9993075132369995,60.02571366281143,0
717,0.44636777043342624,0.42104469026838065,0.9903400540351868,0.4324325535978593,0.41517089662097784,0.9989925026893616,0.4394571156728839,0.6288473606109624,0.9988353252410889,0.4180938161554794,0.6375646108672738,0.9992806315422058,60.02571366281143,0
718,0.4459811590966728,0.42132494846979807,0.989893913269043,0.43231047193209365,0.4156774722394493,0.9989427924156189,0.43919392710640354,0.6291824636005225,0.9988055229187012,0.418133065814064,0.6377449972288953,0.999254584312439,60.02571366281143,0
719,0.44562008551188914,0.4220834331853053,0.9900639057159424,0.4322213232517246,0.41592173633121343,0.9989582300186157,0.43878565657706525,0.6294530800410685,0.9988062381744385,0.418235289199012,0.6378858742259803,0.999254047870636,60.02571366281143,0
720,0.44531015696979737,0.4226902155649098,0.990583062171936,0.43214165738650767,0.41581150179817594,0.9990133047103882,0.43841442749613846,0.6296072375206725,0.9988254308700562,0.41835060573759564,0.6379030602318905,0.9992753267288208,60.02571366281143,0
721,0.4450671701204213,0.4228965214320595,0.9907716512680054,0.4320786425045562,0.41565370133944957,0.9990161061286926,0.4382311545667198,0.6298162539800014,0.998812198638916,0.4184897783256716,0.6378819772175385,0.9992766380310059,60.02571366281143,0
722,0.4450129682109473,0.42264652110281475,0.9908348917961121,0.43203439457075976,0.41568531450771184,0.9990105032920837,0.4384375810623173,0.6298750071298513,0.9988016486167908,0.41841713729358887,0.6377057489894691,0.9992803335189819,60.02571366281143,0
723,0.44508172926448675,0.4223162262212666,0.990725576877594,0.4320213411535539,0.4158253896804086,0.9989491105079651,0.438691371963138,0.6297379505066649,0.9987297654151917,0.4182307762759076,0.6374323055857709,0.999237596988678,60.02571366281143,0
724,0.44481448190552886,0.4221121739773527,0.9905799627304077,0.4320303102334344,0.4159543883232847,0.9989219903945923,0.43844209398542167,0.6293241722243178,0.9986855983734131,0.4180250863234205,0.6370448668797816,0.999211847782135,60.02571366281143,0
725,0.4442818817638219,0.42204915767624296,0.9904457926750183,0.4320465794631417,0.41602040046737343,0.9989060163497925,0.4374261739708132,0.6287722303753812,0.9986555576324463,0.41783391861688557,0.6366612627392728,0.9991913437843323,60.02571366281143,0
726,0.4431793831643608,0.4221062589259378,0.9905396699905396,0.4320209778490524,0.41604120816503287,0.9988946318626404,0.43555366709118837,0.6283194734936675,0.9986124038696289,0.4176831642786665,0.6364791336513707,0.9991639852523804,60.02571366281143,0
727,0.4418702054591409,0.4220318453652522,0.9905892610549927,0.43200766756421083,0.4159651412850338,0.998893678188324,0.4333602402891435,0.6279687739553911,0.9985904097557068,0.417697784446535,0.6364499245371142,0.9991442561149597,60.02571366281143,0
728,0.44092079287483615,0.42201371703829116,0.9903666973114014,0.4320129936649689,0.41596870762961285,0.9988362193107605,0.4316580252988001,0.6276269583475027,0.9985224008560181,0.41765272759255945,0.6363988461948582,0.999082088470459,60.02571366281143,0
729,0.44089329526537974,0.42213119069735244,0.9901918172836304,0.4320410901591895,0.41609598483358146,0.9988114833831787,0.4307796344870616,0.6273046306201395,0.998476505279541,0.4173185782773158,0.6363499476796111,0.9990395307540894,60.02571366281143,0
730,0.4414945301555455,0.4224945902824405,0.9900080561637878,0.4320865316050397,0.4163903664974943,0.9987829923629761,0.4306175453322278,0.6270109301521669,0.9984312653541565,0.41688134556724943,0.6362864034516476,0.9990085959434509,60.02571366281143,0
731,0.44252953784806426,0.4230240228630251,0.9899460673332214,0.43208457884334417,0.41691718640781616,0.9987468719482422,0.4309153613590062,0.6269053277515235,0.9983798861503601,0.4161912188643504,0.6362638359978091,0.9989558458328247,60.02571366281143,0
732,0.44319059451421133,0.423463541836966,0.9899787902832031,0.43207853890600695,0.4177334791138062,0.9987515807151794,0.4308669453575501,0.6267312963803615,0.9983845949172974,0.41543211255754775,0.6362183207557319,0.9989439845085144,60.02571366281143,0
733,0.4434752194654377,0.42396081771169425,0.9900333285331726,0.43204478138969094,0.41805214115551576,0.9987366199493408,0.4305065302621754,0.62655839749745,0.9983972907066345,0.4149995204948247,0.635880277270363,0.9989293217658997,60.02571366281143,0
734,0.44374253920146434,0.42401170021011747,0.9901494383811951,0.431938320398331,0.41710293434915124,0.9987590909004211,0.43024697048323535,0.6259386284010756,0.998418390750885,0.41492990794635987,0.6348660503114978,0.998930811882019,60.02571366281143,0
735,0.4439181926704592,0.4227875854287832,0.9907581806182861,0.43211346013205426,0.4152283299536935,0.9988389611244202,0.4298020984445303,0.62511386190142,0.9984697103500366,0.41521201389176543,0.633532793748947,0.9989616870880127,60.02571366281143,0
736,0.4441190291018717,0.42095612344287725,0.9911497235298157,0.432480198996408,0.41306549168768414,0.9989115595817566,0.4293561606180104,0.6242532588186722,0.9985167384147644,0.4157527401333767,0.6320873640832452,0.9990169405937195,60.02571366281143,0
737,0.4443855612050923,0.41899642348289523,0.9913366436958313,0.43287410906383006,0.4115536439986459,0.9989416599273682,0.42918166802043045,0.6234715609323416,0.9985686540603638,0.4160497898147223,0.6308958842640837,0.9990666508674622,60.02571366281143,0
738,0.4447599351406101,0.41725181114105986,0.991689920425415,0.4331736791701547,0.41085181065968135,0.9990103840827942,0.42904274520419927,0.622634473301116,0.99863600730896,0.41607565964971305,0.6297836842991063,0.99913090467453,60.02571366281143,0
739,0.44530225793520645,0.4164567760058815,0.9918540120124817,0.433587886038281,0.4105615871293208,0.9990546107292175,0.4290527374971484,0.6219243634314768,0.9986853003501892,0.41593642461867597,0.6288226899646583,0.9991843700408936,60.02571366281143,0
740,0.4460181466170723,0.4160799611182443,0.9920142292976379,0.43408436008862117,0.41007036822182824,0.9990915060043335,0.42928252049854854,0.6211877777462919,0.9987199306488037,0.41584569073858746,0.6279696708633791,0.9992289543151855,60.02571366281143,0
741,0.4464634075051266,0.4155524216947105,0.9921907782554626,0.43481050644602126,0.40951878825823496,0.9991242289543152,0.4293461924507508,0.6206913448515398,0.9987401962280273,0.41607319741022053,0.6276234870865236,0.9992609620094299,60.02571366281143,0
742,0.4468276869683042,0.41524495113463666,0.9921046495437622,0.4354209403196974,0.4088155840124406,0.9991174340248108,0.4294809855165939,0.6203787298429585,0.9987630248069763,0.4164055855501269,0.627469366505033,0.999278724193573,60.02571366281143,0
743,0.44682014981905654,0.4147087335586551,0.9920961260795593,0.43576949692907824,0.40818062708491404,0.9991449117660522,0.4295983002299358,0.6199772585005991,0.9987962245941162,0.4166925563698727,0.627381597246443,0.9993131756782532,60.02571366281143,0
744,0.4465726982979551,0.41371342823618973,0.9920975565910339,0.4358802551314948,0.4074417721657529,0.9991704821586609,0.42966795535314684,0.6194629584039966,0.9988163113594055,0.4169364131632308,0.6270523809251336,0.9993420839309692,60.02571366281143,0
745,0.4461971237545925,0.4125150300207595,0.992135226726532,0.4361135462919874,0.40707484171504094,0.9991941452026367,0.429673091286705,0.6187509213175097,0.9988290071487427,0.41705354480516377,0.6267680639312385,0.9993681311607361,60.02571366281143,0
746,0.4456410606702172,0.41132034999983685,0.9923518896102905,0.43644612885656847,0.4071304528486164,0.9992228746414185,0.4294302179699856,0.6180565669423063,0.9988462328910828,0.41717840802101896,0.6264366961660844,0.9993964433670044,60.02571366281143,0
747,0.44554144285974084,0.4104914267857873,0.9924921989440918,0.43672941696076206,0.40653890087491024,0.9992393255233765,0.4296205313432788,0.6175274167742053,0.9988502860069275,0.41720093290011123,0.6261298571314136,0.9994156956672668,60.02571366281143,0
748,0.44593101172220173,0.4101203992253261,0.9924261569976807,0.4368193972678415,0.4052414667038694,0.9992471933364868,0.4301052377337504,0.6171581773530874,0.9988664388656616,0.41733346666608573,0.6256684802827386,0.9994305372238159,60.02571366281143,0
749,0.4465223352114363,0.4098982399418244,0.9925441741943359,0.43677199454534654,0.4037263137953625,0.9992859363555908,0.43077810889198703,0.6171087367194045,0.9988951683044434,0.4177582505203432,0.6252115595908396,0.9994596242904663,60.02571366281143,0
750,0.44710315976824117,0.40978077195939594,0.9925344586372375,0.43711318856193937,0.40251345577694153,0.9993095993995667,0.4314527412255609,0.61743689434869,0.998921811580658,0.41853494729314566,0.625044328825815,0.999483585357666,60.02571366281143,0
751,0.44758341567856963,0.4096958949452358,0.9924864768981934,0.4376590010665716,0.40218649591718436,0.9993269443511963,0.4321850226038982,0.6177396944590983,0.9989545345306396,0.41929360514595426,0.6251552275248942,0.9995056986808777,60.02571366281143,0
752,0.4479232671714968,0.40983954781577736,0.9924152493476868,0.43818810582160983,0.4025590221087141,0.9993338584899902,0.4331331210477015,0.6178698880331861,0.9989835619926453,0.42005460177149123,0.6248929869560973,0.9995223879814148,60.02571366281143,0
753,0.4491232449100135,0.4101590315500898,0.9923539161682129,0.4387793583529339,0.40237038334210745,0.9993479251861572,0.4349407553672794,0.6173604471342908,0.9990075826644897,0.42063161163103047,0.623528000854311,0.9995426535606384,60.02571366281143,0
754,0.4506407025314516,0.4101446654115408,0.9920428991317749,0.4395422878719515,0.40174476589475394,0.9993573427200317,0.43692389272508203,0.6160632258369814,0.9990133047103882,0.4213323394457502,0.621387830802373,0.9995564818382263,60.02571366281143,0
755,0.4520373940467838,0.4098994391305109,0.9918485283851624,0.4403740380491533,0.40100820149694205,0.9993542432785034,0.43873959495907777,0.6146536980356494,0.9990214109420776,0.42211568355560336,0.619106931345804,0.9995661973953247,60.02571366281143,0
756,0.4530676560742518,0.40934977928797434,0.9918035268783569,0.44159643422989653,0.40030418123517747,0.999347448348999,0.4400415988195514,0.6134126243137182,0.9990233778953552,0.42308970434325116,0.6173576258477715,0.9995688796043396,60.02571366281143,0
757,0.45356502135594723,0.4085668566681093,0.9915643930435181,0.44297794926734235,0.39962171372913213,0.9993168711662292,0.4406017717860997,0.6122550538608011,0.9989988803863525,0.42407112746011677,0.6161773715700427,0.9995595216751099,60.02571366281143,0
758,0.45433336070605723,0.40771545256887193,0.9915382862091064,0.44397927182061364,0.3988524547645027,0.9993099570274353,0.44158565288498325,0.6114999027479266,0.9990093111991882,0.4249553283055627,0.6155603726704921,0.9995681047439575,60.02571366281143,0
759,0.45559019134158213,0.4072609614758268,0.9914796352386475,0.44511405768848633,0.39814244139762184,0.9993113279342651,0.4427002356165935,0.6109487783341185,0.9990284442901611,0.42637645346777814,0.6150234426770896,0.9995833039283752,60.02571366281143,0
760,0.45668953799066125,0.40663560231526724,0.9912452697753906,0.44631109493119414,0.3972003828911558,0.99931401014328,0.44348952316102563,0.610232361725399,0.9990456700325012,0.42814325576736845,0.6144251340911506,0.999600350856781,60.02571366281143,0
761,0.4576968749364221,0.40586984299478107,0.991254985332489,0.44704158391271354,0.3952021102110548,0.9993253350257874,0.44466697602045,0.6093155117261982,0.9990763068199158,0.4296450629120785,0.6127515293302995,0.9996225237846375,60.02571366281143,0
762,0.4589529193582993,0.4046784994148076,0.9914645552635193,0.4480592282045459,0.39289798906871287,0.9993435144424438,0.44623109272548167,0.608248338812874,0.9990877509117126,0.4310560907636373,0.6107530537105748,0.9996367692947388,60.02571366281143,0
763,0.46031870302699895,0.40235989718210163,0.9917338490486145,0.4490401475202473,0.3906349681672599,0.9993637800216675,0.4477962070987342,0.6067689884276621,0.9990992546081543,0.432218398366656,0.6083320719855178,0.9996513724327087,60.02571366281143,0
764,0.46205411496616583,0.39906903533708515,0.9919554591178894,0.4502115121909554,0.3888621557326547,0.9994006752967834,0.4497534490766983,0.6050777492069068,0.9991375803947449,0.4329146260306952,0.6060535453614739,0.9996757507324219,60.02571366281143,0
765,0.4638959992499583,0.396039053088143,0.9923411011695862,0.4516736765702569,0.3882371627149131,0.9994094967842102,0.4509573507876627,0.6035677336511163,0.9991530179977417,0.4337654582091744,0.604603475048429,0.9996893405914307,60.02571366281143,0
766,0.46558762306258833,0.3940399672303884,0.9926556944847107,0.4529109852654597,0.3885633235885987,0.9994120597839355,0.45107177041825824,0.6023590195746653,0.9991851449012756,0.43430573457763344,0.6039403336388729,0.9997035264968872,60.02571366281143,0
767,0.4674029861177721,0.3925662650948482,0.9929537773132324,0.45345254455293965,0.3883277220385418,0.9994080662727356,0.4509257816133049,0.6005380948384608,0.9991905689239502,0.43457620342572567,0.6030662542297731,0.9997066855430603,60.02571366281143,0
768,0.46895005447523974,0.3910875107560842,0.9933523535728455,0.4544320347763247,0.38762246427081914,0.9993988871574402,0.45057850792294496,0.5970650372051062,0.9991821646690369,0.43554607033729587,0.6019066628955664,0.9996993541717529,60.02571366281143,0
769,0.46973344115983906,0.3895944569792069,0.9935835003852844,0.4551540159043815,0.3868942757447564,0.999363124370575,0.45039078167506663,0.5927229779107235,0.9991065263748169,0.43685301712581126,0.6002135163261781,0.9996590614318848,60.02571366281143,0
770,0.4695240174021043,0.3876229113056549,0.9937400221824646,0.4560777502400538,0.38553952886944753,0.999350905418396,0.45001598624956074,0.5881350522949587,0.9990600347518921,0.4382806945414774,0.5980000467527484,0.9996358156204224,60.02571366281143,0
771,0.46934968800771837,0.38550091215542415,0.9938071966171265,0.4569140048254108,0.3834300608862017,0.9993036985397339,0.4495902941340496,0.5849712462652301,0.9990338683128357,0.4394911896614805,0.5960624672117693,0.9996073842048645,60.02571366281143,0
772,0.468919993866058,0.38401101742472,0.9940019249916077,0.45740389114334506,0.3815538358120694,0.9992773532867432,0.449151144141243,0.5838620549156557,0.9989750981330872,0.4400772594270256,0.5949331266539442,0.9995541572570801,60.02571366281143,0
773,0.46808946700323234,0.38265491099584703,0.9942351579666138,0.45811289406958117,0.37996403943924706,0.9992762207984924,0.44854871857733986,0.583841531049638,0.9989294409751892,0.44044342069398823,0.5944802704311557,0.999530017375946,60.02571366281143,0
774,0.46701754558654096,0.38163794222332215,0.994453489780426,0.45911868271373607,0.378639611459914,0.9992839694023132,0.44790534604163434,0.5836553431692582,0.9989058971405029,0.44098407313937266,0.5940885373524262,0.9995166659355164,60.02571366281143,0
775,0.46593550982929444,0.38140158568109817,0.9946024417877197,0.45999668325696713,0.37851756527310354,0.9992908835411072,0.44731641667229827,0.5836836496988937,0.9988817572593689,0.44132048743111785,0.5940580623490475,0.9995124340057373,60.02571366281143,0
776,0.46520801810991236,0.3785219135738558,0.9946069717407227,0.46094599508103906,0.3767445626712984,0.9992925524711609,0.446552986190433,0.5827055800528758,0.9988294243812561,0.4416528443495436,0.5935675473440266,0.9994929432868958,60.02571366281143,0
777,0.4649615883827213,0.3738447810922353,0.99468994140625,0.4619815008980891,0.37332133452097604,0.9992972016334534,0.44596156903675666,0.5815874934196477,0.9988098740577698,0.44189530752954065,0.592701497532073,0.9994922280311584,60.02571366281143,0
778,0.4645920566150124,0.3694738092876619,0.9948338866233826,0.46279439755848517,0.3699605663617455,0.9993118047714233,0.4456020253045222,0.5805504066603528,0.9988282322883606,0.4422919324466164,0.5917939657256721,0.9995112419128418,60.02571366281143,0
779,0.4632156462896442,0.366859126658667,0.9950395226478577,0.4635625382264459,0.3677244825022564,0.999340295791626,0.4452930405026394,0.5797573498317179,0.9988635182380676,0.44297058667455436,0.5911482373873398,0.9995365142822266,60.02571366281143,0
780,0.4616420794100992,0.3669502735137942,0.9951732754707336,0.46384645927520063,0.36722356790588045,0.9993601441383362,0.4452103206089568,0.579220967633384,0.9988971948623657,0.4435266525972461,0.5902943951742994,0.9995555877685547,60.02571366281143,0
781,0.4602991087096082,0.3691191290106095,0.9952810406684875,0.4641643634864266,0.3686308804012483,0.9993852376937866,0.4450178132170726,0.5790708802995232,0.9989253282546997,0.44415457759584737,0.5895794913882306,0.9995740652084351,60.02571366281143,0
782,0.4595233485812236,0.3700388159070699,0.9953551292419434,0.46466549805232493,0.3691865759236475,0.999403715133667,0.4455041814418069,0.5784329232715429,0.9989550709724426,0.4449267259665901,0.5884889137177245,0.9995912313461304,60.02571366281143,0
783,0.45915270419347887,0.3707048112437842,0.9953680634498596,0.4656155364853999,0.3698929945627851,0.9994202852249146,0.4463608279114681,0.5780878237315591,0.9989906549453735,0.44569121230216285,0.5874906466120771,0.9996111989021301,60.02571366281143,0
784,0.4592729168278834,0.3714620229743779,0.9953805208206177,0.4663863735539576,0.3708746078468508,0.9994463324546814,0.4474322086288819,0.5782641257558555,0.9990333914756775,0.4463737706343336,0.5870815146537058,0.9996339678764343,60.02571366281143,0
785,0.4591337924911866,0.372213837646303,0.9953600764274597,0.46726509219124235,0.3720601683571228,0.9994710683822632,0.44835793546267955,0.578668267953964,0.999069333076477,0.44700907809393786,0.5874422731853672,0.9996525049209595,60.02571366281143,0
786,0.4592150009813767,0.37281596092950764,0.9953396320343018,0.4681267057146349,0.37367908443723435,0.9994915127754211,0.4489497840404514,0.5788872497422359,0.9990977048873901,0.4473894564878377,0.5877743845894228,0.9996674060821533,60.02571366281143,0
787,0.4592243078209109,0.37323215036165175,0.9953138828277588,0.4688727855682377,0.37518537612188463,0.9995088577270508,0.4489013680389953,0.5789042796407431,0.9991203546524048,0.447666521583285,0.5879757546243218,0.9996799230575562,60.02571366281143,0
788,0.4590290401663103,0.3730101627962933,0.9953728318214417,0.46978018965039975,0.37595805383863934,0.9995275139808655,0.44865895169121917,0.5786451810882209,0.999155580997467,0.4479838751611259,0.5879971129553664,0.9996961355209351,60.02571366281143,0
789,0.45866697317078037,0.3726933442410972,0.9954532384872437,0.470955624466851,0.3761799888951441,0.9995448589324951,0.44793189565340713,0.5785308537029089,0.9991912841796875,0.4482927790709908,0.5881059027853471,0.9997107982635498,60.02571366281143,0
790,0.45826345682144204,0.37210866099312223,0.9954606294631958,0.47196207301957305,0.37558753007934237,0.9995580911636353,0.4470793335210713,0.578164038204012,0.9992237091064453,0.44846033624240367,0.5881738889785044,0.9997246265411377,60.02571366281143,0
791,0.4581016131809783,0.37151695291201303,0.9955238103866577,0.4733840879939855,0.3746109888667155,0.9995723366737366,0.4463007407529017,0.577549571082706,0.9992547631263733,0.44870443429265744,0.5880380074183151,0.9997379183769226,60.02571366281143,0
792,0.4585453002225789,0.37094185607773944,0.995543360710144,0.47448599622363175,0.3735911888735638,0.9995847344398499,0.44599989624250536,0.576774602844602,0.9992731213569641,0.44895629797663045,0.5875192596798855,0.9997462630271912,60.02571366281143,0
793,0.4593574262800675,0.370517962035679,0.9955517053604126,0.47469625160807694,0.37261921025457867,0.99959796667099,0.4462482077734814,0.5757606710706443,0.9992693066596985,0.449112115871339,0.5865478941372467,0.999748706817627,60.02571366281143,0
794,0.4603968134948189,0.3702560379391628,0.9955868721008301,0.47469680649893664,0.37198452438627,0.9996072053909302,0.4467673826785319,0.5748202516919095,0.9992819428443909,0.44946649244853465,0.585494302567982,0.9997535347938538,60.02571366281143,0
795,0.4617407236780443,0.3701231139046808,0.9955495595932007,0.47494336111205004,0.37130976432845736,0.9996045827865601,0.4473855949583511,0.5742751955986027,0.9992623925209045,0.44995229726746006,0.5848145257859008,0.9997466206550598,60.02571366281143,0
796,0.4631879769620445,0.37009936003457966,0.9955312013626099,0.4755920185929257,0.3707958615961532,0.999610424041748,0.44802238118080906,0.5738718538057241,0.99925696849823,0.450471727620988,0.5846292490050911,0.9997445344924927,60.02571366281143,0
797,0.4651874658607305,0.37025498776208815,0.9954162240028381,0.4763671273276924,0.37122681169282856,0.999603807926178,0.4488808271430791,0.5738184054692591,0.999245285987854,0.45089851532663655,0.5848322425569812,0.9997380375862122,60.02571366281143,0
798,0.46688257938339633,0.37015795423871023,0.9953607320785522,0.4773143913064688,0.3726138500940235,0.9995996356010437,0.4496933519840244,0.5738435444377723,0.999234139919281,0.451256883995874,0.585265193666731,0.999731719493866,60.02571366281143,0
799,0.4681837913535894,0.3698487210841409,0.9955040812492371,0.47802249448640044,0.3744551766486398,0.9996024370193481,0.45038322749592047,0.5736704270044968,0.9992541074752808,0.45143630674907176,0.5855934506370912,0.9997408986091614,60.02571366281143,0
800,0.46902199728148364,0.3696157946473079,0.9956493973731995,0.47846465735208454,0.3762851627100085,0.9996098279953003,0.4509937905129936,0.5734119727498014,0.9992827773094177,0.4516935178211761,0.5856445034344996,0.9997528791427612,60.02571366281143,0
801,0.46965926743689074,0.3693936821960271,0.9955152869224548,0.47890313466390017,0.3776419262091322,0.9996021389961243,0.4514435543900448,0.5733612122989841,0.999284565448761,0.452077272392455,0.5860411439623157,0.9997546076774597,60.02571366281143,0
802,0.4705410628091725,0.36938706182298237,0.9952346086502075,0.47915333083697764,0.3780838165964402,0.9995886087417603,0.4519392989930656,0.5735403270948505,0.9992837309837341,0.4524040094443733,0.5865319087391813,0.999756395816803,60.02571366281143,0
803,0.4721418576581141,0.3696122552667348,0.995042085647583,0.4790026772589915,0.3781594988845647,0.9995752573013306,0.4526908397674564,0.5739317593120398,0.9992831945419312,0.4526659051577254,0.5869967341423039,0.9997571706771851,60.02571366281143,0
804,0.47366935440472235,0.3697112685158142,0.9949691891670227,0.4790898575669247,0.37818573344321504,0.9995753765106201,0.45327284364473286,0.5742130421456841,0.9992774724960327,0.45293481860842055,0.5873319676944193,0.9997562766075134,60.02571366281143,0
805,0.47478085472470277,0.3703638826097764,0.9949162602424622,0.4795627778484711,0.37829205961454515,0.9995721578598022,0.4535766116210397,0.5744479412124275,0.9992803931236267,0.4532215212072649,0.5874452619325552,0.9997555613517761,60.02571366281143,0
806,0.47538191789672524,0.3715792255742212,0.9948099851608276,0.480398223513649,0.3784391326563702,0.999568521976471,0.45371468152318717,0.5745979944864914,0.9992839694023132,0.45365677844910435,0.5872569367999128,0.9997570514678955,60.02571366281143,0
807,0.4754673029695242,0.37285097440083853,0.9946616291999817,0.4813573729424253,0.3784803705556055,0.9995481371879578,0.4536218685763227,0.5747791159720652,0.9992623329162598,0.4541182730879106,0.587091153576261,0.9997499585151672,60.02571366281143,0
808,0.4756991849059154,0.37397014385178007,0.9945222735404968,0.48207891413143744,0.37883364018939825,0.9995353817939758,0.4536878537564054,0.5750282719021756,0.9992302656173706,0.4544368499801276,0.5868724896794278,0.9997368454933167,60.02571366281143,0
809,0.47641164632070665,0.3748985188347955,0.9945461750030518,0.48242265979448995,0.37988109106109286,0.9995355606079102,0.45387567083040914,0.5752849550474263,0.9992258548736572,0.454617071719397,0.5869019996552245,0.9997336268424988,60.02571366281143,0
810,0.4771886765956882,0.3752033596947083,0.99456387758255,0.482459657248997,0.38109057006381836,0.9995304346084595,0.45403845821108174,0.5753999040240338,0.9992213845252991,0.45460474349203606,0.5870210187775753,0.999730110168457,60.02571366281143,0
811,0.4777776925336751,0.3755726090499336,0.9946654438972473,0.48239710075514697,0.3822586451257981,0.9995244741439819,0.45413523486682383,0.5755468748864678,0.9992278218269348,0.45440405465307726,0.5872968861034943,0.9997315406799316,60.02571366281143,0
812,0.4781554128442496,0.3757061277117051,0.994762122631073,0.4824548988115224,0.38314075838951867,0.9995330572128296,0.4541386621338984,0.5757069247109554,0.9992247819900513,0.45416104793548623,0.5876803852262956,0.999734103679657,60.02571366281143,0
813,0.4781917007196521,0.37540689678419237,0.9946879744529724,0.48286559752055613,0.3833165111995882,0.9995200634002686,0.45391021314121466,0.5757778542382381,0.9992127418518066,0.4539147104535788,0.5879941043399635,0.999728262424469,60.02571366281143,0
814,0.4781255040849962,0.3750752338341308,0.99471116065979,0.4833769727320902,0.38359904147329815,0.9995328783988953,0.45365126501946257,0.5758977049872993,0.999230682849884,0.45374015541303764,0.5884324823107043,0.999737560749054,60.02571366281143,0
815,0.47802800649688393,0.37509809789203497,0.9946171641349792,0.4838996997901376,0.38426095105352887,0.9995309710502625,0.45343020700273096,0.5760434525353573,0.9992291927337646,0.45372626469248856,0.5890623104004638,0.9997406005859375,60.02571366281143,0
816,0.4782458430244813,0.37532536046845605,0.994515597820282,0.48421030810901133,0.38545713538215304,0.9995191693305969,0.45344238905679646,0.5761013229688013,0.9992241859436035,0.45375899615741944,0.5896051071939019,0.9997371435165405,60.02571366281143,0
817,0.47849478891917674,0.37582041252227083,0.9945259094238281,0.4841209025610065,0.3850370319116686,0.9995191693305969,0.45365378686359986,0.5761396005040128,0.9992192387580872,0.4537550154186434,0.5898373666263766,0.9997349977493286,60.02571366281143,0
818,0.478855547450838,0.3756077772095093,0.9945704936981201,0.48361217833700676,0.38321813373338637,0.9994980692863464,0.4539799136774884,0.5761520380065559,0.9992114901542664,0.45376241774786125,0.5899163200741728,0.9997333884239197,60.02571366281143,0
819,0.47890216963631804,0.3743931693690167,0.994491696357727,0.4832418958346053,0.3803596524965199,0.9995028972625732,0.45417977230889495,0.5761101274263296,0.9992192387580872,0.45382634089106644,0.589871398040227,0.9997377395629883,60.02571366281143,0
820,0.4784130241189688,0.37251781991549926,0.9943432211875916,0.48234761045092667,0.37735698762394165,0.999495804309845,0.4543140133221948,0.5760615411258884,0.9992300868034363,0.4538577596346541,0.5899565390178141,0.9997391700744629,60.02571366281143,0
821,0.47593360145886776,0.3706215094952359,0.9945075511932373,0.4810086729980654,0.37483257481030086,0.9994874596595764,0.4542568524678552,0.5762836535771693,0.9992635250091553,0.4538136380059382,0.5905192664691385,0.999750554561615,60.02571366281143,0
822,0.4729546634923848,0.3691669248399283,0.9946898818016052,0.4793743093808496,0.373214723098846,0.999470591545105,0.4542787642706012,0.5768296519915268,0.9992775917053223,0.4535409893308371,0.5915318841025947,0.9997599124908447,60.02571366281143,0
823,0.47008018550418706,0.3683383791219623,0.9948455691337585,0.4774873114767533,0.37112138242948656,0.9994615316390991,0.4541864380950023,0.5770577476138166,0.9992915987968445,0.45277331414676886,0.5919836532501952,0.999773383140564,60.02571366281143,0
824,0.4673929966631394,0.3677712366694499,0.9949686527252197,0.4740216490768254,0.3694425196874712,0.9994350075721741,0.45389233458609846,0.5771605968475346,0.9993134140968323,0.45176069083667975,0.5921652033215482,0.9997850060462952,60.02571366281143,0
825,0.4651820787361694,0.3682037847382685,0.9945127367973328,0.46783754087629814,0.3687550368763155,0.9993792176246643,0.4534545952365515,0.5770307325181512,0.9992046356201172,0.4503811030160817,0.5914477592422853,0.9997439980506897,60.02571366281143,0
826,0.4634972966852646,0.3710075432345984,0.9944028258323669,0.45995829360825713,0.3701046293690094,0.9994020462036133,0.45297199913433656,0.577451592399961,0.9991692900657654,0.4490569205511188,0.5904346761249366,0.9997329115867615,60.02571366281143,0
827,0.46107100021271513,0.37740406819752315,0.9945037961006165,0.45166704342478836,0.37285310739562655,0.9994378089904785,0.4522624782153542,0.5784433313778473,0.9991098642349243,0.4478463516348888,0.5895024850254972,0.9997259378433228,60.02571366281143,0
828,0.4589961753005077,0.38638765187490587,0.9947417974472046,0.44474049693062234,0.3762610994634177,0.9994857311248779,0.45171364574205347,0.5798318527993707,0.9990894794464111,0.4467786195732302,0.5889491580781487,0.9997288584709167,60.02571366281143,0
829,0.4555965945834209,0.3947222076711204,0.9948683381080627,0.4410113153003514,0.37916516973858816,0.999529242515564,0.45016497799328437,0.5810128478776846,0.9989952445030212,0.4461267533756441,0.5883882868857615,0.9997221827507019,60.02571366281143,0
830,0.4517585989974798,0.3996313881306425,0.9944772720336914,0.43850011059216126,0.38086659993444205,0.9995608329772949,0.44825943452971356,0.581786692142487,0.9986915588378906,0.44544809205191516,0.5880288254647033,0.9996859431266785,60.02571366281143,0
831,0.44751430267379433,0.3983293218272076,0.9946970343589783,0.43517028150104375,0.3812644098486222,0.9995841979980469,0.4469550493217654,0.5819370065416614,0.998691976070404,0.44448489092645227,0.5879493696349013,0.9996773600578308,60.02571366281143,0
832,0.44172366743996067,0.3913053586369472,0.9945128560066223,0.43290151868547744,0.3812667684895655,0.9995931386947632,0.4461173330034532,0.5821464288802378,0.9985209703445435,0.443767580248061,0.5887420773506169,0.9996339082717896,60.02571366281143,0
833,0.4331338462375463,0.3808269415582932,0.993656575679779,0.43564924881571854,0.379482991638638,0.9994403719902039,0.443508537042709,0.5822707499776573,0.9984058737754822,0.4432563710780374,0.589955173787617,0.9995824694633484,60.02571366281143,0
834,0.4248657460723608,0.37122972664378967,0.9935252666473389,0.44334001768203046,0.37996230380875756,0.9992747902870178,0.44053926922026165,0.5820171577589857,0.998437762260437,0.4430204672472821,0.5913216911611108,0.9995586276054382,60.02571366281143,0
835,0.41772067263012874,0.36548711856206284,0.9933332800865173,0.45467534661293063,0.38513398454302866,0.9990357160568237,0.4375095012642092,0.5831940316018609,0.9985277056694031,0.4418608929429739,0.5940302865845821,0.9995720386505127,60.02571366281143,0
836,0.41432558851582696,0.36229129348482436,0.0,0.4698725711731688,0.3901478307587763,0.0,0.4351174661091399,0.5799269562675844,0.0,0.4442470769087477,0.592320261966615,0.0,60.02571366281143,1
837,0.4147584296408157,0.35785895160266357,0.9918407797813416,0.48015244092260123,0.4062347170852483,0.9982898831367493,0.4326497543425791,0.576531637282599,0.9985584616661072,0.446165767453966,0.5944915782837645,0.9995852708816528,60.02571366281143,0
838,0.4179175176790786,0.3613503887539821,0.9906083941459656,0.4880958185309459,0.4273029182638444,0.9957944750785828,0.4350552374408362,0.5577830615497775,0.9985819458961487,0.4543559991178062,0.5795893882002154,0.9995899200439453,60.02571366281143,0
839,0.41966571268581243,0.3758016469932741,0.9896528720855713,0.500449379285177,0.4394524395465854,0.9921585321426392,0.4399020175139113,0.5363257697650369,0.9986521601676941,0.46875159513382725,0.5571403333118988,0.9996093511581421,60.02571366281143,0
840,0.422770555530276,0.395175974993479,0.9905127882957458,0.5116499392759236,0.45048628392673706,0.9911786317825317,0.44676856199900344,0.5132209403174268,0.9987860321998596,0.4853738759245195,0.5309329685710729,0.9996405839920044,60.02571366281143,0
841,0.42748746559733475,0.4128128034727917,0.9913291931152344,0.5183152939592093,0.46186519236791734,0.9910303354263306,0.4533425044445768,0.49934566304797257,0.9989035725593567,0.49639935436702953,0.5141318553969978,0.9996499419212341,60.02571366281143,0
842,0.4310031476474947,0.4360977794442861,0.9919925332069397,0.5220088419460118,0.4754816705272315,0.9908920526504517,0.4567155681905296,0.5017796357472741,0.999012291431427,0.5026172981375744,0.514712200278328,0.9996803998947144,60.02571366281143,0
843,0.4313351582913175,0.4556199979214445,0.9926103949546814,0.5226563896451681,0.4999810386271708,0.9905035495758057,0.45492132788612766,0.5263095356169205,0.9991097450256348,0.501401503880819,0.5369530660765516,0.9997103810310364,60.02571366281143,0
844,0.4337870251564756,0.4631981168474474,0.9931947588920593,0.5103028601124178,0.4976842375028705,0.9911971092224121,0.4526113016264783,0.5532175898551945,0.9991971254348755,0.499492751700538,0.5610999266306564,0.9997376203536987,60.02571366281143,0
845,0.437506287580445,0.4634235856078923,0.9938563704490662,0.4919474408740093,0.4726053958847413,0.9920572638511658,0.45085099907148485,0.5783131463187086,0.9992767572402954,0.49374985623927387,0.582011263994944,0.999762773513794,60.02571366281143,0
846,0.4449763141927269,0.4560306767622634,0.9943152070045471,0.46530365660077083,0.44969653515588703,0.9928285479545593,0.4507383349395937,0.5833589519773216,0.9992179870605469,0.4792262315750126,0.5839964122999287,0.999699056148529,60.02571366281143,0
847,0.45475802038397145,0.4374812216985797,0.0,0.4410773813724521,0.42649487228620653,0.0,0.45154050560224657,0.5730558917635968,0.0,0.4596863793475291,0.5754600522064033,0.0,60.02571366281143,1
848,0.46262663177081553,0.4288589798268821,0.9948408007621765,0.42678285780407166,0.4170703391234083,0.9934728741645813,0.45278074911662547,0.5620749904995876,0.999175488948822,0.44113867623465436,0.5684648496764051,0.999349057674408,60.02571366281143,0
849,0.4658496741737642,0.4277075557481679,0.9953027367591858,0.4301577621982215,0.4198821697916307,0.994123637676239,0.4535538823831653,0.5596658700988411,0.9984741806983948,0.4307356852860681,0.5653119555541452,0.9985997676849365,60.02571366281143,0
850,0.4685783088207249,0.4219526478222442,0.9957407712936401,0.4347163765203389,0.4088626745201296,0.9947103261947632,0.45267006329127757,0.5681611100832626,0.9983049035072327,0.42913928060304585,0.5738362130664648,0.9984495639801025,60.02571366281143,0
851,0.4699940695649105,0.41720657831146635,0.9960914850234985,0.44058166373343727,0.4004463709536056,0.9952371120452881,0.45106766905103446,0.5795872921035408,0.9978439807891846,0.43115928627195843,0.5843673603875301,0.9981446862220764,60.02571366281143,0
852,0.4707972449915753,0.41635546655882005,0.9964649081230164,0.44262791247594957,0.4029912622202013,0.995712399482727,0.4495209129083728,0.5857058025541764,0.9977031946182251,0.4306447534334095,0.5886553100177225,0.9981217980384827,60.02571366281143,0
853,0.47140979483014095,0.4130992264974688,0.9967978000640869,0.444699068864187,0.40447388376508475,0.9961381554603577,0.44836349998201674,0.5863069891929631,0.99766606092453,0.4303384565171745,0.5900474843524756,0.9980936646461487,60.02571366281143,0
854,0.47215800909769007,0.41086951182002146,0.9970824122428894,0.44581839158421505,0.4066707917622161,0.99652099609375,0.4476239851542885,0.5849493883904961,0.9975826144218445,0.4302319004422146,0.590798744133541,0.9980172514915466,60.02571366281143,0
855,0.47336345201446933,0.4101060898531054,0.9973574876785278,0.4465456136635375,0.40899670833633095,0.9968666434288025,0.4472856890587583,0.5842879499707907,0.9976528286933899,0.43018741267068084,0.590754125799452,0.9980881810188293,60.02571366281143,0
856,0.4748919847465701,0.4102004511015759,0.9975990056991577,0.4466427777494707,0.4106020984195531,0.997174859046936,0.448004299686069,0.5825471934818091,0.9975199103355408,0.43015543903623343,0.5900836501802722,0.9979391694068909,60.02571366281143,0
857,0.4773936527115962,0.41051836666606756,0.9978256225585938,0.44624380412555914,0.41152569793519556,0.9974523782730103,0.45102203885714254,0.5807179751850314,0.9976162910461426,0.43001596558661725,0.588949200652895,0.9979313611984253,60.02571366281143,0
858,0.4794154422623774,0.4105700424739296,0.9980343580245972,0.4460736882118956,0.4116732052394325,0.9977012276649475,0.4551091960498268,0.5772599577903752,0.9977745413780212,0.42983269975298966,0.5875658988952641,0.9980229139328003,60.02571366281143,0
859,0.4814905850660237,0.411295260701861,0.998226523399353,0.4460294842720035,0.4120778413045978,0.9979293942451477,0.45886363585790035,0.5731578355743776,0.9978512525558472,0.4297764131001067,0.5867297081720266,0.9981247186660767,60.02571366281143,0
860,0.483491488865444,0.4128166678405947,0.9983934164047241,0.4460358704839438,0.4132784704367323,0.9981338977813721,0.461741468736104,0.5692432522773747,0.9979299306869507,0.43003289188657523,0.5861471238590428,0.9982569217681885,60.02571366281143,0
861,0.4850649301494874,0.4148871848980589,0.9985417723655701,0.44696251835141904,0.4151665518681212,0.9983152747154236,0.46349131706215124,0.5683968975430448,0.9979222416877747,0.4313036025989627,0.5863204768725808,0.9982191324234009,60.02571366281143,0
862,0.4872054471856076,0.41798950235048965,0.99864262342453,0.44784497788974253,0.41592425391787613,0.9984771013259888,0.4660845143454419,0.5705010323297415,0.9974519610404968,0.4332281634921123,0.587404120536078,0.9982556104660034,60.02571366281143,0
863,0.4886055106208442,0.4215956337395172,0.0,0.4511871082442151,0.4190356930096948,0.0,0.46802762576511964,0.5754291117191319,0.0,0.43718004652432063,0.5901758543082651,0.0,60.02571366281143,1
864,0.4862025578816736,0.42483063822700895,0.9987360835075378,0.45991673781758297,0.4271787447588788,0.998614490032196,0.46624004273187586,0.5809775335448133,0.9969308376312256,0.44449290491285814,0.5954451731273112,0.9980990290641785,60.02571366281143,0
865,0.48075981509117893,0.4275773799135575,0.0,0.47097662517002686,0.4394561634177257,0.0,0.46096998595056116,0.5853986555621742,0.0,0.45278246062142546,0.6009958514145448,0.0,60.02571366281143,1
866,0.47382333732786674,0.42930099935758714,0.9988360404968262,0.4807582497596745,0.4512667854626977,0.9987265467643738,0.45291245693252236,0.5888910861242389,0.9970592260360718,0.4591148410524644,0.6047961144220266,0.9981157183647156,60.02571366281143,0
867,0.4661600554273246,0.43042769886198534,0.9989250302314758,0.4898369837374918,0.45982495446999905,0.9988211393356323,0.44460768571921794,0.5922662431285499,0.9973127245903015,0.4636828196900235,0.6067469957328984,0.9982050061225891,60.02571366281143,0
868,0.46058537420772405,0.4309507665180028,0.999008059501648,0.4961223758402329,0.46342880243346846,0.9989280700683594,0.4392666291622892,0.5961953429948721,0.9975666999816895,0.4668513309387938,0.6072811739785335,0.9983521103858948,60.02571366281143,0
869,0.4567575866267798,0.43079907553536584,0.9990914463996887,0.5023904031231293,0.46533362922214366,0.9990240931510925,0.4365112114520303,0.5993125552222847,0.9978038668632507,0.47129188690866786,0.6066541870435084,0.9985018968582153,60.02571366281143,0
870,0.4538720477195017,0.43135886107172317,0.9991757273674011,0.510388397035145,0.46988265287308506,0.9991153478622437,0.434911980515435,0.6027631475811918,0.9980223774909973,0.4767085739544464,0.6090843450455443,0.9986483454704285,60.02571366281143,0
871,0.4528943541504092,0.4321320936793376,0.999245285987854,0.5153194211778191,0.4751267163526448,0.9991901516914368,0.43474450849351465,0.6045684615770981,0.9982187747955322,0.47999387695675844,0.6131707515035363,0.9987789392471313,60.02571366281143,0
872,0.4538902313936328,0.4338781436284387,0.999306857585907,0.5165288249651595,0.47786031592459943,0.9992595911026001,0.4358639461653577,0.605932596183959,0.998393714427948,0.4806812916483202,0.6163700790632344,0.998894989490509,60.02571366281143,0
873,0.4551188221999581,0.43696926747049636,0.9993557929992676,0.5170715394474216,0.48191025711241264,0.999323308467865,0.43736935655276016,0.6065683989297781,0.9985470175743103,0.48005184105464427,0.6201744618869969,0.9989953637123108,60.02571366281143,0
874,0.4560503079777676,0.43941921847207244,0.9994029998779297,0.516614675521851,0.48517016285941755,0.9993776679039001,0.43745486367316505,0.6077310528073997,0.9986886382102966,0.4782437341553828,0.6239764747165504,0.9990882277488708,60.02571366281143,0
875,0.457031478484472,0.441765265805381,0.9994515776634216,0.5171970895358499,0.4902433440798809,0.999433696269989,0.43640007575353024,0.608520592961993,0.9988153576850891,0.4770534052735287,0.6254019056047717,0.9991751909255981,60.02571366281143,0
876,0.45805083286194614,0.4434576914423991,0.9994974732398987,0.5148072100821,0.48877838112059135,0.9994826316833496,0.43434688732737625,0.60996748436065,0.9989320039749146,0.47517798060462624,0.6279926271665669,0.9992543458938599,60.02571366281143,0
877,0.4590266559805193,0.44544295753751517,0.9995425939559937,0.5102151830991113,0.49664491273108025,0.9995306134223938,0.43203735351562533,0.6111618734541397,0.9990369081497192,0.4731627745287763,0.6308909427552001,0.9993261694908142,60.02571366281143,0
878,0.4606782339868095,0.4474486580916817,0.9995781779289246,0.5082311318034222,0.5108126231602264,0.9995676875114441,0.4315699991725744,0.6110697899545947,0.9991269111633301,0.47362099658875273,0.6337592034112844,0.999387800693512,60.02571366281143,0
879,0.46540752053260837,0.451055752379554,0.9996148347854614,0.5042006926877163,0.5202994417576567,0.9996030926704407,0.43420324439094216,0.6108375532286513,0.9992122650146484,0.4717576702435815,0.6376859971455171,0.999447226524353,60.02571366281143,0
880,0.4716566190833141,0.45561828499748636,0.9996286630630493,0.4987867375214899,0.5199060667128794,0.9996094107627869,0.43825732242493437,0.6120695897511079,0.9992789030075073,0.46682054513976723,0.6416625238600238,0.9994928240776062,60.02571366281143,0
881,0.4770610871769137,0.45872401339667224,0.9996016621589661,0.4949687889644082,0.5126048000085925,0.999534547328949,0.44220513389224136,0.6154376353536338,0.9992432594299316,0.4621883417878836,0.6455588738123581,0.9993698596954346,60.02571366281143,0
882,0.4827938831987839,0.4614939519337249,0.9996181726455688,0.48789819507371845,0.49432231698717427,0.9995211958885193,0.4453295440900897,0.6162493654659821,0.9992779493331909,0.4547614469414669,0.6485942403475449,0.9993784427642822,60.02571366281143,0
883,0.48651493163335935,0.46492474987393373,0.9996067881584167,0.4814112569604605,0.48854244748751363,0.9995293021202087,0.4460083061740515,0.6143731247811095,0.9990079998970032,0.4468154609203342,0.6520487211999444,0.9992523789405823,60.02571366281143,0
884,0.49053693527267134,0.469493823392051,0.9995850324630737,0.47819764557338934,0.49210839470227596,0.9995385408401489,0.4463683196476531,0.6099915305773422,0.9989083409309387,0.4396518795263203,0.6493457867985686,0.9992632865905762,60.02571366281143,0
885,0.49611764010928966,0.4757294626463031,0.9995220899581909,0.47368982434272805,0.49503004267102235,0.9994760751724243,0.4481937459536965,0.6053731838862106,0.9986708760261536,0.43071009005819083,0.6411479881831583,0.9992137551307678,60.02571366281143,0
886,0.5011232452733181,0.4830598689260941,0.9995602369308472,0.4700810440949035,0.4982042866093776,0.9995074272155762,0.4504087326072515,0.6021964890616285,0.998615562915802,0.42320827501160796,0.6302808778626583,0.9992203116416931,60.02571366281143,0
887,0.5040121518430261,0.4871700221583961,0.9995967149734497,0.4687263681775051,0.5015191237131759,0.9995494484901428,0.45231537875675054,0.6023415412221641,0.9986575841903687,0.4202621494020738,0.6214030668849042,0.999233603477478,60.02571366281143,0
888,0.5055710162435263,0.48979581679616696,0.999629557132721,0.4680086431049169,0.5050938200382964,0.999582827091217,0.45262422731944535,0.6020807283265255,0.9987000226974487,0.4179312288761142,0.616731865065439,0.9992756247520447,60.02571366281143,0
889,0.50542525166557,0.4910085768926715,0.9996531009674072,0.46799565638814694,0.5084030798503335,0.9995768070220947,0.45095938018390147,0.6021045786993848,0.9985871315002441,0.4167114311740515,0.61802735782805,0.9991133213043213,60.02571366281143,0
890,0.505171880835579,0.49261302323568473,0.9996788501739502,0.46761959365436045,0.5122939830734621,0.9995827078819275,0.44952114139284444,0.6021414257231218,0.9984959959983826,0.41584527350607403,0.6183015420323332,0.9990847110748291,60.02571366281143,0
891,0.5045268308548705,0.4940586785475417,0.9997036457061768,0.4676012198130293,0.515413099811191,0.9995691180229187,0.4482902912866505,0.6023339657556448,0.998416543006897,0.4153606139478233,0.6186002038774041,0.9989847540855408,60.02571366281143,0
892,0.5039954043570023,0.4954228344417758,0.9997256994247437,0.46787481506665585,0.5173380204609466,0.9995914101600647,0.44728922702017326,0.6013553256080268,0.9983430504798889,0.41533138638451017,0.6179301653589526,0.999008297920227,60.02571366281143,0
893,0.5040523438226614,0.49689346977642646,0.9997448325157166,0.46832990930193985,0.5184731284777327,0.9995949864387512,0.4468990152790437,0.6001693010330205,0.9981154203414917,0.4157480909710842,0.6171741826193679,0.9989044666290283,60.02571366281143,0
894,0.5039582366035102,0.4975525396210811,0.9997634291648865,0.4689261572701594,0.5188336372375493,0.9995803833007812,0.4461801704906285,0.5983614779654008,0.9980681538581848,0.41568078171639244,0.616464563778469,0.9988762736320496,60.02571366281143,0
895,0.5044189067113971,0.4987050493558252,0.9997719526290894,0.46930521158945027,0.518228567781903,0.9995047450065613,0.44584581539744456,0.5964028267633352,0.9979602098464966,0.4152084716728759,0.6147430652663826,0.9986287951469421,60.02571366281143,0
896,0.5045232716060823,0.4997368894872215,0.9997669458389282,0.4691093053136557,0.5186964699200226,0.999399721622467,0.4451100655964446,0.5942570709046868,0.9977124333381653,0.41471083249364615,0.6133400003115341,0.9982174038887024,60.02571366281143,0
897,0.5045698483784997,0.5009044607480371,0.999763011932373,0.46887595029104356,0.518947956107912,0.9992804527282715,0.44418012528192463,0.592913096859342,0.9974750876426697,0.41404586462747517,0.6119938294092819,0.9976659417152405,60.02571366281143,0
898,0.5047386203493395,0.5017148000853406,0.9997670650482178,0.4688117986633668,0.5189632631483536,0.9992389678955078,0.44344352682431576,0.5917895294371109,0.9972836971282959,0.41339144820258766,0.6104186858449668,0.9973312616348267,60.02571366281143,0
899,0.5050976106098723,0.5027503683453518,0.9997837543487549,0.469119176978157,0.5190285444259648,0.9992611408233643,0.4431880371911189,0.5912850045022515,0.9973305463790894,0.4129261360281993,0.6089757567360292,0.9973134994506836,60.02571366281143,0
900,0.5053380245254158,0.5028666484923594,0.9997957348823547,0.4697913413956055,0.5190070016043531,0.9991764426231384,0.4429694485096708,0.5905752295539497,0.9974511861801147,0.4124401225930172,0.607687081609454,0.9972447752952576,60.02571366281143,0
901,0.505467724232447,0.5025208535648531,0.999801754951477,0.4707300776527045,0.5191283226013188,0.9990291595458984,0.44306865760258296,0.5897953283219115,0.9975380301475525,0.4122710369882133,0.6065664206232348,0.997136652469635,60.02571366281143,0
902,0.5055155498640882,0.5023185781070169,0.9998019337654114,0.4717504907222025,0.5194951040404188,0.9987756013870239,0.44304802162306683,0.5890406625611446,0.9976142048835754,0.4124477931431365,0.6062794725100205,0.997077226638794,60.02571366281143,0
903,0.5058225393295293,0.5026679266066783,0.9997897744178772,0.4727404330457964,0.5198088799204149,0.998514711856842,0.44317138195037875,0.5887141625086472,0.9976510405540466,0.41269915160678716,0.6058412137485691,0.9969432950019836,60.02571366281143,0
904,0.5061441801843193,0.5033803752490457,0.9997774958610535,0.4735255085286644,0.5201622389611749,0.9982364773750305,0.44332699122883057,0.5888125981603354,0.9976471066474915,0.4128287306853706,0.605519348666782,0.996806800365448,60.02571366281143,0
905,0.5063736381984896,0.5042637756892617,0.9997766017913818,0.47390869117918505,0.5203017876261761,0.9981207847595215,0.443450178418841,0.5886265039443974,0.9977036118507385,0.4128977259000146,0.6047618814877107,0.996699333190918,60.02571366281143,0
906,0.5064662042118259,0.504881010169075,0.9997761845588684,0.4742485369954794,0.5200975310234801,0.9980344772338867,0.44365678798584746,0.5884024415697375,0.9977759122848511,0.41296319876398396,0.6042006867272518,0.996644914150238,60.02571366281143,0
907,0.5064431939806261,0.5049379467964177,0.9997782111167908,0.47463040408634044,0.5207460607801169,0.9980065226554871,0.4438225030899051,0.5878965457280482,0.9978763461112976,0.4131703987008053,0.6043051736695431,0.9966536164283752,60.02571366281143,0
908,0.5064355362029307,0.5053085599626818,0.9997884631156921,0.47489341100057003,0.5223007713045398,0.9981337189674377,0.4440280383541474,0.5876247343562903,0.9980314373970032,0.41338333913258174,0.6049073906171895,0.9968233108520508,60.02571366281143,0
909,0.5064564545949304,0.5054265005247938,0.9997950792312622,0.4752063793795453,0.5238955787249978,0.9982656240463257,0.44425304872649096,0.5867530930609934,0.9981417655944824,0.41357199209077056,0.6051969215983442,0.9969868659973145,60.02571366281143,0
910,0.506357916763851,0.5055364313579744,0.9998013973236084,0.4754437889371603,0.5257244024957933,0.9983993172645569,0.4443032855079291,0.5856771525882544,0.9982301592826843,0.4135982365835284,0.6054101245743893,0.9971422553062439,60.02571366281143,0
911,0.5060406270481296,0.5057692499387836,0.9998015761375427,0.4755367097400487,0.5273106779370993,0.998494565486908,0.4441148241360986,0.5845981353805183,0.9981398582458496,0.41345664291154804,0.6051485368183687,0.9971786141395569,60.02571366281143,0
912,0.5056763490041101,0.5055654531433472,0.9997833967208862,0.47575878387405796,0.5279725279126852,0.9985365271568298,0.44410642697697633,0.5840109473183046,0.9979111552238464,0.4132865454469412,0.6044902233850393,0.9970754981040955,60.02571366281143,0
913,0.5053507941109798,0.5050169513339092,0.9997861981391907,0.4758660963603432,0.5292108513060074,0.9986178278923035,0.443788595142819,0.5838129548799429,0.9977955222129822,0.4132001073587512,0.6046772145089654,0.997069239616394,60.02571366281143,0
914,0.5050623047919505,0.5044254092943105,0.9997944831848145,0.47561028599739114,0.531415666852679,0.9986828565597534,0.4430924583049051,0.5842669350760329,0.9978059530258179,0.4131391005856654,0.6056338747342432,0.9971767663955688,60.02571366281143,0
915,0.5049773823647277,0.503972606999534,0.9998040199279785,0.47514708978789233,0.5334171340579082,0.9987675547599792,0.4422626679851899,0.5845282617069432,0.99791020154953,0.4130884224460242,0.6066375800541475,0.9973545074462891,60.02571366281143,0
916,0.505068245388213,0.5035212096713841,0.999814510345459,0.4746407242048358,0.5348014831542973,0.9988556504249573,0.4417322334789098,0.5842888894535251,0.9979788064956665,0.4132460511866073,0.6076119485355564,0.9975382089614868,60.02571366281143,0
917,0.5051862029802235,0.5030620069730853,0.9998260140419006,0.4742729692232045,0.5347081706637433,0.9989362359046936,0.44152214839344966,0.5838887067068195,0.9980801343917847,0.4135250562713263,0.608283454463596,0.9977151155471802,60.02571366281143,0
918,0.5054129787853789,0.5023831952185862,0.9998323321342468,0.47421306797436347,0.5318724711736047,0.9990032315254211,0.4420821837016518,0.5836656235513238,0.9981200695037842,0.41387704866273095,0.6081060029211504,0.9978591799736023,60.02571366281143,0
919,0.5055283648627149,0.5014190233889084,0.999834418296814,0.47427438554309703,0.5275443991025293,0.9990560412406921,0.44283686223484253,0.5835667451222741,0.9981101155281067,0.41421281298001644,0.6078963762237917,0.997931182384491,60.02571366281143,0
920,0.5054161491848177,0.5004289930775055,0.9998382925987244,0.4742237130800887,0.5233437078339717,0.9990853071212769,0.44330090993926674,0.5837065634273352,0.998073399066925,0.41440401900382307,0.6076854495775137,0.9979592561721802,60.02571366281143,0
921,0.5051780768803191,0.49952196649142716,0.9998455047607422,0.4741418829986031,0.519945411455064,0.9991495013237,0.4433640809286212,0.5839352522577563,0.9980772733688354,0.4144291068826406,0.6074627723012657,0.998064398765564,60.02571366281143,0
922,0.5047657234328138,0.49855493505795834,0.9998542666435242,0.4742193449111216,0.5179099525724142,0.9992153644561768,0.4426230107034959,0.583770544756027,0.9980279803276062,0.4144691640422461,0.6074320645559406,0.9981542825698853,60.02571366281143,0
923,0.5042062486921042,0.4975352713039947,0.9998642802238464,0.4745500797317145,0.5166147549947108,0.999279797077179,0.4413234066395536,0.5835775818143577,0.9981128573417664,0.41431574452491066,0.6074517028672359,0.9983005523681641,60.02571366281143,0
924,0.5037417099589397,0.4970545570055648,0.9998700022697449,0.47511873784519415,0.5147636390867691,0.9993250966072083,0.4402616279465815,0.583566458452316,0.9980641603469849,0.4141507475149067,0.6073526541392014,0.9983300566673279,60.02571366281143,0
925,0.5033540271577385,0.4964156008902054,0.9998759627342224,0.475825789428893,0.5124653464271913,0.9993715882301331,0.4397132439272748,0.5835862840924949,0.9980491399765015,0.4140354735510693,0.607199921494439,0.9983658790588379,60.02571366281143,0
926,0.5031580584389826,0.49518315139271,0.9998809695243835,0.4765152349358517,0.5098284142357967,0.9994138479232788,0.4396824410983498,0.583692854359037,0.9980112314224243,0.41403775129999465,0.6071536228770307,0.9983734488487244,60.02571366281143,0
927,0.5030520643506735,0.4925668424084077,0.9998854994773865,0.47715287832986786,0.5069133923167277,0.9994514584541321,0.4400733468078435,0.5833499857357575,0.9979493021965027,0.41438149980136363,0.606711518196833,0.998360276222229,60.02571366281143,0
928,0.5029757391838804,0.489647229512533,0.9998900890350342,0.47778122765677355,0.504028208199002,0.9994975328445435,0.4402216346490955,0.5833396145275666,0.9979689121246338,0.4151317832015813,0.6060871708960764,0.9984368681907654,60.02571366281143,0
929,0.50292239018849,0.4862873852252964,0.9998878240585327,0.4785545014199761,0.5015295332386385,0.9995272755622864,0.4404638920511522,0.5837223870413648,0.9978561997413635,0.4161872537363146,0.6053266951016023,0.9983541369438171,60.02571366281143,0
930,0.5029725545928596,0.4832903884706047,0.9998760223388672,0.4793577563195005,0.4992095643565772,0.9995498061180115,0.44088561336199483,0.5843149877729875,0.9977266192436218,0.41782807168506475,0.6047897338867192,0.9981918334960938,60.02571366281143,0
931,0.5028202022824972,0.4808433878989451,0.9998654127120972,0.48017600178718606,0.49756110707918844,0.9995803833007812,0.44133992706026387,0.5852072068623139,0.9977086782455444,0.419688762653442,0.6047211771919618,0.9982147812843323,60.02571366281143,0
932,0.5025588444301063,0.47807882797150425,0.9998506307601929,0.48116844750586046,0.4960311409972967,0.9996087551116943,0.44180723740941036,0.5860218008359278,0.9976335763931274,0.421443954819725,0.6050303181012476,0.9982093572616577,60.02571366281143,0
933,0.502072496073587,0.4751383747373312,0.9998189210891724,0.4824101470765617,0.49392800387882085,0.9996399283409119,0.4421903462637042,0.5865055549712412,0.997576117515564,0.4227759596847356,0.6049308578173325,0.9982704520225525,60.02571366281143,0
934,0.5012025520915081,0.47246856490771016,0.9997861981391907,0.483762363592784,0.492175651448114,0.9996643662452698,0.4421890108358296,0.5863590183712192,0.9974634647369385,0.42378538563137996,0.6049498007411054,0.9982933402061462,60.02571366281143,0
935,0.5001377903279808,0.4687274424802693,0.9997571110725403,0.4854229759602323,0.49081424588248884,0.9996888041496277,0.44177125039554815,0.5854255358378098,0.9972717761993408,0.4245602687199914,0.6049605579603291,0.9982187151908875,60.02571366281143,0
936,0.4989896331514635,0.46523362256231804,0.9997325539588928,0.48687385803177285,0.48949715495109597,0.9997142553329468,0.4412097675459729,0.5841052872794019,0.9971820712089539,0.4251847394875121,0.6049583809716366,0.9981988072395325,60.02571366281143,0
937,0.49754672391074084,0.4620482651960286,0.9997068047523499,0.48818955676896275,0.48879964436803586,0.9997394680976868,0.44045704603195224,0.5829492041042877,0.9971055388450623,0.42597086088998015,0.6051314132554195,0.9982214570045471,60.02571366281143,0
938,0.49634298114549585,0.459214582329705,0.9996752738952637,0.4891641210942045,0.4879258246648883,0.9997619986534119,0.43990760473977986,0.5822537598155798,0.9970579147338867,0.42666115079607314,0.6052177491642186,0.9982313513755798,60.02571366281143,0
939,0.4955106164727896,0.45718289273125823,0.9996642470359802,0.4901283198878883,0.4869949817657474,0.9997832775115967,0.43967040237926336,0.582403509389787,0.9972054958343506,0.42749923183804506,0.6052074545905708,0.9983473420143127,60.02571366281143,0
940,0.49499537973176905,0.45607579322088365,0.9996408820152283,0.4907960352443517,0.48693188883009453,0.9998025298118591,0.439660496654965,0.5824862150918875,0.9972875714302063,0.42854394089608,0.6053491830825811,0.9984419345855713,60.02571366281143,0
941,0.4948382718222486,0.45492721739269476,0.9996343851089478,0.4915743285701392,0.48700130837304295,0.9998202323913574,0.43972390890121493,0.5825055724098573,0.9974660873413086,0.4298315459773657,0.6053755198206225,0.9985595941543579,60.02571366281143,0
942,0.4952048247768769,0.4548322785468332,0.9996173977851868,0.4918860395749414,0.48714253306388894,0.9998357892036438,0.4403102284386048,0.5826104709080292,0.9975563287734985,0.43083142098926397,0.6051486191295448,0.9986405968666077,60.02571366281143,0
943,0.4956138247535346,0.4548963123843787,0.9995695352554321,0.492384608302798,0.48705182047117357,0.9998492002487183,0.44102420835267964,0.5827228767531263,0.9975405931472778,0.43195555039814576,0.6046332688558674,0.9987005591392517,60.02571366281143,0
944,0.4959835211435958,0.45470437123661983,0.9994729161262512,0.4928328905786791,0.486670112326032,0.9998580813407898,0.4415985658055263,0.5827978593962537,0.9971675872802734,0.43296985257239606,0.603918938409715,0.9986415505409241,60.02571366281143,0
945,0.49649212190083136,0.4541112425781435,0.9994393587112427,0.49386935574667834,0.4863586113566448,0.9998688101768494,0.4420609587714789,0.5828879702658885,0.9970920085906982,0.4343410631020867,0.6033929416111542,0.9986633062362671,60.02571366281143,0
946,0.4977517496971861,0.45390618273190125,0.9994149208068848,0.49474588178453033,0.48602833066667867,0.9998775124549866,0.4428310678118755,0.5828843656040378,0.9970489144325256,0.43581886944316717,0.6029417656716851,0.9986761212348938,60.02571366281143,0
947,0.4996389235769004,0.45385419045175857,0.9993714690208435,0.49563687330200595,0.4858843357790088,0.9998841285705566,0.4442391878082642,0.5830580592155461,0.9969618916511536,0.4377013118494128,0.6026365359624232,0.9986234903335571,60.02571366281143,0
948,0.501977296102615,0.4544880077952434,0.9993841052055359,0.4960162554468432,0.4861792439506172,0.999889612197876,0.4468581264927277,0.5834197515533088,0.9967944622039795,0.4394633514540539,0.6023685421262474,0.9984976053237915,60.02571366281143,0
949,0.5046660687242239,0.45611135022980864,0.9993928074836731,0.49627450676191465,0.4860546745005112,0.999891996383667,0.45041832753590216,0.583916891188849,0.9967604279518127,0.4411738316218062,0.6014212057704023,0.9984268546104431,60.02571366281143,0
950,0.5070940398034599,0.4580660504954206,0.9994195103645325,0.4966017646448957,0.48561479364122706,0.9998959302902222,0.4534029322011134,0.5840395064581012,0.9966024160385132,0.4424930768353602,0.6000054677327479,0.9983941912651062,60.02571366281143,0
951,0.5095406685556688,0.46067038888023054,0.9994633793830872,0.4972460440226968,0.48488252787362995,0.9999001026153564,0.4563225223904568,0.5840051145780658,0.996568500995636,0.44348302767390335,0.5985894515400846,0.9984192252159119,60.02571366281143,0
952,0.5123413091614137,0.46335984695525434,0.9995049834251404,0.49788629582950084,0.483917301609403,0.9999038577079773,0.4587462033544272,0.5834724817957202,0.9965813755989075,0.444367634398597,0.5968674932207385,0.998437225818634,60.02571366281143,0
953,0.5150256752967839,0.4657961825529738,0.999543309211731,0.49911152748834564,0.4828772133304963,0.9999046325683594,0.4608552867457984,0.5829093058904017,0.9966109991073608,0.44541313250859615,0.5953216126986918,0.9984361529350281,60.02571366281143,0
954,0.516944439638229,0.46767320093654485,0.9995808601379395,0.5006227322987151,0.4822361852441519,0.9999060034751892,0.46270812267348915,0.582530138038454,0.9966650605201721,0.4462603614443828,0.5940453608830775,0.9984652400016785,60.02571366281143,0
955,0.5182184236390255,0.46892228438740724,0.9996160268783569,0.502562101398196,0.4816673241910484,0.9999116659164429,0.46394354246911584,0.5824814240137741,0.996806800365448,0.4471059200309575,0.5929360332943149,0.9985575675964355,60.02571366281143,0
956,0.5187716739518307,0.46978393055143847,0.9996501803398132,0.5047556388945811,0.48125278382074305,0.9999186396598816,0.46385268796057966,0.5824805185908368,0.9969956874847412,0.44761575971330947,0.5919590280169538,0.9986705780029297,60.02571366281143,0
957,0.5195606180599761,0.4717305770942147,0.9996795058250427,0.5068389517920362,0.481070690211796,0.9999248385429382,0.46409270309266626,0.5826389505749662,0.9971123337745667,0.44815784267016856,0.591066420078278,0.9987696409225464,60.02571366281143,0
958,0.5207632070495973,0.4742615038440345,0.9997063279151917,0.5085985291571848,0.4810509710084828,0.9999303817749023,0.4645735678218664,0.5828090395246238,0.9972651600837708,0.4490478436152144,0.5898027590342936,0.9988616108894348,60.02571366281143,0
959,0.5221561647596817,0.476895147845859,0.9997321367263794,0.5100972113155187,0.48098552794683586,0.9999357461929321,0.465238669088909,0.5831604968933837,0.9974269866943359,0.4498678076834909,0.5883585356530694,0.9989522695541382,60.02571366281143,0
960,0.5235013621194027,0.47909043232599935,0.9997532367706299,0.5115096767743432,0.48094449014890805,0.9999400973320007,0.46579867885226334,0.5836711525917058,0.99757319688797,0.4506071564697088,0.5872380847022651,0.9990338683128357,60.02571366281143,0
961,0.5243897977329439,0.480090351331802,0.9997730255126953,0.513116422153655,0.48090238514400707,0.9999439716339111,0.46598850971176553,0.5839519926479889,0.9977193474769592,0.4514776312169578,0.5860085969879518,0.9991079568862915,60.02571366281143,0
962,0.525129752499717,0.480133278029306,0.9997921586036682,0.5148710835547678,0.4808537477538703,0.9999478459358215,0.4663809197289607,0.584041589782352,0.9978681802749634,0.45241471131642697,0.5844736383074811,0.9991816878318787,60.02571366281143,0
963,0.5263540659632006,0.48075108584903575,0.9998078942298889,0.5169846103304913,0.4809051198618757,0.9999507665634155,0.467103237197513,0.5835321205002926,0.997952938079834,0.45365402812049543,0.5827019753910252,0.9992334246635437,60.02571366281143,0
964,0.5279843097641359,0.4824014405409499,0.9998229742050171,0.5191325942675277,0.4810298652875995,0.9999533295631409,0.4679171627476106,0.5827486316363022,0.9980567693710327,0.45488342784699975,0.5809058178038828,0.999285876750946,60.02571366281143,0
965,0.5294365173294435,0.48419865398179956,0.9998369812965393,0.5207852295466836,0.4810262946855458,0.9999560713768005,0.4681476908070704,0.5816236620857607,0.9981571435928345,0.45564357439676956,0.5787811818576999,0.9993366003036499,60.02571366281143,0
966,0.5308769799414139,0.4869956345785236,0.9998474717140198,0.5221713156927204,0.4809857408205672,0.9999576807022095,0.46765496191524364,0.580646463802883,0.998271644115448,0.45620969647452986,0.5773291133698968,0.9993757009506226,60.02571366281143,0
967,0.5322551471846448,0.48996558501606935,0.9998572468757629,0.5234080553054814,0.4814359928880423,0.9999568462371826,0.4672818127132601,0.5798340666861765,0.9983668923377991,0.45663949563389766,0.5757030333791464,0.9993895888328552,60.02571366281143,0
968,0.53403952008202,0.4935039707592559,0.9998654127120972,0.5241484159515022,0.48277193875539914,0.9999538064002991,0.4678777101494021,0.5795462017967592,0.9984433054924011,0.4569223281883062,0.5740003387133286,0.9993595480918884,60.02571366281143,0
969,0.5358791322935199,0.4972305950664343,0.9998732805252075,0.5248486938930698,0.48445857990355756,0.9999493956565857,0.46865492349579263,0.5794061990011311,0.9985209703445435,0.45712722766967084,0.572424811976297,0.999325156211853,60.02571366281143,0
970,0.5377205950873243,0.500944581769762,0.9998786449432373,0.525414381708418,0.48658611093248677,0.9999426007270813,0.4694565648124336,0.5793816447258,0.9985771179199219,0.4570980455194204,0.5710102149418427,0.999259889125824,60.02571366281143,0
971,0.5391878428913303,0.5041885872681939,0.9998836517333984,0.5255737049239027,0.488302120140621,0.9999403357505798,0.470322090955008,0.5789769235111423,0.9985982179641724,0.4569311681247896,0.5690696211088275,0.9992063045501709,60.02571366281143,0
972,0.5404663483301803,0.5076512665975665,0.9998858571052551,0.5255870932624458,0.489325324694316,0.9999366998672485,0.47097039932296425,0.5786515900066925,0.9986338019371033,0.45679889832224196,0.5674238999684657,0.9991573095321655,60.02571366281143,0
973,0.5414907705216185,0.5111700381551474,0.9998875260353088,0.5260915954907739,0.48976189749581517,0.9999317526817322,0.47168828759874654,0.5780888199806218,0.9986193776130676,0.4570403879597077,0.5659302473068242,0.9990426898002625,60.02571366281143,0
974,0.542375675269536,0.5145590929757986,0.9998877048492432,0.5267591220991956,0.4901034306912199,0.999930739402771,0.47229987666720474,0.5774642626444504,0.9986110329627991,0.4575182369777139,0.5646933771315079,0.9989849328994751,60.02571366281143,0
975,0.5428203060513456,0.5172877794220339,0.9998874664306641,0.5276352223895849,0.49047047609374683,0.9999306201934814,0.4727122655936654,0.5768883767582126,0.9985738396644592,0.45807416098458464,0.564157835074834,0.998917818069458,60.02571366281143,0
976,0.5432019404002603,0.5197570522626245,0.9998862743377686,0.528449342364357,0.4913810136772341,0.9999314546585083,0.47276793065525274,0.576497696694874,0.9985566735267639,0.4585803392387576,0.5639121447290698,0.9988730549812317,60.02571366281143,0
977,0.5437277952830001,0.5222979925927667,0.9998854994773865,0.5293670552117489,0.49239899998619485,0.9999318718910217,0.4733885370549705,0.5763025255430316,0.998529314994812,0.45919180767876794,0.5635965125901363,0.9988048076629639,60.02571366281143,0
978,0.5444671000753134,0.5250946879386906,0.9998818635940552,0.5301080800238114,0.4933377660456162,0.9999316930770874,0.47417739885194,0.5764304654938839,0.9984352588653564,0.4595851954959691,0.56342739718301,0.9986879229545593,60.02571366281143,0
979,0.5450544314725062,0.5276051717145104,0.9998795986175537,0.5308872589043211,0.49419792422226533,0.999933660030365,0.47482459247112296,0.5764129715306421,0.9983910918235779,0.4599517519984929,0.5630704419953486,0.9986366629600525,60.02571366281143,0
980,0.5456148428576337,0.5300667030470713,0.9998724460601807,0.5316952807562694,0.4949639120272231,0.999934196472168,0.4754800647497178,0.5763912371226724,0.998283326625824,0.4602810868195128,0.562634910855975,0.998511552810669,60.02571366281143,0
981,0.546148334230696,0.5324792819363732,0.999875545501709,0.5325321455796561,0.4956357294604895,0.9999372363090515,0.4761438156877245,0.5763652622699744,0.9983114004135132,0.46057319995902857,0.5621208037648887,0.9985348582267761,60.02571366281143,0
