video_id,frame_index,timestamp_ms,shoulder_mid_x,shoulder_mid_y,hip_mid_x,hip_mid_y,spine_angle,lean_deviation,postural_deviation,shoulder_asymmetry_flag,lift_phase,low_visibility
44good,0,0.0,0.4615,0.5855,0.5509,0.5648,-103.0,148.0,0.11,0,jerk_drive,1
44good,1,16.69006330856042,0.4615,0.5855,0.5509,0.5648,-103.0,148.0,0.11,0,jerk_drive,1
44good,2,33.38012661712084,0.4615,0.5855,0.5509,0.5648,-103.0,148.0,0.11,0,jerk_drive,1
44good,3,50.070189925681255,0.4615,0.5855,0.5509,0.5648,-103.0,148.0,0.11,0,jerk_drive,1
44good,4,66.76025323424167,0.4615,0.5855,0.5509,0.5648,-103.0,148.0,0.11,0,jerk_drive,1
44good,5,83.45031654280208,0.4615,0.5855,0.5509,0.5648,-103.0,148.0,0.11,0,jerk_drive,1
44good,6,100.14037985136251,0.4615,0.5855,0.5509,0.5648,-103.0,148.0,0.11,0,jerk_drive,1
44good,7,116.83044315992292,0.4615,0.5855,0.5509,0.5648,-103.0,148.0,0.11,0,jerk_drive,1
44good,8,133.52050646848335,0.4615,0.5855,0.5509,0.5648,-103.0,148.0,0.11,0,jerk_drive,1
44good,9,150.21056977704376,0.4615,0.5855,0.5509,0.5648,-103.0,148.0,0.11,0,jerk_drive,1
44good,10,166.90063308560417,0.4615,0.5855,0.5509,0.5648,-103.0,148.0,0.11,0,jerk_drive,1
44good,11,183.5906963941646,0.4615,0.5855,0.5509,0.5648,-103.0,148.0,0.11,0,jerk_drive,1
44good,12,200.28075970272502,0.4615,0.5855,0.5509,0.5648,-103.0,148.0,0.11,0,jerk_drive,1
44good,13,216.97082301128543,0.4615,0.5855,0.5509,0.5648,-103.0,148.0,0.11,0,jerk_drive,1
44good,14,233.66088631984584,0.4615,0.5855,0.5509,0.5648,-103.0,148.0,0.11,0,jerk_drive,1
44good,15,250.35094962840628,0.4615,0.5855,0.5509,0.5648,-103.0,148.0,0.11,0,jerk_drive,1
44good,16,267.0410129369667,0.4615,0.5855,0.5509,0.5648,-103.0,148.0,0.11,0,jerk_drive,1
44good,17,283.7310762455271,0.4615,0.5855,0.5509,0.5648,-103.0,148.0,0.11,0,jerk_drive,1
44good,18,300.4211395540875,0.4615,0.5855,0.5509,0.5648,-103.0,148.0,0.11,0,jerk_drive,1
44good,19,317.11120286264793,0.4615,0.5855,0.5509,0.5648,-103.0,148.0,0.11,0,jerk_drive,1
44good,20,333.80126617120834,0.4615,0.5855,0.5509,0.5648,-103.0,148.0,0.11,0,jerk_drive,1
44good,21,350.49132947976875,0.4615,0.5855,0.5509,0.5648,-103.0,148.0,0.11,0,jerk_drive,1
44good,22,367.1813927883292,0.4615,0.5855,0.5509,0.5648,-103.0,148.0,0.11,0,jerk_drive,1
44good,23,383.87145609688963,0.4615,0.5855,0.5509,0.5648,-103.0,148.0,0.11,0,jerk_drive,1
44good,24,400.56151940545004,0.4615,0.5855,0.5509,0.5648,-103.0,148.0,0.11,0,jerk_drive,1
44good,25,417.25158271401045,0.4615,0.5855,0.5509,0.5648,-103.0,148.0,0.11,0,jerk_drive,1
44good,26,433.94164602257086,0.4615,0.5855,0.5509,0.5648,-103.0,148.0,0.11,0,jerk_drive,1
44good,27,450.6317093311313,0.4615,0.5855,0.5509,0.5648,-103.0,148.0,0.11,0,jerk_drive,1
44good,28,467.3217726396917,0.4615,0.5855,0.5509,0.5648,-103.0,148.0,0.11,0,jerk_drive,1
44good,29,484.0118359482521,0.4615,0.5855,0.5509,0.5648,-103.0,148.0,0.11,0,jerk_drive,1
44good,30,500.70189925681257,0.4615,0.5855,0.5509,0.5648,-103.0,148.0,0.11,0,jerk_drive,1
44good,31,517.391962565373,0.4615,0.5855,0.5509,0.5648,-103.0,148.0,0.11,0,jerk_drive,1
44good,32,534.0820258739334,0.4615,0.5855,0.5509,0.5648,-103.0,148.0,0.11,0,jerk_drive,1
44good,33,550.7720891824938,0.4615,0.5855,0.5509,0.5648,-103.0,148.0,0.11,0,jerk_drive,1
44good,34,567.4621524910542,0.4615,0.5855,0.5509,0.5648,-103.0,148.0,0.11,0,jerk_drive,1
44good,35,584.1522157996146,0.4615,0.5855,0.5509,0.5648,-103.0,148.0,0.11,0,jerk_drive,1
44good,36,600.842279108175,0.4615,0.5855,0.5509,0.5648,-103.0,148.0,0.11,0,jerk_drive,1
44good,37,617.5323424167354,0.4615,0.5855,0.5509,0.5648,-103.0,148.0,0.11,0,jerk_drive,1
44good,38,634.2224057252959,0.4615,0.5855,0.5509,0.5648,-103.0,148.0,0.11,0,jerk_drive,1
44good,39,650.9124690338563,0.4615,0.5855,0.5509,0.5648,-103.0,148.0,0.11,0,jerk_drive,1
44good,40,667.6025323424167,0.4615,0.5855,0.5509,0.5648,-103.0,148.0,0.11,0,jerk_drive,1
44good,41,684.2925956509771,0.4615,0.5855,0.5509,0.5648,-103.0,148.0,0.11,0,jerk_drive,1
44good,42,700.9826589595375,0.4614,0.5858,0.5511,0.565,-103.1,148.1,0.11,0,jerk_drive,1
44good,43,717.672722268098,0.4614,0.5854,0.5508,0.5647,-103.0,148.0,0.11,0,jerk_drive,1
44good,44,734.3627855766584,0.4616,0.5843,0.5504,0.5639,-102.9,147.9,0.109,0,jerk_drive,0
44good,45,751.0528488852189,0.4617,0.5828,0.5499,0.5631,-102.6,147.6,0.108,0,jerk_drive,0
44good,46,767.7429121937793,0.462,0.5814,0.5493,0.5624,-102.3,147.3,0.106,0,jerk_drive,0
44good,47,784.4329755023397,0.4623,0.5803,0.5488,0.5617,-102.1,147.1,0.105,0,jerk_drive,0
44good,48,801.1230388109001,0.4625,0.5805,0.5486,0.5613,-102.5,147.5,0.105,0,jerk_drive,0
44good,49,817.8131021194605,0.4625,0.5806,0.5483,0.5606,-103.1,148.1,0.106,0,jerk_drive,0
44good,50,834.5031654280209,0.4622,0.5811,0.548,0.5598,-103.9,148.9,0.107,0,jerk_drive,0
44good,51,851.1932287365813,0.4618,0.5812,0.548,0.559,-104.4,149.4,0.108,0,jerk_drive,0
44good,52,867.8832920451417,0.4614,0.581,0.548,0.5584,-104.6,149.6,0.109,0,jerk_drive,0
44good,53,884.5733553537021,0.4613,0.5801,0.5479,0.5579,-104.4,149.4,0.109,0,jerk_drive,0
44good,54,901.2634186622626,0.4612,0.5794,0.5479,0.5572,-104.4,149.4,0.109,0,jerk_drive,0
44good,55,917.953481970823,0.4614,0.5787,0.5481,0.5567,-104.3,149.3,0.109,0,jerk_drive,0
44good,56,934.6435452793834,0.4614,0.5784,0.5485,0.5566,-104.1,149.1,0.109,0,jerk_drive,0
44good,57,951.3336085879438,0.4612,0.5783,0.549,0.5567,-103.8,148.8,0.109,0,jerk_drive,0
44good,58,968.0236718965042,0.4609,0.5784,0.5494,0.5571,-103.5,148.5,0.11,0,jerk_drive,0
44good,59,984.7137352050647,0.4607,0.5784,0.5496,0.5576,-103.2,148.2,0.11,0,jerk_drive,0
44good,60,1001.4037985136251,0.4606,0.5785,0.5495,0.558,-103.0,148.0,0.109,0,jerk_drive,0
44good,61,1018.0938618221855,0.4608,0.5785,0.5494,0.5584,-102.8,147.8,0.109,0,jerk_drive,0
44good,62,1034.783925130746,0.461,0.5785,0.5493,0.5587,-102.6,147.6,0.108,0,jerk_drive,0
44good,63,1051.4739884393064,0.461,0.5784,0.5492,0.559,-102.4,147.4,0.108,0,jerk_drive,0
44good,64,1068.1640517478668,0.4611,0.5784,0.5492,0.5591,-102.3,147.3,0.107,0,jerk_drive,0
44good,65,1084.8541150564272,0.461,0.5784,0.5491,0.5592,-102.3,147.3,0.107,0,jerk_drive,0
44good,66,1101.5441783649876,0.461,0.5785,0.5489,0.5593,-102.3,147.3,0.107,0,jerk_drive,0
44good,67,1118.234241673548,0.4611,0.5787,0.5489,0.5597,-102.2,147.2,0.107,0,jerk_drive,0
44good,68,1134.9243049821084,0.4612,0.5789,0.5488,0.5602,-102.1,147.1,0.106,0,jerk_drive,0
44good,69,1151.6143682906688,0.4614,0.5791,0.5488,0.5608,-101.9,146.9,0.106,0,jerk_drive,0
44good,70,1168.3044315992292,0.4616,0.5793,0.5488,0.5612,-101.7,146.7,0.105,0,jerk_drive,0
44good,71,1184.9944949077897,0.4618,0.5793,0.5489,0.5614,-101.6,146.6,0.105,0,jerk_drive,0
44good,72,1201.68455821635,0.4619,0.5793,0.549,0.5616,-101.5,146.5,0.105,0,jerk_drive,0
44good,73,1218.3746215249105,0.4618,0.5795,0.5492,0.5617,-101.5,146.5,0.105,0,jerk_drive,0
44good,74,1235.064684833471,0.4618,0.5797,0.5493,0.5618,-101.6,146.6,0.105,0,jerk_drive,0
44good,75,1251.7547481420313,0.4618,0.58,0.5494,0.5619,-101.7,146.7,0.106,0,jerk_drive,0
44good,76,1268.4448114505917,0.4619,0.5801,0.5495,0.562,-101.7,146.7,0.106,0,jerk_drive,0
44good,77,1285.1348747591521,0.4619,0.5802,0.5495,0.5622,-101.6,146.6,0.106,0,jerk_drive,0
44good,78,1301.8249380677125,0.462,0.5804,0.5495,0.5624,-101.6,146.6,0.105,0,jerk_drive,0
44good,79,1318.515001376273,0.4619,0.5807,0.5494,0.5627,-101.6,146.6,0.106,0,jerk_drive,0
44good,80,1335.2050646848334,0.4617,0.581,0.5495,0.5631,-101.5,146.5,0.106,0,jerk_drive,0
44good,81,1351.8951279933938,0.4615,0.5811,0.5495,0.5636,-101.3,146.3,0.106,0,jerk_drive,0
44good,82,1368.5851913019542,0.4613,0.5811,0.5495,0.5641,-100.9,145.9,0.105,0,jerk_drive,0
44good,83,1385.2752546105146,0.4612,0.5809,0.5496,0.5645,-100.5,145.5,0.105,0,jerk_drive,0
44good,84,1401.965317919075,0.4612,0.5806,0.5496,0.5649,-100.1,145.1,0.104,0,jerk_drive,0
44good,85,1418.6553812276356,0.4613,0.5802,0.5495,0.5651,-99.7,144.7,0.103,0,jerk_drive,0
44good,86,1435.345444536196,0.4613,0.5799,0.5494,0.5652,-99.5,144.5,0.103,0,jerk_drive,0
44good,87,1452.0355078447565,0.4613,0.5797,0.5492,0.5653,-99.3,144.3,0.102,0,jerk_drive,0
44good,88,1468.7255711533169,0.4612,0.5797,0.5491,0.5654,-99.2,144.2,0.102,0,jerk_drive,0
44good,89,1485.4156344618773,0.4612,0.5796,0.549,0.5655,-99.1,144.1,0.102,0,jerk_drive,0
44good,90,1502.1056977704377,0.4611,0.5795,0.549,0.5655,-99.0,144.0,0.102,0,jerk_drive,0
44good,91,1518.795761078998,0.461,0.5793,0.5489,0.5655,-98.9,143.9,0.102,0,jerk_drive,0
44good,92,1535.4858243875585,0.461,0.5793,0.5489,0.5654,-99.0,144.0,0.102,0,jerk_drive,0
44good,93,1552.175887696119,0.461,0.5792,0.5488,0.5652,-99.1,144.1,0.102,0,jerk_drive,0
44good,94,1568.8659510046793,0.461,0.5792,0.5488,0.5649,-99.2,144.2,0.102,0,jerk_drive,0
44good,95,1585.5560143132398,0.461,0.5793,0.5487,0.5647,-99.5,144.5,0.102,0,jerk_drive,0
44good,96,1602.2460776218002,0.461,0.5793,0.5487,0.5644,-99.7,144.7,0.103,0,jerk_drive,0
44good,97,1618.9361409303606,0.461,0.5794,0.5487,0.5641,-99.9,144.9,0.103,0,jerk_drive,0
44good,98,1635.626204238921,0.4611,0.5795,0.5487,0.5638,-100.1,145.1,0.103,0,jerk_drive,0
44good,99,1652.3162675474814,0.4611,0.5795,0.5488,0.5636,-100.3,145.3,0.104,0,jerk_drive,0
44good,100,1669.0063308560418,0.4611,0.5795,0.5488,0.5635,-100.3,145.3,0.104,0,jerk_drive,0
44good,101,1685.6963941646022,0.4611,0.5794,0.5488,0.5634,-100.3,145.3,0.104,0,jerk_drive,0
44good,102,1702.3864574731626,0.4612,0.5794,0.5488,0.5635,-100.3,145.3,0.104,0,jerk_drive,0
44good,103,1719.076520781723,0.4612,0.5793,0.5488,0.5635,-100.2,145.2,0.103,0,jerk_drive,0
44good,104,1735.7665840902835,0.4612,0.5793,0.5489,0.5635,-100.2,145.2,0.103,0,jerk_drive,0
44good,105,1752.4566473988439,0.4612,0.5793,0.5488,0.5635,-100.2,145.2,0.103,0,jerk_drive,0
44good,106,1769.1467107074043,0.4612,0.5794,0.5488,0.5635,-100.3,145.3,0.104,0,jerk_drive,0
44good,107,1785.8367740159647,0.4612,0.5796,0.5488,0.5633,-100.6,145.6,0.104,0,jerk_drive,0
44good,108,1802.526837324525,0.4613,0.5798,0.5489,0.5632,-100.7,145.7,0.104,0,jerk_drive,0
44good,109,1819.2169006330855,0.4613,0.58,0.549,0.5632,-100.8,145.8,0.104,0,jerk_drive,0
44good,110,1835.906963941646,0.4614,0.5801,0.5492,0.5635,-100.7,145.7,0.104,0,jerk_drive,0
44good,111,1852.5970272502063,0.4614,0.5802,0.5494,0.5639,-100.5,145.5,0.104,0,jerk_drive,0
44good,112,1869.2870905587667,0.4615,0.5803,0.5495,0.5644,-100.2,145.2,0.104,0,jerk_drive,0
44good,113,1885.9771538673272,0.4614,0.5804,0.5496,0.5648,-100.0,145.0,0.104,0,jerk_drive,0
44good,114,1902.6672171758876,0.4614,0.5805,0.5497,0.5652,-99.8,144.8,0.103,0,jerk_drive,0
44good,115,1919.357280484448,0.4615,0.5806,0.5498,0.5656,-99.7,144.7,0.103,0,jerk_drive,0
44good,116,1936.0473437930084,0.4616,0.5808,0.55,0.5659,-99.6,144.6,0.103,0,jerk_drive,0
44good,117,1952.7374071015688,0.4619,0.581,0.5502,0.5664,-99.4,144.4,0.103,0,jerk_drive,0
44good,118,1969.4274704101294,0.4623,0.5811,0.5504,0.5668,-99.2,144.2,0.102,0,jerk_drive,0
44good,119,1986.1175337186899,0.4625,0.5812,0.5506,0.5671,-99.1,144.1,0.102,0,jerk_drive,0
44good,120,2002.8075970272503,0.4627,0.5813,0.5507,0.5674,-98.9,143.9,0.102,0,jerk_drive,0
44good,121,2019.4976603358107,0.4627,0.5813,0.5508,0.5677,-98.8,143.8,0.102,0,jerk_drive,0
44good,122,2036.187723644371,0.4627,0.5813,0.5508,0.5679,-98.6,143.6,0.101,0,jerk_drive,0
44good,123,2052.8777869529313,0.4626,0.5813,0.5508,0.5681,-98.5,143.5,0.101,0,jerk_drive,0
44good,124,2069.567850261492,0.4626,0.5812,0.5508,0.5683,-98.3,143.3,0.101,0,jerk_drive,0
44good,125,2086.257913570052,0.4625,0.581,0.5508,0.5684,-98.1,143.1,0.101,0,jerk_drive,0
44good,126,2102.9479768786127,0.4624,0.5807,0.5508,0.5685,-97.8,142.8,0.101,0,jerk_drive,0
44good,127,2119.638040187173,0.4623,0.5803,0.5508,0.5685,-97.6,142.6,0.1,0,jerk_drive,0
44good,128,2136.3281034957336,0.4622,0.5801,0.5506,0.5685,-97.4,142.4,0.1,0,jerk_drive,0
44good,129,2153.0181668042937,0.4621,0.58,0.5504,0.5685,-97.4,142.4,0.1,0,jerk_drive,0
44good,130,2169.7082301128544,0.4621,0.5798,0.5502,0.5684,-97.4,142.4,0.1,0,jerk_drive,0
44good,131,2186.3982934214146,0.4621,0.5797,0.5501,0.5683,-97.4,142.4,0.099,0,jerk_drive,0
44good,132,2203.088356729975,0.462,0.5796,0.55,0.5683,-97.3,142.3,0.099,0,jerk_drive,0
44good,133,2219.7784200385354,0.4619,0.5795,0.55,0.5685,-97.1,142.1,0.099,0,jerk_drive,0
44good,134,2236.468483347096,0.4618,0.5795,0.5501,0.5687,-97.0,142.0,0.099,0,jerk_drive,0
44good,135,2253.1585466556567,0.4617,0.5793,0.5502,0.5689,-96.7,141.7,0.099,0,jerk_drive,0
44good,136,2269.848609964217,0.4617,0.579,0.5503,0.5692,-96.3,141.3,0.098,0,jerk_drive,0
44good,137,2286.5386732727775,0.4616,0.5785,0.5505,0.5693,-95.9,140.9,0.098,0,jerk_drive,0
44good,138,2303.2287365813377,0.4616,0.5781,0.5507,0.5695,-95.5,140.5,0.098,0,jerk_drive,0
44good,139,2319.9187998898983,0.4615,0.5777,0.5507,0.5697,-95.1,140.1,0.097,0,jerk_drive,0
44good,140,2336.6088631984585,0.4615,0.5774,0.5508,0.5699,-94.8,139.8,0.097,0,jerk_drive,0
44good,141,2353.298926507019,0.4614,0.5772,0.5509,0.5703,-94.4,139.4,0.096,0,jerk_drive,0
44good,142,2369.9889898155793,0.4615,0.577,0.5511,0.5707,-94.0,139.0,0.096,0,jerk_drive,0
44good,143,2386.67905312414,0.4616,0.577,0.5513,0.571,-93.8,138.8,0.096,0,jerk_drive,0
44good,144,2403.3691164327,0.4618,0.5771,0.5516,0.5712,-93.7,138.7,0.096,0,jerk_drive,0
44good,145,2420.059179741261,0.462,0.5772,0.5518,0.5713,-93.8,138.8,0.096,0,jerk_drive,0
44good,146,2436.749243049821,0.4621,0.5774,0.552,0.5712,-94.0,139.0,0.096,0,jerk_drive,0
44good,147,2453.4393063583816,0.4623,0.5775,0.5521,0.571,-94.1,139.1,0.096,0,jerk_drive,0
44good,148,2470.129369666942,0.4625,0.5776,0.5522,0.5709,-94.3,139.3,0.096,0,jerk_drive,0
44good,149,2486.8194329755024,0.4628,0.5776,0.5522,0.5708,-94.3,139.3,0.096,0,jerk_drive,0
44good,150,2503.5094962840626,0.463,0.5776,0.5522,0.5708,-94.4,139.4,0.096,0,jerk_drive,0
44good,151,2520.1995595926232,0.4631,0.5776,0.5522,0.5708,-94.3,139.3,0.096,0,jerk_drive,0
44good,152,2536.8896229011834,0.4632,0.5775,0.5521,0.5707,-94.4,139.4,0.096,0,jerk_drive,0
44good,153,2553.579686209744,0.4633,0.5775,0.5521,0.5705,-94.5,139.5,0.096,0,jerk_drive,0
44good,154,2570.2697495183043,0.4633,0.5775,0.5521,0.5703,-94.6,139.6,0.096,0,jerk_drive,0
44good,155,2586.959812826865,0.4634,0.5776,0.5521,0.5701,-94.9,139.9,0.096,0,jerk_drive,0
44good,156,2603.649876135425,0.4634,0.5777,0.552,0.5699,-95.0,140.0,0.096,0,jerk_drive,0
44good,157,2620.3399394439857,0.4633,0.5779,0.552,0.5699,-95.1,140.1,0.097,0,jerk_drive,0
44good,158,2637.030002752546,0.4633,0.5779,0.552,0.5699,-95.1,140.1,0.097,0,jerk_drive,0
44good,159,2653.7200660611065,0.4631,0.5779,0.552,0.57,-95.1,140.1,0.097,0,jerk_drive,0
44good,160,2670.4101293696667,0.4629,0.5779,0.552,0.5701,-95.0,140.0,0.097,0,jerk_drive,0
44good,161,2687.1001926782274,0.4627,0.5779,0.5519,0.5701,-95.0,140.0,0.097,0,jerk_drive,0
44good,162,2703.7902559867875,0.4624,0.5779,0.5517,0.5701,-94.9,139.9,0.097,0,jerk_drive,0
44good,163,2720.480319295348,0.4622,0.5778,0.5516,0.5701,-94.9,139.9,0.097,0,jerk_drive,0
44good,164,2737.1703826039084,0.4621,0.5777,0.5514,0.57,-94.9,139.9,0.097,0,jerk_drive,0
44good,165,2753.860445912469,0.462,0.5776,0.5512,0.5699,-94.9,139.9,0.097,0,jerk_drive,0
44good,166,2770.550509221029,0.462,0.5775,0.551,0.5698,-94.9,139.9,0.097,0,jerk_drive,0
44good,167,2787.24057252959,0.4621,0.5773,0.5508,0.5698,-94.9,139.9,0.096,0,jerk_drive,0
44good,168,2803.93063583815,0.4622,0.577,0.5507,0.5697,-94.7,139.7,0.096,0,jerk_drive,0
44good,169,2820.6206991467106,0.4622,0.5767,0.5505,0.5697,-94.5,139.5,0.095,0,jerk_drive,0
44good,170,2837.3107624552713,0.4622,0.5764,0.5504,0.5697,-94.3,139.3,0.095,0,jerk_drive,0
44good,171,2854.0008257638315,0.462,0.5762,0.5504,0.5697,-94.2,139.2,0.095,0,jerk_drive,0
44good,172,2870.690889072392,0.4619,0.576,0.5503,0.5697,-94.1,139.1,0.095,0,jerk_drive,0
44good,173,2887.3809523809523,0.4617,0.5758,0.5502,0.5697,-93.9,138.9,0.095,0,jerk_drive,0
44good,174,2904.071015689513,0.4615,0.5756,0.5501,0.5699,-93.7,138.7,0.094,0,jerk_drive,0
44good,175,2920.761078998073,0.4613,0.5756,0.5501,0.5703,-93.4,138.4,0.094,0,jerk_drive,0
44good,176,2937.4511423066338,0.4612,0.5758,0.5502,0.5711,-93.0,138.0,0.094,0,jerk_drive,0
44good,177,2954.141205615194,0.4611,0.5763,0.5504,0.5723,-92.6,137.6,0.093,0,jerk_drive,0
44good,178,2970.8312689237546,0.4611,0.5768,0.5506,0.5735,-92.1,137.1,0.093,0,jerk_drive,0
44good,179,2987.5213322323148,0.4611,0.5772,0.551,0.5747,-91.6,136.6,0.092,0,jerk_drive,0
44good,180,3004.2113955408754,0.4611,0.5774,0.5514,0.5758,-91.0,136.0,0.092,0,jerk_drive,0
44good,181,3020.9014588494356,0.4611,0.5774,0.5517,0.5764,-90.6,135.6,0.092,0,jerk_drive,0
44good,182,3037.591522157996,0.4612,0.5775,0.5518,0.5769,-90.4,135.4,0.091,0,jerk_drive,0
44good,183,3054.2815854665564,0.4612,0.5777,0.552,0.5777,90.0,45.0,0.091,0,first_pull,0
44good,184,3070.971648775117,0.4612,0.5779,0.5521,0.5787,89.5,44.5,0.092,0,first_pull,0
44good,185,3087.6617120836772,0.4611,0.5782,0.5523,0.5797,89.1,44.1,0.093,0,first_pull,0
44good,186,3104.351775392238,0.461,0.5783,0.5525,0.5805,88.7,43.7,0.094,0,first_pull,0
44good,187,3121.041838700798,0.4608,0.5783,0.5525,0.5815,88.0,43.0,0.095,0,first_pull,0
44good,188,3137.7319020093587,0.4608,0.5781,0.5524,0.5831,86.8,41.8,0.097,0,first_pull,0
44good,189,3154.421965317919,0.4607,0.5779,0.5521,0.5849,85.6,40.6,0.098,0,first_pull,0
44good,190,3171.1120286264795,0.4605,0.5778,0.5517,0.5863,84.7,39.7,0.1,0,first_pull,0
44good,191,3187.8020919350397,0.4604,0.5778,0.5514,0.5869,84.3,39.3,0.1,0,first_pull,0
44good,192,3204.4921552436003,0.4602,0.5778,0.5513,0.5867,84.5,39.5,0.1,0,first_pull,0
44good,193,3221.1822185521605,0.4602,0.5775,0.5513,0.5865,84.4,39.4,0.1,0,first_pull,0
44good,194,3237.872281860721,0.4602,0.5766,0.5513,0.5863,84.0,39.0,0.101,0,first_pull,0
44good,195,3254.5623451692813,0.4603,0.5756,0.5514,0.586,83.5,38.5,0.102,0,first_pull,0
44good,196,3271.252408477842,0.4603,0.5745,0.5515,0.5852,83.3,38.3,0.102,0,first_pull,0
44good,197,3287.942471786402,0.4606,0.5737,0.5516,0.5833,84.0,39.0,0.101,0,first_pull,0
44good,198,3304.632535094963,0.4611,0.5733,0.5515,0.5804,85.5,40.5,0.098,0,first_pull,0
44good,199,3321.322598403523,0.4619,0.572,0.5509,0.5756,87.7,42.7,0.093,0,first_pull,0
44good,200,3338.0126617120836,0.4625,0.5701,0.55,0.5696,-90.3,135.3,0.088,0,jerk_drive,0
44good,201,3354.702725020644,0.463,0.5681,0.5494,0.5637,-93.0,138.0,0.091,0,jerk_drive,0
44good,202,3371.3927883292044,0.4633,0.5664,0.5491,0.5581,-95.5,140.5,0.094,0,jerk_drive,0
44good,203,3388.082851637765,0.4636,0.5653,0.5493,0.5538,-97.6,142.6,0.097,0,jerk_drive,0
44good,204,3404.7729149463253,0.4641,0.5645,0.5498,0.5506,-99.2,144.2,0.1,0,jerk_drive,0
44good,205,3421.462978254886,0.4648,0.5635,0.5499,0.5474,-100.7,145.7,0.101,0,jerk_drive,0
44good,206,3438.153041563446,0.4654,0.5628,0.55,0.5448,-102.0,147.0,0.102,0,jerk_drive,0
44good,207,3454.8431048720067,0.4658,0.5623,0.55,0.5426,-103.2,148.2,0.104,0,jerk_drive,0
44good,208,3471.533168180567,0.4662,0.5623,0.5501,0.5411,-104.2,149.2,0.105,0,jerk_drive,0
44good,209,3488.2232314891276,0.4667,0.5631,0.5504,0.5406,-105.0,150.0,0.106,0,jerk_drive,0
44good,210,3504.9132947976877,0.4671,0.5642,0.5506,0.5409,-105.6,150.6,0.107,0,jerk_drive,0
44good,211,3521.6033581062484,0.4675,0.5654,0.5509,0.5419,-105.7,150.7,0.107,0,jerk_drive,0
44good,212,3538.2934214148086,0.4679,0.5666,0.5513,0.5436,-105.4,150.4,0.106,0,jerk_drive,0
44good,213,3554.983484723369,0.468,0.5679,0.5521,0.5458,-104.8,149.8,0.106,0,jerk_drive,0
44good,214,3571.6735480319294,0.468,0.5696,0.5531,0.5501,-102.9,147.9,0.105,0,jerk_drive,0
44good,215,3588.36361134049,0.4677,0.5717,0.554,0.5557,-100.5,145.5,0.102,0,jerk_drive,0
44good,216,3605.05367464905,0.4673,0.5737,0.5547,0.563,-97.0,142.0,0.098,0,jerk_drive,0
44good,217,3621.743737957611,0.4669,0.5746,0.5549,0.5708,-92.4,137.4,0.092,0,jerk_drive,0
44good,218,3638.433801266171,0.467,0.5747,0.5554,0.5781,87.8,42.8,0.092,0,first_pull,0
44good,219,3655.1238645747317,0.4672,0.5745,0.5563,0.5845,83.6,38.6,0.099,0,first_pull,0
44good,220,3671.813927883292,0.4681,0.5735,0.5574,0.5902,79.4,34.4,0.106,0,first_pull,0
44good,221,3688.5039911918525,0.4693,0.572,0.5589,0.5947,75.8,30.8,0.112,0,first_pull,0
44good,222,3705.1940545004127,0.471,0.5703,0.5602,0.5986,72.4,27.4,0.118,0,first_pull,0
44good,223,3721.8841178089733,0.4727,0.5688,0.5607,0.6019,69.4,24.4,0.121,0,first_pull,0
44good,224,3738.5741811175335,0.4746,0.5681,0.5608,0.6054,66.6,21.6,0.124,0,first_pull,0
44good,225,3755.264244426094,0.4762,0.5688,0.561,0.6093,64.5,19.5,0.125,0,first_pull,0
44good,226,3771.9543077346543,0.4781,0.5697,0.5605,0.613,62.3,17.3,0.126,0,first_pull,0
44good,227,3788.644371043215,0.4799,0.5706,0.5608,0.6162,60.5,15.5,0.127,0,first_pull,0
44good,228,3805.334434351775,0.4815,0.5705,0.5611,0.6178,59.3,14.3,0.127,0,first_pull,0
44good,229,3822.024497660336,0.4828,0.5696,0.5609,0.6179,58.3,13.3,0.126,0,first_pull,0
44good,230,3838.714560968896,0.4837,0.5685,0.5607,0.6187,56.9,11.9,0.127,0,first_pull,0
44good,231,3855.4046242774566,0.4841,0.5682,0.5602,0.6202,55.6,10.6,0.128,1,first_pull,0
44good,232,3872.094687586017,0.4854,0.5686,0.5602,0.6222,54.4,9.4,0.128,1,first_pull,0
44good,233,3888.7847508945774,0.4869,0.5681,0.5614,0.6242,53.0,8.0,0.131,1,first_pull,0
44good,234,3905.4748142031376,0.4886,0.5665,0.5626,0.6251,51.6,6.6,0.133,1,first_pull,0
44good,235,3922.1648775116983,0.4904,0.5649,0.5635,0.626,50.1,5.1,0.134,1,first_pull,0
44good,236,3938.854940820259,0.4916,0.564,0.564,0.6272,48.9,3.9,0.136,1,first_pull,0
44good,237,3955.545004128819,0.492,0.564,0.5633,0.6284,47.9,2.9,0.136,1,first_pull,0
44good,238,3972.2350674373797,0.4925,0.5654,0.5634,0.6293,48.0,3.0,0.135,1,first_pull,0
44good,239,3988.92513074594,0.4931,0.5658,0.5643,0.6308,47.6,2.6,0.136,1,first_pull,0
44good,240,4005.6151940545005,0.4938,0.5649,0.5654,0.6324,46.7,1.7,0.139,1,first_pull,0
44good,241,4022.3052573630607,0.4943,0.5636,0.566,0.6349,45.1,0.1,0.143,1,first_pull,0
44good,242,4038.9953206716214,0.4947,0.562,0.5665,0.6366,43.9,1.1,0.146,1,first_pull,0
44good,243,4055.6853839801815,0.4954,0.5592,0.5666,0.6376,42.3,2.7,0.15,1,first_pull,0
44good,244,4072.375447288742,0.4961,0.5561,0.5675,0.638,41.1,3.9,0.153,1,first_pull,0
44good,245,4089.0655105973024,0.4969,0.5554,0.5689,0.6396,40.5,4.5,0.156,1,first_pull,0
44good,246,4105.755573905863,0.497,0.5562,0.5703,0.6409,40.8,4.2,0.158,1,first_pull,0
44good,247,4122.445637214423,0.4961,0.5588,0.5697,0.6436,41.0,4.0,0.158,1,first_pull,0
44good,248,4139.135700522984,0.4945,0.5622,0.5674,0.6477,40.4,4.6,0.158,1,first_pull,0
44good,249,4155.8257638315445,0.4933,0.5637,0.5642,0.652,38.8,6.2,0.159,0,first_pull,0
44good,250,4172.515827140104,0.4925,0.5632,0.5631,0.6547,37.7,7.3,0.162,0,first_pull,0
44good,251,4189.205890448665,0.492,0.5633,0.5628,0.6575,36.9,8.1,0.165,0,first_pull,0
44good,252,4205.8959537572255,0.4914,0.5636,0.5621,0.6583,36.7,8.3,0.165,0,first_pull,0
44good,253,4222.586017065786,0.4908,0.5641,0.5602,0.6584,36.4,8.6,0.164,0,first_pull,0
44good,254,4239.276080374346,0.4902,0.5645,0.5577,0.6588,35.6,9.4,0.162,0,first_pull,0
44good,255,4255.9661436829065,0.4899,0.5641,0.555,0.6588,34.5,10.5,0.16,0,jerk_dip,0
44good,256,4272.656206991467,0.4896,0.5628,0.5547,0.6571,34.6,10.4,0.159,0,jerk_dip,0
44good,257,4289.346270300028,0.4893,0.562,0.5545,0.6567,34.6,10.4,0.16,0,jerk_dip,0
44good,258,4306.0363336085875,0.4883,0.5614,0.553,0.6563,34.3,10.7,0.16,0,jerk_dip,0
44good,259,4322.726396917148,0.487,0.5609,0.5515,0.6549,34.5,10.5,0.158,0,jerk_dip,0
44good,260,4339.416460225709,0.4859,0.5601,0.5509,0.6527,35.1,9.9,0.158,0,first_pull,0
44good,261,4356.106523534269,0.4849,0.5593,0.5493,0.6501,35.4,9.6,0.155,0,first_pull,0
44good,262,4372.796586842829,0.4839,0.5581,0.548,0.6461,36.1,8.9,0.152,0,first_pull,0
44good,263,4389.48665015139,0.4835,0.5568,0.5472,0.6425,36.6,8.4,0.149,1,first_pull,0
44good,264,4406.17671345995,0.4829,0.5554,0.5467,0.6389,37.4,7.6,0.147,1,first_pull,0
44good,265,4422.866776768511,0.4824,0.5538,0.5471,0.6351,38.5,6.5,0.146,0,first_pull,0
44good,266,4439.556840077071,0.4818,0.5517,0.5484,0.6311,40.0,5.0,0.146,0,first_pull,0
44good,267,4456.246903385631,0.4805,0.55,0.5488,0.6275,41.4,3.6,0.146,0,first_pull,0
44good,268,4472.936966694192,0.4793,0.5486,0.5493,0.6236,43.0,2.0,0.145,0,first_pull,0
44good,269,4489.627030002753,0.4784,0.5468,0.5497,0.6199,44.3,0.7,0.144,1,first_pull,0
44good,270,4506.317093311313,0.4777,0.5451,0.5506,0.6163,45.7,0.7,0.144,1,first_pull,0
44good,271,4523.007156619873,0.4775,0.5443,0.5516,0.613,47.1,2.1,0.143,1,first_pull,0
44good,272,4539.697219928434,0.4771,0.5429,0.5525,0.6092,48.7,3.7,0.142,1,first_pull,0
44good,273,4556.387283236994,0.4765,0.5419,0.5533,0.6058,50.3,5.3,0.141,1,first_pull,0
44good,274,4573.077346545555,0.4759,0.5408,0.5535,0.6019,51.8,6.8,0.139,1,first_pull,0
44good,275,4589.767409854115,0.475,0.539,0.553,0.598,52.9,7.9,0.137,1,first_pull,0
44good,276,4606.457473162675,0.4742,0.5373,0.5527,0.5948,53.8,8.8,0.136,1,first_pull,0
44good,277,4623.147536471236,0.4735,0.5338,0.5524,0.5918,53.7,8.7,0.137,1,first_pull,0
44good,278,4639.837599779797,0.4731,0.5302,0.5519,0.5895,53.0,8.0,0.138,1,first_pull,0
44good,279,4656.527663088356,0.4727,0.5243,0.551,0.5868,51.4,6.4,0.141,1,first_pull,0
44good,280,4673.217726396917,0.4723,0.5191,0.5501,0.5841,50.1,5.1,0.143,1,first_pull,0
44good,281,4689.907789705478,0.4716,0.516,0.5489,0.5803,50.3,5.3,0.142,1,first_pull,0
44good,282,4706.597853014038,0.4708,0.5154,0.5476,0.5762,51.6,6.6,0.138,1,first_pull,0
44good,283,4723.287916322598,0.4702,0.5149,0.5472,0.5731,52.9,7.9,0.135,1,first_pull,0
44good,284,4739.977979631159,0.4696,0.5154,0.5471,0.5705,54.6,9.6,0.133,0,first_pull,0
44good,285,4756.668042939719,0.4691,0.5134,0.5473,0.5676,55.3,10.3,0.132,0,first_pull,0
44good,286,4773.35810624828,0.4687,0.5116,0.5483,0.5653,56.0,11.0,0.133,0,first_pull,0
44good,287,4790.04816955684,0.4683,0.5089,0.5485,0.5622,56.4,11.4,0.133,0,first_pull,0
44good,288,4806.7382328654,0.4681,0.5051,0.548,0.5586,56.2,11.2,0.133,0,first_pull,0
44good,289,4823.428296173961,0.4681,0.5007,0.5476,0.5556,55.4,10.4,0.134,0,first_pull,0
44good,290,4840.118359482522,0.468,0.4956,0.547,0.5522,54.4,9.4,0.136,0,first_pull,0
44good,291,4856.808422791081,0.4682,0.4907,0.5465,0.5492,53.3,8.3,0.137,0,first_pull,0
44good,292,4873.498486099642,0.4688,0.4863,0.5467,0.5466,52.2,7.2,0.138,0,first_pull,0
44good,293,4890.188549408203,0.4699,0.482,0.5467,0.5442,51.0,6.0,0.139,0,first_pull,0
44good,294,4906.878612716763,0.4711,0.477,0.5468,0.5421,49.3,4.3,0.141,0,first_pull,0
44good,295,4923.568676025323,0.4724,0.4724,0.5467,0.5401,47.7,2.7,0.142,0,first_pull,0
44good,296,4940.258739333884,0.4736,0.468,0.5469,0.5386,46.1,1.1,0.144,0,first_pull,0
44good,297,4956.948802642444,0.4747,0.4634,0.5463,0.5376,44.0,1.0,0.146,0,first_pull,0
44good,298,4973.638865951005,0.4756,0.4584,0.5454,0.5368,41.7,3.3,0.148,0,first_pull,0
44good,299,4990.328929259565,0.4763,0.4529,0.5439,0.5365,39.0,6.0,0.151,0,first_pull,0
44good,300,5007.018992568125,0.4774,0.4456,0.5424,0.5363,35.6,9.4,0.156,0,first_pull,0
44good,301,5023.709055876686,0.4792,0.4382,0.5407,0.5364,32.1,12.9,0.16,0,jerk_dip,0
44good,302,5040.3991191852465,0.482,0.4315,0.5404,0.5384,28.6,16.4,0.165,0,jerk_dip,0
44good,303,5057.089182493807,0.4852,0.4256,0.5404,0.5395,25.8,19.2,0.169,0,jerk_dip,0
44good,304,5073.779245802367,0.4885,0.4212,0.5402,0.5419,23.2,21.8,0.172,0,jerk_dip,0
44good,305,5090.4693091109275,0.4915,0.4178,0.539,0.5469,20.2,24.8,0.176,0,jerk_dip,0
44good,306,5107.159372419488,0.4945,0.4142,0.5367,0.5542,16.8,28.2,0.182,0,jerk_dip,1
44good,307,5123.849435728049,0.4976,0.4107,0.5332,0.5641,13.1,31.9,0.189,0,jerk_dip,1
44good,308,5140.5394990366085,0.5011,0.407,0.5299,0.5764,9.7,35.3,0.198,0,clean_catch,1
44good,309,5157.229562345169,0.5044,0.4034,0.5268,0.5875,6.9,38.1,0.207,0,clean_catch,1
44good,310,5173.91962565373,0.508,0.3993,0.5234,0.5997,4.4,40.6,0.216,0,clean_catch,1
44good,311,5190.60968896229,0.5112,0.3958,0.5204,0.6103,2.5,42.5,0.224,0,clean_catch,1
44good,312,5207.29975227085,0.5133,0.3937,0.518,0.6176,1.2,43.8,0.229,0,clean_catch,0
44good,313,5223.989815579411,0.5142,0.3932,0.5162,0.621,0.5,44.5,0.23,0,clean_catch,1
44good,314,5240.679878887971,0.5141,0.3939,0.5151,0.621,0.3,44.7,0.228,0,clean_catch,1
44good,315,5257.369942196532,0.5135,0.3953,0.5143,0.6195,0.3,44.7,0.225,0,clean_catch,1
44good,316,5274.060005505092,0.5132,0.3963,0.5133,0.619,0.2,44.8,0.223,0,clean_catch,1
44good,317,5290.750068813652,0.513,0.3973,0.5123,0.6186,0.2,44.8,0.222,0,clean_catch,1
44good,318,5307.440132122213,0.5127,0.3983,0.5113,0.6181,0.4,44.6,0.221,0,clean_catch,1
44good,319,5324.130195430774,0.5127,0.399,0.51,0.6186,0.7,44.3,0.222,0,clean_catch,1
44good,320,5340.820258739333,0.5123,0.4001,0.5092,0.6176,0.8,44.2,0.221,0,clean_catch,1
44good,321,5357.510322047894,0.5109,0.4024,0.5097,0.6117,0.4,44.6,0.211,0,clean_catch,0
44good,322,5374.200385356455,0.5084,0.4046,0.5103,0.6057,0.6,44.4,0.203,0,clean_catch,1
44good,323,5390.890448665015,0.5063,0.4084,0.5116,0.6054,1.6,43.4,0.202,0,clean_catch,0
44good,324,5407.580511973575,0.5041,0.4127,0.5133,0.6058,2.7,42.3,0.202,0,clean_catch,0
44good,325,5424.270575282136,0.5015,0.4171,0.5132,0.6075,3.5,41.5,0.202,0,clean_catch,0
44good,326,5440.960638590696,0.498,0.4219,0.5121,0.6068,4.4,40.6,0.199,0,clean_catch,0
44good,327,5457.650701899257,0.4937,0.4297,0.509,0.6007,5.1,39.9,0.186,0,clean_catch,0
44good,328,5474.340765207817,0.4908,0.4368,0.5052,0.5927,5.3,39.7,0.17,0,clean_catch,0
44good,329,5491.030828516377,0.4903,0.4458,0.5037,0.5886,5.4,39.6,0.156,0,clean_catch,0
44good,330,5507.720891824938,0.4906,0.4555,0.5054,0.5843,6.6,38.4,0.144,0,clean_catch,0
44good,331,5524.410955133499,0.4905,0.4663,0.5092,0.5817,9.2,35.8,0.134,0,clean_catch,1
44good,332,5541.101018442058,0.4893,0.4777,0.5147,0.5812,13.8,31.2,0.129,0,jerk_dip,1
44good,333,5557.791081750619,0.487,0.4912,0.5191,0.5825,19.4,25.6,0.123,1,jerk_dip,1
44good,334,5574.48114505918,0.4851,0.5039,0.5235,0.5829,25.9,19.1,0.117,1,jerk_dip,1
44good,335,5591.17120836774,0.4833,0.5166,0.528,0.5833,33.8,11.2,0.112,1,jerk_dip,1
44good,336,5607.8612716763,0.4814,0.5293,0.5325,0.5838,43.1,1.9,0.106,1,first_pull,1
44good,337,5624.551334984861,0.4796,0.5419,0.5369,0.5842,53.6,8.6,0.1,1,first_pull,1
44good,338,5641.241398293421,0.4775,0.5549,0.5406,0.5831,66.0,21.0,0.091,1,first_pull,1
44good,339,5657.931461601982,0.4757,0.5674,0.5454,0.5842,76.4,31.4,0.086,1,first_pull,1
44good,340,5674.621524910543,0.4748,0.5792,0.5525,0.59,82.1,37.1,0.089,1,first_pull,0
44good,341,5691.311588219102,0.4752,0.591,0.5683,0.604,82.0,37.0,0.106,1,first_pull,1
44good,342,5708.001651527663,0.4756,0.6003,0.5723,0.6163,80.6,35.6,0.113,1,first_pull,1
44good,343,5724.691714836224,0.4745,0.6056,0.5667,0.625,78.1,33.1,0.112,1,first_pull,0
44good,344,5741.381778144784,0.4726,0.6095,0.5517,0.6281,76.8,31.8,0.098,1,first_pull,0
44good,345,5758.071841453344,0.4712,0.6127,0.5363,0.6287,76.2,31.2,0.081,1,first_pull,0
44good,346,5774.761904761905,0.4724,0.614,0.5242,0.6277,75.2,30.2,0.065,1,first_pull,0
44good,347,5791.451968070465,0.4762,0.617,0.5253,0.6312,73.9,28.9,0.063,1,first_pull,0
44good,348,5808.142031379026,0.48,0.62,0.5223,0.6318,74.5,29.5,0.054,1,first_pull,0
44good,349,5824.832094687586,0.4817,0.6225,0.5191,0.632,75.7,30.7,0.047,1,first_pull,0
44good,350,5841.522157996146,0.4825,0.6259,0.5169,0.6333,77.9,32.9,0.042,1,first_pull,0
44good,351,5858.212221304707,0.4835,0.6296,0.5206,0.6356,80.9,35.9,0.043,1,first_pull,0
44good,352,5874.9022846132675,0.4864,0.6313,0.527,0.6372,81.8,36.8,0.046,1,first_pull,1
44good,353,5891.592347921827,0.4907,0.6326,0.5375,0.6399,81.2,36.2,0.054,1,first_pull,1
44good,354,5908.282411230388,0.4953,0.6339,0.5504,0.6431,80.5,35.5,0.064,1,first_pull,1
44good,355,5924.9724745389485,0.4996,0.6353,0.5618,0.6461,80.2,35.2,0.073,1,first_pull,1
44good,356,5941.662537847509,0.5039,0.6368,0.5733,0.6491,79.9,34.9,0.082,1,first_pull,1
44good,357,5958.352601156069,0.5082,0.6382,0.5847,0.652,79.8,34.8,0.09,1,first_pull,1
44good,358,5975.0426644646295,0.5125,0.6396,0.5962,0.655,79.6,34.6,0.099,1,first_pull,1
44good,359,5991.73272777319,0.5168,0.641,0.6076,0.6579,79.5,34.5,0.108,1,first_pull,1
44good,360,6008.422791081751,0.5211,0.6424,0.6191,0.6609,79.3,34.3,0.116,1,first_pull,1
44good,361,6025.1128543903105,0.5254,0.6438,0.6305,0.6638,79.2,34.2,0.125,1,first_pull,1
44good,362,6041.802917698871,0.5297,0.6453,0.642,0.6668,79.2,34.2,0.134,1,first_pull,1
44good,363,6058.492981007432,0.5341,0.6467,0.6534,0.6697,79.1,34.1,0.142,1,first_pull,1
44good,364,6075.183044315992,0.5384,0.6481,0.6649,0.6727,79.0,34.0,0.151,1,first_pull,1
44good,365,6091.873107624552,0.5452,0.6498,0.6789,0.6759,78.9,33.9,0.16,1,first_pull,1
44good,366,6108.563170933113,0.5491,0.6533,0.692,0.6814,78.9,33.9,0.171,1,first_pull,1
44good,367,6125.253234241673,0.5417,0.6508,0.6919,0.68,79.0,34.0,0.179,1,first_pull,0
44good,368,6141.943297550234,0.5275,0.6437,0.6789,0.6742,78.6,33.6,0.182,1,first_pull,0
44good,369,6158.633360858794,0.5057,0.6333,0.642,0.6609,78.6,33.6,0.164,1,first_pull,0
44good,370,6175.3234241673545,0.485,0.6223,0.597,0.6449,78.6,33.6,0.135,1,first_pull,0
44good,371,6192.013487475915,0.4714,0.6145,0.5623,0.6314,79.5,34.5,0.108,1,first_pull,0
44good,372,6208.703550784476,0.4654,0.611,0.5409,0.625,79.5,34.5,0.089,1,first_pull,0
44good,373,6225.393614093036,0.462,0.6064,0.5321,0.62,79.1,34.1,0.084,1,first_pull,0
44good,374,6242.083677401596,0.4642,0.6045,0.5365,0.62,77.9,32.9,0.088,1,first_pull,0
44good,375,6258.773740710157,0.4655,0.6042,0.534,0.6192,77.7,32.7,0.083,1,first_pull,0
44good,376,6275.463804018717,0.4672,0.6056,0.5322,0.6195,77.9,32.9,0.079,1,first_pull,0
44good,377,6292.153867327278,0.4669,0.6084,0.5323,0.6202,79.8,34.8,0.077,1,first_pull,0
44good,378,6308.843930635838,0.4667,0.6105,0.5293,0.6217,79.8,34.8,0.074,1,first_pull,0
44good,379,6325.533993944398,0.4668,0.6119,0.5294,0.6233,79.7,34.7,0.074,1,first_pull,0
44good,380,6342.224057252959,0.4672,0.6139,0.5315,0.625,80.3,35.3,0.075,1,first_pull,0
44good,381,6358.91412056152,0.4675,0.6157,0.533,0.626,81.0,36.0,0.076,1,first_pull,0
44good,382,6375.604183870079,0.4675,0.6169,0.5353,0.6268,81.7,36.7,0.078,1,first_pull,0
44good,383,6392.29424717864,0.4678,0.6186,0.5383,0.627,83.2,38.2,0.079,1,first_pull,0
44good,384,6408.984310487201,0.4684,0.6207,0.5392,0.6274,84.6,39.6,0.077,1,first_pull,0
44good,385,6425.674373795761,0.4689,0.6242,0.5394,0.6283,86.7,41.7,0.075,1,first_pull,0
44good,386,6442.364437104321,0.4706,0.6288,0.5372,0.6304,88.7,43.7,0.068,1,first_pull,0
44good,387,6459.054500412882,0.4731,0.6305,0.5345,0.6323,88.3,43.3,0.063,1,first_pull,0
44good,388,6475.744563721442,0.476,0.6302,0.532,0.6339,86.2,41.2,0.06,1,first_pull,0
44good,389,6492.434627030003,0.4785,0.6284,0.531,0.634,83.9,38.9,0.058,1,first_pull,0
44good,390,6509.124690338563,0.4802,0.6257,0.531,0.6322,82.7,37.7,0.057,1,first_pull,0
44good,391,6525.814753647123,0.4802,0.6247,0.5325,0.6302,84.1,39.1,0.058,1,first_pull,1
44good,392,6542.504816955684,0.4799,0.6246,0.5337,0.6282,86.2,41.2,0.057,1,first_pull,1
44good,393,6559.194880264245,0.4795,0.6231,0.5356,0.6257,87.3,42.3,0.059,1,first_pull,1
44good,394,6575.884943572804,0.4792,0.6219,0.5372,0.6234,88.5,43.5,0.059,1,first_pull,1
44good,395,6592.575006881365,0.479,0.6207,0.5388,0.6211,89.6,44.6,0.06,1,first_pull,1
44good,396,6609.265070189926,0.4787,0.6195,0.5404,0.6188,-90.6,135.6,0.062,1,jerk_drive,1
44good,397,6625.955133498486,0.4784,0.6183,0.542,0.6166,-91.6,136.6,0.065,1,jerk_drive,1
44good,398,6642.645196807046,0.4782,0.6171,0.5437,0.6143,-92.5,137.5,0.068,1,jerk_drive,1
44good,399,6659.335260115607,0.4779,0.616,0.5453,0.612,-93.4,138.4,0.071,1,jerk_drive,1
44good,400,6676.025323424167,0.4777,0.6148,0.5469,0.6097,-94.2,139.2,0.074,1,jerk_drive,1
44good,401,6692.715386732728,0.4774,0.6136,0.5485,0.6074,-94.9,139.9,0.077,1,jerk_drive,1
44good,402,6709.405450041288,0.4771,0.6124,0.5501,0.6052,-95.6,140.6,0.08,1,jerk_drive,1
44good,403,6726.095513349848,0.4769,0.6112,0.5517,0.6029,-96.3,141.3,0.083,1,jerk_drive,1
44good,404,6742.785576658409,0.4766,0.61,0.5533,0.6006,-97.0,142.0,0.086,1,jerk_drive,1
44good,405,6759.4756399669695,0.4763,0.6088,0.5549,0.5983,-97.6,142.6,0.089,1,jerk_drive,1
44good,406,6776.16570327553,0.476,0.6083,0.5605,0.5964,-98.1,143.1,0.096,1,jerk_drive,1
44good,407,6792.85576658409,0.4758,0.607,0.5569,0.5937,-99.3,144.3,0.094,1,jerk_drive,1
44good,408,6809.5458298926505,0.4754,0.6034,0.5465,0.5905,-100.3,145.3,0.084,1,jerk_drive,0
44good,409,6826.235893201211,0.4756,0.5958,0.5311,0.5863,-99.7,144.7,0.065,1,jerk_drive,0
44good,410,6842.925956509772,0.4762,0.5861,0.516,0.5824,-95.4,140.4,0.044,1,jerk_drive,0
44good,411,6859.616019818332,0.4766,0.5765,0.5069,0.5798,83.8,38.8,0.034,1,first_pull,0
44good,412,6876.306083126892,0.4767,0.5694,0.5091,0.5792,73.2,28.2,0.042,1,first_pull,1
44good,413,6892.996146435453,0.4762,0.5645,0.5104,0.5797,66.1,21.1,0.049,1,first_pull,1
44good,414,6909.6862097440135,0.4749,0.5607,0.5131,0.5808,62.3,17.3,0.058,1,first_pull,1
44good,415,6926.376273052573,0.474,0.5563,0.515,0.5815,58.4,13.4,0.066,1,first_pull,1
44good,416,6943.066336361134,0.4731,0.5518,0.5169,0.5822,55.3,10.3,0.074,1,first_pull,1
44good,417,6959.7563996696945,0.4722,0.5473,0.5188,0.5829,52.7,7.7,0.082,1,first_pull,1
44good,418,6976.446462978255,0.4713,0.5429,0.5207,0.5835,50.5,5.5,0.09,1,first_pull,1
44good,419,6993.136526286815,0.4704,0.5384,0.5226,0.5842,48.7,3.7,0.098,1,first_pull,1
44good,420,7009.8265895953755,0.4694,0.5339,0.5245,0.5849,47.2,2.2,0.106,1,first_pull,1
44good,421,7026.516652903936,0.4685,0.5294,0.5264,0.5856,45.8,0.8,0.114,1,first_pull,1
44good,422,7043.206716212497,0.4676,0.525,0.5283,0.5863,44.7,0.3,0.122,1,first_pull,1
44good,423,7059.8967795210565,0.4667,0.5205,0.5301,0.587,43.6,1.4,0.13,1,first_pull,1
44good,424,7076.586842829617,0.4658,0.516,0.532,0.5877,42.7,2.3,0.138,1,first_pull,1
44good,425,7093.276906138178,0.4643,0.5111,0.534,0.5873,42.5,2.5,0.146,1,first_pull,1
44good,426,7109.966969446738,0.4639,0.5066,0.5361,0.5898,40.9,4.1,0.155,1,first_pull,1
44good,427,7126.657032755298,0.465,0.5045,0.5375,0.5938,39.1,5.9,0.162,1,first_pull,0
44good,428,7143.347096063859,0.4674,0.5035,0.5381,0.5979,36.9,8.1,0.165,1,first_pull,0
44good,429,7160.037159372419,0.4697,0.502,0.5381,0.6009,34.7,10.3,0.167,1,jerk_dip,0
44good,430,7176.72722268098,0.4715,0.4992,0.5377,0.6022,32.7,12.3,0.169,1,jerk_dip,0
44good,431,7193.41728598954,0.4715,0.4955,0.5376,0.6008,32.1,12.9,0.171,1,jerk_dip,0
44good,432,7210.1073492981,0.4717,0.4928,0.5372,0.6009,31.2,13.8,0.174,1,jerk_dip,0
44good,433,7226.797412606661,0.4721,0.4918,0.5361,0.601,30.4,14.6,0.173,1,jerk_dip,0
44good,434,7243.487475915222,0.4732,0.4917,0.5341,0.6005,29.2,15.8,0.17,1,jerk_dip,0
44good,435,7260.177539223781,0.4744,0.4917,0.5322,0.6,28.1,16.9,0.166,1,jerk_dip,0
44good,436,7276.867602532342,0.4758,0.4914,0.5305,0.5998,26.8,18.2,0.163,1,jerk_dip,0
44good,437,7293.557665840903,0.4766,0.4911,0.5295,0.5997,26.0,19.0,0.162,1,jerk_dip,0
44good,438,7310.247729149463,0.4777,0.4913,0.5279,0.5981,25.2,19.8,0.157,1,jerk_dip,0
44good,439,7326.937792458024,0.4784,0.4909,0.5267,0.5952,24.9,20.1,0.153,1,jerk_dip,0
44good,440,7343.627855766584,0.4796,0.4903,0.5251,0.5902,24.5,20.5,0.145,1,jerk_dip,0
44good,441,7360.317919075144,0.4808,0.4898,0.5244,0.5858,24.5,20.5,0.14,1,jerk_dip,0
44good,442,7377.007982383705,0.4815,0.4878,0.5243,0.5831,24.2,20.8,0.138,1,jerk_dip,0
44good,443,7393.698045692266,0.4813,0.4842,0.5246,0.5821,23.9,21.1,0.141,1,jerk_dip,0
44good,444,7410.388109000825,0.4794,0.48,0.5242,0.5819,23.8,21.2,0.147,1,jerk_dip,0
44good,445,7427.078172309386,0.477,0.4761,0.524,0.5823,23.9,21.1,0.153,1,jerk_dip,0
44good,446,7443.768235617947,0.4758,0.4755,0.5229,0.5816,24.0,21.0,0.153,1,jerk_dip,0
44good,447,7460.458298926507,0.4756,0.4774,0.5219,0.5816,24.0,21.0,0.151,1,jerk_dip,0
44good,448,7477.148362235067,0.4765,0.4795,0.5212,0.581,23.8,21.2,0.146,1,jerk_dip,0
44good,449,7493.838425543628,0.4782,0.479,0.521,0.5804,22.9,22.1,0.144,1,jerk_dip,0
44good,450,7510.528488852188,0.4787,0.4762,0.5211,0.579,22.4,22.6,0.145,1,jerk_dip,0
44good,451,7527.218552160749,0.4791,0.4712,0.5218,0.5761,22.2,22.8,0.148,1,jerk_dip,0
44good,452,7543.908615469309,0.4796,0.468,0.5219,0.5723,22.1,22.9,0.147,1,jerk_dip,0
44good,453,7560.598678777869,0.4801,0.4661,0.522,0.569,22.2,22.8,0.145,1,jerk_dip,0
44good,454,7577.28874208643,0.4796,0.4642,0.5222,0.5678,22.3,22.7,0.146,1,jerk_dip,0
44good,455,7593.978805394991,0.4791,0.4616,0.5217,0.5694,21.5,23.5,0.15,1,jerk_dip,0
44good,456,7610.66886870355,0.4784,0.4603,0.5208,0.5716,20.9,24.1,0.154,1,jerk_dip,0
44good,457,7627.358932012111,0.4776,0.4587,0.5206,0.5721,20.8,24.2,0.156,1,jerk_dip,0
44good,458,7644.048995320672,0.4775,0.4574,0.521,0.5712,20.9,24.1,0.157,1,jerk_dip,0
44good,459,7660.739058629232,0.478,0.4551,0.5218,0.57,20.9,24.1,0.159,1,jerk_dip,0
44good,460,7677.429121937792,0.4788,0.4511,0.5229,0.5694,20.4,24.6,0.162,1,jerk_dip,0
44good,461,7694.119185246353,0.4806,0.4477,0.5231,0.5693,19.3,25.7,0.164,1,jerk_dip,0
44good,462,7710.809248554913,0.482,0.4457,0.5224,0.5686,18.2,26.8,0.163,1,jerk_dip,0
44good,463,7727.499311863474,0.4826,0.444,0.5218,0.5671,17.6,27.4,0.162,1,jerk_dip,0
44good,464,7744.189375172034,0.4827,0.4423,0.5212,0.5655,17.4,27.6,0.162,1,jerk_dip,0
44good,465,7760.879438480594,0.4826,0.4408,0.5202,0.5642,16.9,28.1,0.161,1,jerk_dip,0
44good,466,7777.569501789155,0.4835,0.4399,0.5196,0.5635,16.3,28.7,0.16,1,jerk_dip,0
44good,467,7794.2595650977155,0.4844,0.4398,0.5191,0.5621,15.8,29.2,0.157,1,jerk_dip,0
44good,468,7810.949628406275,0.4859,0.4409,0.5184,0.56,15.3,29.7,0.152,1,jerk_dip,0
44good,469,7827.639691714836,0.4876,0.4413,0.5174,0.5575,14.4,30.6,0.146,1,jerk_dip,0
44good,470,7844.3297550233965,0.4887,0.4397,0.5152,0.5555,12.9,32.1,0.142,1,jerk_dip,0
44good,471,7861.019818331957,0.4893,0.438,0.5131,0.5548,11.5,33.5,0.141,1,jerk_dip,0
44good,472,7877.709881640518,0.4887,0.4303,0.5123,0.5547,10.7,34.3,0.148,0,jerk_dip,0
44good,473,7894.3999449490775,0.4869,0.4192,0.5127,0.5549,10.8,34.2,0.161,0,jerk_dip,0
44good,474,7911.090008257638,0.4858,0.41,0.5139,0.5543,11.0,34.0,0.172,0,jerk_dip,0
44good,475,7927.780071566199,0.4846,0.3999,0.5151,0.5528,11.3,33.7,0.183,1,jerk_dip,0
44good,476,7944.470134874759,0.4856,0.3912,0.5146,0.547,10.6,34.4,0.185,0,jerk_dip,0
44good,477,7961.160198183319,0.4861,0.3844,0.5136,0.5421,9.9,35.1,0.185,0,clean_catch,0
44good,478,7977.85026149188,0.4863,0.3768,0.5122,0.5369,9.2,35.8,0.186,0,clean_catch,0
44good,479,7994.54032480044,0.4876,0.3716,0.5114,0.5337,8.4,36.6,0.186,0,clean_catch,0
44good,480,8011.230388109001,0.4898,0.3706,0.5113,0.5319,7.6,37.4,0.183,0,clean_catch,0
44good,481,8027.920451417561,0.4909,0.3684,0.5102,0.5275,6.9,38.1,0.179,0,clean_catch,0
44good,482,8044.610514726121,0.493,0.3663,0.5084,0.5193,5.8,39.2,0.168,0,clean_catch,0
44good,483,8061.300578034682,0.4936,0.3619,0.5056,0.5113,4.6,40.4,0.161,0,clean_catch,0
44good,484,8077.990641343243,0.4929,0.357,0.5025,0.5028,3.8,41.2,0.155,0,clean_catch,0
44good,485,8094.680704651802,0.4916,0.3506,0.5002,0.4957,3.4,41.6,0.154,0,clean_catch,0
44good,486,8111.370767960363,0.4903,0.3459,0.4984,0.4926,3.2,41.8,0.155,0,clean_catch,0
44good,487,8128.060831268924,0.4905,0.3424,0.4961,0.4865,2.2,42.8,0.15,0,clean_catch,0
44good,488,8144.750894577484,0.4892,0.3417,0.494,0.4829,2.0,43.0,0.146,0,clean_catch,0
44good,489,8161.440957886044,0.4881,0.3379,0.4918,0.4797,1.5,43.5,0.146,0,clean_catch,0
44good,490,8178.131021194605,0.4873,0.3295,0.4905,0.4777,1.3,43.7,0.151,0,clean_catch,0
44good,491,8194.821084503164,0.4865,0.3196,0.4898,0.474,1.2,43.8,0.158,0,clean_catch,0
44good,492,8211.511147811725,0.4869,0.312,0.4891,0.4725,0.8,44.2,0.163,0,clean_catch,0
44good,493,8228.201211120286,0.4901,0.308,0.4888,0.4682,0.5,44.5,0.162,0,clean_catch,0
44good,494,8244.891274428846,0.4908,0.309,0.4883,0.4702,0.9,44.1,0.164,0,clean_catch,0
44good,495,8261.581337737407,0.4919,0.309,0.4878,0.4702,1.5,43.5,0.165,0,clean_catch,0
44good,496,8278.271401045968,0.4922,0.3074,0.4873,0.472,1.7,43.3,0.17,0,clean_catch,0
44good,497,8294.961464354528,0.4923,0.3063,0.4874,0.4723,1.7,43.3,0.171,0,clean_catch,0
44good,498,8311.651527663089,0.4926,0.305,0.4868,0.4756,1.9,43.1,0.176,0,clean_catch,0
44good,499,8328.341590971648,0.4933,0.3049,0.4864,0.4802,2.3,42.7,0.182,0,clean_catch,0
44good,500,8345.031654280208,0.494,0.3063,0.4863,0.4884,2.4,42.6,0.19,0,clean_catch,0
44good,501,8361.721717588769,0.4952,0.3076,0.4864,0.4919,2.7,42.3,0.193,0,clean_catch,0
44good,502,8378.41178089733,0.4964,0.308,0.4865,0.4946,3.1,41.9,0.197,0,clean_catch,0
44good,503,8395.10184420589,0.4978,0.3104,0.4877,0.4903,3.2,41.8,0.19,0,clean_catch,0
44good,504,8411.791907514451,0.4997,0.3137,0.4893,0.4847,3.5,41.5,0.181,0,clean_catch,0
44good,505,8428.481970823012,0.5016,0.3181,0.4914,0.4795,3.6,41.4,0.172,0,clean_catch,0
44good,506,8445.172034131572,0.5025,0.3221,0.4936,0.4757,3.3,41.7,0.162,0,clean_catch,0
44good,507,8461.862097440133,0.5009,0.3242,0.4948,0.474,2.3,42.7,0.156,0,clean_catch,0
44good,508,8478.552160748692,0.5003,0.3255,0.4952,0.4763,2.0,43.0,0.156,1,clean_catch,0
44good,509,8495.242224057252,0.5007,0.3285,0.4956,0.4765,2.0,43.0,0.153,1,clean_catch,0
44good,510,8511.932287365813,0.5025,0.3314,0.4956,0.4767,2.7,42.3,0.152,0,clean_catch,0
44good,511,8528.622350674374,0.5047,0.3338,0.4957,0.4774,3.6,41.4,0.153,0,clean_catch,0
44good,512,8545.312413982934,0.506,0.3356,0.4957,0.4781,4.1,40.9,0.153,0,clean_catch,0
44good,513,8562.002477291495,0.5056,0.3361,0.4953,0.478,4.2,40.8,0.152,0,clean_catch,0
44good,514,8578.692540600056,0.5062,0.3368,0.4952,0.4781,4.5,40.5,0.152,0,clean_catch,0
44good,515,8595.382603908616,0.5069,0.3372,0.495,0.4778,4.8,40.2,0.152,0,clean_catch,0
44good,516,8612.072667217175,0.5069,0.3369,0.4943,0.475,5.2,39.8,0.151,0,clean_catch,0
44good,517,8628.762730525736,0.5065,0.336,0.4936,0.4714,5.5,39.5,0.148,0,clean_catch,0
44good,518,8645.452793834296,0.506,0.3349,0.4931,0.4681,5.5,39.5,0.146,0,clean_catch,0
44good,519,8662.142857142857,0.5055,0.3336,0.4927,0.4661,5.5,39.5,0.145,0,clean_catch,0
44good,520,8678.832920451418,0.5061,0.3323,0.4927,0.465,5.8,39.2,0.146,0,clean_catch,0
44good,521,8695.522983759978,0.5059,0.3295,0.4927,0.4649,5.6,39.4,0.149,0,clean_catch,0
44good,522,8712.213047068539,0.5041,0.3266,0.4923,0.462,5.0,40.0,0.147,1,clean_catch,0
44good,523,8728.9031103771,0.503,0.3246,0.4921,0.4617,4.6,40.4,0.148,1,clean_catch,0
44good,524,8745.593173685658,0.5018,0.3233,0.4918,0.4643,4.1,40.9,0.151,1,clean_catch,0
44good,525,8762.283236994219,0.5008,0.3226,0.4915,0.4687,3.7,41.3,0.155,1,clean_catch,0
44good,526,8778.97330030278,0.5017,0.3223,0.4913,0.4729,3.9,41.1,0.161,1,clean_catch,0
44good,527,8795.66336361134,0.5023,0.3211,0.4914,0.4761,4.0,41.0,0.166,1,clean_catch,0
44good,528,8812.3534269199,0.5023,0.3197,0.4916,0.4746,3.9,41.1,0.166,1,clean_catch,0
44good,529,8829.043490228461,0.5029,0.3185,0.4921,0.4729,4.0,41.0,0.165,1,clean_catch,0
44good,530,8845.733553537022,0.503,0.3171,0.4924,0.4703,4.0,41.0,0.164,1,clean_catch,0
44good,531,8862.423616845583,0.5024,0.3158,0.4924,0.4678,3.8,41.2,0.162,1,clean_catch,0
44good,532,8879.113680154142,0.5017,0.3151,0.4921,0.4657,3.6,41.4,0.16,1,clean_catch,0
44good,533,8895.803743462702,0.501,0.3144,0.4917,0.4647,3.5,41.5,0.16,1,clean_catch,0
44good,534,8912.493806771263,0.5001,0.3139,0.4914,0.4644,3.3,41.7,0.159,1,clean_catch,0
44good,535,8929.183870079823,0.499,0.3135,0.4908,0.463,3.2,41.8,0.158,1,clean_catch,0
44good,536,8945.873933388384,0.4981,0.3132,0.4905,0.4609,3.0,42.0,0.155,1,clean_catch,0
44good,537,8962.563996696945,0.4986,0.3132,0.4906,0.4592,3.1,41.9,0.154,1,clean_catch,0
44good,538,8979.254060005505,0.4997,0.3143,0.4909,0.457,3.5,41.5,0.151,1,clean_catch,0
44good,539,8995.944123314066,0.5012,0.3159,0.4914,0.4534,4.1,40.9,0.147,1,clean_catch,0
44good,540,9012.634186622627,0.5013,0.3172,0.4917,0.4506,4.1,40.9,0.143,1,clean_catch,0
44good,541,9029.324249931185,0.5007,0.3189,0.4912,0.4473,4.2,40.8,0.138,1,clean_catch,0
44good,542,9046.014313239746,0.5004,0.3214,0.4913,0.4449,4.2,40.8,0.133,1,clean_catch,0
44good,543,9062.704376548307,0.5013,0.3246,0.4917,0.4467,4.5,40.5,0.132,1,clean_catch,0
44good,544,9079.394439856867,0.5027,0.328,0.4925,0.4502,4.8,40.2,0.133,1,clean_catch,0
44good,545,9096.084503165428,0.5039,0.3305,0.4932,0.453,5.0,40.0,0.133,0,clean_catch,0
44good,546,9112.774566473989,0.5034,0.3315,0.4934,0.4549,4.7,40.3,0.133,0,clean_catch,0
44good,547,9129.46462978255,0.5029,0.3319,0.4927,0.4562,4.7,40.3,0.134,0,clean_catch,0
44good,548,9146.15469309111,0.5014,0.3308,0.4919,0.4561,4.3,40.7,0.135,0,clean_catch,0
44good,549,9162.844756399669,0.5007,0.3281,0.4912,0.4564,4.3,40.7,0.138,0,clean_catch,0
44good,550,9179.53481970823,0.5004,0.3257,0.4907,0.4561,4.3,40.7,0.14,1,clean_catch,0
44good,551,9196.22488301679,0.5017,0.3246,0.4904,0.4571,4.9,40.1,0.144,0,clean_catch,0
44good,552,9212.91494632535,0.5014,0.3238,0.4902,0.4559,4.8,40.2,0.143,0,clean_catch,0
44good,553,9229.605009633911,0.5011,0.3235,0.49,0.4539,4.9,40.1,0.141,0,clean_catch,0
44good,554,9246.295072942472,0.4993,0.3229,0.49,0.4514,4.1,40.9,0.138,1,clean_catch,0
44good,555,9262.985136251033,0.4991,0.3211,0.4901,0.4484,4.0,41.0,0.136,1,clean_catch,0
44good,556,9279.675199559593,0.4997,0.3205,0.4902,0.446,4.3,40.7,0.135,0,clean_catch,0
44good,557,9296.365262868152,0.5023,0.3214,0.4901,0.4467,5.5,39.5,0.137,0,clean_catch,0
44good,558,9313.055326176713,0.5016,0.3204,0.4897,0.4462,5.4,39.6,0.138,0,clean_catch,0
44good,559,9329.745389485273,0.5005,0.3184,0.4891,0.4465,5.1,39.9,0.14,0,clean_catch,0
44good,560,9346.435452793834,0.4997,0.3167,0.4886,0.4476,4.8,40.2,0.142,1,clean_catch,0
44good,561,9363.125516102395,0.4996,0.3153,0.4883,0.452,4.7,40.3,0.148,1,clean_catch,0
44good,562,9379.815579410955,0.4999,0.3155,0.4878,0.4572,4.9,40.1,0.154,1,clean_catch,0
44good,563,9396.505642719516,0.5003,0.3189,0.4873,0.4616,5.2,39.8,0.156,0,clean_catch,0
44good,564,9413.195706028077,0.4998,0.3218,0.4869,0.4641,5.2,39.8,0.155,0,clean_catch,0
44good,565,9429.885769336635,0.5,0.3231,0.4861,0.4636,5.6,39.4,0.154,0,clean_catch,0
44good,566,9446.575832645196,0.501,0.3225,0.4853,0.4598,6.5,38.5,0.153,0,clean_catch,0
44good,567,9463.265895953757,0.5024,0.3207,0.4848,0.4572,7.3,37.7,0.154,0,clean_catch,0
44good,568,9479.955959262317,0.5035,0.3184,0.4845,0.4539,8.0,37.0,0.154,0,clean_catch,0
44good,569,9496.646022570878,0.5036,0.3174,0.4845,0.4507,8.2,36.8,0.152,0,clean_catch,0
44good,570,9513.336085879439,0.5038,0.3169,0.4846,0.4497,8.3,36.7,0.152,0,clean_catch,0
44good,571,9530.026149188,0.5039,0.3163,0.4846,0.4495,8.3,36.7,0.153,0,clean_catch,0
44good,572,9546.71621249656,0.5038,0.3157,0.4842,0.4493,8.3,36.7,0.153,0,clean_catch,0
44good,573,9563.40627580512,0.5038,0.3158,0.4835,0.4501,8.6,36.4,0.155,0,clean_catch,0
44good,574,9580.09633911368,0.5021,0.3143,0.4825,0.4493,8.3,36.7,0.155,1,clean_catch,0
44good,575,9596.78640242224,0.4991,0.3122,0.4815,0.4476,7.4,37.6,0.153,1,clean_catch,0
44good,576,9613.4764657308,0.4965,0.3103,0.4807,0.4442,6.7,38.3,0.15,1,clean_catch,0
44good,577,9630.166529039361,0.4956,0.3094,0.4806,0.4442,6.3,38.7,0.15,1,clean_catch,0
44good,578,9646.856592347922,0.4965,0.3094,0.4805,0.444,6.8,38.2,0.151,1,clean_catch,0
44good,579,9663.546655656482,0.499,0.3097,0.4802,0.4447,7.9,37.1,0.154,1,clean_catch,0
44good,580,9680.236718965043,0.5006,0.3086,0.4796,0.4437,8.8,36.2,0.156,0,clean_catch,0
44good,581,9696.926782273604,0.5011,0.3073,0.4792,0.4429,9.2,35.8,0.158,0,clean_catch,0
44good,582,9713.616845582163,0.5006,0.3061,0.4787,0.4381,9.4,35.6,0.154,0,clean_catch,0
44good,583,9730.306908890723,0.5005,0.3046,0.4787,0.435,9.5,35.5,0.152,0,clean_catch,0
44good,584,9746.996972199284,0.5002,0.303,0.4784,0.4317,9.6,35.4,0.151,0,clean_catch,0
44good,585,9763.687035507844,0.5001,0.3011,0.4781,0.4303,9.7,35.3,0.151,0,clean_catch,0
44good,586,9780.377098816405,0.5,0.2999,0.4777,0.4304,9.7,35.3,0.153,0,clean_catch,0
44good,587,9797.067162124966,0.4996,0.3004,0.4773,0.4332,9.5,35.5,0.155,0,clean_catch,0
44good,588,9813.757225433526,0.499,0.3011,0.4769,0.4345,9.4,35.6,0.155,0,clean_catch,0
44good,589,9830.447288742087,0.4986,0.2997,0.4766,0.4313,9.5,35.5,0.154,0,clean_catch,0
44good,590,9847.137352050646,0.498,0.2989,0.4758,0.4351,9.3,35.7,0.158,0,clean_catch,0
44good,591,9863.827415359206,0.4979,0.2973,0.475,0.443,9.0,36.0,0.169,0,clean_catch,0
44good,592,9880.517478667767,0.4965,0.2986,0.4744,0.4512,8.2,36.8,0.175,0,clean_catch,0
44good,593,9897.207541976328,0.4942,0.3017,0.4741,0.4576,7.3,37.7,0.176,0,clean_catch,0
44good,594,9913.897605284888,0.4922,0.3046,0.4741,0.4596,6.6,38.4,0.173,0,clean_catch,0
44good,595,9930.587668593449,0.4912,0.3061,0.4746,0.4544,6.4,38.6,0.165,0,clean_catch,0
44good,596,9947.27773190201,0.4912,0.3073,0.4746,0.4522,6.6,38.4,0.162,0,clean_catch,0
44good,597,9963.96779521057,0.4935,0.3054,0.4746,0.4485,7.5,37.5,0.162,0,clean_catch,0
44good,598,9980.65785851913,0.4938,0.3079,0.4749,0.4474,7.7,37.3,0.158,0,clean_catch,0
44good,599,9997.34792182769,0.493,0.3116,0.4751,0.4484,7.4,37.6,0.155,0,clean_catch,0
44good,600,10014.03798513625,0.491,0.3161,0.4753,0.4512,6.6,38.4,0.151,0,clean_catch,0
44good,601,10030.728048444811,0.489,0.3201,0.4754,0.454,5.8,39.2,0.148,0,clean_catch,0
44good,602,10047.418111753372,0.4886,0.3217,0.4752,0.4527,5.9,39.1,0.145,0,clean_catch,0
44good,603,10064.108175061932,0.4899,0.3197,0.4749,0.4482,6.7,38.3,0.143,0,clean_catch,0
44good,604,10080.798238370493,0.49,0.3189,0.475,0.4454,6.8,38.2,0.142,1,clean_catch,0
44good,605,10097.488301679054,0.4906,0.3173,0.4753,0.4436,6.9,38.1,0.141,0,clean_catch,0
44good,606,10114.178364987614,0.4906,0.3168,0.4757,0.4441,6.7,38.3,0.142,1,clean_catch,0
44good,607,10130.868428296173,0.4907,0.3167,0.4761,0.4464,6.4,38.6,0.144,1,clean_catch,0
44good,608,10147.558491604734,0.4915,0.3166,0.476,0.4484,6.7,38.3,0.147,1,clean_catch,0
44good,609,10164.248554913294,0.4921,0.317,0.4756,0.4511,7.0,38.0,0.151,1,clean_catch,0
44good,610,10180.938618221855,0.4912,0.3179,0.4751,0.4532,6.8,38.2,0.151,1,clean_catch,0
44good,611,10197.628681530416,0.4903,0.3179,0.4743,0.4539,6.7,38.3,0.152,0,clean_catch,0
44good,612,10214.318744838976,0.4896,0.3183,0.4738,0.4542,6.6,38.4,0.152,1,clean_catch,0
44good,613,10231.008808147537,0.4891,0.3182,0.4736,0.4534,6.5,38.5,0.151,0,clean_catch,0
44good,614,10247.698871456098,0.489,0.3172,0.4734,0.4529,6.5,38.5,0.151,0,clean_catch,0
44good,615,10264.388934764656,0.4892,0.3159,0.4727,0.4522,6.9,38.1,0.153,0,clean_catch,0
44good,616,10281.078998073217,0.489,0.3147,0.4721,0.4534,6.9,38.1,0.156,0,clean_catch,0
44good,617,10297.769061381778,0.489,0.3134,0.4719,0.4551,6.9,38.1,0.159,0,clean_catch,0
44good,618,10314.459124690338,0.4889,0.3136,0.4726,0.457,6.5,38.5,0.16,0,clean_catch,0
44good,619,10331.149187998899,0.4885,0.3145,0.4736,0.4572,6.0,39.0,0.158,0,clean_catch,0
44good,620,10347.83925130746,0.4883,0.315,0.4744,0.4572,5.6,39.4,0.156,0,clean_catch,0
44good,621,10364.52931461602,0.4879,0.3149,0.4741,0.4559,5.6,39.4,0.155,0,clean_catch,0
44good,622,10381.21937792458,0.4876,0.3145,0.4737,0.4555,5.7,39.3,0.155,0,clean_catch,0
44good,623,10397.90944123314,0.4875,0.3138,0.473,0.4544,5.9,39.1,0.155,0,clean_catch,0
44good,624,10414.5995045417,0.4871,0.3137,0.4726,0.4526,6.0,39.0,0.153,0,clean_catch,0
44good,625,10431.289567850261,0.4866,0.314,0.4721,0.4504,6.1,38.9,0.151,0,clean_catch,0
44good,626,10447.979631158822,0.4863,0.3137,0.4715,0.4487,6.3,38.7,0.15,0,clean_catch,0
44good,627,10464.669694467382,0.4861,0.3125,0.4707,0.4479,6.5,38.5,0.151,0,clean_catch,0
44good,628,10481.359757775943,0.486,0.311,0.4702,0.448,6.5,38.5,0.153,0,clean_catch,0
44good,629,10498.049821084503,0.4861,0.3092,0.4701,0.4487,6.5,38.5,0.155,0,clean_catch,0
44good,630,10514.739884393064,0.4858,0.3081,0.4701,0.4489,6.4,38.6,0.156,0,clean_catch,0
44good,631,10531.429947701623,0.4855,0.3082,0.4702,0.4483,6.2,38.8,0.155,0,clean_catch,0
44good,632,10548.120011010184,0.4854,0.3081,0.4699,0.4471,6.3,38.7,0.154,0,clean_catch,0
44good,633,10564.810074318744,0.4857,0.3086,0.47,0.4466,6.5,38.5,0.154,0,clean_catch,0
44good,634,10581.500137627305,0.4861,0.3096,0.4703,0.4469,6.6,38.4,0.153,0,clean_catch,0
44good,635,10598.190200935866,0.4867,0.3111,0.471,0.4477,6.6,38.4,0.152,0,clean_catch,0
44good,636,10614.880264244426,0.4877,0.3127,0.4718,0.4483,6.7,38.3,0.152,0,clean_catch,0
44good,637,10631.570327552987,0.4866,0.3149,0.4725,0.4488,6.0,39.0,0.148,0,clean_catch,0
44good,638,10648.260390861547,0.4837,0.3174,0.4725,0.4498,4.8,40.2,0.144,0,clean_catch,0
44good,639,10664.950454170106,0.4815,0.3195,0.4722,0.4516,4.0,41.0,0.141,0,clean_catch,0
44good,640,10681.640517478667,0.4803,0.3202,0.4717,0.4536,3.7,41.3,0.142,0,clean_catch,0
44good,641,10698.330580787228,0.481,0.3191,0.4711,0.4543,4.2,40.8,0.145,0,clean_catch,0
44good,642,10715.020644095788,0.4821,0.3172,0.4705,0.453,4.9,40.1,0.147,0,clean_catch,0
44good,643,10731.710707404349,0.4811,0.3167,0.4702,0.4518,4.6,40.4,0.146,0,clean_catch,0
44good,644,10748.40077071291,0.4779,0.3188,0.4699,0.4527,3.4,41.6,0.142,0,clean_catch,0
44good,645,10765.09083402147,0.477,0.321,0.4698,0.4549,3.1,41.9,0.141,0,clean_catch,0
44good,646,10781.78089733003,0.4786,0.3222,0.4703,0.4575,3.5,41.5,0.143,0,clean_catch,0
44good,647,10798.470960638591,0.4821,0.3212,0.4711,0.4588,4.6,40.4,0.149,0,clean_catch,0
44good,648,10815.16102394715,0.4849,0.3192,0.4717,0.4584,5.4,39.6,0.152,0,clean_catch,0
44good,649,10831.85108725571,0.4862,0.317,0.472,0.4571,5.8,39.2,0.154,0,clean_catch,0
44good,650,10848.541150564271,0.4856,0.3159,0.4721,0.4563,5.5,39.5,0.154,0,clean_catch,0
44good,651,10865.231213872832,0.4852,0.3149,0.472,0.4555,5.4,39.6,0.154,0,clean_catch,0
44good,652,10881.921277181393,0.4852,0.3144,0.4721,0.4549,5.3,39.7,0.154,0,clean_catch,0
44good,653,10898.611340489953,0.4853,0.314,0.4722,0.4546,5.3,39.7,0.154,0,clean_catch,0
44good,654,10915.301403798514,0.4855,0.3137,0.472,0.4546,5.5,39.5,0.154,0,clean_catch,0
44good,655,10931.991467107075,0.4854,0.3135,0.4719,0.4547,5.5,39.5,0.155,0,clean_catch,0
44good,656,10948.681530415633,0.4849,0.3132,0.4718,0.4554,5.3,39.7,0.155,0,clean_catch,0
44good,657,10965.371593724194,0.4842,0.3127,0.4716,0.456,5.0,40.0,0.156,0,clean_catch,0
44good,658,10982.061657032755,0.4836,0.3118,0.4714,0.4566,4.8,40.2,0.157,0,clean_catch,0
44good,659,10998.751720341315,0.4823,0.3125,0.4715,0.457,4.3,40.7,0.155,0,clean_catch,0
44good,660,11015.441783649876,0.4804,0.3148,0.4716,0.4559,3.6,41.4,0.15,0,clean_catch,0
44good,661,11032.131846958437,0.4785,0.3177,0.4718,0.454,2.8,42.2,0.143,0,clean_catch,0
44good,662,11048.821910266997,0.4769,0.3203,0.4722,0.4527,2.0,43.0,0.137,0,clean_catch,0
44good,663,11065.511973575558,0.4755,0.3218,0.4724,0.4519,1.4,43.6,0.133,1,clean_catch,0
44good,664,11082.202036884117,0.4761,0.3216,0.4725,0.4516,1.6,43.4,0.134,1,clean_catch,0
44good,665,11098.892100192677,0.4774,0.321,0.4723,0.45,2.3,42.7,0.134,1,clean_catch,0
44good,666,11115.582163501238,0.4771,0.3222,0.4717,0.4504,2.4,42.6,0.133,0,clean_catch,0
44good,667,11132.272226809799,0.4771,0.3234,0.4709,0.4507,2.8,42.2,0.134,0,clean_catch,0
44good,668,11148.96229011836,0.477,0.3243,0.4702,0.4517,3.0,42.0,0.134,0,clean_catch,0
44good,669,11165.65235342692,0.4761,0.3247,0.47,0.453,2.8,42.2,0.135,0,clean_catch,0
44good,670,11182.34241673548,0.476,0.3243,0.4701,0.4534,2.6,42.4,0.135,0,clean_catch,0
44good,671,11199.032480044041,0.4762,0.3232,0.4704,0.4518,2.6,42.4,0.134,0,clean_catch,0
44good,672,11215.7225433526,0.475,0.3238,0.4709,0.4524,1.9,43.1,0.133,0,clean_catch,0
44good,673,11232.41260666116,0.4749,0.3243,0.4711,0.4524,1.7,43.3,0.132,0,clean_catch,0
44good,674,11249.102669969721,0.4747,0.3247,0.4714,0.4522,1.5,43.5,0.131,0,clean_catch,0
44good,675,11265.792733278282,0.4744,0.3251,0.4714,0.4519,1.4,43.6,0.13,0,clean_catch,0
44good,676,11282.482796586843,0.4741,0.3252,0.4712,0.4512,1.3,43.7,0.129,0,clean_catch,0
44good,677,11299.172859895403,0.4739,0.3258,0.4712,0.4507,1.3,43.7,0.128,0,clean_catch,0
44good,678,11315.862923203964,0.4737,0.3266,0.4711,0.4499,1.2,43.8,0.126,0,clean_catch,0
44good,679,11332.552986512525,0.4737,0.3274,0.4711,0.4498,1.2,43.8,0.125,0,clean_catch,0
44good,680,11349.243049821085,0.4729,0.3285,0.4713,0.4506,0.8,44.2,0.124,0,clean_catch,0
44good,681,11365.933113129644,0.4737,0.3282,0.4714,0.4519,1.1,43.9,0.126,0,clean_catch,0
44good,682,11382.623176438205,0.4757,0.3266,0.4712,0.4533,2.1,42.9,0.131,0,clean_catch,0
44good,683,11399.313239746765,0.4781,0.3241,0.471,0.4541,3.1,41.9,0.137,0,clean_catch,0
44good,684,11416.003303055326,0.4797,0.3207,0.4706,0.4537,3.9,41.1,0.142,0,clean_catch,0
44good,685,11432.693366363887,0.4808,0.3179,0.4702,0.4532,4.5,40.5,0.146,0,clean_catch,0
44good,686,11449.383429672447,0.4806,0.3168,0.4701,0.453,4.4,40.6,0.147,0,clean_catch,0
44good,687,11466.073492981008,0.481,0.3161,0.4701,0.4525,4.6,40.4,0.147,0,clean_catch,0
44good,688,11482.763556289568,0.4814,0.3162,0.4701,0.4521,4.8,40.2,0.147,0,clean_catch,0
44good,689,11499.453619598127,0.4815,0.3166,0.47,0.4515,4.9,40.1,0.146,0,clean_catch,0
44good,690,11516.143682906688,0.4811,0.3169,0.4698,0.4511,4.8,40.2,0.145,0,clean_catch,0
44good,691,11532.833746215249,0.4813,0.317,0.4697,0.451,4.9,40.1,0.146,0,clean_catch,0
44good,692,11549.52380952381,0.4804,0.3171,0.4698,0.451,4.5,40.5,0.145,0,clean_catch,0
44good,693,11566.21387283237,0.4791,0.3171,0.4701,0.4508,3.8,41.2,0.143,0,clean_catch,0
44good,694,11582.90393614093,0.4772,0.3183,0.4707,0.4511,2.8,42.2,0.139,0,clean_catch,0
44good,695,11599.593999449491,0.4764,0.3178,0.4714,0.4512,2.2,42.8,0.138,0,clean_catch,0
44good,696,11616.284062758052,0.4771,0.3158,0.472,0.4511,2.2,42.8,0.14,0,clean_catch,0
44good,697,11632.97412606661,0.4788,0.3125,0.4724,0.4509,2.6,42.4,0.145,0,clean_catch,0
44good,698,11649.664189375171,0.4808,0.3095,0.4726,0.4507,3.3,41.7,0.149,0,clean_catch,0
44good,699,11666.354252683732,0.4828,0.3076,0.4727,0.4508,4.0,41.0,0.153,0,clean_catch,0
44good,700,11683.044315992292,0.4838,0.3078,0.473,0.4503,4.3,40.7,0.153,0,clean_catch,0
44good,701,11699.734379300853,0.4845,0.3074,0.4728,0.4498,4.7,40.3,0.154,0,clean_catch,0
44good,702,11716.424442609414,0.4846,0.3071,0.472,0.45,5.1,39.9,0.156,0,clean_catch,0
44good,703,11733.114505917974,0.4839,0.3068,0.4709,0.4508,5.1,39.9,0.157,0,clean_catch,0
44good,704,11749.804569226535,0.4834,0.3071,0.4699,0.4525,5.3,39.7,0.159,0,clean_catch,0
44good,705,11766.494632535094,0.4833,0.3075,0.4692,0.4539,5.5,39.5,0.161,0,clean_catch,0
44good,706,11783.184695843654,0.4829,0.3078,0.4691,0.4534,5.4,39.6,0.159,0,clean_catch,0
44good,707,11799.874759152215,0.4819,0.3075,0.469,0.4524,5.1,39.9,0.158,0,clean_catch,0
44good,708,11816.564822460776,0.4814,0.3077,0.4689,0.4513,5.0,40.0,0.156,0,clean_catch,0
44good,709,11833.254885769336,0.48,0.3089,0.4688,0.4505,4.5,40.5,0.153,0,clean_catch,0
44good,710,11849.944949077897,0.4781,0.3119,0.4688,0.4508,3.8,41.2,0.148,0,clean_catch,0
44good,711,11866.635012386458,0.4765,0.3139,0.4687,0.4502,3.3,41.7,0.144,0,clean_catch,0
44good,712,11883.325075695018,0.4762,0.3143,0.4686,0.4491,3.2,41.8,0.142,0,clean_catch,0
44good,713,11900.015139003579,0.4775,0.3128,0.4687,0.4479,3.7,41.3,0.144,0,clean_catch,0
44good,714,11916.705202312138,0.4804,0.3107,0.469,0.4469,4.8,40.2,0.147,0,clean_catch,0
44good,715,11933.395265620698,0.4827,0.3092,0.4695,0.4464,5.5,39.5,0.15,0,clean_catch,0
44good,716,11950.085328929259,0.4839,0.3094,0.4703,0.447,5.6,39.4,0.151,0,clean_catch,0
44good,717,11966.77539223782,0.4838,0.3094,0.4707,0.447,5.4,39.6,0.151,0,clean_catch,0
44good,718,11983.46545554638,0.4838,0.3094,0.4711,0.4468,5.3,39.7,0.15,0,clean_catch,0
44good,719,12000.155518854941,0.4839,0.3094,0.4714,0.4466,5.2,39.8,0.15,0,clean_catch,0
44good,720,12016.845582163502,0.4843,0.3095,0.4717,0.4463,5.3,39.7,0.149,0,clean_catch,0
44good,721,12033.535645472062,0.4845,0.3094,0.4718,0.4461,5.3,39.7,0.149,0,clean_catch,0
44good,722,12050.225708780621,0.4848,0.3092,0.4719,0.4461,5.4,39.6,0.15,0,clean_catch,0
44good,723,12066.915772089182,0.485,0.3089,0.472,0.4469,5.4,39.6,0.151,0,clean_catch,0
44good,724,12083.605835397742,0.4853,0.3084,0.4719,0.448,5.5,39.5,0.153,0,clean_catch,0
44good,725,12100.295898706303,0.4864,0.3076,0.472,0.4496,5.8,39.2,0.156,0,clean_catch,0
44good,726,12116.985962014864,0.4858,0.308,0.4721,0.4512,5.5,39.5,0.157,0,clean_catch,0
44good,727,12133.676025323424,0.4835,0.3101,0.4721,0.4519,4.6,40.4,0.153,0,clean_catch,0
44good,728,12150.366088631985,0.4811,0.3122,0.4722,0.4515,3.7,41.3,0.148,0,clean_catch,0
44good,729,12167.056151940546,0.4798,0.3137,0.4726,0.4511,3.0,42.0,0.145,0,clean_catch,0
44good,730,12183.746215249104,0.4804,0.3129,0.473,0.4504,3.1,41.9,0.145,0,clean_catch,0
44good,731,12200.436278557665,0.4821,0.311,0.4735,0.4498,3.5,41.5,0.147,0,clean_catch,0
44good,732,12217.126341866226,0.4821,0.3101,0.4738,0.4493,3.4,41.6,0.148,0,clean_catch,0
44good,733,12233.816405174786,0.4805,0.3109,0.4737,0.4492,2.8,42.2,0.145,0,clean_catch,0
44good,734,12250.506468483347,0.4785,0.3127,0.4738,0.4493,2.0,43.0,0.141,1,clean_catch,0
44good,735,12267.196531791908,0.4784,0.3129,0.4738,0.4496,1.9,43.1,0.141,1,clean_catch,0
44good,736,12283.886595100468,0.4796,0.3114,0.4739,0.4502,2.3,42.7,0.144,1,clean_catch,0
44good,737,12300.576658409029,0.4805,0.31,0.474,0.4506,2.7,42.3,0.147,1,clean_catch,0
44good,738,12317.266721717588,0.481,0.3089,0.4739,0.4498,2.9,42.1,0.148,0,clean_catch,0
44good,739,12333.956785026148,0.4808,0.3087,0.4739,0.4492,2.8,42.2,0.147,0,clean_catch,0
44good,740,12350.646848334709,0.4798,0.3103,0.4738,0.449,2.5,42.5,0.145,1,clean_catch,0
44good,741,12367.33691164327,0.4797,0.3113,0.4737,0.4493,2.5,42.5,0.144,1,clean_catch,0
44good,742,12384.02697495183,0.4797,0.3124,0.4737,0.4499,2.5,42.5,0.144,1,clean_catch,0
44good,743,12400.71703826039,0.4796,0.313,0.4735,0.4505,2.5,42.5,0.144,1,clean_catch,0
44good,744,12417.407101568951,0.4793,0.3137,0.4731,0.4501,2.6,42.4,0.143,1,clean_catch,0
44good,745,12434.097164877512,0.479,0.3144,0.4725,0.4497,2.8,42.2,0.142,1,clean_catch,0
44good,746,12450.787228186073,0.4787,0.3156,0.4719,0.45,2.9,42.1,0.141,1,clean_catch,0
44good,747,12467.477291494632,0.4786,0.3166,0.4715,0.4509,3.0,42.0,0.141,1,clean_catch,0
44good,748,12484.167354803192,0.4787,0.3173,0.4714,0.4517,3.1,41.9,0.142,1,clean_catch,0
44good,749,12500.857418111753,0.4788,0.317,0.4714,0.4519,3.1,41.9,0.142,1,clean_catch,0
44good,750,12517.547481420313,0.4785,0.3166,0.4711,0.4532,3.1,41.9,0.144,1,clean_catch,0
44good,751,12534.237544728874,0.4788,0.316,0.4715,0.4543,3.0,42.0,0.146,1,clean_catch,0
44good,752,12550.927608037435,0.479,0.3156,0.4719,0.4543,2.9,42.1,0.146,1,clean_catch,0
44good,753,12567.617671345995,0.4798,0.3143,0.4723,0.4535,3.1,41.9,0.147,1,clean_catch,0
44good,754,12584.307734654556,0.4813,0.3119,0.4727,0.4522,3.5,41.5,0.149,0,clean_catch,0
44good,755,12600.997797963115,0.4824,0.3098,0.4729,0.4508,3.9,41.1,0.151,0,clean_catch,0
44good,756,12617.687861271676,0.4826,0.3087,0.4725,0.4512,4.1,40.9,0.153,0,clean_catch,0
44good,757,12634.377924580236,0.4826,0.3087,0.4727,0.4516,4.0,41.0,0.153,0,clean_catch,0
44good,758,12651.067987888797,0.4812,0.3103,0.4728,0.4514,3.4,41.6,0.149,0,clean_catch,0
44good,759,12667.758051197357,0.481,0.3111,0.4728,0.451,3.4,41.6,0.148,0,clean_catch,0
44good,760,12684.448114505918,0.4825,0.3103,0.4728,0.4509,3.9,41.1,0.15,0,clean_catch,0
44good,761,12701.138177814479,0.4846,0.3083,0.4728,0.4508,4.8,40.2,0.154,0,clean_catch,0
44good,762,12717.82824112304,0.4861,0.3067,0.4727,0.4507,5.3,39.7,0.157,0,clean_catch,0
44good,763,12734.518304431598,0.4862,0.3058,0.4725,0.4502,5.4,39.6,0.158,0,clean_catch,0
44good,764,12751.208367740159,0.4844,0.3066,0.4724,0.4495,4.8,40.2,0.155,0,clean_catch,0
44good,765,12767.89843104872,0.4827,0.3086,0.4725,0.449,4.2,40.8,0.151,1,clean_catch,0
44good,766,12784.58849435728,0.4812,0.3116,0.4727,0.4491,3.6,41.4,0.146,1,clean_catch,0
44good,767,12801.27855766584,0.4805,0.3142,0.473,0.4496,3.2,41.8,0.143,1,clean_catch,0
44good,768,12817.968620974401,0.48,0.3172,0.4734,0.4507,2.8,42.2,0.14,1,clean_catch,0
44good,769,12834.658684282962,0.4797,0.3191,0.4739,0.4518,2.5,42.5,0.139,1,clean_catch,0
44good,770,12851.348747591523,0.4798,0.3199,0.4742,0.4522,2.4,42.6,0.138,1,clean_catch,0
44good,771,12868.038810900081,0.48,0.3202,0.4745,0.4521,2.4,42.6,0.137,1,clean_catch,0
44good,772,12884.728874208642,0.4803,0.3207,0.4747,0.4517,2.5,42.5,0.137,0,clean_catch,0
44good,773,12901.418937517203,0.4806,0.3208,0.4747,0.4513,2.6,42.4,0.136,0,clean_catch,0
44good,774,12918.109000825763,0.4808,0.3214,0.4747,0.4511,2.7,42.3,0.136,0,clean_catch,0
44good,775,12934.799064134324,0.481,0.3214,0.4746,0.4511,2.8,42.2,0.136,0,clean_catch,0
44good,776,12951.489127442885,0.481,0.3209,0.4744,0.4511,2.9,42.1,0.137,0,clean_catch,0
44good,777,12968.179190751445,0.4811,0.3202,0.4744,0.4515,2.9,42.1,0.138,0,clean_catch,0
44good,778,12984.869254060006,0.4815,0.3189,0.4746,0.452,3.0,42.0,0.14,0,clean_catch,0
44good,779,13001.559317368567,0.482,0.3174,0.4749,0.4525,3.0,42.0,0.142,0,clean_catch,0
44good,780,13018.249380677125,0.4822,0.3167,0.4751,0.453,3.0,42.0,0.143,0,clean_catch,0
44good,781,13034.939443985686,0.4825,0.3163,0.4752,0.453,3.1,41.9,0.144,0,clean_catch,0
44good,782,13051.629507294247,0.4824,0.3163,0.475,0.4529,3.1,41.9,0.144,0,clean_catch,0
44good,783,13068.319570602807,0.4826,0.3167,0.4749,0.4526,3.3,41.7,0.144,0,clean_catch,0
44good,784,13085.009633911368,0.4828,0.3174,0.4748,0.4521,3.4,41.6,0.143,1,clean_catch,0
44good,785,13101.699697219929,0.4823,0.3181,0.4748,0.4513,3.2,41.8,0.141,1,clean_catch,0
44good,786,13118.38976052849,0.4831,0.3168,0.4745,0.4493,3.7,41.3,0.141,1,clean_catch,0
44good,787,13135.07982383705,0.4839,0.3144,0.4738,0.447,4.4,40.6,0.143,1,clean_catch,0
44good,788,13151.769887145609,0.484,0.3122,0.473,0.4459,4.7,40.3,0.145,0,clean_catch,0
44good,789,13168.45995045417,0.4837,0.3114,0.4726,0.4462,4.7,40.3,0.146,0,clean_catch,0
44good,790,13185.15001376273,0.4829,0.3123,0.4728,0.4471,4.3,40.7,0.145,0,clean_catch,0
44good,791,13201.84007707129,0.4815,0.3145,0.4736,0.4499,3.4,41.6,0.143,0,clean_catch,0
44good,792,13218.530140379851,0.4822,0.3153,0.4745,0.4522,3.2,41.8,0.145,0,clean_catch,0
44good,793,13235.220203688412,0.4828,0.3155,0.4749,0.4542,3.2,41.8,0.146,0,clean_catch,0
44good,794,13251.910266996972,0.4829,0.3183,0.4752,0.457,3.2,41.8,0.147,0,clean_catch,0
44good,795,13268.600330305533,0.4828,0.3215,0.4752,0.4579,3.2,41.8,0.144,0,clean_catch,0
44good,796,13285.290393614092,0.4826,0.3242,0.4752,0.4603,3.1,41.9,0.144,0,clean_catch,0
44good,797,13301.980456922653,0.4826,0.3294,0.4754,0.4683,3.0,42.0,0.146,0,clean_catch,0
44good,798,13318.670520231213,0.4829,0.3359,0.4763,0.4762,2.7,42.3,0.147,0,clean_catch,0
44good,799,13335.360583539774,0.4834,0.3401,0.4771,0.4814,2.6,42.4,0.148,0,clean_catch,0
44good,800,13352.050646848335,0.4838,0.3453,0.4778,0.4882,2.4,42.6,0.149,0,clean_catch,0
44good,801,13368.740710156895,0.4834,0.3495,0.4782,0.4916,2.1,42.9,0.147,0,clean_catch,0
44good,802,13385.430773465456,0.4839,0.3507,0.4781,0.4958,2.3,42.7,0.151,0,clean_catch,0
44good,803,13402.120836774016,0.4852,0.3513,0.4782,0.5008,2.7,42.3,0.156,0,clean_catch,0
44good,804,13418.810900082575,0.4868,0.3522,0.4793,0.505,2.8,42.2,0.16,0,clean_catch,0
44good,805,13435.500963391136,0.4879,0.3496,0.4804,0.5066,2.7,42.3,0.164,0,clean_catch,0
44good,806,13452.191026699697,0.4884,0.3519,0.4818,0.512,2.4,42.6,0.167,0,clean_catch,0
44good,807,13468.881090008257,0.488,0.3595,0.4836,0.5182,1.6,43.4,0.163,0,clean_catch,0
44good,808,13485.571153316818,0.4886,0.3674,0.4854,0.5265,1.2,43.8,0.162,0,clean_catch,0
44good,809,13502.261216625378,0.4893,0.3727,0.487,0.5312,0.9,44.1,0.161,0,clean_catch,0
44good,810,13518.951279933939,0.4905,0.3744,0.4885,0.5363,0.7,44.3,0.164,0,clean_catch,0
44good,811,13535.6413432425,0.491,0.3728,0.4895,0.5396,0.6,44.4,0.168,0,clean_catch,0
44good,812,13552.33140655106,0.4906,0.3737,0.4904,0.5427,0.2,44.8,0.169,0,clean_catch,0
44good,813,13569.02146985962,0.4891,0.3763,0.4908,0.5445,0.6,44.4,0.17,0,clean_catch,0
44good,814,13585.71153316818,0.4879,0.379,0.4909,0.5479,1.1,43.9,0.172,0,clean_catch,0
44good,815,13602.40159647674,0.4867,0.3817,0.4905,0.5494,1.3,43.7,0.171,0,clean_catch,0
44good,816,13619.091659785301,0.4869,0.3835,0.4903,0.5526,1.2,43.8,0.172,0,clean_catch,0
44good,817,13635.781723093862,0.4864,0.3869,0.4894,0.5556,1.0,44.0,0.172,0,clean_catch,0
44good,818,13652.471786402422,0.4849,0.3887,0.4887,0.5579,1.3,43.7,0.173,0,clean_catch,0
44good,819,13669.161849710983,0.4841,0.3888,0.4879,0.5591,1.3,43.7,0.174,0,clean_catch,0
44good,820,13685.851913019544,0.4819,0.3874,0.4875,0.5605,1.9,43.1,0.179,0,clean_catch,0
44good,821,13702.541976328102,0.48,0.3865,0.4874,0.5616,2.4,42.6,0.183,0,clean_catch,0
44good,822,13719.232039636663,0.4797,0.3878,0.4877,0.563,2.6,42.4,0.183,0,clean_catch,0
44good,823,13735.922102945224,0.4779,0.391,0.4872,0.5639,3.1,41.9,0.182,0,clean_catch,0
44good,824,13752.612166253784,0.4759,0.3941,0.4869,0.5645,3.7,41.3,0.181,0,clean_catch,0
44good,825,13769.302229562345,0.4749,0.3993,0.4872,0.5646,4.3,40.7,0.178,0,clean_catch,0
44good,826,13785.992292870906,0.4737,0.4029,0.4883,0.5638,5.2,39.8,0.175,0,clean_catch,0
44good,827,13802.682356179466,0.4725,0.4053,0.4883,0.5635,5.7,39.3,0.174,0,clean_catch,0
44good,828,13819.372419488027,0.4726,0.4074,0.4878,0.5622,5.6,39.4,0.17,0,clean_catch,0
44good,829,13836.062482796586,0.4728,0.4091,0.4872,0.5613,5.4,39.6,0.167,0,clean_catch,0
44good,830,13852.752546105146,0.4735,0.4042,0.4868,0.5607,4.9,40.1,0.17,0,clean_catch,0
44good,831,13869.442609413707,0.4751,0.3957,0.4868,0.5585,4.1,40.9,0.174,0,clean_catch,0
44good,832,13886.132672722268,0.4756,0.3871,0.4878,0.5555,4.1,40.9,0.181,0,clean_catch,0
44good,833,13902.822736030828,0.4706,0.3842,0.4891,0.5549,6.2,38.8,0.189,0,clean_catch,0
44good,834,13919.512799339389,0.4644,0.3878,0.4909,0.5535,9.1,35.9,0.192,0,clean_catch,1
44good,835,13936.20286264795,0.4614,0.397,0.4929,0.55,11.7,33.3,0.185,0,jerk_dip,0
44good,836,13952.89292595651,0.4615,0.401,0.4943,0.5443,12.9,32.1,0.176,0,jerk_dip,1
44good,837,13969.582989265069,0.4644,0.3974,0.494,0.5358,12.1,32.9,0.168,0,jerk_dip,0
44good,838,13986.27305257363,0.4669,0.39,0.4928,0.5272,10.7,34.3,0.163,0,jerk_dip,1
44good,839,14002.96311588219,0.4658,0.3825,0.492,0.5216,10.7,34.3,0.165,0,jerk_dip,0
44good,840,14019.653179190751,0.4645,0.376,0.4903,0.518,10.3,34.7,0.168,0,jerk_dip,1
44good,841,14036.343242499312,0.4655,0.3718,0.4881,0.5132,9.1,35.9,0.164,0,clean_catch,0
44good,842,14053.033305807872,0.4653,0.3676,0.4857,0.5066,8.3,36.7,0.159,0,clean_catch,0
44good,843,14069.723369116433,0.463,0.363,0.4837,0.4973,8.8,36.2,0.155,0,clean_catch,0
44good,844,14086.413432424994,0.4621,0.3574,0.4827,0.4888,8.9,36.1,0.152,0,clean_catch,0
44good,845,14103.103495733554,0.4609,0.3503,0.4824,0.4811,9.3,35.7,0.152,0,clean_catch,0
44good,846,14119.793559042113,0.4603,0.3403,0.4812,0.4749,8.8,36.2,0.156,0,clean_catch,0
44good,847,14136.483622350674,0.4605,0.3284,0.4797,0.469,7.8,37.2,0.16,0,clean_catch,0
44good,848,14153.173685659234,0.4599,0.3133,0.4781,0.4648,6.9,38.1,0.17,0,clean_catch,0
44good,849,14169.863748967795,0.4597,0.2998,0.4772,0.4605,6.2,38.8,0.178,0,clean_catch,0
44good,850,14186.553812276356,0.4625,0.2888,0.4766,0.4581,4.8,40.2,0.183,0,clean_catch,0
44good,851,14203.243875584916,0.4659,0.2806,0.4753,0.4568,3.1,41.9,0.186,0,clean_catch,0
44good,852,14219.933938893477,0.4698,0.2822,0.4749,0.463,1.6,43.4,0.186,0,clean_catch,0
44good,853,14236.624002202037,0.4724,0.2867,0.475,0.4723,0.8,44.2,0.188,0,clean_catch,0
44good,854,14253.314065510596,0.4745,0.2949,0.4753,0.484,0.3,44.7,0.19,0,clean_catch,0
44good,855,14270.004128819157,0.4758,0.3001,0.4754,0.4918,0.2,44.8,0.192,0,clean_catch,0
44good,856,14286.694192127718,0.4771,0.3143,0.4752,0.5034,0.6,44.4,0.191,0,clean_catch,0
44good,857,14303.384255436278,0.4791,0.3341,0.4752,0.5176,1.2,43.8,0.187,0,clean_catch,0
44good,858,14320.074318744839,0.482,0.3624,0.4769,0.5379,1.7,43.3,0.181,0,clean_catch,0
44good,859,14336.7643820534,0.484,0.3853,0.4788,0.5565,1.8,43.2,0.177,0,clean_catch,0
44good,860,14353.45444536196,0.4851,0.4038,0.4804,0.5718,1.6,43.4,0.173,0,clean_catch,0
44good,861,14370.14450867052,0.4841,0.4122,0.4813,0.5804,1.0,44.0,0.171,0,clean_catch,0
44good,862,14386.83457197908,0.4823,0.4226,0.4819,0.5894,0.3,44.7,0.167,0,clean_catch,0
44good,863,14403.52463528764,0.48,0.4319,0.4825,0.5958,0.9,44.1,0.166,0,clean_catch,0
44good,864,14420.2146985962,0.4779,0.4398,0.4836,0.6,2.1,42.9,0.166,0,clean_catch,0
44good,865,14436.904761904761,0.4759,0.4444,0.4849,0.6025,3.3,41.7,0.167,0,clean_catch,0
44good,866,14453.594825213322,0.4742,0.4476,0.4863,0.6049,4.4,40.6,0.169,0,clean_catch,0
44good,867,14470.284888521883,0.4727,0.4505,0.4876,0.6064,5.5,39.5,0.171,0,clean_catch,0
44good,868,14486.974951830443,0.4712,0.45,0.4886,0.6063,6.4,38.6,0.174,0,clean_catch,0
44good,869,14503.665015139004,0.4699,0.4477,0.489,0.6044,7.0,38.0,0.176,0,clean_catch,0
44good,870,14520.355078447563,0.4692,0.4452,0.4894,0.6019,7.3,37.7,0.177,0,clean_catch,0
44good,871,14537.045141756123,0.4689,0.4433,0.4894,0.6,7.5,37.5,0.177,0,clean_catch,0
44good,872,14553.735205064684,0.4688,0.4431,0.4893,0.5995,7.5,37.5,0.177,0,clean_catch,0
44good,873,14570.425268373245,0.4686,0.4438,0.4893,0.5994,7.6,37.4,0.176,0,clean_catch,0
44good,874,14587.115331681805,0.4683,0.4444,0.4895,0.5997,7.8,37.2,0.176,0,clean_catch,0
44good,875,14603.805394990366,0.4679,0.4448,0.4899,0.6,8.1,36.9,0.177,0,clean_catch,0
44good,876,14620.495458298927,0.4676,0.4452,0.4903,0.6003,8.4,36.6,0.178,0,clean_catch,0
44good,877,14637.185521607487,0.4672,0.4453,0.4905,0.6007,8.5,36.5,0.179,0,clean_catch,0
44good,878,14653.875584916048,0.4666,0.4457,0.4903,0.6012,8.7,36.3,0.179,0,clean_catch,0
44good,879,14670.565648224607,0.4659,0.4463,0.4901,0.6017,8.8,36.2,0.18,0,clean_catch,0
44good,880,14687.255711533167,0.4654,0.4466,0.4899,0.6018,9.0,36.0,0.18,0,clean_catch,0
44good,881,14703.945774841728,0.465,0.4467,0.4897,0.6017,9.1,35.9,0.18,0,clean_catch,0
44good,882,14720.635838150289,0.4646,0.4463,0.4895,0.6016,9.1,35.9,0.18,0,clean_catch,0
44good,883,14737.32590145885,0.464,0.446,0.4891,0.6015,9.2,35.8,0.181,0,clean_catch,0
44good,884,14754.01596476741,0.4634,0.446,0.4888,0.6014,9.3,35.7,0.181,0,clean_catch,0
44good,885,14770.70602807597,0.4627,0.446,0.4884,0.6012,9.4,35.6,0.181,0,clean_catch,0
44good,886,14787.396091384531,0.462,0.4451,0.488,0.6003,9.5,35.5,0.181,0,clean_catch,0
44good,887,14804.08615469309,0.4612,0.4435,0.4876,0.5987,9.7,35.3,0.182,0,clean_catch,0
44good,888,14820.77621800165,0.4601,0.4413,0.4869,0.5968,9.8,35.2,0.182,0,clean_catch,0
44good,889,14837.466281310211,0.4586,0.4388,0.4859,0.5945,9.9,35.1,0.183,0,clean_catch,0
44good,890,14854.156344618772,0.4568,0.4364,0.4846,0.5922,10.1,34.9,0.184,0,jerk_dip,0
44good,891,14870.846407927333,0.4549,0.4342,0.4832,0.5898,10.3,34.7,0.184,0,jerk_dip,0
44good,892,14887.536471235893,0.4528,0.4314,0.4819,0.5869,10.6,34.4,0.185,0,jerk_dip,0
44good,893,14904.226534544454,0.4507,0.4299,0.4809,0.5841,11.1,33.9,0.184,0,jerk_dip,0
44good,894,14920.916597853015,0.4487,0.4284,0.4796,0.5817,11.4,33.6,0.184,0,jerk_dip,0
44good,895,14937.606661161573,0.4465,0.4266,0.478,0.5799,11.6,33.4,0.185,0,jerk_dip,0
44good,896,14954.296724470134,0.4444,0.4237,0.4759,0.5785,11.5,33.5,0.186,0,jerk_dip,0
44good,897,14970.986787778695,0.4421,0.4197,0.4735,0.5767,11.3,33.7,0.188,0,jerk_dip,0
44good,898,14987.676851087255,0.4399,0.4148,0.4709,0.5743,11.0,34.0,0.191,0,jerk_dip,0
44good,899,15004.366914395816,0.4377,0.4098,0.4688,0.5719,10.9,34.1,0.193,0,jerk_dip,0
44good,900,15021.056977704377,0.4356,0.4051,0.467,0.5693,10.8,34.2,0.196,0,jerk_dip,0
44good,901,15037.747041012937,0.4335,0.4022,0.465,0.5669,10.8,34.2,0.196,0,jerk_dip,0
44good,902,15054.437104321498,0.4319,0.3999,0.4629,0.5647,10.6,34.4,0.196,0,jerk_dip,0
44good,903,15071.127167630057,0.4304,0.3974,0.4607,0.5624,10.4,34.6,0.195,0,jerk_dip,0
44good,904,15087.817230938617,0.4291,0.3937,0.4584,0.5591,10.1,34.9,0.195,0,jerk_dip,0
44good,905,15104.507294247178,0.428,0.3884,0.4564,0.5553,9.7,35.3,0.195,0,clean_catch,0
44good,906,15121.197357555739,0.427,0.384,0.4548,0.5521,9.4,35.6,0.196,0,clean_catch,0
44good,907,15137.8874208643,0.4262,0.3817,0.4533,0.5499,9.2,35.8,0.195,0,clean_catch,0
44good,908,15154.57748417286,0.4261,0.3807,0.4522,0.5488,8.8,36.2,0.194,0,clean_catch,0
44good,909,15171.26754748142,0.4262,0.3798,0.4516,0.5486,8.6,36.4,0.194,0,clean_catch,0
44good,910,15187.957610789981,0.4261,0.3778,0.4512,0.5478,8.4,36.6,0.195,0,clean_catch,0
44good,911,15204.647674098542,0.4259,0.3752,0.4505,0.5461,8.2,36.8,0.195,0,clean_catch,0
44good,912,15221.3377374071,0.4254,0.3715,0.4498,0.5435,8.1,36.9,0.196,0,clean_catch,0
44good,913,15238.027800715661,0.4246,0.3676,0.4491,0.5406,8.1,36.9,0.197,0,clean_catch,0
44good,914,15254.717864024222,0.4241,0.364,0.4486,0.5372,8.0,37.0,0.198,0,clean_catch,0
44good,915,15271.407927332782,0.4236,0.3603,0.4481,0.5345,8.0,37.0,0.199,0,clean_catch,0
44good,916,15288.097990641343,0.4232,0.358,0.4474,0.5326,7.9,37.1,0.199,0,clean_catch,0
44good,917,15304.788053949904,0.4228,0.3578,0.4465,0.5307,7.8,37.2,0.197,0,clean_catch,0
44good,918,15321.478117258464,0.4223,0.3557,0.4458,0.5283,7.8,37.2,0.196,0,clean_catch,0
44good,919,15338.168180567025,0.4215,0.3539,0.4449,0.525,7.8,37.2,0.195,0,clean_catch,0
44good,920,15354.858243875584,0.4207,0.3518,0.4439,0.5219,7.8,37.2,0.193,0,clean_catch,0
44good,921,15371.548307184145,0.4198,0.3499,0.4426,0.52,7.6,37.4,0.193,0,clean_catch,0
44good,922,15388.238370492705,0.419,0.3497,0.441,0.5196,7.4,37.6,0.192,0,clean_catch,0
44good,923,15404.928433801266,0.4185,0.3508,0.4394,0.5202,7.0,38.0,0.19,0,clean_catch,0
44good,924,15421.618497109826,0.4179,0.35,0.4384,0.5212,6.8,38.2,0.192,0,clean_catch,0
44good,925,15438.308560418387,0.4172,0.3489,0.4378,0.5216,6.8,38.2,0.193,0,clean_catch,0
44good,926,15454.998623726948,0.4159,0.3477,0.4371,0.5219,6.9,38.1,0.195,0,clean_catch,0
44good,927,15471.688687035508,0.4141,0.3469,0.4362,0.5218,7.2,37.8,0.197,0,clean_catch,0
44good,928,15488.378750344067,0.4125,0.3472,0.4351,0.5216,7.4,37.6,0.197,0,clean_catch,0
44good,929,15505.068813652628,0.4112,0.3479,0.4337,0.5214,7.4,37.6,0.196,0,clean_catch,0
44good,930,15521.758876961188,0.4102,0.348,0.4324,0.521,7.3,37.7,0.195,0,clean_catch,0
44good,931,15538.448940269749,0.4093,0.3481,0.431,0.5212,7.1,37.9,0.195,0,clean_catch,0
44good,932,15555.13900357831,0.4083,0.3481,0.429,0.5217,6.8,38.2,0.194,0,clean_catch,0
44good,933,15571.82906688687,0.4071,0.3482,0.4272,0.5226,6.6,38.4,0.195,0,clean_catch,0
44good,934,15588.519130195431,0.4057,0.3485,0.4256,0.5234,6.5,38.5,0.195,0,clean_catch,0
44good,935,15605.209193503992,0.4044,0.3489,0.4238,0.5237,6.3,38.7,0.194,0,clean_catch,0
44good,936,15621.89925681255,0.4031,0.3492,0.422,0.5235,6.2,38.8,0.193,0,clean_catch,0
44good,937,15638.589320121111,0.402,0.3493,0.4203,0.5233,6.0,39.0,0.192,0,clean_catch,0
44good,938,15655.279383429672,0.4007,0.3494,0.4181,0.5229,5.7,39.3,0.191,0,clean_catch,0
44good,939,15671.969446738232,0.3994,0.3496,0.4163,0.5229,5.6,39.4,0.19,0,clean_catch,0
44good,940,15688.659510046793,0.3981,0.35,0.4147,0.5227,5.5,39.5,0.189,0,clean_catch,0
44good,941,15705.349573355354,0.3969,0.3503,0.4131,0.5226,5.4,39.6,0.189,0,clean_catch,0
44good,942,15722.039636663914,0.3958,0.3507,0.4116,0.5225,5.3,39.7,0.188,0,clean_catch,0
44good,943,15738.729699972475,0.3947,0.351,0.4103,0.5224,5.2,39.8,0.187,0,clean_catch,0
44good,944,15755.419763281036,0.3934,0.3513,0.4087,0.5224,5.1,39.9,0.186,0,clean_catch,0
44good,945,15772.109826589594,0.3921,0.3514,0.4073,0.5226,5.1,39.9,0.186,0,clean_catch,0
44good,946,15788.799889898155,0.3908,0.3518,0.4061,0.5229,5.1,39.9,0.186,0,clean_catch,0
44good,947,15805.489953206716,0.3895,0.3521,0.4048,0.5233,5.1,39.9,0.187,0,clean_catch,0
44good,948,15822.180016515276,0.3882,0.3519,0.4034,0.5236,5.1,39.9,0.187,0,clean_catch,0
44good,949,15838.870079823837,0.3871,0.3512,0.4019,0.5238,4.9,40.1,0.187,0,clean_catch,0
44good,950,15855.560143132398,0.386,0.3504,0.4002,0.5242,4.7,40.3,0.188,0,clean_catch,0
44good,951,15872.250206440958,0.3848,0.3498,0.3987,0.5244,4.6,40.4,0.189,0,clean_catch,0
44good,952,15888.940269749519,0.3837,0.3496,0.3975,0.5246,4.5,40.5,0.189,0,clean_catch,0
44good,953,15905.630333058078,0.3824,0.3496,0.3961,0.5246,4.5,40.5,0.189,0,clean_catch,0
44good,954,15922.320396366638,0.3814,0.3494,0.3951,0.5246,4.5,40.5,0.189,0,clean_catch,0
44good,955,15939.010459675199,0.3807,0.3491,0.3941,0.5247,4.4,40.6,0.189,0,clean_catch,0
44good,956,15955.70052298376,0.3802,0.3485,0.3933,0.5246,4.3,40.7,0.189,0,clean_catch,0
44good,957,15972.39058629232,0.3799,0.3477,0.3928,0.5245,4.2,40.8,0.19,0,clean_catch,0
44good,958,15989.08064960088,0.3793,0.3473,0.3924,0.5243,4.2,40.8,0.19,0,clean_catch,0
44good,959,16005.770712909441,0.3785,0.347,0.3921,0.5242,4.4,40.6,0.191,0,clean_catch,0
44good,960,16022.460776218002,0.3774,0.3469,0.3919,0.5242,4.7,40.3,0.192,0,clean_catch,0
44good,961,16039.150839526561,0.3764,0.3472,0.3916,0.5243,4.9,40.1,0.192,0,clean_catch,0
44good,962,16055.840902835122,0.3758,0.3472,0.3914,0.5244,5.0,40.0,0.193,0,clean_catch,0
44good,963,16072.530966143682,0.3753,0.347,0.3912,0.5244,5.1,39.9,0.193,0,clean_catch,0
44good,964,16089.221029452243,0.3748,0.347,0.391,0.5244,5.2,39.8,0.194,0,clean_catch,0
44good,965,16105.911092760804,0.3745,0.347,0.3909,0.5243,5.3,39.7,0.194,0,clean_catch,0
44good,966,16122.601156069364,0.374,0.347,0.3906,0.5242,5.4,39.6,0.194,0,clean_catch,0
44good,967,16139.291219377925,0.3736,0.3471,0.3902,0.524,5.4,39.6,0.194,0,clean_catch,0
44good,968,16155.981282686485,0.373,0.3469,0.3896,0.5236,5.4,39.6,0.193,0,clean_catch,0
44good,969,16172.671345995044,0.3723,0.3469,0.389,0.5233,5.4,39.6,0.193,0,clean_catch,0
44good,970,16189.361409303605,0.3716,0.3471,0.3885,0.5231,5.5,39.5,0.193,0,clean_catch,0
44good,971,16206.051472612166,0.3713,0.3474,0.3883,0.523,5.5,39.5,0.193,0,clean_catch,0
44good,972,16222.741535920726,0.3712,0.3476,0.3882,0.5229,5.5,39.5,0.192,0,clean_catch,0
44good,973,16239.431599229287,0.3713,0.3477,0.3882,0.5226,5.5,39.5,0.192,0,clean_catch,0
44good,974,16256.121662537847,0.3711,0.3481,0.3882,0.522,5.6,39.4,0.191,0,clean_catch,0
44good,975,16272.811725846408,0.371,0.3486,0.3883,0.5213,5.7,39.3,0.19,0,clean_catch,0
44good,976,16289.501789154969,0.3708,0.3491,0.3884,0.5207,5.8,39.2,0.189,0,clean_catch,0
44good,977,16306.19185246353,0.3706,0.3495,0.3884,0.5205,5.9,39.1,0.189,0,clean_catch,0
44good,978,16322.881915772088,0.3706,0.3495,0.3884,0.5206,6.0,39.0,0.189,0,clean_catch,0
44good,979,16339.571979080649,0.3705,0.3491,0.3885,0.5208,6.0,39.0,0.19,0,clean_catch,0
44good,980,16356.26204238921,0.3704,0.3489,0.3885,0.521,6.0,39.0,0.19,0,clean_catch,0
44good,981,16372.95210569777,0.3703,0.3483,0.3886,0.5208,6.1,38.9,0.191,0,clean_catch,0
44good,982,16389.64216900633,0.3701,0.3478,0.3887,0.5205,6.2,38.8,0.191,0,clean_catch,0
44good,983,16406.33223231489,0.3697,0.3479,0.3886,0.5201,6.3,38.7,0.191,0,clean_catch,0
44good,984,16423.02229562345,0.3692,0.3482,0.3884,0.5198,6.4,38.6,0.191,0,clean_catch,0
44good,985,16439.71235893201,0.3686,0.3487,0.3882,0.5198,6.5,38.5,0.191,0,clean_catch,0
44good,986,16456.40242224057,0.3681,0.3493,0.388,0.52,6.6,38.4,0.191,0,clean_catch,0
44good,987,16473.092485549132,0.3677,0.3493,0.3878,0.5203,6.7,38.3,0.191,0,clean_catch,0
44good,988,16489.782548857693,0.3673,0.3494,0.3876,0.5205,6.7,38.3,0.191,0,clean_catch,0
44good,989,16506.472612166253,0.3671,0.3498,0.3873,0.5207,6.8,38.2,0.191,0,clean_catch,0
44good,990,16523.162675474814,0.3669,0.3502,0.3871,0.5208,6.7,38.3,0.191,0,clean_catch,0
44good,991,16539.852738783375,0.3669,0.3506,0.387,0.5209,6.7,38.3,0.19,0,clean_catch,0
44good,992,16556.542802091935,0.3668,0.3509,0.387,0.5209,6.8,38.2,0.19,0,clean_catch,0
44good,993,16573.232865400496,0.3669,0.3511,0.3869,0.521,6.7,38.3,0.19,0,clean_catch,0
44good,994,16589.922928709057,0.3668,0.3514,0.3869,0.5209,6.7,38.3,0.19,0,clean_catch,0
44good,995,16606.612992017617,0.3668,0.3516,0.3867,0.5209,6.7,38.3,0.189,0,clean_catch,0
44good,996,16623.303055326178,0.3669,0.3517,0.3865,0.5209,6.6,38.4,0.189,0,clean_catch,0
44good,997,16639.99311863474,0.3669,0.3518,0.3862,0.5209,6.5,38.5,0.188,0,clean_catch,0
44good,998,16656.683181943295,0.3669,0.3516,0.386,0.5208,6.5,38.5,0.188,0,clean_catch,0
44good,999,16673.373245251856,0.3669,0.3514,0.3859,0.5208,6.4,38.6,0.188,0,clean_catch,0
44good,1000,16690.063308560417,0.367,0.3511,0.3859,0.5209,6.4,38.6,0.189,0,clean_catch,0
44good,1001,16706.753371868977,0.367,0.3509,0.3859,0.521,6.3,38.7,0.189,0,clean_catch,0
44good,1002,16723.443435177538,0.3671,0.3505,0.3859,0.5211,6.3,38.7,0.189,0,clean_catch,0
44good,1003,16740.1334984861,0.3672,0.3503,0.3861,0.5212,6.3,38.7,0.19,0,clean_catch,0
44good,1004,16756.82356179466,0.3674,0.3503,0.3862,0.5215,6.3,38.7,0.19,0,clean_catch,0
44good,1005,16773.51362510322,0.3675,0.3506,0.3864,0.5221,6.3,38.7,0.19,0,clean_catch,0
44good,1006,16790.20368841178,0.3675,0.3511,0.3867,0.5226,6.4,38.6,0.191,0,clean_catch,0
44good,1007,16806.89375172034,0.3674,0.3515,0.3869,0.523,6.5,38.5,0.191,0,clean_catch,0
44good,1008,16823.583815028902,0.3675,0.3519,0.3871,0.5231,6.5,38.5,0.191,0,clean_catch,0
44good,1009,16840.273878337463,0.3676,0.352,0.3874,0.5229,6.6,38.4,0.191,0,clean_catch,0
44good,1010,16856.963941646023,0.3678,0.3517,0.3879,0.5225,6.7,38.3,0.191,0,clean_catch,0
44good,1011,16873.654004954584,0.3681,0.3514,0.3886,0.5221,6.9,38.1,0.191,0,clean_catch,0
44good,1012,16890.344068263144,0.3685,0.3507,0.3896,0.5216,7.1,37.9,0.192,0,clean_catch,0
44good,1013,16907.034131571705,0.3692,0.3498,0.3907,0.5212,7.1,37.9,0.193,0,clean_catch,0
44good,1014,16923.724194880266,0.3704,0.3492,0.3918,0.521,7.1,37.9,0.193,0,clean_catch,0
44good,1015,16940.414258188823,0.3717,0.3485,0.3929,0.5209,7.0,38.0,0.194,0,clean_catch,0
44good,1016,16957.104321497383,0.3735,0.348,0.394,0.5207,6.8,38.2,0.193,0,clean_catch,0
44good,1017,16973.794384805944,0.3759,0.3476,0.3952,0.5206,6.4,38.6,0.192,0,clean_catch,0
44good,1018,16990.484448114505,0.3788,0.3474,0.3968,0.5205,5.9,39.1,0.191,0,clean_catch,0
44good,1019,17007.174511423065,0.3825,0.3466,0.3987,0.5202,5.3,39.7,0.19,0,clean_catch,0
44good,1020,17023.864574731626,0.3862,0.3456,0.4007,0.5197,4.8,40.2,0.189,0,clean_catch,0
44good,1021,17040.554638040187,0.3898,0.3439,0.4034,0.5191,4.4,40.6,0.189,0,clean_catch,0
44good,1022,17057.244701348747,0.3932,0.3411,0.406,0.5183,4.1,40.9,0.19,0,clean_catch,0
44good,1023,17073.934764657308,0.3966,0.3375,0.408,0.5179,3.6,41.4,0.192,0,clean_catch,0
44good,1024,17090.62482796587,0.4004,0.3342,0.4097,0.5182,2.9,42.1,0.193,0,clean_catch,0
44good,1025,17107.31489127443,0.4042,0.3316,0.4109,0.5185,2.1,42.9,0.193,0,clean_catch,0
44good,1026,17124.00495458299,0.408,0.3305,0.4122,0.519,1.3,43.7,0.193,0,clean_catch,0
44good,1027,17140.69501789155,0.4117,0.3304,0.4139,0.5196,0.7,44.3,0.191,0,clean_catch,0
44good,1028,17157.38508120011,0.415,0.3303,0.4157,0.5198,0.3,44.7,0.19,0,clean_catch,0
44good,1029,17174.07514450867,0.4183,0.3304,0.4174,0.5199,0.3,44.7,0.19,0,clean_catch,0
44good,1030,17190.765207817232,0.4216,0.3308,0.4193,0.5195,0.8,44.2,0.191,0,clean_catch,0
44good,1031,17207.45527112579,0.4246,0.3327,0.421,0.52,1.1,43.9,0.191,0,clean_catch,0
44good,1032,17224.14533443435,0.4271,0.3371,0.4225,0.522,1.4,43.6,0.19,0,clean_catch,0
44good,1033,17240.83539774291,0.4287,0.3424,0.4237,0.5249,1.6,43.4,0.187,0,clean_catch,0
44good,1034,17257.52546105147,0.4296,0.348,0.4246,0.5277,1.6,43.4,0.185,0,clean_catch,0
44good,1035,17274.215524360032,0.4298,0.3523,0.4252,0.5293,1.5,43.5,0.182,0,clean_catch,0
44good,1036,17290.905587668592,0.4294,0.3547,0.426,0.5295,1.1,43.9,0.178,0,clean_catch,0
44good,1037,17307.595650977153,0.429,0.3568,0.4268,0.53,0.7,44.3,0.175,0,clean_catch,0
44good,1038,17324.285714285714,0.4289,0.3593,0.4276,0.531,0.5,44.5,0.173,0,clean_catch,0
44good,1039,17340.975777594274,0.4288,0.3619,0.4281,0.532,0.3,44.7,0.171,0,clean_catch,0
44good,1040,17357.665840902835,0.4291,0.3649,0.4285,0.5334,0.3,44.7,0.169,0,clean_catch,0
44good,1041,17374.355904211396,0.4293,0.3677,0.429,0.535,0.2,44.8,0.168,0,clean_catch,0
44good,1042,17391.045967519956,0.4293,0.3701,0.4293,0.5368,0.2,44.8,0.167,0,clean_catch,0
44good,1043,17407.736030828517,0.4295,0.3723,0.4302,0.5387,0.3,44.7,0.167,0,clean_catch,0
44good,1044,17424.426094137078,0.43,0.3741,0.4312,0.5401,0.5,44.5,0.167,0,clean_catch,0
44good,1045,17441.11615744564,0.4303,0.3753,0.4326,0.5406,0.8,44.2,0.168,0,clean_catch,0
44good,1046,17457.8062207542,0.4306,0.3758,0.4339,0.5406,1.2,43.8,0.168,0,clean_catch,0
44good,1047,17474.49628406276,0.4308,0.3757,0.4359,0.5402,1.8,43.2,0.17,0,clean_catch,0
44good,1048,17491.186347371317,0.4309,0.3755,0.4381,0.5397,2.5,42.5,0.171,0,clean_catch,0
44good,1049,17507.876410679877,0.431,0.3752,0.4402,0.5394,3.2,41.8,0.173,0,clean_catch,0
44good,1050,17524.566473988438,0.431,0.375,0.4417,0.5397,3.7,41.3,0.175,0,clean_catch,0
44good,1051,17541.256537297,0.4314,0.3747,0.4425,0.5404,3.8,41.2,0.177,0,clean_catch,0
44good,1052,17557.94660060556,0.432,0.3744,0.4422,0.5411,3.5,41.5,0.177,0,clean_catch,0
44good,1053,17574.63666391412,0.4328,0.3744,0.4419,0.5419,3.1,41.9,0.177,0,clean_catch,0
44good,1054,17591.32672722268,0.4337,0.3743,0.4419,0.5423,2.8,42.2,0.176,0,clean_catch,0
44good,1055,17608.01679053124,0.4344,0.3738,0.4422,0.5412,2.7,42.3,0.175,0,clean_catch,0
44good,1056,17624.7068538398,0.4348,0.3728,0.4433,0.5389,2.9,42.1,0.175,0,clean_catch,0
44good,1057,17641.396917148362,0.4353,0.3714,0.4448,0.5361,3.3,41.7,0.174,0,clean_catch,0
44good,1058,17658.086980456923,0.436,0.3702,0.446,0.5333,3.5,41.5,0.173,0,clean_catch,0
44good,1059,17674.777043765484,0.4368,0.3689,0.4474,0.5318,3.7,41.3,0.173,0,clean_catch,0
44good,1060,17691.467107074044,0.4378,0.3677,0.4485,0.5314,3.8,41.2,0.175,0,clean_catch,0
44good,1061,17708.157170382605,0.4387,0.3665,0.4494,0.5315,3.7,41.3,0.176,0,clean_catch,0
44good,1062,17724.847233691165,0.4396,0.3655,0.4503,0.5314,3.7,41.3,0.177,0,clean_catch,0
44good,1063,17741.537296999726,0.4403,0.3647,0.4507,0.5311,3.6,41.4,0.177,0,clean_catch,0
44good,1064,17758.227360308283,0.441,0.364,0.4507,0.5308,3.3,41.7,0.176,0,clean_catch,0
44good,1065,17774.917423616844,0.4419,0.3634,0.4507,0.5315,3.0,42.0,0.177,0,clean_catch,0
44good,1066,17791.607486925404,0.4428,0.3628,0.4508,0.5337,2.7,42.3,0.179,0,clean_catch,0
44good,1067,17808.297550233965,0.4438,0.3625,0.451,0.5373,2.4,42.6,0.182,0,clean_catch,0
44good,1068,17824.987613542526,0.4449,0.3624,0.4515,0.5409,2.1,42.9,0.185,0,clean_catch,0
44good,1069,17841.677676851086,0.4459,0.3625,0.4525,0.5434,2.1,42.9,0.187,0,clean_catch,0
44good,1070,17858.367740159647,0.447,0.3626,0.4542,0.5431,2.3,42.7,0.188,0,clean_catch,0
44good,1071,17875.057803468208,0.448,0.3627,0.4563,0.5413,2.7,42.3,0.187,0,clean_catch,0
44good,1072,17891.74786677677,0.4486,0.3626,0.4581,0.5378,3.1,41.9,0.185,0,clean_catch,0
44good,1073,17908.43793008533,0.4488,0.3625,0.4597,0.5338,3.7,41.3,0.182,0,clean_catch,0
44good,1074,17925.12799339389,0.4488,0.3625,0.4609,0.5303,4.1,40.9,0.18,0,clean_catch,0
44good,1075,17941.81805670245,0.4489,0.3624,0.4618,0.5281,4.5,40.5,0.179,0,clean_catch,0
44good,1076,17958.50812001101,0.4492,0.3622,0.4628,0.5266,4.7,40.3,0.178,0,clean_catch,0
44good,1077,17975.19818331957,0.4498,0.3617,0.4632,0.5267,4.7,40.3,0.178,0,clean_catch,0
44good,1078,17991.888246628132,0.4505,0.3614,0.4635,0.5268,4.5,40.5,0.178,0,clean_catch,0
44good,1079,18008.578309936693,0.4513,0.3609,0.4639,0.5269,4.3,40.7,0.179,0,clean_catch,0
44good,1080,18025.268373245253,0.4522,0.3604,0.4643,0.527,4.2,40.8,0.179,0,clean_catch,0
44good,1081,18041.95843655381,0.4532,0.36,0.465,0.527,4.0,41.0,0.179,0,clean_catch,0
44good,1082,18058.64849986237,0.4542,0.3594,0.4658,0.5271,4.0,41.0,0.179,0,clean_catch,0
44good,1083,18075.33856317093,0.4552,0.3586,0.4668,0.5274,4.0,41.0,0.18,0,clean_catch,0
44good,1084,18092.028626479492,0.4561,0.3578,0.4679,0.5278,4.0,41.0,0.182,0,clean_catch,0
44good,1085,18108.718689788053,0.4572,0.3574,0.4688,0.5281,3.9,41.1,0.182,0,clean_catch,0
44good,1086,18125.408753096614,0.4585,0.3573,0.4697,0.5283,3.7,41.3,0.182,0,clean_catch,0
44good,1087,18142.098816405174,0.4598,0.3575,0.4706,0.5284,3.6,41.4,0.182,0,clean_catch,0
44good,1088,18158.788879713735,0.4612,0.3577,0.4716,0.5288,3.5,41.5,0.182,0,clean_catch,0
44good,1089,18175.478943022295,0.4626,0.3576,0.4726,0.5294,3.3,41.7,0.182,0,clean_catch,0
44good,1090,18192.169006330856,0.4639,0.3571,0.4732,0.53,3.1,41.9,0.182,0,clean_catch,0
44good,1091,18208.859069639417,0.4655,0.3568,0.4735,0.5304,2.6,42.4,0.182,0,clean_catch,0
44good,1092,18225.549132947977,0.4673,0.3569,0.474,0.5309,2.2,42.8,0.181,0,clean_catch,0
44good,1093,18242.239196256538,0.469,0.3572,0.4747,0.5318,1.9,43.1,0.18,0,clean_catch,0
44good,1094,18258.9292595651,0.4707,0.3581,0.4754,0.5336,1.5,43.5,0.18,0,clean_catch,0
44good,1095,18275.61932287366,0.4724,0.3596,0.476,0.5358,1.2,43.8,0.18,0,clean_catch,0
44good,1096,18292.30938618222,0.4739,0.3612,0.4765,0.5379,0.9,44.1,0.179,0,clean_catch,0
44good,1097,18308.999449490777,0.4754,0.3626,0.477,0.5394,0.6,44.4,0.178,0,clean_catch,0
44good,1098,18325.689512799338,0.4769,0.364,0.4777,0.5401,0.3,44.7,0.177,0,clean_catch,0
44good,1099,18342.379576107898,0.4783,0.3654,0.4788,0.54,0.3,44.7,0.175,0,clean_catch,0
44good,1100,18359.06963941646,0.4797,0.3668,0.4805,0.5402,0.3,44.7,0.174,0,clean_catch,0
44good,1101,18375.75970272502,0.4812,0.3683,0.4828,0.5413,0.6,44.4,0.175,0,clean_catch,0
44good,1102,18392.44976603358,0.4828,0.3696,0.4851,0.5431,0.8,44.2,0.176,0,clean_catch,0
44good,1103,18409.13982934214,0.4844,0.3702,0.4872,0.5455,0.9,44.1,0.178,0,clean_catch,0
44good,1104,18425.8298926507,0.4861,0.3708,0.4891,0.5475,1.0,44.0,0.18,0,clean_catch,0
44good,1105,18442.519955959262,0.4876,0.3713,0.4904,0.5476,0.9,44.1,0.179,0,clean_catch,0
44good,1106,18459.210019267823,0.4889,0.3716,0.4915,0.5467,0.9,44.1,0.178,0,clean_catch,0
44good,1107,18475.900082576383,0.4901,0.3717,0.4923,0.5448,0.7,44.3,0.175,0,clean_catch,0
44good,1108,18492.590145884944,0.4912,0.3713,0.4928,0.5422,0.6,44.4,0.172,0,clean_catch,0
44good,1109,18509.280209193505,0.4924,0.3705,0.4932,0.5403,0.3,44.7,0.171,0,clean_catch,0
44good,1110,18525.970272502065,0.4937,0.3697,0.4938,0.5393,0.2,44.8,0.17,0,clean_catch,0
44good,1111,18542.660335810626,0.4949,0.3689,0.4942,0.5388,0.3,44.7,0.171,0,clean_catch,0
44good,1112,18559.350399119186,0.496,0.368,0.4946,0.5389,0.5,44.5,0.172,0,clean_catch,0
44good,1113,18576.040462427747,0.4971,0.367,0.4948,0.5392,0.8,44.2,0.175,0,clean_catch,0
44good,1114,18592.730525736304,0.4982,0.3657,0.4951,0.5393,1.1,43.9,0.177,0,clean_catch,0
44good,1115,18609.420589044865,0.4994,0.3643,0.4954,0.5396,1.3,43.7,0.179,0,clean_catch,0
44good,1116,18626.110652353425,0.5007,0.3632,0.4959,0.5405,1.6,43.4,0.182,0,clean_catch,0
44good,1117,18642.800715661986,0.5019,0.3623,0.4963,0.5415,1.8,43.2,0.185,0,clean_catch,0
44good,1118,18659.490778970547,0.503,0.3615,0.4967,0.5427,2.0,43.0,0.188,0,clean_catch,0
44good,1119,18676.180842279107,0.5042,0.3608,0.4968,0.5438,2.3,42.7,0.19,0,clean_catch,0
44good,1120,18692.870905587668,0.5051,0.3602,0.4971,0.5446,2.5,42.5,0.192,0,clean_catch,0
44good,1121,18709.56096889623,0.5059,0.3597,0.4975,0.5452,2.6,42.4,0.194,0,clean_catch,0
44good,1122,18726.25103220479,0.5067,0.3592,0.4981,0.5464,2.6,42.4,0.196,0,clean_catch,0
44good,1123,18742.94109551335,0.5074,0.3588,0.4989,0.5479,2.6,42.4,0.198,0,clean_catch,0
44good,1124,18759.63115882191,0.508,0.3586,0.4996,0.55,2.5,42.5,0.2,0,clean_catch,0
44good,1125,18776.32122213047,0.5086,0.3584,0.5002,0.5521,2.5,42.5,0.202,0,clean_catch,0
44good,1126,18793.01128543903,0.5092,0.3583,0.5011,0.5541,2.4,42.6,0.204,0,clean_catch,0
44good,1127,18809.701348747592,0.5097,0.3582,0.5019,0.5556,2.3,42.7,0.205,0,clean_catch,0
44good,1128,18826.391412056153,0.5103,0.3582,0.5028,0.557,2.1,42.9,0.206,0,clean_catch,0
44good,1129,18843.081475364714,0.5107,0.3582,0.5039,0.5585,1.9,43.1,0.207,0,clean_catch,0
44good,1130,18859.77153867327,0.511,0.3586,0.5051,0.5602,1.7,43.3,0.207,0,clean_catch,0
44good,1131,18876.46160198183,0.5114,0.3591,0.5065,0.5615,1.4,43.6,0.207,0,clean_catch,0
44good,1132,18893.151665290392,0.5117,0.3597,0.508,0.5623,1.1,43.9,0.206,0,clean_catch,0
44good,1133,18909.841728598953,0.512,0.3603,0.5096,0.5627,0.7,44.3,0.205,0,clean_catch,0
44good,1134,18926.531791907513,0.5122,0.3608,0.511,0.5632,0.4,44.6,0.204,0,clean_catch,0
44good,1135,18943.221855216074,0.5124,0.3611,0.5122,0.5638,0.2,44.8,0.203,0,clean_catch,0
44good,1136,18959.911918524635,0.5126,0.3614,0.5129,0.5643,0.2,44.8,0.203,0,clean_catch,0
44good,1137,18976.601981833195,0.5127,0.3615,0.5134,0.5647,0.3,44.7,0.204,0,clean_catch,0
44good,1138,18993.292045141756,0.5129,0.3615,0.5138,0.5646,0.3,44.7,0.204,0,clean_catch,0
44good,1139,19009.982108450316,0.5132,0.3614,0.5142,0.5647,0.3,44.7,0.204,0,clean_catch,0
44good,1140,19026.672171758877,0.5136,0.3613,0.5148,0.5653,0.4,44.6,0.205,0,clean_catch,0
44good,1141,19043.362235067438,0.5139,0.361,0.5152,0.5668,0.4,44.6,0.207,0,clean_catch,0
44good,1142,19060.052298376,0.5143,0.3609,0.5153,0.5691,0.3,44.7,0.209,0,clean_catch,0
44good,1143,19076.74236168456,0.5145,0.3607,0.5155,0.5715,0.3,44.7,0.212,0,clean_catch,0
44good,1144,19093.43242499312,0.5147,0.3604,0.5157,0.5732,0.3,44.7,0.214,0,clean_catch,0
44good,1145,19110.12248830168,0.5147,0.3599,0.5161,0.5747,0.4,44.6,0.216,0,clean_catch,0
44good,1146,19126.81255161024,0.5147,0.3594,0.5168,0.5755,0.6,44.4,0.218,0,clean_catch,0
44good,1147,19143.502614918798,0.5146,0.3587,0.5175,0.5763,0.8,44.2,0.22,0,clean_catch,0
44good,1148,19160.19267822736,0.5147,0.3579,0.5182,0.5771,0.9,44.1,0.223,0,clean_catch,0
44good,1149,19176.88274153592,0.5147,0.3568,0.5192,0.5772,1.2,43.8,0.225,0,clean_catch,0
44good,1150,19193.57280484448,0.5147,0.3554,0.52,0.5766,1.4,43.6,0.226,0,clean_catch,0
44good,1151,19210.26286815304,0.5147,0.3538,0.5205,0.5759,1.5,43.5,0.228,0,clean_catch,0
44good,1152,19226.9529314616,0.5147,0.3523,0.521,0.5752,1.6,43.4,0.229,0,clean_catch,0
44good,1153,19243.64299477016,0.5147,0.3507,0.5213,0.5746,1.7,43.3,0.23,0,clean_catch,0
44good,1154,19260.333058078722,0.5148,0.3494,0.5216,0.5744,1.7,43.3,0.232,0,clean_catch,0
44good,1155,19277.023121387283,0.5148,0.3482,0.522,0.5743,1.8,43.2,0.233,0,clean_catch,0
44good,1156,19293.713184695844,0.515,0.347,0.5222,0.5744,1.8,43.2,0.235,0,clean_catch,0
44good,1157,19310.403248004404,0.5152,0.3459,0.5222,0.5746,1.8,43.2,0.236,0,clean_catch,0
44good,1158,19327.093311312965,0.5156,0.3449,0.5221,0.5749,1.6,43.4,0.236,0,clean_catch,0
44good,1159,19343.783374621526,0.5162,0.3436,0.5215,0.5753,1.3,43.7,0.237,0,clean_catch,0
44good,1160,19360.473437930086,0.5169,0.342,0.5206,0.5753,0.9,44.1,0.237,0,clean_catch,0
44good,1161,19377.163501238647,0.5177,0.3404,0.5193,0.5746,0.4,44.6,0.236,0,clean_catch,0
44good,1162,19393.853564547207,0.5186,0.339,0.5187,0.5738,0.2,44.8,0.235,0,clean_catch,0
44good,1163,19410.543627855764,0.5194,0.3378,0.5189,0.573,0.2,44.8,0.236,0,clean_catch,0
44good,1164,19427.233691164325,0.5203,0.3369,0.5201,0.573,0.2,44.8,0.236,0,clean_catch,0
44good,1165,19443.923754472886,0.5213,0.336,0.5219,0.5736,0.2,44.8,0.238,0,clean_catch,0
44good,1166,19460.613817781446,0.5223,0.3351,0.5235,0.5744,0.3,44.7,0.24,0,clean_catch,0
44good,1167,19477.303881090007,0.5235,0.3344,0.5245,0.575,0.3,44.7,0.242,0,clean_catch,0
44good,1168,19493.993944398568,0.5249,0.3339,0.5255,0.5753,0.2,44.8,0.242,0,clean_catch,0
44good,1169,19510.68400770713,0.5265,0.3336,0.527,0.5758,0.2,44.8,0.243,0,clean_catch,0
44good,1170,19527.37407101569,0.5284,0.3333,0.5292,0.5772,0.3,44.7,0.245,0,clean_catch,0
44good,1171,19544.06413432425,0.5305,0.3329,0.5317,0.5789,0.3,44.7,0.247,0,clean_catch,0
44good,1172,19560.75419763281,0.5326,0.3324,0.5345,0.5813,0.5,44.5,0.251,0,clean_catch,0
44good,1173,19577.44426094137,0.5346,0.3319,0.5374,0.5836,0.7,44.3,0.255,0,clean_catch,0
44good,1174,19594.13432424993,0.5366,0.3313,0.5401,0.5858,0.8,44.2,0.258,0,clean_catch,0
44good,1175,19610.824387558492,0.5388,0.3309,0.5428,0.5878,0.9,44.1,0.261,0,clean_catch,0
44good,1176,19627.514450867053,0.5411,0.3308,0.545,0.5892,0.9,44.1,0.262,0,clean_catch,0
44good,1177,19644.204514175613,0.5438,0.3308,0.5467,0.5902,0.7,44.3,0.262,0,clean_catch,0
44good,1178,19660.894577484174,0.5467,0.331,0.5485,0.5917,0.4,44.6,0.262,0,clean_catch,0
44good,1179,19677.584640792735,0.5497,0.3316,0.5504,0.5934,0.2,44.8,0.262,0,clean_catch,0
44good,1180,19694.27470410129,0.5527,0.3323,0.5525,0.595,0.2,44.8,0.263,0,clean_catch,0
44good,1181,19710.964767409852,0.5555,0.333,0.5546,0.5973,0.3,44.7,0.265,0,clean_catch,0
44good,1182,19727.654830718413,0.5583,0.3337,0.557,0.5991,0.3,44.7,0.267,0,clean_catch,0
44good,1183,19744.344894026974,0.5611,0.3341,0.5596,0.6012,0.4,44.6,0.269,0,clean_catch,0
44good,1184,19761.034957335534,0.5644,0.3344,0.5627,0.603,0.4,44.6,0.27,0,clean_catch,0
44good,1185,19777.725020644095,0.5681,0.3347,0.5659,0.6045,0.5,44.5,0.272,0,clean_catch,0
44good,1186,19794.415083952656,0.572,0.3345,0.5688,0.6056,0.7,44.3,0.274,0,clean_catch,0
44good,1187,19811.105147261216,0.5764,0.334,0.5723,0.6069,0.9,44.1,0.277,0,clean_catch,0
44good,1188,19827.795210569777,0.5808,0.3331,0.5763,0.6079,0.9,44.1,0.279,0,clean_catch,0
44good,1189,19844.485273878337,0.5851,0.3318,0.5808,0.6088,0.9,44.1,0.281,0,clean_catch,0
44good,1190,19861.175337186898,0.5898,0.3298,0.5855,0.6087,0.9,44.1,0.283,0,clean_catch,0
44good,1191,19877.86540049546,0.5941,0.3272,0.5901,0.6084,0.8,44.2,0.285,0,clean_catch,0
44good,1192,19894.55546380402,0.5979,0.3239,0.5943,0.6075,0.8,44.2,0.287,0,clean_catch,0
44good,1193,19911.24552711258,0.6015,0.3201,0.5987,0.6067,0.6,44.4,0.289,0,clean_catch,0
44good,1194,19927.93559042114,0.605,0.3167,0.6026,0.6061,0.5,44.5,0.292,0,clean_catch,0
44good,1195,19944.6256537297,0.6083,0.3137,0.6065,0.6058,0.4,44.6,0.294,0,clean_catch,0
44good,1196,19961.31571703826,0.6115,0.3109,0.6101,0.6055,0.3,44.7,0.296,0,clean_catch,0
44good,1197,19978.00578034682,0.6144,0.3087,0.6138,0.6056,0.2,44.8,0.298,0,clean_catch,0
44good,1198,19994.69584365538,0.6172,0.3071,0.6175,0.6057,0.2,44.8,0.299,0,clean_catch,0
44good,1199,20011.38590696394,0.6199,0.306,0.6207,0.6062,0.2,44.8,0.301,0,clean_catch,0
44good,1200,20028.0759702725,0.6227,0.3055,0.624,0.6069,0.3,44.7,0.303,0,clean_catch,0
44good,1201,20044.76603358106,0.6252,0.3051,0.6274,0.6081,0.4,44.6,0.305,0,clean_catch,0
44good,1202,20061.456096889622,0.6277,0.3046,0.6305,0.6095,0.6,44.4,0.308,0,clean_catch,0
44good,1203,20078.146160198183,0.6303,0.3042,0.6332,0.6112,0.6,44.4,0.31,0,clean_catch,0
44good,1204,20094.836223506743,0.6333,0.3038,0.6355,0.6124,0.4,44.6,0.311,0,clean_catch,0
44good,1205,20111.526286815304,0.6369,0.3034,0.6372,0.6129,0.2,44.8,0.31,0,clean_catch,0
44good,1206,20128.216350123865,0.6402,0.3032,0.6392,0.6132,0.3,44.7,0.311,1,clean_catch,0
44good,1207,20144.906413432425,0.6434,0.3029,0.6419,0.6141,0.3,44.7,0.313,1,clean_catch,0
44good,1208,20161.596476740986,0.6463,0.3023,0.6444,0.6152,0.4,44.6,0.315,1,clean_catch,0
44good,1209,20178.286540049547,0.6491,0.3016,0.6468,0.6165,0.4,44.6,0.317,1,clean_catch,0
44good,1210,20194.976603358107,0.6516,0.3008,0.6492,0.618,0.4,44.6,0.32,0,clean_catch,0
