video_id,frame_index,timestamp_ms,shoulder_mid_x,shoulder_mid_y,hip_mid_x,hip_mid_y,spine_angle,lean_deviation,postural_deviation,shoulder_asymmetry_flag,lift_phase,low_visibility
47good,0,0.0,0.8492,0.4605,0.8384,0.6487,3.3,41.7,0.199,0,clean_catch,0
47good,1,16.659900394985403,0.849,0.4606,0.8381,0.6454,3.4,41.6,0.196,0,clean_catch,0
47good,2,33.319800789970806,0.8489,0.4606,0.8379,0.6429,3.5,41.5,0.193,0,clean_catch,0
47good,3,49.979701184956205,0.8488,0.4606,0.8378,0.6412,3.5,41.5,0.192,0,clean_catch,0
47good,4,66.63960157994161,0.8488,0.4606,0.8379,0.6404,3.5,41.5,0.191,0,clean_catch,0
47good,5,83.29950197492701,0.8487,0.4605,0.8379,0.6401,3.5,41.5,0.19,0,clean_catch,0
47good,6,99.95940236991241,0.8487,0.4604,0.838,0.6399,3.4,41.6,0.19,0,clean_catch,0
47good,7,116.61930276489781,0.8486,0.4603,0.838,0.6398,3.4,41.6,0.19,0,clean_catch,0
47good,8,133.27920315988322,0.8486,0.4602,0.8381,0.6397,3.3,41.7,0.19,0,clean_catch,0
47good,9,149.9391035548686,0.8485,0.4602,0.8381,0.6398,3.3,41.7,0.19,0,clean_catch,0
47good,10,166.59900394985402,0.8485,0.4601,0.838,0.64,3.3,41.7,0.19,0,clean_catch,0
47good,11,183.25890434483944,0.8484,0.46,0.8378,0.6404,3.4,41.6,0.191,0,clean_catch,0
47good,12,199.91880473982482,0.8484,0.4598,0.8376,0.6406,3.4,41.6,0.192,0,clean_catch,0
47good,13,216.57870513481024,0.8483,0.4596,0.8373,0.641,3.5,41.5,0.192,0,clean_catch,0
47good,14,233.23860552979562,0.8483,0.4594,0.8371,0.6418,3.5,41.5,0.193,0,clean_catch,0
47good,15,249.89850592478103,0.8483,0.4593,0.837,0.6427,3.5,41.5,0.195,0,clean_catch,0
47good,16,266.55840631976645,0.8482,0.4592,0.8368,0.6437,3.6,41.4,0.196,0,clean_catch,0
47good,17,283.21830671475186,0.8482,0.459,0.8367,0.6443,3.6,41.4,0.197,0,clean_catch,0
47good,18,299.8782071097372,0.8482,0.4589,0.8366,0.6443,3.6,41.4,0.197,0,clean_catch,0
47good,19,316.53810750472263,0.8482,0.4588,0.8367,0.644,3.6,41.4,0.197,0,clean_catch,0
47good,20,333.19800789970805,0.8482,0.4587,0.8368,0.6437,3.5,41.5,0.196,0,clean_catch,0
47good,21,349.85790829469346,0.8482,0.4587,0.837,0.6434,3.5,41.5,0.196,0,clean_catch,0
47good,22,366.5178086896789,0.8482,0.4586,0.8372,0.6432,3.4,41.6,0.196,0,clean_catch,0
47good,23,383.17770908466423,0.8483,0.4586,0.8375,0.6431,3.4,41.6,0.195,0,clean_catch,0
47good,24,399.83760947964964,0.8483,0.4586,0.8378,0.6432,3.3,41.7,0.195,0,clean_catch,0
47good,25,416.49750987463506,0.8482,0.4585,0.8381,0.6435,3.1,41.9,0.195,0,clean_catch,0
47good,26,433.15741026962047,0.8482,0.4585,0.8384,0.6439,3.0,42.0,0.195,0,clean_catch,0
47good,27,449.8173106646059,0.8482,0.4585,0.8387,0.6443,2.9,42.1,0.195,0,clean_catch,0
47good,28,466.47721105959124,0.8481,0.4585,0.8389,0.6447,2.9,42.1,0.196,0,clean_catch,0
47good,29,483.13711145457665,0.8481,0.4585,0.839,0.6452,2.8,42.2,0.196,0,clean_catch,0
47good,30,499.79701184956207,0.8481,0.4585,0.839,0.6455,2.8,42.2,0.196,0,clean_catch,0
47good,31,516.4569122445474,0.8481,0.4585,0.8391,0.6455,2.8,42.2,0.196,0,clean_catch,0
47good,32,533.1168126395329,0.8481,0.4585,0.8392,0.6453,2.7,42.3,0.196,0,clean_catch,0
47good,33,549.7767130345183,0.8481,0.4585,0.8392,0.645,2.7,42.3,0.195,0,clean_catch,0
47good,34,566.4366134295037,0.8481,0.4585,0.8393,0.6447,2.7,42.3,0.195,0,clean_catch,0
47good,35,583.0965138244891,0.8481,0.4586,0.8393,0.6446,2.7,42.3,0.195,0,clean_catch,0
47good,36,599.7564142194744,0.8481,0.4586,0.8393,0.6445,2.7,42.3,0.195,0,clean_catch,0
47good,37,616.4163146144599,0.848,0.4587,0.8393,0.6443,2.7,42.3,0.194,0,clean_catch,0
47good,38,633.0762150094453,0.8478,0.4588,0.8393,0.6441,2.7,42.3,0.194,0,clean_catch,0
47good,39,649.7361154044307,0.8477,0.4589,0.8392,0.6441,2.6,42.4,0.194,0,clean_catch,0
47good,40,666.3960157994161,0.8475,0.459,0.8391,0.6441,2.6,42.4,0.193,0,clean_catch,0
47good,41,683.0559161944014,0.8474,0.4591,0.839,0.644,2.6,42.4,0.193,0,clean_catch,0
47good,42,699.7158165893869,0.8473,0.4591,0.8388,0.6439,2.7,42.3,0.193,0,clean_catch,0
47good,43,716.3757169843723,0.8473,0.459,0.8385,0.6439,2.7,42.3,0.194,0,clean_catch,0
47good,44,733.0356173793577,0.8472,0.459,0.8382,0.644,2.8,42.2,0.194,0,clean_catch,0
47good,45,749.6955177743431,0.8472,0.4589,0.8381,0.6441,2.8,42.2,0.194,0,clean_catch,0
47good,46,766.3554181693285,0.8472,0.4588,0.838,0.6442,2.8,42.2,0.195,0,clean_catch,0
47good,47,783.0153185643139,0.8472,0.4587,0.8382,0.6443,2.8,42.2,0.195,0,clean_catch,0
47good,48,799.6752189592993,0.8472,0.4585,0.8384,0.6441,2.7,42.3,0.194,0,clean_catch,0
47good,49,816.3351193542848,0.8473,0.4583,0.8387,0.6439,2.7,42.3,0.194,0,clean_catch,0
47good,50,832.9950197492701,0.8475,0.4581,0.8389,0.6434,2.7,42.3,0.194,0,clean_catch,0
47good,51,849.6549201442555,0.8476,0.4578,0.8389,0.6429,2.7,42.3,0.194,0,clean_catch,0
47good,52,866.3148205392409,0.8477,0.4574,0.8389,0.6423,2.8,42.2,0.194,0,clean_catch,0
47good,53,882.9747209342263,0.8478,0.4571,0.8387,0.6417,2.8,42.2,0.194,0,clean_catch,0
47good,54,899.6346213292118,0.8478,0.457,0.8384,0.6417,2.9,42.1,0.194,0,clean_catch,0
47good,55,916.2945217241971,0.8478,0.457,0.8381,0.6421,3.0,42.0,0.195,0,clean_catch,0
47good,56,932.9544221191825,0.8478,0.4571,0.8378,0.643,3.1,41.9,0.196,0,clean_catch,0
47good,57,949.614322514168,0.8477,0.4571,0.8376,0.6437,3.1,41.9,0.197,0,clean_catch,0
47good,58,966.2742229091533,0.8476,0.4571,0.8374,0.644,3.1,41.9,0.197,0,clean_catch,0
47good,59,982.9341233041388,0.8474,0.4571,0.8372,0.6439,3.1,41.9,0.197,0,clean_catch,0
47good,60,999.5940236991241,0.8472,0.4571,0.837,0.6439,3.1,41.9,0.197,0,clean_catch,0
47good,61,1016.2539240941095,0.847,0.4571,0.837,0.644,3.1,41.9,0.197,0,clean_catch,0
47good,62,1032.9138244890948,0.8468,0.4571,0.8371,0.6441,3.0,42.0,0.197,0,clean_catch,0
47good,63,1049.5737248840803,0.8466,0.4572,0.8372,0.6441,2.9,42.1,0.196,0,clean_catch,0
47good,64,1066.2336252790658,0.8465,0.4572,0.8373,0.6439,2.8,42.2,0.196,0,clean_catch,0
47good,65,1082.893525674051,0.8464,0.4573,0.8375,0.6436,2.7,42.3,0.195,0,clean_catch,0
47good,66,1099.5534260690365,0.8464,0.4572,0.8376,0.6432,2.7,42.3,0.195,0,clean_catch,0
47good,67,1116.213326464022,0.8464,0.4572,0.8378,0.643,2.6,42.4,0.194,0,clean_catch,0
47good,68,1132.8732268590074,0.8464,0.4571,0.838,0.6429,2.6,42.4,0.194,0,clean_catch,0
47good,69,1149.5331272539927,0.8464,0.4571,0.8382,0.643,2.5,42.5,0.194,0,clean_catch,0
47good,70,1166.1930276489782,0.8464,0.4571,0.8384,0.643,2.5,42.5,0.194,0,clean_catch,0
47good,71,1182.8529280439636,0.8464,0.4571,0.8385,0.6432,2.4,42.6,0.194,0,clean_catch,0
47good,72,1199.5128284389489,0.8463,0.4571,0.8386,0.6435,2.4,42.6,0.194,0,clean_catch,0
47good,73,1216.1727288339343,0.8463,0.4571,0.8385,0.6439,2.4,42.6,0.195,0,clean_catch,0
47good,74,1232.8326292289198,0.8463,0.4571,0.8385,0.6443,2.4,42.6,0.195,0,clean_catch,0
47good,75,1249.492529623905,0.8463,0.4571,0.8384,0.6446,2.4,42.6,0.195,0,clean_catch,0
47good,76,1266.1524300188905,0.8463,0.4571,0.8385,0.6444,2.4,42.6,0.195,0,clean_catch,0
47good,77,1282.812330413876,0.8463,0.457,0.8385,0.6441,2.4,42.6,0.195,0,clean_catch,0
47good,78,1299.4722308088615,0.8464,0.4568,0.8385,0.6438,2.4,42.6,0.195,0,clean_catch,0
47good,79,1316.1321312038467,0.8464,0.4567,0.8386,0.6435,2.4,42.6,0.195,0,clean_catch,0
47good,80,1332.7920315988322,0.8464,0.4566,0.8386,0.6435,2.4,42.6,0.195,0,clean_catch,0
47good,81,1349.4519319938177,0.8464,0.4566,0.8386,0.6437,2.4,42.6,0.195,0,clean_catch,0
47good,82,1366.111832388803,0.8464,0.4566,0.8386,0.6438,2.4,42.6,0.195,0,clean_catch,0
47good,83,1382.7717327837884,0.8464,0.4565,0.8386,0.6439,2.4,42.6,0.195,0,clean_catch,0
47good,84,1399.4316331787738,0.8464,0.4565,0.8386,0.6439,2.4,42.6,0.195,0,clean_catch,0
47good,85,1416.091533573759,0.8464,0.4565,0.8387,0.6437,2.4,42.6,0.195,0,clean_catch,0
47good,86,1432.7514339687445,0.8464,0.4564,0.8387,0.6437,2.4,42.6,0.195,0,clean_catch,0
47good,87,1449.41133436373,0.8464,0.4564,0.8387,0.6437,2.4,42.6,0.195,0,clean_catch,0
47good,88,1466.0712347587155,0.8464,0.4564,0.8388,0.6437,2.3,42.7,0.195,0,clean_catch,0
47good,89,1482.7311351537007,0.8464,0.4563,0.8388,0.6436,2.3,42.7,0.195,0,clean_catch,0
47good,90,1499.3910355486862,0.8464,0.4563,0.8388,0.6435,2.3,42.7,0.195,0,clean_catch,0
47good,91,1516.0509359436717,0.8464,0.4563,0.8388,0.6434,2.3,42.7,0.195,0,clean_catch,0
47good,92,1532.710836338657,0.8464,0.4562,0.8388,0.6434,2.3,42.7,0.195,0,clean_catch,0
47good,93,1549.3707367336424,0.8464,0.4562,0.8388,0.6433,2.3,42.7,0.195,0,clean_catch,0
47good,94,1566.0306371286279,0.8464,0.4562,0.8388,0.6431,2.3,42.7,0.194,0,clean_catch,0
47good,95,1582.690537523613,0.8463,0.4562,0.8389,0.6429,2.3,42.7,0.194,0,clean_catch,0
47good,96,1599.3504379185986,0.8463,0.4562,0.8389,0.6427,2.3,42.7,0.194,0,clean_catch,0
47good,97,1616.010338313584,0.8463,0.4562,0.8389,0.6425,2.3,42.7,0.194,0,clean_catch,0
47good,98,1632.6702387085695,0.8463,0.4562,0.839,0.6424,2.3,42.7,0.193,0,clean_catch,0
47good,99,1649.3301391035548,0.8463,0.4562,0.8391,0.6422,2.2,42.8,0.193,0,clean_catch,0
47good,100,1665.9900394985402,0.8463,0.4562,0.8392,0.642,2.2,42.8,0.193,0,clean_catch,0
47good,101,1682.6499398935257,0.8463,0.4562,0.8393,0.6417,2.2,42.8,0.193,0,clean_catch,0
47good,102,1699.309840288511,0.8463,0.4561,0.8393,0.6415,2.2,42.8,0.192,0,clean_catch,0
47good,103,1715.9697406834964,0.8463,0.456,0.8394,0.6412,2.1,42.9,0.192,0,clean_catch,0
47good,104,1732.6296410784819,0.8463,0.4559,0.8395,0.6413,2.1,42.9,0.192,0,clean_catch,0
47good,105,1749.2895414734671,0.8463,0.4558,0.8395,0.6416,2.1,42.9,0.193,0,clean_catch,0
47good,106,1765.9494418684526,0.8463,0.4558,0.8395,0.6419,2.1,42.9,0.193,0,clean_catch,0
47good,107,1782.609342263438,0.8463,0.4558,0.8395,0.6421,2.1,42.9,0.193,0,clean_catch,0
47good,108,1799.2692426584235,0.8463,0.4557,0.8395,0.6422,2.1,42.9,0.193,0,clean_catch,0
47good,109,1815.9291430534088,0.8463,0.4556,0.8395,0.6422,2.1,42.9,0.193,0,clean_catch,0
47good,110,1832.5890434483942,0.8463,0.4555,0.8395,0.6423,2.1,42.9,0.193,0,clean_catch,0
47good,111,1849.2489438433797,0.8462,0.4555,0.8395,0.6424,2.1,42.9,0.194,0,clean_catch,0
47good,112,1865.908844238365,0.8462,0.4554,0.8396,0.6424,2.1,42.9,0.194,0,clean_catch,0
47good,113,1882.5687446333504,0.8462,0.4554,0.8396,0.6425,2.1,42.9,0.194,0,clean_catch,0
47good,114,1899.228645028336,0.8463,0.4553,0.8395,0.6425,2.1,42.9,0.194,0,clean_catch,0
47good,115,1915.8885454233211,0.8463,0.4553,0.8395,0.6428,2.1,42.9,0.194,0,clean_catch,0
47good,116,1932.5484458183066,0.8463,0.4554,0.8394,0.6434,2.1,42.9,0.195,0,clean_catch,0
47good,117,1949.208346213292,0.8463,0.4554,0.8393,0.644,2.1,42.9,0.196,0,clean_catch,0
47good,118,1965.8682466082776,0.8463,0.4554,0.8392,0.6445,2.2,42.8,0.196,0,clean_catch,0
47good,119,1982.5281470032628,0.8463,0.4554,0.8391,0.6447,2.2,42.8,0.196,0,clean_catch,0
47good,120,1999.1880473982483,0.8462,0.4554,0.839,0.6445,2.2,42.8,0.196,0,clean_catch,0
47good,121,2015.8479477932337,0.8462,0.4555,0.8389,0.6444,2.2,42.8,0.196,0,clean_catch,0
47good,122,2032.507848188219,0.8461,0.4555,0.8389,0.6443,2.2,42.8,0.196,0,clean_catch,0
47good,123,2049.1677485832047,0.8461,0.4555,0.8389,0.6443,2.2,42.8,0.196,0,clean_catch,0
47good,124,2065.8276489781897,0.8461,0.4556,0.8388,0.6443,2.2,42.8,0.196,0,clean_catch,0
47good,125,2082.487549373175,0.846,0.4557,0.8388,0.6443,2.2,42.8,0.196,0,clean_catch,0
47good,126,2099.1474497681606,0.846,0.4557,0.8388,0.6443,2.2,42.8,0.196,0,clean_catch,0
47good,127,2115.807350163146,0.8459,0.4558,0.8388,0.6445,2.2,42.8,0.196,0,clean_catch,0
47good,128,2132.4672505581316,0.8459,0.4559,0.8388,0.6447,2.2,42.8,0.196,0,clean_catch,0
47good,129,2149.127150953117,0.8458,0.4559,0.8388,0.6448,2.1,42.9,0.196,0,clean_catch,0
47good,130,2165.787051348102,0.8458,0.4559,0.8388,0.6447,2.1,42.9,0.196,0,clean_catch,0
47good,131,2182.4469517430875,0.8458,0.456,0.8388,0.6446,2.1,42.9,0.196,0,clean_catch,0
47good,132,2199.106852138073,0.8458,0.456,0.8388,0.6446,2.1,42.9,0.196,0,clean_catch,0
47good,133,2215.7667525330585,0.8457,0.456,0.8388,0.6445,2.1,42.9,0.196,0,clean_catch,0
47good,134,2232.426652928044,0.8457,0.456,0.8388,0.6444,2.1,42.9,0.195,0,clean_catch,0
47good,135,2249.0865533230294,0.8457,0.456,0.8388,0.6442,2.1,42.9,0.195,0,clean_catch,0
47good,136,2265.746453718015,0.8457,0.456,0.8388,0.6441,2.1,42.9,0.195,0,clean_catch,0
47good,137,2282.406354113,0.8457,0.4559,0.8387,0.644,2.1,42.9,0.195,0,clean_catch,0
47good,138,2299.0662545079854,0.8456,0.4559,0.8386,0.6444,2.1,42.9,0.196,0,clean_catch,0
47good,139,2315.726154902971,0.8456,0.4559,0.8384,0.645,2.2,42.8,0.196,0,clean_catch,0
47good,140,2332.3860552979563,0.8455,0.456,0.8383,0.6455,2.2,42.8,0.197,0,clean_catch,0
47good,141,2349.045955692942,0.8455,0.456,0.8381,0.6458,2.2,42.8,0.197,0,clean_catch,0
47good,142,2365.7058560879273,0.8455,0.456,0.8379,0.646,2.3,42.7,0.198,0,clean_catch,0
47good,143,2382.3657564829127,0.8455,0.4559,0.8378,0.6458,2.3,42.7,0.198,0,clean_catch,0
47good,144,2399.0256568778977,0.8455,0.4559,0.8377,0.6457,2.4,42.6,0.198,0,clean_catch,0
47good,145,2415.685557272883,0.8455,0.4559,0.8376,0.6457,2.4,42.6,0.198,0,clean_catch,0
47good,146,2432.3454576678687,0.8455,0.4559,0.8375,0.6456,2.4,42.6,0.198,0,clean_catch,0
47good,147,2449.005358062854,0.8455,0.4559,0.8375,0.6457,2.4,42.6,0.198,0,clean_catch,0
47good,148,2465.6652584578396,0.8455,0.4559,0.8374,0.6458,2.4,42.6,0.198,0,clean_catch,0
47good,149,2482.325158852825,0.8455,0.4559,0.8374,0.6458,2.5,42.5,0.198,0,clean_catch,0
47good,150,2498.98505924781,0.8455,0.4559,0.8375,0.6457,2.4,42.6,0.198,0,clean_catch,0
47good,151,2515.6449596427956,0.8455,0.4559,0.8375,0.6455,2.4,42.6,0.198,0,clean_catch,0
47good,152,2532.304860037781,0.8455,0.4559,0.8375,0.6453,2.4,42.6,0.198,0,clean_catch,0
47good,153,2548.9647604327665,0.8455,0.4559,0.8375,0.6453,2.4,42.6,0.197,0,clean_catch,0
47good,154,2565.624660827752,0.8455,0.4558,0.8374,0.6454,2.4,42.6,0.198,0,clean_catch,0
47good,155,2582.2845612227375,0.8455,0.4558,0.8375,0.6453,2.4,42.6,0.198,0,clean_catch,0
47good,156,2598.944461617723,0.8454,0.4557,0.8375,0.6452,2.4,42.6,0.197,0,clean_catch,0
47good,157,2615.604362012708,0.8453,0.4557,0.8375,0.6449,2.4,42.6,0.197,0,clean_catch,0
47good,158,2632.2642624076934,0.8453,0.4557,0.8375,0.6447,2.3,42.7,0.197,0,clean_catch,0
47good,159,2648.924162802679,0.8453,0.4558,0.8375,0.6447,2.4,42.6,0.197,0,clean_catch,0
47good,160,2665.5840631976644,0.8454,0.4561,0.8374,0.6447,2.4,42.6,0.197,0,clean_catch,0
47good,161,2682.24396359265,0.8456,0.4565,0.8372,0.6447,2.6,42.4,0.197,0,clean_catch,0
47good,162,2698.9038639876353,0.846,0.457,0.8372,0.6447,2.7,42.3,0.197,0,clean_catch,0
47good,163,2715.563764382621,0.8465,0.4574,0.8372,0.6446,2.8,42.2,0.196,0,clean_catch,0
47good,164,2732.223664777606,0.8469,0.4576,0.8373,0.6445,2.9,42.1,0.196,0,clean_catch,0
47good,165,2748.8835651725913,0.8472,0.4576,0.8374,0.6444,3.0,42.0,0.197,0,clean_catch,0
47good,166,2765.5434655675767,0.8475,0.4575,0.8375,0.6445,3.0,42.0,0.197,0,clean_catch,0
47good,167,2782.203365962562,0.8476,0.4573,0.8377,0.6445,3.1,41.9,0.197,0,clean_catch,0
47good,168,2798.8632663575477,0.8478,0.4571,0.8379,0.6445,3.0,42.0,0.197,0,clean_catch,0
47good,169,2815.523166752533,0.8479,0.4569,0.838,0.6443,3.0,42.0,0.197,0,clean_catch,0
47good,170,2832.183067147518,0.8479,0.4569,0.8381,0.6442,3.0,42.0,0.197,0,clean_catch,0
47good,171,2848.8429675425036,0.8479,0.4568,0.8381,0.6441,3.0,42.0,0.197,0,clean_catch,0
47good,172,2865.502867937489,0.8478,0.4569,0.8381,0.6439,3.0,42.0,0.197,0,clean_catch,0
47good,173,2882.1627683324746,0.8478,0.4569,0.8381,0.6437,3.0,42.0,0.197,0,clean_catch,0
47good,174,2898.82266872746,0.8478,0.4569,0.8382,0.6433,3.0,42.0,0.196,0,clean_catch,0
47good,175,2915.4825691224455,0.8478,0.4569,0.8382,0.6431,2.9,42.1,0.196,0,clean_catch,0
47good,176,2932.142469517431,0.8477,0.4568,0.8381,0.643,3.0,42.0,0.196,0,clean_catch,0
47good,177,2948.802369912416,0.8478,0.4568,0.8379,0.6432,3.0,42.0,0.196,0,clean_catch,0
47good,178,2965.4622703074015,0.8478,0.4568,0.8377,0.6433,3.1,41.9,0.197,0,clean_catch,0
47good,179,2982.122170702387,0.8478,0.4568,0.8376,0.6433,3.2,41.8,0.197,0,clean_catch,0
47good,180,2998.7820710973724,0.8479,0.4568,0.8376,0.643,3.2,41.8,0.197,0,clean_catch,0
47good,181,3015.441971492358,0.848,0.4568,0.8376,0.6428,3.2,41.8,0.196,0,clean_catch,0
47good,182,3032.1018718873433,0.848,0.4569,0.8376,0.6428,3.2,41.8,0.196,0,clean_catch,0
47good,183,3048.761772282329,0.8481,0.4569,0.8374,0.6429,3.3,41.7,0.197,0,clean_catch,0
47good,184,3065.421672677314,0.8481,0.4569,0.8372,0.6432,3.4,41.6,0.197,0,clean_catch,0
47good,185,3082.0815730722993,0.8482,0.457,0.8369,0.6436,3.5,41.5,0.198,0,clean_catch,0
47good,186,3098.741473467285,0.8482,0.457,0.8366,0.6439,3.6,41.4,0.198,0,clean_catch,0
47good,187,3115.4013738622702,0.8482,0.457,0.8364,0.6438,3.6,41.4,0.199,0,clean_catch,0
47good,188,3132.0612742572557,0.8482,0.4571,0.8364,0.6434,3.6,41.4,0.198,0,clean_catch,0
47good,189,3148.721174652241,0.8482,0.4571,0.8365,0.6428,3.6,41.4,0.197,0,clean_catch,0
47good,190,3165.381075047226,0.8482,0.4572,0.8367,0.6423,3.6,41.4,0.197,0,clean_catch,0
47good,191,3182.0409754422117,0.8482,0.4573,0.8368,0.642,3.6,41.4,0.196,0,clean_catch,0
47good,192,3198.700875837197,0.8482,0.4573,0.8368,0.6421,3.5,41.5,0.196,0,clean_catch,0
47good,193,3215.3607762321826,0.8483,0.4574,0.8368,0.6422,3.5,41.5,0.196,0,clean_catch,0
47good,194,3232.020676627168,0.8483,0.4574,0.8368,0.6424,3.6,41.4,0.196,0,clean_catch,0
47good,195,3248.6805770221536,0.8483,0.4575,0.8367,0.6423,3.6,41.4,0.196,0,clean_catch,0
47good,196,3265.340477417139,0.8483,0.4575,0.8367,0.6419,3.6,41.4,0.196,0,clean_catch,0
47good,197,3282.000377812124,0.8483,0.4575,0.8369,0.6412,3.6,41.4,0.195,0,clean_catch,0
47good,198,3298.6602782071095,0.8483,0.4576,0.8372,0.6404,3.5,41.5,0.194,0,clean_catch,0
47good,199,3315.320178602095,0.8483,0.4576,0.8375,0.6397,3.4,41.6,0.193,0,clean_catch,0
47good,200,3331.9800789970805,0.8483,0.4577,0.8378,0.6393,3.3,41.7,0.192,0,clean_catch,0
47good,201,3348.639979392066,0.8483,0.4577,0.838,0.6391,3.3,41.7,0.192,0,clean_catch,0
47good,202,3365.2998797870514,0.8484,0.4577,0.8381,0.639,3.2,41.8,0.191,0,clean_catch,0
47good,203,3381.959780182037,0.8484,0.4578,0.8383,0.6389,3.2,41.8,0.191,0,clean_catch,0
47good,204,3398.619680577022,0.8484,0.4578,0.8383,0.6391,3.2,41.8,0.191,0,clean_catch,0
47good,205,3415.2795809720074,0.8484,0.4578,0.8384,0.6391,3.2,41.8,0.191,0,clean_catch,0
47good,206,3431.939481366993,0.8484,0.4579,0.8386,0.6389,3.1,41.9,0.191,0,clean_catch,0
47good,207,3448.5993817619783,0.8484,0.4579,0.8387,0.6387,3.1,41.9,0.19,0,clean_catch,0
47good,208,3465.2592821569638,0.8484,0.458,0.8389,0.6384,3.0,42.0,0.19,0,clean_catch,0
47good,209,3481.9191825519492,0.8485,0.4581,0.839,0.6382,3.0,42.0,0.19,0,clean_catch,0
47good,210,3498.5790829469342,0.8485,0.4581,0.839,0.6382,3.0,42.0,0.19,0,clean_catch,0
47good,211,3515.2389833419197,0.8485,0.4581,0.839,0.6381,3.0,42.0,0.19,0,clean_catch,0
47good,212,3531.898883736905,0.8486,0.4581,0.8391,0.638,3.0,42.0,0.189,0,clean_catch,0
47good,213,3548.5587841318907,0.8486,0.4581,0.8391,0.638,3.0,42.0,0.189,0,clean_catch,0
47good,214,3565.218684526876,0.8487,0.4582,0.8391,0.6379,3.0,42.0,0.189,0,clean_catch,0
47good,215,3581.8785849218616,0.8487,0.4582,0.8392,0.6379,3.0,42.0,0.189,0,clean_catch,0
47good,216,3598.538485316847,0.8488,0.4582,0.8392,0.6379,3.0,42.0,0.189,0,clean_catch,0
47good,217,3615.198385711832,0.8488,0.4583,0.8393,0.6379,3.0,42.0,0.189,0,clean_catch,0
47good,218,3631.8582861068176,0.8488,0.4583,0.8394,0.6379,3.0,42.0,0.189,0,clean_catch,0
47good,219,3648.518186501803,0.8488,0.4583,0.8394,0.6381,3.0,42.0,0.189,0,clean_catch,0
47good,220,3665.1780868967885,0.8488,0.4583,0.8393,0.6383,3.0,42.0,0.19,0,clean_catch,0
47good,221,3681.837987291774,0.8489,0.4583,0.8393,0.6387,3.0,42.0,0.19,0,clean_catch,0
47good,222,3698.4978876867594,0.8489,0.4583,0.8393,0.6389,3.0,42.0,0.19,0,clean_catch,0
47good,223,3715.157788081745,0.8489,0.4583,0.8394,0.639,3.0,42.0,0.19,0,clean_catch,0
47good,224,3731.81768847673,0.849,0.4584,0.8395,0.6389,3.0,42.0,0.19,0,clean_catch,0
47good,225,3748.4775888717154,0.849,0.4584,0.8397,0.639,3.0,42.0,0.19,0,clean_catch,0
47good,226,3765.137489266701,0.8491,0.4584,0.8398,0.6389,3.0,42.0,0.19,0,clean_catch,0
47good,227,3781.7973896616863,0.8491,0.4584,0.8398,0.6388,2.9,42.1,0.19,0,clean_catch,0
47good,228,3798.457290056672,0.8491,0.4584,0.8398,0.6385,3.0,42.0,0.189,0,clean_catch,0
47good,229,3815.1171904516573,0.8491,0.4584,0.8399,0.6383,2.9,42.1,0.189,0,clean_catch,0
47good,230,3831.7770908466423,0.8491,0.4584,0.8399,0.6381,2.9,42.1,0.189,0,clean_catch,0
47good,231,3848.4369912416278,0.8491,0.4585,0.8399,0.6381,2.9,42.1,0.189,0,clean_catch,0
47good,232,3865.0968916366132,0.8491,0.4586,0.8399,0.638,3.0,42.0,0.189,0,clean_catch,0
47good,233,3881.7567920315987,0.8491,0.4586,0.8398,0.638,3.0,42.0,0.189,0,clean_catch,0
47good,234,3898.416692426584,0.8491,0.4587,0.8398,0.638,3.0,42.0,0.189,0,clean_catch,0
47good,235,3915.0765928215696,0.8491,0.4588,0.8398,0.6381,3.0,42.0,0.189,0,clean_catch,0
47good,236,3931.736493216555,0.8491,0.4588,0.8398,0.638,3.0,42.0,0.189,0,clean_catch,0
47good,237,3948.39639361154,0.8491,0.4588,0.84,0.6379,2.9,42.1,0.188,0,clean_catch,0
47good,238,3965.0562940065256,0.8491,0.4588,0.8401,0.6377,2.9,42.1,0.188,0,clean_catch,0
47good,239,3981.716194401511,0.8492,0.4588,0.8402,0.6375,2.9,42.1,0.188,0,clean_catch,0
47good,240,3998.3760947964965,0.8492,0.4588,0.8402,0.6374,2.9,42.1,0.188,0,clean_catch,0
47good,241,4015.035995191482,0.8493,0.4588,0.8403,0.6374,2.9,42.1,0.188,0,clean_catch,0
47good,242,4031.6958955864675,0.8493,0.4588,0.8402,0.6374,2.9,42.1,0.188,0,clean_catch,0
47good,243,4048.355795981453,0.8493,0.4588,0.8402,0.6374,2.9,42.1,0.188,0,clean_catch,0
47good,244,4065.015696376438,0.8494,0.4588,0.8401,0.6374,3.0,42.0,0.188,0,clean_catch,0
47good,245,4081.6755967714234,0.8494,0.4588,0.84,0.6374,3.0,42.0,0.188,0,clean_catch,0
47good,246,4098.335497166409,0.8494,0.4588,0.8399,0.6374,3.0,42.0,0.188,0,clean_catch,0
47good,247,4114.995397561394,0.8494,0.4589,0.8398,0.6375,3.1,41.9,0.188,0,clean_catch,0
47good,248,4131.655297956379,0.8494,0.4589,0.8398,0.6376,3.1,41.9,0.188,0,clean_catch,0
47good,249,4148.315198351365,0.8494,0.4588,0.8397,0.6376,3.1,41.9,0.188,0,clean_catch,0
47good,250,4164.97509874635,0.8494,0.4588,0.8397,0.6377,3.1,41.9,0.189,0,clean_catch,0
47good,251,4181.634999141336,0.8494,0.4587,0.8397,0.6377,3.1,41.9,0.189,0,clean_catch,0
47good,252,4198.294899536321,0.8494,0.4587,0.8397,0.6377,3.1,41.9,0.189,0,clean_catch,0
47good,253,4214.954799931307,0.8494,0.4586,0.8397,0.6376,3.1,41.9,0.189,0,clean_catch,0
47good,254,4231.614700326292,0.8494,0.4585,0.8396,0.6374,3.1,41.9,0.189,0,clean_catch,0
47good,255,4248.274600721277,0.8494,0.4584,0.8396,0.6373,3.2,41.8,0.189,0,clean_catch,0
47good,256,4264.934501116263,0.8494,0.4583,0.8395,0.6373,3.2,41.8,0.189,0,clean_catch,0
47good,257,4281.594401511248,0.8494,0.4583,0.8394,0.6375,3.2,41.8,0.189,0,clean_catch,0
47good,258,4298.254301906234,0.8494,0.4583,0.8394,0.6378,3.2,41.8,0.19,0,clean_catch,0
47good,259,4314.914202301219,0.8494,0.4583,0.8394,0.638,3.2,41.8,0.19,0,clean_catch,0
47good,260,4331.574102696204,0.8493,0.4582,0.8394,0.638,3.2,41.8,0.19,0,clean_catch,0
47good,261,4348.23400309119,0.8493,0.4582,0.8395,0.638,3.1,41.9,0.19,0,clean_catch,0
47good,262,4364.893903486175,0.8493,0.4581,0.8396,0.638,3.1,41.9,0.19,0,clean_catch,0
47good,263,4381.553803881161,0.8493,0.4581,0.8396,0.638,3.1,41.9,0.19,0,clean_catch,0
47good,264,4398.213704276146,0.8493,0.4581,0.8396,0.638,3.1,41.9,0.19,0,clean_catch,0
47good,265,4414.873604671132,0.8493,0.4581,0.8396,0.638,3.1,41.9,0.19,0,clean_catch,0
47good,266,4431.533505066117,0.8493,0.4581,0.8396,0.638,3.1,41.9,0.19,0,clean_catch,0
47good,267,4448.193405461102,0.8493,0.458,0.8396,0.6381,3.1,41.9,0.19,0,clean_catch,0
47good,268,4464.853305856088,0.8492,0.458,0.8397,0.6381,3.1,41.9,0.19,0,clean_catch,0
47good,269,4481.513206251073,0.8492,0.4579,0.8397,0.6381,3.0,42.0,0.19,0,clean_catch,0
47good,270,4498.173106646059,0.8492,0.4579,0.8397,0.6382,3.0,42.0,0.19,0,clean_catch,0
47good,271,4514.833007041044,0.8492,0.4578,0.8397,0.6382,3.0,42.0,0.19,0,clean_catch,0
47good,272,4531.49290743603,0.8492,0.4578,0.8398,0.6383,3.0,42.0,0.19,0,clean_catch,0
47good,273,4548.152807831015,0.8492,0.4578,0.8398,0.6383,3.0,42.0,0.19,0,clean_catch,0
47good,274,4564.812708226,0.8492,0.4578,0.8398,0.6382,3.0,42.0,0.19,0,clean_catch,0
47good,275,4581.472608620986,0.8492,0.4578,0.8398,0.638,3.0,42.0,0.19,0,clean_catch,0
47good,276,4598.132509015971,0.8492,0.4578,0.8398,0.6378,3.0,42.0,0.189,0,clean_catch,0
47good,277,4614.792409410957,0.8492,0.4577,0.8398,0.6376,3.0,42.0,0.189,0,clean_catch,0
47good,278,4631.452309805942,0.8491,0.4577,0.8398,0.6375,3.0,42.0,0.189,0,clean_catch,0
47good,279,4648.112210200928,0.8491,0.4577,0.8398,0.6375,3.0,42.0,0.189,0,clean_catch,0
47good,280,4664.772110595913,0.8491,0.4577,0.8398,0.6375,3.0,42.0,0.189,0,clean_catch,0
47good,281,4681.432010990898,0.8491,0.4577,0.8397,0.6377,3.0,42.0,0.189,0,clean_catch,0
47good,282,4698.091911385884,0.8491,0.4577,0.8397,0.6377,3.0,42.0,0.189,0,clean_catch,0
47good,283,4714.751811780869,0.8491,0.4577,0.8397,0.6376,3.0,42.0,0.189,0,clean_catch,0
47good,284,4731.4117121758545,0.8491,0.4577,0.8397,0.6375,3.0,42.0,0.189,0,clean_catch,0
47good,285,4748.0716125708395,0.8491,0.4576,0.8398,0.6373,3.0,42.0,0.189,0,clean_catch,0
47good,286,4764.7315129658255,0.8491,0.4576,0.8398,0.6372,3.0,42.0,0.189,0,clean_catch,0
47good,287,4781.3914133608105,0.8491,0.4575,0.8398,0.6372,3.0,42.0,0.189,0,clean_catch,0
47good,288,4798.0513137557955,0.8491,0.4575,0.8398,0.6373,3.0,42.0,0.189,0,clean_catch,0
47good,289,4814.711214150781,0.8491,0.4575,0.8398,0.6375,3.0,42.0,0.189,0,clean_catch,0
47good,290,4831.371114545766,0.8491,0.4575,0.8398,0.6377,3.0,42.0,0.19,0,clean_catch,0
47good,291,4848.031014940752,0.8491,0.4575,0.8397,0.6379,3.0,42.0,0.19,0,clean_catch,0
47good,292,4864.690915335737,0.8491,0.4575,0.8396,0.6382,3.0,42.0,0.19,0,clean_catch,0
47good,293,4881.350815730722,0.8491,0.4576,0.8396,0.6385,3.0,42.0,0.19,0,clean_catch,0
47good,294,4898.010716125708,0.8491,0.4576,0.8396,0.6387,3.0,42.0,0.191,0,clean_catch,0
47good,295,4914.670616520693,0.8491,0.4576,0.8396,0.6387,3.0,42.0,0.191,0,clean_catch,0
47good,296,4931.330516915679,0.8491,0.4577,0.8397,0.6386,3.0,42.0,0.19,0,clean_catch,0
47good,297,4947.990417310664,0.8491,0.4577,0.8397,0.6386,3.0,42.0,0.19,0,clean_catch,0
47good,298,4964.65031770565,0.8491,0.4577,0.8397,0.6386,3.0,42.0,0.19,0,clean_catch,0
47good,299,4981.310218100635,0.8491,0.4579,0.8398,0.6386,3.0,42.0,0.19,0,clean_catch,0
47good,300,4997.97011849562,0.8491,0.458,0.8399,0.6385,2.9,42.1,0.19,0,clean_catch,0
47good,301,5014.630018890606,0.8491,0.458,0.84,0.6382,2.9,42.1,0.189,0,clean_catch,0
47good,302,5031.289919285591,0.8492,0.4581,0.8401,0.638,2.9,42.1,0.189,0,clean_catch,0
47good,303,5047.949819680577,0.8492,0.4581,0.8401,0.6377,2.9,42.1,0.189,0,clean_catch,0
47good,304,5064.609720075562,0.8492,0.458,0.8401,0.6375,2.9,42.1,0.189,0,clean_catch,0
47good,305,5081.269620470548,0.8492,0.458,0.8401,0.6374,2.9,42.1,0.188,0,clean_catch,0
47good,306,5097.929520865533,0.8492,0.458,0.8401,0.6373,2.9,42.1,0.188,0,clean_catch,0
47good,307,5114.589421260518,0.8492,0.458,0.8402,0.6373,2.9,42.1,0.188,0,clean_catch,0
47good,308,5131.249321655504,0.8491,0.4581,0.8402,0.6372,2.9,42.1,0.188,0,clean_catch,0
47good,309,5147.909222050489,0.8491,0.4581,0.8403,0.6372,2.8,42.2,0.188,0,clean_catch,0
47good,310,5164.569122445475,0.8491,0.4581,0.8403,0.6372,2.8,42.2,0.188,0,clean_catch,0
47good,311,5181.22902284046,0.8491,0.4581,0.8403,0.6371,2.8,42.2,0.188,0,clean_catch,0
47good,312,5197.888923235446,0.8491,0.4581,0.8403,0.6372,2.8,42.2,0.188,0,clean_catch,0
47good,313,5214.548823630431,0.8491,0.4581,0.8403,0.6372,2.8,42.2,0.188,0,clean_catch,0
47good,314,5231.208724025416,0.8491,0.4581,0.8402,0.6373,2.9,42.1,0.188,0,clean_catch,0
47good,315,5247.868624420402,0.8491,0.4581,0.8401,0.6374,2.9,42.1,0.188,0,clean_catch,0
47good,316,5264.528524815387,0.8491,0.4581,0.8401,0.6374,2.9,42.1,0.188,0,clean_catch,0
47good,317,5281.188425210373,0.8491,0.4581,0.8402,0.6372,2.9,42.1,0.188,0,clean_catch,0
47good,318,5297.848325605358,0.8491,0.4581,0.8401,0.6369,2.9,42.1,0.188,0,clean_catch,0
47good,319,5314.508226000344,0.8491,0.4581,0.8401,0.6367,2.9,42.1,0.188,0,clean_catch,0
47good,320,5331.168126395329,0.8491,0.4581,0.8402,0.6365,2.9,42.1,0.187,0,clean_catch,0
47good,321,5347.828026790314,0.8491,0.4582,0.8402,0.6365,2.9,42.1,0.187,0,clean_catch,0
47good,322,5364.4879271853,0.8491,0.4582,0.8402,0.6366,2.9,42.1,0.187,0,clean_catch,0
47good,323,5381.147827580285,0.8491,0.4581,0.8402,0.6366,2.9,42.1,0.187,0,clean_catch,0
47good,324,5397.807727975271,0.8491,0.4581,0.8402,0.6367,2.9,42.1,0.187,0,clean_catch,0
47good,325,5414.467628370256,0.8491,0.4581,0.8402,0.6367,2.9,42.1,0.187,0,clean_catch,0
47good,326,5431.127528765242,0.8491,0.4581,0.8401,0.6367,2.9,42.1,0.188,0,clean_catch,0
47good,327,5447.787429160227,0.8491,0.4581,0.8401,0.6369,2.9,42.1,0.188,0,clean_catch,0
47good,328,5464.447329555212,0.8491,0.4581,0.84,0.6371,2.9,42.1,0.188,0,clean_catch,0
47good,329,5481.1072299501975,0.8491,0.4581,0.84,0.6373,2.9,42.1,0.188,0,clean_catch,0
47good,330,5497.7671303451825,0.8491,0.4582,0.84,0.6375,2.9,42.1,0.188,0,clean_catch,0
47good,331,5514.427030740168,0.8491,0.4581,0.84,0.6374,2.9,42.1,0.188,0,clean_catch,0
47good,332,5531.0869311351535,0.8491,0.4581,0.84,0.6374,2.9,42.1,0.188,0,clean_catch,0
47good,333,5547.7468315301385,0.8491,0.4581,0.84,0.6374,2.9,42.1,0.188,0,clean_catch,0
47good,334,5564.406731925124,0.8492,0.4581,0.8399,0.6373,3.0,42.0,0.188,0,clean_catch,0
47good,335,5581.066632320109,0.8492,0.4581,0.8398,0.6372,3.0,42.0,0.188,0,clean_catch,0
47good,336,5597.726532715095,0.8492,0.4581,0.8398,0.6371,3.0,42.0,0.188,0,clean_catch,0
47good,337,5614.38643311008,0.8492,0.4581,0.8398,0.637,3.0,42.0,0.188,0,clean_catch,0
47good,338,5631.046333505066,0.8492,0.4581,0.8397,0.637,3.0,42.0,0.188,0,clean_catch,0
47good,339,5647.706233900051,0.8492,0.4581,0.8397,0.637,3.1,41.9,0.188,0,clean_catch,0
47good,340,5664.366134295036,0.8492,0.4581,0.8397,0.6368,3.1,41.9,0.188,0,clean_catch,0
47good,341,5681.026034690022,0.8493,0.4581,0.8397,0.6366,3.1,41.9,0.188,0,clean_catch,0
47good,342,5697.685935085007,0.8493,0.4581,0.8397,0.6366,3.1,41.9,0.188,0,clean_catch,0
47good,343,5714.345835479993,0.8493,0.4581,0.8397,0.6367,3.1,41.9,0.188,0,clean_catch,0
47good,344,5731.005735874978,0.8493,0.4581,0.8397,0.6369,3.1,41.9,0.188,0,clean_catch,0
47good,345,5747.665636269964,0.8493,0.4581,0.8396,0.6372,3.1,41.9,0.189,0,clean_catch,0
47good,346,5764.325536664949,0.8493,0.4581,0.8396,0.6374,3.1,41.9,0.189,0,clean_catch,0
47good,347,5780.985437059934,0.8493,0.4582,0.8396,0.6376,3.1,41.9,0.189,0,clean_catch,0
47good,348,5797.64533745492,0.8493,0.4582,0.8395,0.6379,3.1,41.9,0.19,0,clean_catch,0
47good,349,5814.305237849905,0.8493,0.4582,0.8395,0.6381,3.1,41.9,0.19,0,clean_catch,0
47good,350,5830.965138244891,0.8494,0.4582,0.8395,0.6382,3.1,41.9,0.19,0,clean_catch,0
47good,351,5847.625038639876,0.8494,0.4582,0.8395,0.6382,3.1,41.9,0.19,0,clean_catch,0
47good,352,5864.284939034862,0.8494,0.4582,0.8396,0.6381,3.1,41.9,0.19,0,clean_catch,0
47good,353,5880.944839429847,0.8494,0.4582,0.8396,0.638,3.1,41.9,0.19,0,clean_catch,0
47good,354,5897.604739824832,0.8494,0.4582,0.8396,0.638,3.1,41.9,0.19,0,clean_catch,0
47good,355,5914.264640219818,0.8494,0.4582,0.8397,0.6379,3.1,41.9,0.189,0,clean_catch,0
47good,356,5930.924540614803,0.8495,0.4582,0.8397,0.6377,3.1,41.9,0.189,0,clean_catch,0
47good,357,5947.584441009789,0.8495,0.4582,0.8398,0.6375,3.1,41.9,0.189,0,clean_catch,0
47good,358,5964.244341404774,0.8495,0.4582,0.8398,0.6373,3.1,41.9,0.189,0,clean_catch,0
47good,359,5980.90424179976,0.8495,0.4582,0.8398,0.6371,3.1,41.9,0.189,0,clean_catch,0
47good,360,5997.564142194745,0.8495,0.4582,0.8398,0.6371,3.1,41.9,0.189,0,clean_catch,0
47good,361,6014.22404258973,0.8495,0.4582,0.8399,0.6372,3.1,41.9,0.189,0,clean_catch,0
47good,362,6030.883942984716,0.8495,0.4582,0.8398,0.6373,3.1,41.9,0.189,0,clean_catch,0
47good,363,6047.543843379701,0.8495,0.4582,0.8397,0.6374,3.1,41.9,0.189,0,clean_catch,0
47good,364,6064.203743774687,0.8495,0.4581,0.8396,0.6375,3.2,41.8,0.189,0,clean_catch,0
47good,365,6080.863644169672,0.8495,0.4581,0.8395,0.6375,3.2,41.8,0.189,0,clean_catch,0
47good,366,6097.523544564658,0.8495,0.4581,0.8395,0.6374,3.2,41.8,0.189,0,clean_catch,0
47good,367,6114.183444959643,0.8495,0.4581,0.8396,0.6372,3.2,41.8,0.189,0,clean_catch,0
47good,368,6130.843345354628,0.8495,0.458,0.8396,0.6369,3.2,41.8,0.189,0,clean_catch,0
47good,369,6147.503245749614,0.8495,0.458,0.8396,0.6367,3.2,41.8,0.189,0,clean_catch,0
47good,370,6164.163146144599,0.8495,0.458,0.8395,0.6366,3.2,41.8,0.189,0,clean_catch,0
47good,371,6180.8230465395845,0.8495,0.458,0.8395,0.6366,3.2,41.8,0.189,0,clean_catch,0
47good,372,6197.48294693457,0.8495,0.458,0.8394,0.6368,3.2,41.8,0.189,0,clean_catch,0
47good,373,6214.142847329555,0.8495,0.458,0.8395,0.637,3.2,41.8,0.189,0,clean_catch,0
47good,374,6230.8027477245405,0.8494,0.458,0.8395,0.6371,3.2,41.8,0.189,0,clean_catch,0
47good,375,6247.4626481195255,0.8494,0.458,0.8394,0.6371,3.2,41.8,0.189,0,clean_catch,0
47good,376,6264.122548514511,0.8494,0.458,0.8394,0.6369,3.2,41.8,0.189,0,clean_catch,0
47good,377,6280.782448909496,0.8494,0.458,0.8394,0.6368,3.2,41.8,0.189,0,clean_catch,0
47good,378,6297.442349304482,0.8494,0.458,0.8393,0.6369,3.2,41.8,0.189,0,clean_catch,0
47good,379,6314.102249699467,0.8494,0.4581,0.8394,0.637,3.2,41.8,0.189,0,clean_catch,0
47good,380,6330.762150094452,0.8494,0.4581,0.8394,0.6369,3.2,41.8,0.189,0,clean_catch,0
47good,381,6347.422050489438,0.8494,0.4581,0.8393,0.637,3.2,41.8,0.189,0,clean_catch,0
47good,382,6364.081950884423,0.8493,0.4581,0.8393,0.6371,3.2,41.8,0.189,0,clean_catch,0
47good,383,6380.741851279409,0.8493,0.4582,0.8392,0.6371,3.3,41.7,0.189,0,clean_catch,0
47good,384,6397.401751674394,0.8493,0.4582,0.8391,0.6371,3.3,41.7,0.189,0,clean_catch,0
47good,385,6414.06165206938,0.8493,0.4581,0.8391,0.6372,3.3,41.7,0.189,0,clean_catch,0
47good,386,6430.721552464365,0.8493,0.4581,0.8391,0.6371,3.3,41.7,0.189,0,clean_catch,0
47good,387,6447.38145285935,0.8493,0.4581,0.8391,0.6372,3.3,41.7,0.189,0,clean_catch,0
47good,388,6464.041353254336,0.8493,0.4581,0.8391,0.6371,3.2,41.8,0.189,0,clean_catch,0
47good,389,6480.701253649321,0.8493,0.4581,0.8391,0.6371,3.2,41.8,0.189,0,clean_catch,0
47good,390,6497.361154044307,0.8492,0.4581,0.8392,0.6371,3.2,41.8,0.189,0,clean_catch,0
47good,391,6514.021054439292,0.8492,0.4581,0.8392,0.6372,3.2,41.8,0.189,0,clean_catch,0
47good,392,6530.680954834278,0.8492,0.4581,0.8392,0.6372,3.2,41.8,0.189,0,clean_catch,0
47good,393,6547.340855229263,0.8492,0.4581,0.8393,0.6371,3.2,41.8,0.189,0,clean_catch,0
47good,394,6564.000755624248,0.8491,0.4581,0.8394,0.637,3.1,41.9,0.189,0,clean_catch,0
47good,395,6580.660656019234,0.8491,0.4581,0.8394,0.6371,3.1,41.9,0.189,0,clean_catch,0
47good,396,6597.320556414219,0.8491,0.4581,0.8394,0.6372,3.1,41.9,0.189,0,clean_catch,0
47good,397,6613.980456809205,0.8491,0.4581,0.8394,0.6374,3.1,41.9,0.189,0,clean_catch,0
47good,398,6630.64035720419,0.8491,0.4581,0.8394,0.6376,3.1,41.9,0.189,0,clean_catch,0
47good,399,6647.300257599176,0.8491,0.4581,0.8395,0.6377,3.1,41.9,0.189,0,clean_catch,0
47good,400,6663.960157994161,0.8491,0.4581,0.8396,0.6376,3.0,42.0,0.189,0,clean_catch,0
47good,401,6680.620058389146,0.8491,0.4581,0.8397,0.6376,3.0,42.0,0.189,0,clean_catch,0
47good,402,6697.279958784132,0.8491,0.458,0.8398,0.6376,3.0,42.0,0.189,0,clean_catch,0
47good,403,6713.939859179117,0.8491,0.458,0.8399,0.6376,2.9,42.1,0.189,0,clean_catch,0
47good,404,6730.599759574103,0.8491,0.458,0.8399,0.6377,2.9,42.1,0.189,0,clean_catch,0
47good,405,6747.259659969088,0.8491,0.4581,0.8399,0.6377,2.9,42.1,0.189,0,clean_catch,0
47good,406,6763.919560364074,0.8491,0.4581,0.8399,0.6375,2.9,42.1,0.189,0,clean_catch,0
47good,407,6780.579460759059,0.8491,0.4581,0.8398,0.6373,3.0,42.0,0.188,0,clean_catch,0
47good,408,6797.239361154044,0.8491,0.4581,0.8398,0.6372,3.0,42.0,0.188,0,clean_catch,0
47good,409,6813.89926154903,0.849,0.4581,0.8398,0.6371,3.0,42.0,0.188,0,clean_catch,0
47good,410,6830.559161944015,0.849,0.4582,0.8398,0.6371,2.9,42.1,0.188,0,clean_catch,0
47good,411,6847.219062339001,0.849,0.4582,0.8399,0.6372,2.9,42.1,0.188,0,clean_catch,0
47good,412,6863.878962733986,0.849,0.4582,0.8398,0.6371,2.9,42.1,0.188,0,clean_catch,0
47good,413,6880.538863128971,0.849,0.4582,0.8398,0.6371,3.0,42.0,0.188,0,clean_catch,0
47good,414,6897.198763523957,0.849,0.4582,0.8398,0.637,3.0,42.0,0.188,0,clean_catch,0
47good,415,6913.858663918942,0.849,0.4582,0.8398,0.6369,3.0,42.0,0.188,0,clean_catch,0
47good,416,6930.5185643139275,0.849,0.4582,0.8398,0.6367,3.0,42.0,0.188,0,clean_catch,0
47good,417,6947.1784647089125,0.849,0.4582,0.8399,0.6366,2.9,42.1,0.187,0,clean_catch,0
47good,418,6963.8383651038985,0.849,0.4582,0.8399,0.6367,2.9,42.1,0.188,0,clean_catch,0
47good,419,6980.4982654988835,0.849,0.4582,0.8398,0.637,2.9,42.1,0.188,0,clean_catch,0
47good,420,6997.1581658938685,0.849,0.4583,0.8398,0.6375,3.0,42.0,0.188,0,clean_catch,0
47good,421,7013.818066288854,0.849,0.4583,0.8397,0.6379,3.0,42.0,0.189,0,clean_catch,0
47good,422,7030.477966683839,0.849,0.4583,0.8397,0.6382,3.0,42.0,0.189,0,clean_catch,0
47good,423,7047.137867078825,0.849,0.4584,0.8397,0.6382,3.0,42.0,0.189,0,clean_catch,0
47good,424,7063.79776747381,0.849,0.4584,0.8397,0.6381,3.0,42.0,0.189,0,clean_catch,0
47good,425,7080.457667868796,0.849,0.4584,0.8397,0.6379,3.0,42.0,0.189,0,clean_catch,0
47good,426,7097.117568263781,0.849,0.4584,0.8397,0.6377,3.0,42.0,0.189,0,clean_catch,0
47good,427,7113.777468658766,0.849,0.4584,0.8397,0.6377,3.0,42.0,0.189,0,clean_catch,0
47good,428,7130.437369053752,0.849,0.4583,0.8396,0.6377,3.0,42.0,0.189,0,clean_catch,0
47good,429,7147.097269448737,0.849,0.4583,0.8396,0.6377,3.0,42.0,0.189,0,clean_catch,0
47good,430,7163.757169843723,0.849,0.4583,0.8395,0.6378,3.0,42.0,0.189,0,clean_catch,0
47good,431,7180.417070238708,0.8489,0.4584,0.8395,0.6377,3.0,42.0,0.189,0,clean_catch,0
47good,432,7197.076970633694,0.8489,0.4584,0.8394,0.6378,3.0,42.0,0.189,0,clean_catch,0
47good,433,7213.736871028679,0.8489,0.4584,0.8394,0.6378,3.0,42.0,0.189,0,clean_catch,0
47good,434,7230.396771423664,0.8488,0.4584,0.8393,0.6378,3.0,42.0,0.189,0,clean_catch,0
47good,435,7247.05667181865,0.8488,0.4584,0.8393,0.6377,3.0,42.0,0.189,0,clean_catch,0
47good,436,7263.716572213635,0.8488,0.4584,0.8393,0.6376,3.0,42.0,0.189,0,clean_catch,0
47good,437,7280.376472608621,0.8488,0.4584,0.8393,0.6375,3.0,42.0,0.189,0,clean_catch,0
47good,438,7297.036373003606,0.8487,0.4584,0.8393,0.6375,3.0,42.0,0.188,0,clean_catch,0
47good,439,7313.696273398592,0.8487,0.4584,0.8392,0.6374,3.0,42.0,0.189,0,clean_catch,0
47good,440,7330.356173793577,0.8486,0.4582,0.8392,0.6373,3.0,42.0,0.189,0,clean_catch,0
47good,441,7347.016074188562,0.8486,0.458,0.8392,0.637,3.0,42.0,0.188,0,clean_catch,0
47good,442,7363.675974583548,0.8486,0.4578,0.8392,0.6366,3.0,42.0,0.188,0,clean_catch,0
47good,443,7380.335874978533,0.8486,0.4577,0.8393,0.6361,3.0,42.0,0.188,0,clean_catch,0
47good,444,7396.995775373519,0.8487,0.4576,0.8394,0.6358,3.0,42.0,0.187,0,clean_catch,0
47good,445,7413.655675768504,0.8487,0.4576,0.8394,0.6358,3.0,42.0,0.187,0,clean_catch,0
47good,446,7430.31557616349,0.8487,0.4575,0.8395,0.6357,3.0,42.0,0.187,0,clean_catch,0
47good,447,7446.975476558475,0.8487,0.4575,0.8395,0.6356,3.0,42.0,0.187,0,clean_catch,0
47good,448,7463.63537695346,0.8487,0.4575,0.8395,0.6354,3.0,42.0,0.187,0,clean_catch,0
47good,449,7480.295277348446,0.8487,0.4575,0.8396,0.6352,2.9,42.1,0.187,0,clean_catch,0
47good,450,7496.955177743431,0.8487,0.4575,0.8396,0.6352,2.9,42.1,0.187,0,clean_catch,0
47good,451,7513.615078138417,0.8488,0.4575,0.8396,0.6354,2.9,42.1,0.187,0,clean_catch,0
47good,452,7530.274978533402,0.8488,0.4574,0.8396,0.6355,3.0,42.0,0.187,0,clean_catch,0
47good,453,7546.934878928387,0.8489,0.4574,0.8396,0.6357,3.0,42.0,0.187,0,clean_catch,0
47good,454,7563.594779323373,0.8489,0.4574,0.8396,0.6357,3.0,42.0,0.188,0,clean_catch,0
47good,455,7580.254679718358,0.8489,0.4574,0.8396,0.6358,3.0,42.0,0.188,0,clean_catch,0
47good,456,7596.914580113344,0.8489,0.4574,0.8396,0.6359,3.0,42.0,0.188,0,clean_catch,0
47good,457,7613.574480508329,0.8489,0.4573,0.8395,0.6359,3.0,42.0,0.188,0,clean_catch,0
47good,458,7630.234380903315,0.8489,0.4572,0.8395,0.6359,3.0,42.0,0.188,0,clean_catch,0
47good,459,7646.8942812983,0.8489,0.4571,0.8395,0.6358,3.0,42.0,0.188,0,clean_catch,0
47good,460,7663.554181693285,0.8489,0.4569,0.8395,0.6356,3.0,42.0,0.188,0,clean_catch,0
47good,461,7680.2140820882705,0.8489,0.4568,0.8395,0.6355,3.0,42.0,0.188,0,clean_catch,0
47good,462,7696.8739824832555,0.849,0.4567,0.8395,0.6354,3.0,42.0,0.188,0,clean_catch,0
47good,463,7713.5338828782415,0.849,0.4566,0.8395,0.6354,3.0,42.0,0.188,0,clean_catch,0
47good,464,7730.1937832732265,0.849,0.4566,0.8395,0.6354,3.0,42.0,0.188,0,clean_catch,0
47good,465,7746.853683668212,0.849,0.4566,0.8394,0.6356,3.1,41.9,0.189,0,clean_catch,0
47good,466,7763.513584063197,0.849,0.4565,0.8393,0.6358,3.1,41.9,0.189,0,clean_catch,0
47good,467,7780.173484458182,0.8489,0.4565,0.8392,0.6358,3.1,41.9,0.189,0,clean_catch,0
47good,468,7796.833384853168,0.849,0.4564,0.8392,0.6358,3.1,41.9,0.189,0,clean_catch,0
47good,469,7813.493285248153,0.849,0.4564,0.8393,0.6357,3.1,41.9,0.189,0,clean_catch,0
47good,470,7830.153185643139,0.8491,0.4564,0.8393,0.6357,3.1,41.9,0.189,0,clean_catch,0
47good,471,7846.813086038124,0.8491,0.4564,0.8395,0.6358,3.1,41.9,0.189,0,clean_catch,0
47good,472,7863.47298643311,0.8492,0.4564,0.8396,0.6359,3.1,41.9,0.189,0,clean_catch,0
47good,473,7880.132886828095,0.8492,0.4564,0.8396,0.6358,3.1,41.9,0.189,0,clean_catch,0
47good,474,7896.79278722308,0.8492,0.4564,0.8396,0.6357,3.1,41.9,0.189,0,clean_catch,0
47good,475,7913.452687618066,0.8492,0.4564,0.8396,0.6355,3.1,41.9,0.189,0,clean_catch,0
47good,476,7930.112588013051,0.8493,0.4564,0.8396,0.6352,3.1,41.9,0.189,0,clean_catch,0
47good,477,7946.772488408037,0.8493,0.4564,0.8395,0.635,3.1,41.9,0.188,0,clean_catch,0
47good,478,7963.432388803022,0.8493,0.4564,0.8396,0.6348,3.1,41.9,0.188,0,clean_catch,0
47good,479,7980.092289198008,0.8493,0.4564,0.8397,0.6347,3.1,41.9,0.188,0,clean_catch,0
47good,480,7996.752189592993,0.8493,0.4564,0.8398,0.6345,3.0,42.0,0.188,0,clean_catch,0
47good,481,8013.412089987978,0.8493,0.4563,0.84,0.6345,3.0,42.0,0.187,0,clean_catch,0
47good,482,8030.071990382964,0.8493,0.4563,0.84,0.6345,3.0,42.0,0.187,0,clean_catch,0
47good,483,8046.731890777949,0.8493,0.4562,0.8399,0.6345,3.0,42.0,0.188,0,clean_catch,0
47good,484,8063.391791172935,0.8492,0.4562,0.8399,0.6344,3.0,42.0,0.188,0,clean_catch,0
47good,485,8080.05169156792,0.8492,0.4561,0.8398,0.6342,3.0,42.0,0.188,0,clean_catch,0
47good,486,8096.711591962906,0.8492,0.4561,0.8398,0.6341,3.0,42.0,0.187,0,clean_catch,0
47good,487,8113.371492357891,0.8492,0.4561,0.8398,0.634,3.0,42.0,0.187,0,clean_catch,0
47good,488,8130.031392752876,0.8492,0.4561,0.8398,0.6339,3.0,42.0,0.187,0,clean_catch,0
47good,489,8146.691293147862,0.8492,0.4561,0.8398,0.6338,3.0,42.0,0.187,0,clean_catch,0
47good,490,8163.351193542847,0.8492,0.456,0.8399,0.6337,3.0,42.0,0.187,0,clean_catch,0
47good,491,8180.011093937833,0.8492,0.456,0.84,0.6337,3.0,42.0,0.187,0,clean_catch,0
47good,492,8196.670994332819,0.8492,0.456,0.84,0.6337,3.0,42.0,0.187,0,clean_catch,0
47good,493,8213.330894727804,0.8492,0.456,0.84,0.6337,3.0,42.0,0.187,0,clean_catch,0
47good,494,8229.990795122789,0.8492,0.456,0.84,0.6336,3.0,42.0,0.187,0,clean_catch,0
47good,495,8246.650695517774,0.8492,0.4559,0.84,0.6335,3.0,42.0,0.187,0,clean_catch,0
47good,496,8263.310595912759,0.8492,0.4559,0.84,0.6334,3.0,42.0,0.187,0,clean_catch,0
47good,497,8279.970496307746,0.8492,0.4559,0.8399,0.6333,3.0,42.0,0.187,0,clean_catch,0
47good,498,8296.63039670273,0.8492,0.4559,0.8399,0.6334,3.0,42.0,0.187,0,clean_catch,0
47good,499,8313.290297097716,0.8492,0.456,0.8399,0.6337,3.0,42.0,0.187,0,clean_catch,0
47good,500,8329.9501974927,0.8493,0.456,0.84,0.6339,3.0,42.0,0.187,0,clean_catch,0
47good,501,8346.610097887686,0.8493,0.456,0.84,0.6341,3.0,42.0,0.187,0,clean_catch,0
47good,502,8363.269998282673,0.8493,0.456,0.84,0.6342,3.0,42.0,0.187,0,clean_catch,0
47good,503,8379.929898677658,0.8493,0.456,0.84,0.6341,3.0,42.0,0.187,0,clean_catch,0
47good,504,8396.589799072643,0.8493,0.456,0.84,0.6341,3.0,42.0,0.187,0,clean_catch,0
47good,505,8413.249699467628,0.8493,0.456,0.84,0.634,3.0,42.0,0.187,0,clean_catch,0
47good,506,8429.909599862614,0.8493,0.456,0.8401,0.634,3.0,42.0,0.187,0,clean_catch,0
47good,507,8446.5695002576,0.8493,0.456,0.8401,0.634,3.0,42.0,0.187,0,clean_catch,0
47good,508,8463.229400652584,0.8494,0.4561,0.8402,0.634,3.0,42.0,0.187,0,clean_catch,0
47good,509,8479.88930104757,0.8494,0.4561,0.8402,0.6341,3.0,42.0,0.187,0,clean_catch,0
47good,510,8496.549201442554,0.8494,0.4561,0.8403,0.6341,2.9,42.1,0.187,0,clean_catch,0
47good,511,8513.209101837541,0.8494,0.4561,0.8403,0.6342,2.9,42.1,0.187,0,clean_catch,0
47good,512,8529.869002232526,0.8494,0.4561,0.8403,0.6342,3.0,42.0,0.187,0,clean_catch,0
47good,513,8546.528902627511,0.8494,0.4562,0.8402,0.6343,3.0,42.0,0.187,0,clean_catch,0
47good,514,8563.188803022496,0.8494,0.4562,0.8402,0.6342,3.0,42.0,0.187,0,clean_catch,0
47good,515,8579.848703417481,0.8494,0.4562,0.8402,0.6342,3.0,42.0,0.187,0,clean_catch,0
47good,516,8596.508603812468,0.8494,0.4562,0.8402,0.6342,3.0,42.0,0.187,0,clean_catch,0
47good,517,8613.168504207453,0.8495,0.4562,0.8401,0.6344,3.0,42.0,0.188,0,clean_catch,0
47good,518,8629.828404602438,0.8495,0.4562,0.8401,0.6346,3.0,42.0,0.188,0,clean_catch,0
47good,519,8646.488304997423,0.8495,0.4562,0.84,0.6348,3.0,42.0,0.188,0,clean_catch,0
47good,520,8663.148205392408,0.8495,0.4562,0.84,0.6348,3.0,42.0,0.188,0,clean_catch,0
47good,521,8679.808105787395,0.8495,0.4561,0.8399,0.6347,3.1,41.9,0.188,0,clean_catch,0
47good,522,8696.46800618238,0.8495,0.4561,0.84,0.6345,3.1,41.9,0.188,0,clean_catch,0
47good,523,8713.127906577365,0.8495,0.4561,0.84,0.6341,3.1,41.9,0.188,0,clean_catch,0
47good,524,8729.78780697235,0.8496,0.456,0.8402,0.6336,3.0,42.0,0.187,0,clean_catch,0
47good,525,8746.447707367337,0.8496,0.456,0.8402,0.6333,3.0,42.0,0.187,0,clean_catch,0
47good,526,8763.107607762322,0.8496,0.456,0.8402,0.6331,3.0,42.0,0.187,0,clean_catch,0
47good,527,8779.767508157307,0.8496,0.456,0.84,0.6332,3.1,41.9,0.187,0,clean_catch,0
47good,528,8796.427408552292,0.8496,0.456,0.8398,0.6334,3.2,41.8,0.187,0,clean_catch,0
47good,529,8813.087308947277,0.8496,0.4559,0.8397,0.6334,3.2,41.8,0.187,0,clean_catch,0
47good,530,8829.747209342264,0.8496,0.4559,0.8398,0.6332,3.2,41.8,0.187,0,clean_catch,0
47good,531,8846.407109737249,0.8496,0.4559,0.8399,0.6331,3.2,41.8,0.187,0,clean_catch,0
47good,532,8863.067010132234,0.8496,0.4559,0.8399,0.6332,3.2,41.8,0.187,0,clean_catch,0
47good,533,8879.726910527219,0.8497,0.4559,0.8399,0.6333,3.2,41.8,0.187,0,clean_catch,0
47good,534,8896.386810922204,0.8497,0.4559,0.8398,0.6335,3.2,41.8,0.187,0,clean_catch,0
47good,535,8913.04671131719,0.8497,0.4559,0.8398,0.6335,3.2,41.8,0.188,0,clean_catch,0
47good,536,8929.706611712176,0.8497,0.4558,0.8398,0.6335,3.2,41.8,0.188,0,clean_catch,0
47good,537,8946.36651210716,0.8497,0.4558,0.8397,0.6334,3.2,41.8,0.188,0,clean_catch,0
47good,538,8963.026412502146,0.8497,0.4558,0.8396,0.6335,3.3,41.7,0.188,0,clean_catch,0
47good,539,8979.686312897133,0.8497,0.4558,0.8395,0.6335,3.3,41.7,0.188,0,clean_catch,0
47good,540,8996.346213292118,0.8498,0.4557,0.8395,0.6337,3.3,41.7,0.188,0,clean_catch,0
47good,541,9013.006113687103,0.8498,0.4557,0.8395,0.6338,3.3,41.7,0.188,0,clean_catch,0
47good,542,9029.666014082088,0.8498,0.4556,0.8397,0.6337,3.3,41.7,0.188,0,clean_catch,0
47good,543,9046.325914477073,0.8498,0.4556,0.8397,0.6336,3.3,41.7,0.188,0,clean_catch,0
47good,544,9062.98581487206,0.8498,0.4556,0.8397,0.6336,3.3,41.7,0.188,0,clean_catch,0
47good,545,9079.645715267045,0.8498,0.4555,0.8397,0.6337,3.3,41.7,0.188,0,clean_catch,0
47good,546,9096.30561566203,0.8498,0.4555,0.8396,0.6338,3.3,41.7,0.189,0,clean_catch,0
47good,547,9112.965516057015,0.8499,0.4555,0.8396,0.6339,3.3,41.7,0.189,0,clean_catch,0
47good,548,9129.625416452,0.8499,0.4555,0.8396,0.6338,3.3,41.7,0.189,0,clean_catch,0
47good,549,9146.285316846986,0.8499,0.4555,0.8397,0.6338,3.3,41.7,0.188,0,clean_catch,0
47good,550,9162.945217241971,0.8499,0.4555,0.8398,0.6337,3.3,41.7,0.188,0,clean_catch,0
47good,551,9179.605117636956,0.8499,0.4555,0.8397,0.6338,3.3,41.7,0.188,0,clean_catch,0
47good,552,9196.265018031942,0.8499,0.4555,0.8397,0.6338,3.3,41.7,0.189,0,clean_catch,0
47good,553,9212.924918426927,0.8499,0.4554,0.8396,0.6338,3.3,41.7,0.189,0,clean_catch,0
47good,554,9229.584818821913,0.8499,0.4554,0.8396,0.6337,3.3,41.7,0.189,0,clean_catch,0
47good,555,9246.244719216898,0.8499,0.4554,0.8395,0.6337,3.3,41.7,0.189,0,clean_catch,0
47good,556,9262.904619611883,0.8498,0.4554,0.8395,0.6337,3.3,41.7,0.189,0,clean_catch,0
47good,557,9279.564520006868,0.8498,0.4554,0.8395,0.6339,3.3,41.7,0.189,0,clean_catch,0
47good,558,9296.224420401855,0.8498,0.4554,0.8394,0.634,3.3,41.7,0.189,0,clean_catch,0
47good,559,9312.88432079684,0.8498,0.4554,0.8394,0.6341,3.3,41.7,0.189,0,clean_catch,0
47good,560,9329.544221191825,0.8498,0.4554,0.8394,0.6341,3.3,41.7,0.189,0,clean_catch,0
47good,561,9346.20412158681,0.8498,0.4554,0.8393,0.6342,3.3,41.7,0.189,0,clean_catch,0
47good,562,9362.864021981795,0.8497,0.4554,0.8393,0.6342,3.4,41.6,0.189,0,clean_catch,0
47good,563,9379.523922376782,0.8497,0.4554,0.8392,0.6343,3.4,41.6,0.189,0,clean_catch,0
47good,564,9396.183822771767,0.8497,0.4554,0.8392,0.6342,3.4,41.6,0.189,0,clean_catch,0
47good,565,9412.843723166752,0.8497,0.4554,0.8393,0.6341,3.3,41.7,0.189,0,clean_catch,0
47good,566,9429.503623561737,0.8497,0.4554,0.8393,0.634,3.3,41.7,0.189,0,clean_catch,0
47good,567,9446.163523956722,0.8497,0.4554,0.8393,0.6339,3.3,41.7,0.189,0,clean_catch,0
47good,568,9462.823424351709,0.8497,0.4554,0.8393,0.6338,3.3,41.7,0.189,0,clean_catch,0
47good,569,9479.483324746694,0.8497,0.4554,0.8393,0.6338,3.3,41.7,0.189,0,clean_catch,0
47good,570,9496.143225141679,0.8496,0.4554,0.8394,0.6338,3.3,41.7,0.189,0,clean_catch,0
47good,571,9512.803125536664,0.8496,0.4553,0.8394,0.6338,3.3,41.7,0.189,0,clean_catch,0
47good,572,9529.463025931651,0.8496,0.4554,0.8394,0.6338,3.3,41.7,0.189,0,clean_catch,0
47good,573,9546.122926326636,0.8496,0.4554,0.8394,0.634,3.3,41.7,0.189,0,clean_catch,0
47good,574,9562.782826721621,0.8495,0.4554,0.8394,0.6341,3.3,41.7,0.189,0,clean_catch,0
47good,575,9579.442727116606,0.8495,0.4555,0.8394,0.6343,3.2,41.8,0.189,0,clean_catch,0
47good,576,9596.102627511591,0.8495,0.4555,0.8394,0.6344,3.2,41.8,0.189,0,clean_catch,0
47good,577,9612.762527906578,0.8495,0.4554,0.8394,0.6344,3.2,41.8,0.189,0,clean_catch,0
47good,578,9629.422428301563,0.8495,0.4554,0.8394,0.6344,3.2,41.8,0.189,0,clean_catch,0
47good,579,9646.082328696548,0.8495,0.4554,0.8394,0.6344,3.2,41.8,0.189,0,clean_catch,0
47good,580,9662.742229091533,0.8494,0.4554,0.8394,0.6345,3.2,41.8,0.189,0,clean_catch,0
47good,581,9679.402129486518,0.8494,0.4554,0.8394,0.6346,3.2,41.8,0.189,0,clean_catch,0
47good,582,9696.062029881505,0.8494,0.4555,0.8393,0.6348,3.2,41.8,0.189,0,clean_catch,0
47good,583,9712.72193027649,0.8494,0.4555,0.8392,0.6349,3.3,41.7,0.19,0,clean_catch,0
47good,584,9729.381830671475,0.8494,0.4555,0.8392,0.635,3.3,41.7,0.19,0,clean_catch,0
47good,585,9746.04173106646,0.8494,0.4555,0.8392,0.6349,3.3,41.7,0.19,0,clean_catch,0
47good,586,9762.701631461445,0.8494,0.4555,0.8392,0.6348,3.2,41.8,0.189,0,clean_catch,0
47good,587,9779.361531856432,0.8494,0.4556,0.8393,0.6348,3.2,41.8,0.189,0,clean_catch,0
47good,588,9796.021432251417,0.8494,0.4556,0.8393,0.6348,3.2,41.8,0.189,0,clean_catch,0
47good,589,9812.681332646402,0.8494,0.4555,0.8393,0.6347,3.2,41.8,0.189,0,clean_catch,0
47good,590,9829.341233041387,0.8494,0.4555,0.8393,0.6346,3.2,41.8,0.189,0,clean_catch,0
47good,591,9846.001133436373,0.8493,0.4555,0.8393,0.6345,3.2,41.8,0.189,0,clean_catch,0
47good,592,9862.661033831359,0.8493,0.4554,0.8393,0.6344,3.2,41.8,0.189,0,clean_catch,0
47good,593,9879.320934226344,0.8493,0.4554,0.8392,0.6345,3.2,41.8,0.189,0,clean_catch,0
47good,594,9895.980834621329,0.8493,0.4554,0.8391,0.6346,3.3,41.7,0.189,0,clean_catch,0
47good,595,9912.640735016314,0.8492,0.4554,0.839,0.6347,3.3,41.7,0.19,0,clean_catch,0
47good,596,9929.3006354113,0.8492,0.4554,0.8389,0.6348,3.3,41.7,0.19,0,clean_catch,0
47good,597,9945.960535806285,0.8492,0.4554,0.8389,0.6347,3.3,41.7,0.19,0,clean_catch,0
47good,598,9962.62043620127,0.8492,0.4554,0.839,0.6346,3.3,41.7,0.189,0,clean_catch,0
47good,599,9979.280336596255,0.8491,0.4554,0.839,0.6345,3.3,41.7,0.189,0,clean_catch,0
47good,600,9995.94023699124,0.8491,0.4554,0.839,0.6344,3.2,41.8,0.189,0,clean_catch,0
47good,601,10012.600137386227,0.8491,0.4553,0.839,0.6341,3.2,41.8,0.189,0,clean_catch,0
47good,602,10029.260037781212,0.8491,0.4553,0.839,0.6338,3.3,41.7,0.189,0,clean_catch,0
47good,603,10045.919938176197,0.8491,0.4553,0.839,0.6335,3.3,41.7,0.188,0,clean_catch,0
47good,604,10062.579838571182,0.8491,0.4553,0.8389,0.6334,3.3,41.7,0.188,0,clean_catch,0
47good,605,10079.23973896617,0.8491,0.4552,0.8388,0.6334,3.3,41.7,0.189,0,clean_catch,0
47good,606,10095.899639361154,0.8491,0.4552,0.8386,0.6335,3.4,41.6,0.189,0,clean_catch,0
47good,607,10112.55953975614,0.8491,0.4552,0.8384,0.6336,3.4,41.6,0.189,0,clean_catch,0
47good,608,10129.219440151124,0.849,0.4552,0.8383,0.6336,3.5,41.5,0.189,0,clean_catch,0
47good,609,10145.87934054611,0.849,0.4552,0.8382,0.6336,3.5,41.5,0.189,0,clean_catch,0
47good,610,10162.539240941096,0.849,0.4552,0.8382,0.6336,3.5,41.5,0.189,0,clean_catch,0
47good,611,10179.199141336081,0.849,0.4552,0.8382,0.6336,3.5,41.5,0.189,0,clean_catch,0
47good,612,10195.859041731066,0.849,0.4553,0.8382,0.6336,3.5,41.5,0.189,0,clean_catch,0
47good,613,10212.518942126051,0.8489,0.4553,0.8382,0.6335,3.4,41.6,0.189,0,clean_catch,0
47good,614,10229.178842521036,0.8489,0.4553,0.8382,0.6333,3.4,41.6,0.189,0,clean_catch,0
47good,615,10245.838742916023,0.8489,0.4553,0.8383,0.6331,3.4,41.6,0.188,0,clean_catch,0
47good,616,10262.498643311008,0.8488,0.4553,0.8383,0.6329,3.4,41.6,0.188,0,clean_catch,0
47good,617,10279.158543705993,0.8488,0.4553,0.8382,0.6328,3.4,41.6,0.188,0,clean_catch,0
47good,618,10295.818444100978,0.8487,0.4554,0.8382,0.6328,3.4,41.6,0.188,0,clean_catch,0
47good,619,10312.478344495965,0.8487,0.4554,0.8383,0.6325,3.4,41.6,0.188,0,clean_catch,0
47good,620,10329.13824489095,0.8487,0.4554,0.8384,0.6321,3.3,41.7,0.187,0,clean_catch,0
47good,621,10345.798145285935,0.8487,0.4554,0.8385,0.6318,3.3,41.7,0.187,0,clean_catch,0
47good,622,10362.45804568092,0.8486,0.4554,0.8385,0.6315,3.3,41.7,0.186,0,clean_catch,0
47good,623,10379.117946075905,0.8486,0.4554,0.8385,0.6315,3.3,41.7,0.186,0,clean_catch,0
47good,624,10395.777846470892,0.8486,0.4553,0.8384,0.6316,3.3,41.7,0.186,0,clean_catch,0
47good,625,10412.437746865877,0.8485,0.4553,0.8383,0.6318,3.3,41.7,0.187,0,clean_catch,0
47good,626,10429.097647260862,0.8484,0.4553,0.8381,0.6319,3.3,41.7,0.187,0,clean_catch,0
47good,627,10445.757547655847,0.8484,0.4553,0.838,0.6321,3.4,41.6,0.187,0,clean_catch,0
47good,628,10462.417448050832,0.8483,0.4553,0.838,0.6322,3.3,41.7,0.187,0,clean_catch,0
47good,629,10479.077348445819,0.8483,0.4553,0.838,0.6321,3.3,41.7,0.187,0,clean_catch,0
47good,630,10495.737248840804,0.8483,0.4553,0.838,0.632,3.3,41.7,0.187,0,clean_catch,0
47good,631,10512.397149235789,0.8482,0.4552,0.838,0.632,3.3,41.7,0.187,0,clean_catch,0
47good,632,10529.057049630774,0.8481,0.4552,0.838,0.632,3.3,41.7,0.187,0,clean_catch,0
47good,633,10545.716950025759,0.8481,0.4552,0.838,0.632,3.3,41.7,0.187,0,clean_catch,0
47good,634,10562.376850420746,0.8481,0.4552,0.838,0.6321,3.3,41.7,0.187,0,clean_catch,0
47good,635,10579.03675081573,0.848,0.4552,0.838,0.6322,3.3,41.7,0.187,0,clean_catch,0
47good,636,10595.696651210716,0.848,0.4552,0.8379,0.6322,3.3,41.7,0.187,0,clean_catch,0
47good,637,10612.3565516057,0.8479,0.4552,0.8377,0.6323,3.3,41.7,0.187,0,clean_catch,0
47good,638,10629.016452000687,0.8479,0.4552,0.8376,0.6323,3.3,41.7,0.187,0,clean_catch,0
47good,639,10645.676352395672,0.8478,0.4551,0.8376,0.6323,3.3,41.7,0.187,0,clean_catch,0
47good,640,10662.336252790657,0.8478,0.4551,0.8375,0.6322,3.3,41.7,0.187,0,clean_catch,0
47good,641,10678.996153185642,0.8477,0.455,0.8375,0.6321,3.3,41.7,0.187,0,clean_catch,0
47good,642,10695.656053580627,0.8477,0.455,0.8374,0.6323,3.3,41.7,0.188,0,clean_catch,0
47good,643,10712.315953975614,0.8476,0.455,0.8373,0.6326,3.4,41.6,0.188,0,clean_catch,0
47good,644,10728.9758543706,0.8476,0.455,0.8371,0.6328,3.4,41.6,0.188,0,clean_catch,0
47good,645,10745.635754765584,0.8476,0.455,0.837,0.633,3.4,41.6,0.189,0,clean_catch,0
47good,646,10762.29565516057,0.8475,0.455,0.837,0.6331,3.4,41.6,0.189,0,clean_catch,0
47good,647,10778.955555555554,0.8475,0.455,0.8371,0.633,3.4,41.6,0.189,0,clean_catch,0
47good,648,10795.615455950541,0.8475,0.455,0.8371,0.633,3.3,41.7,0.188,0,clean_catch,0
47good,649,10812.275356345526,0.8475,0.455,0.8372,0.6329,3.3,41.7,0.188,0,clean_catch,0
47good,650,10828.935256740511,0.8474,0.455,0.8372,0.6329,3.3,41.7,0.188,0,clean_catch,0
47good,651,10845.595157135496,0.8474,0.455,0.8372,0.633,3.3,41.7,0.188,0,clean_catch,0
47good,652,10862.255057530483,0.8474,0.4551,0.8372,0.6331,3.3,41.7,0.188,0,clean_catch,0
47good,653,10878.914957925468,0.8473,0.4551,0.8372,0.6332,3.3,41.7,0.188,0,clean_catch,0
47good,654,10895.574858320453,0.8473,0.4551,0.8371,0.6332,3.3,41.7,0.188,0,clean_catch,0
47good,655,10912.234758715438,0.8473,0.455,0.8371,0.6332,3.3,41.7,0.188,0,clean_catch,0
47good,656,10928.894659110423,0.8472,0.455,0.8371,0.6333,3.3,41.7,0.188,0,clean_catch,0
47good,657,10945.55455950541,0.8472,0.455,0.8371,0.6334,3.3,41.7,0.188,0,clean_catch,0
47good,658,10962.214459900395,0.8472,0.455,0.8371,0.6334,3.2,41.8,0.189,0,clean_catch,0
47good,659,10978.87436029538,0.8471,0.455,0.8371,0.6335,3.2,41.8,0.189,0,clean_catch,0
47good,660,10995.534260690365,0.8471,0.455,0.837,0.6334,3.2,41.8,0.188,0,clean_catch,0
47good,661,11012.19416108535,0.8471,0.455,0.837,0.6335,3.2,41.8,0.189,0,clean_catch,0
47good,662,11028.854061480337,0.8471,0.455,0.837,0.6336,3.3,41.7,0.189,0,clean_catch,0
47good,663,11045.513961875322,0.8471,0.455,0.8369,0.6338,3.3,41.7,0.189,0,clean_catch,0
47good,664,11062.173862270307,0.8471,0.455,0.8369,0.634,3.3,41.7,0.189,0,clean_catch,0
47good,665,11078.833762665292,0.8471,0.455,0.8368,0.634,3.3,41.7,0.189,0,clean_catch,0
47good,666,11095.493663060277,0.8471,0.455,0.8368,0.634,3.3,41.7,0.189,0,clean_catch,0
47good,667,11112.153563455264,0.8471,0.455,0.8368,0.6339,3.3,41.7,0.189,0,clean_catch,0
47good,668,11128.813463850249,0.8471,0.455,0.8369,0.6338,3.3,41.7,0.189,0,clean_catch,0
47good,669,11145.473364245234,0.847,0.455,0.8369,0.6337,3.2,41.8,0.189,0,clean_catch,0
47good,670,11162.133264640219,0.847,0.455,0.837,0.6336,3.2,41.8,0.189,0,clean_catch,0
47good,671,11178.793165035206,0.847,0.455,0.837,0.6336,3.2,41.8,0.189,0,clean_catch,0
47good,672,11195.45306543019,0.847,0.455,0.8371,0.6335,3.2,41.8,0.188,0,clean_catch,0
47good,673,11212.112965825176,0.847,0.455,0.8371,0.6334,3.2,41.8,0.188,0,clean_catch,0
47good,674,11228.77286622016,0.847,0.455,0.8371,0.6332,3.2,41.8,0.188,0,clean_catch,0
47good,675,11245.432766615146,0.847,0.455,0.8371,0.6332,3.2,41.8,0.188,0,clean_catch,0
47good,676,11262.092667010133,0.847,0.455,0.8372,0.6331,3.2,41.8,0.188,0,clean_catch,0
47good,677,11278.752567405118,0.847,0.4549,0.8372,0.6331,3.2,41.8,0.188,0,clean_catch,0
47good,678,11295.412467800103,0.847,0.4549,0.8373,0.633,3.1,41.9,0.188,0,clean_catch,0
47good,679,11312.072368195088,0.8471,0.4549,0.8373,0.6329,3.2,41.8,0.188,0,clean_catch,0
47good,680,11328.732268590073,0.8471,0.4549,0.8373,0.6327,3.2,41.8,0.188,0,clean_catch,0
47good,681,11345.39216898506,0.8471,0.4549,0.8373,0.6326,3.2,41.8,0.188,0,clean_catch,0
47good,682,11362.052069380044,0.8471,0.4549,0.8373,0.6327,3.2,41.8,0.188,0,clean_catch,0
47good,683,11378.71196977503,0.8471,0.4549,0.8373,0.6328,3.2,41.8,0.188,0,clean_catch,0
47good,684,11395.371870170015,0.8471,0.4549,0.8374,0.6329,3.1,41.9,0.188,0,clean_catch,0
47good,685,11412.031770565001,0.8471,0.4549,0.8374,0.633,3.1,41.9,0.188,0,clean_catch,0
47good,686,11428.691670959986,0.8471,0.4548,0.8375,0.6331,3.1,41.9,0.188,0,clean_catch,0
47good,687,11445.351571354971,0.8471,0.4548,0.8375,0.6332,3.1,41.9,0.188,0,clean_catch,0
47good,688,11462.011471749956,0.8471,0.4548,0.8375,0.6333,3.1,41.9,0.188,0,clean_catch,0
47good,689,11478.671372144941,0.8471,0.4548,0.8375,0.6333,3.1,41.9,0.188,0,clean_catch,0
47good,690,11495.331272539928,0.8471,0.4548,0.8376,0.6332,3.1,41.9,0.188,0,clean_catch,0
47good,691,11511.991172934913,0.8471,0.4548,0.8376,0.6332,3.1,41.9,0.188,0,clean_catch,0
47good,692,11528.651073329898,0.8471,0.4547,0.8377,0.633,3.0,42.0,0.188,0,clean_catch,0
47good,693,11545.310973724883,0.8472,0.4547,0.8378,0.6327,3.0,42.0,0.187,0,clean_catch,0
47good,694,11561.970874119868,0.8472,0.4547,0.8379,0.6325,3.0,42.0,0.187,0,clean_catch,0
47good,695,11578.630774514855,0.8472,0.4546,0.838,0.6324,3.0,42.0,0.187,0,clean_catch,0
47good,696,11595.29067490984,0.8472,0.4546,0.838,0.6323,3.0,42.0,0.187,0,clean_catch,0
47good,697,11611.950575304825,0.8472,0.4546,0.8379,0.6323,3.0,42.0,0.187,0,clean_catch,0
47good,698,11628.61047569981,0.8472,0.4546,0.8379,0.6323,3.0,42.0,0.187,0,clean_catch,0
47good,699,11645.270376094797,0.8472,0.4546,0.8379,0.6323,3.0,42.0,0.187,0,clean_catch,0
47good,700,11661.930276489782,0.8472,0.4546,0.8379,0.6323,3.0,42.0,0.187,0,clean_catch,0
47good,701,11678.590176884767,0.8472,0.4546,0.8379,0.6324,3.0,42.0,0.187,0,clean_catch,0
47good,702,11695.250077279752,0.8472,0.4546,0.8379,0.6325,3.0,42.0,0.187,0,clean_catch,0
47good,703,11711.909977674737,0.8472,0.4545,0.838,0.6326,3.0,42.0,0.187,0,clean_catch,0
47good,704,11728.569878069724,0.8472,0.4545,0.838,0.6326,3.0,42.0,0.187,0,clean_catch,0
47good,705,11745.229778464709,0.8472,0.4545,0.838,0.6326,3.0,42.0,0.187,0,clean_catch,0
47good,706,11761.889678859694,0.8473,0.4545,0.8381,0.6326,3.0,42.0,0.187,0,clean_catch,0
47good,707,11778.549579254679,0.8473,0.4545,0.8381,0.6326,3.0,42.0,0.187,0,clean_catch,0
47good,708,11795.209479649664,0.8473,0.4545,0.8381,0.6326,2.9,42.1,0.187,0,clean_catch,0
47good,709,11811.86938004465,0.8473,0.4544,0.8382,0.6325,2.9,42.1,0.187,0,clean_catch,0
47good,710,11828.529280439636,0.8473,0.4544,0.8383,0.6324,2.9,42.1,0.187,0,clean_catch,0
47good,711,11845.18918083462,0.8473,0.4544,0.8384,0.6323,2.9,42.1,0.187,0,clean_catch,0
47good,712,11861.849081229606,0.8473,0.4543,0.8385,0.6322,2.8,42.2,0.187,0,clean_catch,0
47good,713,11878.50898162459,0.8473,0.4543,0.8385,0.6322,2.8,42.2,0.187,0,clean_catch,0
47good,714,11895.168882019578,0.8474,0.4543,0.8386,0.6323,2.8,42.2,0.187,0,clean_catch,0
47good,715,11911.828782414563,0.8474,0.4543,0.8386,0.6322,2.8,42.2,0.187,0,clean_catch,0
47good,716,11928.488682809548,0.8474,0.4542,0.8386,0.6323,2.8,42.2,0.187,0,clean_catch,0
47good,717,11945.148583204533,0.8474,0.4542,0.8386,0.6323,2.8,42.2,0.187,0,clean_catch,0
47good,718,11961.80848359952,0.8474,0.4542,0.8386,0.6325,2.8,42.2,0.187,0,clean_catch,0
47good,719,11978.468383994505,0.8474,0.4542,0.8386,0.6327,2.8,42.2,0.187,0,clean_catch,0
47good,720,11995.12828438949,0.8474,0.4542,0.8386,0.6328,2.8,42.2,0.187,0,clean_catch,0
47good,721,12011.788184784475,0.8474,0.4542,0.8386,0.6328,2.8,42.2,0.187,0,clean_catch,0
47good,722,12028.44808517946,0.8474,0.4542,0.8386,0.6329,2.8,42.2,0.188,0,clean_catch,0
47good,723,12045.107985574447,0.8474,0.4541,0.8386,0.6329,2.8,42.2,0.188,0,clean_catch,0
47good,724,12061.767885969432,0.8474,0.4541,0.8386,0.633,2.8,42.2,0.188,0,clean_catch,0
47good,725,12078.427786364417,0.8474,0.4541,0.8386,0.6331,2.8,42.2,0.188,0,clean_catch,0
47good,726,12095.087686759402,0.8474,0.4541,0.8386,0.6331,2.8,42.2,0.188,0,clean_catch,0
47good,727,12111.747587154387,0.8474,0.4541,0.8385,0.6332,2.9,42.1,0.188,0,clean_catch,0
47good,728,12128.407487549373,0.8474,0.4541,0.8385,0.6332,2.9,42.1,0.188,0,clean_catch,0
47good,729,12145.067387944358,0.8474,0.4541,0.8384,0.6333,2.9,42.1,0.188,0,clean_catch,0
47good,730,12161.727288339343,0.8474,0.4541,0.8383,0.6334,2.9,42.1,0.188,0,clean_catch,0
47good,731,12178.387188734328,0.8474,0.4541,0.8383,0.6334,2.9,42.1,0.188,0,clean_catch,0
47good,732,12195.047089129315,0.8474,0.454,0.8383,0.6334,2.9,42.1,0.188,0,clean_catch,0
47good,733,12211.7069895243,0.8474,0.454,0.8383,0.6333,2.9,42.1,0.188,0,clean_catch,0
47good,734,12228.366889919285,0.8474,0.454,0.8383,0.6332,2.9,42.1,0.188,0,clean_catch,0
47good,735,12245.02679031427,0.8474,0.454,0.8383,0.633,2.9,42.1,0.188,0,clean_catch,0
47good,736,12261.686690709255,0.8474,0.4539,0.8383,0.6329,2.9,42.1,0.188,0,clean_catch,0
47good,737,12278.346591104242,0.8474,0.4539,0.8382,0.6329,3.0,42.0,0.188,0,clean_catch,0
47good,738,12295.006491499227,0.8474,0.4539,0.8382,0.6329,3.0,42.0,0.188,0,clean_catch,0
47good,739,12311.666391894212,0.8474,0.4539,0.8382,0.6328,3.0,42.0,0.188,0,clean_catch,0
47good,740,12328.326292289197,0.8474,0.4539,0.8382,0.6326,3.0,42.0,0.188,0,clean_catch,0
47good,741,12344.986192684182,0.8474,0.4539,0.8382,0.6324,3.0,42.0,0.188,0,clean_catch,0
47good,742,12361.646093079169,0.8474,0.4539,0.8382,0.6323,3.0,42.0,0.188,0,clean_catch,0
47good,743,12378.305993474154,0.8474,0.4539,0.8381,0.6323,3.0,42.0,0.188,0,clean_catch,0
47good,744,12394.96589386914,0.8474,0.4539,0.838,0.6323,3.0,42.0,0.188,0,clean_catch,0
47good,745,12411.625794264124,0.8474,0.4539,0.8379,0.6324,3.1,41.9,0.188,0,clean_catch,0
47good,746,12428.28569465911,0.8474,0.4539,0.8378,0.6326,3.1,41.9,0.188,0,clean_catch,0
47good,747,12444.945595054096,0.8474,0.4539,0.8378,0.6327,3.1,41.9,0.188,0,clean_catch,0
47good,748,12461.605495449081,0.8474,0.4539,0.8378,0.6327,3.1,41.9,0.188,0,clean_catch,0
47good,749,12478.265395844066,0.8473,0.4539,0.8378,0.6327,3.1,41.9,0.188,0,clean_catch,0
47good,750,12494.925296239051,0.8473,0.4539,0.8378,0.6325,3.0,42.0,0.188,0,clean_catch,0
47good,751,12511.585196634038,0.8473,0.4539,0.8378,0.6325,3.0,42.0,0.188,0,clean_catch,0
47good,752,12528.245097029023,0.8473,0.4539,0.8378,0.6324,3.0,42.0,0.188,0,clean_catch,0
47good,753,12544.904997424008,0.8473,0.4539,0.8378,0.6324,3.0,42.0,0.188,0,clean_catch,0
47good,754,12561.564897818993,0.8473,0.4538,0.8378,0.6324,3.0,42.0,0.188,0,clean_catch,0
47good,755,12578.224798213978,0.8473,0.4538,0.8378,0.6324,3.1,41.9,0.188,0,clean_catch,0
47good,756,12594.884698608965,0.8473,0.4538,0.8377,0.6324,3.1,41.9,0.188,0,clean_catch,0
47good,757,12611.54459900395,0.8473,0.4538,0.8377,0.6323,3.1,41.9,0.188,0,clean_catch,0
47good,758,12628.204499398935,0.8473,0.4538,0.8377,0.6322,3.1,41.9,0.188,0,clean_catch,0
47good,759,12644.86439979392,0.8473,0.4538,0.8377,0.6321,3.1,41.9,0.188,0,clean_catch,0
47good,760,12661.524300188905,0.8473,0.4538,0.8378,0.632,3.1,41.9,0.188,0,clean_catch,0
47good,761,12678.184200583892,0.8473,0.4538,0.8378,0.6319,3.1,41.9,0.188,0,clean_catch,0
47good,762,12694.844100978877,0.8473,0.4537,0.8378,0.6319,3.1,41.9,0.188,0,clean_catch,0
47good,763,12711.504001373862,0.8473,0.4537,0.8378,0.6318,3.1,41.9,0.188,0,clean_catch,0
47good,764,12728.163901768847,0.8473,0.4537,0.8378,0.6318,3.1,41.9,0.188,0,clean_catch,0
47good,765,12744.823802163834,0.8473,0.4537,0.8377,0.632,3.1,41.9,0.188,0,clean_catch,0
47good,766,12761.483702558819,0.8473,0.4537,0.8377,0.6322,3.1,41.9,0.188,0,clean_catch,0
47good,767,12778.143602953804,0.8473,0.4537,0.8377,0.6323,3.1,41.9,0.188,0,clean_catch,0
47good,768,12794.803503348789,0.8472,0.4537,0.8376,0.6324,3.1,41.9,0.188,0,clean_catch,0
47good,769,12811.463403743774,0.8472,0.4537,0.8376,0.6324,3.1,41.9,0.188,0,clean_catch,0
47good,770,12828.12330413876,0.8472,0.4537,0.8376,0.6324,3.1,41.9,0.188,0,clean_catch,0
47good,771,12844.783204533745,0.8472,0.4537,0.8376,0.6323,3.1,41.9,0.188,0,clean_catch,0
47good,772,12861.44310492873,0.8472,0.4537,0.8376,0.6322,3.1,41.9,0.188,0,clean_catch,0
47good,773,12878.103005323715,0.8472,0.4537,0.8376,0.6319,3.1,41.9,0.188,0,clean_catch,0
47good,774,12894.7629057187,0.8472,0.4536,0.8377,0.6317,3.1,41.9,0.188,0,clean_catch,0
47good,775,12911.422806113687,0.8472,0.4536,0.8377,0.6315,3.0,42.0,0.187,0,clean_catch,0
47good,776,12928.082706508672,0.8472,0.4536,0.8378,0.6314,3.0,42.0,0.187,0,clean_catch,0
47good,777,12944.742606903657,0.8472,0.4535,0.8378,0.6314,3.0,42.0,0.187,0,clean_catch,0
47good,778,12961.402507298642,0.8471,0.4535,0.8378,0.6314,3.0,42.0,0.187,0,clean_catch,0
47good,779,12978.06240769363,0.8471,0.4535,0.8378,0.6314,3.0,42.0,0.187,0,clean_catch,0
47good,780,12994.722308088614,0.8471,0.4535,0.8378,0.6313,3.0,42.0,0.187,0,clean_catch,0
47good,781,13011.3822084836,0.8471,0.4535,0.8378,0.6314,3.0,42.0,0.187,0,clean_catch,0
47good,782,13028.042108878584,0.8471,0.4535,0.8378,0.6314,3.0,42.0,0.187,0,clean_catch,0
47good,783,13044.70200927357,0.8471,0.4535,0.8378,0.6315,3.0,42.0,0.187,0,clean_catch,0
47good,784,13061.361909668556,0.8471,0.4535,0.8377,0.6315,3.0,42.0,0.187,0,clean_catch,0
47good,785,13078.021810063541,0.8471,0.4535,0.8377,0.6315,3.0,42.0,0.187,0,clean_catch,0
47good,786,13094.681710458526,0.8471,0.4535,0.8377,0.6316,3.0,42.0,0.187,0,clean_catch,0
47good,787,13111.341610853511,0.8471,0.4535,0.8377,0.6316,3.0,42.0,0.187,0,clean_catch,0
47good,788,13128.001511248496,0.8471,0.4535,0.8377,0.6317,3.0,42.0,0.188,0,clean_catch,0
47good,789,13144.661411643483,0.8471,0.4535,0.8377,0.6318,3.0,42.0,0.188,0,clean_catch,0
47good,790,13161.321312038468,0.8471,0.4536,0.8377,0.6319,3.0,42.0,0.188,0,clean_catch,0
47good,791,13177.981212433453,0.8471,0.4536,0.8377,0.6319,3.0,42.0,0.188,0,clean_catch,0
47good,792,13194.641112828438,0.8471,0.4536,0.8377,0.6318,3.0,42.0,0.188,0,clean_catch,0
47good,793,13211.301013223423,0.8471,0.4536,0.8377,0.6317,3.0,42.0,0.188,0,clean_catch,0
47good,794,13227.96091361841,0.8471,0.4536,0.8377,0.6317,3.0,42.0,0.188,0,clean_catch,0
47good,795,13244.620814013395,0.8471,0.4536,0.8377,0.6317,3.0,42.0,0.188,0,clean_catch,0
47good,796,13261.28071440838,0.8471,0.4536,0.8377,0.6318,3.0,42.0,0.188,0,clean_catch,0
47good,797,13277.940614803365,0.8471,0.4536,0.8377,0.6318,3.0,42.0,0.188,0,clean_catch,0
47good,798,13294.600515198352,0.8471,0.4536,0.8377,0.6318,3.0,42.0,0.188,0,clean_catch,0
47good,799,13311.260415593337,0.8471,0.4535,0.8377,0.6318,3.0,42.0,0.188,0,clean_catch,0
47good,800,13327.920315988322,0.8471,0.4535,0.8377,0.6317,3.0,42.0,0.188,0,clean_catch,0
47good,801,13344.580216383307,0.8471,0.4535,0.8377,0.6315,3.0,42.0,0.187,0,clean_catch,0
47good,802,13361.240116778292,0.8471,0.4535,0.8377,0.6313,3.0,42.0,0.187,0,clean_catch,0
47good,803,13377.900017173279,0.8471,0.4535,0.8377,0.6312,3.0,42.0,0.187,0,clean_catch,0
47good,804,13394.559917568264,0.8471,0.4535,0.8377,0.6312,3.0,42.0,0.187,0,clean_catch,0
47good,805,13411.219817963249,0.8471,0.4534,0.8377,0.6312,3.0,42.0,0.187,0,clean_catch,0
47good,806,13427.879718358234,0.8471,0.4534,0.8377,0.6311,3.0,42.0,0.187,0,clean_catch,0
47good,807,13444.539618753219,0.8471,0.4534,0.8378,0.631,3.0,42.0,0.187,0,clean_catch,0
47good,808,13461.199519148206,0.8471,0.4533,0.8378,0.631,3.0,42.0,0.187,0,clean_catch,0
47good,809,13477.85941954319,0.8471,0.4533,0.8378,0.6312,3.0,42.0,0.187,0,clean_catch,0
47good,810,13494.519319938176,0.8471,0.4533,0.8378,0.6315,3.0,42.0,0.187,0,clean_catch,0
47good,811,13511.17922033316,0.8471,0.4532,0.8377,0.6317,3.0,42.0,0.188,0,clean_catch,0
47good,812,13527.839120728147,0.8471,0.4532,0.8376,0.6319,3.0,42.0,0.188,0,clean_catch,0
47good,813,13544.499021123132,0.8471,0.4531,0.8376,0.6321,3.1,41.9,0.189,0,clean_catch,0
47good,814,13561.158921518117,0.8471,0.4531,0.8375,0.6322,3.1,41.9,0.189,0,clean_catch,0
47good,815,13577.818821913103,0.8471,0.4531,0.8375,0.6322,3.1,41.9,0.189,0,clean_catch,0
47good,816,13594.478722308088,0.8471,0.4531,0.8375,0.6322,3.1,41.9,0.189,0,clean_catch,0
47good,817,13611.138622703074,0.8471,0.4531,0.8375,0.6322,3.1,41.9,0.189,0,clean_catch,0
47good,818,13627.79852309806,0.8471,0.4531,0.8375,0.6321,3.1,41.9,0.189,0,clean_catch,0
47good,819,13644.458423493044,0.8472,0.4531,0.8375,0.632,3.1,41.9,0.189,0,clean_catch,0
47good,820,13661.11832388803,0.8472,0.4531,0.8375,0.6318,3.1,41.9,0.188,0,clean_catch,0
47good,821,13677.778224283014,0.8472,0.4531,0.8375,0.6316,3.1,41.9,0.188,0,clean_catch,0
47good,822,13694.438124678001,0.8472,0.453,0.8375,0.6315,3.1,41.9,0.188,0,clean_catch,0
47good,823,13711.098025072986,0.8472,0.4531,0.8375,0.6315,3.1,41.9,0.188,0,clean_catch,0
47good,824,13727.757925467971,0.8472,0.4531,0.8375,0.6315,3.1,41.9,0.188,0,clean_catch,0
47good,825,13744.417825862956,0.8472,0.4531,0.8375,0.6315,3.1,41.9,0.188,0,clean_catch,0
47good,826,13761.077726257941,0.8472,0.4531,0.8376,0.6315,3.1,41.9,0.188,0,clean_catch,0
47good,827,13777.737626652928,0.8472,0.4531,0.8376,0.6315,3.1,41.9,0.188,0,clean_catch,0
47good,828,13794.397527047913,0.8472,0.453,0.8375,0.6314,3.1,41.9,0.188,0,clean_catch,0
47good,829,13811.057427442898,0.8472,0.453,0.8374,0.6314,3.2,41.8,0.188,0,clean_catch,0
47good,830,13827.717327837883,0.8472,0.453,0.8374,0.6315,3.2,41.8,0.188,0,clean_catch,0
47good,831,13844.37722823287,0.8472,0.453,0.8374,0.6315,3.2,41.8,0.188,0,clean_catch,0
47good,832,13861.037128627855,0.8472,0.453,0.8374,0.6314,3.2,41.8,0.188,0,clean_catch,0
47good,833,13877.69702902284,0.8472,0.453,0.8374,0.6315,3.1,41.9,0.188,0,clean_catch,0
47good,834,13894.356929417825,0.8472,0.453,0.8374,0.632,3.1,41.9,0.189,0,clean_catch,0
47good,835,13911.01682981281,0.8472,0.453,0.8374,0.6325,3.1,41.9,0.189,0,clean_catch,0
47good,836,13927.676730207797,0.8472,0.453,0.8374,0.6328,3.1,41.9,0.19,0,clean_catch,0
47good,837,13944.336630602782,0.8471,0.453,0.8374,0.6329,3.1,41.9,0.19,0,clean_catch,0
47good,838,13960.996530997767,0.8471,0.453,0.8375,0.6326,3.1,41.9,0.189,0,clean_catch,0
47good,839,13977.656431392752,0.8471,0.453,0.8376,0.6323,3.0,42.0,0.189,0,clean_catch,0
47good,840,13994.316331787737,0.8471,0.453,0.8377,0.6319,3.0,42.0,0.188,0,clean_catch,0
47good,841,14010.976232182724,0.8471,0.453,0.8377,0.6317,3.0,42.0,0.188,0,clean_catch,0
47good,842,14027.636132577709,0.8471,0.453,0.8378,0.6316,3.0,42.0,0.188,0,clean_catch,0
47good,843,14044.296032972694,0.8471,0.453,0.8378,0.6318,3.0,42.0,0.188,0,clean_catch,0
47good,844,14060.955933367679,0.8471,0.453,0.8377,0.632,3.0,42.0,0.188,0,clean_catch,0
47good,845,14077.615833762666,0.8471,0.4531,0.8377,0.6321,3.0,42.0,0.188,0,clean_catch,0
47good,846,14094.27573415765,0.8471,0.4531,0.8377,0.6321,3.0,42.0,0.188,0,clean_catch,0
47good,847,14110.935634552636,0.8471,0.4531,0.8377,0.632,3.0,42.0,0.188,0,clean_catch,0
47good,848,14127.59553494762,0.8471,0.4531,0.8377,0.6319,3.0,42.0,0.188,0,clean_catch,0
47good,849,14144.255435342606,0.8471,0.4531,0.8377,0.6318,3.0,42.0,0.188,0,clean_catch,0
47good,850,14160.915335737593,0.8471,0.453,0.8377,0.6317,3.0,42.0,0.188,0,clean_catch,0
47good,851,14177.575236132578,0.8471,0.453,0.8376,0.6316,3.0,42.0,0.188,0,clean_catch,0
47good,852,14194.235136527563,0.8471,0.453,0.8376,0.6316,3.0,42.0,0.188,0,clean_catch,0
47good,853,14210.895036922548,0.847,0.453,0.8375,0.6317,3.1,41.9,0.188,0,clean_catch,0
47good,854,14227.554937317533,0.847,0.453,0.8375,0.6318,3.1,41.9,0.188,0,clean_catch,0
47good,855,14244.21483771252,0.847,0.453,0.8374,0.632,3.1,41.9,0.189,0,clean_catch,0
47good,856,14260.874738107505,0.847,0.453,0.8374,0.6324,3.1,41.9,0.189,0,clean_catch,0
47good,857,14277.53463850249,0.847,0.453,0.8374,0.6326,3.1,41.9,0.189,0,clean_catch,0
47good,858,14294.194538897475,0.847,0.453,0.8373,0.6328,3.1,41.9,0.189,0,clean_catch,0
47good,859,14310.854439292461,0.847,0.453,0.8373,0.6328,3.1,41.9,0.19,0,clean_catch,0
47good,860,14327.514339687446,0.847,0.4529,0.8373,0.6326,3.1,41.9,0.189,0,clean_catch,0
47good,861,14344.174240082431,0.847,0.4529,0.8372,0.6326,3.1,41.9,0.189,0,clean_catch,0
47good,862,14360.834140477416,0.847,0.4529,0.8372,0.6325,3.1,41.9,0.189,0,clean_catch,0
47good,863,14377.494040872401,0.847,0.4529,0.8371,0.6324,3.2,41.8,0.189,0,clean_catch,0
47good,864,14394.153941267388,0.847,0.4529,0.8371,0.6324,3.2,41.8,0.189,0,clean_catch,0
47good,865,14410.813841662373,0.847,0.453,0.837,0.6324,3.2,41.8,0.189,0,clean_catch,0
47good,866,14427.473742057358,0.847,0.453,0.837,0.6325,3.2,41.8,0.189,0,clean_catch,0
47good,867,14444.133642452343,0.847,0.453,0.837,0.6325,3.2,41.8,0.189,0,clean_catch,0
47good,868,14460.793542847328,0.847,0.453,0.837,0.6324,3.2,41.8,0.189,0,clean_catch,0
47good,869,14477.453443242315,0.847,0.453,0.837,0.6322,3.2,41.8,0.189,0,clean_catch,0
47good,870,14494.1133436373,0.847,0.453,0.837,0.6321,3.2,41.8,0.189,0,clean_catch,0
47good,871,14510.773244032285,0.847,0.453,0.8369,0.6321,3.2,41.8,0.189,0,clean_catch,0
47good,872,14527.43314442727,0.847,0.4531,0.8369,0.6321,3.2,41.8,0.189,0,clean_catch,0
47good,873,14544.093044822255,0.847,0.4531,0.8368,0.6321,3.3,41.7,0.189,0,clean_catch,0
47good,874,14560.752945217242,0.847,0.4531,0.8368,0.6321,3.3,41.7,0.189,0,clean_catch,0
47good,875,14577.412845612227,0.847,0.4531,0.8367,0.6322,3.3,41.7,0.189,0,clean_catch,0
47good,876,14594.072746007212,0.847,0.4531,0.8367,0.6323,3.3,41.7,0.189,0,clean_catch,0
47good,877,14610.732646402197,0.847,0.4531,0.8367,0.6323,3.3,41.7,0.19,0,clean_catch,0
47good,878,14627.392546797184,0.847,0.4531,0.8366,0.6324,3.3,41.7,0.19,0,clean_catch,0
47good,879,14644.052447192169,0.847,0.4531,0.8365,0.6326,3.4,41.6,0.19,0,clean_catch,0
47good,880,14660.712347587154,0.847,0.4531,0.8364,0.6327,3.4,41.6,0.19,0,clean_catch,0
47good,881,14677.372247982139,0.847,0.4531,0.8364,0.6329,3.4,41.6,0.19,0,clean_catch,0
47good,882,14694.032148377124,0.847,0.4531,0.8364,0.633,3.4,41.6,0.191,0,clean_catch,0
47good,883,14710.69204877211,0.847,0.4532,0.8364,0.6331,3.4,41.6,0.191,0,clean_catch,0
47good,884,14727.351949167096,0.847,0.4532,0.8364,0.6332,3.4,41.6,0.191,0,clean_catch,0
47good,885,14744.01184956208,0.847,0.4532,0.8364,0.6333,3.4,41.6,0.191,0,clean_catch,0
47good,886,14760.671749957066,0.847,0.4532,0.8365,0.6333,3.4,41.6,0.191,0,clean_catch,0
47good,887,14777.331650352051,0.8471,0.4532,0.8365,0.6334,3.4,41.6,0.191,0,clean_catch,0
47good,888,14793.991550747038,0.8471,0.4532,0.8365,0.6335,3.3,41.7,0.191,0,clean_catch,0
47good,889,14810.651451142023,0.8471,0.4533,0.8366,0.6335,3.3,41.7,0.191,0,clean_catch,0
47good,890,14827.311351537008,0.8471,0.4533,0.8366,0.6336,3.3,41.7,0.191,0,clean_catch,0
47good,891,14843.971251931993,0.8472,0.4533,0.8367,0.6336,3.3,41.7,0.191,0,clean_catch,0
47good,892,14860.63115232698,0.8472,0.4533,0.8369,0.6336,3.3,41.7,0.191,0,clean_catch,0
47good,893,14877.291052721965,0.8473,0.4533,0.837,0.6337,3.3,41.7,0.191,0,clean_catch,0
47good,894,14893.95095311695,0.8473,0.4533,0.8372,0.6338,3.2,41.8,0.191,0,clean_catch,0
47good,895,14910.610853511935,0.8474,0.4532,0.8374,0.6339,3.2,41.8,0.191,0,clean_catch,0
47good,896,14927.27075390692,0.8474,0.4532,0.8376,0.634,3.1,41.9,0.191,0,clean_catch,0
47good,897,14943.930654301907,0.8474,0.4532,0.8377,0.6339,3.1,41.9,0.19,0,clean_catch,0
47good,898,14960.590554696892,0.8474,0.4533,0.8377,0.634,3.1,41.9,0.19,0,clean_catch,0
47good,899,14977.250455091877,0.8474,0.4533,0.8377,0.634,3.1,41.9,0.19,0,clean_catch,0
47good,900,14993.910355486862,0.8475,0.4533,0.8378,0.634,3.1,41.9,0.19,0,clean_catch,0
47good,901,15010.570255881847,0.8475,0.4533,0.8378,0.6341,3.1,41.9,0.19,0,clean_catch,0
47good,902,15027.230156276833,0.8475,0.4533,0.8377,0.6341,3.1,41.9,0.191,0,clean_catch,0
47good,903,15043.890056671818,0.8475,0.4533,0.8377,0.6341,3.1,41.9,0.191,0,clean_catch,0
47good,904,15060.549957066803,0.8475,0.4533,0.8377,0.6341,3.1,41.9,0.191,0,clean_catch,0
47good,905,15077.209857461788,0.8475,0.4533,0.8378,0.634,3.1,41.9,0.19,0,clean_catch,0
47good,906,15093.869757856774,0.8475,0.4534,0.8378,0.6341,3.1,41.9,0.19,0,clean_catch,0
47good,907,15110.52965825176,0.8475,0.4534,0.8378,0.6342,3.1,41.9,0.191,0,clean_catch,0
47good,908,15127.189558646745,0.8475,0.4534,0.8378,0.6344,3.1,41.9,0.191,0,clean_catch,0
47good,909,15143.84945904173,0.8475,0.4534,0.8378,0.6345,3.1,41.9,0.191,0,clean_catch,0
47good,910,15160.509359436715,0.8475,0.4534,0.8379,0.6346,3.0,42.0,0.191,0,clean_catch,0
47good,911,15177.169259831702,0.8475,0.4534,0.8381,0.6346,3.0,42.0,0.191,0,clean_catch,0
47good,912,15193.829160226687,0.8474,0.4534,0.8382,0.6346,2.9,42.1,0.19,0,clean_catch,0
47good,913,15210.489060621672,0.8474,0.4534,0.8383,0.6347,2.9,42.1,0.19,0,clean_catch,0
47good,914,15227.148961016657,0.8474,0.4535,0.8383,0.6347,2.9,42.1,0.19,0,clean_catch,0
47good,915,15243.808861411642,0.8474,0.4535,0.8384,0.6347,2.9,42.1,0.19,0,clean_catch,0
47good,916,15260.46876180663,0.8474,0.4535,0.8383,0.6346,2.9,42.1,0.19,0,clean_catch,0
47good,917,15277.128662201614,0.8474,0.4535,0.8383,0.6346,2.9,42.1,0.19,0,clean_catch,0
47good,918,15293.7885625966,0.8474,0.4535,0.8383,0.6345,2.9,42.1,0.19,0,clean_catch,0
47good,919,15310.448462991584,0.8474,0.4536,0.8383,0.6346,2.9,42.1,0.19,0,clean_catch,0
47good,920,15327.10836338657,0.8474,0.4536,0.8382,0.6346,2.9,42.1,0.19,0,clean_catch,0
47good,921,15343.768263781556,0.8474,0.4536,0.8383,0.6346,2.9,42.1,0.19,0,clean_catch,0
47good,922,15360.428164176541,0.8474,0.4536,0.8384,0.6345,2.9,42.1,0.19,0,clean_catch,0
47good,923,15377.088064571526,0.8474,0.4536,0.8385,0.6345,2.8,42.2,0.19,0,clean_catch,0
47good,924,15393.747964966511,0.8474,0.4536,0.8385,0.6344,2.8,42.2,0.19,0,clean_catch,0
47good,925,15410.407865361498,0.8474,0.4536,0.8385,0.6345,2.8,42.2,0.19,0,clean_catch,0
47good,926,15427.067765756483,0.8473,0.4537,0.8385,0.6345,2.8,42.2,0.19,0,clean_catch,0
47good,927,15443.727666151468,0.8473,0.4537,0.8384,0.6346,2.8,42.2,0.19,0,clean_catch,0
47good,928,15460.387566546453,0.8473,0.4537,0.8383,0.6345,2.9,42.1,0.19,0,clean_catch,0
47good,929,15477.047466941438,0.8473,0.4537,0.8382,0.6345,2.9,42.1,0.19,0,clean_catch,0
47good,930,15493.707367336425,0.8473,0.4537,0.8382,0.6345,2.9,42.1,0.19,0,clean_catch,0
47good,931,15510.36726773141,0.8473,0.4537,0.8382,0.6345,2.9,42.1,0.19,0,clean_catch,0
47good,932,15527.027168126395,0.8473,0.4538,0.8382,0.6346,2.9,42.1,0.19,0,clean_catch,0
47good,933,15543.68706852138,0.8473,0.4538,0.8382,0.6345,2.9,42.1,0.19,0,clean_catch,0
47good,934,15560.346968916365,0.8473,0.4538,0.8382,0.6344,2.9,42.1,0.19,0,clean_catch,0
47good,935,15577.006869311352,0.8473,0.4538,0.8382,0.6343,2.9,42.1,0.19,0,clean_catch,0
47good,936,15593.666769706337,0.8474,0.4538,0.8383,0.6343,2.9,42.1,0.19,0,clean_catch,0
47good,937,15610.326670101322,0.8474,0.4538,0.8383,0.6342,2.9,42.1,0.189,0,clean_catch,0
47good,938,15626.986570496307,0.8474,0.4538,0.8383,0.6343,2.9,42.1,0.19,0,clean_catch,0
47good,939,15643.646470891292,0.8474,0.4539,0.8382,0.6346,2.9,42.1,0.19,0,clean_catch,0
47good,940,15660.306371286279,0.8474,0.4539,0.8381,0.6348,2.9,42.1,0.19,0,clean_catch,0
47good,941,15676.966271681264,0.8474,0.4539,0.8381,0.6349,2.9,42.1,0.19,0,clean_catch,0
47good,942,15693.626172076249,0.8474,0.4539,0.8381,0.6351,3.0,42.0,0.19,0,clean_catch,0
47good,943,15710.286072471234,0.8474,0.454,0.8381,0.6352,2.9,42.1,0.19,0,clean_catch,0
47good,944,15726.94597286622,0.8474,0.454,0.8382,0.6354,2.9,42.1,0.191,0,clean_catch,0
47good,945,15743.605873261205,0.8474,0.454,0.8382,0.6356,2.9,42.1,0.191,0,clean_catch,0
47good,946,15760.26577365619,0.8474,0.454,0.8382,0.6357,2.9,42.1,0.191,0,clean_catch,0
47good,947,15776.925674051176,0.8474,0.454,0.8381,0.6356,2.9,42.1,0.191,0,clean_catch,0
47good,948,15793.58557444616,0.8474,0.454,0.838,0.6356,3.0,42.0,0.191,0,clean_catch,0
47good,949,15810.245474841147,0.8474,0.4541,0.838,0.6357,3.0,42.0,0.191,0,clean_catch,0
47good,950,15826.905375236132,0.8474,0.4542,0.838,0.6359,3.0,42.0,0.191,0,clean_catch,0
47good,951,15843.565275631117,0.8475,0.4542,0.8381,0.6362,3.0,42.0,0.191,0,clean_catch,0
47good,952,15860.225176026102,0.8475,0.4543,0.8382,0.6365,2.9,42.1,0.191,0,clean_catch,0
47good,953,15876.885076421087,0.8475,0.4544,0.8383,0.6366,2.9,42.1,0.191,0,clean_catch,0
47good,954,15893.544976816074,0.8475,0.4544,0.8384,0.6365,2.9,42.1,0.191,0,clean_catch,0
47good,955,15910.20487721106,0.8476,0.4544,0.8386,0.6362,2.8,42.2,0.191,0,clean_catch,0
47good,956,15926.864777606044,0.8477,0.4544,0.8387,0.6359,2.8,42.2,0.19,0,clean_catch,0
47good,957,15943.52467800103,0.8478,0.4544,0.8388,0.6354,2.9,42.1,0.19,0,clean_catch,0
47good,958,15960.184578396016,0.8479,0.4545,0.8389,0.6352,2.9,42.1,0.19,0,clean_catch,0
47good,959,15976.844478791001,0.8481,0.4545,0.839,0.6351,2.9,42.1,0.19,0,clean_catch,0
47good,960,15993.504379185986,0.8481,0.4546,0.8391,0.635,2.9,42.1,0.189,0,clean_catch,0
47good,961,16010.164279580971,0.8482,0.4547,0.8392,0.635,2.9,42.1,0.189,0,clean_catch,0
47good,962,16026.824179975956,0.8483,0.4548,0.8392,0.6352,2.9,42.1,0.19,0,clean_catch,0
47good,963,16043.484080370943,0.8483,0.4548,0.8392,0.6355,2.9,42.1,0.19,0,clean_catch,0
47good,964,16060.143980765928,0.8484,0.4548,0.8392,0.6359,2.9,42.1,0.19,0,clean_catch,0
47good,965,16076.803881160913,0.8484,0.4549,0.8393,0.6362,2.9,42.1,0.19,0,clean_catch,0
47good,966,16093.463781555898,0.8485,0.4549,0.8394,0.6363,2.9,42.1,0.19,0,clean_catch,0
47good,967,16110.123681950883,0.8485,0.4549,0.8395,0.6363,2.9,42.1,0.19,0,clean_catch,0
47good,968,16126.78358234587,0.8485,0.455,0.8395,0.6362,2.8,42.2,0.19,0,clean_catch,0
47good,969,16143.443482740855,0.8486,0.455,0.8396,0.6362,2.8,42.2,0.19,0,clean_catch,0
47good,970,16160.10338313584,0.8486,0.455,0.8396,0.6363,2.8,42.2,0.19,0,clean_catch,0
47good,971,16176.763283530825,0.8487,0.455,0.8397,0.6364,2.9,42.1,0.19,0,clean_catch,0
47good,972,16193.423183925812,0.8488,0.4551,0.8397,0.6365,2.9,42.1,0.19,0,clean_catch,0
47good,973,16210.083084320797,0.8489,0.4551,0.8398,0.6366,2.9,42.1,0.191,0,clean_catch,0
47good,974,16226.742984715782,0.8489,0.4551,0.8399,0.6367,2.9,42.1,0.191,0,clean_catch,0
47good,975,16243.402885110767,0.849,0.4552,0.8399,0.6371,2.9,42.1,0.191,0,clean_catch,0
47good,976,16260.062785505752,0.849,0.4553,0.8399,0.6376,2.9,42.1,0.191,0,clean_catch,0
47good,977,16276.722685900739,0.849,0.4553,0.8397,0.6382,2.9,42.1,0.192,0,clean_catch,0
47good,978,16293.382586295724,0.8491,0.4554,0.8397,0.6388,2.9,42.1,0.193,0,clean_catch,0
47good,979,16310.042486690709,0.8491,0.4554,0.8397,0.6392,2.9,42.1,0.193,0,clean_catch,0
47good,980,16326.702387085694,0.8491,0.4554,0.8398,0.6395,2.9,42.1,0.194,0,clean_catch,0
47good,981,16343.362287480679,0.8492,0.4554,0.8399,0.6397,2.9,42.1,0.194,0,clean_catch,0
47good,982,16360.022187875666,0.8492,0.4555,0.84,0.6397,2.9,42.1,0.194,0,clean_catch,0
47good,983,16376.68208827065,0.8492,0.4555,0.8401,0.6398,2.9,42.1,0.194,0,clean_catch,0
47good,984,16393.341988665637,0.8493,0.4556,0.8401,0.64,2.9,42.1,0.194,0,clean_catch,0
47good,985,16410.001889060622,0.8493,0.4556,0.84,0.6402,2.9,42.1,0.194,0,clean_catch,0
47good,986,16426.661789455608,0.8493,0.4556,0.84,0.6403,2.9,42.1,0.194,0,clean_catch,0
47good,987,16443.321689850593,0.8493,0.4556,0.8399,0.6403,2.9,42.1,0.194,0,clean_catch,0
47good,988,16459.981590245578,0.8493,0.4555,0.8397,0.6402,3.0,42.0,0.194,0,clean_catch,0
47good,989,16476.641490640563,0.8493,0.4555,0.8397,0.6399,3.0,42.0,0.194,0,clean_catch,0
47good,990,16493.301391035548,0.8493,0.4555,0.8397,0.6394,3.0,42.0,0.194,0,clean_catch,0
47good,991,16509.961291430533,0.8493,0.4555,0.8398,0.6389,3.0,42.0,0.193,0,clean_catch,0
47good,992,16526.621191825518,0.8493,0.4555,0.84,0.6383,2.9,42.1,0.192,0,clean_catch,0
47good,993,16543.281092220503,0.8494,0.4554,0.8401,0.6377,2.9,42.1,0.192,0,clean_catch,0
47good,994,16559.94099261549,0.8494,0.4554,0.84,0.6374,3.0,42.0,0.191,0,clean_catch,0
47good,995,16576.600893010476,0.8494,0.4554,0.84,0.6374,3.0,42.0,0.191,0,clean_catch,0
47good,996,16593.26079340546,0.8494,0.4554,0.84,0.6374,3.0,42.0,0.191,0,clean_catch,0
47good,997,16609.920693800446,0.8495,0.4554,0.8399,0.6373,3.0,42.0,0.192,0,clean_catch,0
47good,998,16626.58059419543,0.8495,0.4553,0.8399,0.6373,3.0,42.0,0.192,0,clean_catch,0
47good,999,16643.240494590416,0.8495,0.4553,0.8399,0.6372,3.0,42.0,0.191,0,clean_catch,0
47good,1000,16659.9003949854,0.8495,0.4553,0.8399,0.637,3.0,42.0,0.191,0,clean_catch,0
47good,1001,16676.560295380386,0.8495,0.4553,0.8399,0.6368,3.0,42.0,0.191,0,clean_catch,0
47good,1002,16693.22019577537,0.8495,0.4553,0.8399,0.6367,3.0,42.0,0.191,0,clean_catch,0
47good,1003,16709.88009617036,0.8496,0.4553,0.8398,0.6367,3.1,41.9,0.191,0,clean_catch,0
47good,1004,16726.539996565345,0.8496,0.4553,0.8396,0.6369,3.1,41.9,0.192,0,clean_catch,0
47good,1005,16743.19989696033,0.8495,0.4553,0.8394,0.6371,3.2,41.8,0.192,0,clean_catch,0
47good,1006,16759.859797355315,0.8495,0.4554,0.8392,0.6373,3.3,41.7,0.192,0,clean_catch,0
47good,1007,16776.5196977503,0.8495,0.4554,0.839,0.6374,3.3,41.7,0.192,0,clean_catch,0
47good,1008,16793.179598145285,0.8495,0.4555,0.839,0.6373,3.3,41.7,0.192,0,clean_catch,0
47good,1009,16809.83949854027,0.8496,0.4555,0.839,0.6372,3.3,41.7,0.192,0,clean_catch,0
47good,1010,16826.499398935255,0.8496,0.4556,0.8391,0.637,3.3,41.7,0.192,0,clean_catch,0
47good,1011,16843.15929933024,0.8495,0.4556,0.8392,0.6367,3.3,41.7,0.192,0,clean_catch,0
47good,1012,16859.81919972523,0.8495,0.4556,0.8393,0.6364,3.2,41.8,0.191,0,clean_catch,0
47good,1013,16876.479100120214,0.8495,0.4556,0.8394,0.6362,3.2,41.8,0.191,0,clean_catch,0
47good,1014,16893.1390005152,0.8496,0.4556,0.8395,0.636,3.2,41.8,0.19,0,clean_catch,0
47good,1015,16909.798900910184,0.8496,0.4556,0.8395,0.636,3.2,41.8,0.19,0,clean_catch,0
47good,1016,16926.45880130517,0.8496,0.4556,0.8395,0.6361,3.2,41.8,0.191,0,clean_catch,0
47good,1017,16943.118701700154,0.8496,0.4556,0.8395,0.6362,3.2,41.8,0.191,0,clean_catch,0
47good,1018,16959.77860209514,0.8496,0.4556,0.8395,0.6363,3.2,41.8,0.191,0,clean_catch,0
47good,1019,16976.438502490124,0.8495,0.4556,0.8395,0.6364,3.2,41.8,0.191,0,clean_catch,0
47good,1020,16993.09840288511,0.8495,0.4556,0.8395,0.6365,3.2,41.8,0.191,0,clean_catch,0
47good,1021,17009.758303280094,0.8495,0.4556,0.8395,0.6365,3.2,41.8,0.191,0,clean_catch,0
47good,1022,17026.418203675083,0.8495,0.4556,0.8395,0.6366,3.2,41.8,0.191,0,clean_catch,0
47good,1023,17043.078104070068,0.8495,0.4556,0.8395,0.6366,3.2,41.8,0.191,0,clean_catch,0
47good,1024,17059.738004465053,0.8495,0.4556,0.8395,0.6366,3.2,41.8,0.191,0,clean_catch,0
47good,1025,17076.397904860038,0.8495,0.4556,0.8395,0.6366,3.2,41.8,0.191,0,clean_catch,0
47good,1026,17093.057805255023,0.8495,0.4556,0.8395,0.6368,3.2,41.8,0.191,0,clean_catch,0
47good,1027,17109.717705650008,0.8495,0.4556,0.8395,0.6369,3.2,41.8,0.191,0,clean_catch,0
47good,1028,17126.377606044993,0.8495,0.4555,0.8395,0.637,3.2,41.8,0.191,0,clean_catch,0
47good,1029,17143.037506439978,0.8495,0.4555,0.8394,0.637,3.2,41.8,0.192,0,clean_catch,0
47good,1030,17159.697406834963,0.8494,0.4555,0.8393,0.637,3.2,41.8,0.192,0,clean_catch,0
47good,1031,17176.35730722995,0.8494,0.4555,0.8392,0.6369,3.2,41.8,0.192,0,clean_catch,0
47good,1032,17193.017207624936,0.8494,0.4555,0.8391,0.6369,3.3,41.7,0.192,0,clean_catch,0
47good,1033,17209.67710801992,0.8494,0.4555,0.8392,0.6369,3.3,41.7,0.192,0,clean_catch,0
47good,1034,17226.337008414906,0.8494,0.4555,0.8392,0.6368,3.3,41.7,0.192,0,clean_catch,0
47good,1035,17242.99690880989,0.8494,0.4555,0.8392,0.6367,3.3,41.7,0.191,0,clean_catch,0
47good,1036,17259.656809204876,0.8494,0.4555,0.8391,0.6367,3.3,41.7,0.191,0,clean_catch,0
47good,1037,17276.31670959986,0.8494,0.4556,0.8391,0.6366,3.3,41.7,0.191,0,clean_catch,0
47good,1038,17292.976609994847,0.8494,0.4556,0.8391,0.6366,3.2,41.8,0.191,0,clean_catch,0
47good,1039,17309.63651038983,0.8494,0.4556,0.8392,0.6365,3.2,41.8,0.191,0,clean_catch,0
47good,1040,17326.296410784817,0.8494,0.4557,0.8391,0.6366,3.2,41.8,0.191,0,clean_catch,0
47good,1041,17342.956311179805,0.8493,0.4557,0.8391,0.6367,3.2,41.8,0.191,0,clean_catch,0
47good,1042,17359.61621157479,0.8493,0.4557,0.8391,0.637,3.2,41.8,0.191,0,clean_catch,0
47good,1043,17376.276111969775,0.8493,0.4558,0.8391,0.6373,3.2,41.8,0.192,0,clean_catch,0
47good,1044,17392.93601236476,0.8493,0.4559,0.8391,0.6375,3.2,41.8,0.192,0,clean_catch,0
47good,1045,17409.595912759745,0.8493,0.4559,0.8391,0.6375,3.2,41.8,0.192,0,clean_catch,0
47good,1046,17426.25581315473,0.8493,0.4559,0.8392,0.6375,3.2,41.8,0.192,0,clean_catch,0
47good,1047,17442.915713549715,0.8494,0.4559,0.8392,0.6375,3.2,41.8,0.192,0,clean_catch,0
47good,1048,17459.5756139447,0.8494,0.4559,0.8392,0.6375,3.2,41.8,0.192,0,clean_catch,0
47good,1049,17476.235514339685,0.8494,0.4559,0.8392,0.6375,3.2,41.8,0.192,0,clean_catch,0
47good,1050,17492.895414734674,0.8494,0.4559,0.8392,0.6377,3.2,41.8,0.192,0,clean_catch,0
47good,1051,17509.55531512966,0.8494,0.4559,0.8392,0.6379,3.2,41.8,0.192,0,clean_catch,0
47good,1052,17526.215215524644,0.8494,0.4559,0.8392,0.6381,3.2,41.8,0.192,0,clean_catch,0
47good,1053,17542.87511591963,0.8494,0.4559,0.8391,0.6383,3.2,41.8,0.193,0,clean_catch,0
47good,1054,17559.535016314614,0.8494,0.4559,0.8391,0.6384,3.2,41.8,0.193,0,clean_catch,0
47good,1055,17576.1949167096,0.8494,0.4559,0.8392,0.6385,3.2,41.8,0.193,0,clean_catch,0
47good,1056,17592.854817104584,0.8494,0.456,0.8392,0.6385,3.2,41.8,0.193,0,clean_catch,0
47good,1057,17609.51471749957,0.8494,0.456,0.8393,0.6385,3.2,41.8,0.193,0,clean_catch,0
47good,1058,17626.174617894554,0.8494,0.456,0.8394,0.6384,3.2,41.8,0.192,0,clean_catch,0
47good,1059,17642.83451828954,0.8494,0.456,0.8394,0.6384,3.1,41.9,0.192,0,clean_catch,0
47good,1060,17659.494418684528,0.8494,0.456,0.8394,0.6384,3.2,41.8,0.192,0,clean_catch,0
47good,1061,17676.154319079513,0.8494,0.4559,0.8393,0.6385,3.2,41.8,0.193,0,clean_catch,0
47good,1062,17692.814219474498,0.8494,0.4559,0.8392,0.6386,3.2,41.8,0.193,0,clean_catch,0
47good,1063,17709.474119869483,0.8494,0.4558,0.8392,0.6385,3.2,41.8,0.193,0,clean_catch,0
47good,1064,17726.134020264468,0.8495,0.4558,0.8393,0.6383,3.2,41.8,0.193,0,clean_catch,0
47good,1065,17742.793920659453,0.8495,0.4558,0.8393,0.638,3.2,41.8,0.192,0,clean_catch,0
47good,1066,17759.453821054438,0.8495,0.4558,0.8393,0.6378,3.2,41.8,0.192,0,clean_catch,0
47good,1067,17776.113721449423,0.8495,0.4558,0.8393,0.6378,3.2,41.8,0.192,0,clean_catch,0
47good,1068,17792.773621844408,0.8495,0.4558,0.8393,0.6378,3.2,41.8,0.192,0,clean_catch,0
47good,1069,17809.433522239397,0.8495,0.4559,0.8393,0.6379,3.2,41.8,0.192,0,clean_catch,0
47good,1070,17826.09342263438,0.8495,0.4559,0.8393,0.6376,3.2,41.8,0.192,0,clean_catch,0
47good,1071,17842.753323029367,0.8494,0.4559,0.8393,0.6371,3.2,41.8,0.191,0,clean_catch,0
47good,1072,17859.41322342435,0.8494,0.456,0.8394,0.6366,3.2,41.8,0.191,0,clean_catch,0
47good,1073,17876.073123819337,0.8495,0.456,0.8394,0.6363,3.2,41.8,0.19,0,clean_catch,0
47good,1074,17892.73302421432,0.8495,0.456,0.8394,0.6363,3.2,41.8,0.19,0,clean_catch,0
47good,1075,17909.392924609307,0.8495,0.456,0.8394,0.6364,3.2,41.8,0.19,0,clean_catch,0
47good,1076,17926.05282500429,0.8495,0.456,0.8394,0.6364,3.2,41.8,0.19,0,clean_catch,0
47good,1077,17942.712725399277,0.8495,0.4559,0.8394,0.6363,3.2,41.8,0.19,0,clean_catch,0
47good,1078,17959.372625794265,0.8495,0.4559,0.8394,0.6363,3.2,41.8,0.191,0,clean_catch,0
47good,1079,17976.03252618925,0.8495,0.4559,0.8393,0.6364,3.2,41.8,0.191,0,clean_catch,0
47good,1080,17992.692426584235,0.8494,0.4559,0.8393,0.6365,3.2,41.8,0.191,0,clean_catch,0
47good,1081,18009.35232697922,0.8493,0.456,0.8392,0.6367,3.2,41.8,0.191,0,clean_catch,0
47good,1082,18026.012227374205,0.8493,0.456,0.8392,0.6368,3.2,41.8,0.191,0,clean_catch,0
47good,1083,18042.67212776919,0.8492,0.456,0.8392,0.637,3.2,41.8,0.191,0,clean_catch,0
47good,1084,18059.332028164175,0.8492,0.4561,0.8392,0.637,3.2,41.8,0.191,0,clean_catch,0
47good,1085,18075.99192855916,0.8492,0.4561,0.8392,0.637,3.2,41.8,0.191,0,clean_catch,0
47good,1086,18092.651828954145,0.8492,0.4561,0.8393,0.637,3.1,41.9,0.191,0,clean_catch,0
47good,1087,18109.31172934913,0.8492,0.4561,0.8393,0.637,3.1,41.9,0.191,0,clean_catch,0
47good,1088,18125.97162974412,0.8491,0.4561,0.8393,0.637,3.1,41.9,0.191,0,clean_catch,0
47good,1089,18142.631530139104,0.8491,0.4561,0.8391,0.6369,3.2,41.8,0.191,0,clean_catch,0
47good,1090,18159.29143053409,0.849,0.4561,0.839,0.6367,3.2,41.8,0.191,0,clean_catch,0
47good,1091,18175.951330929074,0.849,0.4561,0.8389,0.6364,3.2,41.8,0.19,0,clean_catch,0
47good,1092,18192.61123132406,0.849,0.4561,0.8389,0.6362,3.2,41.8,0.19,0,clean_catch,0
47good,1093,18209.271131719044,0.849,0.4561,0.8389,0.6362,3.2,41.8,0.19,0,clean_catch,0
47good,1094,18225.93103211403,0.849,0.4561,0.839,0.6362,3.2,41.8,0.19,0,clean_catch,0
47good,1095,18242.590932509014,0.8489,0.4561,0.8391,0.6361,3.1,41.9,0.19,0,clean_catch,0
47good,1096,18259.250832904,0.8489,0.4561,0.8392,0.636,3.1,41.9,0.19,0,clean_catch,0
47good,1097,18275.910733298988,0.8489,0.4561,0.8392,0.636,3.1,41.9,0.19,0,clean_catch,0
47good,1098,18292.570633693973,0.8489,0.456,0.8392,0.6359,3.1,41.9,0.189,0,clean_catch,0
47good,1099,18309.230534088958,0.8488,0.456,0.8393,0.6358,3.0,42.0,0.189,0,clean_catch,0
47good,1100,18325.890434483943,0.8488,0.456,0.8394,0.6355,3.0,42.0,0.189,0,clean_catch,0
47good,1101,18342.550334878928,0.8488,0.4559,0.8395,0.6352,3.0,42.0,0.189,0,clean_catch,0
47good,1102,18359.210235273913,0.8487,0.4559,0.8397,0.6348,2.9,42.1,0.188,0,clean_catch,0
47good,1103,18375.870135668898,0.8487,0.456,0.8398,0.6346,2.9,42.1,0.188,0,clean_catch,0
47good,1104,18392.530036063883,0.8487,0.456,0.8399,0.6348,2.8,42.2,0.188,0,clean_catch,0
47good,1105,18409.189936458868,0.8486,0.4561,0.8399,0.6352,2.8,42.2,0.188,0,clean_catch,0
47good,1106,18425.849836853853,0.8486,0.4561,0.8399,0.6356,2.8,42.2,0.188,0,clean_catch,0
47good,1107,18442.50973724884,0.8486,0.4562,0.8399,0.6359,2.8,42.2,0.188,0,clean_catch,0
47good,1108,18459.169637643827,0.8486,0.4562,0.8399,0.636,2.8,42.2,0.189,0,clean_catch,0
47good,1109,18475.82953803881,0.8486,0.4562,0.8399,0.6359,2.8,42.2,0.188,0,clean_catch,0
47good,1110,18492.489438433797,0.8486,0.4562,0.8399,0.6359,2.8,42.2,0.188,0,clean_catch,0
47good,1111,18509.14933882878,0.8486,0.4562,0.8398,0.6359,2.8,42.2,0.188,0,clean_catch,0
47good,1112,18525.809239223767,0.8486,0.4563,0.8398,0.636,2.8,42.2,0.189,0,clean_catch,0
47good,1113,18542.46913961875,0.8485,0.4563,0.8397,0.6361,2.8,42.2,0.189,0,clean_catch,0
47good,1114,18559.129040013737,0.8485,0.4563,0.8398,0.636,2.8,42.2,0.188,0,clean_catch,0
47good,1115,18575.788940408722,0.8485,0.4563,0.8398,0.636,2.8,42.2,0.188,0,clean_catch,0
47good,1116,18592.44884080371,0.8485,0.4563,0.8399,0.6359,2.7,42.3,0.188,0,clean_catch,0
47good,1117,18609.108741198695,0.8485,0.4563,0.84,0.6357,2.7,42.3,0.188,0,clean_catch,0
47good,1118,18625.76864159368,0.8485,0.4563,0.84,0.6355,2.7,42.3,0.188,0,clean_catch,0
47good,1119,18642.428541988666,0.8484,0.4564,0.84,0.6354,2.7,42.3,0.188,0,clean_catch,0
47good,1120,18659.08844238365,0.8484,0.4564,0.84,0.6355,2.7,42.3,0.187,0,clean_catch,0
47good,1121,18675.748342778636,0.8483,0.4564,0.84,0.6356,2.7,42.3,0.188,0,clean_catch,0
47good,1122,18692.40824317362,0.8483,0.4564,0.84,0.6356,2.6,42.4,0.187,0,clean_catch,0
47good,1123,18709.068143568606,0.8483,0.4564,0.84,0.6355,2.7,42.3,0.187,0,clean_catch,0
47good,1124,18725.72804396359,0.8482,0.4564,0.8399,0.6354,2.7,42.3,0.187,0,clean_catch,0
47good,1125,18742.38794435858,0.8482,0.4564,0.8398,0.6354,2.7,42.3,0.187,0,clean_catch,0
47good,1126,18759.047844753564,0.8482,0.4564,0.8398,0.6354,2.7,42.3,0.187,0,clean_catch,0
47good,1127,18775.70774514855,0.8482,0.4564,0.8398,0.6354,2.7,42.3,0.187,0,clean_catch,0
47good,1128,18792.367645543534,0.8481,0.4564,0.8398,0.6354,2.7,42.3,0.187,0,clean_catch,0
47good,1129,18809.02754593852,0.8481,0.4564,0.8398,0.6351,2.7,42.3,0.187,0,clean_catch,0
47good,1130,18825.687446333504,0.8481,0.4564,0.8398,0.6348,2.7,42.3,0.187,0,clean_catch,0
47good,1131,18842.34734672849,0.8481,0.4564,0.8398,0.6346,2.7,42.3,0.186,0,clean_catch,0
47good,1132,18859.007247123474,0.8481,0.4564,0.8397,0.6344,2.7,42.3,0.186,0,clean_catch,0
47good,1133,18875.66714751846,0.8481,0.4564,0.8397,0.6344,2.7,42.3,0.186,0,clean_catch,0
47good,1134,18892.327047913444,0.8481,0.4564,0.8397,0.6346,2.7,42.3,0.187,0,clean_catch,0
47good,1135,18908.986948308433,0.8481,0.4564,0.8396,0.6349,2.7,42.3,0.187,0,clean_catch,0
47good,1136,18925.646848703418,0.8481,0.4564,0.8396,0.6353,2.7,42.3,0.187,0,clean_catch,0
47good,1137,18942.306749098403,0.8481,0.4565,0.8396,0.6358,2.7,42.3,0.188,0,clean_catch,0
47good,1138,18958.966649493388,0.8481,0.4565,0.8395,0.6359,2.7,42.3,0.188,0,clean_catch,0
47good,1139,18975.626549888373,0.8481,0.4565,0.8395,0.6357,2.8,42.2,0.188,0,clean_catch,0
47good,1140,18992.286450283358,0.8481,0.4565,0.8395,0.6353,2.8,42.2,0.187,0,clean_catch,0
47good,1141,19008.946350678343,0.8481,0.4566,0.8394,0.635,2.8,42.2,0.187,0,clean_catch,0
47good,1142,19025.606251073328,0.8481,0.4566,0.8394,0.6349,2.8,42.2,0.187,0,clean_catch,0
47good,1143,19042.266151468313,0.8481,0.4567,0.8394,0.635,2.8,42.2,0.187,0,clean_catch,0
47good,1144,19058.926051863302,0.8481,0.4567,0.8394,0.6352,2.8,42.2,0.187,0,clean_catch,0
47good,1145,19075.585952258287,0.8481,0.4567,0.8394,0.6352,2.8,42.2,0.187,0,clean_catch,0
47good,1146,19092.245852653272,0.8481,0.4567,0.8395,0.6352,2.8,42.2,0.187,0,clean_catch,0
47good,1147,19108.905753048257,0.8481,0.4567,0.8395,0.6352,2.8,42.2,0.187,0,clean_catch,0
47good,1148,19125.565653443242,0.8482,0.4567,0.8395,0.6353,2.8,42.2,0.187,0,clean_catch,0
47good,1149,19142.225553838227,0.8482,0.4567,0.8394,0.6356,2.8,42.2,0.188,0,clean_catch,0
47good,1150,19158.885454233212,0.8482,0.4568,0.8394,0.636,2.8,42.2,0.188,0,clean_catch,0
47good,1151,19175.545354628197,0.8482,0.4568,0.8393,0.6361,2.8,42.2,0.188,0,clean_catch,0
47good,1152,19192.205255023182,0.8482,0.4569,0.8393,0.6363,2.8,42.2,0.188,0,clean_catch,0
47good,1153,19208.865155418167,0.8482,0.4569,0.8392,0.6364,2.9,42.1,0.188,0,clean_catch,0
47good,1154,19225.525055813156,0.8483,0.457,0.8392,0.6366,2.9,42.1,0.189,0,clean_catch,0
47good,1155,19242.18495620814,0.8483,0.457,0.8393,0.6367,2.9,42.1,0.189,0,clean_catch,0
47good,1156,19258.844856603126,0.8483,0.457,0.8394,0.6366,2.9,42.1,0.189,0,clean_catch,0
47good,1157,19275.50475699811,0.8484,0.457,0.8394,0.6365,2.9,42.1,0.188,0,clean_catch,0
47good,1158,19292.164657393096,0.8484,0.457,0.8394,0.6365,2.9,42.1,0.189,0,clean_catch,0
47good,1159,19308.82455778808,0.8484,0.457,0.8393,0.6367,2.9,42.1,0.189,0,clean_catch,0
47good,1160,19325.484458183066,0.8485,0.4571,0.8392,0.637,2.9,42.1,0.189,0,clean_catch,0
47good,1161,19342.14435857805,0.8485,0.4571,0.8392,0.6371,3.0,42.0,0.189,0,clean_catch,0
47good,1162,19358.804258973036,0.8486,0.4571,0.8393,0.637,3.0,42.0,0.189,0,clean_catch,0
47good,1163,19375.464159368024,0.8486,0.4571,0.8393,0.637,3.0,42.0,0.189,0,clean_catch,0
47good,1164,19392.12405976301,0.8486,0.4571,0.8394,0.6368,3.0,42.0,0.189,0,clean_catch,0
47good,1165,19408.783960157994,0.8487,0.4571,0.8394,0.6368,3.0,42.0,0.189,0,clean_catch,0
47good,1166,19425.44386055298,0.8487,0.4571,0.8393,0.6367,3.0,42.0,0.189,0,clean_catch,0
47good,1167,19442.103760947964,0.8487,0.4571,0.8393,0.6368,3.0,42.0,0.189,0,clean_catch,0
47good,1168,19458.76366134295,0.8488,0.4571,0.8392,0.637,3.0,42.0,0.189,0,clean_catch,0
47good,1169,19475.423561737935,0.8488,0.4571,0.8392,0.6372,3.1,41.9,0.19,0,clean_catch,0
47good,1170,19492.08346213292,0.8488,0.4571,0.8392,0.6373,3.1,41.9,0.19,0,clean_catch,0
47good,1171,19508.743362527905,0.8488,0.4571,0.8392,0.6375,3.1,41.9,0.19,0,clean_catch,0
47good,1172,19525.40326292289,0.8488,0.4572,0.8392,0.6376,3.1,41.9,0.19,0,clean_catch,0
47good,1173,19542.06316331788,0.8488,0.4572,0.8392,0.6377,3.1,41.9,0.19,0,clean_catch,0
47good,1174,19558.723063712863,0.8489,0.4572,0.8392,0.6378,3.1,41.9,0.19,0,clean_catch,0
47good,1175,19575.38296410785,0.8489,0.4572,0.8391,0.6378,3.1,41.9,0.19,0,clean_catch,0
47good,1176,19592.042864502833,0.8489,0.4572,0.8391,0.6379,3.1,41.9,0.19,0,clean_catch,0
47good,1177,19608.70276489782,0.849,0.4572,0.8391,0.638,3.1,41.9,0.191,0,clean_catch,0
47good,1178,19625.362665292803,0.849,0.4572,0.8392,0.638,3.1,41.9,0.191,0,clean_catch,0
47good,1179,19642.02256568779,0.849,0.4572,0.8393,0.6381,3.1,41.9,0.191,0,clean_catch,0
47good,1180,19658.682466082773,0.849,0.4573,0.8393,0.6381,3.1,41.9,0.191,0,clean_catch,0
47good,1181,19675.34236647776,0.849,0.4573,0.8393,0.6381,3.1,41.9,0.191,0,clean_catch,0
47good,1182,19692.002266872747,0.849,0.4573,0.8394,0.638,3.1,41.9,0.19,0,clean_catch,0
47good,1183,19708.662167267732,0.8491,0.4573,0.8394,0.6378,3.1,41.9,0.19,0,clean_catch,0
47good,1184,19725.322067662717,0.8491,0.4573,0.8395,0.6376,3.1,41.9,0.19,0,clean_catch,0
47good,1185,19741.981968057702,0.8491,0.4574,0.8396,0.6373,3.0,42.0,0.19,0,clean_catch,0
47good,1186,19758.641868452687,0.8491,0.4574,0.8396,0.6375,3.0,42.0,0.19,0,clean_catch,0
47good,1187,19775.301768847672,0.8491,0.4574,0.8396,0.638,3.0,42.0,0.19,0,clean_catch,0
47good,1188,19791.961669242657,0.8491,0.4574,0.8396,0.6385,3.0,42.0,0.191,0,clean_catch,0
47good,1189,19808.621569637642,0.8492,0.4574,0.8396,0.6389,3.0,42.0,0.191,0,clean_catch,0
47good,1190,19825.281470032627,0.8492,0.4574,0.8398,0.6389,3.0,42.0,0.191,0,clean_catch,0
47good,1191,19841.941370427616,0.8492,0.4574,0.8399,0.6386,3.0,42.0,0.191,0,clean_catch,0
47good,1192,19858.6012708226,0.8493,0.4573,0.8399,0.6384,3.0,42.0,0.19,0,clean_catch,0
47good,1193,19875.261171217586,0.8493,0.4573,0.8399,0.6384,3.0,42.0,0.19,0,clean_catch,0
47good,1194,19891.92107161257,0.8493,0.4573,0.8399,0.6383,3.0,42.0,0.19,0,clean_catch,0
47good,1195,19908.580972007556,0.8493,0.4573,0.8399,0.6383,3.0,42.0,0.19,0,clean_catch,0
47good,1196,19925.24087240254,0.8494,0.4573,0.8399,0.6381,3.0,42.0,0.19,0,clean_catch,0
47good,1197,19941.900772797526,0.8494,0.4573,0.8398,0.638,3.0,42.0,0.19,0,clean_catch,0
47good,1198,19958.56067319251,0.8494,0.4573,0.8398,0.6377,3.1,41.9,0.19,0,clean_catch,0
47good,1199,19975.220573587496,0.8494,0.4573,0.8398,0.6375,3.1,41.9,0.19,0,clean_catch,0
47good,1200,19991.88047398248,0.8494,0.4573,0.8399,0.6372,3.0,42.0,0.189,0,clean_catch,0
47good,1201,20008.54037437747,0.8495,0.4573,0.8401,0.637,3.0,42.0,0.189,0,clean_catch,0
47good,1202,20025.200274772455,0.8495,0.4573,0.8402,0.6368,3.0,42.0,0.189,0,clean_catch,0
47good,1203,20041.86017516744,0.8495,0.4572,0.8402,0.6367,3.0,42.0,0.189,0,clean_catch,0
47good,1204,20058.520075562425,0.8496,0.4572,0.8402,0.6366,3.0,42.0,0.189,0,clean_catch,0
47good,1205,20075.17997595741,0.8496,0.4572,0.8402,0.6365,3.0,42.0,0.189,0,clean_catch,0
47good,1206,20091.839876352395,0.8496,0.4572,0.8403,0.6364,3.0,42.0,0.189,0,clean_catch,0
47good,1207,20108.49977674738,0.8497,0.4571,0.8402,0.6365,3.0,42.0,0.189,0,clean_catch,0
47good,1208,20125.159677142365,0.8497,0.4571,0.8403,0.6364,3.0,42.0,0.189,0,clean_catch,0
47good,1209,20141.81957753735,0.8497,0.4571,0.8404,0.6364,3.0,42.0,0.189,0,clean_catch,0
47good,1210,20158.47947793234,0.8498,0.457,0.8405,0.6366,2.9,42.1,0.189,0,clean_catch,0
47good,1211,20175.139378327323,0.8498,0.457,0.8406,0.6369,2.9,42.1,0.189,0,clean_catch,0
47good,1212,20191.79927872231,0.8498,0.457,0.8407,0.6373,2.9,42.1,0.189,0,clean_catch,0
47good,1213,20208.459179117293,0.8498,0.457,0.8405,0.6377,2.9,42.1,0.19,0,clean_catch,0
47good,1214,20225.11907951228,0.8497,0.457,0.8405,0.6378,2.9,42.1,0.19,0,clean_catch,0
47good,1215,20241.778979907263,0.8497,0.457,0.8405,0.638,2.9,42.1,0.19,0,clean_catch,0
47good,1216,20258.43888030225,0.8497,0.457,0.8404,0.6382,3.0,42.0,0.191,0,clean_catch,0
47good,1217,20275.098780697233,0.8498,0.457,0.8404,0.6387,3.0,42.0,0.191,0,clean_catch,0
47good,1218,20291.75868109222,0.8498,0.457,0.8403,0.6394,3.0,42.0,0.192,0,clean_catch,0
47good,1219,20308.418581487203,0.8498,0.457,0.8402,0.6401,3.0,42.0,0.193,0,clean_catch,0
47good,1220,20325.078481882192,0.8499,0.457,0.8401,0.6405,3.0,42.0,0.193,0,clean_catch,0
47good,1221,20341.738382277177,0.8499,0.457,0.8401,0.6408,3.1,41.9,0.194,0,clean_catch,0
47good,1222,20358.398282672162,0.85,0.457,0.84,0.6408,3.1,41.9,0.194,0,clean_catch,0
47good,1223,20375.058183067147,0.85,0.457,0.84,0.641,3.1,41.9,0.194,0,clean_catch,0
47good,1224,20391.718083462132,0.85,0.457,0.84,0.6415,3.1,41.9,0.194,0,clean_catch,0
47good,1225,20408.377983857117,0.85,0.457,0.84,0.6419,3.1,41.9,0.195,0,clean_catch,0
47good,1226,20425.037884252102,0.85,0.4569,0.8401,0.6419,3.1,41.9,0.195,0,clean_catch,0
47good,1227,20441.697784647087,0.85,0.4568,0.8402,0.6416,3.0,42.0,0.195,0,clean_catch,0
47good,1228,20458.357685042072,0.85,0.4567,0.8403,0.6411,3.0,42.0,0.194,0,clean_catch,0
47good,1229,20475.01758543706,0.85,0.4566,0.8403,0.6407,3.0,42.0,0.194,0,clean_catch,0
47good,1230,20491.677485832046,0.85,0.4566,0.8403,0.6405,3.0,42.0,0.194,0,clean_catch,0
47good,1231,20508.33738622703,0.85,0.4565,0.8403,0.6406,3.0,42.0,0.194,0,clean_catch,0
47good,1232,20524.997286622016,0.85,0.4565,0.8403,0.6409,3.0,42.0,0.194,0,clean_catch,0
47good,1233,20541.657187017,0.85,0.4565,0.8402,0.6413,3.0,42.0,0.195,0,clean_catch,0
47good,1234,20558.317087411986,0.85,0.4565,0.8402,0.6417,3.0,42.0,0.195,0,clean_catch,0
47good,1235,20574.97698780697,0.85,0.4566,0.8403,0.642,3.0,42.0,0.195,0,clean_catch,0
47good,1236,20591.636888201956,0.85,0.4566,0.8403,0.6422,3.0,42.0,0.195,0,clean_catch,0
47good,1237,20608.29678859694,0.85,0.4566,0.8404,0.6423,3.0,42.0,0.195,0,clean_catch,0
47good,1238,20624.95668899193,0.85,0.4566,0.8404,0.6423,3.0,42.0,0.195,0,clean_catch,0
47good,1239,20641.616589386915,0.85,0.4567,0.8404,0.6424,3.0,42.0,0.195,0,clean_catch,0
47good,1240,20658.2764897819,0.85,0.4567,0.8405,0.6423,3.0,42.0,0.195,0,clean_catch,0
47good,1241,20674.936390176885,0.8501,0.4568,0.8405,0.6423,3.0,42.0,0.195,0,clean_catch,0
47good,1242,20691.59629057187,0.8501,0.4569,0.8405,0.6422,3.0,42.0,0.195,0,clean_catch,0
47good,1243,20708.256190966855,0.8502,0.4569,0.8406,0.6422,3.0,42.0,0.195,0,clean_catch,0
47good,1244,20724.91609136184,0.8502,0.457,0.8405,0.6423,3.0,42.0,0.195,0,clean_catch,0
47good,1245,20741.575991756825,0.8503,0.457,0.8405,0.6424,3.0,42.0,0.195,0,clean_catch,0
47good,1246,20758.23589215181,0.8503,0.457,0.8404,0.6425,3.1,41.9,0.195,0,clean_catch,0
47good,1247,20774.895792546795,0.8504,0.4571,0.8404,0.6424,3.1,41.9,0.195,0,clean_catch,0
47good,1248,20791.555692941783,0.8504,0.4572,0.8404,0.6422,3.1,41.9,0.195,0,clean_catch,0
47good,1249,20808.21559333677,0.8505,0.4572,0.8404,0.642,3.1,41.9,0.195,0,clean_catch,0
47good,1250,20824.875493731754,0.8507,0.4573,0.8404,0.6419,3.2,41.8,0.195,0,clean_catch,0
47good,1251,20841.53539412674,0.8508,0.4573,0.8404,0.6419,3.2,41.8,0.195,0,clean_catch,0
47good,1252,20858.195294521724,0.8509,0.4573,0.8404,0.6419,3.3,41.7,0.195,0,clean_catch,0
47good,1253,20874.85519491671,0.851,0.4574,0.8404,0.6419,3.3,41.7,0.195,0,clean_catch,0
47good,1254,20891.515095311694,0.8511,0.4574,0.8404,0.6418,3.3,41.7,0.195,0,clean_catch,0
47good,1255,20908.17499570668,0.8513,0.4574,0.8404,0.6418,3.4,41.6,0.195,0,clean_catch,0
47good,1256,20924.834896101664,0.8515,0.4575,0.8404,0.6417,3.5,41.5,0.195,0,clean_catch,0
47good,1257,20941.494796496652,0.8517,0.4575,0.8403,0.6416,3.6,41.4,0.196,0,clean_catch,0
47good,1258,20958.154696891637,0.8519,0.4576,0.8402,0.6416,3.7,41.3,0.196,0,clean_catch,0
47good,1259,20974.814597286622,0.8522,0.4576,0.8402,0.6415,3.8,41.2,0.196,0,clean_catch,0
47good,1260,20991.474497681607,0.8524,0.4576,0.8401,0.6415,3.8,41.2,0.196,0,clean_catch,0
47good,1261,21008.134398076592,0.8526,0.4577,0.8401,0.6415,3.9,41.1,0.196,0,clean_catch,0
47good,1262,21024.794298471577,0.8528,0.4578,0.8401,0.6415,4.0,41.0,0.196,0,clean_catch,0
47good,1263,21041.454198866562,0.8529,0.4578,0.8401,0.6413,4.0,41.0,0.196,0,clean_catch,0
47good,1264,21058.114099261547,0.8531,0.4579,0.84,0.6412,4.1,40.9,0.196,0,clean_catch,0
47good,1265,21074.773999656532,0.8532,0.4579,0.84,0.6409,4.1,40.9,0.196,0,clean_catch,0
47good,1266,21091.433900051517,0.8532,0.458,0.8399,0.6408,4.2,40.8,0.196,0,clean_catch,0
47good,1267,21108.093800446506,0.8532,0.458,0.8398,0.6408,4.2,40.8,0.196,0,clean_catch,0
47good,1268,21124.75370084149,0.8533,0.4581,0.8398,0.6408,4.3,40.7,0.196,0,clean_catch,0
47good,1269,21141.413601236476,0.8535,0.4581,0.8397,0.6408,4.3,40.7,0.197,0,clean_catch,0
47good,1270,21158.07350163146,0.8536,0.4581,0.8396,0.6409,4.4,40.6,0.197,0,clean_catch,0
47good,1271,21174.733402026446,0.8537,0.458,0.8397,0.6408,4.4,40.6,0.197,0,clean_catch,0
47good,1272,21191.39330242143,0.8538,0.4581,0.8397,0.6406,4.4,40.6,0.197,0,clean_catch,0
47good,1273,21208.053202816416,0.8539,0.4581,0.8397,0.6403,4.4,40.6,0.196,0,clean_catch,0
47good,1274,21224.7131032114,0.854,0.4582,0.8398,0.6399,4.5,40.5,0.196,0,clean_catch,0
47good,1275,21241.373003606386,0.854,0.4582,0.8398,0.6396,4.5,40.5,0.196,0,clean_catch,0
47good,1276,21258.032904001375,0.8541,0.4583,0.8399,0.6393,4.5,40.5,0.195,0,clean_catch,0
47good,1277,21274.69280439636,0.8542,0.4583,0.8399,0.6392,4.5,40.5,0.195,0,clean_catch,0
47good,1278,21291.352704791345,0.8542,0.4583,0.84,0.639,4.5,40.5,0.195,0,clean_catch,0
47good,1279,21308.01260518633,0.8542,0.4583,0.84,0.6389,4.5,40.5,0.195,0,clean_catch,0
47good,1280,21324.672505581315,0.8542,0.4582,0.8401,0.6389,4.5,40.5,0.195,0,clean_catch,0
47good,1281,21341.3324059763,0.8543,0.4582,0.8401,0.6389,4.5,40.5,0.195,0,clean_catch,0
47good,1282,21357.992306371285,0.8543,0.4582,0.8401,0.6389,4.5,40.5,0.195,0,clean_catch,0
47good,1283,21374.65220676627,0.8543,0.4582,0.8402,0.6389,4.5,40.5,0.195,0,clean_catch,0
47good,1284,21391.312107161255,0.8543,0.4582,0.8402,0.6389,4.5,40.5,0.195,0,clean_catch,0
47good,1285,21407.972007556244,0.8543,0.4582,0.8402,0.6388,4.5,40.5,0.195,0,clean_catch,0
47good,1286,21424.63190795123,0.8543,0.4582,0.8403,0.6388,4.5,40.5,0.195,0,clean_catch,0
47good,1287,21441.291808346214,0.8543,0.4582,0.8403,0.6389,4.4,40.6,0.195,0,clean_catch,0
47good,1288,21457.9517087412,0.8544,0.4582,0.8403,0.6391,4.4,40.6,0.195,0,clean_catch,0
47good,1289,21474.611609136184,0.8544,0.4582,0.8403,0.6392,4.5,40.5,0.195,0,clean_catch,0
47good,1290,21491.27150953117,0.8544,0.4582,0.8403,0.6393,4.4,40.6,0.195,0,clean_catch,0
47good,1291,21507.931409926154,0.8544,0.4582,0.8404,0.6395,4.4,40.6,0.195,0,clean_catch,0
47good,1292,21524.59131032114,0.8544,0.4583,0.8404,0.6397,4.4,40.6,0.195,0,clean_catch,0
47good,1293,21541.251210716124,0.8544,0.4583,0.8404,0.6399,4.4,40.6,0.196,0,clean_catch,0
